[ 1, 0, 0, 0, 1, 0, 0, 0, 31 ]
[ 1, 0, 0, 0, 1, 1, 0, 0, 31 ]
[ 1, 0, 0, 0, 31, 0, 0, 1, 1 ]
[ 1, 0, 0, 0, 31, 0, 0, -15, 1 ]
[ 1, 0, 0, 0, 1, 2, 0, 0, 31 ]
[ -1, 0, 0, 0, -15, 1, 0, 1, 2 ]
[ 1, 0, 0, 0, 31, 0, 0, -10, 1 ]
[ 1, 0, 0, 0, 1, 3, 0, 0, 31 ]
[ -1, 0, 0, 0, -10, 1, 0, 1, 3 ]
[ 1, 0, 0, 0, 31, 0, 0, 8, 1 ]
[ 1, 0, 0, 0, 1, 4, 0, 0, 31 ]
[ 1, 0, 0, 0, 8, 1, 0, 1, 4 ]
[ 1, 0, 0, 0, 31, 0, 0, -6, 1 ]
[ 1, 0, 0, 0, 1, 5, 0, 0, 31 ]
[ -1, 0, 0, 0, -6, 1, 0, 1, 5 ]
[ 1, 0, 0, 0, 31, 0, 0, -5, 1 ]
[ 1, 0, 0, 0, 1, 6, 0, 0, 31 ]
[ -1, 0, 0, 0, -5, 1, 0, 1, 6 ]
[ 1, 0, 0, 0, 31, 0, 0, 9, 1 ]
[ 1, 0, 0, 0, 9, 1, 0, -4, 3 ]
[ 1, 0, 0, 0, 1, 7, 0, 0, 31 ]
[ -1, 0, 0, 0, -4, 3, 0, 1, 7 ]
[ 1, 0, 0, 0, 31, 0, 0, 4, 1 ]
[ 1, 0, 0, 0, 1, 8, 0, 0, 31 ]
[ 1, 0, 0, 0, 4, 1, 0, 1, 8 ]
[ 1, 0, 0, 0, 31, 0, 0, 7, 1 ]
[ 1, 0, 0, 0, 7, 1, 0, -3, 4 ]
[ 1, 0, 0, 0, 1, 9, 0, 0, 31 ]
[ -1, 0, 0, 0, -3, 4, 0, 1, 9 ]
[ 1, 0, 0, 0, 31, 0, 0, -3, 1 ]
[ 1, 0, 0, 0, 1, 10, 0, 0, 31 ]
[ -1, 0, 0, 0, -3, 1, 0, 1, 10 ]
[ 1, 0, 0, 0, 31, 0, 0, -14, 1 ]
[ -1, 0, 0, 0, -14, 1, 0, 3, 2 ]
[ 1, 0, 0, 0, 1, 11, 0, 0, 31 ]
[ 1, 0, 0, 0, 3, 2, 0, 1, 11 ]
[ 1, 0, 0, 0, 31, 0, 0, 13, 1 ]
[ 1, 0, 0, 0, 13, 1, 0, -5, 2 ]
[ -1, 0, 0, 0, -5, 2, 0, -2, 7 ]
[ -1, 0, 0, 0, -1, 19, 0, 0, 31 ]
[ -1, 0, 0, 0, -2, 7, 0, -1, 19 ]
[ 1, 0, 0, 0, 31, 0, 0, 12, 1 ]
[ 1, 0, 0, 0, 12, 1, 0, 5, 3 ]
[ 1, 0, 0, 0, 5, 3, 0, -2, 5 ]
[ -1, 0, 0, 0, -1, 18, 0, 0, 31 ]
[ -1, 0, 0, 0, -2, 5, 0, -1, 18 ]
[ 1, 0, 0, 0, 31, 0, 0, -11, 1 ]
[ -1, 0, 0, 0, -11, 1, 0, -2, 3 ]
[ -1, 0, 0, 0, -1, 17, 0, 0, 31 ]
[ -1, 0, 0, 0, -2, 3, 0, -1, 17 ]
[ 1, 0, 0, 0, 31, 0, 0, -2, 1 ]
[ -1, 0, 0, 0, -1, 16, 0, 0, 31 ]
[ -1, 0, 0, 0, -2, 1, 0, -1, 16 ]
[ 1, 0, 0, 0, 31, 0, 0, 2, 1 ]
[ 1, 0, 0, 0, 1, 16, 0, 0, 31 ]
[ 1, 0, 0, 0, 2, 1, 0, 1, 16 ]
[ 1, 0, 0, 0, 31, 0, 0, 11, 1 ]
[ 1, 0, 0, 0, 11, 1, 0, 2, 3 ]
[ 1, 0, 0, 0, 1, 17, 0, 0, 31 ]
[ 1, 0, 0, 0, 2, 3, 0, 1, 17 ]
[ 1, 0, 0, 0, 31, 0, 0, -12, 1 ]
[ -1, 0, 0, 0, -12, 1, 0, -5, 3 ]
[ -1, 0, 0, 0, -5, 3, 0, 2, 5 ]
[ 1, 0, 0, 0, 1, 18, 0, 0, 31 ]
[ 1, 0, 0, 0, 2, 5, 0, 1, 18 ]
[ 1, 0, 0, 0, 31, 0, 0, -13, 1 ]
[ -1, 0, 0, 0, -13, 1, 0, 5, 2 ]
[ 1, 0, 0, 0, 5, 2, 0, 2, 7 ]
[ 1, 0, 0, 0, 1, 19, 0, 0, 31 ]
[ 1, 0, 0, 0, 2, 7, 0, 1, 19 ]
[ 1, 0, 0, 0, 31, 0, 0, 14, 1 ]
[ 1, 0, 0, 0, 14, 1, 0, -3, 2 ]
[ -1, 0, 0, 0, -1, 11, 0, 0, 31 ]
[ -1, 0, 0, 0, -3, 2, 0, -1, 11 ]
[ 1, 0, 0, 0, 31, 0, 0, 3, 1 ]
[ -1, 0, 0, 0, -1, 10, 0, 0, 31 ]
[ 1, 0, 0, 0, 3, 1, 0, -1, 10 ]
[ 1, 0, 0, 0, 31, 0, 0, -7, 1 ]
[ -1, 0, 0, 0, -7, 1, 0, 3, 4 ]
[ -1, 0, 0, 0, -1, 9, 0, 0, 31 ]
[ 1, 0, 0, 0, 3, 4, 0, -1, 9 ]
[ 1, 0, 0, 0, 31, 0, 0, -4, 1 ]
[ -1, 0, 0, 0, -1, 8, 0, 0, 31 ]
[ -1, 0, 0, 0, -4, 1, 0, -1, 8 ]
[ 1, 0, 0, 0, 31, 0, 0, -9, 1 ]
[ -1, 0, 0, 0, -9, 1, 0, 4, 3 ]
[ -1, 0, 0, 0, -1, 7, 0, 0, 31 ]
[ 1, 0, 0, 0, 4, 3, 0, -1, 7 ]
[ 1, 0, 0, 0, 31, 0, 0, 5, 1 ]
[ -1, 0, 0, 0, -1, 6, 0, 0, 31 ]
[ 1, 0, 0, 0, 5, 1, 0, -1, 6 ]
[ 1, 0, 0, 0, 31, 0, 0, 6, 1 ]
[ -1, 0, 0, 0, -1, 5, 0, 0, 31 ]
[ 1, 0, 0, 0, 6, 1, 0, -1, 5 ]
[ 1, 0, 0, 0, 31, 0, 0, -8, 1 ]
[ -1, 0, 0, 0, -1, 4, 0, 0, 31 ]
[ -1, 0, 0, 0, -8, 1, 0, -1, 4 ]
[ 1, 0, 0, 0, 31, 0, 0, 10, 1 ]
[ -1, 0, 0, 0, -1, 3, 0, 0, 31 ]
[ 1, 0, 0, 0, 10, 1, 0, -1, 3 ]
[ 1, 0, 0, 0, 31, 0, 0, 15, 1 ]
[ -1, 0, 0, 0, -1, 2, 0, 0, 31 ]
[ 1, 0, 0, 0, 15, 1, 0, -1, 2 ]
[ -1, 0, 0, 0, -1, 1, 0, 0, 31 ]
[ 1, 0, 0, 0, 31, 0, 0, -1, 1 ]
[ 1, 0, 1, 0, 1, 0, 0, 0, 31 ]
[ 31, 0, 0, 0, 1, 0, 1, 0, 1 ]
[ 1, -1, 0, 0, 1, 1, 0, 0, 31 ]
[ 1, -1, 0, 0, 31, 0, 0, 1, 1 ]
[ 1, 0, 1, -1, 1, 0, 0, 0, 31 ]
[ 31, 0, 0, -1, 1, 0, 1, 0, 1 ]
[ 1, 0, 1, -2, 1, 0, 0, 0, 31 ]
[ 31, 0, 0, -2, 1, 0, 1, 0, 1 ]
[ 1, -16, 0, 0, 31, 0, 0, -15, 1 ]
[ 2, -1, 0, -1, 1, 1, 0, 0, 31 ]
[ 2, -1, 0, -1, 16, 0, -1, 1, 1 ]
[ 1, -16, 0, 0, 1, 2, 0, 0, 31 ]
[ -1, 16, 0, 0, -15, 1, 0, 1, 2 ]
[ 0, 1, 2, -1, 16, 0, 0, 0, 31 ]
[ 1, -1, -1, 0, 1, 2, 0, 0, 31 ]
[ 1, -1, -1, -1, 16, 0, 0, 1, 2 ]
[ 1, 0, 1, -3, 1, 0, 0, 0, 31 ]
[ 31, 0, 0, -3, 1, 0, 1, 0, 1 ]
[ 1, 10, 0, 0, 31, 0, 0, -10, 1 ]
[ 3, -1, 0, 1, 0, 1, 0, 0, 31 ]
[ 3, -1, 0, 1, 10, 0, 1, 0, 1 ]
[ 1, 10, 0, 0, 1, 3, 0, 0, 31 ]
[ -1, -10, 0, 0, -10, 1, 0, 1, 3 ]
[ 0, -1, -3, 1, 10, 0, 0, 0, 31 ]
[ 1, 0, 1, 0, 1, 3, 0, 0, 31 ]
[ 1, 0, 1, 1, 10, 0, 0, 1, 3 ]
[ 1, 0, 1, -4, 1, 0, 0, 0, 31 ]
[ 31, 0, 0, -4, 1, 0, 1, 0, 1 ]
[ 1, -8, 0, 0, 31, 0, 0, 8, 1 ]
[ 4, -1, 0, 1, 0, 1, 0, 0, 31 ]
[ 4, -1, 0, -1, 8, 0, 1, 0, 1 ]
[ 1, -8, 0, 0, 1, 4, 0, 0, 31 ]
[ 1, -8, 0, 0, 8, 1, 0, 1, 4 ]
[ 0, 1, 4, -1, 8, 0, 0, 0, 31 ]
[ 1, 0, 1, 0, 1, 4, 0, 0, 31 ]
[ 1, 0, 1, -1, 8, 0, 0, 1, 4 ]
[ 1, 0, 1, -5, 1, 0, 0, 0, 31 ]
[ 31, 0, 0, -5, 1, 0, 1, 0, 1 ]
[ 1, 6, 0, 0, 31, 0, 0, -6, 1 ]
[ 5, -1, 0, 1, 0, 1, 0, 0, 31 ]
[ 5, -1, 0, 1, 6, 0, 1, 0, 1 ]
[ 1, 6, 0, 0, 1, 5, 0, 0, 31 ]
[ -1, -6, 0, 0, -6, 1, 0, 1, 5 ]
[ 0, -1, -5, 1, 6, 0, 0, 0, 31 ]
[ 1, 0, 1, 0, 1, 5, 0, 0, 31 ]
[ 1, 0, 1, 1, 6, 0, 0, 1, 5 ]
[ 1, 0, 1, -6, 1, 0, 0, 0, 31 ]
[ 31, 0, 0, -6, 1, 0, 1, 0, 1 ]
[ 1, 5, 0, 0, 31, 0, 0, -5, 1 ]
[ 6, -1, 0, 1, 0, 1, 0, 0, 31 ]
[ 6, -1, 0, 1, 5, 0, 1, 0, 1 ]
[ 1, 5, 0, 0, 1, 6, 0, 0, 31 ]
[ -1, -5, 0, 0, -5, 1, 0, 1, 6 ]
[ 0, -1, -6, 1, 5, 0, 0, 0, 31 ]
[ 1, 0, 1, 0, 1, 6, 0, 0, 31 ]
[ 1, 0, 1, 1, 5, 0, 0, 1, 6 ]
[ 1, 0, 1, -7, 1, 0, 0, 0, 31 ]
[ 31, 0, 0, -7, 1, 0, 1, 0, 1 ]
[ 7, -1, 0, 1, 0, 1, 0, 0, 31 ]
[ 7, -1, 0, 3, 4, 0, 1, 0, 1 ]
[ 1, -9, 0, 0, 31, 0, 0, 9, 1 ]
[ 3, 4, 0, -1, 9, 0, 1, 0, 1 ]
[ 1, 1, 8, 3, 4, 0, 0, 0, 31 ]
[ 1, 0, 1, 1, 1, 8, 0, 0, 31 ]
[ 1, 0, 1, 3, 4, 0, 1, 1, 8 ]
[ 1, -9, 0, 0, 9, 1, 0, -4, 3 ]
[ 1, 0, 1, -1, 9, 0, 0, -4, 3 ]
[ -1, -1, -8, 1, 0, 1, 0, 0, 31 ]
[ -3, -4, 0, 1, 1, 8, 0, 0, 31 ]
[ -3, -4, 0, 1, 0, 1, 1, 1, 8 ]
[ 1, -9, 0, 0, 1, 7, 0, 0, 31 ]
[ -1, 9, 0, 0, -4, 3, 0, 1, 7 ]
[ 0, 1, 7, -1, 9, 0, 0, 0, 31 ]
[ 0, 4, -3, -1, 9, 0, 0, 1, 7 ]
[ 1, 0, 1, 0, 1, 7, 0, 0, 31 ]
[ -1, 0, -1, 0, -4, 3, 0, 1, 7 ]
[ 1, 0, 1, -8, 1, 0, 0, 0, 31 ]
[ 31, 0, 0, -8, 1, 0, 1, 0, 1 ]
[ 1, -4, 0, 0, 31, 0, 0, 4, 1 ]
[ 8, -1, 0, 1, 0, 1, 0, 0, 31 ]
[ 8, -1, 0, -1, 4, 0, 1, 0, 1 ]
[ 1, -4, 0, 0, 1, 8, 0, 0, 31 ]
[ 1, -4, 0, 0, 4, 1, 0, 1, 8 ]
[ 0, 1, 8, -1, 4, 0, 0, 0, 31 ]
[ 1, 0, 1, 0, 1, 8, 0, 0, 31 ]
[ 1, 0, 1, -1, 4, 0, 0, 1, 8 ]
[ 1, 0, 1, -9, 1, 0, 0, 0, 31 ]
[ 31, 0, 0, -9, 1, 0, 1, 0, 1 ]
[ 9, -1, 0, 1, 0, 1, 0, 0, 31 ]
[ 9, -1, 0, 4, 3, 0, 1, 0, 1 ]
[ 1, -7, 0, 0, 31, 0, 0, 7, 1 ]
[ 4, 3, 0, -1, 7, 0, 1, 0, 1 ]
[ -1, -1, -10, 4, 3, 0, 0, 0, 31 ]
[ 1, 0, 1, 1, 1, 10, 0, 0, 31 ]
[ 1, 0, 1, 4, 3, 0, 1, 1, 10 ]
[ 1, -7, 0, 0, 7, 1, 0, -3, 4 ]
[ 1, 0, 1, -1, 7, 0, 0, -3, 4 ]
[ -1, -1, -10, 1, 0, 1, 0, 0, 31 ]
[ 4, 3, 0, 1, 1, 10, 0, 0, 31 ]
[ -4, -3, 0, 1, 0, 1, 1, 1, 10 ]
[ 1, -7, 0, 0, 1, 9, 0, 0, 31 ]
[ -1, 7, 0, 0, -3, 4, 0, 1, 9 ]
[ 0, 1, 9, -1, 7, 0, 0, 0, 31 ]
[ 0, 3, -4, -1, 7, 0, 0, 1, 9 ]
[ 1, 0, 1, 0, 1, 9, 0, 0, 31 ]
[ -1, 0, -1, 0, -3, 4, 0, 1, 9 ]
[ 1, 0, 1, -10, 1, 0, 0, 0, 31 ]
[ 31, 0, 0, -10, 1, 0, 1, 0, 1 ]
[ 1, 3, 0, 0, 31, 0, 0, -3, 1 ]
[ 10, -1, 0, 1, 0, 1, 0, 0, 31 ]
[ 10, -1, 0, 1, 3, 0, 1, 0, 1 ]
[ 1, 3, 0, 0, 1, 10, 0, 0, 31 ]
[ -1, -3, 0, 0, -3, 1, 0, 1, 10 ]
[ 0, -1, -10, 1, 3, 0, 0, 0, 31 ]
[ 1, 0, 1, 0, 1, 10, 0, 0, 31 ]
[ 1, 0, 1, 1, 3, 0, 0, 1, 10 ]
[ 1, 0, 1, -11, 1, 0, 0, 0, 31 ]
[ 31, 0, 0, -11, 1, 0, 1, 0, 1 ]
[ 11, -1, 0, 1, 0, 1, 0, 0, 31 ]
[ 11, -1, 0, -2, 3, 0, 1, 0, 1 ]
[ 1, -17, 0, 0, 31, 0, 0, -14, 1 ]
[ 2, -3, 0, -1, 17, 0, -1, 3, 1 ]
[ 1, -1, -10, -2, 3, 0, 0, 0, 31 ]
[ 1, 0, 1, -1, 1, 10, 0, 0, 31 ]
[ 1, 0, 1, -2, 3, 0, -1, 1, 10 ]
[ -1, 17, 0, 0, -14, 1, 0, 3, 2 ]
[ 1, -3, -1, -1, 17, 0, 0, 3, 2 ]
[ 1, -2, 10, -1, 3, 1, 0, 0, 31 ]
[ -2, 3, 0, 1, -2, 10, 0, 0, 31 ]
[ 2, -3, 0, -1, 3, 1, 1, -2, 10 ]
[ 1, -17, 0, 0, 1, 11, 0, 0, 31 ]
[ 1, -17, 0, 0, 3, 2, 0, 1, 11 ]
[ 0, 1, 11, -1, 17, 0, 0, 0, 31 ]
[ 0, 3, 2, -1, 17, 0, 0, 1, 11 ]
[ 1, -3, -1, 0, 1, 11, 0, 0, 31 ]
[ 1, -3, -1, 0, 3, 2, 0, 1, 11 ]
[ 1, 0, 1, -12, 1, 0, 0, 0, 31 ]
[ 31, 0, 0, -12, 1, 0, 1, 0, 1 ]
[ 12, -1, 0, 1, 0, 1, 0, 0, 31 ]
[ 12, -1, 0, -5, 3, 0, 1, 0, 1 ]
[ 5, -3, 0, 2, 5, 0, 1, 0, 1 ]
[ 2, -1, -10, -5, 3, 0, 0, 0, 31 ]
[ 1, 0, 1, -2, 1, 10, 0, 0, 31 ]
[ 1, 0, 1, -5, 3, 0, -2, 1, 10 ]
[ 1, 18, 0, 0, 31, 0, 0, 13, 1 ]
[ 2, 5, 0, 1, 18, 0, -1, -5, 1 ]
[ 1, 2, -6, 2, 5, 0, 0, 0, 31 ]
[ 1, 0, 1, 2, 5, 0, -1, -2, 6 ]
[ 2, -1, -10, 1, 0, 1, 0, 0, 31 ]
[ -5, 3, 0, -2, 1, 10, 0, 0, 31 ]
[ 5, -3, 0, 1, 0, 1, -2, 1, 10 ]
[ 1, 18, 0, 0, 13, 1, 0, -5, 2 ]
[ 1, 5, -1, 1, 18, 0, 0, -5, 2 ]
[ 2, 5, 0, 1, 3, 6, 0, 0, 31 ]
[ -2, -5, 0, -1, -5, 1, 1, 3, 6 ]
[ 0, 1, -19, -1, -2, 6, 0, 0, 31 ]
[ -1, 0, -1, 0, -1, 19, 0, 0, 31 ]
[ -1, 0, -1, -1, -2, 6, 0, -1, 19 ]
[ -1, -18, 0, 0, -5, 2, 0, -2, 7 ]
[ 0, -5, 2, 1, 18, 0, 0, -2, 7 ]
[ -1, -5, 1, 0, -5, 2, 0, -2, 7 ]
[ 0, 1, -19, -1, -5, 1, 0, 0, 31 ]
[ -1, -3, -6, 0, -1, 19, 0, 0, 31 ]
[ -1, -3, -6, -1, -5, 1, 0, -1, 19 ]
[ -1, -18, 0, 0, -1, 19, 0, 0, 31 ]
[ -1, -18, 0, 0, -2, 7, 0, -1, 19 ]
[ 0, -1, 19, 1, 18, 0, 0, 0, 31 ]
[ 0, -2, 7, 1, 18, 0, 0, -1, 19 ]
[ -1, -5, 1, 0, -1, 19, 0, 0, 31 ]
[ -1, -5, 1, 0, -2, 7, 0, -1, 19 ]
[ 1, 0, 1, -13, 1, 0, 0, 0, 31 ]
[ 31, 0, 0, -13, 1, 0, 1, 0, 1 ]
[ 13, -1, 0, 1, 0, 1, 0, 0, 31 ]
[ 13, -1, 0, 5, 2, 0, 1, 0, 1 ]
[ 5, 2, 0, 2, 7, 0, 1, 0, 1 ]
[ 3, 1, 16, 5, 2, 0, 0, 0, 31 ]
[ 1, 0, 1, 3, 1, 16, 0, 0, 31 ]
[ 1, 0, 1, 5, 2, 0, 3, 1, 16 ]
[ 1, 19, 0, 0, 31, 0, 0, 12, 1 ]
[ 2, 7, 0, 1, 19, 0, -1, -7, 1 ]
[ 1, 0, 1, 2, 7, 0, -1, -2, 4 ]
[ -3, -1, -16, 1, 0, 1, 0, 0, 31 ]
[ -5, -2, 0, 3, 1, 16, 0, 0, 31 ]
[ -5, -2, 0, 1, 0, 1, 3, 1, 16 ]
[ 1, 19, 0, 0, 12, 1, 0, 5, 3 ]
[ 1, 7, -1, 1, 19, 0, 0, 5, 3 ]
[ -2, -7, 0, -1, -7, 1, 1, 5, 4 ]
[ 1, 3, 9, 2, 7, 0, 0, 0, 31 ]
[ 1, 2, -4, 1, 3, 9, 0, 0, 31 ]
[ 1, 2, -4, 2, 7, 0, 1, 3, 9 ]
[ 0, 1, -18, -1, -2, 4, 0, 0, 31 ]
[ -1, 0, -1, 0, -1, 18, 0, 0, 31 ]
[ -1, 0, -1, -1, -2, 4, 0, -1, 18 ]
[ 1, 19, 0, 0, 5, 3, 0, -2, 5 ]
[ 0, -5, -3, 1, 19, 0, 0, -2, 5 ]
[ 1, 7, -1, 0, 5, 3, 0, -2, 5 ]
[ 0, 1, -18, -1, -7, 1, 0, 0, 31 ]
[ -1, -5, -4, 0, -1, 18, 0, 0, 31 ]
[ -1, -5, -4, -1, -7, 1, 0, -1, 18 ]
[ 1, 4, -9, 1, 5, 4, 0, 0, 31 ]
[ -2, -7, 0, -1, -4, 9, 0, 0, 31 ]
[ 2, 7, 0, 1, 5, 4, -1, -4, 9 ]
[ -1, -19, 0, 0, -1, 18, 0, 0, 31 ]
[ -1, -19, 0, 0, -2, 5, 0, -1, 18 ]
[ 0, -1, 18, 1, 19, 0, 0, 0, 31 ]
[ 0, -2, 5, 1, 19, 0, 0, -1, 18 ]
[ -1, -7, 1, 0, -1, 18, 0, 0, 31 ]
[ -1, -7, 1, 0, -2, 5, 0, -1, 18 ]
[ 1, 0, 1, -14, 1, 0, 0, 0, 31 ]
[ 31, 0, 0, -14, 1, 0, 1, 0, 1 ]
[ 14, -1, 0, 1, 0, 1, 0, 0, 31 ]
[ 14, -1, 0, 3, 2, 0, 1, 0, 1 ]
[ 1, 11, 0, 0, 31, 0, 0, -11, 1 ]
[ 3, 2, 0, 1, 11, 0, 1, 0, 1 ]
[ 2, 1, 16, 3, 2, 0, 0, 0, 31 ]
[ 1, 0, 1, 2, 1, 16, 0, 0, 31 ]
[ 1, 0, 1, 3, 2, 0, 2, 1, 16 ]
[ -1, -11, 0, 0, -11, 1, 0, -2, 3 ]
[ 1, 0, 1, 1, 11, 0, 0, -2, 3 ]
[ -2, -1, -16, 1, 0, 1, 0, 0, 31 ]
[ -3, -2, 0, 2, 1, 16, 0, 0, 31 ]
[ -3, -2, 0, 1, 0, 1, 2, 1, 16 ]
[ -1, -11, 0, 0, -1, 17, 0, 0, 31 ]
[ -1, -11, 0, 0, -2, 3, 0, -1, 17 ]
[ 0, -1, 17, 1, 11, 0, 0, 0, 31 ]
[ 0, -2, 3, 1, 11, 0, 0, -1, 17 ]
[ -1, 0, -1, 0, -1, 17, 0, 0, 31 ]
[ -1, 0, -1, 0, -2, 3, 0, -1, 17 ]
[ 1, 0, 1, -15, 1, 0, 0, 0, 31 ]
[ 31, 0, 0, -15, 1, 0, 1, 0, 1 ]
[ 1, 2, 0, 0, 31, 0, 0, -2, 1 ]
[ 15, -1, 0, 1, 0, 1, 0, 0, 31 ]
[ 15, -1, 0, 1, 2, 0, 1, 0, 1 ]
[ -1, -2, 0, 0, -1, 16, 0, 0, 31 ]
[ -1, -2, 0, 0, -2, 1, 0, -1, 16 ]
[ 1, 1, 16, 1, 2, 0, 0, 0, 31 ]
[ 1, 0, 1, 1, 1, 16, 0, 0, 31 ]
[ 1, 0, 1, 1, 2, 0, 1, 1, 16 ]
[ 1, 0, 1, 15, 1, 0, 0, 0, 31 ]
[ 31, 0, 0, 15, 1, 0, 1, 0, 1 ]
[ 1, -2, 0, 0, 31, 0, 0, 2, 1 ]
[ -15, -1, 0, 1, 0, 1, 0, 0, 31 ]
[ 15, 1, 0, -1, 2, 0, 1, 0, 1 ]
[ 1, -2, 0, 0, 1, 16, 0, 0, 31 ]
[ 1, -2, 0, 0, 2, 1, 0, 1, 16 ]
[ 0, 1, 16, -1, 2, 0, 0, 0, 31 ]
[ 1, 0, 1, 0, 1, 16, 0, 0, 31 ]
[ 1, 0, 1, -1, 2, 0, 0, 1, 16 ]
[ 1, 0, 1, 14, 1, 0, 0, 0, 31 ]
[ 31, 0, 0, 14, 1, 0, 1, 0, 1 ]
[ -14, -1, 0, 1, 0, 1, 0, 0, 31 ]
[ 14, 1, 0, -3, 2, 0, 1, 0, 1 ]
[ 1, -11, 0, 0, 31, 0, 0, 11, 1 ]
[ 3, -2, 0, -1, 11, 0, 1, 0, 1 ]
[ -1, 1, 16, -3, 2, 0, 0, 0, 31 ]
[ 1, 0, 1, -1, 1, 16, 0, 0, 31 ]
[ 1, 0, 1, -3, 2, 0, -1, 1, 16 ]
[ 1, -11, 0, 0, 11, 1, 0, 2, 3 ]
[ 1, 0, 1, -1, 11, 0, 0, 2, 3 ]
[ 1, -1, -16, 1, 0, 1, 0, 0, 31 ]
[ 3, -2, 0, -1, 1, 16, 0, 0, 31 ]
[ 3, -2, 0, 1, 0, 1, -1, 1, 16 ]
[ 1, -11, 0, 0, 1, 17, 0, 0, 31 ]
[ 1, -11, 0, 0, 2, 3, 0, 1, 17 ]
[ 0, 1, 17, -1, 11, 0, 0, 0, 31 ]
[ 0, 2, 3, -1, 11, 0, 0, 1, 17 ]
[ 1, 0, 1, 0, 1, 17, 0, 0, 31 ]
[ 1, 0, 1, 0, 2, 3, 0, 1, 17 ]
[ 1, 0, 1, 13, 1, 0, 0, 0, 31 ]
[ 31, 0, 0, 13, 1, 0, 1, 0, 1 ]
[ -13, -1, 0, 1, 0, 1, 0, 0, 31 ]
[ 13, 1, 0, -5, 2, 0, 1, 0, 1 ]
[ 5, -2, 0, -2, 7, 0, 1, 0, 1 ]
[ -2, 1, 16, -5, 2, 0, 0, 0, 31 ]
[ 1, 0, 1, -2, 1, 16, 0, 0, 31 ]
[ 1, 0, 1, -5, 2, 0, -2, 1, 16 ]
[ 1, -19, 0, 0, 31, 0, 0, -12, 1 ]
[ 2, -7, 0, -1, 19, 0, -1, 7, 1 ]
[ 1, 0, 1, -2, 7, 0, -1, 2, 4 ]
[ 2, -1, -16, 1, 0, 1, 0, 0, 31 ]
[ 5, -2, 0, -2, 1, 16, 0, 0, 31 ]
[ 5, -2, 0, 1, 0, 1, -2, 1, 16 ]
[ -1, 19, 0, 0, -12, 1, 0, -5, 3 ]
[ 1, -7, -1, -1, 19, 0, 0, -5, 3 ]
[ 2, -7, 0, -1, 7, 1, 1, -5, 4 ]
[ 1, -3, 9, -2, 7, 0, 0, 0, 31 ]
[ -1, 2, 4, 1, -3, 9, 0, 0, 31 ]
[ 1, -2, -4, -2, 7, 0, 1, -3, 9 ]
[ 0, 1, 18, -1, 2, 4, 0, 0, 31 ]
[ 1, 0, 1, 0, 1, 18, 0, 0, 31 ]
[ 1, 0, 1, -1, 2, 4, 0, 1, 18 ]
[ -1, 19, 0, 0, -5, 3, 0, 2, 5 ]
[ 0, 5, -3, -1, 19, 0, 0, 2, 5 ]
[ -1, 7, 1, 0, -5, 3, 0, 2, 5 ]
[ 0, 1, 18, -1, 7, 1, 0, 0, 31 ]
[ 1, -5, 4, 0, 1, 18, 0, 0, 31 ]
[ 1, -5, 4, -1, 7, 1, 0, 1, 18 ]
[ -1, 4, 9, 1, -5, 4, 0, 0, 31 ]
[ 2, -7, 0, -1, 4, 9, 0, 0, 31 ]
[ -2, 7, 0, 1, -5, 4, -1, 4, 9 ]
[ 1, -19, 0, 0, 1, 18, 0, 0, 31 ]
[ 1, -19, 0, 0, 2, 5, 0, 1, 18 ]
[ 0, 1, 18, -1, 19, 0, 0, 0, 31 ]
[ 0, 2, 5, -1, 19, 0, 0, 1, 18 ]
[ 1, -7, -1, 0, 1, 18, 0, 0, 31 ]
[ 1, -7, -1, 0, 2, 5, 0, 1, 18 ]
[ 1, 0, 1, 12, 1, 0, 0, 0, 31 ]
[ 31, 0, 0, 12, 1, 0, 1, 0, 1 ]
[ -12, -1, 0, 1, 0, 1, 0, 0, 31 ]
[ 12, 1, 0, 5, 3, 0, 1, 0, 1 ]
[ 5, 3, 0, -2, 5, 0, 1, 0, 1 ]
[ 2, 1, -10, 5, 3, 0, 0, 0, 31 ]
[ -1, 0, -1, -2, -1, 10, 0, 0, 31 ]
[ 1, 0, 1, 5, 3, 0, -2, -1, 10 ]
[ 1, -18, 0, 0, 31, 0, 0, -13, 1 ]
[ 2, -5, 0, -1, 18, 0, -1, 5, 1 ]
[ 1, -2, -6, -2, 5, 0, 0, 0, 31 ]
[ 1, 0, 1, -2, 5, 0, -1, 2, 6 ]
[ -2, -1, 10, 1, 0, 1, 0, 0, 31 ]
[ 5, 3, 0, -2, -1, 10, 0, 0, 31 ]
[ -5, -3, 0, 1, 0, 1, -2, -1, 10 ]
[ -1, 18, 0, 0, -13, 1, 0, 5, 2 ]
[ 1, -5, -1, -1, 18, 0, 0, 5, 2 ]
[ -2, 5, 0, 1, -3, 6, 0, 0, 31 ]
[ 2, -5, 0, -1, 5, 1, 1, -3, 6 ]
[ 0, 1, 19, -1, 2, 6, 0, 0, 31 ]
[ 1, 0, 1, 0, 1, 19, 0, 0, 31 ]
[ 1, 0, 1, -1, 2, 6, 0, 1, 19 ]
[ 1, -18, 0, 0, 5, 2, 0, 2, 7 ]
[ 0, 5, 2, -1, 18, 0, 0, 2, 7 ]
[ 1, -5, -1, 0, 5, 2, 0, 2, 7 ]
[ 0, 1, 19, -1, 5, 1, 0, 0, 31 ]
[ 1, -3, 6, 0, 1, 19, 0, 0, 31 ]
[ 1, -3, 6, -1, 5, 1, 0, 1, 19 ]
[ 1, -18, 0, 0, 1, 19, 0, 0, 31 ]
[ 1, -18, 0, 0, 2, 7, 0, 1, 19 ]
[ 0, 1, 19, -1, 18, 0, 0, 0, 31 ]
[ 0, 2, 7, -1, 18, 0, 0, 1, 19 ]
[ 1, -5, -1, 0, 1, 19, 0, 0, 31 ]
[ 1, -5, -1, 0, 2, 7, 0, 1, 19 ]
[ 1, 0, 1, 11, 1, 0, 0, 0, 31 ]
[ 31, 0, 0, 11, 1, 0, 1, 0, 1 ]
[ -11, -1, 0, 1, 0, 1, 0, 0, 31 ]
[ 11, 1, 0, 2, 3, 0, 1, 0, 1 ]
[ 1, 17, 0, 0, 31, 0, 0, 14, 1 ]
[ 2, 3, 0, 1, 17, 0, -1, -3, 1 ]
[ 1, 1, -10, 2, 3, 0, 0, 0, 31 ]
[ -1, 0, -1, -1, -1, 10, 0, 0, 31 ]
[ 1, 0, 1, 2, 3, 0, -1, -1, 10 ]
[ 1, 17, 0, 0, 14, 1, 0, -3, 2 ]
[ 1, 3, -1, 1, 17, 0, 0, -3, 2 ]
[ -1, -2, -10, -1, -3, 1, 0, 0, 31 ]
[ 2, 3, 0, 1, 2, 10, 0, 0, 31 ]
[ -2, -3, 0, -1, -3, 1, 1, 2, 10 ]
[ -1, -17, 0, 0, -1, 11, 0, 0, 31 ]
[ -1, -17, 0, 0, -3, 2, 0, -1, 11 ]
[ 0, -1, 11, 1, 17, 0, 0, 0, 31 ]
[ 0, -3, 2, 1, 17, 0, 0, -1, 11 ]
[ -1, -3, 1, 0, -1, 11, 0, 0, 31 ]
[ -1, -3, 1, 0, -3, 2, 0, -1, 11 ]
[ 1, 0, 1, 10, 1, 0, 0, 0, 31 ]
[ 31, 0, 0, 10, 1, 0, 1, 0, 1 ]
[ 1, -3, 0, 0, 31, 0, 0, 3, 1 ]
[ -10, -1, 0, 1, 0, 1, 0, 0, 31 ]
[ 10, 1, 0, -1, 3, 0, 1, 0, 1 ]
[ -1, 3, 0, 0, -1, 10, 0, 0, 31 ]
[ 1, -3, 0, 0, 3, 1, 0, -1, 10 ]
[ 0, 1, -10, -1, 3, 0, 0, 0, 31 ]
[ -1, 0, -1, 0, -1, 10, 0, 0, 31 ]
[ 1, 0, 1, -1, 3, 0, 0, -1, 10 ]
[ 1, 0, 1, 9, 1, 0, 0, 0, 31 ]
[ 31, 0, 0, 9, 1, 0, 1, 0, 1 ]
[ -9, -1, 0, 1, 0, 1, 0, 0, 31 ]
[ 9, 1, 0, -4, 3, 0, 1, 0, 1 ]
[ 1, 7, 0, 0, 31, 0, 0, -7, 1 ]
[ 4, -3, 0, 1, 7, 0, 1, 0, 1 ]
[ -1, 1, -10, -4, 3, 0, 0, 0, 31 ]
[ -1, 0, -1, 1, -1, 10, 0, 0, 31 ]
[ 1, 0, 1, -4, 3, 0, 1, -1, 10 ]
[ -1, -7, 0, 0, -7, 1, 0, 3, 4 ]
[ 1, 0, 1, 1, 7, 0, 0, 3, 4 ]
[ 1, -1, 10, 1, 0, 1, 0, 0, 31 ]
[ -4, 3, 0, 1, -1, 10, 0, 0, 31 ]
[ 4, -3, 0, 1, 0, 1, 1, -1, 10 ]
[ -1, -7, 0, 0, -1, 9, 0, 0, 31 ]
[ 1, 7, 0, 0, 3, 4, 0, -1, 9 ]
[ 0, -1, 9, 1, 7, 0, 0, 0, 31 ]
[ 0, -3, -4, 1, 7, 0, 0, -1, 9 ]
[ -1, 0, -1, 0, -1, 9, 0, 0, 31 ]
[ 1, 0, 1, 0, 3, 4, 0, -1, 9 ]
[ 1, 0, 1, 8, 1, 0, 0, 0, 31 ]
[ 31, 0, 0, 8, 1, 0, 1, 0, 1 ]
[ 1, 4, 0, 0, 31, 0, 0, -4, 1 ]
[ -8, -1, 0, 1, 0, 1, 0, 0, 31 ]
[ 8, 1, 0, 1, 4, 0, 1, 0, 1 ]
[ -1, -4, 0, 0, -1, 8, 0, 0, 31 ]
[ -1, -4, 0, 0, -4, 1, 0, -1, 8 ]
[ 0, -1, 8, 1, 4, 0, 0, 0, 31 ]
[ -1, 0, -1, 0, -1, 8, 0, 0, 31 ]
[ 1, 0, 1, 1, 4, 0, 0, -1, 8 ]
[ 1, 0, 1, 7, 1, 0, 0, 0, 31 ]
[ 31, 0, 0, 7, 1, 0, 1, 0, 1 ]
[ -7, -1, 0, 1, 0, 1, 0, 0, 31 ]
[ 7, 1, 0, -3, 4, 0, 1, 0, 1 ]
[ 1, 9, 0, 0, 31, 0, 0, -9, 1 ]
[ 3, -4, 0, 1, 9, 0, 1, 0, 1 ]
[ 1, -1, 8, -3, 4, 0, 0, 0, 31 ]
[ -1, 0, -1, 1, -1, 8, 0, 0, 31 ]
[ 1, 0, 1, -3, 4, 0, 1, -1, 8 ]
[ -1, -9, 0, 0, -9, 1, 0, 4, 3 ]
[ 1, 0, 1, 1, 9, 0, 0, 4, 3 ]
[ 1, -1, 8, 1, 0, 1, 0, 0, 31 ]
[ 3, -4, 0, 1, -1, 8, 0, 0, 31 ]
[ 3, -4, 0, 1, 0, 1, 1, -1, 8 ]
[ -1, -9, 0, 0, -1, 7, 0, 0, 31 ]
[ 1, 9, 0, 0, 4, 3, 0, -1, 7 ]
[ 0, -1, 7, 1, 9, 0, 0, 0, 31 ]
[ 0, -4, -3, 1, 9, 0, 0, -1, 7 ]
[ -1, 0, -1, 0, -1, 7, 0, 0, 31 ]
[ 1, 0, 1, 0, 4, 3, 0, -1, 7 ]
[ 1, 0, 1, 6, 1, 0, 0, 0, 31 ]
[ 31, 0, 0, 6, 1, 0, 1, 0, 1 ]
[ 1, -5, 0, 0, 31, 0, 0, 5, 1 ]
[ -6, -1, 0, 1, 0, 1, 0, 0, 31 ]
[ 6, 1, 0, -1, 5, 0, 1, 0, 1 ]
[ -1, 5, 0, 0, -1, 6, 0, 0, 31 ]
[ 1, -5, 0, 0, 5, 1, 0, -1, 6 ]
[ 0, 1, -6, -1, 5, 0, 0, 0, 31 ]
[ -1, 0, -1, 0, -1, 6, 0, 0, 31 ]
[ 1, 0, 1, -1, 5, 0, 0, -1, 6 ]
[ 1, 0, 1, 5, 1, 0, 0, 0, 31 ]
[ 31, 0, 0, 5, 1, 0, 1, 0, 1 ]
[ 1, -6, 0, 0, 31, 0, 0, 6, 1 ]
[ -5, -1, 0, 1, 0, 1, 0, 0, 31 ]
[ 5, 1, 0, -1, 6, 0, 1, 0, 1 ]
[ -1, 6, 0, 0, -1, 5, 0, 0, 31 ]
[ 1, -6, 0, 0, 6, 1, 0, -1, 5 ]
[ 0, 1, -5, -1, 6, 0, 0, 0, 31 ]
[ -1, 0, -1, 0, -1, 5, 0, 0, 31 ]
[ 1, 0, 1, -1, 6, 0, 0, -1, 5 ]
[ 1, 0, 1, 4, 1, 0, 0, 0, 31 ]
[ 31, 0, 0, 4, 1, 0, 1, 0, 1 ]
[ 1, 8, 0, 0, 31, 0, 0, -8, 1 ]
[ -4, -1, 0, 1, 0, 1, 0, 0, 31 ]
[ 4, 1, 0, 1, 8, 0, 1, 0, 1 ]
[ -1, -8, 0, 0, -1, 4, 0, 0, 31 ]
[ -1, -8, 0, 0, -8, 1, 0, -1, 4 ]
[ 0, -1, 4, 1, 8, 0, 0, 0, 31 ]
[ -1, 0, -1, 0, -1, 4, 0, 0, 31 ]
[ 1, 0, 1, 1, 8, 0, 0, -1, 4 ]
[ 1, 0, 1, 3, 1, 0, 0, 0, 31 ]
[ 31, 0, 0, 3, 1, 0, 1, 0, 1 ]
[ 1, -10, 0, 0, 31, 0, 0, 10, 1 ]
[ -3, -1, 0, 1, 0, 1, 0, 0, 31 ]
[ 3, 1, 0, -1, 10, 0, 1, 0, 1 ]
[ -1, 10, 0, 0, -1, 3, 0, 0, 31 ]
[ 1, -10, 0, 0, 10, 1, 0, -1, 3 ]
[ 0, 1, -3, -1, 10, 0, 0, 0, 31 ]
[ -1, 0, -1, 0, -1, 3, 0, 0, 31 ]
[ 1, 0, 1, -1, 10, 0, 0, -1, 3 ]
[ 1, 0, 1, 2, 1, 0, 0, 0, 31 ]
[ 31, 0, 0, 2, 1, 0, 1, 0, 1 ]
[ 1, 16, 0, 0, 31, 0, 0, 15, 1 ]
[ -2, -1, 0, -1, -1, 1, 0, 0, 31 ]
[ 2, 1, 0, 1, 16, 0, -1, -1, 1 ]
[ -1, -16, 0, 0, -1, 2, 0, 0, 31 ]
[ 1, 16, 0, 0, 15, 1, 0, -1, 2 ]
[ 0, -1, 2, 1, 16, 0, 0, 0, 31 ]
[ -1, -1, 1, 0, -1, 2, 0, 0, 31 ]
[ 1, 1, -1, 1, 16, 0, 0, -1, 2 ]
[ -1, -1, 0, 0, -1, 1, 0, 0, 31 ]
[ 1, 1, 0, 0, 31, 0, 0, -1, 1 ]
[ 1, 0, 1, 1, 1, 0, 0, 0, 31 ]
[ 31, 0, 0, 1, 1, 0, 1, 0, 1 ]
[ 31, 0, 0, 0, 1, 0, -15, 0, 1 ]
[ 1, 0, 2, 0, 1, 0, 0, 0, 31 ]
[ 15, 0, -1, 0, 1, 0, 1, 0, 2 ]
[ 31, 0, 0, 15, 1, 0, -15, 0, 1 ]
[ 1, -2, 0, 0, 1, 1, 0, 0, 31 ]
[ 1, -2, 0, 0, 31, 0, 0, 1, 1 ]
[ 0, 1, 1, -1, 2, 0, 0, 0, 31 ]
[ 15, 1, 0, -1, 2, 0, 0, 1, 1 ]
[ 1, 0, 2, 15, 1, 0, 0, 0, 31 ]
[ 15, 0, -1, 15, 1, 0, 1, 0, 2 ]
[ 1, 0, 2, 0, 1, 1, 0, 0, 31 ]
[ -15, -1, 0, 1, 0, 2, 0, 0, 31 ]
[ 15, 1, 0, 0, 1, 1, 1, 0, 2 ]
[ 1, -1, 0, 0, 31, 0, 0, -15, 1 ]
[ 31, 0, 0, -1, 1, 0, -15, 0, 1 ]
[ 1, -1, 0, 0, 1, 2, 0, 0, 31 ]
[ -1, 1, 0, 0, -15, 1, 0, 1, 2 ]
[ 1, 0, 2, -1, 1, 0, 0, 0, 31 ]
[ 15, 0, -1, -1, 1, 0, 1, 0, 2 ]
[ 31, 0, 0, 14, 1, 0, -15, 0, 1 ]
[ -1, 1, 1, -3, 2, 0, 0, 0, 31 ]
[ 14, 1, 0, -3, 2, 0, -1, 1, 1 ]
[ 1, 0, 2, 14, 1, 0, 0, 0, 31 ]
[ 15, 0, -1, 14, 1, 0, 1, 0, 2 ]
[ 1, -11, 0, 0, 31, 0, 0, -10, 1 ]
[ 3, -2, 0, -1, 1, 1, 0, 0, 31 ]
[ 3, -2, 0, -1, 11, 0, -1, 1, 1 ]
[ 1, 0, 2, -1, 1, 1, 0, 0, 31 ]
[ -14, -1, 0, 1, 0, 2, 0, 0, 31 ]
[ 14, 1, 0, -1, 1, 1, 1, 0, 2 ]
[ 1, -11, 0, 0, 1, 3, 0, 0, 31 ]
[ -1, 11, 0, 0, -10, 1, 0, 1, 3 ]
[ 0, 1, 3, -1, 11, 0, 0, 0, 31 ]
[ 1, -1, -1, 0, 1, 3, 0, 0, 31 ]
[ 1, -1, -1, -1, 11, 0, 0, 1, 3 ]
[ 31, 0, 0, -2, 1, 0, -15, 0, 1 ]
[ 1, -16, 0, 0, 31, 0, 0, 8, 1 ]
[ 2, -1, 0, -1, 16, 0, 1, -8, 1 ]
[ 1, 0, 2, -2, 1, 0, 0, 0, 31 ]
[ 15, 0, -1, -2, 1, 0, 1, 0, 2 ]
[ 1, -16, 0, 0, 1, 4, 0, 0, 31 ]
[ 1, -16, 0, 0, 8, 1, 0, 1, 4 ]
[ 0, 1, 4, -1, 16, 0, 0, 0, 31 ]
[ 1, -8, 1, 0, 1, 4, 0, 0, 31 ]
[ 1, -8, 1, -1, 16, 0, 0, 1, 4 ]
[ 2, -1, 0, -1, 1, 2, 0, 0, 31 ]
[ -2, 1, 0, 1, -8, 1, -1, 1, 2 ]
[ 0, -1, -4, 1, -8, 1, 0, 0, 31 ]
[ 1, -1, -2, 0, 1, 4, 0, 0, 31 ]
[ -1, 1, 2, 1, -8, 1, 0, 1, 4 ]
[ 31, 0, 0, 13, 1, 0, -15, 0, 1 ]
[ -2, 1, 1, -5, 2, 0, 0, 0, 31 ]
[ 13, 1, 0, -5, 2, 0, -2, 1, 1 ]
[ 1, 0, 2, 13, 1, 0, 0, 0, 31 ]
[ 15, 0, -1, 13, 1, 0, 1, 0, 2 ]
[ 5, -2, 0, -2, 1, 1, 0, 0, 31 ]
[ 5, -2, 0, -2, 7, 0, -2, 1, 1 ]
[ 1, 0, 2, -2, 1, 1, 0, 0, 31 ]
[ -13, -1, 0, 1, 0, 2, 0, 0, 31 ]
[ 13, 1, 0, -2, 1, 1, 1, 0, 2 ]
[ 1, -19, 0, 0, 31, 0, 0, -6, 1 ]
[ 2, -7, 0, -1, 19, 0, 0, -6, 1 ]
[ 2, -1, -1, -1, 1, 3, 0, 0, 31 ]
[ 2, -1, -1, -2, 7, 0, -1, 1, 3 ]
[ 1, -19, 0, 0, 1, 5, 0, 0, 31 ]
[ -1, 19, 0, 0, -6, 1, 0, 1, 5 ]
[ 0, 1, 5, -1, 19, 0, 0, 0, 31 ]
[ 0, 6, -1, -1, 19, 0, 0, 1, 5 ]
[ -2, 7, 0, 0, -6, 1, -1, 1, 3 ]
[ 1, -1, -3, 0, 1, 5, 0, 0, 31 ]
[ 1, -1, -3, -2, 7, 0, 0, 1, 5 ]
[ -1, 1, 3, 0, -6, 1, 0, 1, 5 ]
[ 0, 1, 5, -1, 1, 3, 0, 0, 31 ]
[ -2, 7, 0, -1, 1, 3, 0, 1, 5 ]
[ -1, 4, 18, -2, 7, 0, 0, 0, 31 ]
[ 0, 1, 5, -1, 4, 18, 0, 0, 31 ]
[ 0, 1, 5, -2, 7, 0, -1, 4, 18 ]
[ 1, -1, -3, 0, 1, 5, 0, 0, 31 ]
[ 1, -4, -18, 0, 1, 5, 0, 0, 31 ]
[ 2, -7, 0, -1, 4, 18, 0, 0, 31 ]
[ 2, -7, 0, 0, 1, 5, -1, 4, 18 ]
[ 31, 0, 0, -3, 1, 0, -15, 0, 1 ]
[ 1, 10, 0, 0, 31, 0, 0, -5, 1 ]
[ 3, -1, 0, 1, 10, 0, 0, -5, 1 ]
[ 1, 0, 2, -3, 1, 0, 0, 0, 31 ]
[ 15, 0, -1, -3, 1, 0, 1, 0, 2 ]
[ 1, 10, 0, 0, 1, 6, 0, 0, 31 ]
[ -1, -10, 0, 0, -5, 1, 0, 1, 6 ]
[ 0, -1, -6, 1, 10, 0, 0, 0, 31 ]
[ 0, -5, 1, 1, 10, 0, 0, 1, 6 ]
[ 3, -1, 0, 1, 0, 2, 0, 0, 31 ]
[ -3, 1, 0, 0, -5, 1, 1, 0, 2 ]
[ 1, 0, 2, 0, 1, 6, 0, 0, 31 ]
[ -1, 0, -2, 0, -5, 1, 0, 1, 6 ]
[ 31, 0, 0, 12, 1, 0, -15, 0, 1 ]
[ 12, 1, 0, 5, 3, 0, -3, 1, 1 ]
[ 1, 0, 2, 12, 1, 0, 0, 0, 31 ]
[ 15, 0, -1, 12, 1, 0, 1, 0, 2 ]
[ 5, 3, 0, -2, 5, 0, -3, 1, 1 ]
[ 3, -1, -1, 1, 0, 2, 0, 0, 31 ]
[ 3, -1, -1, 5, 3, 0, 1, 0, 2 ]
[ 1, 0, 2, -3, 1, 1, 0, 0, 31 ]
[ -12, -1, 0, 1, 0, 2, 0, 0, 31 ]
[ 12, 1, 0, -3, 1, 1, 1, 0, 2 ]
[ 1, -18, 0, 0, 31, 0, 0, 9, 1 ]
[ 2, -5, 0, -1, 18, 0, 1, -9, 1 ]
[ 3, -1, -1, -2, 5, 0, 1, 0, 2 ]
[ 5, 3, 0, -3, 1, 1, 1, 0, 2 ]
[ 2, 1, 11, 5, 3, 0, 0, 0, 31 ]
[ 1, 0, 2, 2, 1, 11, 0, 0, 31 ]
[ 1, 0, 2, 5, 3, 0, 2, 1, 11 ]
[ 3, -1, -1, 1, 0, 2, 0, 0, 31 ]
[ 1, 0, 2, -3, 1, 1, 0, 0, 31 ]
[ 1, -18, 0, 0, 9, 1, 0, -4, 3 ]
[ 1, -9, 1, -1, 18, 0, 0, -4, 3 ]
[ -2, 5, 0, 1, -9, 1, -1, 5, 2 ]
[ 1, 0, 2, 0, 1, 7, 0, 0, 31 ]
[ 1, 0, 2, -2, 5, 0, 0, 1, 7 ]
[ -2, -1, -11, 1, 0, 2, 0, 0, 31 ]
[ -5, -3, 0, 2, 1, 11, 0, 0, 31 ]
[ -5, -3, 0, 1, 0, 2, 2, 1, 11 ]
[ 1, -18, 0, 0, 1, 7, 0, 0, 31 ]
[ -1, 18, 0, 0, -4, 3, 0, 1, 7 ]
[ 0, 1, 7, -1, 18, 0, 0, 0, 31 ]
[ 0, 4, -3, -1, 18, 0, 0, 1, 7 ]
[ 1, -9, 1, 0, 1, 7, 0, 0, 31 ]
[ -1, 9, -1, 0, -4, 3, 0, 1, 7 ]
[ 0, -1, -7, 1, -9, 1, 0, 0, 31 ]
[ 1, -5, -2, 0, 1, 7, 0, 0, 31 ]
[ -1, 5, 2, 1, -9, 1, 0, 1, 7 ]
[ 0, 1, 7, -1, 5, 2, 0, 0, 31 ]
[ 2, -5, 0, -1, 5, 2, 0, 1, 7 ]
[ -1, 3, 19, -2, 5, 0, 0, 0, 31 ]
[ 0, 1, 7, -1, 3, 19, 0, 0, 31 ]
[ 0, 1, 7, -2, 5, 0, -1, 3, 19 ]
[ 1, -3, -19, 0, 1, 7, 0, 0, 31 ]
[ 2, -5, 0, -1, 3, 19, 0, 0, 31 ]
[ 2, -5, 0, 0, 1, 7, -1, 3, 19 ]
[ 31, 0, 0, -4, 1, 0, -15, 0, 1 ]
[ 1, -8, 0, 0, 31, 0, 0, 4, 1 ]
[ 4, -1, 0, -1, 8, 0, 1, -4, 1 ]
[ 1, 0, 2, -4, 1, 0, 0, 0, 31 ]
[ 15, 0, -1, -4, 1, 0, 1, 0, 2 ]
[ 1, -8, 0, 0, 1, 8, 0, 0, 31 ]
[ 1, -8, 0, 0, 4, 1, 0, 1, 8 ]
[ 0, 1, 8, -1, 8, 0, 0, 0, 31 ]
[ 1, -4, 1, 0, 1, 8, 0, 0, 31 ]
[ 1, -4, 1, -1, 8, 0, 0, 1, 8 ]
[ 4, -1, 0, 1, 0, 2, 0, 0, 31 ]
[ -4, 1, 0, 1, -4, 1, 1, 0, 2 ]
[ 0, -1, -8, 1, -4, 1, 0, 0, 31 ]
[ 1, 0, 2, 0, 1, 8, 0, 0, 31 ]
[ -1, 0, -2, 1, -4, 1, 0, 1, 8 ]
[ 31, 0, 0, 11, 1, 0, -15, 0, 1 ]
[ 11, 1, 0, 2, 3, 0, -4, 1, 1 ]
[ 1, 0, 2, 11, 1, 0, 0, 0, 31 ]
[ 15, 0, -1, 11, 1, 0, 1, 0, 2 ]
[ 1, 17, 0, 0, 31, 0, 0, 7, 1 ]
[ 2, 3, 0, 1, 17, 0, 0, 7, 1 ]
[ 4, -1, -1, 1, 0, 2, 0, 0, 31 ]
[ 4, -1, -1, 2, 3, 0, 1, 0, 2 ]
[ 1, 0, 2, -4, 1, 1, 0, 0, 31 ]
[ -11, -1, 0, 1, 0, 2, 0, 0, 31 ]
[ 11, 1, 0, -4, 1, 1, 1, 0, 2 ]
[ 1, 17, 0, 0, 7, 1, 0, -3, 4 ]
[ 0, -7, -1, 1, 17, 0, 0, -3, 4 ]
[ 2, 3, 0, 0, 7, 1, 1, 0, 2 ]
[ 1, 1, 11, 2, 3, 0, 0, 0, 31 ]
[ 1, 0, 2, 1, 1, 11, 0, 0, 31 ]
[ 1, 0, 2, 2, 3, 0, 1, 1, 11 ]
[ 1, 17, 0, 0, 1, 9, 0, 0, 31 ]
[ -1, -17, 0, 0, -3, 4, 0, 1, 9 ]
[ 0, -1, -9, 1, 17, 0, 0, 0, 31 ]
[ 0, -3, 4, 1, 17, 0, 0, 1, 9 ]
[ 1, 0, 2, 0, 7, 1, 0, -3, 4 ]
[ -1, -1, -11, 1, 0, 2, 0, 0, 31 ]
[ -2, -3, 0, 1, 1, 11, 0, 0, 31 ]
[ -2, -3, 0, 1, 0, 2, 1, 1, 11 ]
[ 1, 0, 2, 0, 1, 9, 0, 0, 31 ]
[ -1, 0, -2, 0, -3, 4, 0, 1, 9 ]
[ 31, 0, 0, -5, 1, 0, -15, 0, 1 ]
[ 1, 6, 0, 0, 31, 0, 0, -3, 1 ]
[ 5, -1, 0, 1, 6, 0, 0, -3, 1 ]
[ 1, 0, 2, -5, 1, 0, 0, 0, 31 ]
[ 15, 0, -1, -5, 1, 0, 1, 0, 2 ]
[ 1, 6, 0, 0, 1, 10, 0, 0, 31 ]
[ -1, -6, 0, 0, -3, 1, 0, 1, 10 ]
[ 0, -1, -10, 1, 6, 0, 0, 0, 31 ]
[ 0, -3, 1, 1, 6, 0, 0, 1, 10 ]
[ 5, -1, 0, 1, 0, 2, 0, 0, 31 ]
[ -5, 1, 0, 0, -3, 1, 1, 0, 2 ]
[ 1, 0, 2, 0, 1, 10, 0, 0, 31 ]
[ -1, 0, -2, 0, -3, 1, 0, 1, 10 ]
[ 31, 0, 0, 10, 1, 0, -15, 0, 1 ]
[ 1, -3, 0, 0, 31, 0, 0, -14, 1 ]
[ 10, 1, 0, -1, 3, 0, -5, 1, 1 ]
[ 1, 0, 2, 10, 1, 0, 0, 0, 31 ]
[ 15, 0, -1, 10, 1, 0, 1, 0, 2 ]
[ -1, 3, 0, 0, -14, 1, 0, 3, 2 ]
[ 5, -1, -1, 1, 0, 2, 0, 0, 31 ]
[ 5, -1, -1, -1, 3, 0, 1, 0, 2 ]
[ 1, 0, 2, -5, 1, 1, 0, 0, 31 ]
[ -10, -1, 0, 1, 0, 2, 0, 0, 31 ]
[ 10, 1, 0, -5, 1, 1, 1, 0, 2 ]
[ 1, -3, 0, 0, 1, 11, 0, 0, 31 ]
[ 1, -3, 0, 0, 3, 2, 0, 1, 11 ]
[ 0, 1, 11, -1, 3, 0, 0, 0, 31 ]
[ 1, 0, 2, 0, 1, 11, 0, 0, 31 ]
[ 1, 0, 2, -1, 3, 0, 0, 1, 11 ]
[ 31, 0, 0, -6, 1, 0, -15, 0, 1 ]
[ 1, 5, 0, 0, 31, 0, 0, 13, 1 ]
[ 6, -1, 0, 1, 5, 0, -3, -2, 1 ]
[ 1, 0, 2, -6, 1, 0, 0, 0, 31 ]
[ 15, 0, -1, -6, 1, 0, 1, 0, 2 ]
[ 1, 5, 0, 0, 13, 1, 0, -5, 2 ]
[ 3, 2, -1, 1, 5, 0, 1, 0, 2 ]
[ 6, -1, 0, 1, 0, 2, 0, 0, 31 ]
[ -6, 1, 0, -3, -2, 1, 1, 0, 2 ]
[ -1, -5, 0, 0, -5, 2, 0, -2, 7 ]
[ 1, 0, 2, 1, 5, 0, 0, -2, 7 ]
[ -1, -1, 17, 1, 0, 2, 0, 0, 31 ]
[ -3, -2, 1, -1, -1, 17, 0, 0, 31 ]
[ -3, -2, 1, 1, 0, 2, -1, -1, 17 ]
[ 1, 1, -17, -3, -2, 1, 0, 0, 31 ]
[ -1, 0, -2, -1, -1, 17, 0, 0, 31 ]
[ -1, 0, -2, -3, -2, 1, -1, -1, 17 ]
[ -1, -5, 0, 0, -1, 19, 0, 0, 31 ]
[ -1, -5, 0, 0, -2, 7, 0, -1, 19 ]
[ 0, -1, 19, 1, 5, 0, 0, 0, 31 ]
[ 0, -2, 7, 1, 5, 0, 0, -1, 19 ]
[ -1, 0, -2, 0, -1, 19, 0, 0, 31 ]
[ -1, 0, -2, 0, -2, 7, 0, -1, 19 ]
[ 31, 0, 0, 9, 1, 0, -15, 0, 1 ]
[ 9, 1, 0, -4, 3, 0, -6, 1, 1 ]
[ 1, 0, 2, 9, 1, 0, 0, 0, 31 ]
[ 15, 0, -1, 9, 1, 0, 1, 0, 2 ]
[ 1, 7, 0, 0, 31, 0, 0, 12, 1 ]
[ 4, -3, 0, 1, 7, 0, -2, -2, 1 ]
[ 6, -1, -1, 1, 0, 2, 0, 0, 31 ]
[ 6, -1, -1, -4, 3, 0, 1, 0, 2 ]
[ 1, 0, 2, -6, 1, 1, 0, 0, 31 ]
[ -9, -1, 0, 1, 0, 2, 0, 0, 31 ]
[ 9, 1, 0, -6, 1, 1, 1, 0, 2 ]
[ 1, 7, 0, 0, 12, 1, 0, 5, 3 ]
[ 2, 2, -1, 1, 7, 0, -1, -2, 3 ]
[ -4, 3, 0, -2, -2, 1, 1, 0, 2 ]
[ -1, 1, 11, -4, 3, 0, 0, 0, 31 ]
[ 1, 0, 2, -1, 1, 11, 0, 0, 31 ]
[ 1, 0, 2, -4, 3, 0, -1, 1, 11 ]
[ 1, 7, 0, 0, 5, 3, 0, -2, 5 ]
[ 1, 2, -3, 1, 7, 0, 0, -2, 5 ]
[ -1, -1, 16, -1, -2, 3, 0, 0, 31 ]
[ -2, -2, 1, -1, -2, 3, -1, -1, 16 ]
[ -1, 0, -2, -1, -1, 16, 0, 0, 31 ]
[ -1, 0, -2, -2, -2, 1, -1, -1, 16 ]
[ 1, -1, -11, 1, 0, 2, 0, 0, 31 ]
[ 4, -3, 0, -1, 1, 11, 0, 0, 31 ]
[ 4, -3, 0, 1, 0, 2, -1, 1, 11 ]
[ -1, -7, 0, 0, -1, 18, 0, 0, 31 ]
[ -1, -7, 0, 0, -2, 5, 0, -1, 18 ]
[ 0, -1, 18, 1, 7, 0, 0, 0, 31 ]
[ 0, -2, 5, 1, 7, 0, 0, -1, 18 ]
[ -1, -2, 3, 0, -1, 18, 0, 0, 31 ]
[ -1, -2, 3, 0, -2, 5, 0, -1, 18 ]
[ 31, 0, 0, -7, 1, 0, -15, 0, 1 ]
[ 7, -1, 0, 3, 4, 0, -1, -2, 1 ]
[ 1, 0, 2, -7, 1, 0, 0, 0, 31 ]
[ 15, 0, -1, -7, 1, 0, 1, 0, 2 ]
[ 1, -9, 0, 0, 31, 0, 0, -11, 1 ]
[ 3, 4, 0, -1, 9, 0, -1, -2, 1 ]
[ 1, 1, 16, 3, 4, 0, 0, 0, 31 ]
[ -1, -2, 1, 1, 1, 16, 0, 0, 31 ]
[ -1, -2, 1, 3, 4, 0, 1, 1, 16 ]
[ 7, -1, 0, 1, 0, 2, 0, 0, 31 ]
[ -7, 1, 0, -1, -2, 1, 1, 0, 2 ]
[ -1, 9, 0, 0, -11, 1, 0, -2, 3 ]
[ 1, 2, -1, -1, 9, 0, 0, -2, 3 ]
[ -1, -1, -16, -1, -2, 1, 0, 0, 31 ]
[ -3, -4, 0, 1, 1, 16, 0, 0, 31 ]
[ -3, -4, 0, -1, -2, 1, 1, 1, 16 ]
[ 0, 1, -17, -1, -2, 1, 0, 0, 31 ]
[ -1, 0, -2, 0, -1, 17, 0, 0, 31 ]
[ -1, 0, -2, -1, -2, 1, 0, -1, 17 ]
[ -1, 9, 0, 0, -1, 17, 0, 0, 31 ]
[ -1, 9, 0, 0, -2, 3, 0, -1, 17 ]
[ 0, 1, -17, -1, 9, 0, 0, 0, 31 ]
[ 0, 2, -3, -1, 9, 0, 0, -1, 17 ]
[ -1, -2, 1, 0, -1, 17, 0, 0, 31 ]
[ -1, -2, 1, 0, -2, 3, 0, -1, 17 ]
[ 31, 0, 0, 8, 1, 0, -15, 0, 1 ]
[ 1, 4, 0, 0, 31, 0, 0, -2, 1 ]
[ 8, 1, 0, 1, 4, 0, 1, 2, 1 ]
[ 1, 0, 2, 8, 1, 0, 0, 0, 31 ]
[ 15, 0, -1, 8, 1, 0, 1, 0, 2 ]
[ -1, -4, 0, 0, -1, 16, 0, 0, 31 ]
[ -1, -4, 0, 0, -2, 1, 0, -1, 16 ]
[ 1, 3, 16, 1, 4, 0, 0, 0, 31 ]
[ 1, 2, 1, 1, 3, 16, 0, 0, 31 ]
[ 1, 2, 1, 1, 4, 0, 1, 3, 16 ]
[ -8, -1, 0, 1, 0, 2, 0, 0, 31 ]
[ 8, 1, 0, 1, 2, 1, 1, 0, 2 ]
[ 1, 1, 17, 1, 2, 1, 0, 0, 31 ]
[ 1, 0, 2, 1, 1, 17, 0, 0, 31 ]
[ 1, 0, 2, 1, 2, 1, 1, 1, 17 ]
[ 31, 0, 0, -8, 1, 0, -15, 0, 1 ]
[ 1, -4, 0, 0, 31, 0, 0, 2, 1 ]
[ 8, -1, 0, -1, 4, 0, 1, -2, 1 ]
[ 1, 0, 2, -8, 1, 0, 0, 0, 31 ]
[ 15, 0, -1, -8, 1, 0, 1, 0, 2 ]
[ 1, -4, 0, 0, 1, 16, 0, 0, 31 ]
[ 1, -4, 0, 0, 2, 1, 0, 1, 16 ]
[ 0, 1, 16, -1, 4, 0, 0, 0, 31 ]
[ 1, -2, 1, 0, 1, 16, 0, 0, 31 ]
[ 1, -2, 1, -1, 4, 0, 0, 1, 16 ]
[ 8, -1, 0, 1, 0, 2, 0, 0, 31 ]
[ -8, 1, 0, 1, -2, 1, 1, 0, 2 ]
[ -1, 1, -17, 1, -2, 1, 0, 0, 31 ]
[ -1, 0, -2, 1, -1, 17, 0, 0, 31 ]
[ -1, 0, -2, 1, -2, 1, 1, -1, 17 ]
[ 31, 0, 0, 7, 1, 0, -15, 0, 1 ]
[ 7, 1, 0, -3, 4, 0, -1, 2, 1 ]
[ 1, 0, 2, 7, 1, 0, 0, 0, 31 ]
[ 15, 0, -1, 7, 1, 0, 1, 0, 2 ]
[ 1, 9, 0, 0, 31, 0, 0, 11, 1 ]
[ 3, -4, 0, 1, 9, 0, -1, 2, 1 ]
[ -2, 3, 16, -3, 4, 0, 0, 0, 31 ]
[ -1, 2, 1, -2, 3, 16, 0, 0, 31 ]
[ -1, 2, 1, -3, 4, 0, -2, 3, 16 ]
[ -7, -1, 0, 1, 0, 2, 0, 0, 31 ]
[ 7, 1, 0, -1, 2, 1, 1, 0, 2 ]
[ 1, 9, 0, 0, 11, 1, 0, 2, 3 ]
[ 1, -2, -1, 1, 9, 0, 0, 2, 3 ]
[ 2, -3, -16, -1, 2, 1, 0, 0, 31 ]
[ 3, -4, 0, -2, 3, 16, 0, 0, 31 ]
[ 3, -4, 0, -1, 2, 1, -2, 3, 16 ]
[ 0, 1, 17, -1, 2, 1, 0, 0, 31 ]
[ 1, 0, 2, 0, 1, 17, 0, 0, 31 ]
[ 1, 0, 2, -1, 2, 1, 0, 1, 17 ]
[ 1, 9, 0, 0, 1, 17, 0, 0, 31 ]
[ 1, 9, 0, 0, 2, 3, 0, 1, 17 ]
[ 0, -1, -17, 1, 9, 0, 0, 0, 31 ]
[ 0, -2, -3, 1, 9, 0, 0, 1, 17 ]
[ 1, -2, -1, 0, 1, 17, 0, 0, 31 ]
[ 1, -2, -1, 0, 2, 3, 0, 1, 17 ]
[ 31, 0, 0, -9, 1, 0, -15, 0, 1 ]
[ 9, -1, 0, 4, 3, 0, -6, -1, 1 ]
[ 1, 0, 2, -9, 1, 0, 0, 0, 31 ]
[ 15, 0, -1, -9, 1, 0, 1, 0, 2 ]
[ 1, -7, 0, 0, 31, 0, 0, -12, 1 ]
[ 4, 3, 0, -1, 7, 0, -2, 2, 1 ]
[ -6, -1, 1, 1, 0, 2, 0, 0, 31 ]
[ 6, 1, -1, 4, 3, 0, 1, 0, 2 ]
[ -1, 0, -2, -6, -1, 1, 0, 0, 31 ]
[ 9, -1, 0, 1, 0, 2, 0, 0, 31 ]
[ -9, 1, 0, -6, -1, 1, 1, 0, 2 ]
[ -1, 7, 0, 0, -12, 1, 0, -5, 3 ]
[ 2, -2, -1, -1, 7, 0, -1, 2, 3 ]
[ 4, 3, 0, -2, 2, 1, 1, 0, 2 ]
[ -1, -1, 11, 4, 3, 0, 0, 0, 31 ]
[ -1, 0, -2, -1, -1, 11, 0, 0, 31 ]
[ 1, 0, 2, 4, 3, 0, -1, -1, 11 ]
[ -1, 7, 0, 0, -5, 3, 0, 2, 5 ]
[ 1, -2, -3, -1, 7, 0, 0, 2, 5 ]
[ 1, -1, -16, -1, 2, 3, 0, 0, 31 ]
[ 2, -2, -1, -1, 2, 3, -1, 1, 16 ]
[ 1, 0, 2, -1, 1, 16, 0, 0, 31 ]
[ 1, 0, 2, -2, 2, 1, -1, 1, 16 ]
[ -1, -1, 11, 1, 0, 2, 0, 0, 31 ]
[ -4, -3, 0, -1, -1, 11, 0, 0, 31 ]
[ -4, -3, 0, 1, 0, 2, -1, -1, 11 ]
[ 1, -7, 0, 0, 1, 18, 0, 0, 31 ]
[ 1, -7, 0, 0, 2, 5, 0, 1, 18 ]
[ 0, 1, 18, -1, 7, 0, 0, 0, 31 ]
[ 0, 2, 5, -1, 7, 0, 0, 1, 18 ]
[ 1, -2, -3, 0, 1, 18, 0, 0, 31 ]
[ 1, -2, -3, 0, 2, 5, 0, 1, 18 ]
[ 31, 0, 0, 6, 1, 0, -15, 0, 1 ]
[ 1, -5, 0, 0, 31, 0, 0, -13, 1 ]
[ 6, 1, 0, -1, 5, 0, -3, 2, 1 ]
[ 1, 0, 2, 6, 1, 0, 0, 0, 31 ]
[ 15, 0, -1, 6, 1, 0, 1, 0, 2 ]
[ -1, 5, 0, 0, -13, 1, 0, 5, 2 ]
[ 3, -2, -1, -1, 5, 0, 1, 0, 2 ]
[ -6, -1, 0, 1, 0, 2, 0, 0, 31 ]
[ 6, 1, 0, -3, 2, 1, 1, 0, 2 ]
[ 1, -5, 0, 0, 5, 2, 0, 2, 7 ]
[ 1, 0, 2, -1, 5, 0, 0, 2, 7 ]
[ 1, -1, -17, 1, 0, 2, 0, 0, 31 ]
[ 3, -2, -1, -1, 1, 17, 0, 0, 31 ]
[ 3, -2, -1, 1, 0, 2, -1, 1, 17 ]
[ -1, 1, 17, -3, 2, 1, 0, 0, 31 ]
[ 1, 0, 2, -1, 1, 17, 0, 0, 31 ]
[ 1, 0, 2, -3, 2, 1, -1, 1, 17 ]
[ 1, -5, 0, 0, 1, 19, 0, 0, 31 ]
[ 1, -5, 0, 0, 2, 7, 0, 1, 19 ]
[ 0, 1, 19, -1, 5, 0, 0, 0, 31 ]
[ 0, 2, 7, -1, 5, 0, 0, 1, 19 ]
[ 1, 0, 2, 0, 1, 19, 0, 0, 31 ]
[ 1, 0, 2, 0, 2, 7, 0, 1, 19 ]
[ 31, 0, 0, -10, 1, 0, -15, 0, 1 ]
[ 1, 3, 0, 0, 31, 0, 0, 14, 1 ]
[ 10, -1, 0, 1, 3, 0, -5, -1, 1 ]
[ 1, 0, 2, -10, 1, 0, 0, 0, 31 ]
[ 15, 0, -1, -10, 1, 0, 1, 0, 2 ]
[ 1, 3, 0, 0, 14, 1, 0, -3, 2 ]
[ -5, -1, 1, 1, 0, 2, 0, 0, 31 ]
[ 5, 1, -1, 1, 3, 0, 1, 0, 2 ]
[ -1, 0, -2, -5, -1, 1, 0, 0, 31 ]
[ 10, -1, 0, 1, 0, 2, 0, 0, 31 ]
[ -10, 1, 0, -5, -1, 1, 1, 0, 2 ]
[ -1, -3, 0, 0, -1, 11, 0, 0, 31 ]
[ -1, -3, 0, 0, -3, 2, 0, -1, 11 ]
[ 0, -1, 11, 1, 3, 0, 0, 0, 31 ]
[ -1, 0, -2, 0, -1, 11, 0, 0, 31 ]
[ 1, 0, 2, 1, 3, 0, 0, -1, 11 ]
[ 31, 0, 0, 5, 1, 0, -15, 0, 1 ]
[ 1, -6, 0, 0, 31, 0, 0, 3, 1 ]
[ 5, 1, 0, -1, 6, 0, 0, 3, 1 ]
[ 1, 0, 2, 5, 1, 0, 0, 0, 31 ]
[ 15, 0, -1, 5, 1, 0, 1, 0, 2 ]
[ -1, 6, 0, 0, -1, 10, 0, 0, 31 ]
[ 1, -6, 0, 0, 3, 1, 0, -1, 10 ]
[ 0, 1, -10, -1, 6, 0, 0, 0, 31 ]
[ 0, 3, 1, -1, 6, 0, 0, -1, 10 ]
[ -5, -1, 0, 1, 0, 2, 0, 0, 31 ]
[ 5, 1, 0, 0, 3, 1, 1, 0, 2 ]
[ -1, 0, -2, 0, -1, 10, 0, 0, 31 ]
[ 1, 0, 2, 0, 3, 1, 0, -1, 10 ]
[ 31, 0, 0, -11, 1, 0, -15, 0, 1 ]
[ 11, -1, 0, -2, 3, 0, -4, -1, 1 ]
[ 1, 0, 2, -11, 1, 0, 0, 0, 31 ]
[ 15, 0, -1, -11, 1, 0, 1, 0, 2 ]
[ 1, -17, 0, 0, 31, 0, 0, -7, 1 ]
[ 2, -3, 0, -1, 17, 0, 0, -7, 1 ]
[ -4, -1, 1, 1, 0, 2, 0, 0, 31 ]
[ 4, 1, -1, -2, 3, 0, 1, 0, 2 ]
[ -1, 0, -2, -4, -1, 1, 0, 0, 31 ]
[ 11, -1, 0, 1, 0, 2, 0, 0, 31 ]
[ -11, 1, 0, -4, -1, 1, 1, 0, 2 ]
[ -1, 17, 0, 0, -7, 1, 0, 3, 4 ]
[ 0, 7, -1, -1, 17, 0, 0, 3, 4 ]
[ -2, 3, 0, 0, -7, 1, -1, 3, 2 ]
[ 1, -1, 11, -2, 3, 0, 0, 0, 31 ]
[ -1, 0, -2, 1, -1, 11, 0, 0, 31 ]
[ 1, 0, 2, -2, 3, 0, 1, -1, 11 ]
[ -1, 17, 0, 0, -1, 9, 0, 0, 31 ]
[ 1, -17, 0, 0, 3, 4, 0, -1, 9 ]
[ 0, 1, -9, -1, 17, 0, 0, 0, 31 ]
[ 0, 3, 4, -1, 17, 0, 0, -1, 9 ]
[ -1, 3, 2, 0, -7, 1, 0, 3, 4 ]
[ 1, -2, -11, -1, 3, 2, 0, 0, 31 ]
[ 2, -3, 0, -1, 2, 11, 0, 0, 31 ]
[ 2, -3, 0, -1, 3, 2, -1, 2, 11 ]
[ -1, 3, 2, 0, -1, 9, 0, 0, 31 ]
[ 1, -3, -2, 0, 3, 4, 0, -1, 9 ]
[ 31, 0, 0, 4, 1, 0, -15, 0, 1 ]
[ 1, 8, 0, 0, 31, 0, 0, -4, 1 ]
[ 4, 1, 0, 1, 8, 0, 1, 4, 1 ]
[ 1, 0, 2, 4, 1, 0, 0, 0, 31 ]
[ 15, 0, -1, 4, 1, 0, 1, 0, 2 ]
[ -1, -8, 0, 0, -1, 8, 0, 0, 31 ]
[ -1, -8, 0, 0, -4, 1, 0, -1, 8 ]
[ 0, -1, 8, 1, 8, 0, 0, 0, 31 ]
[ -1, -4, -1, 0, -1, 8, 0, 0, 31 ]
[ 1, 4, 1, 1, 8, 0, 0, -1, 8 ]
[ -4, -1, 0, 1, 0, 2, 0, 0, 31 ]
[ 4, 1, 0, 1, 4, 1, 1, 0, 2 ]
[ 0, -1, 8, 1, 4, 1, 0, 0, 31 ]
[ -1, 0, -2, 0, -1, 8, 0, 0, 31 ]
[ 1, 0, 2, 1, 4, 1, 0, -1, 8 ]
[ 31, 0, 0, -12, 1, 0, -15, 0, 1 ]
[ 12, -1, 0, -5, 3, 0, -3, -1, 1 ]
[ 1, 0, 2, -12, 1, 0, 0, 0, 31 ]
[ 15, 0, -1, -12, 1, 0, 1, 0, 2 ]
[ 5, -3, 0, 2, 5, 0, -3, -1, 1 ]
[ -3, -1, 1, 1, 0, 2, 0, 0, 31 ]
[ 3, 1, -1, -5, 3, 0, 1, 0, 2 ]
[ -1, 0, -2, -3, -1, 1, 0, 0, 31 ]
[ 12, -1, 0, 1, 0, 2, 0, 0, 31 ]
[ -12, 1, 0, -3, -1, 1, 1, 0, 2 ]
[ 1, 18, 0, 0, 31, 0, 0, -9, 1 ]
[ 2, 5, 0, 1, 18, 0, 1, 9, 1 ]
[ 3, 1, -1, 2, 5, 0, 1, 0, 2 ]
[ -5, 3, 0, -3, -1, 1, 1, 0, 2 ]
[ 2, -1, 11, -5, 3, 0, 0, 0, 31 ]
[ -1, 0, -2, 2, -1, 11, 0, 0, 31 ]
[ 1, 0, 2, -5, 3, 0, 2, -1, 11 ]
[ -3, -1, 1, 1, 0, 2, 0, 0, 31 ]
[ -1, 0, -2, -3, -1, 1, 0, 0, 31 ]
[ -1, -18, 0, 0, -9, 1, 0, 4, 3 ]
[ 1, 9, 1, 1, 18, 0, 0, 4, 3 ]
[ 2, 5, 0, 1, 9, 1, -1, -5, 2 ]
[ -1, 0, -2, 0, -1, 7, 0, 0, 31 ]
[ 1, 0, 2, 2, 5, 0, 0, -1, 7 ]
[ 2, -1, 11, 1, 0, 2, 0, 0, 31 ]
[ 5, -3, 0, 2, -1, 11, 0, 0, 31 ]
[ 5, -3, 0, 1, 0, 2, 2, -1, 11 ]
[ -1, -18, 0, 0, -1, 7, 0, 0, 31 ]
[ 1, 18, 0, 0, 4, 3, 0, -1, 7 ]
[ 0, -1, 7, 1, 18, 0, 0, 0, 31 ]
[ 0, -4, -3, 1, 18, 0, 0, -1, 7 ]
[ -1, -9, -1, 0, -1, 7, 0, 0, 31 ]
[ 1, 9, 1, 0, 4, 3, 0, -1, 7 ]
[ 0, -1, 7, 1, 9, 1, 0, 0, 31 ]
[ -1, -5, 2, 0, -1, 7, 0, 0, 31 ]
[ 1, 5, -2, 1, 9, 1, 0, -1, 7 ]
[ 0, 1, -7, -1, -5, 2, 0, 0, 31 ]
[ -2, -5, 0, -1, -5, 2, 0, -1, 7 ]
[ 1, 2, 19, 2, 5, 0, 0, 0, 31 ]
[ 0, -1, 7, 1, 2, 19, 0, 0, 31 ]
[ 0, -1, 7, 2, 5, 0, 1, 2, 19 ]
[ -1, -2, -19, 0, -1, 7, 0, 0, 31 ]
[ -2, -5, 0, 1, 2, 19, 0, 0, 31 ]
[ -2, -5, 0, 0, -1, 7, 1, 2, 19 ]
[ 31, 0, 0, 3, 1, 0, -15, 0, 1 ]
[ 1, -10, 0, 0, 31, 0, 0, 5, 1 ]
[ 3, 1, 0, -1, 10, 0, 0, 5, 1 ]
[ 1, 0, 2, 3, 1, 0, 0, 0, 31 ]
[ 15, 0, -1, 3, 1, 0, 1, 0, 2 ]
[ -1, 10, 0, 0, -1, 6, 0, 0, 31 ]
[ 1, -10, 0, 0, 5, 1, 0, -1, 6 ]
[ 0, 1, -6, -1, 10, 0, 0, 0, 31 ]
[ 0, 5, 1, -1, 10, 0, 0, -1, 6 ]
[ -3, -1, 0, 1, 0, 2, 0, 0, 31 ]
[ 3, 1, 0, 0, 5, 1, 1, 0, 2 ]
[ -1, 0, -2, 0, -1, 6, 0, 0, 31 ]
[ 1, 0, 2, 0, 5, 1, 0, -1, 6 ]
[ 31, 0, 0, -13, 1, 0, -15, 0, 1 ]
[ -2, -1, 1, 5, 2, 0, 0, 0, 31 ]
[ 13, -1, 0, 5, 2, 0, -2, -1, 1 ]
[ 1, 0, 2, -13, 1, 0, 0, 0, 31 ]
[ 15, 0, -1, -13, 1, 0, 1, 0, 2 ]
[ -5, -2, 0, -2, -1, 1, 0, 0, 31 ]
[ 5, 2, 0, 2, 7, 0, -2, -1, 1 ]
[ -1, 0, -2, -2, -1, 1, 0, 0, 31 ]
[ 13, -1, 0, 1, 0, 2, 0, 0, 31 ]
[ -13, 1, 0, -2, -1, 1, 1, 0, 2 ]
[ 1, 19, 0, 0, 31, 0, 0, 6, 1 ]
[ 2, 7, 0, 1, 19, 0, 0, 6, 1 ]
[ -2, -1, 1, -1, -1, 3, 0, 0, 31 ]
[ 2, 1, -1, 2, 7, 0, -1, -1, 3 ]
[ -1, -19, 0, 0, -1, 5, 0, 0, 31 ]
[ 1, 19, 0, 0, 6, 1, 0, -1, 5 ]
[ 0, -1, 5, 1, 19, 0, 0, 0, 31 ]
[ 0, -6, -1, 1, 19, 0, 0, -1, 5 ]
[ 2, 7, 0, 0, 6, 1, 1, 6, 3 ]
[ -1, -1, 3, 0, -1, 5, 0, 0, 31 ]
[ 1, 1, -3, 2, 7, 0, 0, -1, 5 ]
[ -1, -6, -3, 0, -1, 5, 0, 0, 31 ]
[ 1, 6, 3, 0, 6, 1, 0, -1, 5 ]
[ 0, -1, 5, 1, 6, 3, 0, 0, 31 ]
[ 2, 7, 0, 1, 6, 3, 0, -1, 5 ]
[ 1, 3, 18, 2, 7, 0, 0, 0, 31 ]
[ 0, -1, 5, 1, 3, 18, 0, 0, 31 ]
[ 0, -1, 5, 2, 7, 0, 1, 3, 18 ]
[ -1, -3, -18, 0, -1, 5, 0, 0, 31 ]
[ -2, -7, 0, 1, 3, 18, 0, 0, 31 ]
[ -2, -7, 0, 0, -1, 5, 1, 3, 18 ]
[ 31, 0, 0, 2, 1, 0, -15, 0, 1 ]
[ 1, 16, 0, 0, 31, 0, 0, -8, 1 ]
[ 2, 1, 0, 1, 16, 0, 1, 8, 1 ]
[ 1, 0, 2, 2, 1, 0, 0, 0, 31 ]
[ 15, 0, -1, 2, 1, 0, 1, 0, 2 ]
[ -1, -16, 0, 0, -1, 4, 0, 0, 31 ]
[ -1, -16, 0, 0, -8, 1, 0, -1, 4 ]
[ 0, -1, 4, 1, 16, 0, 0, 0, 31 ]
[ -1, -8, -1, 0, -1, 4, 0, 0, 31 ]
[ 1, 8, 1, 1, 16, 0, 0, -1, 4 ]
[ -2, -1, 0, -1, -1, 2, 0, 0, 31 ]
[ 2, 1, 0, 1, 8, 1, -1, -1, 2 ]
[ 0, -1, 4, 1, 8, 1, 0, 0, 31 ]
[ -1, -1, 2, 0, -1, 4, 0, 0, 31 ]
[ 1, 1, -2, 1, 8, 1, 0, -1, 4 ]
[ 31, 0, 0, -14, 1, 0, -15, 0, 1 ]
[ -1, -1, 1, 3, 2, 0, 0, 0, 31 ]
[ 14, -1, 0, 3, 2, 0, -1, -1, 1 ]
[ 1, 0, 2, -14, 1, 0, 0, 0, 31 ]
[ 15, 0, -1, -14, 1, 0, 1, 0, 2 ]
[ 1, 11, 0, 0, 31, 0, 0, 10, 1 ]
[ -3, -2, 0, -1, -1, 1, 0, 0, 31 ]
[ 3, 2, 0, 1, 11, 0, -1, -1, 1 ]
[ -1, 0, -2, -1, -1, 1, 0, 0, 31 ]
[ 14, -1, 0, 1, 0, 2, 0, 0, 31 ]
[ -14, 1, 0, -1, -1, 1, 1, 0, 2 ]
[ -1, -11, 0, 0, -1, 3, 0, 0, 31 ]
[ 1, 11, 0, 0, 10, 1, 0, -1, 3 ]
[ 0, -1, 3, 1, 11, 0, 0, 0, 31 ]
[ -1, -1, 1, 0, -1, 3, 0, 0, 31 ]
[ 1, 1, -1, 1, 11, 0, 0, -1, 3 ]
[ 1, 1, 0, 0, 31, 0, 0, 15, 1 ]
[ 31, 0, 0, 1, 1, 0, -15, 0, 1 ]
[ -1, -1, 0, 0, -1, 2, 0, 0, 31 ]
[ 1, 1, 0, 0, 15, 1, 0, -1, 2 ]
[ 1, 0, 2, 1, 1, 0, 0, 0, 31 ]
[ 15, 0, -1, 1, 1, 0, 1, 0, 2 ]
[ 31, 0, 0, -15, 1, 0, -15, 0, 1 ]
[ -1, -2, 0, 0, -1, 1, 0, 0, 31 ]
[ 1, 2, 0, 0, 31, 0, 0, -1, 1 ]
[ 0, -1, 1, 1, 2, 0, 0, 0, 31 ]
[ 15, -1, 0, 1, 2, 0, 0, -1, 1 ]
[ 1, 0, 2, -15, 1, 0, 0, 0, 31 ]
[ 15, 0, -1, -15, 1, 0, 1, 0, 2 ]
[ -1, 0, -2, 0, -1, 1, 0, 0, 31 ]
[ 15, -1, 0, 1, 0, 2, 0, 0, 31 ]
[ -15, 1, 0, 0, -1, 1, 1, 0, 2 ]
[ 31, 0, 0, 0, 1, 0, -10, 0, 1 ]
[ 1, 0, 3, 0, 1, 0, 0, 0, 31 ]
[ 10, 0, -1, 0, 1, 0, 1, 0, 3 ]
[ 31, 0, 0, 10, 1, 0, -10, 0, 1 ]
[ 1, -3, 0, 0, 1, 1, 0, 0, 31 ]
[ 1, -3, 0, 0, 31, 0, 0, 1, 1 ]
[ 0, 1, 1, -1, 3, 0, 0, 0, 31 ]
[ 10, 1, 0, -1, 3, 0, 0, 1, 1 ]
[ 1, 0, 3, 10, 1, 0, 0, 0, 31 ]
[ 10, 0, -1, 10, 1, 0, 1, 0, 3 ]
[ 1, 0, 3, 0, 1, 1, 0, 0, 31 ]
[ -10, -1, 0, 1, 0, 3, 0, 0, 31 ]
[ 10, 1, 0, 0, 1, 1, 1, 0, 3 ]
[ 31, 0, 0, -11, 1, 0, -10, 0, 1 ]
[ 1, -1, 1, -2, 3, 0, 0, 0, 31 ]
[ 11, -1, 0, -2, 3, 0, 1, -1, 1 ]
[ 1, 0, 3, -11, 1, 0, 0, 0, 31 ]
[ 10, 0, -1, -11, 1, 0, 1, 0, 3 ]
[ 1, -17, 0, 0, 31, 0, 0, -15, 1 ]
[ 2, -3, 0, -1, 2, 1, 0, 0, 31 ]
[ 2, -3, 0, -1, 17, 0, -1, 2, 1 ]
[ -1, 0, -3, 1, -1, 1, 0, 0, 31 ]
[ 11, -1, 0, 1, 0, 3, 0, 0, 31 ]
[ -11, 1, 0, 1, -1, 1, 1, 0, 3 ]
[ 1, -17, 0, 0, 1, 2, 0, 0, 31 ]
[ -1, 17, 0, 0, -15, 1, 0, 1, 2 ]
[ 0, 1, 2, -1, 17, 0, 0, 0, 31 ]
[ 1, -2, -1, 0, 1, 2, 0, 0, 31 ]
[ 1, -2, -1, -1, 17, 0, 0, 1, 2 ]
[ 1, -1, 0, 0, 31, 0, 0, -10, 1 ]
[ 31, 0, 0, -1, 1, 0, -10, 0, 1 ]
[ 1, -1, 0, 0, 1, 3, 0, 0, 31 ]
[ -1, 1, 0, 0, -10, 1, 0, 1, 3 ]
[ 1, 0, 3, -1, 1, 0, 0, 0, 31 ]
[ 10, 0, -1, -1, 1, 0, 1, 0, 3 ]
[ 31, 0, 0, 9, 1, 0, -10, 0, 1 ]
[ -1, 1, 1, -4, 3, 0, 0, 0, 31 ]
[ 9, 1, 0, -4, 3, 0, -1, 1, 1 ]
[ 1, 0, 3, 9, 1, 0, 0, 0, 31 ]
[ 10, 0, -1, 9, 1, 0, 1, 0, 3 ]
[ 1, 7, 0, 0, 31, 0, 0, 8, 1 ]
[ 4, -3, 0, -1, 1, 1, 0, 0, 31 ]
[ 4, -3, 0, 1, 7, 0, -1, 1, 1 ]
[ 1, 0, 3, -1, 1, 1, 0, 0, 31 ]
[ -9, -1, 0, 1, 0, 3, 0, 0, 31 ]
[ 9, 1, 0, -1, 1, 1, 1, 0, 3 ]
[ 1, 7, 0, 0, 1, 4, 0, 0, 31 ]
[ 1, 7, 0, 0, 8, 1, 0, 1, 4 ]
[ 0, -1, -4, 1, 7, 0, 0, 0, 31 ]
[ 1, -1, -1, 0, 1, 4, 0, 0, 31 ]
[ 1, -1, -1, 1, 7, 0, 0, 1, 4 ]
[ 31, 0, 0, -12, 1, 0, -10, 0, 1 ]
[ 2, -1, 1, -5, 3, 0, 0, 0, 31 ]
[ 12, -1, 0, -5, 3, 0, 2, -1, 1 ]
[ 1, 0, 3, -12, 1, 0, 0, 0, 31 ]
[ 10, 0, -1, -12, 1, 0, 1, 0, 3 ]
[ 5, -3, 0, 2, -1, 1, 0, 0, 31 ]
[ 5, -3, 0, 2, 5, 0, 2, -1, 1 ]
[ -1, 0, -3, 2, -1, 1, 0, 0, 31 ]
[ 12, -1, 0, 1, 0, 3, 0, 0, 31 ]
[ -12, 1, 0, 2, -1, 1, 1, 0, 3 ]
[ 1, 18, 0, 0, 31, 0, 0, -6, 1 ]
[ 2, 5, 0, 1, 18, 0, 0, -6, 1 ]
[ 2, -1, 1, 1, 0, 3, 0, 0, 31 ]
[ 2, -1, 1, 2, 5, 0, 1, 0, 3 ]
[ 1, 18, 0, 0, 1, 5, 0, 0, 31 ]
[ -1, -18, 0, 0, -6, 1, 0, 1, 5 ]
[ 0, -1, -5, 1, 18, 0, 0, 0, 31 ]
[ 0, -6, 1, 1, 18, 0, 0, 1, 5 ]
[ -2, -5, 0, 0, -6, 1, 1, 0, 3 ]
[ 1, 0, 3, 0, 1, 5, 0, 0, 31 ]
[ 1, 0, 3, 2, 5, 0, 0, 1, 5 ]
[ -1, 0, -3, 0, -6, 1, 0, 1, 5 ]
[ 0, -1, -5, 1, 0, 3, 0, 0, 31 ]
[ -2, -5, 0, 1, 0, 3, 0, 1, 5 ]
[ -1, -3, -18, 2, 5, 0, 0, 0, 31 ]
[ 0, -1, -5, 1, 3, 18, 0, 0, 31 ]
[ 0, -1, -5, 2, 5, 0, 1, 3, 18 ]
[ 1, 0, 3, 0, 1, 5, 0, 0, 31 ]
[ 1, 3, 18, 0, 1, 5, 0, 0, 31 ]
[ 2, 5, 0, 1, 3, 18, 0, 0, 31 ]
[ 2, 5, 0, 0, 1, 5, 1, 3, 18 ]
[ 31, 0, 0, -2, 1, 0, -10, 0, 1 ]
[ 1, -16, 0, 0, 31, 0, 0, -5, 1 ]
[ 2, -1, 0, -1, 16, 0, 0, -5, 1 ]
[ 1, 0, 3, -2, 1, 0, 0, 0, 31 ]
[ 10, 0, -1, -2, 1, 0, 1, 0, 3 ]
[ 1, -16, 0, 0, 1, 6, 0, 0, 31 ]
[ -1, 16, 0, 0, -5, 1, 0, 1, 6 ]
[ 0, 1, 6, -1, 16, 0, 0, 0, 31 ]
[ 0, 5, -1, -1, 16, 0, 0, 1, 6 ]
[ 2, -1, 0, -1, 1, 3, 0, 0, 31 ]
[ -2, 1, 0, 0, -5, 1, -1, 1, 3 ]
[ 1, -1, -3, 0, 1, 6, 0, 0, 31 ]
[ -1, 1, 3, 0, -5, 1, 0, 1, 6 ]
[ 31, 0, 0, 8, 1, 0, -10, 0, 1 ]
[ 1, 4, 0, 0, 31, 0, 0, 9, 1 ]
[ 8, 1, 0, 1, 4, 0, -2, 1, 1 ]
[ 1, 0, 3, 8, 1, 0, 0, 0, 31 ]
[ 10, 0, -1, 8, 1, 0, 1, 0, 3 ]
[ 1, 4, 0, 0, 9, 1, 0, -4, 3 ]
[ 2, -1, -1, 1, 0, 3, 0, 0, 31 ]
[ 2, -1, -1, 1, 4, 0, 1, 0, 3 ]
[ 1, 0, 3, -2, 1, 1, 0, 0, 31 ]
[ -8, -1, 0, 1, 0, 3, 0, 0, 31 ]
[ 8, 1, 0, -2, 1, 1, 1, 0, 3 ]
[ 1, 4, 0, 0, 1, 7, 0, 0, 31 ]
[ -1, -4, 0, 0, -4, 3, 0, 1, 7 ]
[ 0, -1, -7, 1, 4, 0, 0, 0, 31 ]
[ 1, 0, 3, 0, 1, 7, 0, 0, 31 ]
[ 1, 0, 3, 1, 4, 0, 0, 1, 7 ]
[ 31, 0, 0, -13, 1, 0, -10, 0, 1 ]
[ 13, -1, 0, 5, 2, 0, 3, -1, 1 ]
[ 1, 0, 3, -13, 1, 0, 0, 0, 31 ]
[ 10, 0, -1, -13, 1, 0, 1, 0, 3 ]
[ 5, 2, 0, 2, 7, 0, -2, -3, 1 ]
[ 3, -1, 1, 1, 0, 3, 0, 0, 31 ]
[ 3, -1, 1, 5, 2, 0, 1, 0, 3 ]
[ -1, 0, -3, 3, -1, 1, 0, 0, 31 ]
[ 13, -1, 0, 1, 0, 3, 0, 0, 31 ]
[ -13, 1, 0, 3, -1, 1, 1, 0, 3 ]
[ 1, 19, 0, 0, 31, 0, 0, 4, 1 ]
[ 2, 7, 0, 1, 19, 0, 0, 4, 1 ]
[ 1, 3, -4, 2, 7, 0, 0, 0, 31 ]
[ 2, 3, -1, 2, 7, 0, -1, -3, 4 ]
[ -5, -2, 0, -2, -3, 1, 1, 0, 3 ]
[ 3, 1, 17, 5, 2, 0, 0, 0, 31 ]
[ 1, 0, 3, 3, 1, 17, 0, 0, 31 ]
[ 1, 0, 3, 5, 2, 0, 3, 1, 17 ]
[ 1, 19, 0, 0, 1, 8, 0, 0, 31 ]
[ 1, 19, 0, 0, 4, 1, 0, 1, 8 ]
[ 0, -1, -8, 1, 19, 0, 0, 0, 31 ]
[ 0, -4, -1, 1, 19, 0, 0, 1, 8 ]
[ 2, 7, 0, 1, 4, 4, 0, 0, 31 ]
[ 2, 7, 0, 0, 4, 1, 1, 4, 4 ]
[ -1, -2, 12, -1, -3, 4, 0, 0, 31 ]
[ -2, -3, 1, -1, -2, 12, 0, 0, 31 ]
[ -2, -3, 1, -1, -3, 4, -1, -2, 12 ]
[ -1, -1, -11, -2, -3, 1, 0, 0, 31 ]
[ 1, 0, 3, 1, 1, 11, 0, 0, 31 ]
[ -1, 0, -3, -2, -3, 1, 1, 1, 11 ]
[ -3, -1, -17, 1, 0, 3, 0, 0, 31 ]
[ -5, -2, 0, 3, 1, 17, 0, 0, 31 ]
[ -5, -2, 0, 1, 0, 3, 3, 1, 17 ]
[ 1, 4, 4, 0, 1, 8, 0, 0, 31 ]
[ 1, 4, 4, 0, 4, 1, 0, 1, 8 ]
[ 31, 0, 0, -3, 1, 0, -10, 0, 1 ]
[ 1, 10, 0, 0, 31, 0, 0, 7, 1 ]
[ 3, -1, 0, 1, 10, 0, -1, -3, 1 ]
[ 1, 0, 3, -3, 1, 0, 0, 0, 31 ]
[ 10, 0, -1, -3, 1, 0, 1, 0, 3 ]
[ 1, 10, 0, 0, 7, 1, 0, -3, 4 ]
[ 1, 3, -1, 1, 10, 0, 0, -3, 4 ]
[ 3, -1, 0, 1, 0, 3, 0, 0, 31 ]
[ -3, 1, 0, -1, -3, 1, 1, 0, 3 ]
[ 1, 10, 0, 0, 1, 9, 0, 0, 31 ]
[ -1, -10, 0, 0, -3, 4, 0, 1, 9 ]
[ 0, -1, -9, 1, 10, 0, 0, 0, 31 ]
[ 0, -3, 4, 1, 10, 0, 0, 1, 9 ]
[ 1, 3, -1, 0, 1, 9, 0, 0, 31 ]
[ -1, -3, 1, 0, -3, 4, 0, 1, 9 ]
[ 0, 1, 9, -1, -3, 1, 0, 0, 31 ]
[ 1, 0, 3, 0, 1, 9, 0, 0, 31 ]
[ -1, 0, -3, -1, -3, 1, 0, 1, 9 ]
[ 31, 0, 0, 7, 1, 0, -10, 0, 1 ]
[ 7, 1, 0, -3, 4, 0, -3, 1, 1 ]
[ 1, 0, 3, 7, 1, 0, 0, 0, 31 ]
[ 10, 0, -1, 7, 1, 0, 1, 0, 3 ]
[ 1, 9, 0, 0, 31, 0, 0, -3, 1 ]
[ 3, -4, 0, 1, 9, 0, 0, -3, 1 ]
[ 3, -1, -1, 1, 0, 3, 0, 0, 31 ]
[ 3, -1, -1, -3, 4, 0, 1, 0, 3 ]
[ 1, 0, 3, -3, 1, 1, 0, 0, 31 ]
[ -7, -1, 0, 1, 0, 3, 0, 0, 31 ]
[ 7, 1, 0, -3, 1, 1, 1, 0, 3 ]
[ 1, 9, 0, 0, 1, 10, 0, 0, 31 ]
[ -1, -9, 0, 0, -3, 1, 0, 1, 10 ]
[ 0, -1, -10, 1, 9, 0, 0, 0, 31 ]
[ 0, -3, 1, 1, 9, 0, 0, 1, 10 ]
[ -3, 4, 0, 0, -3, 1, 1, 0, 3 ]
[ 1, -1, -7, -3, 4, 0, 0, 0, 31 ]
[ 1, 0, 3, -1, 1, 7, 0, 0, 31 ]
[ 1, 0, 3, -3, 4, 0, -1, 1, 7 ]
[ 1, 0, 3, 0, 1, 10, 0, 0, 31 ]
[ -1, 0, -3, 0, -3, 1, 0, 1, 10 ]
[ 1, -1, -7, 1, 0, 3, 0, 0, 31 ]
[ -3, 4, 0, -1, 1, 7, 0, 0, 31 ]
[ 3, -4, 0, 1, 0, 3, -1, 1, 7 ]
[ 31, 0, 0, -14, 1, 0, -10, 0, 1 ]
[ 14, -1, 0, 3, 2, 0, 4, -1, 1 ]
[ 1, 0, 3, -14, 1, 0, 0, 0, 31 ]
[ 10, 0, -1, -14, 1, 0, 1, 0, 3 ]
[ 1, 11, 0, 0, 31, 0, 0, -14, 1 ]
[ 3, 2, 0, 1, 11, 0, 1, -3, 1 ]
[ 4, -1, 1, 1, 0, 3, 0, 0, 31 ]
[ 4, -1, 1, 3, 2, 0, 1, 0, 3 ]
[ -1, 0, -3, 4, -1, 1, 0, 0, 31 ]
[ 14, -1, 0, 1, 0, 3, 0, 0, 31 ]
[ -14, 1, 0, 4, -1, 1, 1, 0, 3 ]
[ -1, -11, 0, 0, -14, 1, 0, 3, 2 ]
[ 1, -3, 1, 1, 11, 0, 0, 3, 2 ]
[ -3, -2, 0, 1, -3, 1, 1, 0, 3 ]
[ 2, 1, 17, 3, 2, 0, 0, 0, 31 ]
[ 1, 0, 3, 2, 1, 17, 0, 0, 31 ]
[ 1, 0, 3, 3, 2, 0, 2, 1, 17 ]
[ 1, 11, 0, 0, 1, 11, 0, 0, 31 ]
[ 1, 11, 0, 0, 3, 2, 0, 1, 11 ]
[ 0, -1, -11, 1, 11, 0, 0, 0, 31 ]
[ 0, -3, -2, 1, 11, 0, 0, 1, 11 ]
[ 1, -3, 1, 0, 1, 11, 0, 0, 31 ]
[ 1, -3, 1, 0, 3, 2, 0, 1, 11 ]
[ 0, -1, -11, 1, -3, 1, 0, 0, 31 ]
[ 1, 0, 3, 0, 1, 11, 0, 0, 31 ]
[ -1, 0, -3, 1, -3, 1, 0, 1, 11 ]
[ -2, -1, -17, 1, 0, 3, 0, 0, 31 ]
[ -3, -2, 0, 2, 1, 17, 0, 0, 31 ]
[ -3, -2, 0, 1, 0, 3, 2, 1, 17 ]
[ 31, 0, 0, -4, 1, 0, -10, 0, 1 ]
[ 1, -8, 0, 0, 31, 0, 0, 13, 1 ]
[ 4, -1, 0, -1, 8, 0, 2, -3, 1 ]
[ 1, 0, 3, -4, 1, 0, 0, 0, 31 ]
[ 10, 0, -1, -4, 1, 0, 1, 0, 3 ]
[ 1, -8, 0, 0, 13, 1, 0, -5, 2 ]
[ 2, -3, 1, -1, 8, 0, -1, 3, 2 ]
[ 4, -1, 0, 1, 0, 3, 0, 0, 31 ]
[ -4, 1, 0, 2, -3, 1, 1, 0, 3 ]
[ -1, 8, 0, 0, -5, 2, 0, -2, 7 ]
[ 1, -3, -2, -1, 8, 0, 0, -2, 7 ]
[ 1, -2, 10, -1, 3, 2, 0, 0, 31 ]
[ -2, 3, -1, 1, -2, 10, 0, 0, 31 ]
[ 2, -3, 1, -1, 3, 2, 1, -2, 10 ]
[ -1, 1, 9, 2, -3, 1, 0, 0, 31 ]
[ 1, 0, 3, -1, 1, 9, 0, 0, 31 ]
[ -1, 0, -3, 2, -3, 1, -1, 1, 9 ]
[ -1, 8, 0, 0, -1, 19, 0, 0, 31 ]
[ -1, 8, 0, 0, -2, 7, 0, -1, 19 ]
[ 0, 1, -19, -1, 8, 0, 0, 0, 31 ]
[ 0, 2, -7, -1, 8, 0, 0, -1, 19 ]
[ -1, 3, 2, 0, -1, 19, 0, 0, 31 ]
[ -1, 3, 2, 0, -2, 7, 0, -1, 19 ]
[ 31, 0, 0, 6, 1, 0, -10, 0, 1 ]
[ 1, -5, 0, 0, 31, 0, 0, 12, 1 ]
[ 6, 1, 0, -1, 5, 0, 2, 2, 1 ]
[ 1, 0, 3, 6, 1, 0, 0, 0, 31 ]
[ 10, 0, -1, 6, 1, 0, 1, 0, 3 ]
[ 1, -5, 0, 0, 12, 1, 0, 5, 3 ]
[ 2, 2, 1, -1, 5, 0, 1, 0, 3 ]
[ -6, -1, 0, 1, 0, 3, 0, 0, 31 ]
[ 6, 1, 0, 2, 2, 1, 1, 0, 3 ]
[ 1, -5, 0, 0, 5, 3, 0, -2, 5 ]
[ 1, 0, 3, -1, 5, 0, 0, -2, 5 ]
[ -1, -1, -16, 1, 0, 3, 0, 0, 31 ]
[ -2, -2, -1, 1, 0, 3, 1, 1, 16 ]
[ 1, 0, 3, 1, 1, 16, 0, 0, 31 ]
[ 1, 0, 3, 2, 2, 1, 1, 1, 16 ]
[ -1, 5, 0, 0, -1, 18, 0, 0, 31 ]
[ -1, 5, 0, 0, -2, 5, 0, -1, 18 ]
[ 0, 1, -18, -1, 5, 0, 0, 0, 31 ]
[ 0, 2, -5, -1, 5, 0, 0, -1, 18 ]
[ -1, 0, -3, 0, -1, 18, 0, 0, 31 ]
[ -1, 0, -3, 0, -2, 5, 0, -1, 18 ]
[ 31, 0, 0, -15, 1, 0, -10, 0, 1 ]
[ 1, 2, 0, 0, 31, 0, 0, -11, 1 ]
[ 15, -1, 0, 1, 2, 0, 5, -1, 1 ]
[ 1, 0, 3, -15, 1, 0, 0, 0, 31 ]
[ 10, 0, -1, -15, 1, 0, 1, 0, 3 ]
[ -1, -2, 0, 0, -11, 1, 0, -2, 3 ]
[ 5, -1, 1, 1, 0, 3, 0, 0, 31 ]
[ 5, -1, 1, 1, 2, 0, 1, 0, 3 ]
[ -1, 0, -3, 5, -1, 1, 0, 0, 31 ]
[ 15, -1, 0, 1, 0, 3, 0, 0, 31 ]
[ -15, 1, 0, 5, -1, 1, 1, 0, 3 ]
[ -1, -2, 0, 0, -1, 17, 0, 0, 31 ]
[ -1, -2, 0, 0, -2, 3, 0, -1, 17 ]
[ 1, 1, 17, 1, 2, 0, 0, 0, 31 ]
[ 1, 0, 3, 1, 1, 17, 0, 0, 31 ]
[ 1, 0, 3, 1, 2, 0, 1, 1, 17 ]
[ 31, 0, 0, -5, 1, 0, -10, 0, 1 ]
[ 1, 6, 0, 0, 31, 0, 0, -2, 1 ]
[ 5, -1, 0, 1, 6, 0, 0, -2, 1 ]
[ 1, 0, 3, -5, 1, 0, 0, 0, 31 ]
[ 10, 0, -1, -5, 1, 0, 1, 0, 3 ]
[ -1, -6, 0, 0, -1, 16, 0, 0, 31 ]
[ -1, -6, 0, 0, -2, 1, 0, -1, 16 ]
[ 0, -1, 16, 1, 6, 0, 0, 0, 31 ]
[ 0, -2, 1, 1, 6, 0, 0, -1, 16 ]
[ 5, -1, 0, 1, 0, 3, 0, 0, 31 ]
[ -5, 1, 0, 0, -2, 1, 1, 0, 3 ]
[ -1, 0, -3, 0, -1, 16, 0, 0, 31 ]
[ -1, 0, -3, 0, -2, 1, 0, -1, 16 ]
[ 31, 0, 0, 5, 1, 0, -10, 0, 1 ]
[ 1, -6, 0, 0, 31, 0, 0, 2, 1 ]
[ 5, 1, 0, -1, 6, 0, 0, 2, 1 ]
[ 1, 0, 3, 5, 1, 0, 0, 0, 31 ]
[ 10, 0, -1, 5, 1, 0, 1, 0, 3 ]
[ 1, -6, 0, 0, 1, 16, 0, 0, 31 ]
[ 1, -6, 0, 0, 2, 1, 0, 1, 16 ]
[ 0, 1, 16, -1, 6, 0, 0, 0, 31 ]
[ 0, 2, 1, -1, 6, 0, 0, 1, 16 ]
[ -5, -1, 0, 1, 0, 3, 0, 0, 31 ]
[ 5, 1, 0, 0, 2, 1, 1, 0, 3 ]
[ 1, 0, 3, 0, 1, 16, 0, 0, 31 ]
[ 1, 0, 3, 0, 2, 1, 0, 1, 16 ]
[ 31, 0, 0, 15, 1, 0, -10, 0, 1 ]
[ 1, -2, 0, 0, 31, 0, 0, 11, 1 ]
[ 15, 1, 0, -1, 2, 0, 5, 1, 1 ]
[ 1, 0, 3, 15, 1, 0, 0, 0, 31 ]
[ 10, 0, -1, 15, 1, 0, 1, 0, 3 ]
[ 1, -2, 0, 0, 11, 1, 0, 2, 3 ]
[ -5, -1, -1, 1, 0, 3, 0, 0, 31 ]
[ 5, 1, 1, -1, 2, 0, 1, 0, 3 ]
[ 1, 0, 3, 5, 1, 1, 0, 0, 31 ]
[ -15, -1, 0, 1, 0, 3, 0, 0, 31 ]
[ 15, 1, 0, 5, 1, 1, 1, 0, 3 ]
[ 1, -2, 0, 0, 1, 17, 0, 0, 31 ]
[ 1, -2, 0, 0, 2, 3, 0, 1, 17 ]
[ 0, 1, 17, -1, 2, 0, 0, 0, 31 ]
[ 1, 0, 3, 0, 1, 17, 0, 0, 31 ]
[ 1, 0, 3, -1, 2, 0, 0, 1, 17 ]
[ 31, 0, 0, -6, 1, 0, -10, 0, 1 ]
[ 1, 5, 0, 0, 31, 0, 0, -12, 1 ]
[ 6, -1, 0, 1, 5, 0, 2, -2, 1 ]
[ 1, 0, 3, -6, 1, 0, 0, 0, 31 ]
[ 10, 0, -1, -6, 1, 0, 1, 0, 3 ]
[ -1, -5, 0, 0, -12, 1, 0, -5, 3 ]
[ 2, -2, 1, 1, 5, 0, 1, 0, 3 ]
[ 6, -1, 0, 1, 0, 3, 0, 0, 31 ]
[ -6, 1, 0, 2, -2, 1, 1, 0, 3 ]
[ -1, -5, 0, 0, -5, 3, 0, 2, 5 ]
[ 1, 0, 3, 1, 5, 0, 0, 2, 5 ]
[ 1, -1, 16, 1, 0, 3, 0, 0, 31 ]
[ 2, -2, 1, 1, 0, 3, 1, -1, 16 ]
[ -1, 0, -3, 1, -1, 16, 0, 0, 31 ]
[ -1, 0, -3, 2, -2, 1, 1, -1, 16 ]
[ 1, 5, 0, 0, 1, 18, 0, 0, 31 ]
[ 1, 5, 0, 0, 2, 5, 0, 1, 18 ]
[ 0, -1, -18, 1, 5, 0, 0, 0, 31 ]
[ 0, -2, -5, 1, 5, 0, 0, 1, 18 ]
[ 1, 0, 3, 0, 1, 18, 0, 0, 31 ]
[ 1, 0, 3, 0, 2, 5, 0, 1, 18 ]
[ 31, 0, 0, 4, 1, 0, -10, 0, 1 ]
[ 1, 8, 0, 0, 31, 0, 0, -13, 1 ]
[ 4, 1, 0, 1, 8, 0, 2, 3, 1 ]
[ 1, 0, 3, 4, 1, 0, 0, 0, 31 ]
[ 10, 0, -1, 4, 1, 0, 1, 0, 3 ]
[ -1, -8, 0, 0, -13, 1, 0, 5, 2 ]
[ 2, 3, 1, 1, 8, 0, -1, -3, 2 ]
[ -4, -1, 0, 1, 0, 3, 0, 0, 31 ]
[ 4, 1, 0, 2, 3, 1, 1, 0, 3 ]
[ 1, 8, 0, 0, 5, 2, 0, 2, 7 ]
[ 1, 3, -2, 1, 8, 0, 0, 2, 7 ]
[ -1, -2, -10, -1, -3, 2, 0, 0, 31 ]
[ 2, 3, 1, 1, 2, 10, 0, 0, 31 ]
[ -2, -3, -1, -1, -3, 2, 1, 2, 10 ]
[ 1, 1, -9, 2, 3, 1, 0, 0, 31 ]
[ -1, 0, -3, -1, -1, 9, 0, 0, 31 ]
[ 1, 0, 3, 2, 3, 1, -1, -1, 9 ]
[ 1, 8, 0, 0, 1, 19, 0, 0, 31 ]
[ 1, 8, 0, 0, 2, 7, 0, 1, 19 ]
[ 0, -1, -19, 1, 8, 0, 0, 0, 31 ]
[ 0, -2, -7, 1, 8, 0, 0, 1, 19 ]
[ 1, 3, -2, 0, 1, 19, 0, 0, 31 ]
[ 1, 3, -2, 0, 2, 7, 0, 1, 19 ]
[ 31, 0, 0, 14, 1, 0, -10, 0, 1 ]
[ 14, 1, 0, -3, 2, 0, 4, 1, 1 ]
[ 1, 0, 3, 14, 1, 0, 0, 0, 31 ]
[ 10, 0, -1, 14, 1, 0, 1, 0, 3 ]
[ 1, -11, 0, 0, 31, 0, 0, 14, 1 ]
[ 3, -2, 0, -1, 11, 0, 1, 3, 1 ]
[ -4, -1, -1, 1, 0, 3, 0, 0, 31 ]
[ 4, 1, 1, -3, 2, 0, 1, 0, 3 ]
[ 1, 0, 3, 4, 1, 1, 0, 0, 31 ]
[ -14, -1, 0, 1, 0, 3, 0, 0, 31 ]
[ 14, 1, 0, 4, 1, 1, 1, 0, 3 ]
[ 1, -11, 0, 0, 14, 1, 0, -3, 2 ]
[ 1, 3, 1, -1, 11, 0, 0, -3, 2 ]
[ 3, -2, 0, 1, 3, 1, 1, 0, 3 ]
[ -1, 1, 17, -3, 2, 0, 0, 0, 31 ]
[ 1, 0, 3, -1, 1, 17, 0, 0, 31 ]
[ 1, 0, 3, -3, 2, 0, -1, 1, 17 ]
[ -1, 11, 0, 0, -1, 11, 0, 0, 31 ]
[ -1, 11, 0, 0, -3, 2, 0, -1, 11 ]
[ 0, 1, -11, -1, 11, 0, 0, 0, 31 ]
[ 0, 3, -2, -1, 11, 0, 0, -1, 11 ]
[ -1, -3, -1, 0, -1, 11, 0, 0, 31 ]
[ -1, -3, -1, 0, -3, 2, 0, -1, 11 ]
[ 0, -1, 11, 1, 3, 1, 0, 0, 31 ]
[ -1, 0, -3, 0, -1, 11, 0, 0, 31 ]
[ 1, 0, 3, 1, 3, 1, 0, -1, 11 ]
[ 1, -1, -17, 1, 0, 3, 0, 0, 31 ]
[ 3, -2, 0, -1, 1, 17, 0, 0, 31 ]
[ 3, -2, 0, 1, 0, 3, -1, 1, 17 ]
[ 31, 0, 0, -7, 1, 0, -10, 0, 1 ]
[ 7, -1, 0, 3, 4, 0, -3, -1, 1 ]
[ 1, 0, 3, -7, 1, 0, 0, 0, 31 ]
[ 10, 0, -1, -7, 1, 0, 1, 0, 3 ]
[ 1, -9, 0, 0, 31, 0, 0, 3, 1 ]
[ 3, 4, 0, -1, 9, 0, 0, 3, 1 ]
[ -3, -1, 1, 1, 0, 3, 0, 0, 31 ]
[ 3, 1, -1, 3, 4, 0, 1, 0, 3 ]
[ -1, 0, -3, -3, -1, 1, 0, 0, 31 ]
[ 7, -1, 0, 1, 0, 3, 0, 0, 31 ]
[ -7, 1, 0, -3, -1, 1, 1, 0, 3 ]
[ -1, 9, 0, 0, -1, 10, 0, 0, 31 ]
[ 1, -9, 0, 0, 3, 1, 0, -1, 10 ]
[ 0, 1, -10, -1, 9, 0, 0, 0, 31 ]
[ 0, 3, 1, -1, 9, 0, 0, -1, 10 ]
[ 3, 4, 0, 0, 3, 1, 1, 0, 3 ]
[ 1, 1, -7, 3, 4, 0, 0, 0, 31 ]
[ -1, 0, -3, -1, -1, 7, 0, 0, 31 ]
[ 1, 0, 3, 3, 4, 0, -1, -1, 7 ]
[ -1, 0, -3, 0, -1, 10, 0, 0, 31 ]
[ 1, 0, 3, 0, 3, 1, 0, -1, 10 ]
[ -1, -1, 7, 1, 0, 3, 0, 0, 31 ]
[ 3, 4, 0, -1, -1, 7, 0, 0, 31 ]
[ -3, -4, 0, 1, 0, 3, -1, -1, 7 ]
[ 31, 0, 0, 3, 1, 0, -10, 0, 1 ]
[ 1, -10, 0, 0, 31, 0, 0, -7, 1 ]
[ 3, 1, 0, -1, 10, 0, -1, 3, 1 ]
[ 1, 0, 3, 3, 1, 0, 0, 0, 31 ]
[ 10, 0, -1, 3, 1, 0, 1, 0, 3 ]
[ -1, 10, 0, 0, -7, 1, 0, 3, 4 ]
[ 1, -3, -1, -1, 10, 0, 0, 3, 4 ]
[ -3, -1, 0, 1, 0, 3, 0, 0, 31 ]
[ 3, 1, 0, -1, 3, 1, 1, 0, 3 ]
[ -1, 10, 0, 0, -1, 9, 0, 0, 31 ]
[ 1, -10, 0, 0, 3, 4, 0, -1, 9 ]
[ 0, 1, -9, -1, 10, 0, 0, 0, 31 ]
[ 0, 3, 4, -1, 10, 0, 0, -1, 9 ]
[ -1, 3, 1, 0, -1, 9, 0, 0, 31 ]
[ 1, -3, -1, 0, 3, 4, 0, -1, 9 ]
[ 0, 1, -9, -1, 3, 1, 0, 0, 31 ]
[ -1, 0, -3, 0, -1, 9, 0, 0, 31 ]
[ 1, 0, 3, -1, 3, 1, 0, -1, 9 ]
[ 31, 0, 0, 13, 1, 0, -10, 0, 1 ]
[ 13, 1, 0, -5, 2, 0, 3, 1, 1 ]
[ 1, 0, 3, 13, 1, 0, 0, 0, 31 ]
[ 10, 0, -1, 13, 1, 0, 1, 0, 3 ]
[ 5, -2, 0, -2, 7, 0, -2, 3, 1 ]
[ -3, -1, -1, 1, 0, 3, 0, 0, 31 ]
[ 3, 1, 1, -5, 2, 0, 1, 0, 3 ]
[ 1, 0, 3, 3, 1, 1, 0, 0, 31 ]
[ -13, -1, 0, 1, 0, 3, 0, 0, 31 ]
[ 13, 1, 0, 3, 1, 1, 1, 0, 3 ]
[ 1, -19, 0, 0, 31, 0, 0, -4, 1 ]
[ 2, -7, 0, -1, 19, 0, 0, -4, 1 ]
[ 1, -3, -4, -2, 7, 0, 0, 0, 31 ]
[ 2, -3, -1, -2, 7, 0, -1, 3, 4 ]
[ 5, -2, 0, -2, 3, 1, 1, 0, 3 ]
[ -2, 1, 17, -5, 2, 0, 0, 0, 31 ]
[ 1, 0, 3, -2, 1, 17, 0, 0, 31 ]
[ 1, 0, 3, -5, 2, 0, -2, 1, 17 ]
[ -1, 19, 0, 0, -1, 8, 0, 0, 31 ]
[ -1, 19, 0, 0, -4, 1, 0, -1, 8 ]
[ 0, 1, -8, -1, 19, 0, 0, 0, 31 ]
[ 0, 4, -1, -1, 19, 0, 0, -1, 8 ]
[ -2, 7, 0, -1, 3, 4, 0, 0, 31 ]
[ -2, 7, 0, 0, -4, 1, -1, 3, 4 ]
[ 1, -2, -12, -1, 3, 4, 0, 0, 31 ]
[ 2, -3, -1, -1, 2, 12, 0, 0, 31 ]
[ 2, -3, -1, -1, 3, 4, -1, 2, 12 ]
[ 1, -1, 11, -2, 3, 1, 0, 0, 31 ]
[ -1, 0, -3, 1, -1, 11, 0, 0, 31 ]
[ 1, 0, 3, -2, 3, 1, 1, -1, 11 ]
[ 2, -1, -17, 1, 0, 3, 0, 0, 31 ]
[ 5, -2, 0, -2, 1, 17, 0, 0, 31 ]
[ 5, -2, 0, 1, 0, 3, -2, 1, 17 ]
[ -1, 3, 4, 0, -1, 8, 0, 0, 31 ]
[ -1, 3, 4, 0, -4, 1, 0, -1, 8 ]
[ 31, 0, 0, -8, 1, 0, -10, 0, 1 ]
[ 1, -4, 0, 0, 31, 0, 0, -9, 1 ]
[ 8, -1, 0, -1, 4, 0, -2, -1, 1 ]
[ 1, 0, 3, -8, 1, 0, 0, 0, 31 ]
[ 10, 0, -1, -8, 1, 0, 1, 0, 3 ]
[ -1, 4, 0, 0, -9, 1, 0, 4, 3 ]
[ -2, -1, 1, 1, 0, 3, 0, 0, 31 ]
[ 2, 1, -1, -1, 4, 0, 1, 0, 3 ]
[ -1, 0, -3, -2, -1, 1, 0, 0, 31 ]
[ 8, -1, 0, 1, 0, 3, 0, 0, 31 ]
[ -8, 1, 0, -2, -1, 1, 1, 0, 3 ]
[ -1, 4, 0, 0, -1, 7, 0, 0, 31 ]
[ 1, -4, 0, 0, 4, 3, 0, -1, 7 ]
[ 0, 1, -7, -1, 4, 0, 0, 0, 31 ]
[ -1, 0, -3, 0, -1, 7, 0, 0, 31 ]
[ 1, 0, 3, -1, 4, 0, 0, -1, 7 ]
[ 31, 0, 0, 2, 1, 0, -10, 0, 1 ]
[ 1, 16, 0, 0, 31, 0, 0, 5, 1 ]
[ 2, 1, 0, 1, 16, 0, 0, 5, 1 ]
[ 1, 0, 3, 2, 1, 0, 0, 0, 31 ]
[ 10, 0, -1, 2, 1, 0, 1, 0, 3 ]
[ -1, -16, 0, 0, -1, 6, 0, 0, 31 ]
[ 1, 16, 0, 0, 5, 1, 0, -1, 6 ]
[ 0, -1, 6, 1, 16, 0, 0, 0, 31 ]
[ 0, -5, -1, 1, 16, 0, 0, -1, 6 ]
[ -2, -1, 0, 1, 0, 3, 0, 0, 31 ]
[ 2, 1, 0, 0, 5, 1, 1, 0, 3 ]
[ -1, 0, -3, 0, -1, 6, 0, 0, 31 ]
[ 1, 0, 3, 0, 5, 1, 0, -1, 6 ]
[ 31, 0, 0, 12, 1, 0, -10, 0, 1 ]
[ 2, 1, 1, 5, 3, 0, 0, 0, 31 ]
[ 12, 1, 0, 5, 3, 0, 2, 1, 1 ]
[ 1, 0, 3, 12, 1, 0, 0, 0, 31 ]
[ 10, 0, -1, 12, 1, 0, 1, 0, 3 ]
[ -5, -3, 0, 2, 1, 1, 0, 0, 31 ]
[ 5, 3, 0, -2, 5, 0, 2, 1, 1 ]
[ 1, 0, 3, 2, 1, 1, 0, 0, 31 ]
[ -12, -1, 0, 1, 0, 3, 0, 0, 31 ]
[ 12, 1, 0, 2, 1, 1, 1, 0, 3 ]
[ 1, -18, 0, 0, 31, 0, 0, 6, 1 ]
[ 2, -5, 0, -1, 18, 0, 0, 6, 1 ]
[ -2, -1, -1, 1, 0, 3, 0, 0, 31 ]
[ 2, 1, 1, -2, 5, 0, 1, 0, 3 ]
[ -1, 18, 0, 0, -1, 5, 0, 0, 31 ]
[ 1, -18, 0, 0, 6, 1, 0, -1, 5 ]
[ 0, 1, -5, -1, 18, 0, 0, 0, 31 ]
[ 0, 6, 1, -1, 18, 0, 0, -1, 5 ]
[ 2, -5, 0, 0, 6, 1, -1, 5, 3 ]
[ -1, 0, -3, 0, -1, 5, 0, 0, 31 ]
[ 1, 0, 3, -2, 5, 0, 0, -1, 5 ]
[ -1, 5, 3, 0, -1, 5, 0, 0, 31 ]
[ 1, -5, -3, 0, 6, 1, 0, -1, 5 ]
[ 0, 1, -5, -1, 5, 3, 0, 0, 31 ]
[ 2, -5, 0, -1, 5, 3, 0, -1, 5 ]
[ 1, -2, -18, -2, 5, 0, 0, 0, 31 ]
[ 0, 1, -5, -1, 2, 18, 0, 0, 31 ]
[ 0, 1, -5, -2, 5, 0, -1, 2, 18 ]
[ -1, 2, 18, 0, -1, 5, 0, 0, 31 ]
[ -2, 5, 0, -1, 2, 18, 0, 0, 31 ]
[ -2, 5, 0, 0, -1, 5, -1, 2, 18 ]
[ 31, 0, 0, -9, 1, 0, -10, 0, 1 ]
[ -1, -1, 1, 4, 3, 0, 0, 0, 31 ]
[ 9, -1, 0, 4, 3, 0, -1, -1, 1 ]
[ 1, 0, 3, -9, 1, 0, 0, 0, 31 ]
[ 10, 0, -1, -9, 1, 0, 1, 0, 3 ]
[ 1, -7, 0, 0, 31, 0, 0, -8, 1 ]
[ -4, -3, 0, -1, -1, 1, 0, 0, 31 ]
[ 4, 3, 0, -1, 7, 0, -1, -1, 1 ]
[ -1, 0, -3, -1, -1, 1, 0, 0, 31 ]
[ 9, -1, 0, 1, 0, 3, 0, 0, 31 ]
[ -9, 1, 0, -1, -1, 1, 1, 0, 3 ]
[ -1, 7, 0, 0, -1, 4, 0, 0, 31 ]
[ -1, 7, 0, 0, -8, 1, 0, -1, 4 ]
[ 0, 1, -4, -1, 7, 0, 0, 0, 31 ]
[ -1, -1, 1, 0, -1, 4, 0, 0, 31 ]
[ 1, 1, -1, -1, 7, 0, 0, -1, 4 ]
[ 1, 1, 0, 0, 31, 0, 0, 10, 1 ]
[ 31, 0, 0, 1, 1, 0, -10, 0, 1 ]
[ -1, -1, 0, 0, -1, 3, 0, 0, 31 ]
[ 1, 1, 0, 0, 10, 1, 0, -1, 3 ]
[ 1, 0, 3, 1, 1, 0, 0, 0, 31 ]
[ 10, 0, -1, 1, 1, 0, 1, 0, 3 ]
[ 31, 0, 0, 11, 1, 0, -10, 0, 1 ]
[ 1, 1, 1, 2, 3, 0, 0, 0, 31 ]
[ 11, 1, 0, 2, 3, 0, 1, 1, 1 ]
[ 1, 0, 3, 11, 1, 0, 0, 0, 31 ]
[ 10, 0, -1, 11, 1, 0, 1, 0, 3 ]
[ 1, 17, 0, 0, 31, 0, 0, 15, 1 ]
[ -2, -3, 0, -1, -2, 1, 0, 0, 31 ]
[ 2, 3, 0, 1, 17, 0, -1, -2, 1 ]
[ 1, 0, 3, 1, 1, 1, 0, 0, 31 ]
[ -11, -1, 0, 1, 0, 3, 0, 0, 31 ]
[ 11, 1, 0, 1, 1, 1, 1, 0, 3 ]
[ -1, -17, 0, 0, -1, 2, 0, 0, 31 ]
[ 1, 17, 0, 0, 15, 1, 0, -1, 2 ]
[ 0, -1, 2, 1, 17, 0, 0, 0, 31 ]
[ -1, -2, 1, 0, -1, 2, 0, 0, 31 ]
[ 1, 2, -1, 1, 17, 0, 0, -1, 2 ]
[ 31, 0, 0, -10, 1, 0, -10, 0, 1 ]
[ -1, -3, 0, 0, -1, 1, 0, 0, 31 ]
[ 1, 3, 0, 0, 31, 0, 0, -1, 1 ]
[ 0, -1, 1, 1, 3, 0, 0, 0, 31 ]
[ 10, -1, 0, 1, 3, 0, 0, -1, 1 ]
[ 1, 0, 3, -10, 1, 0, 0, 0, 31 ]
[ 10, 0, -1, -10, 1, 0, 1, 0, 3 ]
[ -1, 0, -3, 0, -1, 1, 0, 0, 31 ]
[ 10, -1, 0, 1, 0, 3, 0, 0, 31 ]
[ -10, 1, 0, 0, -1, 1, 1, 0, 3 ]
[ 31, 0, 0, 0, 1, 0, 8, 0, 1 ]
[ 1, 0, 4, 0, 1, 0, 0, 0, 31 ]
[ 8, 0, 1, 0, 1, 0, 1, 0, 4 ]
[ 31, 0, 0, -8, 1, 0, 8, 0, 1 ]
[ 1, -4, 0, 0, 1, 1, 0, 0, 31 ]
[ 1, -4, 0, 0, 31, 0, 0, 1, 1 ]
[ 0, 1, 1, -1, 4, 0, 0, 0, 31 ]
[ 8, -1, 0, -1, 4, 0, 0, 1, 1 ]
[ 1, 0, 4, -8, 1, 0, 0, 0, 31 ]
[ 8, 0, 1, -8, 1, 0, 1, 0, 4 ]
[ 1, 0, 4, 0, 1, 1, 0, 0, 31 ]
[ 8, -1, 0, 1, 0, 4, 0, 0, 31 ]
[ 8, -1, 0, 0, 1, 1, 1, 0, 4 ]
[ 31, 0, 0, 15, 1, 0, 8, 0, 1 ]
[ 1, -2, 0, 0, 31, 0, 0, -15, 1 ]
[ 15, 1, 0, -1, 2, 0, -7, -1, 1 ]
[ 1, 0, 4, 15, 1, 0, 0, 0, 31 ]
[ 8, 0, 1, 15, 1, 0, 1, 0, 4 ]
[ 1, -2, 0, 0, 1, 2, 0, 0, 31 ]
[ -1, 2, 0, 0, -15, 1, 0, 1, 2 ]
[ 0, 1, 2, -1, 2, 0, 0, 0, 31 ]
[ 7, 1, -1, -1, 2, 0, 0, 1, 2 ]
[ -1, 0, -4, -7, -1, 1, 0, 0, 31 ]
[ -15, -1, 0, 1, 0, 4, 0, 0, 31 ]
[ -15, -1, 0, -7, -1, 1, 1, 0, 4 ]
[ 1, 0, 4, 0, 1, 2, 0, 0, 31 ]
[ -7, -1, 1, 1, 0, 4, 0, 0, 31 ]
[ 7, 1, -1, 0, 1, 2, 1, 0, 4 ]
[ 31, 0, 0, 7, 1, 0, 8, 0, 1 ]
[ 1, -1, 1, -3, 4, 0, 0, 0, 31 ]
[ 7, 1, 0, -3, 4, 0, 1, -1, 1 ]
[ 1, 0, 4, 7, 1, 0, 0, 0, 31 ]
[ 8, 0, 1, 7, 1, 0, 1, 0, 4 ]
[ 1, 9, 0, 0, 31, 0, 0, -10, 1 ]
[ 3, -4, 0, 1, -1, 1, 0, 0, 31 ]
[ 3, -4, 0, 1, 9, 0, 1, -1, 1 ]
[ -1, 0, -4, 1, -1, 1, 0, 0, 31 ]
[ -7, -1, 0, 1, 0, 4, 0, 0, 31 ]
[ -7, -1, 0, 1, -1, 1, 1, 0, 4 ]
[ 1, 9, 0, 0, 1, 3, 0, 0, 31 ]
[ -1, -9, 0, 0, -10, 1, 0, 1, 3 ]
[ 0, -1, -3, 1, 9, 0, 0, 0, 31 ]
[ 1, -1, 1, 0, 1, 3, 0, 0, 31 ]
[ 1, -1, 1, 1, 9, 0, 0, 1, 3 ]
[ 1, -1, 0, 0, 31, 0, 0, 8, 1 ]
[ 31, 0, 0, -1, 1, 0, 8, 0, 1 ]
[ 1, -1, 0, 0, 1, 4, 0, 0, 31 ]
[ 1, -1, 0, 0, 8, 1, 0, 1, 4 ]
[ 1, 0, 4, -1, 1, 0, 0, 0, 31 ]
[ 8, 0, 1, -1, 1, 0, 1, 0, 4 ]
[ 31, 0, 0, -9, 1, 0, 8, 0, 1 ]
[ 9, -1, 0, 4, 3, 0, -1, 1, 1 ]
[ 1, 0, 4, -9, 1, 0, 0, 0, 31 ]
[ 8, 0, 1, -9, 1, 0, 1, 0, 4 ]
[ 1, -7, 0, 0, 31, 0, 0, -6, 1 ]
[ 4, 3, 0, -1, 7, 0, -1, 1, 1 ]
[ 1, -1, -1, 1, 0, 4, 0, 0, 31 ]
[ 1, -1, -1, 4, 3, 0, 1, 0, 4 ]
[ 1, 0, 4, -1, 1, 1, 0, 0, 31 ]
[ 9, -1, 0, 1, 0, 4, 0, 0, 31 ]
[ 9, -1, 0, -1, 1, 1, 1, 0, 4 ]
[ 1, -7, 0, 0, 1, 5, 0, 0, 31 ]
[ -1, 7, 0, 0, -6, 1, 0, 1, 5 ]
[ 0, 1, 5, -1, 7, 0, 0, 0, 31 ]
[ 1, -1, -1, 0, 1, 5, 0, 0, 31 ]
[ 1, -1, -1, -1, 7, 0, 0, 1, 5 ]
[ 4, 3, 0, -1, 1, 1, 1, 0, 4 ]
[ -1, -1, -9, 4, 3, 0, 0, 0, 31 ]
[ 1, 0, 4, 1, 1, 9, 0, 0, 31 ]
[ 1, 0, 4, 4, 3, 0, 1, 1, 9 ]
[ 1, 0, 4, -1, 1, 1, 0, 0, 31 ]
[ -1, -1, -9, 1, 0, 4, 0, 0, 31 ]
[ 4, 3, 0, 1, 1, 9, 0, 0, 31 ]
[ -4, -3, 0, 1, 0, 4, 1, 1, 9 ]
[ 31, 0, 0, 14, 1, 0, 8, 0, 1 ]
[ 14, 1, 0, -3, 2, 0, -6, -1, 1 ]
[ 1, 0, 4, 14, 1, 0, 0, 0, 31 ]
[ 8, 0, 1, 14, 1, 0, 1, 0, 4 ]
[ 1, -11, 0, 0, 31, 0, 0, -5, 1 ]
[ 3, -2, 0, -1, 11, 0, 0, -5, 1 ]
[ -1, 1, 2, -3, 2, 0, 0, 0, 31 ]
[ 6, 1, -1, -3, 2, 0, -1, 1, 2 ]
[ -1, 0, -4, -6, -1, 1, 0, 0, 31 ]
[ -14, -1, 0, 1, 0, 4, 0, 0, 31 ]
[ -14, -1, 0, -6, -1, 1, 1, 0, 4 ]
[ 1, -11, 0, 0, 1, 6, 0, 0, 31 ]
[ -1, 11, 0, 0, -5, 1, 0, 1, 6 ]
[ 0, 1, 6, -1, 11, 0, 0, 0, 31 ]
[ 0, 5, -1, -1, 11, 0, 0, 1, 6 ]
[ 3, -2, 0, -1, 1, 2, 0, 0, 31 ]
[ -3, 2, 0, 0, -5, 1, -1, 1, 2 ]
[ 1, 0, 4, -1, 1, 2, 0, 0, 31 ]
[ -6, -1, 1, 1, 0, 4, 0, 0, 31 ]
[ 6, 1, -1, -1, 1, 2, 1, 0, 4 ]
[ 1, -1, -2, 0, 1, 6, 0, 0, 31 ]
[ -1, 1, 2, 0, -5, 1, 0, 1, 6 ]
[ 31, 0, 0, 6, 1, 0, 8, 0, 1 ]
[ 1, -5, 0, 0, 31, 0, 0, 9, 1 ]
[ 6, 1, 0, -1, 5, 0, 2, -1, 1 ]
[ 1, 0, 4, 6, 1, 0, 0, 0, 31 ]
[ 8, 0, 1, 6, 1, 0, 1, 0, 4 ]
[ 1, -5, 0, 0, 9, 1, 0, -4, 3 ]
[ 2, -1, 1, -1, 1, 3, 0, 0, 31 ]
[ 2, -1, 1, -1, 5, 0, -1, 1, 3 ]
[ -1, 0, -4, 2, -1, 1, 0, 0, 31 ]
[ -6, -1, 0, 1, 0, 4, 0, 0, 31 ]
[ -6, -1, 0, 2, -1, 1, 1, 0, 4 ]
[ 1, -5, 0, 0, 1, 7, 0, 0, 31 ]
[ -1, 5, 0, 0, -4, 3, 0, 1, 7 ]
[ 0, 1, 7, -1, 5, 0, 0, 0, 31 ]
[ 1, -1, -3, 0, 1, 7, 0, 0, 31 ]
[ 1, -1, -3, -1, 5, 0, 0, 1, 7 ]
[ 31, 0, 0, -2, 1, 0, 8, 0, 1 ]
[ 1, -16, 0, 0, 31, 0, 0, 4, 1 ]
[ 2, -1, 0, -1, 16, 0, 0, 4, 1 ]
[ 1, 0, 4, -2, 1, 0, 0, 0, 31 ]
[ 8, 0, 1, -2, 1, 0, 1, 0, 4 ]
[ 1, -16, 0, 0, 1, 8, 0, 0, 31 ]
[ 1, -16, 0, 0, 4, 1, 0, 1, 8 ]
[ 0, 1, 8, -1, 16, 0, 0, 0, 31 ]
[ 0, 4, 1, -1, 16, 0, 0, 1, 8 ]
[ 2, -1, 0, -1, 1, 4, 0, 0, 31 ]
[ 2, -1, 0, 0, 4, 1, -1, 1, 4 ]
[ 1, -1, -4, 0, 1, 8, 0, 0, 31 ]
[ 1, -1, -4, 0, 4, 1, 0, 1, 8 ]
[ 31, 0, 0, -10, 1, 0, 8, 0, 1 ]
[ 1, 3, 0, 0, 31, 0, 0, 7, 1 ]
[ 10, -1, 0, 1, 3, 0, -2, 1, 1 ]
[ 1, 0, 4, -10, 1, 0, 0, 0, 31 ]
[ 8, 0, 1, -10, 1, 0, 1, 0, 4 ]
[ 1, 3, 0, 0, 7, 1, 0, -3, 4 ]
[ 2, -1, -1, 1, 0, 4, 0, 0, 31 ]
[ 2, -1, -1, 1, 3, 0, 1, 0, 4 ]
[ 1, 0, 4, -2, 1, 1, 0, 0, 31 ]
[ 10, -1, 0, 1, 0, 4, 0, 0, 31 ]
[ 10, -1, 0, -2, 1, 1, 1, 0, 4 ]
[ 1, 3, 0, 0, 1, 9, 0, 0, 31 ]
[ -1, -3, 0, 0, -3, 4, 0, 1, 9 ]
[ 0, -1, -9, 1, 3, 0, 0, 0, 31 ]
[ 1, 0, 4, 0, 1, 9, 0, 0, 31 ]
[ 1, 0, 4, 1, 3, 0, 0, 1, 9 ]
[ 31, 0, 0, 13, 1, 0, 8, 0, 1 ]
[ 13, 1, 0, -5, 2, 0, -5, -1, 1 ]
[ 1, 0, 4, 13, 1, 0, 0, 0, 31 ]
[ 8, 0, 1, 13, 1, 0, 1, 0, 4 ]
[ 5, -2, 0, -2, 7, 0, 0, -3, 1 ]
[ -2, 1, 2, -5, 2, 0, 0, 0, 31 ]
[ 5, 1, -1, -5, 2, 0, -2, 1, 2 ]
[ -1, 0, -4, -5, -1, 1, 0, 0, 31 ]
[ -13, -1, 0, 1, 0, 4, 0, 0, 31 ]
[ -13, -1, 0, -5, -1, 1, 1, 0, 4 ]
[ 1, -19, 0, 0, 31, 0, 0, -3, 1 ]
[ 2, -7, 0, -1, 19, 0, 0, -3, 1 ]
[ -1, 4, 5, -2, 7, 0, 0, 0, 31 ]
[ 0, 3, -1, -2, 7, 0, -1, 4, 5 ]
[ 5, -2, 0, -2, 1, 2, 0, 0, 31 ]
[ -5, 2, 0, 0, -3, 1, -2, 1, 2 ]
[ 1, 0, 4, -2, 1, 2, 0, 0, 31 ]
[ -5, -1, 1, 1, 0, 4, 0, 0, 31 ]
[ 5, 1, -1, -2, 1, 2, 1, 0, 4 ]
[ 1, -19, 0, 0, 1, 10, 0, 0, 31 ]
[ -1, 19, 0, 0, -3, 1, 0, 1, 10 ]
[ 0, 1, 10, -1, 19, 0, 0, 0, 31 ]
[ 0, 3, -1, -1, 19, 0, 0, 1, 10 ]
[ 2, -7, 0, -1, 4, 5, 0, 0, 31 ]
[ -2, 7, 0, 0, -3, 1, -1, 4, 5 ]
[ 0, 1, 10, -1, 4, 5, 0, 0, 31 ]
[ 0, 3, -1, -1, 4, 5, 0, 1, 10 ]
[ 2, -1, -2, -1, 1, 6, 0, 0, 31 ]
[ -2, 1, 2, 0, -3, 1, -1, 1, 6 ]
[ 1, -4, -5, 0, 1, 10, 0, 0, 31 ]
[ -1, 4, 5, 0, -3, 1, 0, 1, 10 ]
[ 1, -1, -6, 0, 1, 10, 0, 0, 31 ]
[ -1, 1, 6, 0, -3, 1, 0, 1, 10 ]
[ 31, 0, 0, 5, 1, 0, 8, 0, 1 ]
[ 1, -6, 0, 0, 31, 0, 0, -14, 1 ]
[ 5, 1, 0, -1, 6, 0, -2, -2, 1 ]
[ 1, 0, 4, 5, 1, 0, 0, 0, 31 ]
[ 8, 0, 1, 5, 1, 0, 1, 0, 4 ]
[ -1, 6, 0, 0, -14, 1, 0, 3, 2 ]
[ 2, 2, -1, -1, 6, 0, 0, 3, 2 ]
[ -5, -1, 0, 1, 0, 4, 0, 0, 31 ]
[ -5, -1, 0, -2, -2, 1, 1, 0, 4 ]
[ 1, -6, 0, 0, 1, 11, 0, 0, 31 ]
[ 1, -6, 0, 0, 3, 2, 0, 1, 11 ]
[ 0, 1, 11, -1, 6, 0, 0, 0, 31 ]
[ 0, 3, 2, -1, 6, 0, 0, 1, 11 ]
[ 2, 2, -1, 0, 3, 2, -1, -2, 5 ]
[ -1, 0, -4, -1, -1, 16, 0, 0, 31 ]
[ -1, 0, -4, -2, -2, 1, -1, -1, 16 ]
[ 1, 2, -5, 0, 1, 11, 0, 0, 31 ]
[ 1, 2, -5, 0, 3, 2, 0, 1, 11 ]
[ -1, -1, 16, -1, -2, 5, 0, 0, 31 ]
[ -2, -2, 1, -1, -2, 5, -1, -1, 16 ]
[ 31, 0, 0, -3, 1, 0, 8, 0, 1 ]
[ 1, 10, 0, 0, 31, 0, 0, 13, 1 ]
[ 3, -1, 0, 1, 10, 0, -1, 3, 1 ]
[ 1, 0, 4, -3, 1, 0, 0, 0, 31 ]
[ 8, 0, 1, -3, 1, 0, 1, 0, 4 ]
[ 1, 10, 0, 0, 13, 1, 0, -5, 2 ]
[ 1, -3, -1, 1, 10, 0, 0, -5, 2 ]
[ 3, -1, 0, 1, 0, 4, 0, 0, 31 ]
[ 3, -1, 0, -1, 3, 1, 1, 0, 4 ]
[ -1, -10, 0, 0, -5, 2, 0, -2, 7 ]
[ 0, -5, 2, 1, 10, 0, 0, -2, 7 ]
[ -1, 3, 1, 0, -5, 2, 0, -2, 7 ]
[ 0, 1, 12, -1, 3, 1, 0, 0, 31 ]
[ 1, 0, 4, 0, 1, 12, 0, 0, 31 ]
[ 1, 0, 4, -1, 3, 1, 0, 1, 12 ]
[ -1, -10, 0, 0, -1, 19, 0, 0, 31 ]
[ -1, -10, 0, 0, -2, 7, 0, -1, 19 ]
[ 0, -1, 19, 1, 10, 0, 0, 0, 31 ]
[ 0, -2, 7, 1, 10, 0, 0, -1, 19 ]
[ -1, 3, 1, 0, -1, 19, 0, 0, 31 ]
[ -1, 3, 1, 0, -2, 7, 0, -1, 19 ]
[ 31, 0, 0, -11, 1, 0, 8, 0, 1 ]
[ 11, -1, 0, -2, 3, 0, -3, 1, 1 ]
[ 1, 0, 4, -11, 1, 0, 0, 0, 31 ]
[ 8, 0, 1, -11, 1, 0, 1, 0, 4 ]
[ 1, -17, 0, 0, 31, 0, 0, 12, 1 ]
[ 2, -3, 0, -1, 17, 0, 1, -5, 1 ]
[ 3, -1, -1, 1, 0, 4, 0, 0, 31 ]
[ 3, -1, -1, -2, 3, 0, 1, 0, 4 ]
[ 1, 0, 4, -3, 1, 1, 0, 0, 31 ]
[ 11, -1, 0, 1, 0, 4, 0, 0, 31 ]
[ 11, -1, 0, -3, 1, 1, 1, 0, 4 ]
[ 1, -17, 0, 0, 12, 1, 0, 5, 3 ]
[ 1, -5, 1, -1, 17, 0, 0, 5, 3 ]
[ -2, 3, 0, 1, -5, 1, -1, 3, 4 ]
[ 1, -1, -9, -2, 3, 0, 0, 0, 31 ]
[ 1, 0, 4, -1, 1, 9, 0, 0, 31 ]
[ 1, 0, 4, -2, 3, 0, -1, 1, 9 ]
[ 1, -17, 0, 0, 5, 3, 0, -2, 5 ]
[ 0, 5, 3, -1, 17, 0, 0, -2, 5 ]
[ 1, -5, 1, 0, 5, 3, 0, -2, 5 ]
[ 0, -1, 18, 1, -5, 1, 0, 0, 31 ]
[ -1, 3, 4, 0, -1, 18, 0, 0, 31 ]
[ -1, 3, 4, 1, -5, 1, 0, -1, 18 ]
[ 1, -2, 9, -1, 3, 4, 0, 0, 31 ]
[ -2, 3, 0, 1, -2, 9, 0, 0, 31 ]
[ 2, -3, 0, -1, 3, 4, 1, -2, 9 ]
[ -1, 17, 0, 0, -1, 18, 0, 0, 31 ]
[ -1, 17, 0, 0, -2, 5, 0, -1, 18 ]
[ 0, 1, -18, -1, 17, 0, 0, 0, 31 ]
[ 0, 2, -5, -1, 17, 0, 0, -1, 18 ]
[ -1, 5, -1, 0, -1, 18, 0, 0, 31 ]
[ -1, 5, -1, 0, -2, 5, 0, -1, 18 ]
[ 31, 0, 0, 12, 1, 0, 8, 0, 1 ]
[ 12, 1, 0, 5, 3, 0, -4, -1, 1 ]
[ 1, 0, 4, 12, 1, 0, 0, 0, 31 ]
[ 8, 0, 1, 12, 1, 0, 1, 0, 4 ]
[ 5, 3, 0, -2, 5, 0, 1, 2, 1 ]
[ -4, -1, 1, 1, 0, 4, 0, 0, 31 ]
[ 4, 1, -1, 5, 3, 0, 1, 0, 4 ]
[ -1, 0, -4, -4, -1, 1, 0, 0, 31 ]
[ -12, -1, 0, 1, 0, 4, 0, 0, 31 ]
[ -12, -1, 0, -4, -1, 1, 1, 0, 4 ]
[ 1, -18, 0, 0, 31, 0, 0, -11, 1 ]
[ 2, -5, 0, -1, 18, 0, -1, 7, 1 ]
[ 1, 2, 1, -2, 5, 0, 0, -2, 3 ]
[ 5, 3, 0, 1, 2, 1, 1, 0, 4 ]
[ 2, 1, -9, 5, 3, 0, 0, 0, 31 ]
[ -1, 0, -4, -2, -1, 9, 0, 0, 31 ]
[ 1, 0, 4, 5, 3, 0, -2, -1, 9 ]
[ -1, 18, 0, 0, -11, 1, 0, -2, 3 ]
[ 1, -7, -1, -1, 18, 0, 0, -2, 3 ]
[ 2, -5, 0, -1, 7, 1, 0, -2, 3 ]
[ -1, 3, 7, -2, 5, 0, 0, 0, 31 ]
[ 0, 2, -3, -2, 5, 0, -1, 3, 7 ]
[ -1, -2, -1, 0, -1, 17, 0, 0, 31 ]
[ -1, -2, -1, 0, -2, 3, 0, -1, 17 ]
[ 1, 1, 18, 1, 2, 1, 0, 0, 31 ]
[ 1, 0, 4, 1, 1, 18, 0, 0, 31 ]
[ 1, 0, 4, 1, 2, 1, 1, 1, 18 ]
[ -2, -1, 9, 1, 0, 4, 0, 0, 31 ]
[ 5, 3, 0, -2, -1, 9, 0, 0, 31 ]
[ -5, -3, 0, 1, 0, 4, -2, -1, 9 ]
[ -1, 18, 0, 0, -1, 17, 0, 0, 31 ]
[ -1, 18, 0, 0, -2, 3, 0, -1, 17 ]
[ 0, 1, -17, -1, 18, 0, 0, 0, 31 ]
[ 0, 2, -3, -1, 18, 0, 0, -1, 17 ]
[ -1, 7, 1, 0, -1, 17, 0, 0, 31 ]
[ -1, 7, 1, 0, -2, 3, 0, -1, 17 ]
[ 0, 1, -17, -1, 7, 1, 0, 0, 31 ]
[ 0, 2, -3, -1, 7, 1, 0, -1, 17 ]
[ 2, -5, 0, -1, 3, 7, 0, 0, 31 ]
[ -2, 5, 0, 0, -2, 3, -1, 3, 7 ]
[ 0, 1, -17, -1, 3, 7, 0, 0, 31 ]
[ 0, 2, -3, -1, 3, 7, 0, -1, 17 ]
[ -1, 3, 7, 0, -1, 17, 0, 0, 31 ]
[ -1, 3, 7, 0, -2, 3, 0, -1, 17 ]
[ 31, 0, 0, 4, 1, 0, 8, 0, 1 ]
[ 1, 8, 0, 0, 31, 0, 0, -2, 1 ]
[ 4, 1, 0, 1, 8, 0, 0, -2, 1 ]
[ 1, 0, 4, 4, 1, 0, 0, 0, 31 ]
[ 8, 0, 1, 4, 1, 0, 1, 0, 4 ]
[ -1, -8, 0, 0, -1, 16, 0, 0, 31 ]
[ -1, -8, 0, 0, -2, 1, 0, -1, 16 ]
[ 0, -1, 16, 1, 8, 0, 0, 0, 31 ]
[ 0, -2, 1, 1, 8, 0, 0, -1, 16 ]
[ -4, -1, 0, 1, 0, 4, 0, 0, 31 ]
[ -4, -1, 0, 0, -2, 1, 1, 0, 4 ]
[ -1, 0, -4, 0, -1, 16, 0, 0, 31 ]
[ -1, 0, -4, 0, -2, 1, 0, -1, 16 ]
[ 31, 0, 0, -4, 1, 0, 8, 0, 1 ]
[ 1, -8, 0, 0, 31, 0, 0, 2, 1 ]
[ 4, -1, 0, -1, 8, 0, 0, 2, 1 ]
[ 1, 0, 4, -4, 1, 0, 0, 0, 31 ]
[ 8, 0, 1, -4, 1, 0, 1, 0, 4 ]
[ 1, -8, 0, 0, 1, 16, 0, 0, 31 ]
[ 1, -8, 0, 0, 2, 1, 0, 1, 16 ]
[ 0, 1, 16, -1, 8, 0, 0, 0, 31 ]
[ 0, 2, 1, -1, 8, 0, 0, 1, 16 ]
[ 4, -1, 0, 1, 0, 4, 0, 0, 31 ]
[ 4, -1, 0, 0, 2, 1, 1, 0, 4 ]
[ 1, 0, 4, 0, 1, 16, 0, 0, 31 ]
[ 1, 0, 4, 0, 2, 1, 0, 1, 16 ]
[ 31, 0, 0, -12, 1, 0, 8, 0, 1 ]
[ 12, -1, 0, -5, 3, 0, -4, 1, 1 ]
[ 1, 0, 4, -12, 1, 0, 0, 0, 31 ]
[ 8, 0, 1, -12, 1, 0, 1, 0, 4 ]
[ 5, -3, 0, 2, 5, 0, 1, -2, 1 ]
[ 4, -1, -1, 1, 0, 4, 0, 0, 31 ]
[ 4, -1, -1, -5, 3, 0, 1, 0, 4 ]
[ 1, 0, 4, -4, 1, 1, 0, 0, 31 ]
[ 12, -1, 0, 1, 0, 4, 0, 0, 31 ]
[ 12, -1, 0, -4, 1, 1, 1, 0, 4 ]
[ 1, 18, 0, 0, 31, 0, 0, 11, 1 ]
[ 2, 5, 0, 1, 18, 0, -1, -7, 1 ]
[ 1, -2, 1, 2, 5, 0, 0, 2, 3 ]
[ -5, 3, 0, 1, -2, 1, 1, 0, 4 ]
[ 2, -1, -9, -5, 3, 0, 0, 0, 31 ]
[ 1, 0, 4, -2, 1, 9, 0, 0, 31 ]
[ 1, 0, 4, -5, 3, 0, -2, 1, 9 ]
[ 1, 18, 0, 0, 11, 1, 0, 2, 3 ]
[ 1, 7, -1, 1, 18, 0, 0, 2, 3 ]
[ -2, -5, 0, -1, -7, 1, 0, 2, 3 ]
[ 1, 2, 7, 2, 5, 0, 0, 0, 31 ]
[ 0, -2, -3, 2, 5, 0, 1, 2, 7 ]
[ 1, -2, 1, 0, 1, 17, 0, 0, 31 ]
[ 1, -2, 1, 0, 2, 3, 0, 1, 17 ]
[ -1, 1, -18, 1, -2, 1, 0, 0, 31 ]
[ -1, 0, -4, 1, -1, 18, 0, 0, 31 ]
[ -1, 0, -4, 1, -2, 1, 1, -1, 18 ]
[ 2, -1, -9, 1, 0, 4, 0, 0, 31 ]
[ -5, 3, 0, -2, 1, 9, 0, 0, 31 ]
[ 5, -3, 0, 1, 0, 4, -2, 1, 9 ]
[ 1, 18, 0, 0, 1, 17, 0, 0, 31 ]
[ 1, 18, 0, 0, 2, 3, 0, 1, 17 ]
[ 0, -1, -17, 1, 18, 0, 0, 0, 31 ]
[ 0, -2, -3, 1, 18, 0, 0, 1, 17 ]
[ 1, 7, -1, 0, 1, 17, 0, 0, 31 ]
[ 1, 7, -1, 0, 2, 3, 0, 1, 17 ]
[ 0, 1, 17, -1, -7, 1, 0, 0, 31 ]
[ 0, 2, 3, -1, -7, 1, 0, 1, 17 ]
[ -2, -5, 0, 1, 2, 7, 0, 0, 31 ]
[ 2, 5, 0, 0, 2, 3, 1, 2, 7 ]
[ 0, -1, -17, 1, 2, 7, 0, 0, 31 ]
[ 0, -2, -3, 1, 2, 7, 0, 1, 17 ]
[ 1, 2, 7, 0, 1, 17, 0, 0, 31 ]
[ 1, 2, 7, 0, 2, 3, 0, 1, 17 ]
[ 31, 0, 0, 11, 1, 0, 8, 0, 1 ]
[ 11, 1, 0, 2, 3, 0, -3, -1, 1 ]
[ 1, 0, 4, 11, 1, 0, 0, 0, 31 ]
[ 8, 0, 1, 11, 1, 0, 1, 0, 4 ]
[ 1, 17, 0, 0, 31, 0, 0, -12, 1 ]
[ 2, 3, 0, 1, 17, 0, 1, 5, 1 ]
[ -3, -1, 1, 1, 0, 4, 0, 0, 31 ]
[ 3, 1, -1, 2, 3, 0, 1, 0, 4 ]
[ -1, 0, -4, -3, -1, 1, 0, 0, 31 ]
[ -11, -1, 0, 1, 0, 4, 0, 0, 31 ]
[ -11, -1, 0, -3, -1, 1, 1, 0, 4 ]
[ -1, -17, 0, 0, -12, 1, 0, -5, 3 ]
[ 1, 5, 1, 1, 17, 0, 0, -5, 3 ]
[ 2, 3, 0, 1, 5, 1, -1, -3, 4 ]
[ 1, 1, -9, 2, 3, 0, 0, 0, 31 ]
[ -1, 0, -4, -1, -1, 9, 0, 0, 31 ]
[ 1, 0, 4, 2, 3, 0, -1, -1, 9 ]
[ -1, -17, 0, 0, -5, 3, 0, 2, 5 ]
[ 0, -5, 3, 1, 17, 0, 0, 2, 5 ]
[ -1, -5, -1, 0, -5, 3, 0, 2, 5 ]
[ 0, -1, -18, 1, 5, 1, 0, 0, 31 ]
[ 1, 3, -4, 0, 1, 18, 0, 0, 31 ]
[ 1, 3, -4, 1, 5, 1, 0, 1, 18 ]
[ -1, -2, -9, -1, -3, 4, 0, 0, 31 ]
[ 2, 3, 0, 1, 2, 9, 0, 0, 31 ]
[ -2, -3, 0, -1, -3, 4, 1, 2, 9 ]
[ 1, 17, 0, 0, 1, 18, 0, 0, 31 ]
[ 1, 17, 0, 0, 2, 5, 0, 1, 18 ]
[ 0, -1, -18, 1, 17, 0, 0, 0, 31 ]
[ 0, -2, -5, 1, 17, 0, 0, 1, 18 ]
[ 1, 5, 1, 0, 1, 18, 0, 0, 31 ]
[ 1, 5, 1, 0, 2, 5, 0, 1, 18 ]
[ 31, 0, 0, 3, 1, 0, 8, 0, 1 ]
[ 1, -10, 0, 0, 31, 0, 0, -13, 1 ]
[ 3, 1, 0, -1, 10, 0, -1, -3, 1 ]
[ 1, 0, 4, 3, 1, 0, 0, 0, 31 ]
[ 8, 0, 1, 3, 1, 0, 1, 0, 4 ]
[ -1, 10, 0, 0, -13, 1, 0, 5, 2 ]
[ 1, 3, -1, -1, 10, 0, 0, 5, 2 ]
[ -3, -1, 0, 1, 0, 4, 0, 0, 31 ]
[ -3, -1, 0, -1, -3, 1, 1, 0, 4 ]
[ 1, -10, 0, 0, 5, 2, 0, 2, 7 ]
[ 0, 5, 2, -1, 10, 0, 0, 2, 7 ]
[ 1, 3, -1, 0, 5, 2, 0, 2, 7 ]
[ 0, 1, -12, -1, -3, 1, 0, 0, 31 ]
[ -1, 0, -4, 0, -1, 12, 0, 0, 31 ]
[ -1, 0, -4, -1, -3, 1, 0, -1, 12 ]
[ 1, -10, 0, 0, 1, 19, 0, 0, 31 ]
[ 1, -10, 0, 0, 2, 7, 0, 1, 19 ]
[ 0, 1, 19, -1, 10, 0, 0, 0, 31 ]
[ 0, 2, 7, -1, 10, 0, 0, 1, 19 ]
[ 1, 3, -1, 0, 1, 19, 0, 0, 31 ]
[ 1, 3, -1, 0, 2, 7, 0, 1, 19 ]
[ 31, 0, 0, -5, 1, 0, 8, 0, 1 ]
[ 1, 6, 0, 0, 31, 0, 0, 14, 1 ]
[ 5, -1, 0, 1, 6, 0, -2, 2, 1 ]
[ 1, 0, 4, -5, 1, 0, 0, 0, 31 ]
[ 8, 0, 1, -5, 1, 0, 1, 0, 4 ]
[ 1, 6, 0, 0, 14, 1, 0, -3, 2 ]
[ 2, -2, -1, 1, 6, 0, 0, -3, 2 ]
[ 5, -1, 0, 1, 0, 4, 0, 0, 31 ]
[ 5, -1, 0, -2, 2, 1, 1, 0, 4 ]
[ -1, -6, 0, 0, -1, 11, 0, 0, 31 ]
[ -1, -6, 0, 0, -3, 2, 0, -1, 11 ]
[ 0, -1, 11, 1, 6, 0, 0, 0, 31 ]
[ 0, -3, 2, 1, 6, 0, 0, -1, 11 ]
[ -2, 2, 1, 0, -3, 2, -1, 2, 5 ]
[ 1, 0, 4, -1, 1, 16, 0, 0, 31 ]
[ 1, 0, 4, -2, 2, 1, -1, 1, 16 ]
[ -1, 2, 5, 0, -1, 11, 0, 0, 31 ]
[ -1, 2, 5, 0, -3, 2, 0, -1, 11 ]
[ 1, -1, -16, -1, 2, 5, 0, 0, 31 ]
[ 2, -2, -1, -1, 2, 5, -1, 1, 16 ]
[ 31, 0, 0, -13, 1, 0, 8, 0, 1 ]
[ 13, -1, 0, 5, 2, 0, -5, 1, 1 ]
[ 1, 0, 4, -13, 1, 0, 0, 0, 31 ]
[ 8, 0, 1, -13, 1, 0, 1, 0, 4 ]
[ 5, 2, 0, 2, 7, 0, 0, 3, 1 ]
[ -2, -1, 2, 5, 2, 0, 0, 0, 31 ]
[ 5, -1, -1, 5, 2, 0, -2, -1, 2 ]
[ 1, 0, 4, -5, 1, 1, 0, 0, 31 ]
[ 13, -1, 0, 1, 0, 4, 0, 0, 31 ]
[ 13, -1, 0, -5, 1, 1, 1, 0, 4 ]
[ 1, 19, 0, 0, 31, 0, 0, 3, 1 ]
[ 2, 7, 0, 1, 19, 0, 0, 3, 1 ]
[ 1, 3, 5, 2, 7, 0, 0, 0, 31 ]
[ 0, -3, -1, 2, 7, 0, 1, 3, 5 ]
[ -5, -2, 0, -2, -1, 2, 0, 0, 31 ]
[ 5, 2, 0, 0, 3, 1, -2, -1, 2 ]
[ -1, 0, -4, -2, -1, 2, 0, 0, 31 ]
[ 5, -1, -1, 1, 0, 4, 0, 0, 31 ]
[ -5, 1, 1, -2, -1, 2, 1, 0, 4 ]
[ -1, -19, 0, 0, -1, 10, 0, 0, 31 ]
[ 1, 19, 0, 0, 3, 1, 0, -1, 10 ]
[ 0, -1, 10, 1, 19, 0, 0, 0, 31 ]
[ 0, -3, -1, 1, 19, 0, 0, -1, 10 ]
[ -2, -7, 0, 1, 3, 5, 0, 0, 31 ]
[ 2, 7, 0, 0, 3, 1, 1, 3, 5 ]
[ 0, -1, 10, 1, 3, 5, 0, 0, 31 ]
[ 0, -3, -1, 1, 3, 5, 0, -1, 10 ]
[ -2, -1, 2, -1, -1, 6, 0, 0, 31 ]
[ 2, 1, -2, 0, 3, 1, -1, -1, 6 ]
[ -1, -3, -5, 0, -1, 10, 0, 0, 31 ]
[ 1, 3, 5, 0, 3, 1, 0, -1, 10 ]
[ -1, -1, 6, 0, -1, 10, 0, 0, 31 ]
[ 1, 1, -6, 0, 3, 1, 0, -1, 10 ]
[ 31, 0, 0, 10, 1, 0, 8, 0, 1 ]
[ 1, -3, 0, 0, 31, 0, 0, -7, 1 ]
[ 10, 1, 0, -1, 3, 0, -2, -1, 1 ]
[ 1, 0, 4, 10, 1, 0, 0, 0, 31 ]
[ 8, 0, 1, 10, 1, 0, 1, 0, 4 ]
[ -1, 3, 0, 0, -7, 1, 0, 3, 4 ]
[ -2, -1, 1, 1, 0, 4, 0, 0, 31 ]
[ 2, 1, -1, -1, 3, 0, 1, 0, 4 ]
[ -1, 0, -4, -2, -1, 1, 0, 0, 31 ]
[ -10, -1, 0, 1, 0, 4, 0, 0, 31 ]
[ -10, -1, 0, -2, -1, 1, 1, 0, 4 ]
[ -1, 3, 0, 0, -1, 9, 0, 0, 31 ]
[ 1, -3, 0, 0, 3, 4, 0, -1, 9 ]
[ 0, 1, -9, -1, 3, 0, 0, 0, 31 ]
[ -1, 0, -4, 0, -1, 9, 0, 0, 31 ]
[ 1, 0, 4, -1, 3, 0, 0, -1, 9 ]
[ 31, 0, 0, 2, 1, 0, 8, 0, 1 ]
[ 1, 16, 0, 0, 31, 0, 0, -4, 1 ]
[ 2, 1, 0, 1, 16, 0, 0, -4, 1 ]
[ 1, 0, 4, 2, 1, 0, 0, 0, 31 ]
[ 8, 0, 1, 2, 1, 0, 1, 0, 4 ]
[ -1, -16, 0, 0, -1, 8, 0, 0, 31 ]
[ -1, -16, 0, 0, -4, 1, 0, -1, 8 ]
[ 0, -1, 8, 1, 16, 0, 0, 0, 31 ]
[ 0, -4, 1, 1, 16, 0, 0, -1, 8 ]
[ -2, -1, 0, 1, 0, 4, 0, 0, 31 ]
[ -2, -1, 0, 0, -4, 1, 1, 0, 4 ]
[ -1, 0, -4, 0, -1, 8, 0, 0, 31 ]
[ -1, 0, -4, 0, -4, 1, 0, -1, 8 ]
[ 31, 0, 0, -6, 1, 0, 8, 0, 1 ]
[ 1, 5, 0, 0, 31, 0, 0, -9, 1 ]
[ 6, -1, 0, 1, 5, 0, 2, 1, 1 ]
[ 1, 0, 4, -6, 1, 0, 0, 0, 31 ]
[ 8, 0, 1, -6, 1, 0, 1, 0, 4 ]
[ -1, -5, 0, 0, -9, 1, 0, 4, 3 ]
[ -2, -1, -1, -1, -1, 3, 0, 0, 31 ]
[ 2, 1, 1, 1, 5, 0, -1, -1, 3 ]
[ 1, 0, 4, 2, 1, 1, 0, 0, 31 ]
[ 6, -1, 0, 1, 0, 4, 0, 0, 31 ]
[ 6, -1, 0, 2, 1, 1, 1, 0, 4 ]
[ -1, -5, 0, 0, -1, 7, 0, 0, 31 ]
[ 1, 5, 0, 0, 4, 3, 0, -1, 7 ]
[ 0, -1, 7, 1, 5, 0, 0, 0, 31 ]
[ -1, -1, 3, 0, -1, 7, 0, 0, 31 ]
[ 1, 1, -3, 1, 5, 0, 0, -1, 7 ]
[ 31, 0, 0, -14, 1, 0, 8, 0, 1 ]
[ 14, -1, 0, 3, 2, 0, -6, 1, 1 ]
[ 1, 0, 4, -14, 1, 0, 0, 0, 31 ]
[ 8, 0, 1, -14, 1, 0, 1, 0, 4 ]
[ 1, 11, 0, 0, 31, 0, 0, 5, 1 ]
[ 3, 2, 0, 1, 11, 0, 0, 5, 1 ]
[ -1, -1, 2, 3, 2, 0, 0, 0, 31 ]
[ 6, -1, -1, 3, 2, 0, -1, -1, 2 ]
[ 1, 0, 4, -6, 1, 1, 0, 0, 31 ]
[ 14, -1, 0, 1, 0, 4, 0, 0, 31 ]
[ 14, -1, 0, -6, 1, 1, 1, 0, 4 ]
[ -1, -11, 0, 0, -1, 6, 0, 0, 31 ]
[ 1, 11, 0, 0, 5, 1, 0, -1, 6 ]
[ 0, -1, 6, 1, 11, 0, 0, 0, 31 ]
[ 0, -5, -1, 1, 11, 0, 0, -1, 6 ]
[ -3, -2, 0, -1, -1, 2, 0, 0, 31 ]
[ 3, 2, 0, 0, 5, 1, -1, -1, 2 ]
[ -1, 0, -4, -1, -1, 2, 0, 0, 31 ]
[ 6, -1, -1, 1, 0, 4, 0, 0, 31 ]
[ -6, 1, 1, -1, -1, 2, 1, 0, 4 ]
[ -1, -1, 2, 0, -1, 6, 0, 0, 31 ]
[ 1, 1, -2, 0, 5, 1, 0, -1, 6 ]
[ 31, 0, 0, 9, 1, 0, 8, 0, 1 ]
[ 9, 1, 0, -4, 3, 0, -1, -1, 1 ]
[ 1, 0, 4, 9, 1, 0, 0, 0, 31 ]
[ 8, 0, 1, 9, 1, 0, 1, 0, 4 ]
[ 1, 7, 0, 0, 31, 0, 0, 6, 1 ]
[ 4, -3, 0, 1, 7, 0, -1, -1, 1 ]
[ -1, -1, 1, 1, 0, 4, 0, 0, 31 ]
[ 1, 1, -1, -4, 3, 0, 1, 0, 4 ]
[ -1, 0, -4, -1, -1, 1, 0, 0, 31 ]
[ -9, -1, 0, 1, 0, 4, 0, 0, 31 ]
[ -9, -1, 0, -1, -1, 1, 1, 0, 4 ]
[ -1, -7, 0, 0, -1, 5, 0, 0, 31 ]
[ 1, 7, 0, 0, 6, 1, 0, -1, 5 ]
[ 0, -1, 5, 1, 7, 0, 0, 0, 31 ]
[ -1, -1, 1, 0, -1, 5, 0, 0, 31 ]
[ 1, 1, -1, 1, 7, 0, 0, -1, 5 ]
[ -4, 3, 0, -1, -1, 1, 1, 0, 4 ]
[ -1, 1, -9, -4, 3, 0, 0, 0, 31 ]
[ -1, 0, -4, 1, -1, 9, 0, 0, 31 ]
[ 1, 0, 4, -4, 3, 0, 1, -1, 9 ]
[ -1, 0, -4, -1, -1, 1, 0, 0, 31 ]
[ 1, -1, 9, 1, 0, 4, 0, 0, 31 ]
[ -4, 3, 0, 1, -1, 9, 0, 0, 31 ]
[ 4, -3, 0, 1, 0, 4, 1, -1, 9 ]
[ 1, 1, 0, 0, 31, 0, 0, -8, 1 ]
[ 31, 0, 0, 1, 1, 0, 8, 0, 1 ]
[ -1, -1, 0, 0, -1, 4, 0, 0, 31 ]
[ -1, -1, 0, 0, -8, 1, 0, -1, 4 ]
[ 1, 0, 4, 1, 1, 0, 0, 0, 31 ]
[ 8, 0, 1, 1, 1, 0, 1, 0, 4 ]
[ 31, 0, 0, -7, 1, 0, 8, 0, 1 ]
[ 1, 1, 1, 3, 4, 0, 0, 0, 31 ]
[ 7, -1, 0, 3, 4, 0, 1, 1, 1 ]
[ 1, 0, 4, -7, 1, 0, 0, 0, 31 ]
[ 8, 0, 1, -7, 1, 0, 1, 0, 4 ]
[ 1, -9, 0, 0, 31, 0, 0, 10, 1 ]
[ -3, -4, 0, 1, 1, 1, 0, 0, 31 ]
[ 3, 4, 0, -1, 9, 0, 1, 1, 1 ]
[ 1, 0, 4, 1, 1, 1, 0, 0, 31 ]
[ 7, -1, 0, 1, 0, 4, 0, 0, 31 ]
[ 7, -1, 0, 1, 1, 1, 1, 0, 4 ]
[ -1, 9, 0, 0, -1, 3, 0, 0, 31 ]
[ 1, -9, 0, 0, 10, 1, 0, -1, 3 ]
[ 0, 1, -3, -1, 9, 0, 0, 0, 31 ]
[ -1, -1, -1, 0, -1, 3, 0, 0, 31 ]
[ 1, 1, 1, -1, 9, 0, 0, -1, 3 ]
[ 31, 0, 0, -15, 1, 0, 8, 0, 1 ]
[ 1, 2, 0, 0, 31, 0, 0, 15, 1 ]
[ 15, -1, 0, 1, 2, 0, -7, 1, 1 ]
[ 1, 0, 4, -15, 1, 0, 0, 0, 31 ]
[ 8, 0, 1, -15, 1, 0, 1, 0, 4 ]
[ -1, -2, 0, 0, -1, 2, 0, 0, 31 ]
[ 1, 2, 0, 0, 15, 1, 0, -1, 2 ]
[ 0, -1, 2, 1, 2, 0, 0, 0, 31 ]
[ 7, -1, -1, 1, 2, 0, 0, -1, 2 ]
[ 1, 0, 4, -7, 1, 1, 0, 0, 31 ]
[ 15, -1, 0, 1, 0, 4, 0, 0, 31 ]
[ 15, -1, 0, -7, 1, 1, 1, 0, 4 ]
[ -1, 0, -4, 0, -1, 2, 0, 0, 31 ]
[ 7, -1, -1, 1, 0, 4, 0, 0, 31 ]
[ -7, 1, 1, 0, -1, 2, 1, 0, 4 ]
[ 31, 0, 0, 8, 1, 0, 8, 0, 1 ]
[ -1, -4, 0, 0, -1, 1, 0, 0, 31 ]
[ 1, 4, 0, 0, 31, 0, 0, -1, 1 ]
[ 0, -1, 1, 1, 4, 0, 0, 0, 31 ]
[ 8, 1, 0, 1, 4, 0, 0, -1, 1 ]
[ 1, 0, 4, 8, 1, 0, 0, 0, 31 ]
[ 8, 0, 1, 8, 1, 0, 1, 0, 4 ]
[ -1, 0, -4, 0, -1, 1, 0, 0, 31 ]
[ -8, -1, 0, 1, 0, 4, 0, 0, 31 ]
[ -8, -1, 0, 0, -1, 1, 1, 0, 4 ]
[ 31, 0, 0, 0, 1, 0, -6, 0, 1 ]
[ 1, 0, 5, 0, 1, 0, 0, 0, 31 ]
[ 6, 0, -1, 0, 1, 0, 1, 0, 5 ]
[ 31, 0, 0, 6, 1, 0, -6, 0, 1 ]
[ 1, -5, 0, 0, 1, 1, 0, 0, 31 ]
[ 1, -5, 0, 0, 31, 0, 0, 1, 1 ]
[ 0, 1, 1, -1, 5, 0, 0, 0, 31 ]
[ 6, 1, 0, -1, 5, 0, 0, 1, 1 ]
[ 1, 0, 5, 6, 1, 0, 0, 0, 31 ]
[ 6, 0, -1, 6, 1, 0, 1, 0, 5 ]
[ 1, 0, 5, 0, 1, 1, 0, 0, 31 ]
[ -6, -1, 0, 1, 0, 5, 0, 0, 31 ]
[ 6, 1, 0, 0, 1, 1, 1, 0, 5 ]
[ 31, 0, 0, 12, 1, 0, -6, 0, 1 ]
[ 12, 1, 0, 5, 3, 0, 6, 1, 1 ]
[ 1, 0, 5, 12, 1, 0, 0, 0, 31 ]
[ 6, 0, -1, 12, 1, 0, 1, 0, 5 ]
[ 1, -2, 1, -2, 5, 0, 0, 0, 31 ]
[ 5, 3, 0, -2, 5, 0, 1, -2, 1 ]
[ 6, 1, 1, 5, 3, 0, 0, 1, 2 ]
[ 1, 0, 5, 6, 1, 1, 0, 0, 31 ]
[ -12, -1, 0, 1, 0, 5, 0, 0, 31 ]
[ 12, 1, 0, 6, 1, 1, 1, 0, 5 ]
[ 1, -18, 0, 0, 31, 0, 0, -15, 1 ]
[ 2, -5, 0, -1, 3, 1, 0, 0, 31 ]
[ 2, -5, 0, -1, 18, 0, -1, 3, 1 ]
[ 0, -1, -2, 1, -2, 1, 0, 0, 31 ]
[ -5, -3, 0, 1, -2, 1, 0, 1, 2 ]
[ 0, -1, -2, 1, 1, 7, 0, 0, 31 ]
[ 0, -1, -2, 5, 3, 0, 1, 1, 7 ]
[ 1, 0, 5, 0, 1, 2, 0, 0, 31 ]
[ -6, -1, -1, 1, 0, 5, 0, 0, 31 ]
[ 6, 1, 1, 0, 1, 2, 1, 0, 5 ]
[ 1, -18, 0, 0, 1, 2, 0, 0, 31 ]
[ -1, 18, 0, 0, -15, 1, 0, 1, 2 ]
[ 0, 1, 2, -1, 18, 0, 0, 0, 31 ]
[ 1, -3, -1, 0, 1, 2, 0, 0, 31 ]
[ 1, -3, -1, -1, 18, 0, 0, 1, 2 ]
[ 1, 1, 7, 0, 1, 2, 0, 0, 31 ]
[ 5, 3, 0, 0, 1, 2, 1, 1, 7 ]
[ -3, -2, -19, 5, 3, 0, 0, 0, 31 ]
[ -1, -1, -7, 3, 2, 19, 0, 0, 31 ]
[ -1, -1, -7, 5, 3, 0, 3, 2, 19 ]
[ 3, 2, 19, 1, 1, 7, 0, 0, 31 ]
[ 5, 3, 0, 3, 2, 19, 0, 0, 31 ]
[ 5, 3, 0, 1, 1, 7, 3, 2, 19 ]
[ 31, 0, 0, -13, 1, 0, -6, 0, 1 ]
[ 13, -1, 0, 5, 2, 0, -6, 0, 1 ]
[ 1, 0, 5, -13, 1, 0, 0, 0, 31 ]
[ 6, 0, -1, -13, 1, 0, 1, 0, 5 ]
[ 5, 2, 0, 2, 7, 0, -1, 2, 1 ]
[ 6, 0, -1, 5, 2, 0, 0, 1, 3 ]
[ 13, -1, 0, 1, 0, 5, 0, 0, 31 ]
[ -13, 1, 0, -6, 0, 1, 1, 0, 5 ]
[ 1, 19, 0, 0, 31, 0, 0, -10, 1 ]
[ 2, 7, 0, 1, 19, 0, 1, 9, 1 ]
[ 1, -2, -1, 0, 1, 3, 0, 0, 31 ]
[ 1, -2, -1, 2, 7, 0, 0, 1, 3 ]
[ 0, 1, 3, -1, 2, 1, 0, 0, 31 ]
[ 5, 2, 0, -1, 2, 1, 0, 1, 3 ]
[ 0, -1, -3, 1, 0, 5, 0, 0, 31 ]
[ 0, -1, -3, 5, 2, 0, 1, 0, 5 ]
[ 1, 0, 5, 0, 1, 3, 0, 0, 31 ]
[ 6, 0, -1, 0, 1, 3, 1, 0, 5 ]
[ 1, 19, 0, 0, 1, 3, 0, 0, 31 ]
[ -1, -19, 0, 0, -10, 1, 0, 1, 3 ]
[ 0, -1, -3, 1, 19, 0, 0, 0, 31 ]
[ 1, 9, 1, 0, 1, 3, 0, 0, 31 ]
[ 1, 9, 1, 1, 19, 0, 0, 1, 3 ]
[ 0, -1, -3, 1, 9, 1, 0, 0, 31 ]
[ 2, 7, 0, 1, 9, 1, 0, 1, 3 ]
[ -1, -4, -17, 2, 7, 0, 0, 0, 31 ]
[ 0, -1, -3, 1, 4, 17, 0, 0, 31 ]
[ 0, -1, -3, 2, 7, 0, 1, 4, 17 ]
[ 5, 2, 0, 0, 1, 3, 1, 0, 5 ]
[ 3, 1, 18, 5, 2, 0, 0, 0, 31 ]
[ 1, 0, 5, 3, 1, 18, 0, 0, 31 ]
[ 1, 0, 5, 5, 2, 0, 3, 1, 18 ]
[ 1, 0, 5, 0, 1, 3, 0, 0, 31 ]
[ 1, 4, 17, 0, 1, 3, 0, 0, 31 ]
[ 2, 7, 0, 1, 4, 17, 0, 0, 31 ]
[ 2, 7, 0, 0, 1, 3, 1, 4, 17 ]
[ -3, -1, -18, 1, 0, 5, 0, 0, 31 ]
[ -5, -2, 0, 3, 1, 18, 0, 0, 31 ]
[ -5, -2, 0, 1, 0, 5, 3, 1, 18 ]
[ 31, 0, 0, -7, 1, 0, -6, 0, 1 ]
[ 7, -1, 0, 3, 4, 0, 1, -1, 1 ]
[ 1, 0, 5, -7, 1, 0, 0, 0, 31 ]
[ 6, 0, -1, -7, 1, 0, 1, 0, 5 ]
[ 1, -9, 0, 0, 31, 0, 0, 8, 1 ]
[ 3, 4, 0, -1, 9, 0, 1, -1, 1 ]
[ 1, -1, 1, 0, 1, 4, 0, 0, 31 ]
[ 1, -1, 1, 3, 4, 0, 0, 1, 4 ]
[ -1, 0, -5, 1, -1, 1, 0, 0, 31 ]
[ 7, -1, 0, 1, 0, 5, 0, 0, 31 ]
[ -7, 1, 0, 1, -1, 1, 1, 0, 5 ]
[ 1, -9, 0, 0, 1, 4, 0, 0, 31 ]
[ 1, -9, 0, 0, 8, 1, 0, 1, 4 ]
[ 0, 1, 4, -1, 9, 0, 0, 0, 31 ]
[ 1, -1, 1, -1, 9, 0, 0, 1, 4 ]
[ 0, -1, -4, 1, -1, 1, 0, 0, 31 ]
[ -3, -4, 0, 1, -1, 1, 0, 1, 4 ]
[ 1, 1, 9, 3, 4, 0, 0, 0, 31 ]
[ 0, -1, -4, 1, 1, 9, 0, 0, 31 ]
[ 0, -1, -4, 3, 4, 0, 1, 1, 9 ]
[ 1, -1, 1, 0, 1, 4, 0, 0, 31 ]
[ 1, 1, 9, 0, 1, 4, 0, 0, 31 ]
[ -3, -4, 0, 1, 1, 9, 0, 0, 31 ]
[ 3, 4, 0, 0, 1, 4, 1, 1, 9 ]
[ 1, -1, 0, 0, 31, 0, 0, -6, 1 ]
[ 31, 0, 0, -1, 1, 0, -6, 0, 1 ]
[ 1, -1, 0, 0, 1, 5, 0, 0, 31 ]
[ -1, 1, 0, 0, -6, 1, 0, 1, 5 ]
[ 1, 0, 5, -1, 1, 0, 0, 0, 31 ]
[ 6, 0, -1, -1, 1, 0, 1, 0, 5 ]
[ 31, 0, 0, 5, 1, 0, -6, 0, 1 ]
[ 1, -6, 0, 0, 31, 0, 0, -5, 1 ]
[ 5, 1, 0, -1, 6, 0, -1, 1, 1 ]
[ 1, 0, 5, 5, 1, 0, 0, 0, 31 ]
[ 6, 0, -1, 5, 1, 0, 1, 0, 5 ]
[ 1, -6, 0, 0, 1, 6, 0, 0, 31 ]
[ -1, 6, 0, 0, -5, 1, 0, 1, 6 ]
[ 0, 1, 6, -1, 6, 0, 0, 0, 31 ]
[ 1, -1, -1, 0, 1, 6, 0, 0, 31 ]
[ 1, -1, -1, -1, 6, 0, 0, 1, 6 ]
[ 1, 0, 5, -1, 1, 1, 0, 0, 31 ]
[ -5, -1, 0, 1, 0, 5, 0, 0, 31 ]
[ 5, 1, 0, -1, 1, 1, 1, 0, 5 ]
[ 31, 0, 0, 11, 1, 0, -6, 0, 1 ]
[ 11, 1, 0, 2, 3, 0, 5, 1, 1 ]
[ 1, 0, 5, 11, 1, 0, 0, 0, 31 ]
[ 6, 0, -1, 11, 1, 0, 1, 0, 5 ]
[ 1, 17, 0, 0, 31, 0, 0, 9, 1 ]
[ 2, 3, 0, 1, 17, 0, -1, -8, 1 ]
[ 5, 1, 1, 2, 3, 0, -1, 1, 2 ]
[ 1, 0, 5, 5, 1, 1, 0, 0, 31 ]
[ -11, -1, 0, 1, 0, 5, 0, 0, 31 ]
[ 11, 1, 0, 5, 1, 1, 1, 0, 5 ]
[ 1, 17, 0, 0, 9, 1, 0, -4, 3 ]
[ 1, 8, -1, 1, 17, 0, 0, -4, 3 ]
[ -2, -3, 0, -1, -8, 1, 1, 4, 2 ]
[ 1, -1, -2, 0, 1, 7, 0, 0, 31 ]
[ 1, -1, -2, 2, 3, 0, 0, 1, 7 ]
[ 1, 0, 5, -1, 1, 2, 0, 0, 31 ]
[ -5, -1, -1, 1, 0, 5, 0, 0, 31 ]
[ 5, 1, 1, -1, 1, 2, 1, 0, 5 ]
[ 1, 17, 0, 0, 1, 7, 0, 0, 31 ]
[ -1, -17, 0, 0, -4, 3, 0, 1, 7 ]
[ 0, -1, -7, 1, 17, 0, 0, 0, 31 ]
[ 0, -4, 3, 1, 17, 0, 0, 1, 7 ]
[ 1, 8, -1, 0, 1, 7, 0, 0, 31 ]
[ -1, -8, 1, 0, -4, 3, 0, 1, 7 ]
[ 0, 1, 7, -1, -8, 1, 0, 0, 31 ]
[ 1, 4, 2, 0, 1, 7, 0, 0, 31 ]
[ -1, -4, -2, -1, -8, 1, 0, 1, 7 ]
[ 0, -1, -7, 1, 4, 2, 0, 0, 31 ]
[ 2, 3, 0, 1, 4, 2, 0, 1, 7 ]
[ -1, -2, -19, 2, 3, 0, 0, 0, 31 ]
[ 0, -1, -7, 1, 2, 19, 0, 0, 31 ]
[ 0, -1, -7, 2, 3, 0, 1, 2, 19 ]
[ 1, 2, 19, 0, 1, 7, 0, 0, 31 ]
[ 2, 3, 0, 1, 2, 19, 0, 0, 31 ]
[ 2, 3, 0, 0, 1, 7, 1, 2, 19 ]
[ 31, 0, 0, -14, 1, 0, -6, 0, 1 ]
[ 14, -1, 0, 3, 2, 0, -6, 0, 1 ]
[ 1, 0, 5, -14, 1, 0, 0, 0, 31 ]
[ 6, 0, -1, -14, 1, 0, 1, 0, 5 ]
[ 1, 11, 0, 0, 31, 0, 0, 4, 1 ]
[ 3, 2, 0, 1, 11, 0, 0, 4, 1 ]
[ 6, 0, -1, 3, 2, 0, -1, 1, 3 ]
[ 14, -1, 0, 1, 0, 5, 0, 0, 31 ]
[ -14, 1, 0, -6, 0, 1, 1, 0, 5 ]
[ 1, 11, 0, 0, 1, 8, 0, 0, 31 ]
[ 1, 11, 0, 0, 4, 1, 0, 1, 8 ]
[ 0, -1, -8, 1, 11, 0, 0, 0, 31 ]
[ 0, -4, -1, 1, 11, 0, 0, 1, 8 ]
[ 3, 2, 0, 0, 4, 1, -1, 1, 3 ]
[ 1, -1, -3, 1, 0, 5, 0, 0, 31 ]
[ 1, -1, -3, 3, 2, 0, 1, 0, 5 ]
[ 1, 0, 5, -1, 1, 3, 0, 0, 31 ]
[ 6, 0, -1, -1, 1, 3, 1, 0, 5 ]
[ 1, -1, -3, 0, 1, 8, 0, 0, 31 ]
[ 1, -1, -3, 0, 4, 1, 0, 1, 8 ]
[ 3, 2, 0, -1, 1, 3, 1, 0, 5 ]
[ 2, 1, 18, 3, 2, 0, 0, 0, 31 ]
[ 1, 0, 5, 2, 1, 18, 0, 0, 31 ]
[ 1, 0, 5, 3, 2, 0, 2, 1, 18 ]
[ 1, 0, 5, -1, 1, 3, 0, 0, 31 ]
[ -2, -1, -18, 1, 0, 5, 0, 0, 31 ]
[ -3, -2, 0, 2, 1, 18, 0, 0, 31 ]
[ -3, -2, 0, 1, 0, 5, 2, 1, 18 ]
[ 31, 0, 0, -8, 1, 0, -6, 0, 1 ]
[ 1, -4, 0, 0, 31, 0, 0, 7, 1 ]
[ 8, -1, 0, -1, 4, 0, 2, -1, 1 ]
[ 1, 0, 5, -8, 1, 0, 0, 0, 31 ]
[ 6, 0, -1, -8, 1, 0, 1, 0, 5 ]
[ 1, -4, 0, 0, 7, 1, 0, -3, 4 ]
[ 2, -1, 1, -1, 1, 4, 0, 0, 31 ]
[ 2, -1, 1, -1, 4, 0, -1, 1, 4 ]
[ -1, 0, -5, 2, -1, 1, 0, 0, 31 ]
[ 8, -1, 0, 1, 0, 5, 0, 0, 31 ]
[ -8, 1, 0, 2, -1, 1, 1, 0, 5 ]
[ 1, -4, 0, 0, 1, 9, 0, 0, 31 ]
[ -1, 4, 0, 0, -3, 4, 0, 1, 9 ]
[ 0, 1, 9, -1, 4, 0, 0, 0, 31 ]
[ 1, -1, -4, 0, 1, 9, 0, 0, 31 ]
[ 1, -1, -4, -1, 4, 0, 0, 1, 9 ]
[ 31, 0, 0, -2, 1, 0, -6, 0, 1 ]
[ 1, -16, 0, 0, 31, 0, 0, -3, 1 ]
[ 2, -1, 0, -1, 16, 0, 0, -3, 1 ]
[ 1, 0, 5, -2, 1, 0, 0, 0, 31 ]
[ 6, 0, -1, -2, 1, 0, 1, 0, 5 ]
[ 1, -16, 0, 0, 1, 10, 0, 0, 31 ]
[ -1, 16, 0, 0, -3, 1, 0, 1, 10 ]
[ 0, 1, 10, -1, 16, 0, 0, 0, 31 ]
[ 0, 3, -1, -1, 16, 0, 0, 1, 10 ]
[ 2, -1, 0, -1, 1, 5, 0, 0, 31 ]
[ -2, 1, 0, 0, -3, 1, -1, 1, 5 ]
[ 1, -1, -5, 0, 1, 10, 0, 0, 31 ]
[ -1, 1, 5, 0, -3, 1, 0, 1, 10 ]
[ 31, 0, 0, 4, 1, 0, -6, 0, 1 ]
[ 1, 8, 0, 0, 31, 0, 0, -14, 1 ]
[ 4, 1, 0, 1, 8, 0, 2, 2, 1 ]
[ 1, 0, 5, 4, 1, 0, 0, 0, 31 ]
[ 6, 0, -1, 4, 1, 0, 1, 0, 5 ]
[ -1, -8, 0, 0, -14, 1, 0, 3, 2 ]
[ 2, 2, 1, 1, 8, 0, 0, 3, 2 ]
[ -4, -1, 0, 1, 0, 5, 0, 0, 31 ]
[ 4, 1, 0, 2, 2, 1, 1, 0, 5 ]
[ 1, 8, 0, 0, 1, 11, 0, 0, 31 ]
[ 1, 8, 0, 0, 3, 2, 0, 1, 11 ]
[ 0, -1, -11, 1, 8, 0, 0, 0, 31 ]
[ 0, -3, -2, 1, 8, 0, 0, 1, 11 ]
[ 2, 2, 1, 0, 3, 2, 1, 0, 5 ]
[ 1, 0, 5, 1, 1, 16, 0, 0, 31 ]
[ 1, 0, 5, 2, 2, 1, 1, 1, 16 ]
[ 1, 0, 5, 0, 1, 11, 0, 0, 31 ]
[ 1, 0, 5, 0, 3, 2, 0, 1, 11 ]
[ -1, -1, -16, 1, 0, 5, 0, 0, 31 ]
[ -2, -2, -1, 1, 0, 5, 1, 1, 16 ]
[ 31, 0, 0, 10, 1, 0, -6, 0, 1 ]
[ 1, -3, 0, 0, 31, 0, 0, 13, 1 ]
[ 10, 1, 0, -1, 3, 0, 4, 1, 1 ]
[ 1, 0, 5, 10, 1, 0, 0, 0, 31 ]
[ 6, 0, -1, 10, 1, 0, 1, 0, 5 ]
[ 1, -3, 0, 0, 13, 1, 0, -5, 2 ]
[ 4, 1, 1, -1, 3, 0, -2, 1, 2 ]
[ 1, 0, 5, 4, 1, 1, 0, 0, 31 ]
[ -10, -1, 0, 1, 0, 5, 0, 0, 31 ]
[ 10, 1, 0, 4, 1, 1, 1, 0, 5 ]
[ -1, 3, 0, 0, -5, 2, 0, -2, 7 ]
[ 2, -1, -2, -1, 1, 7, 0, 0, 31 ]
[ 2, -1, -2, -1, 3, 0, -1, 1, 7 ]
[ 1, 0, 5, -2, 1, 2, 0, 0, 31 ]
[ -4, -1, -1, 1, 0, 5, 0, 0, 31 ]
[ 4, 1, 1, -2, 1, 2, 1, 0, 5 ]
[ -1, 3, 0, 0, -1, 19, 0, 0, 31 ]
[ -1, 3, 0, 0, -2, 7, 0, -1, 19 ]
[ 1, -2, -19, -1, 3, 0, 0, 0, 31 ]
[ 1, -1, -7, -1, 2, 19, 0, 0, 31 ]
[ 1, -1, -7, -1, 3, 0, -1, 2, 19 ]
[ 31, 0, 0, -15, 1, 0, -6, 0, 1 ]
[ 1, 2, 0, 0, 31, 0, 0, 12, 1 ]
[ 15, -1, 0, 1, 2, 0, -6, 0, 1 ]
[ 1, 0, 5, -15, 1, 0, 0, 0, 31 ]
[ 6, 0, -1, -15, 1, 0, 1, 0, 5 ]
[ 1, 2, 0, 0, 12, 1, 0, 5, 3 ]
[ 6, 0, -1, 1, 2, 0, -2, 1, 3 ]
[ 15, -1, 0, 1, 0, 5, 0, 0, 31 ]
[ -15, 1, 0, -6, 0, 1, 1, 0, 5 ]
[ 1, 2, 0, 0, 5, 3, 0, -2, 5 ]
[ 2, -1, -3, 1, 0, 5, 0, 0, 31 ]
[ 2, -1, -3, 1, 2, 0, 1, 0, 5 ]
[ 1, 0, 5, -2, 1, 3, 0, 0, 31 ]
[ 6, 0, -1, -2, 1, 3, 1, 0, 5 ]
[ -1, -2, 0, 0, -1, 18, 0, 0, 31 ]
[ -1, -2, 0, 0, -2, 5, 0, -1, 18 ]
[ 1, 1, 18, 1, 2, 0, 0, 0, 31 ]
[ 1, 0, 5, 1, 1, 18, 0, 0, 31 ]
[ 1, 0, 5, 1, 2, 0, 1, 1, 18 ]
[ 31, 0, 0, -9, 1, 0, -6, 0, 1 ]
[ 9, -1, 0, 4, 3, 0, 3, -1, 1 ]
[ 1, 0, 5, -9, 1, 0, 0, 0, 31 ]
[ 6, 0, -1, -9, 1, 0, 1, 0, 5 ]
[ 1, -7, 0, 0, 31, 0, 0, -11, 1 ]
[ 4, 3, 0, -1, 7, 0, -1, -4, 1 ]
[ 3, -1, 1, 4, 3, 0, -3, -1, 2 ]
[ -1, 0, -5, 3, -1, 1, 0, 0, 31 ]
[ 9, -1, 0, 1, 0, 5, 0, 0, 31 ]
[ -9, 1, 0, 3, -1, 1, 1, 0, 5 ]
[ -1, 7, 0, 0, -11, 1, 0, -2, 3 ]
[ 1, 4, -1, -1, 7, 0, 0, -2, 3 ]
[ -4, -3, 0, -1, -4, 1, 1, 2, 2 ]
[ -3, -1, 2, -2, -1, 7, 0, 0, 31 ]
[ 3, 1, -2, 4, 3, 0, -2, -1, 7 ]
[ -1, 0, -5, -3, -1, 2, 0, 0, 31 ]
[ 3, -1, 1, 1, 0, 5, 0, 0, 31 ]
[ -3, 1, -1, -3, -1, 2, 1, 0, 5 ]
[ -1, 7, 0, 0, -1, 17, 0, 0, 31 ]
[ -1, 7, 0, 0, -2, 3, 0, -1, 17 ]
[ 0, 1, -17, -1, 7, 0, 0, 0, 31 ]
[ 0, 2, -3, -1, 7, 0, 0, -1, 17 ]
[ -1, -4, 1, 0, -1, 17, 0, 0, 31 ]
[ -1, -4, 1, 0, -2, 3, 0, -1, 17 ]
[ 0, 1, -17, -1, -4, 1, 0, 0, 31 ]
[ -1, -2, -2, 0, -1, 17, 0, 0, 31 ]
[ -1, -2, -2, -1, -4, 1, 0, -1, 17 ]
[ 4, 3, 0, 1, 2, 2, 2, 2, 7 ]
[ -1, -1, -19, 4, 3, 0, 0, 0, 31 ]
[ 2, 1, -7, 1, 1, 19, 0, 0, 31 ]
[ 2, 1, -7, 4, 3, 0, 1, 1, 19 ]
[ 1, 1, 19, 1, 2, 2, 0, 0, 31 ]
[ 2, 2, 7, 1, 2, 2, 1, 1, 19 ]
[ 4, 3, 0, 1, 1, 19, 0, 0, 31 ]
[ 4, 3, 0, 2, 2, 7, 1, 1, 19 ]
[ 31, 0, 0, -3, 1, 0, -6, 0, 1 ]
[ 1, 10, 0, 0, 31, 0, 0, -2, 1 ]
[ 3, -1, 0, 1, 10, 0, 0, -2, 1 ]
[ 1, 0, 5, -3, 1, 0, 0, 0, 31 ]
[ 6, 0, -1, -3, 1, 0, 1, 0, 5 ]
[ -1, -10, 0, 0, -1, 16, 0, 0, 31 ]
[ -1, -10, 0, 0, -2, 1, 0, -1, 16 ]
[ 0, -1, 16, 1, 10, 0, 0, 0, 31 ]
[ 0, -2, 1, 1, 10, 0, 0, -1, 16 ]
[ 3, -1, 0, 1, 0, 5, 0, 0, 31 ]
[ -3, 1, 0, 0, -2, 1, 1, 0, 5 ]
[ -1, 0, -5, 0, -1, 16, 0, 0, 31 ]
[ -1, 0, -5, 0, -2, 1, 0, -1, 16 ]
[ 31, 0, 0, 3, 1, 0, -6, 0, 1 ]
[ 1, -10, 0, 0, 31, 0, 0, 2, 1 ]
[ 3, 1, 0, -1, 10, 0, 0, 2, 1 ]
[ 1, 0, 5, 3, 1, 0, 0, 0, 31 ]
[ 6, 0, -1, 3, 1, 0, 1, 0, 5 ]
[ 1, -10, 0, 0, 1, 16, 0, 0, 31 ]
[ 1, -10, 0, 0, 2, 1, 0, 1, 16 ]
[ 0, 1, 16, -1, 10, 0, 0, 0, 31 ]
[ 0, 2, 1, -1, 10, 0, 0, 1, 16 ]
[ -3, -1, 0, 1, 0, 5, 0, 0, 31 ]
[ 3, 1, 0, 0, 2, 1, 1, 0, 5 ]
[ 1, 0, 5, 0, 1, 16, 0, 0, 31 ]
[ 1, 0, 5, 0, 2, 1, 0, 1, 16 ]
[ 31, 0, 0, 9, 1, 0, -6, 0, 1 ]
[ 9, 1, 0, -4, 3, 0, 3, 1, 1 ]
[ 1, 0, 5, 9, 1, 0, 0, 0, 31 ]
[ 6, 0, -1, 9, 1, 0, 1, 0, 5 ]
[ 1, 7, 0, 0, 31, 0, 0, 11, 1 ]
[ 4, -3, 0, 1, 7, 0, -1, 4, 1 ]
[ 3, 1, 1, -4, 3, 0, -3, 1, 2 ]
[ 1, 0, 5, 3, 1, 1, 0, 0, 31 ]
[ -9, -1, 0, 1, 0, 5, 0, 0, 31 ]
[ 9, 1, 0, 3, 1, 1, 1, 0, 5 ]
[ 1, 7, 0, 0, 11, 1, 0, 2, 3 ]
[ 1, -4, -1, 1, 7, 0, 0, 2, 3 ]
[ 4, -3, 0, -1, 4, 1, 1, -2, 2 ]
[ 3, -1, -2, -2, 1, 7, 0, 0, 31 ]
[ 3, -1, -2, -4, 3, 0, -2, 1, 7 ]
[ 1, 0, 5, -3, 1, 2, 0, 0, 31 ]
[ -3, -1, -1, 1, 0, 5, 0, 0, 31 ]
[ 3, 1, 1, -3, 1, 2, 1, 0, 5 ]
[ 1, 7, 0, 0, 1, 17, 0, 0, 31 ]
[ 1, 7, 0, 0, 2, 3, 0, 1, 17 ]
[ 0, -1, -17, 1, 7, 0, 0, 0, 31 ]
[ 0, -2, -3, 1, 7, 0, 0, 1, 17 ]
[ 1, -4, -1, 0, 1, 17, 0, 0, 31 ]
[ 1, -4, -1, 0, 2, 3, 0, 1, 17 ]
[ 0, 1, 17, -1, 4, 1, 0, 0, 31 ]
[ 1, -2, 2, 0, 1, 17, 0, 0, 31 ]
[ 1, -2, 2, -1, 4, 1, 0, 1, 17 ]
[ -4, 3, 0, 1, -2, 2, 2, -2, 7 ]
[ 3, -2, -19, -4, 3, 0, 0, 0, 31 ]
[ 2, -1, -7, -3, 2, 19, 0, 0, 31 ]
[ 2, -1, -7, -4, 3, 0, -3, 2, 19 ]
[ -1, 1, -19, 1, -2, 2, 0, 0, 31 ]
[ -2, 2, -7, 1, -2, 2, 1, -1, 19 ]
[ -4, 3, 0, 1, -1, 19, 0, 0, 31 ]
[ -4, 3, 0, 2, -2, 7, 1, -1, 19 ]
[ 31, 0, 0, 15, 1, 0, -6, 0, 1 ]
[ 1, -2, 0, 0, 31, 0, 0, -12, 1 ]
[ 15, 1, 0, -1, 2, 0, -6, 0, 1 ]
[ 1, 0, 5, 15, 1, 0, 0, 0, 31 ]
[ 6, 0, -1, 15, 1, 0, 1, 0, 5 ]
[ -1, 2, 0, 0, -12, 1, 0, -5, 3 ]
[ 6, 0, -1, -1, 2, 0, -3, 1, 3 ]
[ -15, -1, 0, 1, 0, 5, 0, 0, 31 ]
[ 15, 1, 0, -6, 0, 1, 1, 0, 5 ]
[ -1, 2, 0, 0, -5, 3, 0, 2, 5 ]
[ 3, -1, -3, 1, 0, 5, 0, 0, 31 ]
[ 3, -1, -3, -1, 2, 0, 1, 0, 5 ]
[ 1, 0, 5, -3, 1, 3, 0, 0, 31 ]
[ 6, 0, -1, -3, 1, 3, 1, 0, 5 ]
[ 1, -2, 0, 0, 1, 18, 0, 0, 31 ]
[ 1, -2, 0, 0, 2, 5, 0, 1, 18 ]
[ 0, 1, 18, -1, 2, 0, 0, 0, 31 ]
[ 1, 0, 5, 0, 1, 18, 0, 0, 31 ]
[ 1, 0, 5, -1, 2, 0, 0, 1, 18 ]
[ 31, 0, 0, -10, 1, 0, -6, 0, 1 ]
[ 1, 3, 0, 0, 31, 0, 0, -13, 1 ]
[ 10, -1, 0, 1, 3, 0, 4, -1, 1 ]
[ 1, 0, 5, -10, 1, 0, 0, 0, 31 ]
[ 6, 0, -1, -10, 1, 0, 1, 0, 5 ]
[ -1, -3, 0, 0, -13, 1, 0, 5, 2 ]
[ 4, -1, 1, 1, 3, 0, -2, -1, 2 ]
[ -1, 0, -5, 4, -1, 1, 0, 0, 31 ]
[ 10, -1, 0, 1, 0, 5, 0, 0, 31 ]
[ -10, 1, 0, 4, -1, 1, 1, 0, 5 ]
[ 1, 3, 0, 0, 5, 2, 0, 2, 7 ]
[ -2, -1, 2, -1, -1, 7, 0, 0, 31 ]
[ 2, 1, -2, 1, 3, 0, -1, -1, 7 ]
[ -1, 0, -5, -2, -1, 2, 0, 0, 31 ]
[ 4, -1, 1, 1, 0, 5, 0, 0, 31 ]
[ -4, 1, -1, -2, -1, 2, 1, 0, 5 ]
[ 1, 3, 0, 0, 1, 19, 0, 0, 31 ]
[ 1, 3, 0, 0, 2, 7, 0, 1, 19 ]
[ 0, -1, -19, 1, 3, 0, 0, 0, 31 ]
[ 1, 1, -7, 0, 1, 19, 0, 0, 31 ]
[ 1, 1, -7, 1, 3, 0, 0, 1, 19 ]
[ 31, 0, 0, -4, 1, 0, -6, 0, 1 ]
[ 1, -8, 0, 0, 31, 0, 0, 14, 1 ]
[ 4, -1, 0, -1, 8, 0, 2, -2, 1 ]
[ 1, 0, 5, -4, 1, 0, 0, 0, 31 ]
[ 6, 0, -1, -4, 1, 0, 1, 0, 5 ]
[ 1, -8, 0, 0, 14, 1, 0, -3, 2 ]
[ 2, -2, 1, -1, 8, 0, 0, -3, 2 ]
[ 4, -1, 0, 1, 0, 5, 0, 0, 31 ]
[ -4, 1, 0, 2, -2, 1, 1, 0, 5 ]
[ -1, 8, 0, 0, -1, 11, 0, 0, 31 ]
[ -1, 8, 0, 0, -3, 2, 0, -1, 11 ]
[ 0, 1, -11, -1, 8, 0, 0, 0, 31 ]
[ 0, 3, -2, -1, 8, 0, 0, -1, 11 ]
[ -2, 2, -1, 0, -3, 2, 1, 0, 5 ]
[ -1, 0, -5, 1, -1, 16, 0, 0, 31 ]
[ -1, 0, -5, 2, -2, 1, 1, -1, 16 ]
[ -1, 0, -5, 0, -1, 11, 0, 0, 31 ]
[ -1, 0, -5, 0, -3, 2, 0, -1, 11 ]
[ 1, -1, 16, 1, 0, 5, 0, 0, 31 ]
[ 2, -2, 1, 1, 0, 5, 1, -1, 16 ]
[ 31, 0, 0, 2, 1, 0, -6, 0, 1 ]
[ 1, 16, 0, 0, 31, 0, 0, 3, 1 ]
[ 2, 1, 0, 1, 16, 0, 0, 3, 1 ]
[ 1, 0, 5, 2, 1, 0, 0, 0, 31 ]
[ 6, 0, -1, 2, 1, 0, 1, 0, 5 ]
[ -1, -16, 0, 0, -1, 10, 0, 0, 31 ]
[ 1, 16, 0, 0, 3, 1, 0, -1, 10 ]
[ 0, -1, 10, 1, 16, 0, 0, 0, 31 ]
[ 0, -3, -1, 1, 16, 0, 0, -1, 10 ]
[ -2, -1, 0, 1, 0, 5, 0, 0, 31 ]
[ 2, 1, 0, 0, 3, 1, 1, 0, 5 ]
[ -1, 0, -5, 0, -1, 10, 0, 0, 31 ]
[ 1, 0, 5, 0, 3, 1, 0, -1, 10 ]
[ 31, 0, 0, 8, 1, 0, -6, 0, 1 ]
[ 1, 4, 0, 0, 31, 0, 0, -7, 1 ]
[ 8, 1, 0, 1, 4, 0, 2, 1, 1 ]
[ 1, 0, 5, 8, 1, 0, 0, 0, 31 ]
[ 6, 0, -1, 8, 1, 0, 1, 0, 5 ]
[ -1, -4, 0, 0, -7, 1, 0, 3, 4 ]
[ -2, -1, -1, -1, -1, 4, 0, 0, 31 ]
[ 2, 1, 1, 1, 4, 0, -1, -1, 4 ]
[ 1, 0, 5, 2, 1, 1, 0, 0, 31 ]
[ -8, -1, 0, 1, 0, 5, 0, 0, 31 ]
[ 8, 1, 0, 2, 1, 1, 1, 0, 5 ]
[ -1, -4, 0, 0, -1, 9, 0, 0, 31 ]
[ 1, 4, 0, 0, 3, 4, 0, -1, 9 ]
[ 0, -1, 9, 1, 4, 0, 0, 0, 31 ]
[ -1, -1, 4, 0, -1, 9, 0, 0, 31 ]
[ 1, 1, -4, 1, 4, 0, 0, -1, 9 ]
[ 31, 0, 0, 14, 1, 0, -6, 0, 1 ]
[ 14, 1, 0, -3, 2, 0, -6, 0, 1 ]
[ 1, 0, 5, 14, 1, 0, 0, 0, 31 ]
[ 6, 0, -1, 14, 1, 0, 1, 0, 5 ]
[ 1, -11, 0, 0, 31, 0, 0, -4, 1 ]
[ 3, -2, 0, -1, 11, 0, 0, -4, 1 ]
[ 6, 0, -1, -3, 2, 0, -4, 1, 3 ]
[ -14, -1, 0, 1, 0, 5, 0, 0, 31 ]
[ 14, 1, 0, -6, 0, 1, 1, 0, 5 ]
[ -1, 11, 0, 0, -1, 8, 0, 0, 31 ]
[ -1, 11, 0, 0, -4, 1, 0, -1, 8 ]
[ 0, 1, -8, -1, 11, 0, 0, 0, 31 ]
[ 0, 4, -1, -1, 11, 0, 0, -1, 8 ]
[ -3, 2, 0, 0, -4, 1, -1, -1, 3 ]
[ 4, -1, -3, 1, 0, 5, 0, 0, 31 ]
[ 4, -1, -3, -3, 2, 0, 1, 0, 5 ]
[ 1, 0, 5, -4, 1, 3, 0, 0, 31 ]
[ 6, 0, -1, -4, 1, 3, 1, 0, 5 ]
[ -1, -1, 3, 0, -1, 8, 0, 0, 31 ]
[ -1, -1, 3, 0, -4, 1, 0, -1, 8 ]
[ -1, 0, -5, -1, -1, 3, 0, 0, 31 ]
[ -3, 2, 0, -1, -1, 3, 1, 0, 5 ]
[ -1, 1, 18, -3, 2, 0, 0, 0, 31 ]
[ 1, 0, 5, -1, 1, 18, 0, 0, 31 ]
[ 1, 0, 5, -3, 2, 0, -1, 1, 18 ]
[ 1, -1, -18, 1, 0, 5, 0, 0, 31 ]
[ 3, -2, 0, -1, 1, 18, 0, 0, 31 ]
[ 3, -2, 0, 1, 0, 5, -1, 1, 18 ]
[ 31, 0, 0, -11, 1, 0, -6, 0, 1 ]
[ 11, -1, 0, -2, 3, 0, 5, -1, 1 ]
[ 1, 0, 5, -11, 1, 0, 0, 0, 31 ]
[ 6, 0, -1, -11, 1, 0, 1, 0, 5 ]
[ 1, -17, 0, 0, 31, 0, 0, -9, 1 ]
[ 2, -3, 0, -1, 17, 0, -1, 8, 1 ]
[ 5, -1, 1, -2, 3, 0, -1, -1, 2 ]
[ -1, 0, -5, 5, -1, 1, 0, 0, 31 ]
[ 11, -1, 0, 1, 0, 5, 0, 0, 31 ]
[ -11, 1, 0, 5, -1, 1, 1, 0, 5 ]
[ -1, 17, 0, 0, -9, 1, 0, 4, 3 ]
[ 1, -8, -1, -1, 17, 0, 0, 4, 3 ]
[ 2, -3, 0, -1, 8, 1, 1, -4, 2 ]
[ -1, -1, 2, 0, -1, 7, 0, 0, 31 ]
[ 1, 1, -2, -2, 3, 0, 0, -1, 7 ]
[ -1, 0, -5, -1, -1, 2, 0, 0, 31 ]
[ 5, -1, 1, 1, 0, 5, 0, 0, 31 ]
[ -5, 1, -1, -1, -1, 2, 1, 0, 5 ]
[ -1, 17, 0, 0, -1, 7, 0, 0, 31 ]
[ 1, -17, 0, 0, 4, 3, 0, -1, 7 ]
[ 0, 1, -7, -1, 17, 0, 0, 0, 31 ]
[ 0, 4, 3, -1, 17, 0, 0, -1, 7 ]
[ -1, 8, 1, 0, -1, 7, 0, 0, 31 ]
[ 1, -8, -1, 0, 4, 3, 0, -1, 7 ]
[ 0, 1, -7, -1, 8, 1, 0, 0, 31 ]
[ -1, 4, -2, 0, -1, 7, 0, 0, 31 ]
[ 1, -4, 2, -1, 8, 1, 0, -1, 7 ]
[ 0, -1, 7, 1, -4, 2, 0, 0, 31 ]
[ -2, 3, 0, 1, -4, 2, 0, -1, 7 ]
[ 1, -1, -19, -2, 3, 0, 0, 0, 31 ]
[ 0, 1, -7, -1, 1, 19, 0, 0, 31 ]
[ 0, 1, -7, -2, 3, 0, -1, 1, 19 ]
[ -1, 1, 19, 0, -1, 7, 0, 0, 31 ]
[ -2, 3, 0, -1, 1, 19, 0, 0, 31 ]
[ -2, 3, 0, 0, -1, 7, -1, 1, 19 ]
[ 31, 0, 0, -5, 1, 0, -6, 0, 1 ]
[ 1, 6, 0, 0, 31, 0, 0, 5, 1 ]
[ 5, -1, 0, 1, 6, 0, -1, -1, 1 ]
[ 1, 0, 5, -5, 1, 0, 0, 0, 31 ]
[ 6, 0, -1, -5, 1, 0, 1, 0, 5 ]
[ -1, -6, 0, 0, -1, 6, 0, 0, 31 ]
[ 1, 6, 0, 0, 5, 1, 0, -1, 6 ]
[ 0, -1, 6, 1, 6, 0, 0, 0, 31 ]
[ -1, -1, 1, 0, -1, 6, 0, 0, 31 ]
[ 1, 1, -1, 1, 6, 0, 0, -1, 6 ]
[ -1, 0, -5, -1, -1, 1, 0, 0, 31 ]
[ 5, -1, 0, 1, 0, 5, 0, 0, 31 ]
[ -5, 1, 0, -1, -1, 1, 1, 0, 5 ]
[ 1, 1, 0, 0, 31, 0, 0, 6, 1 ]
[ 31, 0, 0, 1, 1, 0, -6, 0, 1 ]
[ -1, -1, 0, 0, -1, 5, 0, 0, 31 ]
[ 1, 1, 0, 0, 6, 1, 0, -1, 5 ]
[ 1, 0, 5, 1, 1, 0, 0, 0, 31 ]
[ 6, 0, -1, 1, 1, 0, 1, 0, 5 ]
[ 31, 0, 0, 7, 1, 0, -6, 0, 1 ]
[ 7, 1, 0, -3, 4, 0, 1, 1, 1 ]
[ 1, 0, 5, 7, 1, 0, 0, 0, 31 ]
[ 6, 0, -1, 7, 1, 0, 1, 0, 5 ]
[ 1, 9, 0, 0, 31, 0, 0, -8, 1 ]
[ 3, -4, 0, 1, 9, 0, 1, 1, 1 ]
[ -1, -1, -1, 0, -1, 4, 0, 0, 31 ]
[ 1, 1, 1, -3, 4, 0, 0, -1, 4 ]
[ 1, 0, 5, 1, 1, 1, 0, 0, 31 ]
[ -7, -1, 0, 1, 0, 5, 0, 0, 31 ]
[ 7, 1, 0, 1, 1, 1, 1, 0, 5 ]
[ -1, -9, 0, 0, -1, 4, 0, 0, 31 ]
[ -1, -9, 0, 0, -8, 1, 0, -1, 4 ]
[ 0, -1, 4, 1, 9, 0, 0, 0, 31 ]
[ 1, 1, 1, 1, 9, 0, 0, -1, 4 ]
[ 0, -1, 4, 1, 1, 1, 0, 0, 31 ]
[ 3, -4, 0, 1, 1, 1, 0, -1, 4 ]
[ 1, -1, 9, -3, 4, 0, 0, 0, 31 ]
[ 0, -1, 4, 1, -1, 9, 0, 0, 31 ]
[ 0, 1, -4, -3, 4, 0, 1, -1, 9 ]
[ -1, -1, -1, 0, -1, 4, 0, 0, 31 ]
[ -1, 1, -9, 0, -1, 4, 0, 0, 31 ]
[ 3, -4, 0, 1, -1, 9, 0, 0, 31 ]
[ -3, 4, 0, 0, -1, 4, 1, -1, 9 ]
[ 31, 0, 0, 13, 1, 0, -6, 0, 1 ]
[ 13, 1, 0, -5, 2, 0, -6, 0, 1 ]
[ 1, 0, 5, 13, 1, 0, 0, 0, 31 ]
[ 6, 0, -1, 13, 1, 0, 1, 0, 5 ]
[ 5, -2, 0, -2, 7, 0, -1, -2, 1 ]
[ 6, 0, -1, -5, 2, 0, -5, 1, 3 ]
[ -13, -1, 0, 1, 0, 5, 0, 0, 31 ]
[ 13, 1, 0, -6, 0, 1, 1, 0, 5 ]
[ 1, -19, 0, 0, 31, 0, 0, 10, 1 ]
[ 2, -7, 0, -1, 19, 0, 1, -9, 1 ]
[ -1, -2, 1, 0, -1, 3, 0, 0, 31 ]
[ 1, 2, -1, -2, 7, 0, 0, -1, 3 ]
[ 0, 1, -3, -1, -2, 1, 0, 0, 31 ]
[ -5, 2, 0, -1, -2, 1, 0, -1, 3 ]
[ 5, -1, -3, 1, 0, 5, 0, 0, 31 ]
[ 5, -1, -3, -5, 2, 0, 1, 0, 5 ]
[ 1, 0, 5, -5, 1, 3, 0, 0, 31 ]
[ 6, 0, -1, -5, 1, 3, 1, 0, 5 ]
[ -1, 19, 0, 0, -1, 3, 0, 0, 31 ]
[ 1, -19, 0, 0, 10, 1, 0, -1, 3 ]
[ 0, 1, -3, -1, 19, 0, 0, 0, 31 ]
[ -1, 9, -1, 0, -1, 3, 0, 0, 31 ]
[ 1, -9, 1, -1, 19, 0, 0, -1, 3 ]
[ 0, -1, 3, 1, -9, 1, 0, 0, 31 ]
[ -2, 7, 0, 1, -9, 1, 0, -1, 3 ]
[ 1, -3, -17, -2, 7, 0, 0, 0, 31 ]
[ 0, 1, -3, -1, 3, 17, 0, 0, 31 ]
[ 0, 1, -3, -2, 7, 0, -1, 3, 17 ]
[ -1, 0, -5, 0, -1, 3, 0, 0, 31 ]
[ -5, 2, 0, 0, -1, 3, 1, 0, 5 ]
[ -2, 1, 18, -5, 2, 0, 0, 0, 31 ]
[ 1, 0, 5, -2, 1, 18, 0, 0, 31 ]
[ 1, 0, 5, -5, 2, 0, -2, 1, 18 ]
[ -1, 3, 17, 0, -1, 3, 0, 0, 31 ]
[ -2, 7, 0, -1, 3, 17, 0, 0, 31 ]
[ -2, 7, 0, 0, -1, 3, -1, 3, 17 ]
[ 2, -1, -18, 1, 0, 5, 0, 0, 31 ]
[ 5, -2, 0, -2, 1, 18, 0, 0, 31 ]
[ 5, -2, 0, 1, 0, 5, -2, 1, 18 ]
[ 31, 0, 0, -12, 1, 0, -6, 0, 1 ]
[ 12, -1, 0, -5, 3, 0, 6, -1, 1 ]
[ 1, 0, 5, -12, 1, 0, 0, 0, 31 ]
[ 6, 0, -1, -12, 1, 0, 1, 0, 5 ]
[ 1, 2, 1, 2, 5, 0, 0, 0, 31 ]
[ 5, -3, 0, 2, 5, 0, 1, 2, 1 ]
[ 6, -1, 1, -5, 3, 0, 0, -1, 2 ]
[ -1, 0, -5, 6, -1, 1, 0, 0, 31 ]
[ 12, -1, 0, 1, 0, 5, 0, 0, 31 ]
[ -12, 1, 0, 6, -1, 1, 1, 0, 5 ]
[ 1, 18, 0, 0, 31, 0, 0, 15, 1 ]
[ -2, -5, 0, -1, -3, 1, 0, 0, 31 ]
[ 2, 5, 0, 1, 18, 0, -1, -3, 1 ]
[ 0, -1, 2, 1, 2, 1, 0, 0, 31 ]
[ 5, -3, 0, 1, 2, 1, 0, -1, 2 ]
[ 0, -1, 2, 1, -1, 7, 0, 0, 31 ]
[ 0, 1, -2, -5, 3, 0, 1, -1, 7 ]
[ -1, 0, -5, 0, -1, 2, 0, 0, 31 ]
[ 6, -1, 1, 1, 0, 5, 0, 0, 31 ]
[ -6, 1, -1, 0, -1, 2, 1, 0, 5 ]
[ -1, -18, 0, 0, -1, 2, 0, 0, 31 ]
[ 1, 18, 0, 0, 15, 1, 0, -1, 2 ]
[ 0, -1, 2, 1, 18, 0, 0, 0, 31 ]
[ -1, -3, 1, 0, -1, 2, 0, 0, 31 ]
[ 1, 3, -1, 1, 18, 0, 0, -1, 2 ]
[ -1, 1, -7, 0, -1, 2, 0, 0, 31 ]
[ -5, 3, 0, 0, -1, 2, 1, -1, 7 ]
[ 2, -1, -19, -5, 3, 0, 0, 0, 31 ]
[ -1, 1, -7, -2, 1, 19, 0, 0, 31 ]
[ -1, 1, -7, -5, 3, 0, -2, 1, 19 ]
[ -2, 1, 19, 1, -1, 7, 0, 0, 31 ]
[ -5, 3, 0, -2, 1, 19, 0, 0, 31 ]
[ -5, 3, 0, 1, -1, 7, -2, 1, 19 ]
[ 31, 0, 0, -6, 1, 0, -6, 0, 1 ]
[ -1, -5, 0, 0, -1, 1, 0, 0, 31 ]
[ 1, 5, 0, 0, 31, 0, 0, -1, 1 ]
[ 0, -1, 1, 1, 5, 0, 0, 0, 31 ]
[ 6, -1, 0, 1, 5, 0, 0, -1, 1 ]
[ 1, 0, 5, -6, 1, 0, 0, 0, 31 ]
[ 6, 0, -1, -6, 1, 0, 1, 0, 5 ]
[ -1, 0, -5, 0, -1, 1, 0, 0, 31 ]
[ 6, -1, 0, 1, 0, 5, 0, 0, 31 ]
[ -6, 1, 0, 0, -1, 1, 1, 0, 5 ]
[ 31, 0, 0, 0, 1, 0, -5, 0, 1 ]
[ 1, 0, 6, 0, 1, 0, 0, 0, 31 ]
[ 5, 0, -1, 0, 1, 0, 1, 0, 6 ]
[ 31, 0, 0, 5, 1, 0, -5, 0, 1 ]
[ 1, -6, 0, 0, 1, 1, 0, 0, 31 ]
[ 1, -6, 0, 0, 31, 0, 0, 1, 1 ]
[ 0, 1, 1, -1, 6, 0, 0, 0, 31 ]
[ 5, 1, 0, -1, 6, 0, 0, 1, 1 ]
[ 1, 0, 6, 5, 1, 0, 0, 0, 31 ]
[ 5, 0, -1, 5, 1, 0, 1, 0, 6 ]
[ 1, 0, 6, 0, 1, 1, 0, 0, 31 ]
[ -5, -1, 0, 1, 0, 6, 0, 0, 31 ]
[ 5, 1, 0, 0, 1, 1, 1, 0, 6 ]
[ 31, 0, 0, 10, 1, 0, -5, 0, 1 ]
[ 1, -3, 0, 0, 31, 0, 0, -15, 1 ]
[ 10, 1, 0, -1, 3, 0, -5, 0, 1 ]
[ 1, 0, 6, 10, 1, 0, 0, 0, 31 ]
[ 5, 0, -1, 10, 1, 0, 1, 0, 6 ]
[ 1, -3, 0, 0, 1, 2, 0, 0, 31 ]
[ -1, 3, 0, 0, -15, 1, 0, 1, 2 ]
[ 0, 1, 2, -1, 3, 0, 0, 0, 31 ]
[ 5, 0, -1, -1, 3, 0, 0, 1, 2 ]
[ -10, -1, 0, 1, 0, 6, 0, 0, 31 ]
[ 10, 1, 0, -5, 0, 1, 1, 0, 6 ]
[ 1, 0, 6, 0, 1, 2, 0, 0, 31 ]
[ 5, 0, -1, 0, 1, 2, 1, 0, 6 ]
[ 31, 0, 0, 15, 1, 0, -5, 0, 1 ]
[ 1, -2, 0, 0, 31, 0, 0, -10, 1 ]
[ 15, 1, 0, -1, 2, 0, -5, 0, 1 ]
[ 1, 0, 6, 15, 1, 0, 0, 0, 31 ]
[ 5, 0, -1, 15, 1, 0, 1, 0, 6 ]
[ 1, -2, 0, 0, 1, 3, 0, 0, 31 ]
[ -1, 2, 0, 0, -10, 1, 0, 1, 3 ]
[ 0, 1, 3, -1, 2, 0, 0, 0, 31 ]
[ 5, 0, -1, -1, 2, 0, 0, 1, 3 ]
[ -15, -1, 0, 1, 0, 6, 0, 0, 31 ]
[ 15, 1, 0, -5, 0, 1, 1, 0, 6 ]
[ 1, 0, 6, 0, 1, 3, 0, 0, 31 ]
[ 5, 0, -1, 0, 1, 3, 1, 0, 6 ]
[ 31, 0, 0, -11, 1, 0, -5, 0, 1 ]
[ 11, -1, 0, -2, 3, 0, -5, 0, 1 ]
[ 1, 0, 6, -11, 1, 0, 0, 0, 31 ]
[ 5, 0, -1, -11, 1, 0, 1, 0, 6 ]
[ 1, -17, 0, 0, 31, 0, 0, 8, 1 ]
[ 2, -3, 0, -1, 17, 0, 1, -9, 1 ]
[ 1, -1, 2, -2, 3, 0, 0, 0, 31 ]
[ 5, 0, -1, -2, 3, 0, 1, -1, 2 ]
[ 11, -1, 0, 1, 0, 6, 0, 0, 31 ]
[ -11, 1, 0, -5, 0, 1, 1, 0, 6 ]
[ 1, -17, 0, 0, 1, 4, 0, 0, 31 ]
[ 1, -17, 0, 0, 8, 1, 0, 1, 4 ]
[ 0, 1, 4, -1, 17, 0, 0, 0, 31 ]
[ 1, -9, 1, 0, 1, 4, 0, 0, 31 ]
[ 1, -9, 1, -1, 17, 0, 0, 1, 4 ]
[ 2, -3, 0, -1, 2, 2, 0, 0, 31 ]
[ -2, 3, 0, 1, -9, 1, -1, 2, 2 ]
[ -1, 0, -6, 1, -1, 2, 0, 0, 31 ]
[ -5, 0, 1, 1, -1, 2, 1, 0, 6 ]
[ 0, -1, -4, 1, -9, 1, 0, 0, 31 ]
[ 1, -2, -2, 0, 1, 4, 0, 0, 31 ]
[ -1, 2, 2, 1, -9, 1, 0, 1, 4 ]
[ 31, 0, 0, -6, 1, 0, -5, 0, 1 ]
[ 1, 5, 0, 0, 31, 0, 0, -6, 1 ]
[ 6, -1, 0, 1, 5, 0, 1, -1, 1 ]
[ 1, 0, 6, -6, 1, 0, 0, 0, 31 ]
[ 5, 0, -1, -6, 1, 0, 1, 0, 6 ]
[ 1, 5, 0, 0, 1, 5, 0, 0, 31 ]
[ -1, -5, 0, 0, -6, 1, 0, 1, 5 ]
[ 0, -1, -5, 1, 5, 0, 0, 0, 31 ]
[ 1, -1, 1, 0, 1, 5, 0, 0, 31 ]
[ 1, -1, 1, 1, 5, 0, 0, 1, 5 ]
[ -1, 0, -6, 1, -1, 1, 0, 0, 31 ]
[ 6, -1, 0, 1, 0, 6, 0, 0, 31 ]
[ -6, 1, 0, 1, -1, 1, 1, 0, 6 ]
[ 1, -1, 0, 0, 31, 0, 0, -5, 1 ]
[ 31, 0, 0, -1, 1, 0, -5, 0, 1 ]
[ 1, -1, 0, 0, 1, 6, 0, 0, 31 ]
[ -1, 1, 0, 0, -5, 1, 0, 1, 6 ]
[ 1, 0, 6, -1, 1, 0, 0, 0, 31 ]
[ 5, 0, -1, -1, 1, 0, 1, 0, 6 ]
[ 31, 0, 0, 4, 1, 0, -5, 0, 1 ]
[ 1, 8, 0, 0, 31, 0, 0, 9, 1 ]
[ 4, 1, 0, 1, 8, 0, -1, 1, 1 ]
[ 1, 0, 6, 4, 1, 0, 0, 0, 31 ]
[ 5, 0, -1, 4, 1, 0, 1, 0, 6 ]
[ 1, 8, 0, 0, 9, 1, 0, -4, 3 ]
[ 1, -1, -1, 1, 8, 0, 0, -4, 3 ]
[ 1, 0, 6, -1, 1, 1, 0, 0, 31 ]
[ -4, -1, 0, 1, 0, 6, 0, 0, 31 ]
[ 4, 1, 0, -1, 1, 1, 1, 0, 6 ]
[ 1, 8, 0, 0, 1, 7, 0, 0, 31 ]
[ -1, -8, 0, 0, -4, 3, 0, 1, 7 ]
[ 0, -1, -7, 1, 8, 0, 0, 0, 31 ]
[ 0, -4, 3, 1, 8, 0, 0, 1, 7 ]
[ 1, -1, -1, 0, 1, 7, 0, 0, 31 ]
[ -1, 1, 1, 0, -4, 3, 0, 1, 7 ]
[ 31, 0, 0, 9, 1, 0, -5, 0, 1 ]
[ 9, 1, 0, -4, 3, 0, -5, 0, 1 ]
[ 1, 0, 6, 9, 1, 0, 0, 0, 31 ]
[ 5, 0, -1, 9, 1, 0, 1, 0, 6 ]
[ 1, 7, 0, 0, 31, 0, 0, 4, 1 ]
[ 4, -3, 0, 1, 7, 0, -1, -3, 1 ]
[ -1, 1, 2, -4, 3, 0, 0, 0, 31 ]
[ 5, 0, -1, -4, 3, 0, -1, 1, 2 ]
[ -9, -1, 0, 1, 0, 6, 0, 0, 31 ]
[ 9, 1, 0, -5, 0, 1, 1, 0, 6 ]
[ 1, 7, 0, 0, 1, 8, 0, 0, 31 ]
[ 1, 7, 0, 0, 4, 1, 0, 1, 8 ]
[ 0, -1, -8, 1, 7, 0, 0, 0, 31 ]
[ 1, 3, -1, 0, 1, 8, 0, 0, 31 ]
[ 1, 3, -1, 1, 7, 0, 0, 1, 8 ]
[ 4, -3, 0, -1, 1, 2, 0, 0, 31 ]
[ -4, 3, 0, -1, -3, 1, -1, 1, 2 ]
[ 1, 0, 6, -1, 1, 2, 0, 0, 31 ]
[ 5, 0, -1, -1, 1, 2, 1, 0, 6 ]
[ 0, 1, 8, -1, -3, 1, 0, 0, 31 ]
[ 1, -1, -2, 0, 1, 8, 0, 0, 31 ]
[ -1, 1, 2, -1, -3, 1, 0, 1, 8 ]
[ 31, 0, 0, 14, 1, 0, -5, 0, 1 ]
[ 14, 1, 0, -3, 2, 0, -5, 0, 1 ]
[ 1, 0, 6, 14, 1, 0, 0, 0, 31 ]
[ 5, 0, -1, 14, 1, 0, 1, 0, 6 ]
[ 1, -11, 0, 0, 31, 0, 0, 7, 1 ]
[ 3, -2, 0, -1, 11, 0, 1, -4, 1 ]
[ -1, 1, 3, -3, 2, 0, 0, 0, 31 ]
[ 5, 0, -1, -3, 2, 0, -1, 1, 3 ]
[ -14, -1, 0, 1, 0, 6, 0, 0, 31 ]
[ 14, 1, 0, -5, 0, 1, 1, 0, 6 ]
[ 1, -11, 0, 0, 7, 1, 0, -3, 4 ]
[ 1, -4, 1, -1, 11, 0, 0, -3, 4 ]
[ 3, -2, 0, -1, 1, 3, 0, 0, 31 ]
[ -3, 2, 0, 1, -4, 1, -1, 1, 3 ]
[ 1, 0, 6, -1, 1, 3, 0, 0, 31 ]
[ 5, 0, -1, -1, 1, 3, 1, 0, 6 ]
[ 1, -11, 0, 0, 1, 9, 0, 0, 31 ]
[ -1, 11, 0, 0, -3, 4, 0, 1, 9 ]
[ 0, 1, 9, -1, 11, 0, 0, 0, 31 ]
[ 0, 3, -4, -1, 11, 0, 0, 1, 9 ]
[ 1, -4, 1, 0, 1, 9, 0, 0, 31 ]
[ -1, 4, -1, 0, -3, 4, 0, 1, 9 ]
[ 0, -1, -9, 1, -4, 1, 0, 0, 31 ]
[ 1, -1, -3, 0, 1, 9, 0, 0, 31 ]
[ -1, 1, 3, 1, -4, 1, 0, 1, 9 ]
[ 31, 0, 0, -12, 1, 0, -5, 0, 1 ]
[ 12, -1, 0, -5, 3, 0, -5, 0, 1 ]
[ 1, 0, 6, -12, 1, 0, 0, 0, 31 ]
[ 5, 0, -1, -12, 1, 0, 1, 0, 6 ]
[ 5, -3, 0, 2, 5, 0, 0, -3, 1 ]
[ 2, -1, 2, -5, 3, 0, 0, 0, 31 ]
[ 5, 0, -1, -5, 3, 0, 2, -1, 2 ]
[ 12, -1, 0, 1, 0, 6, 0, 0, 31 ]
[ -12, 1, 0, -5, 0, 1, 1, 0, 6 ]
[ 1, 18, 0, 0, 31, 0, 0, -3, 1 ]
[ 2, 5, 0, 1, 18, 0, 0, -3, 1 ]
[ -1, -3, -5, 2, 5, 0, 0, 0, 31 ]
[ 0, -3, 1, 2, 5, 0, 1, 3, 5 ]
[ 5, -3, 0, 2, -1, 2, 0, 0, 31 ]
[ -5, 3, 0, 0, -3, 1, 2, -1, 2 ]
[ -1, 0, -6, 2, -1, 2, 0, 0, 31 ]
[ -5, 0, 1, 2, -1, 2, 1, 0, 6 ]
[ 1, 18, 0, 0, 1, 10, 0, 0, 31 ]
[ -1, -18, 0, 0, -3, 1, 0, 1, 10 ]
[ 0, -1, -10, 1, 18, 0, 0, 0, 31 ]
[ 0, -3, 1, 1, 18, 0, 0, 1, 10 ]
[ 2, 5, 0, 1, 3, 5, 0, 0, 31 ]
[ -2, -5, 0, 0, -3, 1, 1, 3, 5 ]
[ 0, -1, -10, 1, 3, 5, 0, 0, 31 ]
[ 0, -3, 1, 1, 3, 5, 0, 1, 10 ]
[ 2, -1, 2, 1, 0, 6, 0, 0, 31 ]
[ -2, 1, -2, 0, -3, 1, 1, 0, 6 ]
[ 1, 3, 5, 0, 1, 10, 0, 0, 31 ]
[ -1, -3, -5, 0, -3, 1, 0, 1, 10 ]
[ 1, 0, 6, 0, 1, 10, 0, 0, 31 ]
[ -1, 0, -6, 0, -3, 1, 0, 1, 10 ]
[ 31, 0, 0, -7, 1, 0, -5, 0, 1 ]
[ 7, -1, 0, 3, 4, 0, 2, -1, 1 ]
[ 1, 0, 6, -7, 1, 0, 0, 0, 31 ]
[ 5, 0, -1, -7, 1, 0, 1, 0, 6 ]
[ 1, -9, 0, 0, 31, 0, 0, -14, 1 ]
[ 3, 4, 0, -1, 9, 0, -1, -5, 1 ]
[ 2, -1, 1, 3, 4, 0, -1, -2, 3 ]
[ -1, 0, -6, 2, -1, 1, 0, 0, 31 ]
[ 7, -1, 0, 1, 0, 6, 0, 0, 31 ]
[ -7, 1, 0, 2, -1, 1, 1, 0, 6 ]
[ -1, 9, 0, 0, -14, 1, 0, 3, 2 ]
[ 1, 5, -1, -1, 9, 0, 0, 3, 2 ]
[ -3, -4, 0, -1, -5, 1, -1, -2, 3 ]
[ 1, 1, 17, 3, 4, 0, 0, 0, 31 ]
[ -1, -2, 3, 1, 1, 17, 0, 0, 31 ]
[ -1, -2, 3, 3, 4, 0, 1, 1, 17 ]
[ 2, -1, 1, 1, 0, 6, 0, 0, 31 ]
[ -2, 1, -1, -1, -2, 3, 1, 0, 6 ]
[ 1, -9, 0, 0, 1, 11, 0, 0, 31 ]
[ 1, -9, 0, 0, 3, 2, 0, 1, 11 ]
[ 0, 1, 11, -1, 9, 0, 0, 0, 31 ]
[ 0, 3, 2, -1, 9, 0, 0, 1, 11 ]
[ 1, 5, -1, 0, 1, 11, 0, 0, 31 ]
[ 1, 5, -1, 0, 3, 2, 0, 1, 11 ]
[ 0, 1, 11, -1, -5, 1, 0, 0, 31 ]
[ 1, 2, -3, 0, 1, 11, 0, 0, 31 ]
[ -1, -2, 3, -1, -5, 1, 0, 1, 11 ]
[ -1, -1, -17, -1, -2, 3, 0, 0, 31 ]
[ -3, -4, 0, 1, 1, 17, 0, 0, 31 ]
[ -3, -4, 0, -1, -2, 3, 1, 1, 17 ]
[ 0, 1, -20, -1, -2, 3, 0, 0, 31 ]
[ -1, 0, -6, 0, -1, 20, 0, 0, 31 ]
[ -1, 0, -6, -1, -2, 3, 0, -1, 20 ]
[ 31, 0, 0, -2, 1, 0, -5, 0, 1 ]
[ 1, -16, 0, 0, 31, 0, 0, 13, 1 ]
[ 2, -1, 0, -1, 16, 0, 1, -3, 1 ]
[ 1, 0, 6, -2, 1, 0, 0, 0, 31 ]
[ 5, 0, -1, -2, 1, 0, 1, 0, 6 ]
[ 1, -16, 0, 0, 13, 1, 0, -5, 2 ]
[ 1, -3, 1, -1, 16, 0, 0, -5, 2 ]
[ 2, -1, 0, -1, 1, 6, 0, 0, 31 ]
[ -2, 1, 0, 1, -3, 1, -1, 1, 6 ]
[ -1, 16, 0, 0, -5, 2, 0, -2, 7 ]
[ 0, 5, -2, -1, 16, 0, 0, -2, 7 ]
[ -1, 3, -1, 0, -5, 2, 0, -2, 7 ]
[ 0, -1, 19, 1, -3, 1, 0, 0, 31 ]
[ -1, 1, 6, 0, -1, 19, 0, 0, 31 ]
[ -1, 1, 6, 1, -3, 1, 0, -1, 19 ]
[ -1, 16, 0, 0, -1, 19, 0, 0, 31 ]
[ -1, 16, 0, 0, -2, 7, 0, -1, 19 ]
[ 0, 1, -19, -1, 16, 0, 0, 0, 31 ]
[ 0, 2, -7, -1, 16, 0, 0, -1, 19 ]
[ -1, 3, -1, 0, -1, 19, 0, 0, 31 ]
[ -1, 3, -1, 0, -2, 7, 0, -1, 19 ]
[ 31, 0, 0, 3, 1, 0, -5, 0, 1 ]
[ 1, -10, 0, 0, 31, 0, 0, 12, 1 ]
[ 3, 1, 0, -1, 10, 0, 1, 2, 1 ]
[ 1, 0, 6, 3, 1, 0, 0, 0, 31 ]
[ 5, 0, -1, 3, 1, 0, 1, 0, 6 ]
[ 1, -10, 0, 0, 12, 1, 0, 5, 3 ]
[ 1, 2, 1, -1, 10, 0, 0, 5, 3 ]
[ -3, -1, 0, 1, 0, 6, 0, 0, 31 ]
[ 3, 1, 0, 1, 2, 1, 1, 0, 6 ]
[ 1, -10, 0, 0, 5, 3, 0, -2, 5 ]
[ 0, 5, 3, -1, 10, 0, 0, -2, 5 ]
[ 1, 2, 1, 0, 5, 3, 0, -2, 5 ]
[ 1, 1, 19, 1, 2, 1, 0, 0, 31 ]
[ 1, 0, 6, 1, 1, 19, 0, 0, 31 ]
[ 1, 0, 6, 1, 2, 1, 1, 1, 19 ]
[ -1, 10, 0, 0, -1, 18, 0, 0, 31 ]
[ -1, 10, 0, 0, -2, 5, 0, -1, 18 ]
[ 0, 1, -18, -1, 10, 0, 0, 0, 31 ]
[ 0, 2, -5, -1, 10, 0, 0, -1, 18 ]
[ -1, -2, -1, 0, -1, 18, 0, 0, 31 ]
[ -1, -2, -1, 0, -2, 5, 0, -1, 18 ]
[ 31, 0, 0, 8, 1, 0, -5, 0, 1 ]
[ 1, 4, 0, 0, 31, 0, 0, -11, 1 ]
[ 8, 1, 0, 1, 4, 0, 3, 1, 1 ]
[ 1, 0, 6, 8, 1, 0, 0, 0, 31 ]
[ 5, 0, -1, 8, 1, 0, 1, 0, 6 ]
[ -1, -4, 0, 0, -11, 1, 0, -2, 3 ]
[ 3, 1, 1, 1, 4, 0, 1, 2, 3 ]
[ 1, 0, 6, 3, 1, 1, 0, 0, 31 ]
[ -8, -1, 0, 1, 0, 6, 0, 0, 31 ]
[ 8, 1, 0, 3, 1, 1, 1, 0, 6 ]
[ -1, -4, 0, 0, -1, 17, 0, 0, 31 ]
[ -1, -4, 0, 0, -2, 3, 0, -1, 17 ]
[ 1, 3, 17, 1, 4, 0, 0, 0, 31 ]
[ 1, 2, 3, 1, 3, 17, 0, 0, 31 ]
[ 1, 2, 3, 1, 4, 0, 1, 3, 17 ]
[ -3, -1, -1, 1, 0, 6, 0, 0, 31 ]
[ 3, 1, 1, 1, 2, 3, 1, 0, 6 ]
[ 1, 1, 20, 1, 2, 3, 0, 0, 31 ]
[ 1, 0, 6, 1, 1, 20, 0, 0, 31 ]
[ 1, 0, 6, 1, 2, 3, 1, 1, 20 ]
[ 31, 0, 0, 13, 1, 0, -5, 0, 1 ]
[ 13, 1, 0, -5, 2, 0, -5, 0, 1 ]
[ 1, 0, 6, 13, 1, 0, 0, 0, 31 ]
[ 5, 0, -1, 13, 1, 0, 1, 0, 6 ]
[ 5, -2, 0, -2, 7, 0, 0, -2, 1 ]
[ -2, 1, 3, -5, 2, 0, 0, 0, 31 ]
[ 5, 0, -1, -5, 2, 0, -2, 1, 3 ]
[ -13, -1, 0, 1, 0, 6, 0, 0, 31 ]
[ 13, 1, 0, -5, 0, 1, 1, 0, 6 ]
[ 1, -19, 0, 0, 31, 0, 0, -2, 1 ]
[ 2, -7, 0, -1, 19, 0, 0, -2, 1 ]
[ 1, -3, -8, -2, 7, 0, 0, 0, 31 ]
[ 0, 2, -1, -2, 7, 0, -1, 3, 8 ]
[ 5, -2, 0, -2, 1, 3, 0, 0, 31 ]
[ -5, 2, 0, 0, -2, 1, -2, 1, 3 ]
[ 1, 0, 6, -2, 1, 3, 0, 0, 31 ]
[ 5, 0, -1, -2, 1, 3, 1, 0, 6 ]
[ -1, 19, 0, 0, -1, 16, 0, 0, 31 ]
[ -1, 19, 0, 0, -2, 1, 0, -1, 16 ]
[ 0, 1, -16, -1, 19, 0, 0, 0, 31 ]
[ 0, 2, -1, -1, 19, 0, 0, -1, 16 ]
[ -2, 7, 0, -1, 3, 8, 0, 0, 31 ]
[ -2, 7, 0, 0, -2, 1, -1, 3, 8 ]
[ 0, 1, -16, -1, 3, 8, 0, 0, 31 ]
[ 0, 2, -1, -1, 3, 8, 0, -1, 16 ]
[ 2, -1, -3, -1, 1, 9, 0, 0, 31 ]
[ -2, 1, 3, 0, -2, 1, -1, 1, 9 ]
[ -1, 3, 8, 0, -1, 16, 0, 0, 31 ]
[ -1, 3, 8, 0, -2, 1, 0, -1, 16 ]
[ -1, 1, 9, 0, -1, 16, 0, 0, 31 ]
[ -1, 1, 9, 0, -2, 1, 0, -1, 16 ]
[ 31, 0, 0, -13, 1, 0, -5, 0, 1 ]
[ 13, -1, 0, 5, 2, 0, -5, 0, 1 ]
[ 1, 0, 6, -13, 1, 0, 0, 0, 31 ]
[ 5, 0, -1, -13, 1, 0, 1, 0, 6 ]
[ 5, 2, 0, 2, 7, 0, 0, 2, 1 ]
[ 3, 1, 3, 5, 2, 0, 0, 0, 31 ]
[ 5, 0, -1, 5, 2, 0, 3, 1, 3 ]
[ 13, -1, 0, 1, 0, 6, 0, 0, 31 ]
[ -13, 1, 0, -5, 0, 1, 1, 0, 6 ]
[ 1, 19, 0, 0, 31, 0, 0, 2, 1 ]
[ 2, 7, 0, 1, 19, 0, 0, 2, 1 ]
[ -1, -4, -8, 2, 7, 0, 0, 0, 31 ]
[ 0, -2, -1, 2, 7, 0, 1, 4, 8 ]
[ -5, -2, 0, -2, -1, 3, 0, 0, 31 ]
[ 5, 2, 0, 0, 2, 1, -2, -1, 3 ]
[ 1, 0, 6, 3, 1, 3, 0, 0, 31 ]
[ 5, 0, -1, 3, 1, 3, 1, 0, 6 ]
[ 1, 19, 0, 0, 1, 16, 0, 0, 31 ]
[ 1, 19, 0, 0, 2, 1, 0, 1, 16 ]
[ 0, -1, -16, 1, 19, 0, 0, 0, 31 ]
[ 0, -2, -1, 1, 19, 0, 0, 1, 16 ]
[ 2, 7, 0, 1, 4, 8, 0, 0, 31 ]
[ 2, 7, 0, 0, 2, 1, 1, 4, 8 ]
[ 0, -1, -16, 1, 4, 8, 0, 0, 31 ]
[ 0, -2, -1, 1, 4, 8, 0, 1, 16 ]
[ -2, -1, 3, -1, -1, 9, 0, 0, 31 ]
[ 2, 1, -3, 0, 2, 1, -1, -1, 9 ]
[ 1, 4, 8, 0, 1, 16, 0, 0, 31 ]
[ 1, 4, 8, 0, 2, 1, 0, 1, 16 ]
[ 1, 1, -9, 0, 1, 16, 0, 0, 31 ]
[ 1, 1, -9, 0, 2, 1, 0, 1, 16 ]
[ 31, 0, 0, -8, 1, 0, -5, 0, 1 ]
[ 1, -4, 0, 0, 31, 0, 0, 11, 1 ]
[ 8, -1, 0, -1, 4, 0, 3, -1, 1 ]
[ 1, 0, 6, -8, 1, 0, 0, 0, 31 ]
[ 5, 0, -1, -8, 1, 0, 1, 0, 6 ]
[ 1, -4, 0, 0, 11, 1, 0, 2, 3 ]
[ 3, -1, 1, -1, 4, 0, 1, -2, 3 ]
[ -1, 0, -6, 3, -1, 1, 0, 0, 31 ]
[ 8, -1, 0, 1, 0, 6, 0, 0, 31 ]
[ -8, 1, 0, 3, -1, 1, 1, 0, 6 ]
[ 1, -4, 0, 0, 1, 17, 0, 0, 31 ]
[ 1, -4, 0, 0, 2, 3, 0, 1, 17 ]
[ 0, 1, 17, -1, 4, 0, 0, 0, 31 ]
[ 1, -2, 3, 0, 1, 17, 0, 0, 31 ]
[ 1, -2, 3, -1, 4, 0, 0, 1, 17 ]
[ 3, -1, 1, 1, 0, 6, 0, 0, 31 ]
[ -3, 1, -1, 1, -2, 3, 1, 0, 6 ]
[ -1, 1, -20, 1, -2, 3, 0, 0, 31 ]
[ -1, 0, -6, 1, -1, 20, 0, 0, 31 ]
[ -1, 0, -6, 1, -2, 3, 1, -1, 20 ]
[ 31, 0, 0, -3, 1, 0, -5, 0, 1 ]
[ 1, 10, 0, 0, 31, 0, 0, -12, 1 ]
[ 3, -1, 0, 1, 10, 0, 1, -2, 1 ]
[ 1, 0, 6, -3, 1, 0, 0, 0, 31 ]
[ 5, 0, -1, -3, 1, 0, 1, 0, 6 ]
[ -1, -10, 0, 0, -12, 1, 0, -5, 3 ]
[ 1, -2, 1, 1, 10, 0, 0, -5, 3 ]
[ 3, -1, 0, 1, 0, 6, 0, 0, 31 ]
[ -3, 1, 0, 1, -2, 1, 1, 0, 6 ]
[ -1, -10, 0, 0, -5, 3, 0, 2, 5 ]
[ 0, -5, 3, 1, 10, 0, 0, 2, 5 ]
[ -1, 2, -1, 0, -5, 3, 0, 2, 5 ]
[ -1, 1, -19, 1, -2, 1, 0, 0, 31 ]
[ -1, 0, -6, 1, -1, 19, 0, 0, 31 ]
[ -1, 0, -6, 1, -2, 1, 1, -1, 19 ]
[ 1, 10, 0, 0, 1, 18, 0, 0, 31 ]
[ 1, 10, 0, 0, 2, 5, 0, 1, 18 ]
[ 0, -1, -18, 1, 10, 0, 0, 0, 31 ]
[ 0, -2, -5, 1, 10, 0, 0, 1, 18 ]
[ 1, -2, 1, 0, 1, 18, 0, 0, 31 ]
[ 1, -2, 1, 0, 2, 5, 0, 1, 18 ]
[ 31, 0, 0, 2, 1, 0, -5, 0, 1 ]
[ 1, 16, 0, 0, 31, 0, 0, -13, 1 ]
[ 2, 1, 0, 1, 16, 0, 1, 3, 1 ]
[ 1, 0, 6, 2, 1, 0, 0, 0, 31 ]
[ 5, 0, -1, 2, 1, 0, 1, 0, 6 ]
[ -1, -16, 0, 0, -13, 1, 0, 5, 2 ]
[ 1, 3, 1, 1, 16, 0, 0, 5, 2 ]
[ -2, -1, 0, -1, -1, 6, 0, 0, 31 ]
[ 2, 1, 0, 1, 3, 1, -1, -1, 6 ]
[ 1, 16, 0, 0, 5, 2, 0, 2, 7 ]
[ 0, -5, -2, 1, 16, 0, 0, 2, 7 ]
[ 1, 3, 1, 0, 5, 2, 0, 2, 7 ]
[ 0, -1, -19, 1, 3, 1, 0, 0, 31 ]
[ 1, 1, -6, 0, 1, 19, 0, 0, 31 ]
[ 1, 1, -6, 1, 3, 1, 0, 1, 19 ]
[ 1, 16, 0, 0, 1, 19, 0, 0, 31 ]
[ 1, 16, 0, 0, 2, 7, 0, 1, 19 ]
[ 0, -1, -19, 1, 16, 0, 0, 0, 31 ]
[ 0, -2, -7, 1, 16, 0, 0, 1, 19 ]
[ 1, 3, 1, 0, 1, 19, 0, 0, 31 ]
[ 1, 3, 1, 0, 2, 7, 0, 1, 19 ]
[ 31, 0, 0, 7, 1, 0, -5, 0, 1 ]
[ 7, 1, 0, -3, 4, 0, 2, 1, 1 ]
[ 1, 0, 6, 7, 1, 0, 0, 0, 31 ]
[ 5, 0, -1, 7, 1, 0, 1, 0, 6 ]
[ 1, 9, 0, 0, 31, 0, 0, 14, 1 ]
[ 3, -4, 0, 1, 9, 0, -1, 5, 1 ]
[ 2, 1, 1, -3, 4, 0, -1, 2, 3 ]
[ 1, 0, 6, 2, 1, 1, 0, 0, 31 ]
[ -7, -1, 0, 1, 0, 6, 0, 0, 31 ]
[ 7, 1, 0, 2, 1, 1, 1, 0, 6 ]
[ 1, 9, 0, 0, 14, 1, 0, -3, 2 ]
[ 1, -5, -1, 1, 9, 0, 0, -3, 2 ]
[ 3, -4, 0, -1, 5, 1, -1, 2, 3 ]
[ -2, 3, 17, -3, 4, 0, 0, 0, 31 ]
[ -1, 2, 3, -2, 3, 17, 0, 0, 31 ]
[ -1, 2, 3, -3, 4, 0, -2, 3, 17 ]
[ -2, -1, -1, 1, 0, 6, 0, 0, 31 ]
[ 2, 1, 1, -1, 2, 3, 1, 0, 6 ]
[ -1, -9, 0, 0, -1, 11, 0, 0, 31 ]
[ -1, -9, 0, 0, -3, 2, 0, -1, 11 ]
[ 0, -1, 11, 1, 9, 0, 0, 0, 31 ]
[ 0, -3, 2, 1, 9, 0, 0, -1, 11 ]
[ -1, 5, 1, 0, -1, 11, 0, 0, 31 ]
[ -1, 5, 1, 0, -3, 2, 0, -1, 11 ]
[ 0, 1, -11, -1, 5, 1, 0, 0, 31 ]
[ -1, 2, 3, 0, -1, 11, 0, 0, 31 ]
[ 1, -2, -3, -1, 5, 1, 0, -1, 11 ]
[ 2, -3, -17, -1, 2, 3, 0, 0, 31 ]
[ 3, -4, 0, -2, 3, 17, 0, 0, 31 ]
[ 3, -4, 0, -1, 2, 3, -2, 3, 17 ]
[ 0, 1, 20, -1, 2, 3, 0, 0, 31 ]
[ 1, 0, 6, 0, 1, 20, 0, 0, 31 ]
[ 1, 0, 6, -1, 2, 3, 0, 1, 20 ]
[ 31, 0, 0, 12, 1, 0, -5, 0, 1 ]
[ 12, 1, 0, 5, 3, 0, -5, 0, 1 ]
[ 1, 0, 6, 12, 1, 0, 0, 0, 31 ]
[ 5, 0, -1, 12, 1, 0, 1, 0, 6 ]
[ 5, 3, 0, -2, 5, 0, 0, 3, 1 ]
[ 2, 1, 2, 5, 3, 0, 0, 0, 31 ]
[ 5, 0, -1, 5, 3, 0, 2, 1, 2 ]
[ -12, -1, 0, 1, 0, 6, 0, 0, 31 ]
[ 12, 1, 0, -5, 0, 1, 1, 0, 6 ]
[ 1, -18, 0, 0, 31, 0, 0, 3, 1 ]
[ 2, -5, 0, -1, 18, 0, 0, 3, 1 ]
[ 1, -2, -5, -2, 5, 0, 0, 0, 31 ]
[ 0, 3, 1, -2, 5, 0, -1, 2, 5 ]
[ -5, -3, 0, 2, 1, 2, 0, 0, 31 ]
[ 5, 3, 0, 0, 3, 1, 2, 1, 2 ]
[ 1, 0, 6, 2, 1, 2, 0, 0, 31 ]
[ 5, 0, -1, 2, 1, 2, 1, 0, 6 ]
[ -1, 18, 0, 0, -1, 10, 0, 0, 31 ]
[ 1, -18, 0, 0, 3, 1, 0, -1, 10 ]
[ 0, 1, -10, -1, 18, 0, 0, 0, 31 ]
[ 0, 3, 1, -1, 18, 0, 0, -1, 10 ]
[ -2, 5, 0, -1, 2, 5, 0, 0, 31 ]
[ 2, -5, 0, 0, 3, 1, -1, 2, 5 ]
[ 0, 1, -10, -1, 2, 5, 0, 0, 31 ]
[ 0, 3, 1, -1, 2, 5, 0, -1, 10 ]
[ -2, -1, -2, 1, 0, 6, 0, 0, 31 ]
[ 2, 1, 2, 0, 3, 1, 1, 0, 6 ]
[ -1, 2, 5, 0, -1, 10, 0, 0, 31 ]
[ 1, -2, -5, 0, 3, 1, 0, -1, 10 ]
[ -1, 0, -6, 0, -1, 10, 0, 0, 31 ]
[ 1, 0, 6, 0, 3, 1, 0, -1, 10 ]
[ 31, 0, 0, -14, 1, 0, -5, 0, 1 ]
[ 14, -1, 0, 3, 2, 0, -5, 0, 1 ]
[ 1, 0, 6, -14, 1, 0, 0, 0, 31 ]
[ 5, 0, -1, -14, 1, 0, 1, 0, 6 ]
[ 1, 11, 0, 0, 31, 0, 0, -7, 1 ]
[ 3, 2, 0, 1, 11, 0, 1, 4, 1 ]
[ 2, 1, 3, 3, 2, 0, 0, 0, 31 ]
[ 5, 0, -1, 3, 2, 0, 2, 1, 3 ]
[ 14, -1, 0, 1, 0, 6, 0, 0, 31 ]
[ -14, 1, 0, -5, 0, 1, 1, 0, 6 ]
[ -1, -11, 0, 0, -7, 1, 0, 3, 4 ]
[ 1, 4, 1, 1, 11, 0, 0, 3, 4 ]
[ -3, -2, 0, -1, -1, 3, 0, 0, 31 ]
[ 3, 2, 0, 1, 4, 1, -1, -1, 3 ]
[ 1, 0, 6, 2, 1, 3, 0, 0, 31 ]
[ 5, 0, -1, 2, 1, 3, 1, 0, 6 ]
[ -1, -11, 0, 0, -1, 9, 0, 0, 31 ]
[ 1, 11, 0, 0, 3, 4, 0, -1, 9 ]
[ 0, -1, 9, 1, 11, 0, 0, 0, 31 ]
[ 0, -3, -4, 1, 11, 0, 0, -1, 9 ]
[ -1, -4, -1, 0, -1, 9, 0, 0, 31 ]
[ 1, 4, 1, 0, 3, 4, 0, -1, 9 ]
[ 0, -1, 9, 1, 4, 1, 0, 0, 31 ]
[ -1, -1, 3, 0, -1, 9, 0, 0, 31 ]
[ 1, 1, -3, 1, 4, 1, 0, -1, 9 ]
[ 31, 0, 0, -9, 1, 0, -5, 0, 1 ]
[ 9, -1, 0, 4, 3, 0, -5, 0, 1 ]
[ 1, 0, 6, -9, 1, 0, 0, 0, 31 ]
[ 5, 0, -1, -9, 1, 0, 1, 0, 6 ]
[ 1, -7, 0, 0, 31, 0, 0, -4, 1 ]
[ 4, 3, 0, -1, 7, 0, -1, 3, 1 ]
[ -1, -1, 2, 4, 3, 0, 0, 0, 31 ]
[ 5, 0, -1, 4, 3, 0, -1, -1, 2 ]
[ 9, -1, 0, 1, 0, 6, 0, 0, 31 ]
[ -9, 1, 0, -5, 0, 1, 1, 0, 6 ]
[ -1, 7, 0, 0, -1, 8, 0, 0, 31 ]
[ -1, 7, 0, 0, -4, 1, 0, -1, 8 ]
[ 0, 1, -8, -1, 7, 0, 0, 0, 31 ]
[ -1, 3, 1, 0, -1, 8, 0, 0, 31 ]
[ 1, -3, -1, -1, 7, 0, 0, -1, 8 ]
[ -4, -3, 0, -1, -1, 2, 0, 0, 31 ]
[ 4, 3, 0, -1, 3, 1, -1, -1, 2 ]
[ -1, 0, -6, -1, -1, 2, 0, 0, 31 ]
[ -5, 0, 1, -1, -1, 2, 1, 0, 6 ]
[ 0, 1, -8, -1, 3, 1, 0, 0, 31 ]
[ -1, -1, 2, 0, -1, 8, 0, 0, 31 ]
[ 1, 1, -2, -1, 3, 1, 0, -1, 8 ]
[ 31, 0, 0, -4, 1, 0, -5, 0, 1 ]
[ 1, -8, 0, 0, 31, 0, 0, -9, 1 ]
[ 4, -1, 0, -1, 8, 0, -1, -1, 1 ]
[ 1, 0, 6, -4, 1, 0, 0, 0, 31 ]
[ 5, 0, -1, -4, 1, 0, 1, 0, 6 ]
[ -1, 8, 0, 0, -9, 1, 0, 4, 3 ]
[ 1, 1, -1, -1, 8, 0, 0, 4, 3 ]
[ -1, 0, -6, -1, -1, 1, 0, 0, 31 ]
[ 4, -1, 0, 1, 0, 6, 0, 0, 31 ]
[ -4, 1, 0, -1, -1, 1, 1, 0, 6 ]
[ -1, 8, 0, 0, -1, 7, 0, 0, 31 ]
[ 1, -8, 0, 0, 4, 3, 0, -1, 7 ]
[ 0, 1, -7, -1, 8, 0, 0, 0, 31 ]
[ 0, 4, 3, -1, 8, 0, 0, -1, 7 ]
[ -1, -1, 1, 0, -1, 7, 0, 0, 31 ]
[ 1, 1, -1, 0, 4, 3, 0, -1, 7 ]
[ 1, 1, 0, 0, 31, 0, 0, 5, 1 ]
[ 31, 0, 0, 1, 1, 0, -5, 0, 1 ]
[ -1, -1, 0, 0, -1, 6, 0, 0, 31 ]
[ 1, 1, 0, 0, 5, 1, 0, -1, 6 ]
[ 1, 0, 6, 1, 1, 0, 0, 0, 31 ]
[ 5, 0, -1, 1, 1, 0, 1, 0, 6 ]
[ 31, 0, 0, 6, 1, 0, -5, 0, 1 ]
[ 1, -5, 0, 0, 31, 0, 0, 6, 1 ]
[ 6, 1, 0, -1, 5, 0, 1, 1, 1 ]
[ 1, 0, 6, 6, 1, 0, 0, 0, 31 ]
[ 5, 0, -1, 6, 1, 0, 1, 0, 6 ]
[ -1, 5, 0, 0, -1, 5, 0, 0, 31 ]
[ 1, -5, 0, 0, 6, 1, 0, -1, 5 ]
[ 0, 1, -5, -1, 5, 0, 0, 0, 31 ]
[ -1, -1, -1, 0, -1, 5, 0, 0, 31 ]
[ 1, 1, 1, -1, 5, 0, 0, -1, 5 ]
[ 1, 0, 6, 1, 1, 1, 0, 0, 31 ]
[ -6, -1, 0, 1, 0, 6, 0, 0, 31 ]
[ 6, 1, 0, 1, 1, 1, 1, 0, 6 ]
[ 31, 0, 0, 11, 1, 0, -5, 0, 1 ]
[ 11, 1, 0, 2, 3, 0, -5, 0, 1 ]
[ 1, 0, 6, 11, 1, 0, 0, 0, 31 ]
[ 5, 0, -1, 11, 1, 0, 1, 0, 6 ]
[ 1, 17, 0, 0, 31, 0, 0, -8, 1 ]
[ 2, 3, 0, 1, 17, 0, 1, 9, 1 ]
[ 1, 1, 2, 2, 3, 0, 0, 0, 31 ]
[ 5, 0, -1, 2, 3, 0, 1, 1, 2 ]
[ -11, -1, 0, 1, 0, 6, 0, 0, 31 ]
[ 11, 1, 0, -5, 0, 1, 1, 0, 6 ]
[ -1, -17, 0, 0, -1, 4, 0, 0, 31 ]
[ -1, -17, 0, 0, -8, 1, 0, -1, 4 ]
[ 0, -1, 4, 1, 17, 0, 0, 0, 31 ]
[ -1, -9, -1, 0, -1, 4, 0, 0, 31 ]
[ 1, 9, 1, 1, 17, 0, 0, -1, 4 ]
[ -2, -3, 0, -1, -2, 2, 0, 0, 31 ]
[ 2, 3, 0, 1, 9, 1, -1, -2, 2 ]
[ 1, 0, 6, 1, 1, 2, 0, 0, 31 ]
[ 5, 0, -1, 1, 1, 2, 1, 0, 6 ]
[ 0, -1, 4, 1, 9, 1, 0, 0, 31 ]
[ -1, -2, 2, 0, -1, 4, 0, 0, 31 ]
[ 1, 2, -2, 1, 9, 1, 0, -1, 4 ]
[ 31, 0, 0, -15, 1, 0, -5, 0, 1 ]
[ 1, 2, 0, 0, 31, 0, 0, 10, 1 ]
[ 15, -1, 0, 1, 2, 0, -5, 0, 1 ]
[ 1, 0, 6, -15, 1, 0, 0, 0, 31 ]
[ 5, 0, -1, -15, 1, 0, 1, 0, 6 ]
[ -1, -2, 0, 0, -1, 3, 0, 0, 31 ]
[ 1, 2, 0, 0, 10, 1, 0, -1, 3 ]
[ 1, 1, 3, 1, 2, 0, 0, 0, 31 ]
[ 5, 0, -1, 1, 2, 0, 1, 1, 3 ]
[ 15, -1, 0, 1, 0, 6, 0, 0, 31 ]
[ -15, 1, 0, -5, 0, 1, 1, 0, 6 ]
[ 1, 0, 6, 1, 1, 3, 0, 0, 31 ]
[ 5, 0, -1, 1, 1, 3, 1, 0, 6 ]
[ 31, 0, 0, -10, 1, 0, -5, 0, 1 ]
[ 1, 3, 0, 0, 31, 0, 0, 15, 1 ]
[ 10, -1, 0, 1, 3, 0, -5, 0, 1 ]
[ 1, 0, 6, -10, 1, 0, 0, 0, 31 ]
[ 5, 0, -1, -10, 1, 0, 1, 0, 6 ]
[ -1, -3, 0, 0, -1, 2, 0, 0, 31 ]
[ 1, 3, 0, 0, 15, 1, 0, -1, 2 ]
[ 0, -1, 2, 1, 3, 0, 0, 0, 31 ]
[ 5, 0, -1, 1, 3, 0, 0, -1, 2 ]
[ 10, -1, 0, 1, 0, 6, 0, 0, 31 ]
[ -10, 1, 0, -5, 0, 1, 1, 0, 6 ]
[ -1, 0, -6, 0, -1, 2, 0, 0, 31 ]
[ -5, 0, 1, 0, -1, 2, 1, 0, 6 ]
[ 31, 0, 0, -5, 1, 0, -5, 0, 1 ]
[ -1, -6, 0, 0, -1, 1, 0, 0, 31 ]
[ 1, 6, 0, 0, 31, 0, 0, -1, 1 ]
[ 0, -1, 1, 1, 6, 0, 0, 0, 31 ]
[ 5, -1, 0, 1, 6, 0, 0, -1, 1 ]
[ 1, 0, 6, -5, 1, 0, 0, 0, 31 ]
[ 5, 0, -1, -5, 1, 0, 1, 0, 6 ]
[ -1, 0, -6, 0, -1, 1, 0, 0, 31 ]
[ 5, -1, 0, 1, 0, 6, 0, 0, 31 ]
[ -5, 1, 0, 0, -1, 1, 1, 0, 6 ]
[ 31, 0, 0, 0, 1, 0, 9, 0, 1 ]
[ 9, 0, 1, 0, 1, 0, -4, 0, 3 ]
[ 1, 0, 7, 0, 1, 0, 0, 0, 31 ]
[ 4, 0, -3, 0, 1, 0, 1, 0, 7 ]
[ 31, 0, 0, -9, 1, 0, 9, 0, 1 ]
[ 9, -1, 0, 4, 3, 0, 0, 1, 1 ]
[ 9, 0, 1, -9, 1, 0, -4, 0, 3 ]
[ 1, -7, 0, 0, 1, 1, 0, 0, 31 ]
[ 1, -7, 0, 0, 31, 0, 0, 1, 1 ]
[ 0, 1, 1, -1, 7, 0, 0, 0, 31 ]
[ 4, 3, 0, -1, 7, 0, 0, 1, 1 ]
[ -1, -1, -8, 4, 3, 0, 0, 0, 31 ]
[ 0, -1, -1, 1, 1, 8, 0, 0, 31 ]
[ 0, -1, -1, 4, 3, 0, 1, 1, 8 ]
[ 9, -1, 0, 0, 1, 1, -4, 0, 3 ]
[ 1, 0, 7, -9, 1, 0, 0, 0, 31 ]
[ 4, 0, -3, -9, 1, 0, 1, 0, 7 ]
[ 1, 1, 8, 0, 1, 1, 0, 0, 31 ]
[ 4, 3, 0, 1, 1, 8, 0, 0, 31 ]
[ 4, 3, 0, 0, 1, 1, 1, 1, 8 ]
[ 1, 0, 7, 0, 1, 1, 0, 0, 31 ]
[ 4, 0, -3, 0, 1, 1, 1, 0, 7 ]
[ 9, -1, 0, 1, 0, 7, 0, 0, 31 ]
[ -9, 1, 0, -4, 0, 3, 1, 0, 7 ]
[ 31, 0, 0, 13, 1, 0, 9, 0, 1 ]
[ 13, 1, 0, -5, 2, 0, -4, -1, 1 ]
[ 9, 0, 1, 13, 1, 0, -4, 0, 3 ]
[ 1, -3, 1, -2, 7, 0, 0, 0, 31 ]
[ 5, -2, 0, -2, 7, 0, 1, -3, 1 ]
[ 4, 1, -1, -5, 2, 0, 0, 1, 2 ]
[ -13, -1, 0, -4, -1, 1, -4, 0, 3 ]
[ 1, 0, 7, 13, 1, 0, 0, 0, 31 ]
[ 4, 0, -3, 13, 1, 0, 1, 0, 7 ]
[ 1, -19, 0, 0, 31, 0, 0, -15, 1 ]
[ 2, -7, 0, -1, 4, 1, 0, 0, 31 ]
[ 2, -7, 0, -1, 19, 0, -1, 4, 1 ]
[ 0, -1, -2, 1, -3, 1, 0, 0, 31 ]
[ -5, 2, 0, 1, -3, 1, 0, 1, 2 ]
[ 0, -1, -2, 1, 0, 7, 0, 0, 31 ]
[ 0, 1, 2, -5, 2, 0, 1, 0, 7 ]
[ 1, 0, 7, 0, 1, 2, 0, 0, 31 ]
[ -4, -1, 1, 1, 0, 7, 0, 0, 31 ]
[ 4, 1, -1, 0, 1, 2, 1, 0, 7 ]
[ -1, 0, -7, -4, -1, 1, 0, 0, 31 ]
[ -4, 0, 3, -4, -1, 1, 1, 0, 7 ]
[ -13, -1, 0, 1, 0, 7, 0, 0, 31 ]
[ 13, 1, 0, -4, 0, 3, 1, 0, 7 ]
[ 1, -19, 0, 0, 1, 2, 0, 0, 31 ]
[ -1, 19, 0, 0, -15, 1, 0, 1, 2 ]
[ 0, 1, 2, -1, 19, 0, 0, 0, 31 ]
[ 1, -4, -1, 0, 1, 2, 0, 0, 31 ]
[ 1, -4, -1, -1, 19, 0, 0, 1, 2 ]
[ 5, -2, 0, 0, 1, 2, 1, 0, 7 ]
[ -2, 1, 19, -5, 2, 0, 0, 0, 31 ]
[ 1, 0, 7, -2, 1, 19, 0, 0, 31 ]
[ 1, 0, 7, -5, 2, 0, -2, 1, 19 ]
[ 1, 0, 7, 0, 1, 2, 0, 0, 31 ]
[ 2, -1, -19, 1, 0, 7, 0, 0, 31 ]
[ 5, -2, 0, -2, 1, 19, 0, 0, 31 ]
[ 5, -2, 0, 1, 0, 7, -2, 1, 19 ]
[ 31, 0, 0, 4, 1, 0, 9, 0, 1 ]
[ 1, 8, 0, 0, 31, 0, 0, -10, 1 ]
[ 4, 1, 0, 1, 8, 0, 1, -2, 1 ]
[ 9, 0, 1, 4, 1, 0, -4, 0, 3 ]
[ 1, 8, 0, 0, 1, 3, 0, 0, 31 ]
[ -1, -8, 0, 0, -10, 1, 0, 1, 3 ]
[ 0, -1, -3, 1, 8, 0, 0, 0, 31 ]
[ 1, -2, 1, 0, 1, 3, 0, 0, 31 ]
[ 1, -2, 1, 1, 8, 0, 0, 1, 3 ]
[ 0, -1, -3, 1, -2, 1, 0, 0, 31 ]
[ -4, -1, 0, 1, -2, 1, 0, 1, 3 ]
[ 1, 0, 7, 4, 1, 0, 0, 0, 31 ]
[ 4, 0, -3, 4, 1, 0, 1, 0, 7 ]
[ 1, 0, 7, 0, 1, 3, 0, 0, 31 ]
[ -4, -1, 0, 1, 0, 7, 0, 0, 31 ]
[ 4, 1, 0, 0, 1, 3, 1, 0, 7 ]
[ 31, 0, 0, -5, 1, 0, 9, 0, 1 ]
[ 1, 6, 0, 0, 31, 0, 0, 8, 1 ]
[ 5, -1, 0, 1, 6, 0, -1, 2, 1 ]
[ 9, 0, 1, -5, 1, 0, -4, 0, 3 ]
[ 1, 6, 0, 0, 1, 4, 0, 0, 31 ]
[ 1, 6, 0, 0, 8, 1, 0, 1, 4 ]
[ 0, -1, -4, 1, 6, 0, 0, 0, 31 ]
[ 1, -2, -1, 0, 1, 4, 0, 0, 31 ]
[ 1, -2, -1, 1, 6, 0, 0, 1, 4 ]
[ 1, -1, 3, -1, 2, 1, 0, 0, 31 ]
[ 5, -1, 0, -1, 2, 1, 1, -1, 3 ]
[ 1, 0, 7, -5, 1, 0, 0, 0, 31 ]
[ 4, 0, -3, -5, 1, 0, 1, 0, 7 ]
[ -1, 0, -7, 1, -1, 3, 0, 0, 31 ]
[ 5, -1, 0, 1, 0, 7, 0, 0, 31 ]
[ -5, 1, 0, 1, -1, 3, 1, 0, 7 ]
[ 31, 0, 0, -14, 1, 0, 9, 0, 1 ]
[ 14, -1, 0, 3, 2, 0, -5, 1, 1 ]
[ 9, 0, 1, -14, 1, 0, -4, 0, 3 ]
[ 1, 11, 0, 0, 31, 0, 0, -6, 1 ]
[ 3, 2, 0, 1, 11, 0, 1, 5, 1 ]
[ 5, -1, -1, 3, 2, 0, 1, -1, 2 ]
[ 14, -1, 0, -5, 1, 1, -4, 0, 3 ]
[ 1, 0, 7, -14, 1, 0, 0, 0, 31 ]
[ 4, 0, -3, -14, 1, 0, 1, 0, 7 ]
[ 1, 11, 0, 0, 1, 5, 0, 0, 31 ]
[ -1, -11, 0, 0, -6, 1, 0, 1, 5 ]
[ 0, -1, -5, 1, 11, 0, 0, 0, 31 ]
[ 1, 5, 1, 0, 1, 5, 0, 0, 31 ]
[ 1, 5, 1, 1, 11, 0, 0, 1, 5 ]
[ 3, 2, 0, 1, 5, 1, 1, -1, 2 ]
[ 1, -1, 2, 1, 0, 7, 0, 0, 31 ]
[ 1, -1, 2, 3, 2, 0, 1, 0, 7 ]
[ -1, 0, -7, 1, -1, 2, 0, 0, 31 ]
[ 5, -1, -1, 1, 0, 7, 0, 0, 31 ]
[ -5, 1, 1, 1, -1, 2, 1, 0, 7 ]
[ 1, 0, 7, -5, 1, 1, 0, 0, 31 ]
[ 4, 0, -3, -5, 1, 1, 1, 0, 7 ]
[ 14, -1, 0, 1, 0, 7, 0, 0, 31 ]
[ -14, 1, 0, -4, 0, 3, 1, 0, 7 ]
[ 0, -1, -5, 1, 5, 1, 0, 0, 31 ]
[ 1, -1, 2, 0, 1, 5, 0, 0, 31 ]
[ 1, -1, 2, 1, 5, 1, 0, 1, 5 ]
[ -3, -2, 0, 1, -1, 2, 1, 0, 7 ]
[ 2, 1, 19, 3, 2, 0, 0, 0, 31 ]
[ 1, 0, 7, 2, 1, 19, 0, 0, 31 ]
[ 1, 0, 7, 3, 2, 0, 2, 1, 19 ]
[ -1, 0, -7, 1, -1, 2, 0, 0, 31 ]
[ -2, -1, -19, 1, 0, 7, 0, 0, 31 ]
[ -3, -2, 0, 2, 1, 19, 0, 0, 31 ]
[ -3, -2, 0, 1, 0, 7, 2, 1, 19 ]
[ 31, 0, 0, 8, 1, 0, 9, 0, 1 ]
[ 1, 4, 0, 0, 31, 0, 0, -5, 1 ]
[ 8, 1, 0, 1, 4, 0, 1, -1, 1 ]
[ 9, 0, 1, 8, 1, 0, -4, 0, 3 ]
[ 1, 4, 0, 0, 1, 6, 0, 0, 31 ]
[ -1, -4, 0, 0, -5, 1, 0, 1, 6 ]
[ 0, -1, -6, 1, 4, 0, 0, 0, 31 ]
[ 1, -1, 1, 0, 1, 6, 0, 0, 31 ]
[ 1, -1, 1, 1, 4, 0, 0, 1, 6 ]
[ -8, -1, 0, 1, -1, 1, -4, 0, 3 ]
[ 1, 0, 7, 8, 1, 0, 0, 0, 31 ]
[ 4, 0, -3, 8, 1, 0, 1, 0, 7 ]
[ -1, 0, -7, 1, -1, 1, 0, 0, 31 ]
[ -4, 0, 3, 1, -1, 1, 1, 0, 7 ]
[ -8, -1, 0, 1, 0, 7, 0, 0, 31 ]
[ 8, 1, 0, -4, 0, 3, 1, 0, 7 ]
[ 1, -1, 0, 0, 31, 0, 0, 9, 1 ]
[ 31, 0, 0, -1, 1, 0, 9, 0, 1 ]
[ 1, -1, 0, 0, 9, 1, 0, -4, 3 ]
[ 9, 0, 1, -1, 1, 0, -4, 0, 3 ]
[ 1, -1, 0, 0, 1, 7, 0, 0, 31 ]
[ -1, 1, 0, 0, -4, 3, 0, 1, 7 ]
[ 1, 0, 7, -1, 1, 0, 0, 0, 31 ]
[ 4, 0, -3, -1, 1, 0, 1, 0, 7 ]
[ 31, 0, 0, -10, 1, 0, 9, 0, 1 ]
[ 1, 3, 0, 0, 31, 0, 0, 4, 1 ]
[ 10, -1, 0, 1, 3, 0, -1, 1, 1 ]
[ 9, 0, 1, -10, 1, 0, -4, 0, 3 ]
[ 1, 3, 0, 0, 1, 8, 0, 0, 31 ]
[ 1, 3, 0, 0, 4, 1, 0, 1, 8 ]
[ 0, -1, -8, 1, 3, 0, 0, 0, 31 ]
[ 1, -1, -1, 0, 1, 8, 0, 0, 31 ]
[ 1, -1, -1, 1, 3, 0, 0, 1, 8 ]
[ 10, -1, 0, -1, 1, 1, -4, 0, 3 ]
[ 1, 0, 7, -10, 1, 0, 0, 0, 31 ]
[ 4, 0, -3, -10, 1, 0, 1, 0, 7 ]
[ 1, 0, 7, -1, 1, 1, 0, 0, 31 ]
[ 4, 0, -3, -1, 1, 1, 1, 0, 7 ]
[ 10, -1, 0, 1, 0, 7, 0, 0, 31 ]
[ -10, 1, 0, -4, 0, 3, 1, 0, 7 ]
[ 31, 0, 0, 12, 1, 0, 9, 0, 1 ]
[ 12, 1, 0, 5, 3, 0, -3, -1, 1 ]
[ 9, 0, 1, 12, 1, 0, -4, 0, 3 ]
[ 5, 3, 0, -2, 5, 0, 2, 2, 1 ]
[ 2, 1, -8, 5, 3, 0, 0, 0, 31 ]
[ -3, -1, 1, -2, -1, 8, 0, 0, 31 ]
[ 3, 1, -1, 5, 3, 0, -2, -1, 8 ]
[ -12, -1, 0, -3, -1, 1, -4, 0, 3 ]
[ 1, 0, 7, 12, 1, 0, 0, 0, 31 ]
[ 4, 0, -3, 12, 1, 0, 1, 0, 7 ]
[ 1, -18, 0, 0, 31, 0, 0, 7, 1 ]
[ 2, -5, 0, -1, 18, 0, 0, 7, 1 ]
[ 2, 2, 1, -2, 5, 0, -1, 1, 2 ]
[ 5, 3, 0, 3, 2, 8, 0, 0, 31 ]
[ 5, 3, 0, 2, 2, 1, 3, 2, 8 ]
[ -1, 0, -7, -3, -1, 1, 0, 0, 31 ]
[ -4, 0, 3, -3, -1, 1, 1, 0, 7 ]
[ -12, -1, 0, 1, 0, 7, 0, 0, 31 ]
[ 12, 1, 0, -4, 0, 3, 1, 0, 7 ]
[ 1, -18, 0, 0, 7, 1, 0, -3, 4 ]
[ 0, 7, 1, -1, 18, 0, 0, -3, 4 ]
[ 2, -5, 0, 0, 7, 1, -1, 1, 2 ]
[ 1, -2, -11, -2, 5, 0, 0, 0, 31 ]
[ 1, -1, -2, -1, 2, 11, 0, 0, 31 ]
[ 1, -1, -2, -2, 5, 0, -1, 2, 11 ]
[ 0, 1, 9, -1, 1, 2, 0, 0, 31 ]
[ 2, 2, 1, -1, 1, 2, 0, 1, 9 ]
[ 3, 2, 8, 1, 1, 16, 0, 0, 31 ]
[ 3, 2, 8, 2, 2, 1, 1, 1, 16 ]
[ 1, -18, 0, 0, 1, 9, 0, 0, 31 ]
[ -1, 18, 0, 0, -3, 4, 0, 1, 9 ]
[ 0, 1, 9, -1, 18, 0, 0, 0, 31 ]
[ 0, 3, -4, -1, 18, 0, 0, 1, 9 ]
[ 1, -1, -2, 0, 7, 1, 0, -3, 4 ]
[ -1, 2, 11, -1, 1, 2, 0, 0, 31 ]
[ -2, 5, 0, -1, 2, 11, 0, 0, 31 ]
[ -2, 5, 0, -1, 1, 2, -1, 2, 11 ]
[ 1, 1, 16, 0, 1, 9, 0, 0, 31 ]
[ 2, 2, 1, 0, 1, 9, 1, 1, 16 ]
[ 1, -1, -2, 0, 1, 9, 0, 0, 31 ]
[ -1, 1, 2, 0, -3, 4, 0, 1, 9 ]
[ 31, 0, 0, 3, 1, 0, 9, 0, 1 ]
[ 1, -10, 0, 0, 31, 0, 0, -3, 1 ]
[ 3, 1, 0, -1, 10, 0, 0, -3, 1 ]
[ 9, 0, 1, 3, 1, 0, -4, 0, 3 ]
[ 1, -10, 0, 0, 1, 10, 0, 0, 31 ]
[ -1, 10, 0, 0, -3, 1, 0, 1, 10 ]
[ 0, 1, 10, -1, 10, 0, 0, 0, 31 ]
[ 0, 3, -1, -1, 10, 0, 0, 1, 10 ]
[ -3, -1, 0, 0, -3, 1, -1, 1, 3 ]
[ 1, 0, 7, 3, 1, 0, 0, 0, 31 ]
[ 4, 0, -3, 3, 1, 0, 1, 0, 7 ]
[ 1, -1, -3, 0, 1, 10, 0, 0, 31 ]
[ -1, 1, 3, 0, -3, 1, 0, 1, 10 ]
[ 1, 0, 7, -1, 1, 3, 0, 0, 31 ]
[ -3, -1, 0, 1, 0, 7, 0, 0, 31 ]
[ 3, 1, 0, -1, 1, 3, 1, 0, 7 ]
[ 31, 0, 0, -6, 1, 0, 9, 0, 1 ]
[ 1, 5, 0, 0, 31, 0, 0, -14, 1 ]
[ 6, -1, 0, 1, 5, 0, 3, 1, 1 ]
[ 9, 0, 1, -6, 1, 0, -4, 0, 3 ]
[ -1, -5, 0, 0, -14, 1, 0, 3, 2 ]
[ 3, 1, 1, 1, 5, 0, -1, -2, 2 ]
[ 6, -1, 0, 3, 1, 1, -4, 0, 3 ]
[ 1, 0, 7, -6, 1, 0, 0, 0, 31 ]
[ 4, 0, -3, -6, 1, 0, 1, 0, 7 ]
[ 1, 5, 0, 0, 1, 11, 0, 0, 31 ]
[ 1, 5, 0, 0, 3, 2, 0, 1, 11 ]
[ 0, -1, -11, 1, 5, 0, 0, 0, 31 ]
[ 1, 2, -2, 0, 1, 11, 0, 0, 31 ]
[ 1, 2, -2, 1, 5, 0, 0, 1, 11 ]
[ -3, -1, -1, 1, 0, 7, 0, 0, 31 ]
[ -3, -1, -1, -1, -2, 2, 1, 0, 7 ]
[ 1, 0, 7, 3, 1, 1, 0, 0, 31 ]
[ 4, 0, -3, 3, 1, 1, 1, 0, 7 ]
[ 6, -1, 0, 1, 0, 7, 0, 0, 31 ]
[ -6, 1, 0, -4, 0, 3, 1, 0, 7 ]
[ 0, 1, -20, -1, -2, 2, 0, 0, 31 ]
[ -1, 0, -7, 0, -1, 20, 0, 0, 31 ]
[ -1, 0, -7, -1, -2, 2, 0, -1, 20 ]
[ 31, 0, 0, -15, 1, 0, 9, 0, 1 ]
[ 1, 2, 0, 0, 31, 0, 0, 13, 1 ]
[ 15, -1, 0, 1, 2, 0, -6, 1, 1 ]
[ 9, 0, 1, -15, 1, 0, -4, 0, 3 ]
[ 1, 2, 0, 0, 13, 1, 0, -5, 2 ]
[ 6, -1, -1, 1, 2, 0, 2, -1, 2 ]
[ 15, -1, 0, -6, 1, 1, -4, 0, 3 ]
[ 1, 0, 7, -15, 1, 0, 0, 0, 31 ]
[ 4, 0, -3, -15, 1, 0, 1, 0, 7 ]
[ -1, -2, 0, 0, -5, 2, 0, -2, 7 ]
[ 2, -1, 2, 1, 0, 7, 0, 0, 31 ]
[ 2, -1, 2, 1, 2, 0, 1, 0, 7 ]
[ -1, 0, -7, 2, -1, 2, 0, 0, 31 ]
[ 6, -1, -1, 1, 0, 7, 0, 0, 31 ]
[ -6, 1, 1, 2, -1, 2, 1, 0, 7 ]
[ 1, 0, 7, -6, 1, 1, 0, 0, 31 ]
[ 4, 0, -3, -6, 1, 1, 1, 0, 7 ]
[ 15, -1, 0, 1, 0, 7, 0, 0, 31 ]
[ -15, 1, 0, -4, 0, 3, 1, 0, 7 ]
[ -1, -2, 0, 0, -1, 19, 0, 0, 31 ]
[ -1, -2, 0, 0, -2, 7, 0, -1, 19 ]
[ 1, 1, 19, 1, 2, 0, 0, 0, 31 ]
[ 1, 0, 7, 1, 1, 19, 0, 0, 31 ]
[ 1, 0, 7, 1, 2, 0, 1, 1, 19 ]
[ 31, 0, 0, 7, 1, 0, 9, 0, 1 ]
[ 7, 1, 0, -3, 4, 0, 2, -1, 1 ]
[ 9, 0, 1, 7, 1, 0, -4, 0, 3 ]
[ 1, 9, 0, 0, 31, 0, 0, 12, 1 ]
[ 3, -4, 0, 1, 9, 0, -1, 3, 1 ]
[ 1, -1, -6, -3, 4, 0, 0, 0, 31 ]
[ 2, -1, 1, -1, 1, 6, 0, 0, 31 ]
[ 2, -1, 1, -3, 4, 0, -1, 1, 6 ]
[ -7, -1, 0, 2, -1, 1, -4, 0, 3 ]
[ 1, 0, 7, 7, 1, 0, 0, 0, 31 ]
[ 4, 0, -3, 7, 1, 0, 1, 0, 7 ]
[ 1, 9, 0, 0, 12, 1, 0, 5, 3 ]
[ 1, -3, -1, 1, 9, 0, 0, 5, 3 ]
[ -3, 4, 0, -1, 1, 6, 0, 0, 31 ]
[ 3, -4, 0, -1, 3, 1, -1, 1, 6 ]
[ -1, 0, -7, 2, -1, 1, 0, 0, 31 ]
[ -4, 0, 3, 2, -1, 1, 1, 0, 7 ]
[ -7, -1, 0, 1, 0, 7, 0, 0, 31 ]
[ 7, 1, 0, -4, 0, 3, 1, 0, 7 ]
[ 1, 9, 0, 0, 5, 3, 0, -2, 5 ]
[ 0, -5, -3, 1, 9, 0, 0, -2, 5 ]
[ 1, -3, -1, 0, 5, 3, 0, -2, 5 ]
[ 1, -2, -19, -1, 3, 1, 0, 0, 31 ]
[ 1, -1, -6, -1, 2, 19, 0, 0, 31 ]
[ 1, -1, -6, -1, 3, 1, -1, 2, 19 ]
[ -1, -9, 0, 0, -1, 18, 0, 0, 31 ]
[ -1, -9, 0, 0, -2, 5, 0, -1, 18 ]
[ 0, -1, 18, 1, 9, 0, 0, 0, 31 ]
[ 0, -2, 5, 1, 9, 0, 0, -1, 18 ]
[ -1, 3, 1, 0, -1, 18, 0, 0, 31 ]
[ -1, 3, 1, 0, -2, 5, 0, -1, 18 ]
[ 31, 0, 0, -2, 1, 0, 9, 0, 1 ]
[ 1, -16, 0, 0, 31, 0, 0, -11, 1 ]
[ 2, -1, 0, -1, 16, 0, -1, 5, 1 ]
[ 9, 0, 1, -2, 1, 0, -4, 0, 3 ]
[ -1, 16, 0, 0, -11, 1, 0, -2, 3 ]
[ 1, -5, -1, -1, 16, 0, 0, -2, 3 ]
[ 2, -1, 0, -1, 5, 1, 0, -2, 3 ]
[ 1, 0, 7, -2, 1, 0, 0, 0, 31 ]
[ 4, 0, -3, -2, 1, 0, 1, 0, 7 ]
[ -1, 16, 0, 0, -1, 17, 0, 0, 31 ]
[ -1, 16, 0, 0, -2, 3, 0, -1, 17 ]
[ 0, 1, -17, -1, 16, 0, 0, 0, 31 ]
[ 0, 2, -3, -1, 16, 0, 0, -1, 17 ]
[ -1, 5, 1, 0, -1, 17, 0, 0, 31 ]
[ -1, 5, 1, 0, -2, 3, 0, -1, 17 ]
[ 0, 1, -17, -1, 5, 1, 0, 0, 31 ]
[ 0, 2, -3, -1, 5, 1, 0, -1, 17 ]
[ 2, -1, 0, -1, 1, 7, 0, 0, 31 ]
[ -2, 1, 0, 0, -2, 3, -1, 1, 7 ]
[ -1, 1, 7, 0, -1, 17, 0, 0, 31 ]
[ -1, 1, 7, 0, -2, 3, 0, -1, 17 ]
[ 31, 0, 0, -11, 1, 0, 9, 0, 1 ]
[ 11, -1, 0, -2, 3, 0, -2, 1, 1 ]
[ 9, 0, 1, -11, 1, 0, -4, 0, 3 ]
[ 1, -17, 0, 0, 31, 0, 0, -2, 1 ]
[ 2, -3, 0, -1, 17, 0, 0, -2, 1 ]
[ 1, -1, -8, -2, 3, 0, 0, 0, 31 ]
[ 2, -1, -1, -1, 1, 8, 0, 0, 31 ]
[ 2, -1, -1, -2, 3, 0, -1, 1, 8 ]
[ 11, -1, 0, -2, 1, 1, -4, 0, 3 ]
[ 1, 0, 7, -11, 1, 0, 0, 0, 31 ]
[ 4, 0, -3, -11, 1, 0, 1, 0, 7 ]
[ -1, 17, 0, 0, -1, 16, 0, 0, 31 ]
[ -1, 17, 0, 0, -2, 1, 0, -1, 16 ]
[ 0, 1, -16, -1, 17, 0, 0, 0, 31 ]
[ 0, 2, -1, -1, 17, 0, 0, -1, 16 ]
[ -2, 3, 0, -1, 1, 8, 0, 0, 31 ]
[ -2, 3, 0, 0, -2, 1, -1, 1, 8 ]
[ 1, 0, 7, -2, 1, 1, 0, 0, 31 ]
[ 4, 0, -3, -2, 1, 1, 1, 0, 7 ]
[ 11, -1, 0, 1, 0, 7, 0, 0, 31 ]
[ -11, 1, 0, -4, 0, 3, 1, 0, 7 ]
[ -1, 1, 8, 0, -1, 16, 0, 0, 31 ]
[ -1, 1, 8, 0, -2, 1, 0, -1, 16 ]
[ 31, 0, 0, 11, 1, 0, 9, 0, 1 ]
[ 11, 1, 0, 2, 3, 0, -2, -1, 1 ]
[ 9, 0, 1, 11, 1, 0, -4, 0, 3 ]
[ 1, 17, 0, 0, 31, 0, 0, 2, 1 ]
[ 2, 3, 0, 1, 17, 0, 0, 2, 1 ]
[ 1, 1, -8, 2, 3, 0, 0, 0, 31 ]
[ -2, -1, 1, -1, -1, 8, 0, 0, 31 ]
[ 2, 1, -1, 2, 3, 0, -1, -1, 8 ]
[ -11, -1, 0, -2, -1, 1, -4, 0, 3 ]
[ 1, 0, 7, 11, 1, 0, 0, 0, 31 ]
[ 4, 0, -3, 11, 1, 0, 1, 0, 7 ]
[ 1, 17, 0, 0, 1, 16, 0, 0, 31 ]
[ 1, 17, 0, 0, 2, 1, 0, 1, 16 ]
[ 0, -1, -16, 1, 17, 0, 0, 0, 31 ]
[ 0, -2, -1, 1, 17, 0, 0, 1, 16 ]
[ 2, 3, 0, 1, 2, 8, 0, 0, 31 ]
[ 2, 3, 0, 0, 2, 1, 1, 2, 8 ]
[ -1, 0, -7, -2, -1, 1, 0, 0, 31 ]
[ -4, 0, 3, -2, -1, 1, 1, 0, 7 ]
[ -11, -1, 0, 1, 0, 7, 0, 0, 31 ]
[ 11, 1, 0, -4, 0, 3, 1, 0, 7 ]
[ 1, 2, 8, 0, 1, 16, 0, 0, 31 ]
[ 1, 2, 8, 0, 2, 1, 0, 1, 16 ]
[ 31, 0, 0, 2, 1, 0, 9, 0, 1 ]
[ 1, 16, 0, 0, 31, 0, 0, 11, 1 ]
[ 2, 1, 0, 1, 16, 0, -1, -5, 1 ]
[ 9, 0, 1, 2, 1, 0, -4, 0, 3 ]
[ 1, 16, 0, 0, 11, 1, 0, 2, 3 ]
[ 1, 5, -1, 1, 16, 0, 0, 2, 3 ]
[ -2, -1, 0, -1, -5, 1, 0, 2, 3 ]
[ 1, 0, 7, 2, 1, 0, 0, 0, 31 ]
[ 4, 0, -3, 2, 1, 0, 1, 0, 7 ]
[ 1, 16, 0, 0, 1, 17, 0, 0, 31 ]
[ 1, 16, 0, 0, 2, 3, 0, 1, 17 ]
[ 0, -1, -17, 1, 16, 0, 0, 0, 31 ]
[ 0, -2, -3, 1, 16, 0, 0, 1, 17 ]
[ 1, 5, -1, 0, 1, 17, 0, 0, 31 ]
[ 1, 5, -1, 0, 2, 3, 0, 1, 17 ]
[ 0, 1, 17, -1, -5, 1, 0, 0, 31 ]
[ 0, 2, 3, -1, -5, 1, 0, 1, 17 ]
[ -2, -1, 0, 1, 0, 7, 0, 0, 31 ]
[ 2, 1, 0, 0, 2, 3, 1, 0, 7 ]
[ 1, 0, 7, 0, 1, 17, 0, 0, 31 ]
[ 1, 0, 7, 0, 2, 3, 0, 1, 17 ]
[ 31, 0, 0, -7, 1, 0, 9, 0, 1 ]
[ 7, -1, 0, 3, 4, 0, 2, 1, 1 ]
[ 9, 0, 1, -7, 1, 0, -4, 0, 3 ]
[ 1, -9, 0, 0, 31, 0, 0, -12, 1 ]
[ 3, 4, 0, -1, 9, 0, -1, -3, 1 ]
[ 1, 1, -6, 3, 4, 0, 0, 0, 31 ]
[ -2, -1, -1, -1, -1, 6, 0, 0, 31 ]
[ 2, 1, 1, 3, 4, 0, -1, -1, 6 ]
[ 7, -1, 0, 2, 1, 1, -4, 0, 3 ]
[ 1, 0, 7, -7, 1, 0, 0, 0, 31 ]
[ 4, 0, -3, -7, 1, 0, 1, 0, 7 ]
[ -1, 9, 0, 0, -12, 1, 0, -5, 3 ]
[ 1, 3, -1, -1, 9, 0, 0, -5, 3 ]
[ 3, 4, 0, -1, -1, 6, 0, 0, 31 ]
[ -3, -4, 0, -1, -3, 1, -1, -1, 6 ]
[ 1, 0, 7, 2, 1, 1, 0, 0, 31 ]
[ 4, 0, -3, 2, 1, 1, 1, 0, 7 ]
[ 7, -1, 0, 1, 0, 7, 0, 0, 31 ]
[ -7, 1, 0, -4, 0, 3, 1, 0, 7 ]
[ -1, 9, 0, 0, -5, 3, 0, 2, 5 ]
[ 0, 5, -3, -1, 9, 0, 0, 2, 5 ]
[ -1, -3, 1, 0, -5, 3, 0, 2, 5 ]
[ -1, -2, 19, -1, -3, 1, 0, 0, 31 ]
[ -1, -1, 6, -1, -2, 19, 0, 0, 31 ]
[ -1, -1, 6, -1, -3, 1, -1, -2, 19 ]
[ 1, -9, 0, 0, 1, 18, 0, 0, 31 ]
[ 1, -9, 0, 0, 2, 5, 0, 1, 18 ]
[ 0, 1, 18, -1, 9, 0, 0, 0, 31 ]
[ 0, 2, 5, -1, 9, 0, 0, 1, 18 ]
[ 1, 3, -1, 0, 1, 18, 0, 0, 31 ]
[ 1, 3, -1, 0, 2, 5, 0, 1, 18 ]
[ 31, 0, 0, 15, 1, 0, 9, 0, 1 ]
[ 1, -2, 0, 0, 31, 0, 0, -13, 1 ]
[ 15, 1, 0, -1, 2, 0, -6, -1, 1 ]
[ 9, 0, 1, 15, 1, 0, -4, 0, 3 ]
[ -1, 2, 0, 0, -13, 1, 0, 5, 2 ]
[ 6, 1, -1, -1, 2, 0, 2, 1, 2 ]
[ -15, -1, 0, -6, -1, 1, -4, 0, 3 ]
[ 1, 0, 7, 15, 1, 0, 0, 0, 31 ]
[ 4, 0, -3, 15, 1, 0, 1, 0, 7 ]
[ 1, -2, 0, 0, 5, 2, 0, 2, 7 ]
[ -2, -1, -2, 1, 0, 7, 0, 0, 31 ]
[ 2, 1, 2, -1, 2, 0, 1, 0, 7 ]
[ 1, 0, 7, 2, 1, 2, 0, 0, 31 ]
[ -6, -1, 1, 1, 0, 7, 0, 0, 31 ]
[ 6, 1, -1, 2, 1, 2, 1, 0, 7 ]
[ -1, 0, -7, -6, -1, 1, 0, 0, 31 ]
[ -4, 0, 3, -6, -1, 1, 1, 0, 7 ]
[ -15, -1, 0, 1, 0, 7, 0, 0, 31 ]
[ 15, 1, 0, -4, 0, 3, 1, 0, 7 ]
[ 1, -2, 0, 0, 1, 19, 0, 0, 31 ]
[ 1, -2, 0, 0, 2, 7, 0, 1, 19 ]
[ 0, 1, 19, -1, 2, 0, 0, 0, 31 ]
[ 1, 0, 7, 0, 1, 19, 0, 0, 31 ]
[ 1, 0, 7, -1, 2, 0, 0, 1, 19 ]
[ 31, 0, 0, 6, 1, 0, 9, 0, 1 ]
[ 1, -5, 0, 0, 31, 0, 0, 14, 1 ]
[ 6, 1, 0, -1, 5, 0, 3, -1, 1 ]
[ 9, 0, 1, 6, 1, 0, -4, 0, 3 ]
[ 1, -5, 0, 0, 14, 1, 0, -3, 2 ]
[ 3, -1, 1, -1, 5, 0, -1, 2, 2 ]
[ -6, -1, 0, 3, -1, 1, -4, 0, 3 ]
[ 1, 0, 7, 6, 1, 0, 0, 0, 31 ]
[ 4, 0, -3, 6, 1, 0, 1, 0, 7 ]
[ -1, 5, 0, 0, -1, 11, 0, 0, 31 ]
[ -1, 5, 0, 0, -3, 2, 0, -1, 11 ]
[ 0, 1, -11, -1, 5, 0, 0, 0, 31 ]
[ -1, 2, 2, 0, -1, 11, 0, 0, 31 ]
[ 1, -2, -2, -1, 5, 0, 0, -1, 11 ]
[ 3, -1, 1, 1, 0, 7, 0, 0, 31 ]
[ 3, -1, 1, -1, 2, 2, 1, 0, 7 ]
[ -1, 0, -7, 3, -1, 1, 0, 0, 31 ]
[ -4, 0, 3, 3, -1, 1, 1, 0, 7 ]
[ -6, -1, 0, 1, 0, 7, 0, 0, 31 ]
[ 6, 1, 0, -4, 0, 3, 1, 0, 7 ]
[ 0, 1, 20, -1, 2, 2, 0, 0, 31 ]
[ 1, 0, 7, 0, 1, 20, 0, 0, 31 ]
[ 1, 0, 7, -1, 2, 2, 0, 1, 20 ]
[ 31, 0, 0, -3, 1, 0, 9, 0, 1 ]
[ 1, 10, 0, 0, 31, 0, 0, 3, 1 ]
[ 3, -1, 0, 1, 10, 0, 0, 3, 1 ]
[ 9, 0, 1, -3, 1, 0, -4, 0, 3 ]
[ -1, -10, 0, 0, -1, 10, 0, 0, 31 ]
[ 1, 10, 0, 0, 3, 1, 0, -1, 10 ]
[ 0, -1, 10, 1, 10, 0, 0, 0, 31 ]
[ 0, -3, -1, 1, 10, 0, 0, -1, 10 ]
[ 3, -1, 0, 0, 3, 1, -1, -1, 3 ]
[ 1, 0, 7, -3, 1, 0, 0, 0, 31 ]
[ 4, 0, -3, -3, 1, 0, 1, 0, 7 ]
[ -1, -1, 3, 0, -1, 10, 0, 0, 31 ]
[ 1, 1, -3, 0, 3, 1, 0, -1, 10 ]
[ -1, 0, -7, -1, -1, 3, 0, 0, 31 ]
[ 3, -1, 0, 1, 0, 7, 0, 0, 31 ]
[ -3, 1, 0, -1, -1, 3, 1, 0, 7 ]
[ 31, 0, 0, -12, 1, 0, 9, 0, 1 ]
[ 12, -1, 0, -5, 3, 0, -3, 1, 1 ]
[ 9, 0, 1, -12, 1, 0, -4, 0, 3 ]
[ 5, -3, 0, 2, 5, 0, 2, -2, 1 ]
[ 2, -1, -8, -5, 3, 0, 0, 0, 31 ]
[ 3, -1, -1, -2, 1, 8, 0, 0, 31 ]
[ 3, -1, -1, -5, 3, 0, -2, 1, 8 ]
[ 12, -1, 0, -3, 1, 1, -4, 0, 3 ]
[ 1, 0, 7, -12, 1, 0, 0, 0, 31 ]
[ 4, 0, -3, -12, 1, 0, 1, 0, 7 ]
[ 1, 18, 0, 0, 31, 0, 0, -7, 1 ]
[ 2, 5, 0, 1, 18, 0, 0, -7, 1 ]
[ 2, -2, 1, 2, 5, 0, -1, -1, 2 ]
[ -5, 3, 0, -2, 1, 8, 0, 0, 31 ]
[ -5, 3, 0, 2, -2, 1, -2, 1, 8 ]
[ 1, 0, 7, -3, 1, 1, 0, 0, 31 ]
[ 4, 0, -3, -3, 1, 1, 1, 0, 7 ]
[ 12, -1, 0, 1, 0, 7, 0, 0, 31 ]
[ -12, 1, 0, -4, 0, 3, 1, 0, 7 ]
[ -1, -18, 0, 0, -7, 1, 0, 3, 4 ]
[ 0, -7, 1, 1, 18, 0, 0, 3, 4 ]
[ -2, -5, 0, 0, -7, 1, 1, 4, 2 ]
[ 1, 2, -11, 2, 5, 0, 0, 0, 31 ]
[ -1, -1, 2, -1, -2, 11, 0, 0, 31 ]
[ 1, 1, -2, 2, 5, 0, -1, -2, 11 ]
[ 0, 1, -9, -1, -1, 2, 0, 0, 31 ]
[ -2, 2, -1, -1, -1, 2, 0, -1, 9 ]
[ -2, 1, 8, 1, -1, 16, 0, 0, 31 ]
[ -2, 1, 8, 2, -2, 1, 1, -1, 16 ]
[ -1, -18, 0, 0, -1, 9, 0, 0, 31 ]
[ 1, 18, 0, 0, 3, 4, 0, -1, 9 ]
[ 0, -1, 9, 1, 18, 0, 0, 0, 31 ]
[ 0, -3, -4, 1, 18, 0, 0, -1, 9 ]
[ -1, -4, -2, 0, -7, 1, 0, 3, 4 ]
[ 1, 3, 11, 1, 4, 2, 0, 0, 31 ]
[ 2, 5, 0, 1, 3, 11, 0, 0, 31 ]
[ 2, 5, 0, 1, 4, 2, 1, 3, 11 ]
[ -1, 1, -16, 0, -1, 9, 0, 0, 31 ]
[ -2, 2, -1, 0, -1, 9, 1, -1, 16 ]
[ -1, -4, -2, 0, -1, 9, 0, 0, 31 ]
[ 1, 4, 2, 0, 3, 4, 0, -1, 9 ]
[ 31, 0, 0, 10, 1, 0, 9, 0, 1 ]
[ 1, -3, 0, 0, 31, 0, 0, -4, 1 ]
[ 10, 1, 0, -1, 3, 0, -1, -1, 1 ]
[ 9, 0, 1, 10, 1, 0, -4, 0, 3 ]
[ -1, 3, 0, 0, -1, 8, 0, 0, 31 ]
[ -1, 3, 0, 0, -4, 1, 0, -1, 8 ]
[ 0, 1, -8, -1, 3, 0, 0, 0, 31 ]
[ -1, -1, 1, 0, -1, 8, 0, 0, 31 ]
[ 1, 1, -1, -1, 3, 0, 0, -1, 8 ]
[ -10, -1, 0, -1, -1, 1, -4, 0, 3 ]
[ 1, 0, 7, 10, 1, 0, 0, 0, 31 ]
[ 4, 0, -3, 10, 1, 0, 1, 0, 7 ]
[ -1, 0, -7, -1, -1, 1, 0, 0, 31 ]
[ -4, 0, 3, -1, -1, 1, 1, 0, 7 ]
[ -10, -1, 0, 1, 0, 7, 0, 0, 31 ]
[ 10, 1, 0, -4, 0, 3, 1, 0, 7 ]
[ 1, 1, 0, 0, 31, 0, 0, -9, 1 ]
[ 31, 0, 0, 1, 1, 0, 9, 0, 1 ]
[ -1, -1, 0, 0, -9, 1, 0, 4, 3 ]
[ 9, 0, 1, 1, 1, 0, -4, 0, 3 ]
[ -1, -1, 0, 0, -1, 7, 0, 0, 31 ]
[ 1, 1, 0, 0, 4, 3, 0, -1, 7 ]
[ 1, 0, 7, 1, 1, 0, 0, 0, 31 ]
[ 4, 0, -3, 1, 1, 0, 1, 0, 7 ]
[ 31, 0, 0, -8, 1, 0, 9, 0, 1 ]
[ 1, -4, 0, 0, 31, 0, 0, 5, 1 ]
[ 8, -1, 0, -1, 4, 0, 1, 1, 1 ]
[ 9, 0, 1, -8, 1, 0, -4, 0, 3 ]
[ -1, 4, 0, 0, -1, 6, 0, 0, 31 ]
[ 1, -4, 0, 0, 5, 1, 0, -1, 6 ]
[ 0, 1, -6, -1, 4, 0, 0, 0, 31 ]
[ -1, -1, -1, 0, -1, 6, 0, 0, 31 ]
[ 1, 1, 1, -1, 4, 0, 0, -1, 6 ]
[ 8, -1, 0, 1, 1, 1, -4, 0, 3 ]
[ 1, 0, 7, -8, 1, 0, 0, 0, 31 ]
[ 4, 0, -3, -8, 1, 0, 1, 0, 7 ]
[ 1, 0, 7, 1, 1, 1, 0, 0, 31 ]
[ 4, 0, -3, 1, 1, 1, 1, 0, 7 ]
[ 8, -1, 0, 1, 0, 7, 0, 0, 31 ]
[ -8, 1, 0, -4, 0, 3, 1, 0, 7 ]
[ 31, 0, 0, 14, 1, 0, 9, 0, 1 ]
[ 14, 1, 0, -3, 2, 0, -5, -1, 1 ]
[ 9, 0, 1, 14, 1, 0, -4, 0, 3 ]
[ 1, -11, 0, 0, 31, 0, 0, 6, 1 ]
[ 3, -2, 0, -1, 11, 0, 1, -5, 1 ]
[ 5, 1, -1, -3, 2, 0, 1, 1, 2 ]
[ -14, -1, 0, -5, -1, 1, -4, 0, 3 ]
[ 1, 0, 7, 14, 1, 0, 0, 0, 31 ]
[ 4, 0, -3, 14, 1, 0, 1, 0, 7 ]
[ -1, 11, 0, 0, -1, 5, 0, 0, 31 ]
[ 1, -11, 0, 0, 6, 1, 0, -1, 5 ]
[ 0, 1, -5, -1, 11, 0, 0, 0, 31 ]
[ -1, 5, -1, 0, -1, 5, 0, 0, 31 ]
[ 1, -5, 1, -1, 11, 0, 0, -1, 5 ]
[ -3, 2, 0, 1, -5, 1, 1, 1, 2 ]
[ -1, -1, -2, 1, 0, 7, 0, 0, 31 ]
[ 1, 1, 2, -3, 2, 0, 1, 0, 7 ]
[ 1, 0, 7, 1, 1, 2, 0, 0, 31 ]
[ -5, -1, 1, 1, 0, 7, 0, 0, 31 ]
[ 5, 1, -1, 1, 1, 2, 1, 0, 7 ]
[ -1, 0, -7, -5, -1, 1, 0, 0, 31 ]
[ -4, 0, 3, -5, -1, 1, 1, 0, 7 ]
[ -14, -1, 0, 1, 0, 7, 0, 0, 31 ]
[ 14, 1, 0, -4, 0, 3, 1, 0, 7 ]
[ 0, -1, 5, 1, -5, 1, 0, 0, 31 ]
[ -1, -1, -2, 0, -1, 5, 0, 0, 31 ]
[ -1, -1, -2, 1, -5, 1, 0, -1, 5 ]
[ 3, -2, 0, 1, 1, 2, 1, 0, 7 ]
[ -1, 1, 19, -3, 2, 0, 0, 0, 31 ]
[ 1, 0, 7, -1, 1, 19, 0, 0, 31 ]
[ 1, 0, 7, -3, 2, 0, -1, 1, 19 ]
[ 1, 0, 7, 1, 1, 2, 0, 0, 31 ]
[ 1, -1, -19, 1, 0, 7, 0, 0, 31 ]
[ 3, -2, 0, -1, 1, 19, 0, 0, 31 ]
[ 3, -2, 0, 1, 0, 7, -1, 1, 19 ]
[ 31, 0, 0, 5, 1, 0, 9, 0, 1 ]
[ 1, -6, 0, 0, 31, 0, 0, -8, 1 ]
[ 5, 1, 0, -1, 6, 0, -1, -2, 1 ]
[ 9, 0, 1, 5, 1, 0, -4, 0, 3 ]
[ -1, 6, 0, 0, -1, 4, 0, 0, 31 ]
[ -1, 6, 0, 0, -8, 1, 0, -1, 4 ]
[ 0, 1, -4, -1, 6, 0, 0, 0, 31 ]
[ -1, -2, 1, 0, -1, 4, 0, 0, 31 ]
[ 1, 2, -1, -1, 6, 0, 0, -1, 4 ]
[ -1, -1, -3, -1, -2, 1, 0, 0, 31 ]
[ -5, -1, 0, -1, -2, 1, 1, 1, 3 ]
[ 1, 0, 7, 5, 1, 0, 0, 0, 31 ]
[ 4, 0, -3, 5, 1, 0, 1, 0, 7 ]
[ 1, 0, 7, 1, 1, 3, 0, 0, 31 ]
[ -5, -1, 0, 1, 0, 7, 0, 0, 31 ]
[ 5, 1, 0, 1, 1, 3, 1, 0, 7 ]
[ 31, 0, 0, -4, 1, 0, 9, 0, 1 ]
[ 1, -8, 0, 0, 31, 0, 0, 10, 1 ]
[ 4, -1, 0, -1, 8, 0, 1, 2, 1 ]
[ 9, 0, 1, -4, 1, 0, -4, 0, 3 ]
[ -1, 8, 0, 0, -1, 3, 0, 0, 31 ]
[ 1, -8, 0, 0, 10, 1, 0, -1, 3 ]
[ 0, 1, -3, -1, 8, 0, 0, 0, 31 ]
[ -1, -2, -1, 0, -1, 3, 0, 0, 31 ]
[ 1, 2, 1, -1, 8, 0, 0, -1, 3 ]
[ 0, -1, 3, 1, 2, 1, 0, 0, 31 ]
[ 4, -1, 0, 1, 2, 1, 0, -1, 3 ]
[ 1, 0, 7, -4, 1, 0, 0, 0, 31 ]
[ 4, 0, -3, -4, 1, 0, 1, 0, 7 ]
[ -1, 0, -7, 0, -1, 3, 0, 0, 31 ]
[ 4, -1, 0, 1, 0, 7, 0, 0, 31 ]
[ -4, 1, 0, 0, -1, 3, 1, 0, 7 ]
[ 31, 0, 0, -13, 1, 0, 9, 0, 1 ]
[ 13, -1, 0, 5, 2, 0, -4, 1, 1 ]
[ 9, 0, 1, -13, 1, 0, -4, 0, 3 ]
[ 1, 3, 1, 2, 7, 0, 0, 0, 31 ]
[ 5, 2, 0, 2, 7, 0, 1, 3, 1 ]
[ 4, -1, -1, 5, 2, 0, 0, -1, 2 ]
[ 13, -1, 0, -4, 1, 1, -4, 0, 3 ]
[ 1, 0, 7, -13, 1, 0, 0, 0, 31 ]
[ 4, 0, -3, -13, 1, 0, 1, 0, 7 ]
[ 1, 19, 0, 0, 31, 0, 0, 15, 1 ]
[ -2, -7, 0, -1, -4, 1, 0, 0, 31 ]
[ 2, 7, 0, 1, 19, 0, -1, -4, 1 ]
[ 0, -1, 2, 1, 3, 1, 0, 0, 31 ]
[ 5, 2, 0, 1, 3, 1, 0, -1, 2 ]
[ 0, -1, 2, 1, 0, 7, 0, 0, 31 ]
[ 0, -1, 2, 5, 2, 0, 1, 0, 7 ]
[ -1, 0, -7, 0, -1, 2, 0, 0, 31 ]
[ 4, -1, -1, 1, 0, 7, 0, 0, 31 ]
[ -4, 1, 1, 0, -1, 2, 1, 0, 7 ]
[ 1, 0, 7, -4, 1, 1, 0, 0, 31 ]
[ 4, 0, -3, -4, 1, 1, 1, 0, 7 ]
[ 13, -1, 0, 1, 0, 7, 0, 0, 31 ]
[ -13, 1, 0, -4, 0, 3, 1, 0, 7 ]
[ -1, -19, 0, 0, -1, 2, 0, 0, 31 ]
[ 1, 19, 0, 0, 15, 1, 0, -1, 2 ]
[ 0, -1, 2, 1, 19, 0, 0, 0, 31 ]
[ -1, -4, 1, 0, -1, 2, 0, 0, 31 ]
[ 1, 4, -1, 1, 19, 0, 0, -1, 2 ]
[ -5, -2, 0, 0, -1, 2, 1, 0, 7 ]
[ 3, 1, 19, 5, 2, 0, 0, 0, 31 ]
[ 1, 0, 7, 3, 1, 19, 0, 0, 31 ]
[ 1, 0, 7, 5, 2, 0, 3, 1, 19 ]
[ -1, 0, -7, 0, -1, 2, 0, 0, 31 ]
[ -3, -1, -19, 1, 0, 7, 0, 0, 31 ]
[ -5, -2, 0, 3, 1, 19, 0, 0, 31 ]
[ -5, -2, 0, 1, 0, 7, 3, 1, 19 ]
[ 31, 0, 0, 9, 1, 0, 9, 0, 1 ]
[ 9, 1, 0, -4, 3, 0, 0, -1, 1 ]
[ 9, 0, 1, 9, 1, 0, -4, 0, 3 ]
[ -1, -7, 0, 0, -1, 1, 0, 0, 31 ]
[ 1, 7, 0, 0, 31, 0, 0, -1, 1 ]
[ 0, -1, 1, 1, 7, 0, 0, 0, 31 ]
[ 4, -3, 0, 1, 7, 0, 0, -1, 1 ]
[ -1, 1, -8, -4, 3, 0, 0, 0, 31 ]
[ 0, -1, 1, 1, -1, 8, 0, 0, 31 ]
[ 0, 1, -1, -4, 3, 0, 1, -1, 8 ]
[ -9, -1, 0, 0, -1, 1, -4, 0, 3 ]
[ 1, 0, 7, 9, 1, 0, 0, 0, 31 ]
[ 4, 0, -3, 9, 1, 0, 1, 0, 7 ]
[ -1, 1, -8, 0, -1, 1, 0, 0, 31 ]
[ -4, 3, 0, 1, -1, 8, 0, 0, 31 ]
[ -4, 3, 0, 0, -1, 1, 1, -1, 8 ]
[ -1, 0, -7, 0, -1, 1, 0, 0, 31 ]
[ -4, 0, 3, 0, -1, 1, 1, 0, 7 ]
[ -9, -1, 0, 1, 0, 7, 0, 0, 31 ]
[ 9, 1, 0, -4, 0, 3, 1, 0, 7 ]
[ 31, 0, 0, 0, 1, 0, 4, 0, 1 ]
[ 1, 0, 8, 0, 1, 0, 0, 0, 31 ]
[ 4, 0, 1, 0, 1, 0, 1, 0, 8 ]
[ 31, 0, 0, -4, 1, 0, 4, 0, 1 ]
[ 1, -8, 0, 0, 1, 1, 0, 0, 31 ]
[ 1, -8, 0, 0, 31, 0, 0, 1, 1 ]
[ 0, 1, 1, -1, 8, 0, 0, 0, 31 ]
[ 4, -1, 0, -1, 8, 0, 0, 1, 1 ]
[ 1, 0, 8, -4, 1, 0, 0, 0, 31 ]
[ 4, 0, 1, -4, 1, 0, 1, 0, 8 ]
[ 1, 0, 8, 0, 1, 1, 0, 0, 31 ]
[ 4, -1, 0, 1, 0, 8, 0, 0, 31 ]
[ 4, -1, 0, 0, 1, 1, 1, 0, 8 ]
[ 31, 0, 0, -8, 1, 0, 4, 0, 1 ]
[ 1, -4, 0, 0, 31, 0, 0, -15, 1 ]
[ 8, -1, 0, -1, 4, 0, -4, 1, 1 ]
[ 1, 0, 8, -8, 1, 0, 0, 0, 31 ]
[ 4, 0, 1, -8, 1, 0, 1, 0, 8 ]
[ 1, -4, 0, 0, 1, 2, 0, 0, 31 ]
[ -1, 4, 0, 0, -15, 1, 0, 1, 2 ]
[ 0, 1, 2, -1, 4, 0, 0, 0, 31 ]
[ 4, -1, -1, -1, 4, 0, 0, 1, 2 ]
[ 1, 0, 8, -4, 1, 1, 0, 0, 31 ]
[ 8, -1, 0, 1, 0, 8, 0, 0, 31 ]
[ 8, -1, 0, -4, 1, 1, 1, 0, 8 ]
[ 1, 0, 8, 0, 1, 2, 0, 0, 31 ]
[ 4, -1, -1, 1, 0, 8, 0, 0, 31 ]
[ 4, -1, -1, 0, 1, 2, 1, 0, 8 ]
[ 31, 0, 0, -12, 1, 0, 4, 0, 1 ]
[ 12, -1, 0, -5, 3, 0, 4, 0, 1 ]
[ 1, 0, 8, -12, 1, 0, 0, 0, 31 ]
[ 4, 0, 1, -12, 1, 0, 1, 0, 8 ]
[ 5, -3, 0, 2, 5, 0, -1, 3, 1 ]
[ 4, 0, 1, -5, 3, 0, 0, 1, 3 ]
[ 12, -1, 0, 1, 0, 8, 0, 0, 31 ]
[ 12, -1, 0, 4, 0, 1, 1, 0, 8 ]
[ 1, 18, 0, 0, 31, 0, 0, -10, 1 ]
[ 2, 5, 0, 1, 18, 0, 1, 8, 1 ]
[ 1, -3, -1, 0, 1, 3, 0, 0, 31 ]
[ 1, -3, -1, 2, 5, 0, 0, 1, 3 ]
[ 0, 1, 3, -1, 3, 1, 0, 0, 31 ]
[ 5, -3, 0, -1, 3, 1, 0, 1, 3 ]
[ 0, -1, -3, 1, -1, 5, 0, 0, 31 ]
[ 0, 1, 3, -5, 3, 0, 1, -1, 5 ]
[ 1, 0, 8, 0, 1, 3, 0, 0, 31 ]
[ 4, 0, 1, 0, 1, 3, 1, 0, 8 ]
[ 1, 18, 0, 0, 1, 3, 0, 0, 31 ]
[ -1, -18, 0, 0, -10, 1, 0, 1, 3 ]
[ 0, -1, -3, 1, 18, 0, 0, 0, 31 ]
[ 1, 8, 1, 0, 1, 3, 0, 0, 31 ]
[ 1, 8, 1, 1, 18, 0, 0, 1, 3 ]
[ 0, -1, -3, 1, 8, 1, 0, 0, 31 ]
[ 2, 5, 0, 1, 8, 1, 0, 1, 3 ]
[ -1, -3, -17, 2, 5, 0, 0, 0, 31 ]
[ 0, -1, -3, 1, 3, 17, 0, 0, 31 ]
[ 0, -1, -3, 2, 5, 0, 1, 3, 17 ]
[ 1, -1, 5, 0, 1, 3, 0, 0, 31 ]
[ 5, -3, 0, 0, 1, 3, 1, -1, 5 ]
[ 2, -1, -18, -5, 3, 0, 0, 0, 31 ]
[ -1, 1, -5, -2, 1, 18, 0, 0, 31 ]
[ -1, 1, -5, -5, 3, 0, -2, 1, 18 ]
[ 1, 3, 17, 0, 1, 3, 0, 0, 31 ]
[ 2, 5, 0, 1, 3, 17, 0, 0, 31 ]
[ 2, 5, 0, 0, 1, 3, 1, 3, 17 ]
[ -2, 1, 18, 1, -1, 5, 0, 0, 31 ]
[ -5, 3, 0, -2, 1, 18, 0, 0, 31 ]
[ -5, 3, 0, 1, -1, 5, -2, 1, 18 ]
[ 31, 0, 0, 15, 1, 0, 4, 0, 1 ]
[ 1, -2, 0, 0, 31, 0, 0, 8, 1 ]
[ 15, 1, 0, -1, 2, 0, 4, 0, 1 ]
[ 1, 0, 8, 15, 1, 0, 0, 0, 31 ]
[ 4, 0, 1, 15, 1, 0, 1, 0, 8 ]
[ 1, -2, 0, 0, 1, 4, 0, 0, 31 ]
[ 1, -2, 0, 0, 8, 1, 0, 1, 4 ]
[ 0, 1, 4, -1, 2, 0, 0, 0, 31 ]
[ 4, 0, 1, -1, 2, 0, 0, 1, 4 ]
[ -15, -1, 0, 1, 0, 8, 0, 0, 31 ]
[ -15, -1, 0, 4, 0, 1, 1, 0, 8 ]
[ 1, 0, 8, 0, 1, 4, 0, 0, 31 ]
[ 4, 0, 1, 0, 1, 4, 1, 0, 8 ]
[ 31, 0, 0, 11, 1, 0, 4, 0, 1 ]
[ 11, 1, 0, 2, 3, 0, 4, 0, 1 ]
[ 1, 0, 8, 11, 1, 0, 0, 0, 31 ]
[ 4, 0, 1, 11, 1, 0, 1, 0, 8 ]
[ 1, 17, 0, 0, 31, 0, 0, -6, 1 ]
[ 2, 3, 0, 1, 17, 0, 0, -6, 1 ]
[ 4, 0, 1, 2, 3, 0, 1, -1, 3 ]
[ -11, -1, 0, 1, 0, 8, 0, 0, 31 ]
[ -11, -1, 0, 4, 0, 1, 1, 0, 8 ]
[ 1, 17, 0, 0, 1, 5, 0, 0, 31 ]
[ -1, -17, 0, 0, -6, 1, 0, 1, 5 ]
[ 0, -1, -5, 1, 17, 0, 0, 0, 31 ]
[ 0, -6, 1, 1, 17, 0, 0, 1, 5 ]
[ -2, -3, 0, 0, -6, 1, 1, -1, 3 ]
[ 1, -1, 3, 0, 1, 5, 0, 0, 31 ]
[ 1, -1, 3, 2, 3, 0, 0, 1, 5 ]
[ -1, 0, -8, 1, -1, 3, 0, 0, 31 ]
[ -4, 0, -1, 1, -1, 3, 1, 0, 8 ]
[ -1, 1, -3, 0, -6, 1, 0, 1, 5 ]
[ 0, -1, -5, 1, -1, 3, 0, 0, 31 ]
[ -2, -3, 0, 1, -1, 3, 0, 1, 5 ]
[ -1, -2, -18, 2, 3, 0, 0, 0, 31 ]
[ 0, -1, -5, 1, 2, 18, 0, 0, 31 ]
[ 0, -1, -5, 2, 3, 0, 1, 2, 18 ]
[ 1, -1, 3, 0, 1, 5, 0, 0, 31 ]
[ 1, 2, 18, 0, 1, 5, 0, 0, 31 ]
[ 2, 3, 0, 1, 2, 18, 0, 0, 31 ]
[ 2, 3, 0, 0, 1, 5, 1, 2, 18 ]
[ 31, 0, 0, 7, 1, 0, 4, 0, 1 ]
[ 7, 1, 0, -3, 4, 0, -3, -1, 1 ]
[ 1, 0, 8, 7, 1, 0, 0, 0, 31 ]
[ 4, 0, 1, 7, 1, 0, 1, 0, 8 ]
[ 1, 9, 0, 0, 31, 0, 0, -5, 1 ]
[ 3, -4, 0, 1, 9, 0, 0, -5, 1 ]
[ 1, -1, 2, -3, 4, 0, 0, 0, 31 ]
[ 3, 1, -1, -3, 4, 0, 1, -1, 2 ]
[ -1, 0, -8, -3, -1, 1, 0, 0, 31 ]
[ -7, -1, 0, 1, 0, 8, 0, 0, 31 ]
[ -7, -1, 0, -3, -1, 1, 1, 0, 8 ]
[ 1, 9, 0, 0, 1, 6, 0, 0, 31 ]
[ -1, -9, 0, 0, -5, 1, 0, 1, 6 ]
[ 0, -1, -6, 1, 9, 0, 0, 0, 31 ]
[ 0, -5, 1, 1, 9, 0, 0, 1, 6 ]
[ 3, -4, 0, 1, -1, 2, 0, 0, 31 ]
[ -3, 4, 0, 0, -5, 1, 1, -1, 2 ]
[ -1, 0, -8, 1, -1, 2, 0, 0, 31 ]
[ -3, -1, 1, 1, 0, 8, 0, 0, 31 ]
[ -3, -1, 1, 1, -1, 2, 1, 0, 8 ]
[ 1, -1, 2, 0, 1, 6, 0, 0, 31 ]
[ -1, 1, -2, 0, -5, 1, 0, 1, 6 ]
[ 31, 0, 0, 3, 1, 0, 4, 0, 1 ]
[ 1, -10, 0, 0, 31, 0, 0, 9, 1 ]
[ 3, 1, 0, -1, 10, 0, 1, -1, 1 ]
[ 1, 0, 8, 3, 1, 0, 0, 0, 31 ]
[ 4, 0, 1, 3, 1, 0, 1, 0, 8 ]
[ 1, -10, 0, 0, 9, 1, 0, -4, 3 ]
[ 1, -1, 1, -1, 10, 0, 0, -4, 3 ]
[ -1, 0, -8, 1, -1, 1, 0, 0, 31 ]
[ -3, -1, 0, 1, 0, 8, 0, 0, 31 ]
[ -3, -1, 0, 1, -1, 1, 1, 0, 8 ]
[ 1, -10, 0, 0, 1, 7, 0, 0, 31 ]
[ -1, 10, 0, 0, -4, 3, 0, 1, 7 ]
[ 0, 1, 7, -1, 10, 0, 0, 0, 31 ]
[ 0, 4, -3, -1, 10, 0, 0, 1, 7 ]
[ 1, -1, 1, 0, 1, 7, 0, 0, 31 ]
[ -1, 1, -1, 0, -4, 3, 0, 1, 7 ]
[ 1, -1, 0, 0, 31, 0, 0, 4, 1 ]
[ 31, 0, 0, -1, 1, 0, 4, 0, 1 ]
[ 1, -1, 0, 0, 1, 8, 0, 0, 31 ]
[ 1, -1, 0, 0, 4, 1, 0, 1, 8 ]
[ 1, 0, 8, -1, 1, 0, 0, 0, 31 ]
[ 4, 0, 1, -1, 1, 0, 1, 0, 8 ]
[ 31, 0, 0, -5, 1, 0, 4, 0, 1 ]
[ 1, 6, 0, 0, 31, 0, 0, 7, 1 ]
[ 5, -1, 0, 1, 6, 0, -1, 1, 1 ]
[ 1, 0, 8, -5, 1, 0, 0, 0, 31 ]
[ 4, 0, 1, -5, 1, 0, 1, 0, 8 ]
[ 1, 6, 0, 0, 7, 1, 0, -3, 4 ]
[ 1, -1, -1, 1, 6, 0, 0, -3, 4 ]
[ 1, 0, 8, -1, 1, 1, 0, 0, 31 ]
[ 5, -1, 0, 1, 0, 8, 0, 0, 31 ]
[ 5, -1, 0, -1, 1, 1, 1, 0, 8 ]
[ 1, 6, 0, 0, 1, 9, 0, 0, 31 ]
[ -1, -6, 0, 0, -3, 4, 0, 1, 9 ]
[ 0, -1, -9, 1, 6, 0, 0, 0, 31 ]
[ 0, -3, 4, 1, 6, 0, 0, 1, 9 ]
[ 1, -1, -1, 0, 1, 9, 0, 0, 31 ]
[ -1, 1, 1, 0, -3, 4, 0, 1, 9 ]
[ 31, 0, 0, -9, 1, 0, 4, 0, 1 ]
[ 9, -1, 0, 4, 3, 0, 4, 0, 1 ]
[ 1, 0, 8, -9, 1, 0, 0, 0, 31 ]
[ 4, 0, 1, -9, 1, 0, 1, 0, 8 ]
[ 1, -7, 0, 0, 31, 0, 0, -3, 1 ]
[ 4, 3, 0, -1, 7, 0, 0, -3, 1 ]
[ 4, 0, 1, 4, 3, 0, 3, 1, 3 ]
[ 9, -1, 0, 1, 0, 8, 0, 0, 31 ]
[ 9, -1, 0, 4, 0, 1, 1, 0, 8 ]
[ 1, -7, 0, 0, 1, 10, 0, 0, 31 ]
[ -1, 7, 0, 0, -3, 1, 0, 1, 10 ]
[ 0, 1, 10, -1, 7, 0, 0, 0, 31 ]
[ 0, 3, -1, -1, 7, 0, 0, 1, 10 ]
[ -4, -3, 0, 0, -3, 1, -1, -2, 3 ]
[ -3, -1, -3, -2, -1, 5, 0, 0, 31 ]
[ 3, 1, 3, 4, 3, 0, -2, -1, 5 ]
[ 1, 0, 8, 3, 1, 3, 0, 0, 31 ]
[ 4, 0, 1, 3, 1, 3, 1, 0, 8 ]
[ 1, 2, -3, 0, 1, 10, 0, 0, 31 ]
[ -1, -2, 3, 0, -3, 1, 0, 1, 10 ]
[ -4, -3, 0, -1, -2, 3, 2, 2, 5 ]
[ -1, -1, -18, 4, 3, 0, 0, 0, 31 ]
[ 2, 1, -5, 1, 1, 18, 0, 0, 31 ]
[ 2, 1, -5, 4, 3, 0, 1, 1, 18 ]
[ -1, -1, -18, -1, -2, 3, 0, 0, 31 ]
[ -2, -2, -5, -1, -2, 3, 1, 1, 18 ]
[ 4, 3, 0, 1, 1, 18, 0, 0, 31 ]
[ 4, 3, 0, 2, 2, 5, 1, 1, 18 ]
[ 31, 0, 0, -13, 1, 0, 4, 0, 1 ]
[ 13, -1, 0, 5, 2, 0, 4, 0, 1 ]
[ 1, 0, 8, -13, 1, 0, 0, 0, 31 ]
[ 4, 0, 1, -13, 1, 0, 1, 0, 8 ]
[ 5, 2, 0, 2, 7, 0, -1, -2, 1 ]
[ 3, 1, 4, 5, 2, 0, 0, 0, 31 ]
[ 4, 0, 1, 5, 2, 0, 3, 1, 4 ]
[ 13, -1, 0, 1, 0, 8, 0, 0, 31 ]
[ 13, -1, 0, 4, 0, 1, 1, 0, 8 ]
[ 1, 19, 0, 0, 31, 0, 0, -14, 1 ]
[ 2, 7, 0, 1, 19, 0, 1, 5, 1 ]
[ 1, 3, 10, 2, 7, 0, 0, 0, 31 ]
[ 1, 2, -1, 1, 3, 10, 0, 0, 31 ]
[ 1, 2, -1, 2, 7, 0, 1, 3, 10 ]
[ -5, -2, 0, -2, -1, 4, 0, 0, 31 ]
[ -5, -2, 0, -1, -2, 1, -2, -1, 4 ]
[ 1, 0, 8, 3, 1, 4, 0, 0, 31 ]
[ 4, 0, 1, 3, 1, 4, 1, 0, 8 ]
[ -1, -19, 0, 0, -14, 1, 0, 3, 2 ]
[ 1, 5, 1, 1, 19, 0, 0, 3, 2 ]
[ 1, 4, -10, 1, 5, 1, 0, 0, 31 ]
[ -2, -7, 0, -1, -4, 10, 0, 0, 31 ]
[ 2, 7, 0, 1, 5, 1, -1, -4, 10 ]
[ -1, -1, 12, -1, -2, 1, 0, 0, 31 ]
[ -2, -1, 4, -1, -1, 12, 0, 0, 31 ]
[ -2, -1, 4, -1, -2, 1, -1, -1, 12 ]
[ 1, 19, 0, 0, 1, 11, 0, 0, 31 ]
[ 1, 19, 0, 0, 3, 2, 0, 1, 11 ]
[ 0, -1, -11, 1, 19, 0, 0, 0, 31 ]
[ 0, -3, -2, 1, 19, 0, 0, 1, 11 ]
[ 1, 5, 1, 0, 1, 11, 0, 0, 31 ]
[ 1, 5, 1, 0, 3, 2, 0, 1, 11 ]
[ 31, 0, 0, 14, 1, 0, 4, 0, 1 ]
[ 14, 1, 0, -3, 2, 0, 4, 0, 1 ]
[ 1, 0, 8, 14, 1, 0, 0, 0, 31 ]
[ 4, 0, 1, 14, 1, 0, 1, 0, 8 ]
[ 1, -11, 0, 0, 31, 0, 0, 13, 1 ]
[ 3, -2, 0, -1, 11, 0, 1, 2, 1 ]
[ -1, 1, 4, -3, 2, 0, 0, 0, 31 ]
[ 4, 0, 1, -3, 2, 0, -1, 1, 4 ]
[ -14, -1, 0, 1, 0, 8, 0, 0, 31 ]
[ -14, -1, 0, 4, 0, 1, 1, 0, 8 ]
[ 1, -11, 0, 0, 13, 1, 0, -5, 2 ]
[ 1, 2, 1, -1, 11, 0, 0, -5, 2 ]
[ 3, -2, 0, -1, 1, 4, 0, 0, 31 ]
[ 3, -2, 0, 1, 2, 1, -1, 1, 4 ]
[ 1, 0, 8, -1, 1, 4, 0, 0, 31 ]
[ 4, 0, 1, -1, 1, 4, 1, 0, 8 ]
[ -1, 11, 0, 0, -5, 2, 0, -2, 7 ]
[ 0, 5, -2, -1, 11, 0, 0, -2, 7 ]
[ -1, -2, -1, 0, -5, 2, 0, -2, 7 ]
[ 0, -1, -12, 1, 2, 1, 0, 0, 31 ]
[ 1, -1, -4, 0, 1, 12, 0, 0, 31 ]
[ 1, -1, -4, 1, 2, 1, 0, 1, 12 ]
[ -1, 11, 0, 0, -1, 19, 0, 0, 31 ]
[ -1, 11, 0, 0, -2, 7, 0, -1, 19 ]
[ 0, 1, -19, -1, 11, 0, 0, 0, 31 ]
[ 0, 2, -7, -1, 11, 0, 0, -1, 19 ]
[ -1, -2, -1, 0, -1, 19, 0, 0, 31 ]
[ -1, -2, -1, 0, -2, 7, 0, -1, 19 ]
[ 31, 0, 0, 10, 1, 0, 4, 0, 1 ]
[ 1, -3, 0, 0, 31, 0, 0, 12, 1 ]
[ 10, 1, 0, -1, 3, 0, 4, 0, 1 ]
[ 1, 0, 8, 10, 1, 0, 0, 0, 31 ]
[ 4, 0, 1, 10, 1, 0, 1, 0, 8 ]
[ 1, -3, 0, 0, 12, 1, 0, 5, 3 ]
[ 4, 0, 1, -1, 3, 0, 2, -1, 3 ]
[ -10, -1, 0, 1, 0, 8, 0, 0, 31 ]
[ -10, -1, 0, 4, 0, 1, 1, 0, 8 ]
[ 1, -3, 0, 0, 5, 3, 0, -2, 5 ]
[ 2, -1, 3, -1, 1, 5, 0, 0, 31 ]
[ 2, -1, 3, -1, 3, 0, -1, 1, 5 ]
[ -1, 0, -8, 2, -1, 3, 0, 0, 31 ]
[ -4, 0, -1, 2, -1, 3, 1, 0, 8 ]
[ -1, 3, 0, 0, -1, 18, 0, 0, 31 ]
[ -1, 3, 0, 0, -2, 5, 0, -1, 18 ]
[ 1, -2, -18, -1, 3, 0, 0, 0, 31 ]
[ 1, -1, -5, -1, 2, 18, 0, 0, 31 ]
[ 1, -1, -5, -1, 3, 0, -1, 2, 18 ]
[ 31, 0, 0, 6, 1, 0, 4, 0, 1 ]
[ 1, -5, 0, 0, 31, 0, 0, -11, 1 ]
[ 6, 1, 0, -1, 5, 0, -2, -1, 1 ]
[ 1, 0, 8, 6, 1, 0, 0, 0, 31 ]
[ 4, 0, 1, 6, 1, 0, 1, 0, 8 ]
[ -1, 5, 0, 0, -11, 1, 0, -2, 3 ]
[ 2, 1, -1, -1, 5, 0, 0, -2, 3 ]
[ -1, 0, -8, -2, -1, 1, 0, 0, 31 ]
[ -6, -1, 0, 1, 0, 8, 0, 0, 31 ]
[ -6, -1, 0, -2, -1, 1, 1, 0, 8 ]
[ -1, 5, 0, 0, -1, 17, 0, 0, 31 ]
[ -1, 5, 0, 0, -2, 3, 0, -1, 17 ]
[ 0, 1, -17, -1, 5, 0, 0, 0, 31 ]
[ 0, 2, -3, -1, 5, 0, 0, -1, 17 ]
[ -2, -1, 1, -1, -1, 9, 0, 0, 31 ]
[ -2, -1, 1, 0, -2, 3, -1, -1, 9 ]
[ -1, -1, 9, 0, -1, 17, 0, 0, 31 ]
[ -1, -1, 9, 0, -2, 3, 0, -1, 17 ]
[ 31, 0, 0, 2, 1, 0, 4, 0, 1 ]
[ 1, 16, 0, 0, 31, 0, 0, -2, 1 ]
[ 2, 1, 0, 1, 16, 0, 0, -2, 1 ]
[ 1, 0, 8, 2, 1, 0, 0, 0, 31 ]
[ 4, 0, 1, 2, 1, 0, 1, 0, 8 ]
[ -1, -16, 0, 0, -1, 16, 0, 0, 31 ]
[ -1, -16, 0, 0, -2, 1, 0, -1, 16 ]
[ 0, -1, 16, 1, 16, 0, 0, 0, 31 ]
[ 0, -2, 1, 1, 16, 0, 0, -1, 16 ]
[ -2, -1, 0, 1, 0, 8, 0, 0, 31 ]
[ -2, -1, 0, 0, -2, 1, 1, 0, 8 ]
[ -1, 0, -8, 0, -1, 16, 0, 0, 31 ]
[ -1, 0, -8, 0, -2, 1, 0, -1, 16 ]
[ 31, 0, 0, -2, 1, 0, 4, 0, 1 ]
[ 1, -16, 0, 0, 31, 0, 0, 2, 1 ]
[ 2, -1, 0, -1, 16, 0, 0, 2, 1 ]
[ 1, 0, 8, -2, 1, 0, 0, 0, 31 ]
[ 4, 0, 1, -2, 1, 0, 1, 0, 8 ]
[ 1, -16, 0, 0, 1, 16, 0, 0, 31 ]
[ 1, -16, 0, 0, 2, 1, 0, 1, 16 ]
[ 0, 1, 16, -1, 16, 0, 0, 0, 31 ]
[ 0, 2, 1, -1, 16, 0, 0, 1, 16 ]
[ 2, -1, 0, -1, 1, 8, 0, 0, 31 ]
[ 2, -1, 0, 0, 2, 1, -1, 1, 8 ]
[ 1, -1, -8, 0, 1, 16, 0, 0, 31 ]
[ 1, -1, -8, 0, 2, 1, 0, 1, 16 ]
[ 31, 0, 0, -6, 1, 0, 4, 0, 1 ]
[ 1, 5, 0, 0, 31, 0, 0, 11, 1 ]
[ 6, -1, 0, 1, 5, 0, -2, 1, 1 ]
[ 1, 0, 8, -6, 1, 0, 0, 0, 31 ]
[ 4, 0, 1, -6, 1, 0, 1, 0, 8 ]
[ 1, 5, 0, 0, 11, 1, 0, 2, 3 ]
[ 2, -1, -1, 1, 5, 0, 0, 2, 3 ]
[ 1, 0, 8, -2, 1, 1, 0, 0, 31 ]
[ 6, -1, 0, 1, 0, 8, 0, 0, 31 ]
[ 6, -1, 0, -2, 1, 1, 1, 0, 8 ]
[ 1, 5, 0, 0, 1, 17, 0, 0, 31 ]
[ 1, 5, 0, 0, 2, 3, 0, 1, 17 ]
[ 0, -1, -17, 1, 5, 0, 0, 0, 31 ]
[ 0, -2, -3, 1, 5, 0, 0, 1, 17 ]
[ 2, -1, -1, -1, 1, 9, 0, 0, 31 ]
[ 2, -1, -1, 0, 2, 3, -1, 1, 9 ]
[ 1, -1, -9, 0, 1, 17, 0, 0, 31 ]
[ 1, -1, -9, 0, 2, 3, 0, 1, 17 ]
[ 31, 0, 0, -10, 1, 0, 4, 0, 1 ]
[ 1, 3, 0, 0, 31, 0, 0, -12, 1 ]
[ 10, -1, 0, 1, 3, 0, 4, 0, 1 ]
[ 1, 0, 8, -10, 1, 0, 0, 0, 31 ]
[ 4, 0, 1, -10, 1, 0, 1, 0, 8 ]
[ -1, -3, 0, 0, -12, 1, 0, -5, 3 ]
[ 4, 0, 1, 1, 3, 0, 2, 1, 3 ]
[ 10, -1, 0, 1, 0, 8, 0, 0, 31 ]
[ 10, -1, 0, 4, 0, 1, 1, 0, 8 ]
[ -1, -3, 0, 0, -5, 3, 0, 2, 5 ]
[ -2, -1, -3, -1, -1, 5, 0, 0, 31 ]
[ 2, 1, 3, 1, 3, 0, -1, -1, 5 ]
[ 1, 0, 8, 2, 1, 3, 0, 0, 31 ]
[ 4, 0, 1, 2, 1, 3, 1, 0, 8 ]
[ 1, 3, 0, 0, 1, 18, 0, 0, 31 ]
[ 1, 3, 0, 0, 2, 5, 0, 1, 18 ]
[ 0, -1, -18, 1, 3, 0, 0, 0, 31 ]
[ 1, 1, -5, 0, 1, 18, 0, 0, 31 ]
[ 1, 1, -5, 1, 3, 0, 0, 1, 18 ]
[ 31, 0, 0, -14, 1, 0, 4, 0, 1 ]
[ 14, -1, 0, 3, 2, 0, 4, 0, 1 ]
[ 1, 0, 8, -14, 1, 0, 0, 0, 31 ]
[ 4, 0, 1, -14, 1, 0, 1, 0, 8 ]
[ 1, 11, 0, 0, 31, 0, 0, -13, 1 ]
[ 3, 2, 0, 1, 11, 0, 1, -2, 1 ]
[ 2, 1, 4, 3, 2, 0, 0, 0, 31 ]
[ 4, 0, 1, 3, 2, 0, 2, 1, 4 ]
[ 14, -1, 0, 1, 0, 8, 0, 0, 31 ]
[ 14, -1, 0, 4, 0, 1, 1, 0, 8 ]
[ -1, -11, 0, 0, -13, 1, 0, 5, 2 ]
[ 1, -2, 1, 1, 11, 0, 0, 5, 2 ]
[ -3, -2, 0, -1, -1, 4, 0, 0, 31 ]
[ -3, -2, 0, 1, -2, 1, -1, -1, 4 ]
[ 1, 0, 8, 2, 1, 4, 0, 0, 31 ]
[ 4, 0, 1, 2, 1, 4, 1, 0, 8 ]
[ 1, 11, 0, 0, 5, 2, 0, 2, 7 ]
[ 0, -5, -2, 1, 11, 0, 0, 2, 7 ]
[ 1, -2, 1, 0, 5, 2, 0, 2, 7 ]
[ 0, -1, 12, 1, -2, 1, 0, 0, 31 ]
[ -1, -1, 4, 0, -1, 12, 0, 0, 31 ]
[ -1, -1, 4, 1, -2, 1, 0, -1, 12 ]
[ 1, 11, 0, 0, 1, 19, 0, 0, 31 ]
[ 1, 11, 0, 0, 2, 7, 0, 1, 19 ]
[ 0, -1, -19, 1, 11, 0, 0, 0, 31 ]
[ 0, -2, -7, 1, 11, 0, 0, 1, 19 ]
[ 1, -2, 1, 0, 1, 19, 0, 0, 31 ]
[ 1, -2, 1, 0, 2, 7, 0, 1, 19 ]
[ 31, 0, 0, 13, 1, 0, 4, 0, 1 ]
[ 13, 1, 0, -5, 2, 0, 4, 0, 1 ]
[ 1, 0, 8, 13, 1, 0, 0, 0, 31 ]
[ 4, 0, 1, 13, 1, 0, 1, 0, 8 ]
[ 5, -2, 0, -2, 7, 0, -1, 2, 1 ]
[ -2, 1, 4, -5, 2, 0, 0, 0, 31 ]
[ 4, 0, 1, -5, 2, 0, -2, 1, 4 ]
[ -13, -1, 0, 1, 0, 8, 0, 0, 31 ]
[ -13, -1, 0, 4, 0, 1, 1, 0, 8 ]
[ 1, -19, 0, 0, 31, 0, 0, 14, 1 ]
[ 2, -7, 0, -1, 19, 0, 1, -5, 1 ]
[ 1, -3, 10, -2, 7, 0, 0, 0, 31 ]
[ -1, 2, 1, 1, -3, 10, 0, 0, 31 ]
[ 1, -2, -1, -2, 7, 0, 1, -3, 10 ]
[ 5, -2, 0, -2, 1, 4, 0, 0, 31 ]
[ 5, -2, 0, -1, 2, 1, -2, 1, 4 ]
[ 1, 0, 8, -2, 1, 4, 0, 0, 31 ]
[ 4, 0, 1, -2, 1, 4, 1, 0, 8 ]
[ 1, -19, 0, 0, 14, 1, 0, -3, 2 ]
[ 1, -5, 1, -1, 19, 0, 0, -3, 2 ]
[ -1, 4, 10, 1, -5, 1, 0, 0, 31 ]
[ 2, -7, 0, -1, 4, 10, 0, 0, 31 ]
[ -2, 7, 0, 1, -5, 1, -1, 4, 10 ]
[ 1, -1, -12, -1, 2, 1, 0, 0, 31 ]
[ 2, -1, -4, -1, 1, 12, 0, 0, 31 ]
[ 2, -1, -4, -1, 2, 1, -1, 1, 12 ]
[ -1, 19, 0, 0, -1, 11, 0, 0, 31 ]
[ -1, 19, 0, 0, -3, 2, 0, -1, 11 ]
[ 0, 1, -11, -1, 19, 0, 0, 0, 31 ]
[ 0, 3, -2, -1, 19, 0, 0, -1, 11 ]
[ -1, 5, -1, 0, -1, 11, 0, 0, 31 ]
[ -1, 5, -1, 0, -3, 2, 0, -1, 11 ]
[ 31, 0, 0, 9, 1, 0, 4, 0, 1 ]
[ 9, 1, 0, -4, 3, 0, 4, 0, 1 ]
[ 1, 0, 8, 9, 1, 0, 0, 0, 31 ]
[ 4, 0, 1, 9, 1, 0, 1, 0, 8 ]
[ 1, 7, 0, 0, 31, 0, 0, 3, 1 ]
[ 4, -3, 0, 1, 7, 0, 0, 3, 1 ]
[ 4, 0, 1, -4, 3, 0, 3, -1, 3 ]
[ -9, -1, 0, 1, 0, 8, 0, 0, 31 ]
[ -9, -1, 0, 4, 0, 1, 1, 0, 8 ]
[ -1, -7, 0, 0, -1, 10, 0, 0, 31 ]
[ 1, 7, 0, 0, 3, 1, 0, -1, 10 ]
[ 0, -1, 10, 1, 7, 0, 0, 0, 31 ]
[ 0, -3, -1, 1, 7, 0, 0, -1, 10 ]
[ 4, -3, 0, 0, 3, 1, -1, 2, 3 ]
[ 3, -1, 3, -2, 1, 5, 0, 0, 31 ]
[ 3, -1, 3, -4, 3, 0, -2, 1, 5 ]
[ -1, 0, -8, 3, -1, 3, 0, 0, 31 ]
[ -4, 0, -1, 3, -1, 3, 1, 0, 8 ]
[ -1, 2, 3, 0, -1, 10, 0, 0, 31 ]
[ 1, -2, -3, 0, 3, 1, 0, -1, 10 ]
[ 4, -3, 0, -1, 2, 3, 2, -2, 5 ]
[ 3, -2, -18, -4, 3, 0, 0, 0, 31 ]
[ 2, -1, -5, -3, 2, 18, 0, 0, 31 ]
[ 2, -1, -5, -4, 3, 0, -3, 2, 18 ]
[ 1, -1, 18, -1, 2, 3, 0, 0, 31 ]
[ 2, -2, 5, -1, 2, 3, 1, -1, 18 ]
[ -4, 3, 0, 1, -1, 18, 0, 0, 31 ]
[ -4, 3, 0, 2, -2, 5, 1, -1, 18 ]
[ 31, 0, 0, 5, 1, 0, 4, 0, 1 ]
[ 1, -6, 0, 0, 31, 0, 0, -7, 1 ]
[ 5, 1, 0, -1, 6, 0, -1, -1, 1 ]
[ 1, 0, 8, 5, 1, 0, 0, 0, 31 ]
[ 4, 0, 1, 5, 1, 0, 1, 0, 8 ]
[ -1, 6, 0, 0, -7, 1, 0, 3, 4 ]
[ 1, 1, -1, -1, 6, 0, 0, 3, 4 ]
[ -1, 0, -8, -1, -1, 1, 0, 0, 31 ]
[ -5, -1, 0, 1, 0, 8, 0, 0, 31 ]
[ -5, -1, 0, -1, -1, 1, 1, 0, 8 ]
[ -1, 6, 0, 0, -1, 9, 0, 0, 31 ]
[ 1, -6, 0, 0, 3, 4, 0, -1, 9 ]
[ 0, 1, -9, -1, 6, 0, 0, 0, 31 ]
[ 0, 3, 4, -1, 6, 0, 0, -1, 9 ]
[ -1, -1, 1, 0, -1, 9, 0, 0, 31 ]
[ 1, 1, -1, 0, 3, 4, 0, -1, 9 ]
[ 1, 1, 0, 0, 31, 0, 0, -4, 1 ]
[ 31, 0, 0, 1, 1, 0, 4, 0, 1 ]
[ -1, -1, 0, 0, -1, 8, 0, 0, 31 ]
[ -1, -1, 0, 0, -4, 1, 0, -1, 8 ]
[ 1, 0, 8, 1, 1, 0, 0, 0, 31 ]
[ 4, 0, 1, 1, 1, 0, 1, 0, 8 ]
[ 31, 0, 0, -3, 1, 0, 4, 0, 1 ]
[ 1, 10, 0, 0, 31, 0, 0, -9, 1 ]
[ 3, -1, 0, 1, 10, 0, 1, 1, 1 ]
[ 1, 0, 8, -3, 1, 0, 0, 0, 31 ]
[ 4, 0, 1, -3, 1, 0, 1, 0, 8 ]
[ -1, -10, 0, 0, -9, 1, 0, 4, 3 ]
[ 1, 1, 1, 1, 10, 0, 0, 4, 3 ]
[ 1, 0, 8, 1, 1, 1, 0, 0, 31 ]
[ 3, -1, 0, 1, 0, 8, 0, 0, 31 ]
[ 3, -1, 0, 1, 1, 1, 1, 0, 8 ]
[ -1, -10, 0, 0, -1, 7, 0, 0, 31 ]
[ 1, 10, 0, 0, 4, 3, 0, -1, 7 ]
[ 0, -1, 7, 1, 10, 0, 0, 0, 31 ]
[ 0, -4, -3, 1, 10, 0, 0, -1, 7 ]
[ -1, -1, -1, 0, -1, 7, 0, 0, 31 ]
[ 1, 1, 1, 0, 4, 3, 0, -1, 7 ]
[ 31, 0, 0, -7, 1, 0, 4, 0, 1 ]
[ 7, -1, 0, 3, 4, 0, -3, 1, 1 ]
[ 1, 0, 8, -7, 1, 0, 0, 0, 31 ]
[ 4, 0, 1, -7, 1, 0, 1, 0, 8 ]
[ 1, -9, 0, 0, 31, 0, 0, 5, 1 ]
[ 3, 4, 0, -1, 9, 0, 0, 5, 1 ]
[ 1, 1, 2, 3, 4, 0, 0, 0, 31 ]
[ 3, -1, -1, 3, 4, 0, 1, 1, 2 ]
[ 1, 0, 8, -3, 1, 1, 0, 0, 31 ]
[ 7, -1, 0, 1, 0, 8, 0, 0, 31 ]
[ 7, -1, 0, -3, 1, 1, 1, 0, 8 ]
[ -1, 9, 0, 0, -1, 6, 0, 0, 31 ]
[ 1, -9, 0, 0, 5, 1, 0, -1, 6 ]
[ 0, 1, -6, -1, 9, 0, 0, 0, 31 ]
[ 0, 5, 1, -1, 9, 0, 0, -1, 6 ]
[ -3, -4, 0, 1, 1, 2, 0, 0, 31 ]
[ 3, 4, 0, 0, 5, 1, 1, 1, 2 ]
[ 1, 0, 8, 1, 1, 2, 0, 0, 31 ]
[ 3, -1, -1, 1, 0, 8, 0, 0, 31 ]
[ 3, -1, -1, 1, 1, 2, 1, 0, 8 ]
[ -1, -1, -2, 0, -1, 6, 0, 0, 31 ]
[ 1, 1, 2, 0, 5, 1, 0, -1, 6 ]
[ 31, 0, 0, -11, 1, 0, 4, 0, 1 ]
[ 11, -1, 0, -2, 3, 0, 4, 0, 1 ]
[ 1, 0, 8, -11, 1, 0, 0, 0, 31 ]
[ 4, 0, 1, -11, 1, 0, 1, 0, 8 ]
[ 1, -17, 0, 0, 31, 0, 0, 6, 1 ]
[ 2, -3, 0, -1, 17, 0, 0, 6, 1 ]
[ 4, 0, 1, -2, 3, 0, 1, 1, 3 ]
[ 11, -1, 0, 1, 0, 8, 0, 0, 31 ]
[ 11, -1, 0, 4, 0, 1, 1, 0, 8 ]
[ -1, 17, 0, 0, -1, 5, 0, 0, 31 ]
[ 1, -17, 0, 0, 6, 1, 0, -1, 5 ]
[ 0, 1, -5, -1, 17, 0, 0, 0, 31 ]
[ 0, 6, 1, -1, 17, 0, 0, -1, 5 ]
[ 2, -3, 0, 0, 6, 1, -1, 4, 3 ]
[ -1, -1, -3, 0, -1, 5, 0, 0, 31 ]
[ 1, 1, 3, -2, 3, 0, 0, -1, 5 ]
[ 1, 0, 8, 1, 1, 3, 0, 0, 31 ]
[ 4, 0, 1, 1, 1, 3, 1, 0, 8 ]
[ -1, 4, 3, 0, -1, 5, 0, 0, 31 ]
[ 1, -4, -3, 0, 6, 1, 0, -1, 5 ]
[ 0, 1, -5, -1, 4, 3, 0, 0, 31 ]
[ 2, -3, 0, -1, 4, 3, 0, -1, 5 ]
[ 1, -1, -18, -2, 3, 0, 0, 0, 31 ]
[ 0, 1, -5, -1, 1, 18, 0, 0, 31 ]
[ 0, 1, -5, -2, 3, 0, -1, 1, 18 ]
[ -1, 1, 18, 0, -1, 5, 0, 0, 31 ]
[ -2, 3, 0, -1, 1, 18, 0, 0, 31 ]
[ -2, 3, 0, 0, -1, 5, -1, 1, 18 ]
[ 31, 0, 0, -15, 1, 0, 4, 0, 1 ]
[ 1, 2, 0, 0, 31, 0, 0, -8, 1 ]
[ 15, -1, 0, 1, 2, 0, 4, 0, 1 ]
[ 1, 0, 8, -15, 1, 0, 0, 0, 31 ]
[ 4, 0, 1, -15, 1, 0, 1, 0, 8 ]
[ -1, -2, 0, 0, -1, 4, 0, 0, 31 ]
[ -1, -2, 0, 0, -8, 1, 0, -1, 4 ]
[ 1, 1, 4, 1, 2, 0, 0, 0, 31 ]
[ 4, 0, 1, 1, 2, 0, 1, 1, 4 ]
[ 15, -1, 0, 1, 0, 8, 0, 0, 31 ]
[ 15, -1, 0, 4, 0, 1, 1, 0, 8 ]
[ 1, 0, 8, 1, 1, 4, 0, 0, 31 ]
[ 4, 0, 1, 1, 1, 4, 1, 0, 8 ]
[ 31, 0, 0, 12, 1, 0, 4, 0, 1 ]
[ 12, 1, 0, 5, 3, 0, 4, 0, 1 ]
[ 1, 0, 8, 12, 1, 0, 0, 0, 31 ]
[ 4, 0, 1, 12, 1, 0, 1, 0, 8 ]
[ 5, 3, 0, -2, 5, 0, -1, -3, 1 ]
[ 4, 0, 1, 5, 3, 0, 0, -1, 3 ]
[ -12, -1, 0, 1, 0, 8, 0, 0, 31 ]
[ -12, -1, 0, 4, 0, 1, 1, 0, 8 ]
[ 1, -18, 0, 0, 31, 0, 0, 10, 1 ]
[ 2, -5, 0, -1, 18, 0, 1, -8, 1 ]
[ -1, -3, 1, 0, -1, 3, 0, 0, 31 ]
[ 1, 3, -1, -2, 5, 0, 0, -1, 3 ]
[ 0, 1, -3, -1, -3, 1, 0, 0, 31 ]
[ -5, -3, 0, -1, -3, 1, 0, -1, 3 ]
[ 0, -1, 3, 1, 1, 5, 0, 0, 31 ]
[ 0, -1, 3, 5, 3, 0, 1, 1, 5 ]
[ -1, 0, -8, 0, -1, 3, 0, 0, 31 ]
[ -4, 0, -1, 0, -1, 3, 1, 0, 8 ]
[ -1, 18, 0, 0, -1, 3, 0, 0, 31 ]
[ 1, -18, 0, 0, 10, 1, 0, -1, 3 ]
[ 0, 1, -3, -1, 18, 0, 0, 0, 31 ]
[ -1, 8, -1, 0, -1, 3, 0, 0, 31 ]
[ 1, -8, 1, -1, 18, 0, 0, -1, 3 ]
[ 0, -1, 3, 1, -8, 1, 0, 0, 31 ]
[ -2, 5, 0, 1, -8, 1, 0, -1, 3 ]
[ 1, -2, -17, -2, 5, 0, 0, 0, 31 ]
[ 0, 1, -3, -1, 2, 17, 0, 0, 31 ]
[ 0, 1, -3, -2, 5, 0, -1, 2, 17 ]
[ -1, -1, -5, 0, -1, 3, 0, 0, 31 ]
[ -5, -3, 0, 0, -1, 3, 1, 1, 5 ]
[ -3, -2, -18, 5, 3, 0, 0, 0, 31 ]
[ -1, -1, -5, 3, 2, 18, 0, 0, 31 ]
[ -1, -1, -5, 5, 3, 0, 3, 2, 18 ]
[ -1, 2, 17, 0, -1, 3, 0, 0, 31 ]
[ -2, 5, 0, -1, 2, 17, 0, 0, 31 ]
[ -2, 5, 0, 0, -1, 3, -1, 2, 17 ]
[ 3, 2, 18, 1, 1, 5, 0, 0, 31 ]
[ 5, 3, 0, 3, 2, 18, 0, 0, 31 ]
[ 5, 3, 0, 1, 1, 5, 3, 2, 18 ]
[ 31, 0, 0, 8, 1, 0, 4, 0, 1 ]
[ 1, 4, 0, 0, 31, 0, 0, 15, 1 ]
[ 8, 1, 0, 1, 4, 0, -4, -1, 1 ]
[ 1, 0, 8, 8, 1, 0, 0, 0, 31 ]
[ 4, 0, 1, 8, 1, 0, 1, 0, 8 ]
[ -1, -4, 0, 0, -1, 2, 0, 0, 31 ]
[ 1, 4, 0, 0, 15, 1, 0, -1, 2 ]
[ 0, -1, 2, 1, 4, 0, 0, 0, 31 ]
[ 4, 1, -1, 1, 4, 0, 0, -1, 2 ]
[ -1, 0, -8, -4, -1, 1, 0, 0, 31 ]
[ -8, -1, 0, 1, 0, 8, 0, 0, 31 ]
[ -8, -1, 0, -4, -1, 1, 1, 0, 8 ]
[ -1, 0, -8, 0, -1, 2, 0, 0, 31 ]
[ -4, -1, 1, 1, 0, 8, 0, 0, 31 ]
[ -4, -1, 1, 0, -1, 2, 1, 0, 8 ]
[ 31, 0, 0, 4, 1, 0, 4, 0, 1 ]
[ -1, -8, 0, 0, -1, 1, 0, 0, 31 ]
[ 1, 8, 0, 0, 31, 0, 0, -1, 1 ]
[ 0, -1, 1, 1, 8, 0, 0, 0, 31 ]
[ 4, 1, 0, 1, 8, 0, 0, -1, 1 ]
[ 1, 0, 8, 4, 1, 0, 0, 0, 31 ]
[ 4, 0, 1, 4, 1, 0, 1, 0, 8 ]
[ -1, 0, -8, 0, -1, 1, 0, 0, 31 ]
[ -4, -1, 0, 1, 0, 8, 0, 0, 31 ]
[ -4, -1, 0, 0, -1, 1, 1, 0, 8 ]
[ 31, 0, 0, 0, 1, 0, 7, 0, 1 ]
[ 7, 0, 1, 0, 1, 0, -3, 0, 4 ]
[ 1, 0, 9, 0, 1, 0, 0, 0, 31 ]
[ 3, 0, -4, 0, 1, 0, 1, 0, 9 ]
[ 31, 0, 0, -7, 1, 0, 7, 0, 1 ]
[ 7, -1, 0, 3, 4, 0, 0, 1, 1 ]
[ 7, 0, 1, -7, 1, 0, -3, 0, 4 ]
[ 1, -9, 0, 0, 1, 1, 0, 0, 31 ]
[ 1, -9, 0, 0, 31, 0, 0, 1, 1 ]
[ 0, 1, 1, -1, 9, 0, 0, 0, 31 ]
[ 3, 4, 0, -1, 9, 0, 0, 1, 1 ]
[ 1, 1, 10, 3, 4, 0, 0, 0, 31 ]
[ 0, -1, -1, 1, 1, 10, 0, 0, 31 ]
[ 0, -1, -1, 3, 4, 0, 1, 1, 10 ]
[ 7, -1, 0, 0, 1, 1, -3, 0, 4 ]
[ 1, 0, 9, -7, 1, 0, 0, 0, 31 ]
[ 3, 0, -4, -7, 1, 0, 1, 0, 9 ]
[ 1, 1, 10, 0, 1, 1, 0, 0, 31 ]
[ -3, -4, 0, 1, 1, 10, 0, 0, 31 ]
[ 3, 4, 0, 0, 1, 1, 1, 1, 10 ]
[ 1, 0, 9, 0, 1, 1, 0, 0, 31 ]
[ 3, 0, -4, 0, 1, 1, 1, 0, 9 ]
[ 7, -1, 0, 1, 0, 9, 0, 0, 31 ]
[ -7, 1, 0, -3, 0, 4, 1, 0, 9 ]
[ 31, 0, 0, -14, 1, 0, 7, 0, 1 ]
[ 14, -1, 0, 3, 2, 0, 7, 0, 1 ]
[ 7, 0, 1, -14, 1, 0, -3, 0, 4 ]
[ 1, 11, 0, 0, 31, 0, 0, -15, 1 ]
[ 3, 2, 0, 1, 11, 0, 1, -4, 1 ]
[ 7, 0, 1, 3, 2, 0, 0, 1, 2 ]
[ 14, -1, 0, 7, 0, 1, -3, 0, 4 ]
[ 1, 0, 9, -14, 1, 0, 0, 0, 31 ]
[ 3, 0, -4, -14, 1, 0, 1, 0, 9 ]
[ 1, 11, 0, 0, 1, 2, 0, 0, 31 ]
[ -1, -11, 0, 0, -15, 1, 0, 1, 2 ]
[ 0, -1, -2, 1, 11, 0, 0, 0, 31 ]
[ 1, -4, 1, 0, 1, 2, 0, 0, 31 ]
[ 1, -4, 1, 1, 11, 0, 0, 1, 2 ]
[ 0, -1, -2, 1, -4, 1, 0, 0, 31 ]
[ -3, -2, 0, 1, -4, 1, 0, 1, 2 ]
[ -1, -1, -11, 3, 2, 0, 0, 0, 31 ]
[ 0, -1, -2, 1, 1, 11, 0, 0, 31 ]
[ 0, -1, -2, 3, 2, 0, 1, 1, 11 ]
[ 7, 0, 1, 0, 1, 2, -3, 0, 4 ]
[ 14, -1, 0, 1, 0, 9, 0, 0, 31 ]
[ -14, 1, 0, -3, 0, 4, 1, 0, 9 ]
[ 1, 1, 11, 0, 1, 2, 0, 0, 31 ]
[ 3, 2, 0, 1, 1, 11, 0, 0, 31 ]
[ 3, 2, 0, 0, 1, 2, 1, 1, 11 ]
[ 1, 0, 9, 0, 1, 2, 0, 0, 31 ]
[ 3, 0, -4, 0, 1, 2, 1, 0, 9 ]
[ 31, 0, 0, 10, 1, 0, 7, 0, 1 ]
[ 1, -3, 0, 0, 31, 0, 0, -10, 1 ]
[ 10, 1, 0, -1, 3, 0, -3, -1, 1 ]
[ 7, 0, 1, 10, 1, 0, -3, 0, 4 ]
[ 1, -3, 0, 0, 1, 3, 0, 0, 31 ]
[ -1, 3, 0, 0, -10, 1, 0, 1, 3 ]
[ 0, 1, 3, -1, 3, 0, 0, 0, 31 ]
[ 3, 1, -1, -1, 3, 0, 0, 1, 3 ]
[ -10, -1, 0, -3, -1, 1, -3, 0, 4 ]
[ 1, 0, 9, 10, 1, 0, 0, 0, 31 ]
[ 3, 0, -4, 10, 1, 0, 1, 0, 9 ]
[ 1, 0, 9, 0, 1, 3, 0, 0, 31 ]
[ -3, -1, 1, 1, 0, 9, 0, 0, 31 ]
[ 3, 1, -1, 0, 1, 3, 1, 0, 9 ]
[ -1, 0, -9, -3, -1, 1, 0, 0, 31 ]
[ -3, 0, 4, -3, -1, 1, 1, 0, 9 ]
[ -10, -1, 0, 1, 0, 9, 0, 0, 31 ]
[ 10, 1, 0, -3, 0, 4, 1, 0, 9 ]
[ 31, 0, 0, 3, 1, 0, 7, 0, 1 ]
[ 1, -10, 0, 0, 31, 0, 0, 8, 1 ]
[ 3, 1, 0, -1, 10, 0, 1, -2, 1 ]
[ 7, 0, 1, 3, 1, 0, -3, 0, 4 ]
[ 1, -10, 0, 0, 1, 4, 0, 0, 31 ]
[ 1, -10, 0, 0, 8, 1, 0, 1, 4 ]
[ 0, 1, 4, -1, 10, 0, 0, 0, 31 ]
[ 1, -2, 1, 0, 1, 4, 0, 0, 31 ]
[ 1, -2, 1, -1, 10, 0, 0, 1, 4 ]
[ 0, -1, -4, 1, -2, 1, 0, 0, 31 ]
[ -3, -1, 0, 1, -2, 1, 0, 1, 4 ]
[ 1, 0, 9, 3, 1, 0, 0, 0, 31 ]
[ 3, 0, -4, 3, 1, 0, 1, 0, 9 ]
[ 1, 0, 9, 0, 1, 4, 0, 0, 31 ]
[ -3, -1, 0, 1, 0, 9, 0, 0, 31 ]
[ 3, 1, 0, 0, 1, 4, 1, 0, 9 ]
[ 31, 0, 0, -4, 1, 0, 7, 0, 1 ]
[ 1, -8, 0, 0, 31, 0, 0, -6, 1 ]
[ 4, -1, 0, -1, 8, 0, -1, 2, 1 ]
[ 7, 0, 1, -4, 1, 0, -3, 0, 4 ]
[ 1, -8, 0, 0, 1, 5, 0, 0, 31 ]
[ -1, 8, 0, 0, -6, 1, 0, 1, 5 ]
[ 0, 1, 5, -1, 8, 0, 0, 0, 31 ]
[ 1, -2, -1, 0, 1, 5, 0, 0, 31 ]
[ 1, -2, -1, -1, 8, 0, 0, 1, 5 ]
[ 1, -1, 4, -1, 2, 1, 0, 0, 31 ]
[ 4, -1, 0, -1, 2, 1, 1, -1, 4 ]
[ 1, 0, 9, -4, 1, 0, 0, 0, 31 ]
[ 3, 0, -4, -4, 1, 0, 1, 0, 9 ]
[ -1, 0, -9, 1, -1, 4, 0, 0, 31 ]
[ 4, -1, 0, 1, 0, 9, 0, 0, 31 ]
[ -4, 1, 0, 1, -1, 4, 1, 0, 9 ]
[ 31, 0, 0, -11, 1, 0, 7, 0, 1 ]
[ 11, -1, 0, -2, 3, 0, -4, 1, 1 ]
[ 7, 0, 1, -11, 1, 0, -3, 0, 4 ]
[ 1, -17, 0, 0, 31, 0, 0, -5, 1 ]
[ 2, -3, 0, -1, 17, 0, 0, -5, 1 ]
[ 1, -1, 3, -2, 3, 0, 0, 0, 31 ]
[ 4, -1, -1, -2, 3, 0, 1, -1, 3 ]
[ 11, -1, 0, -4, 1, 1, -3, 0, 4 ]
[ 1, 0, 9, -11, 1, 0, 0, 0, 31 ]
[ 3, 0, -4, -11, 1, 0, 1, 0, 9 ]
[ 1, -17, 0, 0, 1, 6, 0, 0, 31 ]
[ -1, 17, 0, 0, -5, 1, 0, 1, 6 ]
[ 0, 1, 6, -1, 17, 0, 0, 0, 31 ]
[ 0, 5, -1, -1, 17, 0, 0, 1, 6 ]
[ 2, -3, 0, -1, 2, 3, 0, 0, 31 ]
[ -2, 3, 0, 0, -5, 1, -1, 2, 3 ]
[ -1, 0, -9, 1, -1, 3, 0, 0, 31 ]
[ 4, -1, -1, 1, 0, 9, 0, 0, 31 ]
[ -4, 1, 1, 1, -1, 3, 1, 0, 9 ]
[ 1, 0, 9, -4, 1, 1, 0, 0, 31 ]
[ 3, 0, -4, -4, 1, 1, 1, 0, 9 ]
[ 11, -1, 0, 1, 0, 9, 0, 0, 31 ]
[ -11, 1, 0, -3, 0, 4, 1, 0, 9 ]
[ 1, -2, -3, 0, 1, 6, 0, 0, 31 ]
[ -1, 2, 3, 0, -5, 1, 0, 1, 6 ]
[ 31, 0, 0, 13, 1, 0, 7, 0, 1 ]
[ 13, 1, 0, -5, 2, 0, 7, 0, 1 ]
[ 7, 0, 1, 13, 1, 0, -3, 0, 4 ]
[ 5, -2, 0, -2, 7, 0, -3, 4, 1 ]
[ 7, 0, 1, -5, 2, 0, -4, 1, 2 ]
[ -13, -1, 0, 7, 0, 1, -3, 0, 4 ]
[ 1, 0, 9, 13, 1, 0, 0, 0, 31 ]
[ 3, 0, -4, 13, 1, 0, 1, 0, 9 ]
[ 1, -19, 0, 0, 31, 0, 0, 9, 1 ]
[ 2, -7, 0, -1, 19, 0, 1, -10, 1 ]
[ 3, -4, -1, 1, -1, 2, 0, 0, 31 ]
[ 3, -4, -1, -2, 7, 0, 1, -1, 2 ]
[ 1, -1, 2, -3, 4, 1, 0, 0, 31 ]
[ 5, -2, 0, -3, 4, 1, 1, -1, 2 ]
[ 3, -1, -11, -5, 2, 0, 0, 0, 31 ]
[ 4, -1, -2, -3, 1, 11, 0, 0, 31 ]
[ 4, -1, -2, -5, 2, 0, -3, 1, 11 ]
[ 7, 0, 1, -4, 1, 2, -3, 0, 4 ]
[ -13, -1, 0, 1, 0, 9, 0, 0, 31 ]
[ 13, 1, 0, -3, 0, 4, 1, 0, 9 ]
[ 1, -19, 0, 0, 9, 1, 0, -4, 3 ]
[ 1, -10, 1, -1, 19, 0, 0, -4, 3 ]
[ -2, 7, 0, 1, -10, 1, -1, 6, 2 ]
[ 1, -1, 2, 0, 1, 7, 0, 0, 31 ]
[ 1, -1, 2, -2, 7, 0, 0, 1, 7 ]
[ -2, 1, -11, 1, -1, 2, 0, 0, 31 ]
[ -5, 2, 0, 2, -1, 11, 0, 0, 31 ]
[ -5, 2, 0, 1, -1, 2, 2, -1, 11 ]
[ 1, 0, 9, -4, 1, 2, 0, 0, 31 ]
[ 3, 0, -4, -4, 1, 2, 1, 0, 9 ]
[ 1, -19, 0, 0, 1, 7, 0, 0, 31 ]
[ -1, 19, 0, 0, -4, 3, 0, 1, 7 ]
[ 0, 1, 7, -1, 19, 0, 0, 0, 31 ]
[ 0, 4, -3, -1, 19, 0, 0, 1, 7 ]
[ 1, -10, 1, 0, 1, 7, 0, 0, 31 ]
[ -1, 10, -1, 0, -4, 3, 0, 1, 7 ]
[ 0, -1, -7, 1, -10, 1, 0, 0, 31 ]
[ 1, -6, -2, 0, 1, 7, 0, 0, 31 ]
[ -1, 6, 2, 1, -10, 1, 0, 1, 7 ]
[ 0, 1, 7, -1, 6, 2, 0, 0, 31 ]
[ 2, -7, 0, -1, 6, 2, 0, 1, 7 ]
[ -1, 4, 19, -2, 7, 0, 0, 0, 31 ]
[ 0, 1, 7, -1, 4, 19, 0, 0, 31 ]
[ 0, 1, 7, -2, 7, 0, -1, 4, 19 ]
[ 1, -4, -19, 0, 1, 7, 0, 0, 31 ]
[ 2, -7, 0, -1, 4, 19, 0, 0, 31 ]
[ 2, -7, 0, 0, 1, 7, -1, 4, 19 ]
[ 31, 0, 0, 6, 1, 0, 7, 0, 1 ]
[ 1, -5, 0, 0, 31, 0, 0, 4, 1 ]
[ 6, 1, 0, -1, 5, 0, 1, -1, 1 ]
[ 7, 0, 1, 6, 1, 0, -3, 0, 4 ]
[ 1, -5, 0, 0, 1, 8, 0, 0, 31 ]
[ 1, -5, 0, 0, 4, 1, 0, 1, 8 ]
[ 0, 1, 8, -1, 5, 0, 0, 0, 31 ]
[ 1, -1, 1, 0, 1, 8, 0, 0, 31 ]
[ 1, -1, 1, -1, 5, 0, 0, 1, 8 ]
[ -6, -1, 0, 1, -1, 1, -3, 0, 4 ]
[ 1, 0, 9, 6, 1, 0, 0, 0, 31 ]
[ 3, 0, -4, 6, 1, 0, 1, 0, 9 ]
[ -1, 0, -9, 1, -1, 1, 0, 0, 31 ]
[ -3, 0, 4, 1, -1, 1, 1, 0, 9 ]
[ -6, -1, 0, 1, 0, 9, 0, 0, 31 ]
[ 6, 1, 0, -3, 0, 4, 1, 0, 9 ]
[ 1, -1, 0, 0, 31, 0, 0, 7, 1 ]
[ 31, 0, 0, -1, 1, 0, 7, 0, 1 ]
[ 1, -1, 0, 0, 7, 1, 0, -3, 4 ]
[ 7, 0, 1, -1, 1, 0, -3, 0, 4 ]
[ 1, -1, 0, 0, 1, 9, 0, 0, 31 ]
[ -1, 1, 0, 0, -3, 4, 0, 1, 9 ]
[ 1, 0, 9, -1, 1, 0, 0, 0, 31 ]
[ 3, 0, -4, -1, 1, 0, 1, 0, 9 ]
[ 31, 0, 0, -8, 1, 0, 7, 0, 1 ]
[ 1, -4, 0, 0, 31, 0, 0, -3, 1 ]
[ 8, -1, 0, -1, 4, 0, -1, 1, 1 ]
[ 7, 0, 1, -8, 1, 0, -3, 0, 4 ]
[ 1, -4, 0, 0, 1, 10, 0, 0, 31 ]
[ -1, 4, 0, 0, -3, 1, 0, 1, 10 ]
[ 0, 1, 10, -1, 4, 0, 0, 0, 31 ]
[ 1, -1, -1, 0, 1, 10, 0, 0, 31 ]
[ 1, -1, -1, -1, 4, 0, 0, 1, 10 ]
[ 8, -1, 0, -1, 1, 1, -3, 0, 4 ]
[ 1, 0, 9, -8, 1, 0, 0, 0, 31 ]
[ 3, 0, -4, -8, 1, 0, 1, 0, 9 ]
[ 1, 0, 9, -1, 1, 1, 0, 0, 31 ]
[ 3, 0, -4, -1, 1, 1, 1, 0, 9 ]
[ 8, -1, 0, 1, 0, 9, 0, 0, 31 ]
[ -8, 1, 0, -3, 0, 4, 1, 0, 9 ]
[ 31, 0, 0, -15, 1, 0, 7, 0, 1 ]
[ 1, 2, 0, 0, 31, 0, 0, -14, 1 ]
[ 15, -1, 0, 1, 2, 0, 7, 0, 1 ]
[ 7, 0, 1, -15, 1, 0, -3, 0, 4 ]
[ -1, -2, 0, 0, -14, 1, 0, 3, 2 ]
[ 7, 0, 1, 1, 2, 0, -1, 1, 2 ]
[ 15, -1, 0, 7, 0, 1, -3, 0, 4 ]
[ 1, 0, 9, -15, 1, 0, 0, 0, 31 ]
[ 3, 0, -4, -15, 1, 0, 1, 0, 9 ]
[ 1, 2, 0, 0, 1, 11, 0, 0, 31 ]
[ 1, 2, 0, 0, 3, 2, 0, 1, 11 ]
[ 0, -1, -11, 1, 2, 0, 0, 0, 31 ]
[ 1, -1, -2, 0, 1, 11, 0, 0, 31 ]
[ 1, -1, -2, 1, 2, 0, 0, 1, 11 ]
[ 7, 0, 1, -1, 1, 2, -3, 0, 4 ]
[ 15, -1, 0, 1, 0, 9, 0, 0, 31 ]
[ -15, 1, 0, -3, 0, 4, 1, 0, 9 ]
[ 1, 0, 9, -1, 1, 2, 0, 0, 31 ]
[ 3, 0, -4, -1, 1, 2, 1, 0, 9 ]
[ 31, 0, 0, 9, 1, 0, 7, 0, 1 ]
[ 9, 1, 0, -4, 3, 0, -2, -1, 1 ]
[ 7, 0, 1, 9, 1, 0, -3, 0, 4 ]
[ 1, 7, 0, 0, 31, 0, 0, 13, 1 ]
[ 4, -3, 0, 1, 7, 0, -2, -1, 1 ]
[ -1, 1, 3, -4, 3, 0, 0, 0, 31 ]
[ 2, 1, -1, -4, 3, 0, -1, 1, 3 ]
[ -9, -1, 0, -2, -1, 1, -3, 0, 4 ]
[ 1, 0, 9, 9, 1, 0, 0, 0, 31 ]
[ 3, 0, -4, 9, 1, 0, 1, 0, 9 ]
[ 1, 7, 0, 0, 13, 1, 0, -5, 2 ]
[ 2, 1, -1, 1, 7, 0, 1, 2, 2 ]
[ 4, -3, 0, -1, 1, 3, 0, 0, 31 ]
[ -4, 3, 0, -2, -1, 1, -1, 1, 3 ]
[ 1, 0, 9, -1, 1, 3, 0, 0, 31 ]
[ -2, -1, 1, 1, 0, 9, 0, 0, 31 ]
[ 2, 1, -1, -1, 1, 3, 1, 0, 9 ]
[ -1, 0, -9, -2, -1, 1, 0, 0, 31 ]
[ -3, 0, 4, -2, -1, 1, 1, 0, 9 ]
[ -9, -1, 0, 1, 0, 9, 0, 0, 31 ]
[ 9, 1, 0, -3, 0, 4, 1, 0, 9 ]
[ -1, -7, 0, 0, -5, 2, 0, -2, 7 ]
[ 1, 2, 2, 1, 7, 0, 0, -2, 7 ]
[ 1, 1, -10, 1, 2, 2, 0, 0, 31 ]
[ -2, -1, 1, -1, -1, 10, 0, 0, 31 ]
[ 2, 1, -1, 1, 2, 2, -1, -1, 10 ]
[ 1, -1, -3, 1, 0, 9, 0, 0, 31 ]
[ -1, 1, 3, -2, -1, 1, 1, 0, 9 ]
[ -1, 0, -9, -2, -1, 1, 0, 0, 31 ]
[ -1, -7, 0, 0, -1, 19, 0, 0, 31 ]
[ -1, -7, 0, 0, -2, 7, 0, -1, 19 ]
[ 0, -1, 19, 1, 7, 0, 0, 0, 31 ]
[ 0, -2, 7, 1, 7, 0, 0, -1, 19 ]
[ -1, -2, -2, 0, -1, 19, 0, 0, 31 ]
[ -1, -2, -2, 0, -2, 7, 0, -1, 19 ]
[ 31, 0, 0, 2, 1, 0, 7, 0, 1 ]
[ 1, 16, 0, 0, 31, 0, 0, 12, 1 ]
[ 2, 1, 0, 1, 16, 0, -1, -4, 1 ]
[ 7, 0, 1, 2, 1, 0, -3, 0, 4 ]
[ 1, 16, 0, 0, 12, 1, 0, 5, 3 ]
[ 1, 4, -1, 1, 16, 0, 0, 5, 3 ]
[ -2, -1, 0, -1, -4, 1, 1, 2, 4 ]
[ 1, 0, 9, 2, 1, 0, 0, 0, 31 ]
[ 3, 0, -4, 2, 1, 0, 1, 0, 9 ]
[ 1, 16, 0, 0, 5, 3, 0, -2, 5 ]
[ 0, -5, -3, 1, 16, 0, 0, -2, 5 ]
[ 1, 4, -1, 0, 5, 3, 0, -2, 5 ]
[ 0, 1, -18, -1, -4, 1, 0, 0, 31 ]
[ -1, -2, -4, 0, -1, 18, 0, 0, 31 ]
[ -1, -2, -4, -1, -4, 1, 0, -1, 18 ]
[ 1, 1, -9, 1, 2, 4, 0, 0, 31 ]
[ -2, -1, 0, -1, -1, 9, 0, 0, 31 ]
[ 2, 1, 0, 1, 2, 4, -1, -1, 9 ]
[ -1, -16, 0, 0, -1, 18, 0, 0, 31 ]
[ -1, -16, 0, 0, -2, 5, 0, -1, 18 ]
[ 0, -1, 18, 1, 16, 0, 0, 0, 31 ]
[ 0, -2, 5, 1, 16, 0, 0, -1, 18 ]
[ -1, -4, 1, 0, -1, 18, 0, 0, 31 ]
[ -1, -4, 1, 0, -2, 5, 0, -1, 18 ]
[ 31, 0, 0, -5, 1, 0, 7, 0, 1 ]
[ 1, 6, 0, 0, 31, 0, 0, -11, 1 ]
[ 5, -1, 0, 1, 6, 0, 2, 1, 1 ]
[ 7, 0, 1, -5, 1, 0, -3, 0, 4 ]
[ -1, -6, 0, 0, -11, 1, 0, -2, 3 ]
[ 2, 1, 1, 1, 6, 0, 0, -2, 3 ]
[ 5, -1, 0, 2, 1, 1, -3, 0, 4 ]
[ 1, 0, 9, -5, 1, 0, 0, 0, 31 ]
[ 3, 0, -4, -5, 1, 0, 1, 0, 9 ]
[ -1, -6, 0, 0, -1, 17, 0, 0, 31 ]
[ -1, -6, 0, 0, -2, 3, 0, -1, 17 ]
[ 0, -1, 17, 1, 6, 0, 0, 0, 31 ]
[ 0, -2, 3, 1, 6, 0, 0, -1, 17 ]
[ -2, -1, -1, 1, 0, 9, 0, 0, 31 ]
[ -2, -1, -1, 0, -2, 3, 1, 0, 9 ]
[ 1, 0, 9, 2, 1, 1, 0, 0, 31 ]
[ 3, 0, -4, 2, 1, 1, 1, 0, 9 ]
[ 5, -1, 0, 1, 0, 9, 0, 0, 31 ]
[ -5, 1, 0, -3, 0, 4, 1, 0, 9 ]
[ -1, 0, -9, 0, -1, 17, 0, 0, 31 ]
[ -1, 0, -9, 0, -2, 3, 0, -1, 17 ]
[ 31, 0, 0, -12, 1, 0, 7, 0, 1 ]
[ 12, -1, 0, -5, 3, 0, -5, 1, 1 ]
[ 7, 0, 1, -12, 1, 0, -3, 0, 4 ]
[ 5, -3, 0, 2, 5, 0, 0, -2, 1 ]
[ 2, -1, 3, -5, 3, 0, 0, 0, 31 ]
[ 5, -1, -1, -5, 3, 0, 2, -1, 3 ]
[ 12, -1, 0, -5, 1, 1, -3, 0, 4 ]
[ 1, 0, 9, -12, 1, 0, 0, 0, 31 ]
[ 3, 0, -4, -12, 1, 0, 1, 0, 9 ]
[ 1, 18, 0, 0, 31, 0, 0, -2, 1 ]
[ 2, 5, 0, 1, 18, 0, 0, -2, 1 ]
[ 1, 2, 8, 2, 5, 0, 0, 0, 31 ]
[ 0, -2, 1, 2, 5, 0, 1, 2, 8 ]
[ 5, -3, 0, 2, -1, 3, 0, 0, 31 ]
[ -5, 3, 0, 0, -2, 1, 2, -1, 3 ]
[ -1, 0, -9, 2, -1, 3, 0, 0, 31 ]
[ 5, -1, -1, 1, 0, 9, 0, 0, 31 ]
[ -5, 1, 1, 2, -1, 3, 1, 0, 9 ]
[ 1, 0, 9, -5, 1, 1, 0, 0, 31 ]
[ 3, 0, -4, -5, 1, 1, 1, 0, 9 ]
[ 12, -1, 0, 1, 0, 9, 0, 0, 31 ]
[ -12, 1, 0, -3, 0, 4, 1, 0, 9 ]
[ -1, -18, 0, 0, -1, 16, 0, 0, 31 ]
[ -1, -18, 0, 0, -2, 1, 0, -1, 16 ]
[ 0, -1, 16, 1, 18, 0, 0, 0, 31 ]
[ 0, -2, 1, 1, 18, 0, 0, -1, 16 ]
[ -2, -5, 0, 1, 2, 8, 0, 0, 31 ]
[ -2, -5, 0, 0, -2, 1, 1, 2, 8 ]
[ 0, -1, 16, 1, 2, 8, 0, 0, 31 ]
[ 0, -2, 1, 1, 2, 8, 0, -1, 16 ]
[ 2, -1, 3, 1, 0, 9, 0, 0, 31 ]
[ -2, 1, -3, 0, -2, 1, 1, 0, 9 ]
[ -1, -2, -8, 0, -1, 16, 0, 0, 31 ]
[ -1, -2, -8, 0, -2, 1, 0, -1, 16 ]
[ -1, 0, -9, 0, -1, 16, 0, 0, 31 ]
[ -1, 0, -9, 0, -2, 1, 0, -1, 16 ]
[ 31, 0, 0, 12, 1, 0, 7, 0, 1 ]
[ 12, 1, 0, 5, 3, 0, -5, -1, 1 ]
[ 7, 0, 1, 12, 1, 0, -3, 0, 4 ]
[ 5, 3, 0, -2, 5, 0, 0, 2, 1 ]
[ 2, 1, 3, 5, 3, 0, 0, 0, 31 ]
[ 5, 1, -1, 5, 3, 0, 2, 1, 3 ]
[ -12, -1, 0, -5, -1, 1, -3, 0, 4 ]
[ 1, 0, 9, 12, 1, 0, 0, 0, 31 ]
[ 3, 0, -4, 12, 1, 0, 1, 0, 9 ]
[ 1, -18, 0, 0, 31, 0, 0, 2, 1 ]
[ 2, -5, 0, -1, 18, 0, 0, 2, 1 ]
[ -1, 3, 8, -2, 5, 0, 0, 0, 31 ]
[ 0, 2, 1, -2, 5, 0, -1, 3, 8 ]
[ -5, -3, 0, 2, 1, 3, 0, 0, 31 ]
[ 5, 3, 0, 0, 2, 1, 2, 1, 3 ]
[ 1, 0, 9, 2, 1, 3, 0, 0, 31 ]
[ -5, -1, 1, 1, 0, 9, 0, 0, 31 ]
[ 5, 1, -1, 2, 1, 3, 1, 0, 9 ]
[ -1, 0, -9, -5, -1, 1, 0, 0, 31 ]
[ -3, 0, 4, -5, -1, 1, 1, 0, 9 ]
[ -12, -1, 0, 1, 0, 9, 0, 0, 31 ]
[ 12, 1, 0, -3, 0, 4, 1, 0, 9 ]
[ 1, -18, 0, 0, 1, 16, 0, 0, 31 ]
[ 1, -18, 0, 0, 2, 1, 0, 1, 16 ]
[ 0, 1, 16, -1, 18, 0, 0, 0, 31 ]
[ 0, 2, 1, -1, 18, 0, 0, 1, 16 ]
[ 2, -5, 0, -1, 3, 8, 0, 0, 31 ]
[ 2, -5, 0, 0, 2, 1, -1, 3, 8 ]
[ 0, 1, 16, -1, 3, 8, 0, 0, 31 ]
[ 0, 2, 1, -1, 3, 8, 0, 1, 16 ]
[ -2, -1, -3, 1, 0, 9, 0, 0, 31 ]
[ 2, 1, 3, 0, 2, 1, 1, 0, 9 ]
[ 1, -3, -8, 0, 1, 16, 0, 0, 31 ]
[ 1, -3, -8, 0, 2, 1, 0, 1, 16 ]
[ 1, 0, 9, 0, 1, 16, 0, 0, 31 ]
[ 1, 0, 9, 0, 2, 1, 0, 1, 16 ]
[ 31, 0, 0, 5, 1, 0, 7, 0, 1 ]
[ 1, -6, 0, 0, 31, 0, 0, 11, 1 ]
[ 5, 1, 0, -1, 6, 0, 2, -1, 1 ]
[ 7, 0, 1, 5, 1, 0, -3, 0, 4 ]
[ 1, -6, 0, 0, 11, 1, 0, 2, 3 ]
[ 2, -1, 1, -1, 6, 0, 0, 2, 3 ]
[ -5, -1, 0, 2, -1, 1, -3, 0, 4 ]
[ 1, 0, 9, 5, 1, 0, 0, 0, 31 ]
[ 3, 0, -4, 5, 1, 0, 1, 0, 9 ]
[ 1, -6, 0, 0, 1, 17, 0, 0, 31 ]
[ 1, -6, 0, 0, 2, 3, 0, 1, 17 ]
[ 0, 1, 17, -1, 6, 0, 0, 0, 31 ]
[ 0, 2, 3, -1, 6, 0, 0, 1, 17 ]
[ 2, -1, 1, 1, 0, 9, 0, 0, 31 ]
[ 2, -1, 1, 0, 2, 3, 1, 0, 9 ]
[ -1, 0, -9, 2, -1, 1, 0, 0, 31 ]
[ -3, 0, 4, 2, -1, 1, 1, 0, 9 ]
[ -5, -1, 0, 1, 0, 9, 0, 0, 31 ]
[ 5, 1, 0, -3, 0, 4, 1, 0, 9 ]
[ 1, 0, 9, 0, 1, 17, 0, 0, 31 ]
[ 1, 0, 9, 0, 2, 3, 0, 1, 17 ]
[ 31, 0, 0, -2, 1, 0, 7, 0, 1 ]
[ 1, -16, 0, 0, 31, 0, 0, -12, 1 ]
[ 2, -1, 0, -1, 16, 0, -1, 4, 1 ]
[ 7, 0, 1, -2, 1, 0, -3, 0, 4 ]
[ -1, 16, 0, 0, -12, 1, 0, -5, 3 ]
[ 1, -4, -1, -1, 16, 0, 0, -5, 3 ]
[ 2, -1, 0, -1, 4, 1, 1, -2, 4 ]
[ 1, 0, 9, -2, 1, 0, 0, 0, 31 ]
[ 3, 0, -4, -2, 1, 0, 1, 0, 9 ]
[ -1, 16, 0, 0, -5, 3, 0, 2, 5 ]
[ 0, 5, -3, -1, 16, 0, 0, 2, 5 ]
[ -1, 4, 1, 0, -5, 3, 0, 2, 5 ]
[ 0, 1, 18, -1, 4, 1, 0, 0, 31 ]
[ 1, -2, 4, 0, 1, 18, 0, 0, 31 ]
[ 1, -2, 4, -1, 4, 1, 0, 1, 18 ]
[ -1, 1, 9, 1, -2, 4, 0, 0, 31 ]
[ 2, -1, 0, -1, 1, 9, 0, 0, 31 ]
[ -2, 1, 0, 1, -2, 4, -1, 1, 9 ]
[ 1, -16, 0, 0, 1, 18, 0, 0, 31 ]
[ 1, -16, 0, 0, 2, 5, 0, 1, 18 ]
[ 0, 1, 18, -1, 16, 0, 0, 0, 31 ]
[ 0, 2, 5, -1, 16, 0, 0, 1, 18 ]
[ 1, -4, -1, 0, 1, 18, 0, 0, 31 ]
[ 1, -4, -1, 0, 2, 5, 0, 1, 18 ]
[ 31, 0, 0, -9, 1, 0, 7, 0, 1 ]
[ 9, -1, 0, 4, 3, 0, -2, 1, 1 ]
[ 7, 0, 1, -9, 1, 0, -3, 0, 4 ]
[ 1, -7, 0, 0, 31, 0, 0, -13, 1 ]
[ 4, 3, 0, -1, 7, 0, -2, 1, 1 ]
[ -1, -1, 3, 4, 3, 0, 0, 0, 31 ]
[ 2, -1, -1, 4, 3, 0, -1, -1, 3 ]
[ 9, -1, 0, -2, 1, 1, -3, 0, 4 ]
[ 1, 0, 9, -9, 1, 0, 0, 0, 31 ]
[ 3, 0, -4, -9, 1, 0, 1, 0, 9 ]
[ -1, 7, 0, 0, -13, 1, 0, 5, 2 ]
[ 2, -1, -1, -1, 7, 0, 1, -2, 2 ]
[ -4, -3, 0, -1, -1, 3, 0, 0, 31 ]
[ 4, 3, 0, -2, 1, 1, -1, -1, 3 ]
[ -1, 0, -9, -1, -1, 3, 0, 0, 31 ]
[ 2, -1, -1, 1, 0, 9, 0, 0, 31 ]
[ -2, 1, 1, -1, -1, 3, 1, 0, 9 ]
[ 1, 0, 9, -2, 1, 1, 0, 0, 31 ]
[ 3, 0, -4, -2, 1, 1, 1, 0, 9 ]
[ 9, -1, 0, 1, 0, 9, 0, 0, 31 ]
[ -9, 1, 0, -3, 0, 4, 1, 0, 9 ]
[ 1, -7, 0, 0, 5, 2, 0, 2, 7 ]
[ 1, -2, 2, -1, 7, 0, 0, 2, 7 ]
[ -1, 1, 10, 1, -2, 2, 0, 0, 31 ]
[ 2, -1, -1, -1, 1, 10, 0, 0, 31 ]
[ -2, 1, 1, 1, -2, 2, -1, 1, 10 ]
[ -1, -1, 3, 1, 0, 9, 0, 0, 31 ]
[ 1, 1, -3, -2, 1, 1, 1, 0, 9 ]
[ 1, 0, 9, -2, 1, 1, 0, 0, 31 ]
[ 1, -7, 0, 0, 1, 19, 0, 0, 31 ]
[ 1, -7, 0, 0, 2, 7, 0, 1, 19 ]
[ 0, 1, 19, -1, 7, 0, 0, 0, 31 ]
[ 0, 2, 7, -1, 7, 0, 0, 1, 19 ]
[ 1, -2, 2, 0, 1, 19, 0, 0, 31 ]
[ 1, -2, 2, 0, 2, 7, 0, 1, 19 ]
[ 31, 0, 0, 15, 1, 0, 7, 0, 1 ]
[ 1, -2, 0, 0, 31, 0, 0, 14, 1 ]
[ 15, 1, 0, -1, 2, 0, 7, 0, 1 ]
[ 7, 0, 1, 15, 1, 0, -3, 0, 4 ]
[ 1, -2, 0, 0, 14, 1, 0, -3, 2 ]
[ 7, 0, 1, -1, 2, 0, -2, 1, 2 ]
[ -15, -1, 0, 7, 0, 1, -3, 0, 4 ]
[ 1, 0, 9, 15, 1, 0, 0, 0, 31 ]
[ 3, 0, -4, 15, 1, 0, 1, 0, 9 ]
[ -1, 2, 0, 0, -1, 11, 0, 0, 31 ]
[ -1, 2, 0, 0, -3, 2, 0, -1, 11 ]
[ 1, -1, -11, -1, 2, 0, 0, 0, 31 ]
[ 2, -1, -2, -1, 1, 11, 0, 0, 31 ]
[ 2, -1, -2, -1, 2, 0, -1, 1, 11 ]
[ 7, 0, 1, -2, 1, 2, -3, 0, 4 ]
[ -15, -1, 0, 1, 0, 9, 0, 0, 31 ]
[ 15, 1, 0, -3, 0, 4, 1, 0, 9 ]
[ 1, 0, 9, -2, 1, 2, 0, 0, 31 ]
[ 3, 0, -4, -2, 1, 2, 1, 0, 9 ]
[ 31, 0, 0, 8, 1, 0, 7, 0, 1 ]
[ 1, 4, 0, 0, 31, 0, 0, 3, 1 ]
[ 8, 1, 0, 1, 4, 0, -1, -1, 1 ]
[ 7, 0, 1, 8, 1, 0, -3, 0, 4 ]
[ -1, -4, 0, 0, -1, 10, 0, 0, 31 ]
[ 1, 4, 0, 0, 3, 1, 0, -1, 10 ]
[ 0, -1, 10, 1, 4, 0, 0, 0, 31 ]
[ -1, -1, 1, 0, -1, 10, 0, 0, 31 ]
[ 1, 1, -1, 1, 4, 0, 0, -1, 10 ]
[ -8, -1, 0, -1, -1, 1, -3, 0, 4 ]
[ 1, 0, 9, 8, 1, 0, 0, 0, 31 ]
[ 3, 0, -4, 8, 1, 0, 1, 0, 9 ]
[ -1, 0, -9, -1, -1, 1, 0, 0, 31 ]
[ -3, 0, 4, -1, -1, 1, 1, 0, 9 ]
[ -8, -1, 0, 1, 0, 9, 0, 0, 31 ]
[ 8, 1, 0, -3, 0, 4, 1, 0, 9 ]
[ 1, 1, 0, 0, 31, 0, 0, -7, 1 ]
[ 31, 0, 0, 1, 1, 0, 7, 0, 1 ]
[ -1, -1, 0, 0, -7, 1, 0, 3, 4 ]
[ 7, 0, 1, 1, 1, 0, -3, 0, 4 ]
[ -1, -1, 0, 0, -1, 9, 0, 0, 31 ]
[ 1, 1, 0, 0, 3, 4, 0, -1, 9 ]
[ 1, 0, 9, 1, 1, 0, 0, 0, 31 ]
[ 3, 0, -4, 1, 1, 0, 1, 0, 9 ]
[ 31, 0, 0, -6, 1, 0, 7, 0, 1 ]
[ 1, 5, 0, 0, 31, 0, 0, -4, 1 ]
[ 6, -1, 0, 1, 5, 0, 1, 1, 1 ]
[ 7, 0, 1, -6, 1, 0, -3, 0, 4 ]
[ -1, -5, 0, 0, -1, 8, 0, 0, 31 ]
[ -1, -5, 0, 0, -4, 1, 0, -1, 8 ]
[ 0, -1, 8, 1, 5, 0, 0, 0, 31 ]
[ -1, -1, -1, 0, -1, 8, 0, 0, 31 ]
[ 1, 1, 1, 1, 5, 0, 0, -1, 8 ]
[ 6, -1, 0, 1, 1, 1, -3, 0, 4 ]
[ 1, 0, 9, -6, 1, 0, 0, 0, 31 ]
[ 3, 0, -4, -6, 1, 0, 1, 0, 9 ]
[ 1, 0, 9, 1, 1, 1, 0, 0, 31 ]
[ 3, 0, -4, 1, 1, 1, 1, 0, 9 ]
[ 6, -1, 0, 1, 0, 9, 0, 0, 31 ]
[ -6, 1, 0, -3, 0, 4, 1, 0, 9 ]
[ 31, 0, 0, -13, 1, 0, 7, 0, 1 ]
[ 13, -1, 0, 5, 2, 0, 7, 0, 1 ]
[ 7, 0, 1, -13, 1, 0, -3, 0, 4 ]
[ 5, 2, 0, 2, 7, 0, -3, -4, 1 ]
[ 7, 0, 1, 5, 2, 0, 1, 1, 2 ]
[ 13, -1, 0, 7, 0, 1, -3, 0, 4 ]
[ 1, 0, 9, -13, 1, 0, 0, 0, 31 ]
[ 3, 0, -4, -13, 1, 0, 1, 0, 9 ]
[ 1, 19, 0, 0, 31, 0, 0, -9, 1 ]
[ 2, 7, 0, 1, 19, 0, 1, 10, 1 ]
[ -3, -4, 1, 1, 1, 2, 0, 0, 31 ]
[ 3, 4, -1, 2, 7, 0, 1, 1, 2 ]
[ -1, -1, -2, -3, -4, 1, 0, 0, 31 ]
[ -5, -2, 0, -3, -4, 1, 1, 1, 2 ]
[ -2, -1, -11, 5, 2, 0, 0, 0, 31 ]
[ -1, -1, -2, 2, 1, 11, 0, 0, 31 ]
[ -1, -1, -2, 5, 2, 0, 2, 1, 11 ]
[ 7, 0, 1, 1, 1, 2, -3, 0, 4 ]
[ 13, -1, 0, 1, 0, 9, 0, 0, 31 ]
[ -13, 1, 0, -3, 0, 4, 1, 0, 9 ]
[ -1, -19, 0, 0, -9, 1, 0, 4, 3 ]
[ 1, 10, 1, 1, 19, 0, 0, 4, 3 ]
[ 2, 7, 0, 1, 10, 1, -1, -6, 2 ]
[ -1, -1, -2, 0, -1, 7, 0, 0, 31 ]
[ 1, 1, 2, 2, 7, 0, 0, -1, 7 ]
[ 2, 1, 11, 1, 1, 2, 0, 0, 31 ]
[ 5, 2, 0, 2, 1, 11, 0, 0, 31 ]
[ 5, 2, 0, 1, 1, 2, 2, 1, 11 ]
[ 1, 0, 9, 1, 1, 2, 0, 0, 31 ]
[ 3, 0, -4, 1, 1, 2, 1, 0, 9 ]
[ -1, -19, 0, 0, -1, 7, 0, 0, 31 ]
[ 1, 19, 0, 0, 4, 3, 0, -1, 7 ]
[ 0, -1, 7, 1, 19, 0, 0, 0, 31 ]
[ 0, -4, -3, 1, 19, 0, 0, -1, 7 ]
[ -1, -10, -1, 0, -1, 7, 0, 0, 31 ]
[ 1, 10, 1, 0, 4, 3, 0, -1, 7 ]
[ 0, -1, 7, 1, 10, 1, 0, 0, 31 ]
[ -1, -6, 2, 0, -1, 7, 0, 0, 31 ]
[ 1, 6, -2, 1, 10, 1, 0, -1, 7 ]
[ 0, 1, -7, -1, -6, 2, 0, 0, 31 ]
[ -2, -7, 0, -1, -6, 2, 0, -1, 7 ]
[ 1, 3, 19, 2, 7, 0, 0, 0, 31 ]
[ 0, -1, 7, 1, 3, 19, 0, 0, 31 ]
[ 0, -1, 7, 2, 7, 0, 1, 3, 19 ]
[ -1, -3, -19, 0, -1, 7, 0, 0, 31 ]
[ -2, -7, 0, 1, 3, 19, 0, 0, 31 ]
[ -2, -7, 0, 0, -1, 7, 1, 3, 19 ]
[ 31, 0, 0, 11, 1, 0, 7, 0, 1 ]
[ 11, 1, 0, 2, 3, 0, -4, -1, 1 ]
[ 7, 0, 1, 11, 1, 0, -3, 0, 4 ]
[ 1, 17, 0, 0, 31, 0, 0, 5, 1 ]
[ 2, 3, 0, 1, 17, 0, 0, 5, 1 ]
[ 1, 1, 3, 2, 3, 0, 0, 0, 31 ]
[ 4, 1, -1, 2, 3, 0, 1, 1, 3 ]
[ -11, -1, 0, -4, -1, 1, -3, 0, 4 ]
[ 1, 0, 9, 11, 1, 0, 0, 0, 31 ]
[ 3, 0, -4, 11, 1, 0, 1, 0, 9 ]
[ -1, -17, 0, 0, -1, 6, 0, 0, 31 ]
[ 1, 17, 0, 0, 5, 1, 0, -1, 6 ]
[ 0, -1, 6, 1, 17, 0, 0, 0, 31 ]
[ 0, -5, -1, 1, 17, 0, 0, -1, 6 ]
[ -2, -3, 0, 1, 1, 3, 0, 0, 31 ]
[ 2, 3, 0, 0, 5, 1, 1, 1, 3 ]
[ 1, 0, 9, 1, 1, 3, 0, 0, 31 ]
[ -4, -1, 1, 1, 0, 9, 0, 0, 31 ]
[ 4, 1, -1, 1, 1, 3, 1, 0, 9 ]
[ -1, 0, -9, -4, -1, 1, 0, 0, 31 ]
[ -3, 0, 4, -4, -1, 1, 1, 0, 9 ]
[ -11, -1, 0, 1, 0, 9, 0, 0, 31 ]
[ 11, 1, 0, -3, 0, 4, 1, 0, 9 ]
[ -1, -1, -3, 0, -1, 6, 0, 0, 31 ]
[ 1, 1, 3, 0, 5, 1, 0, -1, 6 ]
[ 31, 0, 0, 4, 1, 0, 7, 0, 1 ]
[ 1, 8, 0, 0, 31, 0, 0, 6, 1 ]
[ 4, 1, 0, 1, 8, 0, -1, -2, 1 ]
[ 7, 0, 1, 4, 1, 0, -3, 0, 4 ]
[ -1, -8, 0, 0, -1, 5, 0, 0, 31 ]
[ 1, 8, 0, 0, 6, 1, 0, -1, 5 ]
[ 0, -1, 5, 1, 8, 0, 0, 0, 31 ]
[ -1, -2, 1, 0, -1, 5, 0, 0, 31 ]
[ 1, 2, -1, 1, 8, 0, 0, -1, 5 ]
[ -1, -1, -4, -1, -2, 1, 0, 0, 31 ]
[ -4, -1, 0, -1, -2, 1, 1, 1, 4 ]
[ 1, 0, 9, 4, 1, 0, 0, 0, 31 ]
[ 3, 0, -4, 4, 1, 0, 1, 0, 9 ]
[ 1, 0, 9, 1, 1, 4, 0, 0, 31 ]
[ -4, -1, 0, 1, 0, 9, 0, 0, 31 ]
[ 4, 1, 0, 1, 1, 4, 1, 0, 9 ]
[ 31, 0, 0, -3, 1, 0, 7, 0, 1 ]
[ 1, 10, 0, 0, 31, 0, 0, -8, 1 ]
[ 3, -1, 0, 1, 10, 0, 1, 2, 1 ]
[ 7, 0, 1, -3, 1, 0, -3, 0, 4 ]
[ -1, -10, 0, 0, -1, 4, 0, 0, 31 ]
[ -1, -10, 0, 0, -8, 1, 0, -1, 4 ]
[ 0, -1, 4, 1, 10, 0, 0, 0, 31 ]
[ -1, -2, -1, 0, -1, 4, 0, 0, 31 ]
[ 1, 2, 1, 1, 10, 0, 0, -1, 4 ]
[ 0, -1, 4, 1, 2, 1, 0, 0, 31 ]
[ 3, -1, 0, 1, 2, 1, 0, -1, 4 ]
[ 1, 0, 9, -3, 1, 0, 0, 0, 31 ]
[ 3, 0, -4, -3, 1, 0, 1, 0, 9 ]
[ -1, 0, -9, 0, -1, 4, 0, 0, 31 ]
[ 3, -1, 0, 1, 0, 9, 0, 0, 31 ]
[ -3, 1, 0, 0, -1, 4, 1, 0, 9 ]
[ 31, 0, 0, -10, 1, 0, 7, 0, 1 ]
[ 1, 3, 0, 0, 31, 0, 0, 10, 1 ]
[ 10, -1, 0, 1, 3, 0, -3, 1, 1 ]
[ 7, 0, 1, -10, 1, 0, -3, 0, 4 ]
[ -1, -3, 0, 0, -1, 3, 0, 0, 31 ]
[ 1, 3, 0, 0, 10, 1, 0, -1, 3 ]
[ 0, -1, 3, 1, 3, 0, 0, 0, 31 ]
[ 3, -1, -1, 1, 3, 0, 0, -1, 3 ]
[ 10, -1, 0, -3, 1, 1, -3, 0, 4 ]
[ 1, 0, 9, -10, 1, 0, 0, 0, 31 ]
[ 3, 0, -4, -10, 1, 0, 1, 0, 9 ]
[ -1, 0, -9, 0, -1, 3, 0, 0, 31 ]
[ 3, -1, -1, 1, 0, 9, 0, 0, 31 ]
[ -3, 1, 1, 0, -1, 3, 1, 0, 9 ]
[ 1, 0, 9, -3, 1, 1, 0, 0, 31 ]
[ 3, 0, -4, -3, 1, 1, 1, 0, 9 ]
[ 10, -1, 0, 1, 0, 9, 0, 0, 31 ]
[ -10, 1, 0, -3, 0, 4, 1, 0, 9 ]
[ 31, 0, 0, 14, 1, 0, 7, 0, 1 ]
[ 14, 1, 0, -3, 2, 0, 7, 0, 1 ]
[ 7, 0, 1, 14, 1, 0, -3, 0, 4 ]
[ 1, -11, 0, 0, 31, 0, 0, 15, 1 ]
[ 3, -2, 0, -1, 11, 0, 1, 4, 1 ]
[ 7, 0, 1, -3, 2, 0, -3, 1, 2 ]
[ -14, -1, 0, 7, 0, 1, -3, 0, 4 ]
[ 1, 0, 9, 14, 1, 0, 0, 0, 31 ]
[ 3, 0, -4, 14, 1, 0, 1, 0, 9 ]
[ -1, 11, 0, 0, -1, 2, 0, 0, 31 ]
[ 1, -11, 0, 0, 15, 1, 0, -1, 2 ]
[ 0, 1, -2, -1, 11, 0, 0, 0, 31 ]
[ -1, -4, -1, 0, -1, 2, 0, 0, 31 ]
[ 1, 4, 1, -1, 11, 0, 0, -1, 2 ]
[ 0, -1, 2, 1, 4, 1, 0, 0, 31 ]
[ 3, -2, 0, 1, 4, 1, 0, -1, 2 ]
[ 2, -1, -11, -3, 2, 0, 0, 0, 31 ]
[ 3, -1, -2, -2, 1, 11, 0, 0, 31 ]
[ 3, -1, -2, -3, 2, 0, -2, 1, 11 ]
[ 7, 0, 1, -3, 1, 2, -3, 0, 4 ]
[ -14, -1, 0, 1, 0, 9, 0, 0, 31 ]
[ 14, 1, 0, -3, 0, 4, 1, 0, 9 ]
[ -1, 1, -11, 0, -1, 2, 0, 0, 31 ]
[ -3, 2, 0, 1, -1, 11, 0, 0, 31 ]
[ -3, 2, 0, 0, -1, 2, 1, -1, 11 ]
[ 1, 0, 9, -3, 1, 2, 0, 0, 31 ]
[ 3, 0, -4, -3, 1, 2, 1, 0, 9 ]
[ 31, 0, 0, 7, 1, 0, 7, 0, 1 ]
[ 7, 1, 0, -3, 4, 0, 0, -1, 1 ]
[ 7, 0, 1, 7, 1, 0, -3, 0, 4 ]
[ -1, -9, 0, 0, -1, 1, 0, 0, 31 ]
[ 1, 9, 0, 0, 31, 0, 0, -1, 1 ]
[ 0, -1, 1, 1, 9, 0, 0, 0, 31 ]
[ 3, -4, 0, 1, 9, 0, 0, -1, 1 ]
[ 1, -1, 10, -3, 4, 0, 0, 0, 31 ]
[ 0, -1, 1, 1, -1, 10, 0, 0, 31 ]
[ 0, 1, -1, -3, 4, 0, 1, -1, 10 ]
[ -7, -1, 0, 0, -1, 1, -3, 0, 4 ]
[ 1, 0, 9, 7, 1, 0, 0, 0, 31 ]
[ 3, 0, -4, 7, 1, 0, 1, 0, 9 ]
[ -1, 1, -10, 0, -1, 1, 0, 0, 31 ]
[ 3, -4, 0, 1, -1, 10, 0, 0, 31 ]
[ -3, 4, 0, 0, -1, 1, 1, -1, 10 ]
[ -1, 0, -9, 0, -1, 1, 0, 0, 31 ]
[ -3, 0, 4, 0, -1, 1, 1, 0, 9 ]
[ -7, -1, 0, 1, 0, 9, 0, 0, 31 ]
[ 7, 1, 0, -3, 0, 4, 1, 0, 9 ]
[ 31, 0, 0, 0, 1, 0, -3, 0, 1 ]
[ 1, 0, 10, 0, 1, 0, 0, 0, 31 ]
[ 3, 0, -1, 0, 1, 0, 1, 0, 10 ]
[ 31, 0, 0, 3, 1, 0, -3, 0, 1 ]
[ 1, -10, 0, 0, 1, 1, 0, 0, 31 ]
[ 1, -10, 0, 0, 31, 0, 0, 1, 1 ]
[ 0, 1, 1, -1, 10, 0, 0, 0, 31 ]
[ 3, 1, 0, -1, 10, 0, 0, 1, 1 ]
[ 1, 0, 10, 3, 1, 0, 0, 0, 31 ]
[ 3, 0, -1, 3, 1, 0, 1, 0, 10 ]
[ 1, 0, 10, 0, 1, 1, 0, 0, 31 ]
[ -3, -1, 0, 1, 0, 10, 0, 0, 31 ]
[ 3, 1, 0, 0, 1, 1, 1, 0, 10 ]
[ 31, 0, 0, 6, 1, 0, -3, 0, 1 ]
[ 1, -5, 0, 0, 31, 0, 0, -15, 1 ]
[ 6, 1, 0, -1, 5, 0, -3, 0, 1 ]
[ 1, 0, 10, 6, 1, 0, 0, 0, 31 ]
[ 3, 0, -1, 6, 1, 0, 1, 0, 10 ]
[ 1, -5, 0, 0, 1, 2, 0, 0, 31 ]
[ -1, 5, 0, 0, -15, 1, 0, 1, 2 ]
[ 0, 1, 2, -1, 5, 0, 0, 0, 31 ]
[ 3, 0, -1, -1, 5, 0, 0, 1, 2 ]
[ -6, -1, 0, 1, 0, 10, 0, 0, 31 ]
[ 6, 1, 0, -3, 0, 1, 1, 0, 10 ]
[ 1, 0, 10, 0, 1, 2, 0, 0, 31 ]
[ 3, 0, -1, 0, 1, 2, 1, 0, 10 ]
[ 31, 0, 0, 9, 1, 0, -3, 0, 1 ]
[ 9, 1, 0, -4, 3, 0, -3, 0, 1 ]
[ 1, 0, 10, 9, 1, 0, 0, 0, 31 ]
[ 3, 0, -1, 9, 1, 0, 1, 0, 10 ]
[ 1, 7, 0, 0, 31, 0, 0, -10, 1 ]
[ 4, -3, 0, 1, 7, 0, 1, -3, 1 ]
[ 3, 0, -1, -4, 3, 0, 0, 1, 3 ]
[ -9, -1, 0, 1, 0, 10, 0, 0, 31 ]
[ 9, 1, 0, -3, 0, 1, 1, 0, 10 ]
[ 1, 7, 0, 0, 1, 3, 0, 0, 31 ]
[ -1, -7, 0, 0, -10, 1, 0, 1, 3 ]
[ 0, -1, -3, 1, 7, 0, 0, 0, 31 ]
[ 1, -3, 1, 0, 1, 3, 0, 0, 31 ]
[ 1, -3, 1, 1, 7, 0, 0, 1, 3 ]
[ 0, -1, -3, 1, -3, 1, 0, 0, 31 ]
[ -4, 3, 0, 1, -3, 1, 0, 1, 3 ]
[ -1, 1, -7, -4, 3, 0, 0, 0, 31 ]
[ 0, -1, -3, 1, -1, 7, 0, 0, 31 ]
[ 0, 1, 3, -4, 3, 0, 1, -1, 7 ]
[ 1, 0, 10, 0, 1, 3, 0, 0, 31 ]
[ 3, 0, -1, 0, 1, 3, 1, 0, 10 ]
[ 1, -1, 7, 0, 1, 3, 0, 0, 31 ]
[ -4, 3, 0, 1, -1, 7, 0, 0, 31 ]
[ 4, -3, 0, 0, 1, 3, 1, -1, 7 ]
[ 31, 0, 0, 12, 1, 0, -3, 0, 1 ]
[ 12, 1, 0, 5, 3, 0, -3, 0, 1 ]
[ 1, 0, 10, 12, 1, 0, 0, 0, 31 ]
[ 3, 0, -1, 12, 1, 0, 1, 0, 10 ]
[ 5, 3, 0, -2, 5, 0, -3, 0, 1 ]
[ 3, 0, -1, 5, 3, 0, 3, 1, 3 ]
[ -12, -1, 0, 1, 0, 10, 0, 0, 31 ]
[ 12, 1, 0, -3, 0, 1, 1, 0, 10 ]
[ 1, -18, 0, 0, 31, 0, 0, 8, 1 ]
[ 2, -5, 0, -1, 18, 0, 1, -10, 1 ]
[ 1, -2, 2, -2, 5, 0, 0, 0, 31 ]
[ 3, 0, -1, -2, 5, 0, 1, -2, 2 ]
[ 5, 3, 0, -3, 0, 1, 3, 1, 3 ]
[ 2, 1, -7, 5, 3, 0, 0, 0, 31 ]
[ -3, -1, -3, -2, -1, 7, 0, 0, 31 ]
[ 3, 1, 3, 5, 3, 0, -2, -1, 7 ]
[ 1, 0, 10, 3, 1, 3, 0, 0, 31 ]
[ 3, 0, -1, 3, 1, 3, 1, 0, 10 ]
[ 1, -18, 0, 0, 1, 4, 0, 0, 31 ]
[ 1, -18, 0, 0, 8, 1, 0, 1, 4 ]
[ 0, 1, 4, -1, 18, 0, 0, 0, 31 ]
[ 1, -10, 1, 0, 1, 4, 0, 0, 31 ]
[ 1, -10, 1, -1, 18, 0, 0, 1, 4 ]
[ 2, -5, 0, -1, 3, 2, 0, 0, 31 ]
[ -2, 5, 0, 1, -10, 1, -1, 3, 2 ]
[ -1, 1, -6, 1, -2, 2, 0, 0, 31 ]
[ -3, 0, 1, 1, -2, 2, 1, -1, 6 ]
[ -3, -1, -3, 1, 0, 10, 0, 0, 31 ]
[ 3, 1, 3, -3, 0, 1, 1, 0, 10 ]
[ -2, -1, 7, 3, 1, 3, 0, 0, 31 ]
[ 5, 3, 0, -2, -1, 7, 0, 0, 31 ]
[ -5, -3, 0, 3, 1, 3, -2, -1, 7 ]
[ 0, -1, -4, 1, -10, 1, 0, 0, 31 ]
[ 1, -3, -2, 0, 1, 4, 0, 0, 31 ]
[ -1, 3, 2, 1, -10, 1, 0, 1, 4 ]
[ -1, 0, -10, 1, -1, 6, 0, 0, 31 ]
[ -3, 0, 1, 1, -1, 6, 1, 0, 10 ]
[ 31, 0, 0, 15, 1, 0, -3, 0, 1 ]
[ 1, -2, 0, 0, 31, 0, 0, -6, 1 ]
[ 15, 1, 0, -1, 2, 0, -3, 0, 1 ]
[ 1, 0, 10, 15, 1, 0, 0, 0, 31 ]
[ 3, 0, -1, 15, 1, 0, 1, 0, 10 ]
[ 1, -2, 0, 0, 1, 5, 0, 0, 31 ]
[ -1, 2, 0, 0, -6, 1, 0, 1, 5 ]
[ 0, 1, 5, -1, 2, 0, 0, 0, 31 ]
[ 3, 0, -1, -1, 2, 0, 0, 1, 5 ]
[ -15, -1, 0, 1, 0, 10, 0, 0, 31 ]
[ 15, 1, 0, -3, 0, 1, 1, 0, 10 ]
[ 1, 0, 10, 0, 1, 5, 0, 0, 31 ]
[ 3, 0, -1, 0, 1, 5, 1, 0, 10 ]
[ 31, 0, 0, -13, 1, 0, -3, 0, 1 ]
[ 13, -1, 0, 5, 2, 0, -3, 0, 1 ]
[ 1, 0, 10, -13, 1, 0, 0, 0, 31 ]
[ 3, 0, -1, -13, 1, 0, 1, 0, 10 ]
[ 5, 2, 0, 2, 7, 0, 2, 2, 1 ]
[ 3, 1, 5, 5, 2, 0, 0, 0, 31 ]
[ 3, 0, -1, 5, 2, 0, 3, 1, 5 ]
[ 13, -1, 0, 1, 0, 10, 0, 0, 31 ]
[ -13, 1, 0, -3, 0, 1, 1, 0, 10 ]
[ 1, 19, 0, 0, 31, 0, 0, -5, 1 ]
[ 2, 7, 0, 1, 19, 0, 0, -5, 1 ]
[ 1, 3, -3, 2, 7, 0, 0, 0, 31 ]
[ 2, 2, 1, 2, 7, 0, -1, -3, 3 ]
[ -5, -2, 0, -2, -1, 5, 0, 0, 31 ]
[ 5, 2, 0, 2, 2, 1, -2, -1, 5 ]
[ 1, 0, 10, 3, 1, 5, 0, 0, 31 ]
[ 3, 0, -1, 3, 1, 5, 1, 0, 10 ]
[ 1, 19, 0, 0, 1, 6, 0, 0, 31 ]
[ -1, -19, 0, 0, -5, 1, 0, 1, 6 ]
[ 0, -1, -6, 1, 19, 0, 0, 0, 31 ]
[ 0, -5, 1, 1, 19, 0, 0, 1, 6 ]
[ 2, 7, 0, 1, 4, 3, 0, 0, 31 ]
[ -2, -7, 0, 0, -5, 1, 1, 4, 3 ]
[ -1, -2, 9, -1, -3, 3, 0, 0, 31 ]
[ -2, -2, -1, -1, -3, 3, -1, -2, 9 ]
[ 2, 1, -5, 1, 1, 16, 0, 0, 31 ]
[ 2, 1, -5, 2, 2, 1, 1, 1, 16 ]
[ 1, 4, 3, 0, 1, 6, 0, 0, 31 ]
[ -1, -4, -3, 0, -5, 1, 0, 1, 6 ]
[ -1, -1, -16, -1, -2, 9, 0, 0, 31 ]
[ -2, -2, -1, -1, -2, 9, 1, 1, 16 ]
[ 31, 0, 0, -10, 1, 0, -3, 0, 1 ]
[ 1, 3, 0, 0, 31, 0, 0, 9, 1 ]
[ 10, -1, 0, 1, 3, 0, -3, 0, 1 ]
[ 1, 0, 10, -10, 1, 0, 0, 0, 31 ]
[ 3, 0, -1, -10, 1, 0, 1, 0, 10 ]
[ 1, 3, 0, 0, 9, 1, 0, -4, 3 ]
[ 3, 0, -1, 1, 3, 0, 1, -1, 3 ]
[ 10, -1, 0, 1, 0, 10, 0, 0, 31 ]
[ -10, 1, 0, -3, 0, 1, 1, 0, 10 ]
[ 1, 3, 0, 0, 1, 7, 0, 0, 31 ]
[ -1, -3, 0, 0, -4, 3, 0, 1, 7 ]
[ 0, -1, -7, 1, 3, 0, 0, 0, 31 ]
[ 1, -1, 3, 0, 1, 7, 0, 0, 31 ]
[ 1, -1, 3, 1, 3, 0, 0, 1, 7 ]
[ -1, 0, -10, 1, -1, 3, 0, 0, 31 ]
[ -3, 0, 1, 1, -1, 3, 1, 0, 10 ]
[ 31, 0, 0, -7, 1, 0, -3, 0, 1 ]
[ 7, -1, 0, 3, 4, 0, -3, 0, 1 ]
[ 1, 0, 10, -7, 1, 0, 0, 0, 31 ]
[ 3, 0, -1, -7, 1, 0, 1, 0, 10 ]
[ 1, -9, 0, 0, 31, 0, 0, 4, 1 ]
[ 3, 4, 0, -1, 9, 0, 0, 4, 1 ]
[ 3, 0, -1, 3, 4, 0, -2, -1, 3 ]
[ 7, -1, 0, 1, 0, 10, 0, 0, 31 ]
[ -7, 1, 0, -3, 0, 1, 1, 0, 10 ]
[ 1, -9, 0, 0, 1, 8, 0, 0, 31 ]
[ 1, -9, 0, 0, 4, 1, 0, 1, 8 ]
[ 0, 1, 8, -1, 9, 0, 0, 0, 31 ]
[ 0, 4, 1, -1, 9, 0, 0, 1, 8 ]
[ 3, 4, 0, 0, 4, 1, 1, 3, 3 ]
[ 2, 1, -3, 3, 4, 0, 2, 2, 5 ]
[ -1, 0, -10, -2, -1, 3, 0, 0, 31 ]
[ -3, 0, 1, -2, -1, 3, 1, 0, 10 ]
[ 1, 3, 3, 0, 1, 8, 0, 0, 31 ]
[ 1, 3, 3, 0, 4, 1, 0, 1, 8 ]
[ 1, 2, -5, 1, 3, 3, 0, 0, 31 ]
[ 3, 4, 0, 1, 3, 3, -1, -2, 5 ]
[ 1, 1, 18, 3, 4, 0, 0, 0, 31 ]
[ 2, 2, 5, 3, 4, 0, 1, 1, 18 ]
[ 2, 1, -3, 1, 1, 18, 0, 0, 31 ]
[ 2, 1, -3, 2, 2, 5, 1, 1, 18 ]
[ -1, -1, -18, -1, -2, 5, 0, 0, 31 ]
[ -3, -4, 0, 1, 1, 18, 0, 0, 31 ]
[ -3, -4, 0, -1, -2, 5, 1, 1, 18 ]
[ 31, 0, 0, -4, 1, 0, -3, 0, 1 ]
[ 1, -8, 0, 0, 31, 0, 0, 7, 1 ]
[ 4, -1, 0, -1, 8, 0, 1, -1, 1 ]
[ 1, 0, 10, -4, 1, 0, 0, 0, 31 ]
[ 3, 0, -1, -4, 1, 0, 1, 0, 10 ]
[ 1, -8, 0, 0, 7, 1, 0, -3, 4 ]
[ 1, -1, 1, -1, 8, 0, 0, -3, 4 ]
[ -1, 0, -10, 1, -1, 1, 0, 0, 31 ]
[ 4, -1, 0, 1, 0, 10, 0, 0, 31 ]
[ -4, 1, 0, 1, -1, 1, 1, 0, 10 ]
[ 1, -8, 0, 0, 1, 9, 0, 0, 31 ]
[ -1, 8, 0, 0, -3, 4, 0, 1, 9 ]
[ 0, 1, 9, -1, 8, 0, 0, 0, 31 ]
[ 0, 3, -4, -1, 8, 0, 0, 1, 9 ]
[ 1, -1, 1, 0, 1, 9, 0, 0, 31 ]
[ -1, 1, -1, 0, -3, 4, 0, 1, 9 ]
[ 1, -1, 0, 0, 31, 0, 0, -3, 1 ]
[ 31, 0, 0, -1, 1, 0, -3, 0, 1 ]
[ 1, -1, 0, 0, 1, 10, 0, 0, 31 ]
[ -1, 1, 0, 0, -3, 1, 0, 1, 10 ]
[ 1, 0, 10, -1, 1, 0, 0, 0, 31 ]
[ 3, 0, -1, -1, 1, 0, 1, 0, 10 ]
[ 31, 0, 0, 2, 1, 0, -3, 0, 1 ]
[ 1, 16, 0, 0, 31, 0, 0, -14, 1 ]
[ 2, 1, 0, 1, 16, 0, 1, 2, 1 ]
[ 1, 0, 10, 2, 1, 0, 0, 0, 31 ]
[ 3, 0, -1, 2, 1, 0, 1, 0, 10 ]
[ -1, -16, 0, 0, -14, 1, 0, 3, 2 ]
[ 1, 2, 1, 1, 16, 0, 0, 3, 2 ]
[ 1, 1, -10, 1, 2, 1, 0, 0, 31 ]
[ -2, -1, 0, -1, -1, 10, 0, 0, 31 ]
[ 2, 1, 0, 1, 2, 1, -1, -1, 10 ]
[ 1, 16, 0, 0, 1, 11, 0, 0, 31 ]
[ 1, 16, 0, 0, 3, 2, 0, 1, 11 ]
[ 0, -1, -11, 1, 16, 0, 0, 0, 31 ]
[ 0, -3, -2, 1, 16, 0, 0, 1, 11 ]
[ 1, 2, 1, 0, 1, 11, 0, 0, 31 ]
[ 1, 2, 1, 0, 3, 2, 0, 1, 11 ]
[ 31, 0, 0, 5, 1, 0, -3, 0, 1 ]
[ 1, -6, 0, 0, 31, 0, 0, 13, 1 ]
[ 5, 1, 0, -1, 6, 0, 2, 1, 1 ]
[ 1, 0, 10, 5, 1, 0, 0, 0, 31 ]
[ 3, 0, -1, 5, 1, 0, 1, 0, 10 ]
[ 1, -6, 0, 0, 13, 1, 0, -5, 2 ]
[ 2, 1, 1, -1, 6, 0, -1, 1, 2 ]
[ 1, 0, 10, 2, 1, 1, 0, 0, 31 ]
[ -5, -1, 0, 1, 0, 10, 0, 0, 31 ]
[ 5, 1, 0, 2, 1, 1, 1, 0, 10 ]
[ -1, 6, 0, 0, -5, 2, 0, -2, 7 ]
[ 1, -1, -2, -1, 6, 0, 0, -2, 7 ]
[ 1, 0, 10, -1, 1, 2, 0, 0, 31 ]
[ -2, -1, -1, 1, 0, 10, 0, 0, 31 ]
[ 2, 1, 1, -1, 1, 2, 1, 0, 10 ]
[ -1, 6, 0, 0, -1, 19, 0, 0, 31 ]
[ -1, 6, 0, 0, -2, 7, 0, -1, 19 ]
[ 0, 1, -19, -1, 6, 0, 0, 0, 31 ]
[ 0, 2, -7, -1, 6, 0, 0, -1, 19 ]
[ -1, 1, 2, 0, -1, 19, 0, 0, 31 ]
[ -1, 1, 2, 0, -2, 7, 0, -1, 19 ]
[ 31, 0, 0, 8, 1, 0, -3, 0, 1 ]
[ 1, 4, 0, 0, 31, 0, 0, 12, 1 ]
[ 8, 1, 0, 1, 4, 0, -3, 0, 1 ]
[ 1, 0, 10, 8, 1, 0, 0, 0, 31 ]
[ 3, 0, -1, 8, 1, 0, 1, 0, 10 ]
[ 1, 4, 0, 0, 12, 1, 0, 5, 3 ]
[ 3, 0, -1, 1, 4, 0, -1, 1, 3 ]
[ -8, -1, 0, 1, 0, 10, 0, 0, 31 ]
[ 8, 1, 0, -3, 0, 1, 1, 0, 10 ]
[ 1, 4, 0, 0, 5, 3, 0, -2, 5 ]
[ 1, -1, -3, 1, 4, 0, 0, -2, 5 ]
[ 1, 0, 10, -1, 1, 3, 0, 0, 31 ]
[ 3, 0, -1, -1, 1, 3, 1, 0, 10 ]
[ -1, -4, 0, 0, -1, 18, 0, 0, 31 ]
[ -1, -4, 0, 0, -2, 5, 0, -1, 18 ]
[ 0, -1, 18, 1, 4, 0, 0, 0, 31 ]
[ 0, -2, 5, 1, 4, 0, 0, -1, 18 ]
[ -1, 1, 3, 0, -1, 18, 0, 0, 31 ]
[ -1, 1, 3, 0, -2, 5, 0, -1, 18 ]
[ 31, 0, 0, 11, 1, 0, -3, 0, 1 ]
[ 11, 1, 0, 2, 3, 0, -3, 0, 1 ]
[ 1, 0, 10, 11, 1, 0, 0, 0, 31 ]
[ 3, 0, -1, 11, 1, 0, 1, 0, 10 ]
[ 1, 17, 0, 0, 31, 0, 0, -11, 1 ]
[ 2, 3, 0, 1, 17, 0, 1, 6, 1 ]
[ 3, 0, -1, 2, 3, 0, 2, 1, 3 ]
[ -11, -1, 0, 1, 0, 10, 0, 0, 31 ]
[ 11, 1, 0, -3, 0, 1, 1, 0, 10 ]
[ -1, -17, 0, 0, -11, 1, 0, -2, 3 ]
[ 1, 6, 1, 1, 17, 0, 0, -2, 3 ]
[ 2, 3, 0, 1, 6, 1, 0, -2, 3 ]
[ 1, 1, -7, 2, 3, 0, 0, 0, 31 ]
[ -2, -1, -3, -1, -1, 7, 0, 0, 31 ]
[ 2, 1, 3, 2, 3, 0, -1, -1, 7 ]
[ 1, 0, 10, 2, 1, 3, 0, 0, 31 ]
[ 3, 0, -1, 2, 1, 3, 1, 0, 10 ]
[ -1, -17, 0, 0, -1, 17, 0, 0, 31 ]
[ -1, -17, 0, 0, -2, 3, 0, -1, 17 ]
[ 0, -1, 17, 1, 17, 0, 0, 0, 31 ]
[ 0, -2, 3, 1, 17, 0, 0, -1, 17 ]
[ -1, -6, -1, 0, -1, 17, 0, 0, 31 ]
[ -1, -6, -1, 0, -2, 3, 0, -1, 17 ]
[ 0, -1, 17, 1, 6, 1, 0, 0, 31 ]
[ 0, -2, 3, 1, 6, 1, 0, -1, 17 ]
[ 2, 3, 0, 1, 2, 7, 0, 0, 31 ]
[ -2, -3, 0, 0, -2, 3, 1, 2, 7 ]
[ -1, -2, -7, 0, -1, 17, 0, 0, 31 ]
[ -1, -2, -7, 0, -2, 3, 0, -1, 17 ]
[ 31, 0, 0, 14, 1, 0, -3, 0, 1 ]
[ 14, 1, 0, -3, 2, 0, -3, 0, 1 ]
[ 1, 0, 10, 14, 1, 0, 0, 0, 31 ]
[ 3, 0, -1, 14, 1, 0, 1, 0, 10 ]
[ 1, -11, 0, 0, 31, 0, 0, -2, 1 ]
[ 3, -2, 0, -1, 11, 0, 0, -2, 1 ]
[ -1, 1, 5, -3, 2, 0, 0, 0, 31 ]
[ 3, 0, -1, -3, 2, 0, -1, 1, 5 ]
[ -14, -1, 0, 1, 0, 10, 0, 0, 31 ]
[ 14, 1, 0, -3, 0, 1, 1, 0, 10 ]
[ -1, 11, 0, 0, -1, 16, 0, 0, 31 ]
[ -1, 11, 0, 0, -2, 1, 0, -1, 16 ]
[ 0, 1, -16, -1, 11, 0, 0, 0, 31 ]
[ 0, 2, -1, -1, 11, 0, 0, -1, 16 ]
[ 3, -2, 0, -1, 1, 5, 0, 0, 31 ]
[ -3, 2, 0, 0, -2, 1, -1, 1, 5 ]
[ 1, 0, 10, -1, 1, 5, 0, 0, 31 ]
[ 3, 0, -1, -1, 1, 5, 1, 0, 10 ]
[ -1, 1, 5, 0, -1, 16, 0, 0, 31 ]
[ -1, 1, 5, 0, -2, 1, 0, -1, 16 ]
[ 31, 0, 0, -14, 1, 0, -3, 0, 1 ]
[ 14, -1, 0, 3, 2, 0, -3, 0, 1 ]
[ 1, 0, 10, -14, 1, 0, 0, 0, 31 ]
[ 3, 0, -1, -14, 1, 0, 1, 0, 10 ]
[ 1, 11, 0, 0, 31, 0, 0, 2, 1 ]
[ 3, 2, 0, 1, 11, 0, 0, 2, 1 ]
[ 2, 1, 5, 3, 2, 0, 0, 0, 31 ]
[ 3, 0, -1, 3, 2, 0, 2, 1, 5 ]
[ 14, -1, 0, 1, 0, 10, 0, 0, 31 ]
[ -14, 1, 0, -3, 0, 1, 1, 0, 10 ]
[ 1, 11, 0, 0, 1, 16, 0, 0, 31 ]
[ 1, 11, 0, 0, 2, 1, 0, 1, 16 ]
[ 0, -1, -16, 1, 11, 0, 0, 0, 31 ]
[ 0, -2, -1, 1, 11, 0, 0, 1, 16 ]
[ -3, -2, 0, -1, -1, 5, 0, 0, 31 ]
[ 3, 2, 0, 0, 2, 1, -1, -1, 5 ]
[ 1, 0, 10, 2, 1, 5, 0, 0, 31 ]
[ 3, 0, -1, 2, 1, 5, 1, 0, 10 ]
[ 1, 1, -5, 0, 1, 16, 0, 0, 31 ]
[ 1, 1, -5, 0, 2, 1, 0, 1, 16 ]
[ 31, 0, 0, -11, 1, 0, -3, 0, 1 ]
[ 11, -1, 0, -2, 3, 0, -3, 0, 1 ]
[ 1, 0, 10, -11, 1, 0, 0, 0, 31 ]
[ 3, 0, -1, -11, 1, 0, 1, 0, 10 ]
[ 1, -17, 0, 0, 31, 0, 0, 11, 1 ]
[ 2, -3, 0, -1, 17, 0, 1, -6, 1 ]
[ 3, 0, -1, -2, 3, 0, 2, -1, 3 ]
[ 11, -1, 0, 1, 0, 10, 0, 0, 31 ]
[ -11, 1, 0, -3, 0, 1, 1, 0, 10 ]
[ 1, -17, 0, 0, 11, 1, 0, 2, 3 ]
[ 1, -6, 1, -1, 17, 0, 0, 2, 3 ]
[ -2, 3, 0, 1, -6, 1, 0, 2, 3 ]
[ 1, -1, -7, -2, 3, 0, 0, 0, 31 ]
[ 2, -1, 3, -1, 1, 7, 0, 0, 31 ]
[ 2, -1, 3, -2, 3, 0, -1, 1, 7 ]
[ -1, 0, -10, 2, -1, 3, 0, 0, 31 ]
[ -3, 0, 1, 2, -1, 3, 1, 0, 10 ]
[ 1, -17, 0, 0, 1, 17, 0, 0, 31 ]
[ 1, -17, 0, 0, 2, 3, 0, 1, 17 ]
[ 0, 1, 17, -1, 17, 0, 0, 0, 31 ]
[ 0, 2, 3, -1, 17, 0, 0, 1, 17 ]
[ 1, -6, 1, 0, 1, 17, 0, 0, 31 ]
[ 1, -6, 1, 0, 2, 3, 0, 1, 17 ]
[ 0, -1, -17, 1, -6, 1, 0, 0, 31 ]
[ 0, -2, -3, 1, -6, 1, 0, 1, 17 ]
[ -2, 3, 0, -1, 1, 7, 0, 0, 31 ]
[ 2, -3, 0, 0, 2, 3, -1, 1, 7 ]
[ 1, -1, -7, 0, 1, 17, 0, 0, 31 ]
[ 1, -1, -7, 0, 2, 3, 0, 1, 17 ]
[ 31, 0, 0, -8, 1, 0, -3, 0, 1 ]
[ 1, -4, 0, 0, 31, 0, 0, -12, 1 ]
[ 8, -1, 0, -1, 4, 0, -3, 0, 1 ]
[ 1, 0, 10, -8, 1, 0, 0, 0, 31 ]
[ 3, 0, -1, -8, 1, 0, 1, 0, 10 ]
[ -1, 4, 0, 0, -12, 1, 0, -5, 3 ]
[ 3, 0, -1, -1, 4, 0, -1, -1, 3 ]
[ 8, -1, 0, 1, 0, 10, 0, 0, 31 ]
[ -8, 1, 0, -3, 0, 1, 1, 0, 10 ]
[ -1, 4, 0, 0, -5, 3, 0, 2, 5 ]
[ 1, 1, -3, -1, 4, 0, 0, 2, 5 ]
[ -1, 0, -10, -1, -1, 3, 0, 0, 31 ]
[ -3, 0, 1, -1, -1, 3, 1, 0, 10 ]
[ 1, -4, 0, 0, 1, 18, 0, 0, 31 ]
[ 1, -4, 0, 0, 2, 5, 0, 1, 18 ]
[ 0, 1, 18, -1, 4, 0, 0, 0, 31 ]
[ 0, 2, 5, -1, 4, 0, 0, 1, 18 ]
[ 1, 1, -3, 0, 1, 18, 0, 0, 31 ]
[ 1, 1, -3, 0, 2, 5, 0, 1, 18 ]
[ 31, 0, 0, -5, 1, 0, -3, 0, 1 ]
[ 1, 6, 0, 0, 31, 0, 0, -13, 1 ]
[ 5, -1, 0, 1, 6, 0, 2, -1, 1 ]
[ 1, 0, 10, -5, 1, 0, 0, 0, 31 ]
[ 3, 0, -1, -5, 1, 0, 1, 0, 10 ]
[ -1, -6, 0, 0, -13, 1, 0, 5, 2 ]
[ 2, -1, 1, 1, 6, 0, -1, -1, 2 ]
[ -1, 0, -10, 2, -1, 1, 0, 0, 31 ]
[ 5, -1, 0, 1, 0, 10, 0, 0, 31 ]
[ -5, 1, 0, 2, -1, 1, 1, 0, 10 ]
[ 1, 6, 0, 0, 5, 2, 0, 2, 7 ]
[ 1, 1, -2, 1, 6, 0, 0, 2, 7 ]
[ -1, 0, -10, -1, -1, 2, 0, 0, 31 ]
[ 2, -1, 1, 1, 0, 10, 0, 0, 31 ]
[ -2, 1, -1, -1, -1, 2, 1, 0, 10 ]
[ 1, 6, 0, 0, 1, 19, 0, 0, 31 ]
[ 1, 6, 0, 0, 2, 7, 0, 1, 19 ]
[ 0, -1, -19, 1, 6, 0, 0, 0, 31 ]
[ 0, -2, -7, 1, 6, 0, 0, 1, 19 ]
[ 1, 1, -2, 0, 1, 19, 0, 0, 31 ]
[ 1, 1, -2, 0, 2, 7, 0, 1, 19 ]
[ 31, 0, 0, -2, 1, 0, -3, 0, 1 ]
[ 1, -16, 0, 0, 31, 0, 0, 14, 1 ]
[ 2, -1, 0, -1, 16, 0, 1, -2, 1 ]
[ 1, 0, 10, -2, 1, 0, 0, 0, 31 ]
[ 3, 0, -1, -2, 1, 0, 1, 0, 10 ]
[ 1, -16, 0, 0, 14, 1, 0, -3, 2 ]
[ 1, -2, 1, -1, 16, 0, 0, -3, 2 ]
[ -1, 1, 10, 1, -2, 1, 0, 0, 31 ]
[ 2, -1, 0, -1, 1, 10, 0, 0, 31 ]
[ -2, 1, 0, 1, -2, 1, -1, 1, 10 ]
[ -1, 16, 0, 0, -1, 11, 0, 0, 31 ]
[ -1, 16, 0, 0, -3, 2, 0, -1, 11 ]
[ 0, 1, -11, -1, 16, 0, 0, 0, 31 ]
[ 0, 3, -2, -1, 16, 0, 0, -1, 11 ]
[ -1, 2, -1, 0, -1, 11, 0, 0, 31 ]
[ -1, 2, -1, 0, -3, 2, 0, -1, 11 ]
[ 1, 1, 0, 0, 31, 0, 0, 3, 1 ]
[ 31, 0, 0, 1, 1, 0, -3, 0, 1 ]
[ -1, -1, 0, 0, -1, 10, 0, 0, 31 ]
[ 1, 1, 0, 0, 3, 1, 0, -1, 10 ]
[ 1, 0, 10, 1, 1, 0, 0, 0, 31 ]
[ 3, 0, -1, 1, 1, 0, 1, 0, 10 ]
[ 31, 0, 0, 4, 1, 0, -3, 0, 1 ]
[ 1, 8, 0, 0, 31, 0, 0, -7, 1 ]
[ 4, 1, 0, 1, 8, 0, 1, 1, 1 ]
[ 1, 0, 10, 4, 1, 0, 0, 0, 31 ]
[ 3, 0, -1, 4, 1, 0, 1, 0, 10 ]
[ -1, -8, 0, 0, -7, 1, 0, 3, 4 ]
[ 1, 1, 1, 1, 8, 0, 0, 3, 4 ]
[ 1, 0, 10, 1, 1, 1, 0, 0, 31 ]
[ -4, -1, 0, 1, 0, 10, 0, 0, 31 ]
[ 4, 1, 0, 1, 1, 1, 1, 0, 10 ]
[ -1, -8, 0, 0, -1, 9, 0, 0, 31 ]
[ 1, 8, 0, 0, 3, 4, 0, -1, 9 ]
[ 0, -1, 9, 1, 8, 0, 0, 0, 31 ]
[ 0, -3, -4, 1, 8, 0, 0, -1, 9 ]
[ -1, -1, -1, 0, -1, 9, 0, 0, 31 ]
[ 1, 1, 1, 0, 3, 4, 0, -1, 9 ]
[ 31, 0, 0, 7, 1, 0, -3, 0, 1 ]
[ 7, 1, 0, -3, 4, 0, -3, 0, 1 ]
[ 1, 0, 10, 7, 1, 0, 0, 0, 31 ]
[ 3, 0, -1, 7, 1, 0, 1, 0, 10 ]
[ 1, 9, 0, 0, 31, 0, 0, -4, 1 ]
[ 3, -4, 0, 1, 9, 0, 0, -4, 1 ]
[ 3, 0, -1, -3, 4, 0, -2, 1, 3 ]
[ -7, -1, 0, 1, 0, 10, 0, 0, 31 ]
[ 7, 1, 0, -3, 0, 1, 1, 0, 10 ]
[ -1, -9, 0, 0, -1, 8, 0, 0, 31 ]
[ -1, -9, 0, 0, -4, 1, 0, -1, 8 ]
[ 0, -1, 8, 1, 9, 0, 0, 0, 31 ]
[ 0, -4, 1, 1, 9, 0, 0, -1, 8 ]
[ -3, 4, 0, 0, -4, 1, 1, -3, 3 ]
[ 2, -1, -3, -3, 4, 0, 2, -2, 5 ]
[ 1, 0, 10, -2, 1, 3, 0, 0, 31 ]
[ 3, 0, -1, -2, 1, 3, 1, 0, 10 ]
[ -1, 3, -3, 0, -1, 8, 0, 0, 31 ]
[ -1, 3, -3, 0, -4, 1, 0, -1, 8 ]
[ -1, 2, 5, 1, -3, 3, 0, 0, 31 ]
[ -3, 4, 0, 1, -3, 3, -1, 2, 5 ]
[ 1, -1, 18, -3, 4, 0, 0, 0, 31 ]
[ 2, -2, 5, -3, 4, 0, 1, -1, 18 ]
[ -2, 1, 3, 1, -1, 18, 0, 0, 31 ]
[ -2, 1, 3, 2, -2, 5, 1, -1, 18 ]
[ 2, -3, -18, -1, 2, 5, 0, 0, 31 ]
[ 3, -4, 0, -2, 3, 18, 0, 0, 31 ]
[ 3, -4, 0, -1, 2, 5, -2, 3, 18 ]
[ 31, 0, 0, 10, 1, 0, -3, 0, 1 ]
[ 1, -3, 0, 0, 31, 0, 0, -9, 1 ]
[ 10, 1, 0, -1, 3, 0, -3, 0, 1 ]
[ 1, 0, 10, 10, 1, 0, 0, 0, 31 ]
[ 3, 0, -1, 10, 1, 0, 1, 0, 10 ]
[ -1, 3, 0, 0, -9, 1, 0, 4, 3 ]
[ 3, 0, -1, -1, 3, 0, 1, 1, 3 ]
[ -10, -1, 0, 1, 0, 10, 0, 0, 31 ]
[ 10, 1, 0, -3, 0, 1, 1, 0, 10 ]
[ -1, 3, 0, 0, -1, 7, 0, 0, 31 ]
[ 1, -3, 0, 0, 4, 3, 0, -1, 7 ]
[ 0, 1, -7, -1, 3, 0, 0, 0, 31 ]
[ -1, -1, -3, 0, -1, 7, 0, 0, 31 ]
[ 1, 1, 3, -1, 3, 0, 0, -1, 7 ]
[ 1, 0, 10, 1, 1, 3, 0, 0, 31 ]
[ 3, 0, -1, 1, 1, 3, 1, 0, 10 ]
[ 31, 0, 0, 13, 1, 0, -3, 0, 1 ]
[ 13, 1, 0, -5, 2, 0, -3, 0, 1 ]
[ 1, 0, 10, 13, 1, 0, 0, 0, 31 ]
[ 3, 0, -1, 13, 1, 0, 1, 0, 10 ]
[ 5, -2, 0, -2, 7, 0, 2, -2, 1 ]
[ -2, 1, 5, -5, 2, 0, 0, 0, 31 ]
[ 3, 0, -1, -5, 2, 0, -2, 1, 5 ]
[ -13, -1, 0, 1, 0, 10, 0, 0, 31 ]
[ 13, 1, 0, -3, 0, 1, 1, 0, 10 ]
[ 1, -19, 0, 0, 31, 0, 0, 5, 1 ]
[ 2, -7, 0, -1, 19, 0, 0, 5, 1 ]
[ 1, -3, -3, -2, 7, 0, 0, 0, 31 ]
[ 2, -2, 1, -2, 7, 0, -1, 3, 3 ]
[ 5, -2, 0, -2, 1, 5, 0, 0, 31 ]
[ -5, 2, 0, 2, -2, 1, -2, 1, 5 ]
[ 1, 0, 10, -2, 1, 5, 0, 0, 31 ]
[ 3, 0, -1, -2, 1, 5, 1, 0, 10 ]
[ -1, 19, 0, 0, -1, 6, 0, 0, 31 ]
[ 1, -19, 0, 0, 5, 1, 0, -1, 6 ]
[ 0, 1, -6, -1, 19, 0, 0, 0, 31 ]
[ 0, 5, 1, -1, 19, 0, 0, -1, 6 ]
[ -2, 7, 0, -1, 3, 3, 0, 0, 31 ]
[ 2, -7, 0, 0, 5, 1, -1, 3, 3 ]
[ 1, -2, -9, -1, 3, 3, 0, 0, 31 ]
[ 2, -2, 1, -1, 3, 3, -1, 2, 9 ]
[ -2, 1, 5, 1, -1, 16, 0, 0, 31 ]
[ -2, 1, 5, 2, -2, 1, 1, -1, 16 ]
[ -1, 3, 3, 0, -1, 6, 0, 0, 31 ]
[ 1, -3, -3, 0, 5, 1, 0, -1, 6 ]
[ 1, -1, 16, -1, 2, 9, 0, 0, 31 ]
[ 2, -2, 1, -1, 2, 9, 1, -1, 16 ]
[ 31, 0, 0, -15, 1, 0, -3, 0, 1 ]
[ 1, 2, 0, 0, 31, 0, 0, 6, 1 ]
[ 15, -1, 0, 1, 2, 0, -3, 0, 1 ]
[ 1, 0, 10, -15, 1, 0, 0, 0, 31 ]
[ 3, 0, -1, -15, 1, 0, 1, 0, 10 ]
[ -1, -2, 0, 0, -1, 5, 0, 0, 31 ]
[ 1, 2, 0, 0, 6, 1, 0, -1, 5 ]
[ 1, 1, 5, 1, 2, 0, 0, 0, 31 ]
[ 3, 0, -1, 1, 2, 0, 1, 1, 5 ]
[ 15, -1, 0, 1, 0, 10, 0, 0, 31 ]
[ -15, 1, 0, -3, 0, 1, 1, 0, 10 ]
[ 1, 0, 10, 1, 1, 5, 0, 0, 31 ]
[ 3, 0, -1, 1, 1, 5, 1, 0, 10 ]
[ 31, 0, 0, -12, 1, 0, -3, 0, 1 ]
[ 12, -1, 0, -5, 3, 0, -3, 0, 1 ]
[ 1, 0, 10, -12, 1, 0, 0, 0, 31 ]
[ 3, 0, -1, -12, 1, 0, 1, 0, 10 ]
[ 5, -3, 0, 2, 5, 0, -3, 0, 1 ]
[ 3, 0, -1, -5, 3, 0, 3, -1, 3 ]
[ 12, -1, 0, 1, 0, 10, 0, 0, 31 ]
[ -12, 1, 0, -3, 0, 1, 1, 0, 10 ]
[ 1, 18, 0, 0, 31, 0, 0, -8, 1 ]
[ 2, 5, 0, 1, 18, 0, 1, 10, 1 ]
[ 1, 2, 2, 2, 5, 0, 0, 0, 31 ]
[ 3, 0, -1, 2, 5, 0, 1, 2, 2 ]
[ -5, 3, 0, -3, 0, 1, 3, -1, 3 ]
[ 2, -1, -7, -5, 3, 0, 0, 0, 31 ]
[ 3, -1, 3, -2, 1, 7, 0, 0, 31 ]
[ 3, -1, 3, -5, 3, 0, -2, 1, 7 ]
[ -1, 0, -10, 3, -1, 3, 0, 0, 31 ]
[ -3, 0, 1, 3, -1, 3, 1, 0, 10 ]
[ -1, -18, 0, 0, -1, 4, 0, 0, 31 ]
[ -1, -18, 0, 0, -8, 1, 0, -1, 4 ]
[ 0, -1, 4, 1, 18, 0, 0, 0, 31 ]
[ -1, -10, -1, 0, -1, 4, 0, 0, 31 ]
[ 1, 10, 1, 1, 18, 0, 0, -1, 4 ]
[ -2, -5, 0, -1, -3, 2, 0, 0, 31 ]
[ 2, 5, 0, 1, 10, 1, -1, -3, 2 ]
[ 1, 1, 6, 1, 2, 2, 0, 0, 31 ]
[ 3, 0, -1, 1, 2, 2, 1, 1, 6 ]
[ 3, -1, 3, 1, 0, 10, 0, 0, 31 ]
[ -3, 1, -3, -3, 0, 1, 1, 0, 10 ]
[ 2, -1, -7, 3, -1, 3, 0, 0, 31 ]
[ -5, 3, 0, -2, 1, 7, 0, 0, 31 ]
[ 5, -3, 0, 3, -1, 3, -2, 1, 7 ]
[ 0, -1, 4, 1, 10, 1, 0, 0, 31 ]
[ -1, -3, 2, 0, -1, 4, 0, 0, 31 ]
[ 1, 3, -2, 1, 10, 1, 0, -1, 4 ]
[ 1, 0, 10, 1, 1, 6, 0, 0, 31 ]
[ 3, 0, -1, 1, 1, 6, 1, 0, 10 ]
[ 31, 0, 0, -9, 1, 0, -3, 0, 1 ]
[ 9, -1, 0, 4, 3, 0, -3, 0, 1 ]
[ 1, 0, 10, -9, 1, 0, 0, 0, 31 ]
[ 3, 0, -1, -9, 1, 0, 1, 0, 10 ]
[ 1, -7, 0, 0, 31, 0, 0, 10, 1 ]
[ 4, 3, 0, -1, 7, 0, 1, 3, 1 ]
[ 3, 0, -1, 4, 3, 0, 0, -1, 3 ]
[ 9, -1, 0, 1, 0, 10, 0, 0, 31 ]
[ -9, 1, 0, -3, 0, 1, 1, 0, 10 ]
[ -1, 7, 0, 0, -1, 3, 0, 0, 31 ]
[ 1, -7, 0, 0, 10, 1, 0, -1, 3 ]
[ 0, 1, -3, -1, 7, 0, 0, 0, 31 ]
[ -1, -3, -1, 0, -1, 3, 0, 0, 31 ]
[ 1, 3, 1, -1, 7, 0, 0, -1, 3 ]
[ 0, -1, 3, 1, 3, 1, 0, 0, 31 ]
[ 4, 3, 0, 1, 3, 1, 0, -1, 3 ]
[ -1, -1, -7, 4, 3, 0, 0, 0, 31 ]
[ 0, -1, 3, 1, 1, 7, 0, 0, 31 ]
[ 0, -1, 3, 4, 3, 0, 1, 1, 7 ]
[ -1, 0, -10, 0, -1, 3, 0, 0, 31 ]
[ -3, 0, 1, 0, -1, 3, 1, 0, 10 ]
[ -1, -1, -7, 0, -1, 3, 0, 0, 31 ]
[ 4, 3, 0, 1, 1, 7, 0, 0, 31 ]
[ -4, -3, 0, 0, -1, 3, 1, 1, 7 ]
[ 31, 0, 0, -6, 1, 0, -3, 0, 1 ]
[ 1, 5, 0, 0, 31, 0, 0, 15, 1 ]
[ 6, -1, 0, 1, 5, 0, -3, 0, 1 ]
[ 1, 0, 10, -6, 1, 0, 0, 0, 31 ]
[ 3, 0, -1, -6, 1, 0, 1, 0, 10 ]
[ -1, -5, 0, 0, -1, 2, 0, 0, 31 ]
[ 1, 5, 0, 0, 15, 1, 0, -1, 2 ]
[ 0, -1, 2, 1, 5, 0, 0, 0, 31 ]
[ 3, 0, -1, 1, 5, 0, 0, -1, 2 ]
[ 6, -1, 0, 1, 0, 10, 0, 0, 31 ]
[ -6, 1, 0, -3, 0, 1, 1, 0, 10 ]
[ -1, 0, -10, 0, -1, 2, 0, 0, 31 ]
[ -3, 0, 1, 0, -1, 2, 1, 0, 10 ]
[ 31, 0, 0, -3, 1, 0, -3, 0, 1 ]
[ -1, -10, 0, 0, -1, 1, 0, 0, 31 ]
[ 1, 10, 0, 0, 31, 0, 0, -1, 1 ]
[ 0, -1, 1, 1, 10, 0, 0, 0, 31 ]
[ 3, -1, 0, 1, 10, 0, 0, -1, 1 ]
[ 1, 0, 10, -3, 1, 0, 0, 0, 31 ]
[ 3, 0, -1, -3, 1, 0, 1, 0, 10 ]
[ -1, 0, -10, 0, -1, 1, 0, 0, 31 ]
[ 3, -1, 0, 1, 0, 10, 0, 0, 31 ]
[ -3, 1, 0, 0, -1, 1, 1, 0, 10 ]
[ 31, 0, 0, 0, 1, 0, -14, 0, 1 ]
[ 14, 0, -1, 0, 1, 0, 3, 0, 2 ]
[ 1, 0, 11, 0, 1, 0, 0, 0, 31 ]
[ 3, 0, 2, 0, 1, 0, 1, 0, 11 ]
[ 31, 0, 0, 14, 1, 0, -14, 0, 1 ]
[ 14, 1, 0, -3, 2, 0, 0, 1, 1 ]
[ 14, 0, -1, 14, 1, 0, 3, 0, 2 ]
[ 1, -11, 0, 0, 1, 1, 0, 0, 31 ]
[ 1, -11, 0, 0, 31, 0, 0, 1, 1 ]
[ 0, 1, 1, -1, 11, 0, 0, 0, 31 ]
[ 3, -2, 0, -1, 11, 0, 0, 1, 1 ]
[ -1, 1, -10, -3, 2, 0, 0, 0, 31 ]
[ 0, -1, -1, 1, -1, 10, 0, 0, 31 ]
[ 0, 1, 1, -3, 2, 0, 1, -1, 10 ]
[ 14, 1, 0, 0, 1, 1, 3, 0, 2 ]
[ 1, 0, 11, 14, 1, 0, 0, 0, 31 ]
[ 3, 0, 2, 14, 1, 0, 1, 0, 11 ]
[ 1, -1, 10, 0, 1, 1, 0, 0, 31 ]
[ -3, 2, 0, 1, -1, 10, 0, 0, 31 ]
[ 3, -2, 0, 0, 1, 1, 1, -1, 10 ]
[ 1, 0, 11, 0, 1, 1, 0, 0, 31 ]
[ 3, 0, 2, 0, 1, 1, 1, 0, 11 ]
[ -14, -1, 0, 1, 0, 11, 0, 0, 31 ]
[ -14, -1, 0, 3, 0, 2, 1, 0, 11 ]
[ 31, 0, 0, -3, 1, 0, -14, 0, 1 ]
[ 1, 10, 0, 0, 31, 0, 0, -15, 1 ]
[ 3, -1, 0, 1, 10, 0, 1, -5, 1 ]
[ 14, 0, -1, -3, 1, 0, 3, 0, 2 ]
[ 1, 10, 0, 0, 1, 2, 0, 0, 31 ]
[ -1, -10, 0, 0, -15, 1, 0, 1, 2 ]
[ 0, -1, -2, 1, 10, 0, 0, 0, 31 ]
[ 1, -5, 1, 0, 1, 2, 0, 0, 31 ]
[ 1, -5, 1, 1, 10, 0, 0, 1, 2 ]
[ 0, -1, -2, 1, -5, 1, 0, 0, 31 ]
[ -3, 1, 0, 1, -5, 1, 0, 1, 2 ]
[ 1, 0, 11, -3, 1, 0, 0, 0, 31 ]
[ 3, 0, 2, -3, 1, 0, 1, 0, 11 ]
[ 1, 0, 11, 0, 1, 2, 0, 0, 31 ]
[ 3, -1, 0, 1, 0, 11, 0, 0, 31 ]
[ 3, -1, 0, 0, 1, 2, 1, 0, 11 ]
[ 31, 0, 0, 11, 1, 0, -14, 0, 1 ]
[ 11, 1, 0, 2, 3, 0, -3, 1, 1 ]
[ 14, 0, -1, 11, 1, 0, 3, 0, 2 ]
[ 1, 17, 0, 0, 31, 0, 0, -10, 1 ]
[ 2, 3, 0, 1, 17, 0, 1, 7, 1 ]
[ 3, -1, -1, 2, 3, 0, 0, 1, 3 ]
[ 11, 1, 0, -3, 1, 1, 3, 0, 2 ]
[ 1, 0, 11, 11, 1, 0, 0, 0, 31 ]
[ 3, 0, 2, 11, 1, 0, 1, 0, 11 ]
[ 1, 17, 0, 0, 1, 3, 0, 0, 31 ]
[ -1, -17, 0, 0, -10, 1, 0, 1, 3 ]
[ 0, -1, -3, 1, 17, 0, 0, 0, 31 ]
[ 1, 7, 1, 0, 1, 3, 0, 0, 31 ]
[ 1, 7, 1, 1, 17, 0, 0, 1, 3 ]
[ 0, -1, -3, 1, 7, 1, 0, 0, 31 ]
[ 2, 3, 0, 1, 7, 1, 0, 1, 3 ]
[ -1, -2, -17, 2, 3, 0, 0, 0, 31 ]
[ 0, -1, -3, 1, 2, 17, 0, 0, 31 ]
[ 0, -1, -3, 2, 3, 0, 1, 2, 17 ]
[ 1, 0, 11, 0, 1, 3, 0, 0, 31 ]
[ 3, -1, -1, 1, 0, 11, 0, 0, 31 ]
[ 3, -1, -1, 0, 1, 3, 1, 0, 11 ]
[ 1, 0, 11, -3, 1, 1, 0, 0, 31 ]
[ 3, 0, 2, -3, 1, 1, 1, 0, 11 ]
[ -11, -1, 0, 1, 0, 11, 0, 0, 31 ]
[ -11, -1, 0, 3, 0, 2, 1, 0, 11 ]
[ 1, 2, 17, 0, 1, 3, 0, 0, 31 ]
[ 2, 3, 0, 1, 2, 17, 0, 0, 31 ]
[ 2, 3, 0, 0, 1, 3, 1, 2, 17 ]
[ 31, 0, 0, -6, 1, 0, -14, 0, 1 ]
[ 1, 5, 0, 0, 31, 0, 0, 8, 1 ]
[ 6, -1, 0, 1, 5, 0, -2, -2, 1 ]
[ 14, 0, -1, -6, 1, 0, 3, 0, 2 ]
[ 1, 5, 0, 0, 1, 4, 0, 0, 31 ]
[ 1, 5, 0, 0, 8, 1, 0, 1, 4 ]
[ 0, -1, -4, 1, 5, 0, 0, 0, 31 ]
[ 2, 2, -1, 1, 5, 0, 0, 1, 4 ]
[ -6, 1, 0, -2, -2, 1, 3, 0, 2 ]
[ 1, 0, 11, -6, 1, 0, 0, 0, 31 ]
[ 3, 0, 2, -6, 1, 0, 1, 0, 11 ]
[ 1, 1, -16, 0, 1, 4, 0, 0, 31 ]
[ 2, 2, -1, 0, 1, 4, -1, -1, 16 ]
[ -3, 0, -2, -2, -2, 1, -2, -1, 5 ]
[ 6, -1, 0, 1, 0, 11, 0, 0, 31 ]
[ 6, -1, 0, 3, 0, 2, 1, 0, 11 ]
[ -2, -1, 5, -1, -1, 16, 0, 0, 31 ]
[ -2, -1, 5, -2, -2, 1, -1, -1, 16 ]
[ -1, 0, -11, -2, -1, 5, 0, 0, 31 ]
[ -3, 0, -2, -2, -1, 5, 1, 0, 11 ]
[ 31, 0, 0, 8, 1, 0, -14, 0, 1 ]
[ 1, 4, 0, 0, 31, 0, 0, -6, 1 ]
[ 8, 1, 0, 1, 4, 0, 2, 2, 1 ]
[ 14, 0, -1, 8, 1, 0, 3, 0, 2 ]
[ 1, 4, 0, 0, 1, 5, 0, 0, 31 ]
[ -1, -4, 0, 0, -6, 1, 0, 1, 5 ]
[ 0, -1, -5, 1, 4, 0, 0, 0, 31 ]
[ 2, 2, 1, 1, 4, 0, 0, 1, 5 ]
[ 8, 1, 0, 2, 2, 1, 3, 0, 2 ]
[ 1, 0, 11, 8, 1, 0, 0, 0, 31 ]
[ 3, 0, 2, 8, 1, 0, 1, 0, 11 ]
[ 1, 1, 16, 0, 1, 5, 0, 0, 31 ]
[ 2, 2, 1, 0, 1, 5, 1, 1, 16 ]
[ 3, 0, 2, 2, 2, 1, 0, 1, 5 ]
[ -8, -1, 0, 1, 0, 11, 0, 0, 31 ]
[ -8, -1, 0, 3, 0, 2, 1, 0, 11 ]
[ 0, -1, -5, 1, 1, 16, 0, 0, 31 ]
[ 0, -1, -5, 2, 2, 1, 1, 1, 16 ]
[ 1, 0, 11, 0, 1, 5, 0, 0, 31 ]
[ 3, 0, 2, 0, 1, 5, 1, 0, 11 ]
[ 31, 0, 0, -9, 1, 0, -14, 0, 1 ]
[ 9, -1, 0, 4, 3, 0, -5, -1, 1 ]
[ 14, 0, -1, -9, 1, 0, 3, 0, 2 ]
[ 1, -7, 0, 0, 31, 0, 0, -5, 1 ]
[ 4, 3, 0, -1, 7, 0, -1, 2, 1 ]
[ 5, 1, -1, 4, 3, 0, -2, -1, 3 ]
[ -9, 1, 0, -5, -1, 1, 3, 0, 2 ]
[ 1, 0, 11, -9, 1, 0, 0, 0, 31 ]
[ 3, 0, 2, -9, 1, 0, 1, 0, 11 ]
[ 1, -7, 0, 0, 1, 6, 0, 0, 31 ]
[ -1, 7, 0, 0, -5, 1, 0, 1, 6 ]
[ 0, 1, 6, -1, 7, 0, 0, 0, 31 ]
[ 1, -2, -1, 0, 1, 6, 0, 0, 31 ]
[ 1, -2, -1, -1, 7, 0, 0, 1, 6 ]
[ 4, 3, 0, -1, 2, 1, -2, -1, 3 ]
[ -1, -1, -17, 4, 3, 0, 0, 0, 31 ]
[ 2, 1, -3, 1, 1, 17, 0, 0, 31 ]
[ 2, 1, -3, 4, 3, 0, 1, 1, 17 ]
[ -1, 0, -11, -2, -1, 3, 0, 0, 31 ]
[ -5, -1, 1, 1, 0, 11, 0, 0, 31 ]
[ -5, -1, 1, -2, -1, 3, 1, 0, 11 ]
[ -1, 0, -11, -5, -1, 1, 0, 0, 31 ]
[ -3, 0, -2, -5, -1, 1, 1, 0, 11 ]
[ 9, -1, 0, 1, 0, 11, 0, 0, 31 ]
[ 9, -1, 0, 3, 0, 2, 1, 0, 11 ]
[ 0, 1, 6, -1, 2, 1, 0, 0, 31 ]
[ 2, 1, -3, -1, 2, 1, 0, 1, 6 ]
[ 1, 1, 17, -2, -1, 3, 0, 0, 31 ]
[ 4, 3, 0, 1, 1, 17, 0, 0, 31 ]
[ 4, 3, 0, -2, -1, 3, 1, 1, 17 ]
[ 1, 0, -20, 0, 1, 6, 0, 0, 31 ]
[ 2, 1, -3, -1, 0, 20, 0, 0, 31 ]
[ 2, 1, -3, 0, 1, 6, -1, 0, 20 ]
[ 31, 0, 0, 5, 1, 0, -14, 0, 1 ]
[ 1, -6, 0, 0, 31, 0, 0, 9, 1 ]
[ 5, 1, 0, -1, 6, 0, 1, 3, 1 ]
[ 14, 0, -1, 5, 1, 0, 3, 0, 2 ]
[ 1, -6, 0, 0, 9, 1, 0, -4, 3 ]
[ 1, 3, 1, -1, 6, 0, 0, -4, 3 ]
[ 5, 1, 0, 1, 3, 1, -2, -1, 2 ]
[ 1, 0, 11, 5, 1, 0, 0, 0, 31 ]
[ 3, 0, 2, 5, 1, 0, 1, 0, 11 ]
[ 1, -6, 0, 0, 1, 7, 0, 0, 31 ]
[ -1, 6, 0, 0, -4, 3, 0, 1, 7 ]
[ 0, 1, 7, -1, 6, 0, 0, 0, 31 ]
[ 0, 4, -3, -1, 6, 0, 0, 1, 7 ]
[ 1, 3, 1, 0, 1, 7, 0, 0, 31 ]
[ -1, -3, -1, 0, -4, 3, 0, 1, 7 ]
[ 0, -1, -7, 1, 3, 1, 0, 0, 31 ]
[ 2, 1, -2, 1, 3, 1, 0, 1, 7 ]
[ -1, 0, -11, -2, -1, 2, 0, 0, 31 ]
[ -5, -1, 0, 1, 0, 11, 0, 0, 31 ]
[ -5, -1, 0, -2, -1, 2, 1, 0, 11 ]
[ 1, 0, -20, 0, 1, 7, 0, 0, 31 ]
[ 2, 1, -2, -1, 0, 20, 0, 0, 31 ]
[ 2, 1, -2, 0, 1, 7, -1, 0, 20 ]
[ 31, 0, 0, -12, 1, 0, -14, 0, 1 ]
[ 12, -1, 0, -5, 3, 0, -2, -1, 1 ]
[ 14, 0, -1, -12, 1, 0, 3, 0, 2 ]
[ 5, -3, 0, 2, 5, 0, -2, -1, 1 ]
[ 2, 1, -1, -5, 3, 0, 1, -1, 3 ]
[ -12, 1, 0, -2, -1, 1, 3, 0, 2 ]
[ 1, 0, 11, -12, 1, 0, 0, 0, 31 ]
[ 3, 0, 2, -12, 1, 0, 1, 0, 11 ]
[ 1, 18, 0, 0, 31, 0, 0, 4, 1 ]
[ 2, 5, 0, 1, 18, 0, 0, 4, 1 ]
[ 1, 2, -4, 2, 5, 0, 0, 0, 31 ]
[ 2, 1, -1, 2, 5, 0, -1, -2, 4 ]
[ -5, 3, 0, -2, -1, 1, 1, -1, 3 ]
[ 2, -1, -17, -5, 3, 0, 0, 0, 31 ]
[ -1, 1, -3, -2, 1, 17, 0, 0, 31 ]
[ -1, 1, -3, -5, 3, 0, -2, 1, 17 ]
[ -1, 0, -11, 1, -1, 3, 0, 0, 31 ]
[ -2, -1, 1, 1, 0, 11, 0, 0, 31 ]
[ -2, -1, 1, 1, -1, 3, 1, 0, 11 ]
[ -1, 0, -11, -2, -1, 1, 0, 0, 31 ]
[ -3, 0, -2, -2, -1, 1, 1, 0, 11 ]
[ 12, -1, 0, 1, 0, 11, 0, 0, 31 ]
[ 12, -1, 0, 3, 0, 2, 1, 0, 11 ]
[ 1, 18, 0, 0, 1, 8, 0, 0, 31 ]
[ 1, 18, 0, 0, 4, 1, 0, 1, 8 ]
[ 0, -1, -8, 1, 18, 0, 0, 0, 31 ]
[ 0, -4, -1, 1, 18, 0, 0, 1, 8 ]
[ 2, 5, 0, 1, 3, 4, 0, 0, 31 ]
[ 2, 5, 0, 0, 4, 1, 1, 3, 4 ]
[ -1, -1, 12, -1, -2, 4, 0, 0, 31 ]
[ -2, -1, 1, -1, -1, 12, 0, 0, 31 ]
[ -2, -1, 1, -1, -2, 4, -1, -1, 12 ]
[ 1, -1, 3, 1, 0, 11, 0, 0, 31 ]
[ -1, 1, -3, -2, -1, 1, 1, 0, 11 ]
[ -2, 1, 17, 1, -1, 3, 0, 0, 31 ]
[ -5, 3, 0, -2, 1, 17, 0, 0, 31 ]
[ -5, 3, 0, 1, -1, 3, -2, 1, 17 ]
[ -1, 0, -11, -2, -1, 1, 0, 0, 31 ]
[ 1, 3, 4, 0, 1, 8, 0, 0, 31 ]
[ 1, 3, 4, 0, 4, 1, 0, 1, 8 ]
[ 31, 0, 0, 2, 1, 0, -14, 0, 1 ]
[ 1, 16, 0, 0, 31, 0, 0, 7, 1 ]
[ 2, 1, 0, 1, 16, 0, 0, 7, 1 ]
[ 14, 0, -1, 2, 1, 0, 3, 0, 2 ]
[ 1, 16, 0, 0, 7, 1, 0, -3, 4 ]
[ 0, -7, -1, 1, 16, 0, 0, -3, 4 ]
[ 2, 1, 0, 0, 7, 1, 1, -1, 2 ]
[ 1, 0, 11, 2, 1, 0, 0, 0, 31 ]
[ 3, 0, 2, 2, 1, 0, 1, 0, 11 ]
[ 1, 16, 0, 0, 1, 9, 0, 0, 31 ]
[ -1, -16, 0, 0, -3, 4, 0, 1, 9 ]
[ 0, -1, -9, 1, 16, 0, 0, 0, 31 ]
[ 0, -3, 4, 1, 16, 0, 0, 1, 9 ]
[ 1, -1, 2, 0, 7, 1, 0, -3, 4 ]
[ -1, 0, -11, 1, -1, 2, 0, 0, 31 ]
[ -2, -1, 0, 1, 0, 11, 0, 0, 31 ]
[ -2, -1, 0, 1, -1, 2, 1, 0, 11 ]
[ 1, -1, 2, 0, 1, 9, 0, 0, 31 ]
[ -1, 1, -2, 0, -3, 4, 0, 1, 9 ]
[ 31, 0, 0, -15, 1, 0, -14, 0, 1 ]
[ 1, 2, 0, 0, 31, 0, 0, -3, 1 ]
[ 15, -1, 0, 1, 2, 0, 1, -1, 1 ]
[ 14, 0, -1, -15, 1, 0, 3, 0, 2 ]
[ 1, 2, 0, 0, 1, 10, 0, 0, 31 ]
[ -1, -2, 0, 0, -3, 1, 0, 1, 10 ]
[ 0, -1, -10, 1, 2, 0, 0, 0, 31 ]
[ 1, -1, 1, 0, 1, 10, 0, 0, 31 ]
[ 1, -1, 1, 1, 2, 0, 0, 1, 10 ]
[ -15, 1, 0, 1, -1, 1, 3, 0, 2 ]
[ 1, 0, 11, -15, 1, 0, 0, 0, 31 ]
[ 3, 0, 2, -15, 1, 0, 1, 0, 11 ]
[ -1, 0, -11, 1, -1, 1, 0, 0, 31 ]
[ -3, 0, -2, 1, -1, 1, 1, 0, 11 ]
[ 15, -1, 0, 1, 0, 11, 0, 0, 31 ]
[ 15, -1, 0, 3, 0, 2, 1, 0, 11 ]
[ 1, -1, 0, 0, 31, 0, 0, -14, 1 ]
[ 31, 0, 0, -1, 1, 0, -14, 0, 1 ]
[ -1, 1, 0, 0, -14, 1, 0, 3, 2 ]
[ 14, 0, -1, -1, 1, 0, 3, 0, 2 ]
[ 1, -1, 0, 0, 1, 11, 0, 0, 31 ]
[ 1, -1, 0, 0, 3, 2, 0, 1, 11 ]
[ 1, 0, 11, -1, 1, 0, 0, 0, 31 ]
[ 3, 0, 2, -1, 1, 0, 1, 0, 11 ]
[ 31, 0, 0, 13, 1, 0, -14, 0, 1 ]
[ 13, 1, 0, -5, 2, 0, -1, 1, 1 ]
[ 14, 0, -1, 13, 1, 0, 3, 0, 2 ]
[ 5, -2, 0, -2, 7, 0, -1, 1, 1 ]
[ -2, 1, -10, -5, 2, 0, 0, 0, 31 ]
[ 1, -1, -1, 2, -1, 10, 0, 0, 31 ]
[ -1, 1, 1, -5, 2, 0, 2, -1, 10 ]
[ 13, 1, 0, -1, 1, 1, 3, 0, 2 ]
[ 1, 0, 11, 13, 1, 0, 0, 0, 31 ]
[ 3, 0, 2, 13, 1, 0, 1, 0, 11 ]
[ 1, -19, 0, 0, 31, 0, 0, 13, 1 ]
[ 2, -7, 0, -1, 19, 0, 1, -6, 1 ]
[ 1, -3, 6, -2, 7, 0, 0, 0, 31 ]
[ 1, -1, -1, -2, 7, 0, 1, -3, 6 ]
[ 2, -1, 10, -1, 1, 1, 0, 0, 31 ]
[ -5, 2, 0, 2, -1, 10, 0, 0, 31 ]
[ 5, -2, 0, -1, 1, 1, 2, -1, 10 ]
[ 1, 0, 11, -1, 1, 1, 0, 0, 31 ]
[ 3, 0, 2, -1, 1, 1, 1, 0, 11 ]
[ -13, -1, 0, 1, 0, 11, 0, 0, 31 ]
[ -13, -1, 0, 3, 0, 2, 1, 0, 11 ]
[ 1, -19, 0, 0, 13, 1, 0, -5, 2 ]
[ 1, -6, 1, -1, 19, 0, 0, -5, 2 ]
[ 2, -7, 0, -1, 4, 6, 0, 0, 31 ]
[ -2, 7, 0, 1, -6, 1, -1, 4, 6 ]
[ 0, -1, 19, 1, -3, 6, 0, 0, 31 ]
[ -1, 1, 1, 0, -1, 19, 0, 0, 31 ]
[ -1, 1, 1, 1, -3, 6, 0, -1, 19 ]
[ -1, 19, 0, 0, -5, 2, 0, -2, 7 ]
[ 0, 5, -2, -1, 19, 0, 0, -2, 7 ]
[ -1, 6, -1, 0, -5, 2, 0, -2, 7 ]
[ 0, -1, 19, 1, -6, 1, 0, 0, 31 ]
[ -1, 4, 6, 0, -1, 19, 0, 0, 31 ]
[ -1, 4, 6, 1, -6, 1, 0, -1, 19 ]
[ -1, 19, 0, 0, -1, 19, 0, 0, 31 ]
[ -1, 19, 0, 0, -2, 7, 0, -1, 19 ]
[ 0, 1, -19, -1, 19, 0, 0, 0, 31 ]
[ 0, 2, -7, -1, 19, 0, 0, -1, 19 ]
[ -1, 6, -1, 0, -1, 19, 0, 0, 31 ]
[ -1, 6, -1, 0, -2, 7, 0, -1, 19 ]
[ 31, 0, 0, -4, 1, 0, -14, 0, 1 ]
[ 1, -8, 0, 0, 31, 0, 0, 12, 1 ]
[ 4, -1, 0, -1, 8, 0, 2, -4, 1 ]
[ 14, 0, -1, -4, 1, 0, 3, 0, 2 ]
[ 1, -8, 0, 0, 12, 1, 0, 5, 3 ]
[ 2, -4, 1, -1, 8, 0, 1, -3, 3 ]
[ -4, 1, 0, 2, -4, 1, -1, 1, 2 ]
[ 1, 0, 11, -4, 1, 0, 0, 0, 31 ]
[ 3, 0, 2, -4, 1, 0, 1, 0, 11 ]
[ 1, -8, 0, 0, 5, 3, 0, -2, 5 ]
[ 1, -3, 3, -1, 8, 0, 0, -2, 5 ]
[ -1, 2, -16, 1, -3, 3, 0, 0, 31 ]
[ -2, 4, -1, 1, -3, 3, 1, -2, 16 ]
[ -1, 1, 2, 1, -2, 16, 0, 0, 31 ]
[ -1, 1, 2, 2, -4, 1, 1, -2, 16 ]
[ 1, 0, 11, -1, 1, 2, 0, 0, 31 ]
[ 4, -1, 0, 1, 0, 11, 0, 0, 31 ]
[ 4, -1, 0, -1, 1, 2, 1, 0, 11 ]
[ -1, 8, 0, 0, -1, 18, 0, 0, 31 ]
[ -1, 8, 0, 0, -2, 5, 0, -1, 18 ]
[ 0, 1, -18, -1, 8, 0, 0, 0, 31 ]
[ 0, 2, -5, -1, 8, 0, 0, -1, 18 ]
[ -1, 3, -3, 0, -1, 18, 0, 0, 31 ]
[ -1, 3, -3, 0, -2, 5, 0, -1, 18 ]
[ 31, 0, 0, 10, 1, 0, -14, 0, 1 ]
[ 1, -3, 0, 0, 31, 0, 0, -11, 1 ]
[ 10, 1, 0, -1, 3, 0, -4, 1, 1 ]
[ 14, 0, -1, 10, 1, 0, 3, 0, 2 ]
[ -1, 3, 0, 0, -11, 1, 0, -2, 3 ]
[ 4, -1, -1, -1, 3, 0, -1, 1, 3 ]
[ 10, 1, 0, -4, 1, 1, 3, 0, 2 ]
[ 1, 0, 11, 10, 1, 0, 0, 0, 31 ]
[ 3, 0, 2, 10, 1, 0, 1, 0, 11 ]
[ -1, 3, 0, 0, -1, 17, 0, 0, 31 ]
[ -1, 3, 0, 0, -2, 3, 0, -1, 17 ]
[ 1, -2, -17, -1, 3, 0, 0, 0, 31 ]
[ 1, -1, -3, -1, 2, 17, 0, 0, 31 ]
[ 1, -1, -3, -1, 3, 0, -1, 2, 17 ]
[ 1, 0, 11, -1, 1, 3, 0, 0, 31 ]
[ 4, -1, -1, 1, 0, 11, 0, 0, 31 ]
[ 4, -1, -1, -1, 1, 3, 1, 0, 11 ]
[ 1, 0, 11, -4, 1, 1, 0, 0, 31 ]
[ 3, 0, 2, -4, 1, 1, 1, 0, 11 ]
[ -10, -1, 0, 1, 0, 11, 0, 0, 31 ]
[ -10, -1, 0, 3, 0, 2, 1, 0, 11 ]
[ 31, 0, 0, -7, 1, 0, -14, 0, 1 ]
[ 7, -1, 0, 3, 4, 0, 0, -2, 1 ]
[ 14, 0, -1, -7, 1, 0, 3, 0, 2 ]
[ 1, -9, 0, 0, 31, 0, 0, -2, 1 ]
[ 3, 4, 0, -1, 9, 0, 0, -2, 1 ]
[ 1, 1, -5, 3, 4, 0, 0, 0, 31 ]
[ 0, -2, 1, 3, 4, 0, -1, -1, 5 ]
[ -7, 1, 0, 0, -2, 1, 3, 0, 2 ]
[ 1, 0, 11, -7, 1, 0, 0, 0, 31 ]
[ 3, 0, 2, -7, 1, 0, 1, 0, 11 ]
[ -1, 9, 0, 0, -1, 16, 0, 0, 31 ]
[ -1, 9, 0, 0, -2, 1, 0, -1, 16 ]
[ 0, 1, -16, -1, 9, 0, 0, 0, 31 ]
[ 0, 2, -1, -1, 9, 0, 0, -1, 16 ]
[ 3, 4, 0, -1, -1, 5, 0, 0, 31 ]
[ -3, -4, 0, 0, -2, 1, -1, -1, 5 ]
[ 0, 1, -16, -1, -1, 5, 0, 0, 31 ]
[ 0, 2, -1, -1, -1, 5, 0, -1, 16 ]
[ -3, 0, -2, 0, -2, 1, -1, -1, 5 ]
[ 7, -1, 0, 1, 0, 11, 0, 0, 31 ]
[ 7, -1, 0, 3, 0, 2, 1, 0, 11 ]
[ -1, -1, 5, 0, -1, 16, 0, 0, 31 ]
[ -1, -1, 5, 0, -2, 1, 0, -1, 16 ]
[ -1, -1, 5, 0, -1, 16, 0, 0, 31 ]
[ -1, -1, 5, 0, -2, 1, 0, -1, 16 ]
[ -1, 0, -11, -1, -1, 5, 0, 0, 31 ]
[ -3, 0, -2, -1, -1, 5, 1, 0, 11 ]
[ 31, 0, 0, 7, 1, 0, -14, 0, 1 ]
[ 7, 1, 0, -3, 4, 0, 0, 2, 1 ]
[ 14, 0, -1, 7, 1, 0, 3, 0, 2 ]
[ 1, 9, 0, 0, 31, 0, 0, 2, 1 ]
[ 3, -4, 0, 1, 9, 0, 0, 2, 1 ]
[ 1, -1, -5, -3, 4, 0, 0, 0, 31 ]
[ 0, 2, 1, -3, 4, 0, -1, 1, 5 ]
[ 7, 1, 0, 0, 2, 1, 3, 0, 2 ]
[ 1, 0, 11, 7, 1, 0, 0, 0, 31 ]
[ 3, 0, 2, 7, 1, 0, 1, 0, 11 ]
[ 1, 9, 0, 0, 1, 16, 0, 0, 31 ]
[ 1, 9, 0, 0, 2, 1, 0, 1, 16 ]
[ 0, -1, -16, 1, 9, 0, 0, 0, 31 ]
[ 0, -2, -1, 1, 9, 0, 0, 1, 16 ]
[ -3, 4, 0, -1, 1, 5, 0, 0, 31 ]
[ 3, -4, 0, 0, 2, 1, -1, 1, 5 ]
[ 0, 1, 16, -1, 1, 5, 0, 0, 31 ]
[ 0, 2, 1, -1, 1, 5, 0, 1, 16 ]
[ 3, 0, 2, 0, 2, 1, -1, 1, 5 ]
[ -7, -1, 0, 1, 0, 11, 0, 0, 31 ]
[ -7, -1, 0, 3, 0, 2, 1, 0, 11 ]
[ 1, -1, -5, 0, 1, 16, 0, 0, 31 ]
[ 1, -1, -5, 0, 2, 1, 0, 1, 16 ]
[ 1, -1, -5, 0, 1, 16, 0, 0, 31 ]
[ 1, -1, -5, 0, 2, 1, 0, 1, 16 ]
[ 1, 0, 11, -1, 1, 5, 0, 0, 31 ]
[ 3, 0, 2, -1, 1, 5, 1, 0, 11 ]
[ 31, 0, 0, -10, 1, 0, -14, 0, 1 ]
[ 1, 3, 0, 0, 31, 0, 0, 11, 1 ]
[ 10, -1, 0, 1, 3, 0, -4, -1, 1 ]
[ 14, 0, -1, -10, 1, 0, 3, 0, 2 ]
[ 1, 3, 0, 0, 11, 1, 0, 2, 3 ]
[ 4, 1, -1, 1, 3, 0, -1, -1, 3 ]
[ -10, 1, 0, -4, -1, 1, 3, 0, 2 ]
[ 1, 0, 11, -10, 1, 0, 0, 0, 31 ]
[ 3, 0, 2, -10, 1, 0, 1, 0, 11 ]
[ 1, 3, 0, 0, 1, 17, 0, 0, 31 ]
[ 1, 3, 0, 0, 2, 3, 0, 1, 17 ]
[ 0, -1, -17, 1, 3, 0, 0, 0, 31 ]
[ 1, 1, -3, 0, 1, 17, 0, 0, 31 ]
[ 1, 1, -3, 1, 3, 0, 0, 1, 17 ]
[ -1, 0, -11, -1, -1, 3, 0, 0, 31 ]
[ -4, -1, 1, 1, 0, 11, 0, 0, 31 ]
[ -4, -1, 1, -1, -1, 3, 1, 0, 11 ]
[ -1, 0, -11, -4, -1, 1, 0, 0, 31 ]
[ -3, 0, -2, -4, -1, 1, 1, 0, 11 ]
[ 10, -1, 0, 1, 0, 11, 0, 0, 31 ]
[ 10, -1, 0, 3, 0, 2, 1, 0, 11 ]
[ 31, 0, 0, 4, 1, 0, -14, 0, 1 ]
[ 1, 8, 0, 0, 31, 0, 0, -12, 1 ]
[ 4, 1, 0, 1, 8, 0, 2, 4, 1 ]
[ 14, 0, -1, 4, 1, 0, 3, 0, 2 ]
[ -1, -8, 0, 0, -12, 1, 0, -5, 3 ]
[ 2, 4, 1, 1, 8, 0, 1, 3, 3 ]
[ 4, 1, 0, 2, 4, 1, -1, -1, 2 ]
[ 1, 0, 11, 4, 1, 0, 0, 0, 31 ]
[ 3, 0, 2, 4, 1, 0, 1, 0, 11 ]
[ -1, -8, 0, 0, -5, 3, 0, 2, 5 ]
[ 1, 3, 3, 1, 8, 0, 0, 2, 5 ]
[ 1, 2, 16, 1, 3, 3, 0, 0, 31 ]
[ 2, 4, 1, 1, 3, 3, 1, 2, 16 ]
[ 1, 1, -2, 1, 2, 16, 0, 0, 31 ]
[ 1, 1, -2, 2, 4, 1, 1, 2, 16 ]
[ -1, 0, -11, -1, -1, 2, 0, 0, 31 ]
[ -4, -1, 0, 1, 0, 11, 0, 0, 31 ]
[ -4, -1, 0, -1, -1, 2, 1, 0, 11 ]
[ 1, 8, 0, 0, 1, 18, 0, 0, 31 ]
[ 1, 8, 0, 0, 2, 5, 0, 1, 18 ]
[ 0, -1, -18, 1, 8, 0, 0, 0, 31 ]
[ 0, -2, -5, 1, 8, 0, 0, 1, 18 ]
[ 1, 3, 3, 0, 1, 18, 0, 0, 31 ]
[ 1, 3, 3, 0, 2, 5, 0, 1, 18 ]
[ 31, 0, 0, -13, 1, 0, -14, 0, 1 ]
[ 13, -1, 0, 5, 2, 0, -1, -1, 1 ]
[ 14, 0, -1, -13, 1, 0, 3, 0, 2 ]
[ 5, 2, 0, 2, 7, 0, -1, -1, 1 ]
[ -2, -1, -10, 5, 2, 0, 0, 0, 31 ]
[ -1, -1, 1, 2, 1, 10, 0, 0, 31 ]
[ -1, -1, 1, 5, 2, 0, 2, 1, 10 ]
[ -13, 1, 0, -1, -1, 1, 3, 0, 2 ]
[ 1, 0, 11, -13, 1, 0, 0, 0, 31 ]
[ 3, 0, 2, -13, 1, 0, 1, 0, 11 ]
[ 1, 19, 0, 0, 31, 0, 0, -13, 1 ]
[ 2, 7, 0, 1, 19, 0, 1, 6, 1 ]
[ 1, 3, 6, 2, 7, 0, 0, 0, 31 ]
[ 1, 1, -1, 2, 7, 0, 1, 3, 6 ]
[ -2, -1, -10, -1, -1, 1, 0, 0, 31 ]
[ 5, 2, 0, 2, 1, 10, 0, 0, 31 ]
[ -5, -2, 0, -1, -1, 1, 2, 1, 10 ]
[ -1, 0, -11, -1, -1, 1, 0, 0, 31 ]
[ -3, 0, -2, -1, -1, 1, 1, 0, 11 ]
[ 13, -1, 0, 1, 0, 11, 0, 0, 31 ]
[ 13, -1, 0, 3, 0, 2, 1, 0, 11 ]
[ -1, -19, 0, 0, -13, 1, 0, 5, 2 ]
[ 1, 6, 1, 1, 19, 0, 0, 5, 2 ]
[ -2, -7, 0, -1, -4, 6, 0, 0, 31 ]
[ 2, 7, 0, 1, 6, 1, -1, -4, 6 ]
[ 0, -1, -19, 1, 3, 6, 0, 0, 31 ]
[ 1, 1, -1, 0, 1, 19, 0, 0, 31 ]
[ 1, 1, -1, 1, 3, 6, 0, 1, 19 ]
[ 1, 19, 0, 0, 5, 2, 0, 2, 7 ]
[ 0, -5, -2, 1, 19, 0, 0, 2, 7 ]
[ 1, 6, 1, 0, 5, 2, 0, 2, 7 ]
[ 0, -1, -19, 1, 6, 1, 0, 0, 31 ]
[ 1, 4, -6, 0, 1, 19, 0, 0, 31 ]
[ 1, 4, -6, 1, 6, 1, 0, 1, 19 ]
[ 1, 19, 0, 0, 1, 19, 0, 0, 31 ]
[ 1, 19, 0, 0, 2, 7, 0, 1, 19 ]
[ 0, -1, -19, 1, 19, 0, 0, 0, 31 ]
[ 0, -2, -7, 1, 19, 0, 0, 1, 19 ]
[ 1, 6, 1, 0, 1, 19, 0, 0, 31 ]
[ 1, 6, 1, 0, 2, 7, 0, 1, 19 ]
[ 1, 1, 0, 0, 31, 0, 0, 14, 1 ]
[ 31, 0, 0, 1, 1, 0, -14, 0, 1 ]
[ 1, 1, 0, 0, 14, 1, 0, -3, 2 ]
[ 14, 0, -1, 1, 1, 0, 3, 0, 2 ]
[ -1, -1, 0, 0, -1, 11, 0, 0, 31 ]
[ -1, -1, 0, 0, -3, 2, 0, -1, 11 ]
[ 1, 0, 11, 1, 1, 0, 0, 0, 31 ]
[ 3, 0, 2, 1, 1, 0, 1, 0, 11 ]
[ 31, 0, 0, 15, 1, 0, -14, 0, 1 ]
[ 1, -2, 0, 0, 31, 0, 0, 3, 1 ]
[ 15, 1, 0, -1, 2, 0, 1, 1, 1 ]
[ 14, 0, -1, 15, 1, 0, 3, 0, 2 ]
[ -1, 2, 0, 0, -1, 10, 0, 0, 31 ]
[ 1, -2, 0, 0, 3, 1, 0, -1, 10 ]
[ 0, 1, -10, -1, 2, 0, 0, 0, 31 ]
[ -1, -1, -1, 0, -1, 10, 0, 0, 31 ]
[ 1, 1, 1, -1, 2, 0, 0, -1, 10 ]
[ 15, 1, 0, 1, 1, 1, 3, 0, 2 ]
[ 1, 0, 11, 15, 1, 0, 0, 0, 31 ]
[ 3, 0, 2, 15, 1, 0, 1, 0, 11 ]
[ 1, 0, 11, 1, 1, 1, 0, 0, 31 ]
[ 3, 0, 2, 1, 1, 1, 1, 0, 11 ]
[ -15, -1, 0, 1, 0, 11, 0, 0, 31 ]
[ -15, -1, 0, 3, 0, 2, 1, 0, 11 ]
[ 31, 0, 0, -2, 1, 0, -14, 0, 1 ]
[ 1, -16, 0, 0, 31, 0, 0, -7, 1 ]
[ 2, -1, 0, -1, 16, 0, 0, -7, 1 ]
[ 14, 0, -1, -2, 1, 0, 3, 0, 2 ]
[ -1, 16, 0, 0, -7, 1, 0, 3, 4 ]
[ 0, 7, -1, -1, 16, 0, 0, 3, 4 ]
[ -2, 1, 0, 0, -7, 1, -1, 2, 2 ]
[ 1, 0, 11, -2, 1, 0, 0, 0, 31 ]
[ 3, 0, 2, -2, 1, 0, 1, 0, 11 ]
[ -1, 16, 0, 0, -1, 9, 0, 0, 31 ]
[ 1, -16, 0, 0, 3, 4, 0, -1, 9 ]
[ 0, 1, -9, -1, 16, 0, 0, 0, 31 ]
[ 0, 3, 4, -1, 16, 0, 0, -1, 9 ]
[ -1, 2, 2, 0, -7, 1, 0, 3, 4 ]
[ 1, -1, -11, -1, 2, 2, 0, 0, 31 ]
[ 2, -1, 0, -1, 1, 11, 0, 0, 31 ]
[ 2, -1, 0, -1, 2, 2, -1, 1, 11 ]
[ -1, 2, 2, 0, -1, 9, 0, 0, 31 ]
[ 1, -2, -2, 0, 3, 4, 0, -1, 9 ]
[ 31, 0, 0, 12, 1, 0, -14, 0, 1 ]
[ 12, 1, 0, 5, 3, 0, -2, 1, 1 ]
[ 14, 0, -1, 12, 1, 0, 3, 0, 2 ]
[ 5, 3, 0, -2, 5, 0, -2, 1, 1 ]
[ 2, -1, -1, 5, 3, 0, 1, 1, 3 ]
[ 12, 1, 0, -2, 1, 1, 3, 0, 2 ]
[ 1, 0, 11, 12, 1, 0, 0, 0, 31 ]
[ 3, 0, 2, 12, 1, 0, 1, 0, 11 ]
[ 1, -18, 0, 0, 31, 0, 0, -4, 1 ]
[ 2, -5, 0, -1, 18, 0, 0, -4, 1 ]
[ 1, -2, -4, -2, 5, 0, 0, 0, 31 ]
[ 2, -1, -1, -2, 5, 0, -1, 2, 4 ]
[ 5, 3, 0, -2, 1, 1, 1, 1, 3 ]
[ -3, -2, -17, 5, 3, 0, 0, 0, 31 ]
[ -1, -1, -3, 3, 2, 17, 0, 0, 31 ]
[ -1, -1, -3, 5, 3, 0, 3, 2, 17 ]
[ 1, 0, 11, 1, 1, 3, 0, 0, 31 ]
[ 2, -1, -1, 1, 0, 11, 0, 0, 31 ]
[ 2, -1, -1, 1, 1, 3, 1, 0, 11 ]
[ 1, 0, 11, -2, 1, 1, 0, 0, 31 ]
[ 3, 0, 2, -2, 1, 1, 1, 0, 11 ]
[ -12, -1, 0, 1, 0, 11, 0, 0, 31 ]
[ -12, -1, 0, 3, 0, 2, 1, 0, 11 ]
[ -1, 18, 0, 0, -1, 8, 0, 0, 31 ]
[ -1, 18, 0, 0, -4, 1, 0, -1, 8 ]
[ 0, 1, -8, -1, 18, 0, 0, 0, 31 ]
[ 0, 4, -1, -1, 18, 0, 0, -1, 8 ]
[ -2, 5, 0, -1, 2, 4, 0, 0, 31 ]
[ -2, 5, 0, 0, -4, 1, -1, 2, 4 ]
[ 1, -1, -12, -1, 2, 4, 0, 0, 31 ]
[ 2, -1, -1, -1, 1, 12, 0, 0, 31 ]
[ 2, -1, -1, -1, 2, 4, -1, 1, 12 ]
[ -1, -1, -3, 1, 0, 11, 0, 0, 31 ]
[ 1, 1, 3, -2, 1, 1, 1, 0, 11 ]
[ 3, 2, 17, 1, 1, 3, 0, 0, 31 ]
[ 5, 3, 0, 3, 2, 17, 0, 0, 31 ]
[ 5, 3, 0, 1, 1, 3, 3, 2, 17 ]
[ 1, 0, 11, -2, 1, 1, 0, 0, 31 ]
[ -1, 2, 4, 0, -1, 8, 0, 0, 31 ]
[ -1, 2, 4, 0, -4, 1, 0, -1, 8 ]
[ 31, 0, 0, -5, 1, 0, -14, 0, 1 ]
[ 1, 6, 0, 0, 31, 0, 0, -9, 1 ]
[ 5, -1, 0, 1, 6, 0, 1, -3, 1 ]
[ 14, 0, -1, -5, 1, 0, 3, 0, 2 ]
[ -1, -6, 0, 0, -9, 1, 0, 4, 3 ]
[ 1, -3, 1, 1, 6, 0, 0, 4, 3 ]
[ -5, 1, 0, 1, -3, 1, -2, 1, 2 ]
[ 1, 0, 11, -5, 1, 0, 0, 0, 31 ]
[ 3, 0, 2, -5, 1, 0, 1, 0, 11 ]
[ -1, -6, 0, 0, -1, 7, 0, 0, 31 ]
[ 1, 6, 0, 0, 4, 3, 0, -1, 7 ]
[ 0, -1, 7, 1, 6, 0, 0, 0, 31 ]
[ 0, -4, -3, 1, 6, 0, 0, -1, 7 ]
[ -1, 3, -1, 0, -1, 7, 0, 0, 31 ]
[ 1, -3, 1, 0, 4, 3, 0, -1, 7 ]
[ 0, -1, 7, 1, -3, 1, 0, 0, 31 ]
[ -2, 1, 2, 1, -3, 1, 0, -1, 7 ]
[ 1, 0, 11, -2, 1, 2, 0, 0, 31 ]
[ 5, -1, 0, 1, 0, 11, 0, 0, 31 ]
[ 5, -1, 0, -2, 1, 2, 1, 0, 11 ]
[ -1, 0, 20, 0, -1, 7, 0, 0, 31 ]
[ -2, 1, 2, -1, 0, 20, 0, 0, 31 ]
[ -2, 1, 2, 0, -1, 7, -1, 0, 20 ]
[ 31, 0, 0, 9, 1, 0, -14, 0, 1 ]
[ 9, 1, 0, -4, 3, 0, -5, 1, 1 ]
[ 14, 0, -1, 9, 1, 0, 3, 0, 2 ]
[ 1, 7, 0, 0, 31, 0, 0, 5, 1 ]
[ 4, -3, 0, 1, 7, 0, -1, -2, 1 ]
[ 5, -1, -1, -4, 3, 0, -2, 1, 3 ]
[ 9, 1, 0, -5, 1, 1, 3, 0, 2 ]
[ 1, 0, 11, 9, 1, 0, 0, 0, 31 ]
[ 3, 0, 2, 9, 1, 0, 1, 0, 11 ]
[ -1, -7, 0, 0, -1, 6, 0, 0, 31 ]
[ 1, 7, 0, 0, 5, 1, 0, -1, 6 ]
[ 0, -1, 6, 1, 7, 0, 0, 0, 31 ]
[ -1, -2, 1, 0, -1, 6, 0, 0, 31 ]
[ 1, 2, -1, 1, 7, 0, 0, -1, 6 ]
[ -4, 3, 0, -1, -2, 1, -2, 1, 3 ]
[ 3, -2, -17, -4, 3, 0, 0, 0, 31 ]
[ 2, -1, -3, -3, 2, 17, 0, 0, 31 ]
[ 2, -1, -3, -4, 3, 0, -3, 2, 17 ]
[ 1, 0, 11, -2, 1, 3, 0, 0, 31 ]
[ 5, -1, -1, 1, 0, 11, 0, 0, 31 ]
[ 5, -1, -1, -2, 1, 3, 1, 0, 11 ]
[ 1, 0, 11, -5, 1, 1, 0, 0, 31 ]
[ 3, 0, 2, -5, 1, 1, 1, 0, 11 ]
[ -9, -1, 0, 1, 0, 11, 0, 0, 31 ]
[ -9, -1, 0, 3, 0, 2, 1, 0, 11 ]
[ 0, 1, -6, -1, -2, 1, 0, 0, 31 ]
[ -2, 1, 3, -1, -2, 1, 0, -1, 6 ]
[ -3, 2, 17, -2, 1, 3, 0, 0, 31 ]
[ -4, 3, 0, -3, 2, 17, 0, 0, 31 ]
[ -4, 3, 0, -2, 1, 3, -3, 2, 17 ]
[ -1, 0, 20, 0, -1, 6, 0, 0, 31 ]
[ -2, 1, 3, -1, 0, 20, 0, 0, 31 ]
[ -2, 1, 3, 0, -1, 6, -1, 0, 20 ]
[ 31, 0, 0, -8, 1, 0, -14, 0, 1 ]
[ 1, -4, 0, 0, 31, 0, 0, 6, 1 ]
[ 8, -1, 0, -1, 4, 0, 2, -2, 1 ]
[ 14, 0, -1, -8, 1, 0, 3, 0, 2 ]
[ -1, 4, 0, 0, -1, 5, 0, 0, 31 ]
[ 1, -4, 0, 0, 6, 1, 0, -1, 5 ]
[ 0, 1, -5, -1, 4, 0, 0, 0, 31 ]
[ 2, -2, 1, -1, 4, 0, 0, -1, 5 ]
[ -8, 1, 0, 2, -2, 1, 3, 0, 2 ]
[ 1, 0, 11, -8, 1, 0, 0, 0, 31 ]
[ 3, 0, 2, -8, 1, 0, 1, 0, 11 ]
[ -1, 1, -16, 0, -1, 5, 0, 0, 31 ]
[ -2, 2, -1, 0, -1, 5, 1, -1, 16 ]
[ -3, 0, -2, 2, -2, 1, 0, -1, 5 ]
[ 8, -1, 0, 1, 0, 11, 0, 0, 31 ]
[ 8, -1, 0, 3, 0, 2, 1, 0, 11 ]
[ 0, -1, 5, 1, -1, 16, 0, 0, 31 ]
[ 0, -1, 5, 2, -2, 1, 1, -1, 16 ]
[ -1, 0, -11, 0, -1, 5, 0, 0, 31 ]
[ -3, 0, -2, 0, -1, 5, 1, 0, 11 ]
[ 31, 0, 0, 6, 1, 0, -14, 0, 1 ]
[ 1, -5, 0, 0, 31, 0, 0, -8, 1 ]
[ 6, 1, 0, -1, 5, 0, -2, 2, 1 ]
[ 14, 0, -1, 6, 1, 0, 3, 0, 2 ]
[ -1, 5, 0, 0, -1, 4, 0, 0, 31 ]
[ -1, 5, 0, 0, -8, 1, 0, -1, 4 ]
[ 0, 1, -4, -1, 5, 0, 0, 0, 31 ]
[ 2, -2, -1, -1, 5, 0, 0, -1, 4 ]
[ 6, 1, 0, -2, 2, 1, 3, 0, 2 ]
[ 1, 0, 11, 6, 1, 0, 0, 0, 31 ]
[ 3, 0, 2, 6, 1, 0, 1, 0, 11 ]
[ -1, 1, 16, 0, -1, 4, 0, 0, 31 ]
[ -2, 2, 1, 0, -1, 4, -1, 1, 16 ]
[ 3, 0, 2, -2, 2, 1, -2, 1, 5 ]
[ -6, -1, 0, 1, 0, 11, 0, 0, 31 ]
[ -6, -1, 0, 3, 0, 2, 1, 0, 11 ]
[ 2, -1, -5, -1, 1, 16, 0, 0, 31 ]
[ 2, -1, -5, -2, 2, 1, -1, 1, 16 ]
[ 1, 0, 11, -2, 1, 5, 0, 0, 31 ]
[ 3, 0, 2, -2, 1, 5, 1, 0, 11 ]
[ 31, 0, 0, -11, 1, 0, -14, 0, 1 ]
[ 11, -1, 0, -2, 3, 0, -3, -1, 1 ]
[ 14, 0, -1, -11, 1, 0, 3, 0, 2 ]
[ 1, -17, 0, 0, 31, 0, 0, 10, 1 ]
[ 2, -3, 0, -1, 17, 0, 1, -7, 1 ]
[ 3, 1, -1, -2, 3, 0, 0, -1, 3 ]
[ -11, 1, 0, -3, -1, 1, 3, 0, 2 ]
[ 1, 0, 11, -11, 1, 0, 0, 0, 31 ]
[ 3, 0, 2, -11, 1, 0, 1, 0, 11 ]
[ -1, 17, 0, 0, -1, 3, 0, 0, 31 ]
[ 1, -17, 0, 0, 10, 1, 0, -1, 3 ]
[ 0, 1, -3, -1, 17, 0, 0, 0, 31 ]
[ -1, 7, -1, 0, -1, 3, 0, 0, 31 ]
[ 1, -7, 1, -1, 17, 0, 0, -1, 3 ]
[ 0, -1, 3, 1, -7, 1, 0, 0, 31 ]
[ -2, 3, 0, 1, -7, 1, 0, -1, 3 ]
[ 1, -1, -17, -2, 3, 0, 0, 0, 31 ]
[ 0, 1, -3, -1, 1, 17, 0, 0, 31 ]
[ 0, 1, -3, -2, 3, 0, -1, 1, 17 ]
[ -1, 0, -11, 0, -1, 3, 0, 0, 31 ]
[ -3, -1, 1, 1, 0, 11, 0, 0, 31 ]
[ -3, -1, 1, 0, -1, 3, 1, 0, 11 ]
[ -1, 0, -11, -3, -1, 1, 0, 0, 31 ]
[ -3, 0, -2, -3, -1, 1, 1, 0, 11 ]
[ 11, -1, 0, 1, 0, 11, 0, 0, 31 ]
[ 11, -1, 0, 3, 0, 2, 1, 0, 11 ]
[ -1, 1, 17, 0, -1, 3, 0, 0, 31 ]
[ -2, 3, 0, -1, 1, 17, 0, 0, 31 ]
[ -2, 3, 0, 0, -1, 3, -1, 1, 17 ]
[ 31, 0, 0, 3, 1, 0, -14, 0, 1 ]
[ 1, -10, 0, 0, 31, 0, 0, 15, 1 ]
[ 3, 1, 0, -1, 10, 0, 1, 5, 1 ]
[ 14, 0, -1, 3, 1, 0, 3, 0, 2 ]
[ -1, 10, 0, 0, -1, 2, 0, 0, 31 ]
[ 1, -10, 0, 0, 15, 1, 0, -1, 2 ]
[ 0, 1, -2, -1, 10, 0, 0, 0, 31 ]
[ -1, -5, -1, 0, -1, 2, 0, 0, 31 ]
[ 1, 5, 1, -1, 10, 0, 0, -1, 2 ]
[ 0, -1, 2, 1, 5, 1, 0, 0, 31 ]
[ 3, 1, 0, 1, 5, 1, 0, -1, 2 ]
[ 1, 0, 11, 3, 1, 0, 0, 0, 31 ]
[ 3, 0, 2, 3, 1, 0, 1, 0, 11 ]
[ -1, 0, -11, 0, -1, 2, 0, 0, 31 ]
[ -3, -1, 0, 1, 0, 11, 0, 0, 31 ]
[ -3, -1, 0, 0, -1, 2, 1, 0, 11 ]
[ 31, 0, 0, -14, 1, 0, -14, 0, 1 ]
[ 14, -1, 0, 3, 2, 0, 0, -1, 1 ]
[ 14, 0, -1, -14, 1, 0, 3, 0, 2 ]
[ -1, -11, 0, 0, -1, 1, 0, 0, 31 ]
[ 1, 11, 0, 0, 31, 0, 0, -1, 1 ]
[ 0, -1, 1, 1, 11, 0, 0, 0, 31 ]
[ 3, 2, 0, 1, 11, 0, 0, -1, 1 ]
[ -1, -1, -10, 3, 2, 0, 0, 0, 31 ]
[ 0, -1, 1, 1, 1, 10, 0, 0, 31 ]
[ 0, -1, 1, 3, 2, 0, 1, 1, 10 ]
[ -14, 1, 0, 0, -1, 1, 3, 0, 2 ]
[ 1, 0, 11, -14, 1, 0, 0, 0, 31 ]
[ 3, 0, 2, -14, 1, 0, 1, 0, 11 ]
[ -1, -1, -10, 0, -1, 1, 0, 0, 31 ]
[ 3, 2, 0, 1, 1, 10, 0, 0, 31 ]
[ -3, -2, 0, 0, -1, 1, 1, 1, 10 ]
[ -1, 0, -11, 0, -1, 1, 0, 0, 31 ]
[ -3, 0, -2, 0, -1, 1, 1, 0, 11 ]
[ 14, -1, 0, 1, 0, 11, 0, 0, 31 ]
[ 14, -1, 0, 3, 0, 2, 1, 0, 11 ]
[ 31, 0, 0, 0, 1, 0, 13, 0, 1 ]
[ 13, 0, 1, 0, 1, 0, -5, 0, 2 ]
[ 5, 0, -2, 0, 1, 0, -2, 0, 7 ]
[ 1, 0, -19, 0, 1, 0, 0, 0, 31 ]
[ 2, 0, -7, 0, 1, 0, -1, 0, 19 ]
[ 31, 0, 0, -13, 1, 0, 13, 0, 1 ]
[ 13, -1, 0, 5, 2, 0, 0, 1, 1 ]
[ 13, 0, 1, -13, 1, 0, -5, 0, 2 ]
[ 5, 2, 0, 2, 7, 0, 0, 1, 1 ]
[ -2, -1, 6, 5, 2, 0, 0, 0, 31 ]
[ 0, -1, -1, 5, 2, 0, -2, -1, 6 ]
[ 13, -1, 0, 0, 1, 1, -5, 0, 2 ]
[ 5, 0, -2, -13, 1, 0, -2, 0, 7 ]
[ 1, 19, 0, 0, 1, 1, 0, 0, 31 ]
[ 1, 19, 0, 0, 31, 0, 0, 1, 1 ]
[ 0, -1, -1, 1, 19, 0, 0, 0, 31 ]
[ 2, 7, 0, 1, 19, 0, 0, 1, 1 ]
[ -1, -4, -16, 2, 7, 0, 0, 0, 31 ]
[ 0, -1, -1, 1, 4, 16, 0, 0, 31 ]
[ 0, -1, -1, 2, 7, 0, 1, 4, 16 ]
[ -5, -2, 0, -2, -1, 6, 0, 0, 31 ]
[ 5, 2, 0, 0, 1, 1, -2, -1, 6 ]
[ -1, 0, 19, -2, -1, 6, 0, 0, 31 ]
[ 0, 1, 1, -1, 0, 19, 0, 0, 31 ]
[ 0, 1, 1, -2, -1, 6, -1, 0, 19 ]
[ 5, 0, -2, 0, 1, 1, -2, 0, 7 ]
[ -13, 1, 0, -5, 0, 2, -2, 0, 7 ]
[ 1, 0, -19, -13, 1, 0, 0, 0, 31 ]
[ 2, 0, -7, -13, 1, 0, -1, 0, 19 ]
[ 1, 4, 16, 0, 1, 1, 0, 0, 31 ]
[ 2, 7, 0, 1, 4, 16, 0, 0, 31 ]
[ 2, 7, 0, 0, 1, 1, 1, 4, 16 ]
[ 1, 0, -19, 0, 1, 1, 0, 0, 31 ]
[ 2, 1, -6, -1, 0, 19, 0, 0, 31 ]
[ 2, 1, -6, 0, 1, 1, -1, 0, 19 ]
[ 1, 0, -19, 0, 1, 1, 0, 0, 31 ]
[ 2, 0, -7, 0, 1, 1, -1, 0, 19 ]
[ -13, 1, 0, -1, 0, 19, 0, 0, 31 ]
[ -13, 1, 0, -2, 0, 7, -1, 0, 19 ]
[ 31, 0, 0, 5, 1, 0, 13, 0, 1 ]
[ 1, -6, 0, 0, 31, 0, 0, -15, 1 ]
[ 5, 1, 0, -1, 6, 0, -2, -3, 1 ]
[ 13, 0, 1, 5, 1, 0, -5, 0, 2 ]
[ 1, -6, 0, 0, 1, 2, 0, 0, 31 ]
[ -1, 6, 0, 0, -15, 1, 0, 1, 2 ]
[ 0, 1, 2, -1, 6, 0, 0, 0, 31 ]
[ 2, 3, -1, -1, 6, 0, 0, 1, 2 ]
[ -5, -1, 0, -2, -3, 1, 0, 1, 2 ]
[ 5, 0, -2, 5, 1, 0, -2, 0, 7 ]
[ 1, 1, -17, 0, 1, 2, 0, 0, 31 ]
[ 2, 3, -1, -1, -1, 17, 0, 0, 31 ]
[ 2, 3, -1, 0, 1, 2, -1, -1, 17 ]
[ -1, -1, 17, -2, -3, 1, 0, 0, 31 ]
[ 0, 1, 2, -1, -1, 17, 0, 0, 31 ]
[ 0, 1, 2, -2, -3, 1, -1, -1, 17 ]
[ 5, 1, 0, 0, 1, 2, -2, 0, 7 ]
[ 1, 0, -19, 5, 1, 0, 0, 0, 31 ]
[ 2, 0, -7, 5, 1, 0, -1, 0, 19 ]
[ 1, 0, -19, 0, 1, 2, 0, 0, 31 ]
[ 2, 0, -7, 0, 1, 2, -1, 0, 19 ]
[ 5, 1, 0, -1, 0, 19, 0, 0, 31 ]
[ 5, 1, 0, -2, 0, 7, -1, 0, 19 ]
[ 31, 0, 0, -8, 1, 0, 13, 0, 1 ]
[ 1, -4, 0, 0, 31, 0, 0, -10, 1 ]
[ 8, -1, 0, -1, 4, 0, -3, 2, 1 ]
[ 13, 0, 1, -8, 1, 0, -5, 0, 2 ]
[ 1, -4, 0, 0, 1, 3, 0, 0, 31 ]
[ -1, 4, 0, 0, -10, 1, 0, 1, 3 ]
[ 0, 1, 3, -1, 4, 0, 0, 0, 31 ]
[ 3, -2, -1, -1, 4, 0, 0, 1, 3 ]
[ 8, -1, 0, -3, 2, 1, 3, -1, 2 ]
[ 5, 0, -2, -8, 1, 0, -2, 0, 7 ]
[ 1, -1, 9, 0, 1, 3, 0, 0, 31 ]
[ -3, 2, 1, 1, -1, 9, 0, 0, 31 ]
[ 3, -2, -1, 0, 1, 3, 1, -1, 9 ]
[ 2, -1, -10, -3, 2, 1, 0, 0, 31 ]
[ 3, -1, 2, -2, 1, 10, 0, 0, 31 ]
[ 3, -1, 2, -3, 2, 1, -2, 1, 10 ]
[ -8, 1, 0, 3, -1, 2, -2, 0, 7 ]
[ 1, 0, -19, -8, 1, 0, 0, 0, 31 ]
[ 2, 0, -7, -8, 1, 0, -1, 0, 19 ]
[ -1, 0, 19, 3, -1, 2, 0, 0, 31 ]
[ -2, 0, 7, 3, -1, 2, -1, 0, 19 ]
[ -8, 1, 0, -1, 0, 19, 0, 0, 31 ]
[ -8, 1, 0, -2, 0, 7, -1, 0, 19 ]
[ 31, 0, 0, 10, 1, 0, 13, 0, 1 ]
[ 1, -3, 0, 0, 31, 0, 0, 8, 1 ]
[ 10, 1, 0, -1, 3, 0, 3, -1, 1 ]
[ 13, 0, 1, 10, 1, 0, -5, 0, 2 ]
[ 1, -3, 0, 0, 1, 4, 0, 0, 31 ]
[ 1, -3, 0, 0, 8, 1, 0, 1, 4 ]
[ 0, 1, 4, -1, 3, 0, 0, 0, 31 ]
[ 3, -1, 1, -1, 3, 0, 0, 1, 4 ]
[ -10, -1, 0, 3, -1, 1, -5, 0, 2 ]
[ 5, 0, -2, 10, 1, 0, -2, 0, 7 ]
[ 1, 0, 12, 0, 1, 4, 0, 0, 31 ]
[ 3, -1, 1, 1, 0, 12, 0, 0, 31 ]
[ 3, -1, 1, 0, 1, 4, 1, 0, 12 ]
[ -5, 0, 2, 3, -1, 1, -2, 0, 7 ]
[ 10, 1, 0, -5, 0, 2, -2, 0, 7 ]
[ 1, 0, -19, 10, 1, 0, 0, 0, 31 ]
[ 2, 0, -7, 10, 1, 0, -1, 0, 19 ]
[ -1, 0, 19, 3, -1, 1, 0, 0, 31 ]
[ -2, 0, 7, 3, -1, 1, -1, 0, 19 ]
[ 10, 1, 0, -1, 0, 19, 0, 0, 31 ]
[ 10, 1, 0, -2, 0, 7, -1, 0, 19 ]
[ 31, 0, 0, -3, 1, 0, 13, 0, 1 ]
[ 1, 10, 0, 0, 31, 0, 0, -6, 1 ]
[ 3, -1, 0, 1, 10, 0, 1, 4, 1 ]
[ 13, 0, 1, -3, 1, 0, -5, 0, 2 ]
[ 1, 10, 0, 0, 1, 5, 0, 0, 31 ]
[ -1, -10, 0, 0, -6, 1, 0, 1, 5 ]
[ 0, -1, -5, 1, 10, 0, 0, 0, 31 ]
[ 1, 4, 1, 0, 1, 5, 0, 0, 31 ]
[ 1, 4, 1, 1, 10, 0, 0, 1, 5 ]
[ 3, -1, 0, 1, 4, 1, 1, -2, 2 ]
[ 5, 0, -2, -3, 1, 0, -2, 0, 7 ]
[ 0, -1, -5, 1, 4, 1, 0, 0, 31 ]
[ 1, -2, 2, 0, 1, 5, 0, 0, 31 ]
[ 1, -2, 2, 1, 4, 1, 0, 1, 5 ]
[ -1, 1, -7, 1, -2, 2, 0, 0, 31 ]
[ -3, 1, 0, 1, -2, 2, 1, -1, 7 ]
[ 1, 0, -19, -3, 1, 0, 0, 0, 31 ]
[ 2, 0, -7, -3, 1, 0, -1, 0, 19 ]
[ -1, 0, 19, 1, -1, 7, 0, 0, 31 ]
[ -3, 1, 0, -1, 0, 19, 0, 0, 31 ]
[ -3, 1, 0, 1, -1, 7, -1, 0, 19 ]
[ 31, 0, 0, 15, 1, 0, 13, 0, 1 ]
[ 1, -2, 0, 0, 31, 0, 0, -5, 1 ]
[ 15, 1, 0, -1, 2, 0, -2, -1, 1 ]
[ 13, 0, 1, 15, 1, 0, -5, 0, 2 ]
[ 1, -2, 0, 0, 1, 6, 0, 0, 31 ]
[ -1, 2, 0, 0, -5, 1, 0, 1, 6 ]
[ 0, 1, 6, -1, 2, 0, 0, 0, 31 ]
[ 2, 1, -1, -1, 2, 0, 0, 1, 6 ]
[ -15, -1, 0, -2, -1, 1, -5, 0, 2 ]
[ 5, 0, -2, 15, 1, 0, -2, 0, 7 ]
[ 1, 0, -19, 0, 1, 6, 0, 0, 31 ]
[ 2, 1, -1, -1, 0, 19, 0, 0, 31 ]
[ 2, 1, -1, 0, 1, 6, -1, 0, 19 ]
[ -5, 0, 2, -2, -1, 1, -2, 0, 7 ]
[ 15, 1, 0, -5, 0, 2, -2, 0, 7 ]
[ 1, 0, -19, 15, 1, 0, 0, 0, 31 ]
[ 2, 0, -7, 15, 1, 0, -1, 0, 19 ]
[ -1, 0, 19, -2, -1, 1, 0, 0, 31 ]
[ -2, 0, 7, -2, -1, 1, -1, 0, 19 ]
[ 15, 1, 0, -1, 0, 19, 0, 0, 31 ]
[ 15, 1, 0, -2, 0, 7, -1, 0, 19 ]
[ 31, 0, 0, 2, 1, 0, 13, 0, 1 ]
[ 1, 16, 0, 0, 31, 0, 0, 9, 1 ]
[ 2, 1, 0, 1, 16, 0, -1, -7, 1 ]
[ 13, 0, 1, 2, 1, 0, -5, 0, 2 ]
[ 1, 16, 0, 0, 9, 1, 0, -4, 3 ]
[ 1, 7, -1, 1, 16, 0, 0, -4, 3 ]
[ -2, -1, 0, -1, -7, 1, 1, 3, 2 ]
[ 5, 0, -2, 2, 1, 0, -2, 0, 7 ]
[ 1, 16, 0, 0, 1, 7, 0, 0, 31 ]
[ -1, -16, 0, 0, -4, 3, 0, 1, 7 ]
[ 0, -1, -7, 1, 16, 0, 0, 0, 31 ]
[ 0, -4, 3, 1, 16, 0, 0, 1, 7 ]
[ 1, 7, -1, 0, 1, 7, 0, 0, 31 ]
[ -1, -7, 1, 0, -4, 3, 0, 1, 7 ]
[ 0, 1, 7, -1, -7, 1, 0, 0, 31 ]
[ 1, 3, 2, 0, 1, 7, 0, 0, 31 ]
[ -1, -3, -2, -1, -7, 1, 0, 1, 7 ]
[ 0, -1, -7, 1, 3, 2, 0, 0, 31 ]
[ 2, 1, 0, 1, 3, 2, 0, 1, 7 ]
[ 1, 0, -19, 2, 1, 0, 0, 0, 31 ]
[ 2, 0, -7, 2, 1, 0, -1, 0, 19 ]
[ 1, 1, 19, 0, 1, 7, 0, 0, 31 ]
[ 2, 1, 0, 1, 1, 19, 0, 0, 31 ]
[ 2, 1, 0, 0, 1, 7, 1, 1, 19 ]
[ 31, 0, 0, -11, 1, 0, 13, 0, 1 ]
[ 11, -1, 0, -2, 3, 0, 2, 1, 1 ]
[ 13, 0, 1, -11, 1, 0, -5, 0, 2 ]
[ 1, -17, 0, 0, 31, 0, 0, 4, 1 ]
[ 2, -3, 0, -1, 17, 0, 0, 4, 1 ]
[ 1, -1, 4, -2, 3, 0, 0, 0, 31 ]
[ 2, 1, 1, -2, 3, 0, 1, -1, 4 ]
[ 11, -1, 0, 2, 1, 1, -5, 0, 2 ]
[ 5, 0, -2, -11, 1, 0, -2, 0, 7 ]
[ 1, -17, 0, 0, 1, 8, 0, 0, 31 ]
[ 1, -17, 0, 0, 4, 1, 0, 1, 8 ]
[ 0, 1, 8, -1, 17, 0, 0, 0, 31 ]
[ 0, 4, 1, -1, 17, 0, 0, 1, 8 ]
[ 2, -3, 0, -1, 2, 4, 0, 0, 31 ]
[ 2, -3, 0, 0, 4, 1, -1, 2, 4 ]
[ -1, 0, -12, 1, -1, 4, 0, 0, 31 ]
[ -2, -1, -1, 1, 0, 12, 0, 0, 31 ]
[ -2, -1, -1, 1, -1, 4, 1, 0, 12 ]
[ 5, 0, -2, 2, 1, 1, -2, 0, 7 ]
[ -11, 1, 0, -5, 0, 2, -2, 0, 7 ]
[ 1, 0, -19, -11, 1, 0, 0, 0, 31 ]
[ 2, 0, -7, -11, 1, 0, -1, 0, 19 ]
[ 1, -2, -4, 0, 1, 8, 0, 0, 31 ]
[ 1, -2, -4, 0, 4, 1, 0, 1, 8 ]
[ 1, 0, -19, 2, 1, 1, 0, 0, 31 ]
[ 2, 0, -7, 2, 1, 1, -1, 0, 19 ]
[ -11, 1, 0, -1, 0, 19, 0, 0, 31 ]
[ -11, 1, 0, -2, 0, 7, -1, 0, 19 ]
[ 31, 0, 0, 7, 1, 0, 13, 0, 1 ]
[ 7, 1, 0, -3, 4, 0, -1, -2, 1 ]
[ 13, 0, 1, 7, 1, 0, -5, 0, 2 ]
[ 1, 9, 0, 0, 31, 0, 0, 7, 1 ]
[ 3, -4, 0, 1, 9, 0, -1, -2, 1 ]
[ 1, -1, 3, -3, 4, 0, 0, 0, 31 ]
[ 1, 2, -1, -3, 4, 0, 1, -1, 3 ]
[ -7, -1, 0, -1, -2, 1, 2, 1, 2 ]
[ 5, 0, -2, 7, 1, 0, -2, 0, 7 ]
[ 1, 9, 0, 0, 7, 1, 0, -3, 4 ]
[ 1, 2, -1, 1, 9, 0, 0, -3, 4 ]
[ 3, -4, 0, 1, -1, 3, 0, 0, 31 ]
[ -3, 4, 0, -1, -2, 1, 1, -1, 3 ]
[ 0, -1, -9, 1, -1, 3, 0, 0, 31 ]
[ 1, 2, -1, 0, 1, 9, 0, 0, 31 ]
[ -1, -2, 1, 1, -1, 3, 0, 1, 9 ]
[ -1, -1, 10, -1, -2, 1, 0, 0, 31 ]
[ -2, -1, -2, -1, -1, 10, 0, 0, 31 ]
[ -2, -1, -2, -1, -2, 1, -1, -1, 10 ]
[ 7, 1, 0, 2, 1, 2, -2, 0, 7 ]
[ 1, 0, -19, 7, 1, 0, 0, 0, 31 ]
[ 2, 0, -7, 7, 1, 0, -1, 0, 19 ]
[ 1, 9, 0, 0, 1, 9, 0, 0, 31 ]
[ -1, -9, 0, 0, -3, 4, 0, 1, 9 ]
[ 0, -1, -9, 1, 9, 0, 0, 0, 31 ]
[ 0, -3, 4, 1, 9, 0, 0, 1, 9 ]
[ -1, -2, 1, 0, -3, 4, 0, 1, 9 ]
[ 0, 1, 9, -1, -2, 1, 0, 0, 31 ]
[ 1, -1, 3, 0, 1, 9, 0, 0, 31 ]
[ -1, 1, -3, -1, -2, 1, 0, 1, 9 ]
[ 1, 2, -1, 0, 1, 9, 0, 0, 31 ]
[ 1, 0, -19, 2, 1, 2, 0, 0, 31 ]
[ 2, 0, -7, 2, 1, 2, -1, 0, 19 ]
[ 7, 1, 0, -1, 0, 19, 0, 0, 31 ]
[ 7, 1, 0, -2, 0, 7, -1, 0, 19 ]
[ 31, 0, 0, -6, 1, 0, 13, 0, 1 ]
[ 1, 5, 0, 0, 31, 0, 0, -3, 1 ]
[ 6, -1, 0, 1, 5, 0, 1, 2, 1 ]
[ 13, 0, 1, -6, 1, 0, -5, 0, 2 ]
[ 1, 5, 0, 0, 1, 10, 0, 0, 31 ]
[ -1, -5, 0, 0, -3, 1, 0, 1, 10 ]
[ 0, -1, -10, 1, 5, 0, 0, 0, 31 ]
[ 1, 2, 1, 0, 1, 10, 0, 0, 31 ]
[ 1, 2, 1, 1, 5, 0, 0, 1, 10 ]
[ 6, -1, 0, 1, 2, 1, 1, -1, 2 ]
[ 5, 0, -2, -6, 1, 0, -2, 0, 7 ]
[ 0, -1, -10, 1, 2, 1, 0, 0, 31 ]
[ 1, -1, 2, 0, 1, 10, 0, 0, 31 ]
[ 1, -1, 2, 1, 2, 1, 0, 1, 10 ]
[ -6, 1, 0, 1, -1, 2, -2, 0, 7 ]
[ 1, 0, -19, -6, 1, 0, 0, 0, 31 ]
[ 2, 0, -7, -6, 1, 0, -1, 0, 19 ]
[ -1, 0, 19, 1, -1, 2, 0, 0, 31 ]
[ -2, 0, 7, 1, -1, 2, -1, 0, 19 ]
[ -6, 1, 0, -1, 0, 19, 0, 0, 31 ]
[ -6, 1, 0, -2, 0, 7, -1, 0, 19 ]
[ 31, 0, 0, 12, 1, 0, 13, 0, 1 ]
[ 12, 1, 0, 5, 3, 0, 1, -1, 1 ]
[ 13, 0, 1, 12, 1, 0, -5, 0, 2 ]
[ 5, 3, 0, -2, 5, 0, 1, -1, 1 ]
[ 2, 1, 4, 5, 3, 0, 0, 0, 31 ]
[ 1, -1, 1, 5, 3, 0, 2, 1, 4 ]
[ -12, -1, 0, 1, -1, 1, -5, 0, 2 ]
[ 5, 0, -2, 12, 1, 0, -2, 0, 7 ]
[ 1, -18, 0, 0, 31, 0, 0, -14, 1 ]
[ 2, -5, 0, -1, 18, 0, -1, 4, 1 ]
[ 1, -2, -10, -2, 5, 0, 0, 0, 31 ]
[ 1, -1, 1, -1, 2, 10, 0, 0, 31 ]
[ 1, -1, 1, -2, 5, 0, -1, 2, 10 ]
[ -5, -3, 0, 2, 1, 4, 0, 0, 31 ]
[ -5, -3, 0, 1, -1, 1, 2, 1, 4 ]
[ 1, 0, 12, 2, 1, 4, 0, 0, 31 ]
[ 1, -1, 1, 1, 0, 12, 0, 0, 31 ]
[ 1, -1, 1, 2, 1, 4, 1, 0, 12 ]
[ -5, 0, 2, 1, -1, 1, -2, 0, 7 ]
[ 12, 1, 0, -5, 0, 2, -2, 0, 7 ]
[ 1, 0, -19, 12, 1, 0, 0, 0, 31 ]
[ 2, 0, -7, 12, 1, 0, -1, 0, 19 ]
[ -1, 18, 0, 0, -14, 1, 0, 3, 2 ]
[ 1, -4, -1, -1, 18, 0, 0, 3, 2 ]
[ 1, -3, 10, -1, 4, 1, 0, 0, 31 ]
[ -2, 5, 0, 1, -3, 10, 0, 0, 31 ]
[ 2, -5, 0, -1, 4, 1, 1, -3, 10 ]
[ -1, 0, -12, 1, -1, 1, 0, 0, 31 ]
[ -2, -1, -4, 1, 0, 12, 0, 0, 31 ]
[ -2, -1, -4, 1, -1, 1, 1, 0, 12 ]
[ -1, 0, 19, 1, -1, 1, 0, 0, 31 ]
[ -2, 0, 7, 1, -1, 1, -1, 0, 19 ]
[ 12, 1, 0, -1, 0, 19, 0, 0, 31 ]
[ 12, 1, 0, -2, 0, 7, -1, 0, 19 ]
[ 1, -18, 0, 0, 1, 11, 0, 0, 31 ]
[ 1, -18, 0, 0, 3, 2, 0, 1, 11 ]
[ 0, 1, 11, -1, 18, 0, 0, 0, 31 ]
[ 0, 3, 2, -1, 18, 0, 0, 1, 11 ]
[ 1, -4, -1, 0, 1, 11, 0, 0, 31 ]
[ 1, -4, -1, 0, 3, 2, 0, 1, 11 ]
[ 1, -1, 0, 0, 31, 0, 0, 13, 1 ]
[ 31, 0, 0, -1, 1, 0, 13, 0, 1 ]
[ 1, -1, 0, 0, 13, 1, 0, -5, 2 ]
[ 13, 0, 1, -1, 1, 0, -5, 0, 2 ]
[ -1, 1, 0, 0, -5, 2, 0, -2, 7 ]
[ 5, 0, -2, -1, 1, 0, -2, 0, 7 ]
[ -1, 1, 0, 0, -1, 19, 0, 0, 31 ]
[ -1, 1, 0, 0, -2, 7, 0, -1, 19 ]
[ 1, 0, -19, -1, 1, 0, 0, 0, 31 ]
[ 2, 0, -7, -1, 1, 0, -1, 0, 19 ]
[ 31, 0, 0, -14, 1, 0, 13, 0, 1 ]
[ 14, -1, 0, 3, 2, 0, -1, 1, 1 ]
[ 13, 0, 1, -14, 1, 0, -5, 0, 2 ]
[ 1, 11, 0, 0, 31, 0, 0, 12, 1 ]
[ 3, 2, 0, 1, 11, 0, -1, 1, 1 ]
[ -1, -1, 6, 3, 2, 0, 0, 0, 31 ]
[ 1, -1, -1, 3, 2, 0, -1, -1, 6 ]
[ 14, -1, 0, -1, 1, 1, -5, 0, 2 ]
[ 5, 0, -2, -14, 1, 0, -2, 0, 7 ]
[ 1, 11, 0, 0, 12, 1, 0, 5, 3 ]
[ 1, -1, -1, 1, 11, 0, 0, 5, 3 ]
[ -3, -2, 0, -1, -1, 6, 0, 0, 31 ]
[ 3, 2, 0, -1, 1, 1, -1, -1, 6 ]
[ -1, 0, 19, -1, -1, 6, 0, 0, 31 ]
[ -1, 1, 1, -1, 0, 19, 0, 0, 31 ]
[ -1, 1, 1, -1, -1, 6, -1, 0, 19 ]
[ 5, 0, -2, -1, 1, 1, -2, 0, 7 ]
[ -14, 1, 0, -5, 0, 2, -2, 0, 7 ]
[ 1, 0, -19, -14, 1, 0, 0, 0, 31 ]
[ 2, 0, -7, -14, 1, 0, -1, 0, 19 ]
[ 1, 11, 0, 0, 5, 3, 0, -2, 5 ]
[ 0, -5, -3, 1, 11, 0, 0, -2, 5 ]
[ 1, -1, -1, 0, 5, 3, 0, -2, 5 ]
[ 1, 0, -19, -1, 1, 1, 0, 0, 31 ]
[ 1, 1, -6, -1, 0, 19, 0, 0, 31 ]
[ 1, 1, -6, -1, 1, 1, -1, 0, 19 ]
[ 1, 0, -19, -1, 1, 1, 0, 0, 31 ]
[ 2, 0, -7, -1, 1, 1, -1, 0, 19 ]
[ -14, 1, 0, -1, 0, 19, 0, 0, 31 ]
[ -14, 1, 0, -2, 0, 7, -1, 0, 19 ]
[ -1, -11, 0, 0, -1, 18, 0, 0, 31 ]
[ -1, -11, 0, 0, -2, 5, 0, -1, 18 ]
[ 0, -1, 18, 1, 11, 0, 0, 0, 31 ]
[ 0, -2, 5, 1, 11, 0, 0, -1, 18 ]
[ -1, 1, 1, 0, -1, 18, 0, 0, 31 ]
[ -1, 1, 1, 0, -2, 5, 0, -1, 18 ]
[ 31, 0, 0, 4, 1, 0, 13, 0, 1 ]
[ 1, 8, 0, 0, 31, 0, 0, -11, 1 ]
[ 4, 1, 0, 1, 8, 0, 1, -3, 1 ]
[ 13, 0, 1, 4, 1, 0, -5, 0, 2 ]
[ -1, -8, 0, 0, -11, 1, 0, -2, 3 ]
[ 1, -3, 1, 1, 8, 0, 0, -2, 3 ]
[ -4, -1, 0, 1, -3, 1, -1, 1, 2 ]
[ 5, 0, -2, 4, 1, 0, -2, 0, 7 ]
[ -1, -8, 0, 0, -1, 17, 0, 0, 31 ]
[ -1, -8, 0, 0, -2, 3, 0, -1, 17 ]
[ 0, -1, 17, 1, 8, 0, 0, 0, 31 ]
[ 0, -2, 3, 1, 8, 0, 0, -1, 17 ]
[ -1, 3, -1, 0, -1, 17, 0, 0, 31 ]
[ -1, 3, -1, 0, -2, 3, 0, -1, 17 ]
[ 0, -1, 17, 1, -3, 1, 0, 0, 31 ]
[ -1, 1, 2, 0, -1, 17, 0, 0, 31 ]
[ -1, 1, 2, 1, -3, 1, 0, -1, 17 ]
[ 4, 1, 0, -1, 1, 2, -2, 0, 7 ]
[ 1, 0, -19, 4, 1, 0, 0, 0, 31 ]
[ 2, 0, -7, 4, 1, 0, -1, 0, 19 ]
[ 1, 0, -19, -1, 1, 2, 0, 0, 31 ]
[ 2, 0, -7, -1, 1, 2, -1, 0, 19 ]
[ 4, 1, 0, -1, 0, 19, 0, 0, 31 ]
[ 4, 1, 0, -2, 0, 7, -1, 0, 19 ]
[ 31, 0, 0, -9, 1, 0, 13, 0, 1 ]
[ 9, -1, 0, 4, 3, 0, 4, 1, 1 ]
[ 13, 0, 1, -9, 1, 0, -5, 0, 2 ]
[ 1, -7, 0, 0, 31, 0, 0, -2, 1 ]
[ 4, 3, 0, -1, 7, 0, 0, -2, 1 ]
[ -1, -1, 4, 4, 3, 0, 0, 0, 31 ]
[ 4, 1, 1, 4, 3, 0, -1, -1, 4 ]
[ 9, -1, 0, 4, 1, 1, -5, 0, 2 ]
[ 5, 0, -2, -9, 1, 0, -2, 0, 7 ]
[ -1, 7, 0, 0, -1, 16, 0, 0, 31 ]
[ -1, 7, 0, 0, -2, 1, 0, -1, 16 ]
[ 0, 1, -16, -1, 7, 0, 0, 0, 31 ]
[ 0, 2, -1, -1, 7, 0, 0, -1, 16 ]
[ -4, -3, 0, -1, -1, 4, 0, 0, 31 ]
[ -4, -3, 0, 0, -2, 1, -1, -1, 4 ]
[ -1, 0, -12, -1, -1, 4, 0, 0, 31 ]
[ -4, -1, -1, 1, 0, 12, 0, 0, 31 ]
[ -4, -1, -1, -1, -1, 4, 1, 0, 12 ]
[ 5, 0, -2, 4, 1, 1, -2, 0, 7 ]
[ -9, 1, 0, -5, 0, 2, -2, 0, 7 ]
[ 1, 0, -19, -9, 1, 0, 0, 0, 31 ]
[ 2, 0, -7, -9, 1, 0, -1, 0, 19 ]
[ -1, -1, 4, 0, -1, 16, 0, 0, 31 ]
[ -1, -1, 4, 0, -2, 1, 0, -1, 16 ]
[ 1, 0, -19, 4, 1, 1, 0, 0, 31 ]
[ 2, 0, -7, 4, 1, 1, -1, 0, 19 ]
[ -9, 1, 0, -1, 0, 19, 0, 0, 31 ]
[ -9, 1, 0, -2, 0, 7, -1, 0, 19 ]
[ 31, 0, 0, 9, 1, 0, 13, 0, 1 ]
[ 9, 1, 0, -4, 3, 0, 4, -1, 1 ]
[ 13, 0, 1, 9, 1, 0, -5, 0, 2 ]
[ 1, 7, 0, 0, 31, 0, 0, 2, 1 ]
[ 4, -3, 0, 1, 7, 0, 0, 2, 1 ]
[ -1, 1, 4, -4, 3, 0, 0, 0, 31 ]
[ 4, -1, 1, -4, 3, 0, -1, 1, 4 ]
[ -9, -1, 0, 4, -1, 1, -5, 0, 2 ]
[ 5, 0, -2, 9, 1, 0, -2, 0, 7 ]
[ 1, 7, 0, 0, 1, 16, 0, 0, 31 ]
[ 1, 7, 0, 0, 2, 1, 0, 1, 16 ]
[ 0, -1, -16, 1, 7, 0, 0, 0, 31 ]
[ 0, -2, -1, 1, 7, 0, 0, 1, 16 ]
[ 4, -3, 0, -1, 1, 4, 0, 0, 31 ]
[ 4, -3, 0, 0, 2, 1, -1, 1, 4 ]
[ 1, 0, 12, -1, 1, 4, 0, 0, 31 ]
[ 4, -1, 1, 1, 0, 12, 0, 0, 31 ]
[ 4, -1, 1, -1, 1, 4, 1, 0, 12 ]
[ -5, 0, 2, 4, -1, 1, -2, 0, 7 ]
[ 9, 1, 0, -5, 0, 2, -2, 0, 7 ]
[ 1, 0, -19, 9, 1, 0, 0, 0, 31 ]
[ 2, 0, -7, 9, 1, 0, -1, 0, 19 ]
[ 1, -1, -4, 0, 1, 16, 0, 0, 31 ]
[ 1, -1, -4, 0, 2, 1, 0, 1, 16 ]
[ -1, 0, 19, 4, -1, 1, 0, 0, 31 ]
[ -2, 0, 7, 4, -1, 1, -1, 0, 19 ]
[ 9, 1, 0, -1, 0, 19, 0, 0, 31 ]
[ 9, 1, 0, -2, 0, 7, -1, 0, 19 ]
[ 31, 0, 0, -4, 1, 0, 13, 0, 1 ]
[ 1, -8, 0, 0, 31, 0, 0, 11, 1 ]
[ 4, -1, 0, -1, 8, 0, 1, 3, 1 ]
[ 13, 0, 1, -4, 1, 0, -5, 0, 2 ]
[ 1, -8, 0, 0, 11, 1, 0, 2, 3 ]
[ 1, 3, 1, -1, 8, 0, 0, 2, 3 ]
[ 4, -1, 0, 1, 3, 1, -1, -1, 2 ]
[ 5, 0, -2, -4, 1, 0, -2, 0, 7 ]
[ 1, -8, 0, 0, 1, 17, 0, 0, 31 ]
[ 1, -8, 0, 0, 2, 3, 0, 1, 17 ]
[ 0, 1, 17, -1, 8, 0, 0, 0, 31 ]
[ 0, 2, 3, -1, 8, 0, 0, 1, 17 ]
[ 1, 3, 1, 0, 1, 17, 0, 0, 31 ]
[ 1, 3, 1, 0, 2, 3, 0, 1, 17 ]
[ 0, -1, -17, 1, 3, 1, 0, 0, 31 ]
[ 1, 1, -2, 0, 1, 17, 0, 0, 31 ]
[ 1, 1, -2, 1, 3, 1, 0, 1, 17 ]
[ -4, 1, 0, -1, -1, 2, -2, 0, 7 ]
[ 1, 0, -19, -4, 1, 0, 0, 0, 31 ]
[ 2, 0, -7, -4, 1, 0, -1, 0, 19 ]
[ -1, 0, 19, -1, -1, 2, 0, 0, 31 ]
[ -2, 0, 7, -1, -1, 2, -1, 0, 19 ]
[ -4, 1, 0, -1, 0, 19, 0, 0, 31 ]
[ -4, 1, 0, -2, 0, 7, -1, 0, 19 ]
[ 31, 0, 0, 14, 1, 0, 13, 0, 1 ]
[ 14, 1, 0, -3, 2, 0, -1, -1, 1 ]
[ 13, 0, 1, 14, 1, 0, -5, 0, 2 ]
[ 1, -11, 0, 0, 31, 0, 0, -12, 1 ]
[ 3, -2, 0, -1, 11, 0, -1, -1, 1 ]
[ -1, 1, 6, -3, 2, 0, 0, 0, 31 ]
[ 1, 1, -1, -3, 2, 0, -1, 1, 6 ]
[ -14, -1, 0, -1, -1, 1, -5, 0, 2 ]
[ 5, 0, -2, 14, 1, 0, -2, 0, 7 ]
[ -1, 11, 0, 0, -12, 1, 0, -5, 3 ]
[ 1, 1, -1, -1, 11, 0, 0, -5, 3 ]
[ 3, -2, 0, -1, 1, 6, 0, 0, 31 ]
[ -3, 2, 0, -1, -1, 1, -1, 1, 6 ]
[ 1, 0, -19, -1, 1, 6, 0, 0, 31 ]
[ 1, 1, -1, -1, 0, 19, 0, 0, 31 ]
[ 1, 1, -1, -1, 1, 6, -1, 0, 19 ]
[ -5, 0, 2, -1, -1, 1, -2, 0, 7 ]
[ 14, 1, 0, -5, 0, 2, -2, 0, 7 ]
[ 1, 0, -19, 14, 1, 0, 0, 0, 31 ]
[ 2, 0, -7, 14, 1, 0, -1, 0, 19 ]
[ -1, 11, 0, 0, -5, 3, 0, 2, 5 ]
[ 0, 5, -3, -1, 11, 0, 0, 2, 5 ]
[ -1, -1, 1, 0, -5, 3, 0, 2, 5 ]
[ -1, 0, 19, -1, -1, 1, 0, 0, 31 ]
[ -1, 1, 6, -1, 0, 19, 0, 0, 31 ]
[ -1, 1, 6, -1, -1, 1, -1, 0, 19 ]
[ -1, 0, 19, -1, -1, 1, 0, 0, 31 ]
[ -2, 0, 7, -1, -1, 1, -1, 0, 19 ]
[ 14, 1, 0, -1, 0, 19, 0, 0, 31 ]
[ 14, 1, 0, -2, 0, 7, -1, 0, 19 ]
[ 1, -11, 0, 0, 1, 18, 0, 0, 31 ]
[ 1, -11, 0, 0, 2, 5, 0, 1, 18 ]
[ 0, 1, 18, -1, 11, 0, 0, 0, 31 ]
[ 0, 2, 5, -1, 11, 0, 0, 1, 18 ]
[ 1, 1, -1, 0, 1, 18, 0, 0, 31 ]
[ 1, 1, -1, 0, 2, 5, 0, 1, 18 ]
[ 1, 1, 0, 0, 31, 0, 0, -13, 1 ]
[ 31, 0, 0, 1, 1, 0, 13, 0, 1 ]
[ -1, -1, 0, 0, -13, 1, 0, 5, 2 ]
[ 13, 0, 1, 1, 1, 0, -5, 0, 2 ]
[ 1, 1, 0, 0, 5, 2, 0, 2, 7 ]
[ 5, 0, -2, 1, 1, 0, -2, 0, 7 ]
[ 1, 1, 0, 0, 1, 19, 0, 0, 31 ]
[ 1, 1, 0, 0, 2, 7, 0, 1, 19 ]
[ 1, 0, -19, 1, 1, 0, 0, 0, 31 ]
[ 2, 0, -7, 1, 1, 0, -1, 0, 19 ]
[ 31, 0, 0, -12, 1, 0, 13, 0, 1 ]
[ 12, -1, 0, -5, 3, 0, 1, 1, 1 ]
[ 13, 0, 1, -12, 1, 0, -5, 0, 2 ]
[ 5, -3, 0, 2, 5, 0, 1, 1, 1 ]
[ 2, -1, 4, -5, 3, 0, 0, 0, 31 ]
[ 1, 1, 1, -5, 3, 0, 2, -1, 4 ]
[ 12, -1, 0, 1, 1, 1, -5, 0, 2 ]
[ 5, 0, -2, -12, 1, 0, -2, 0, 7 ]
[ 1, 18, 0, 0, 31, 0, 0, 14, 1 ]
[ 2, 5, 0, 1, 18, 0, -1, -4, 1 ]
[ 1, 2, -10, 2, 5, 0, 0, 0, 31 ]
[ -1, -1, -1, -1, -2, 10, 0, 0, 31 ]
[ 1, 1, 1, 2, 5, 0, -1, -2, 10 ]
[ 5, -3, 0, 2, -1, 4, 0, 0, 31 ]
[ 5, -3, 0, 1, 1, 1, 2, -1, 4 ]
[ -1, 0, -12, 2, -1, 4, 0, 0, 31 ]
[ -1, -1, -1, 1, 0, 12, 0, 0, 31 ]
[ -1, -1, -1, 2, -1, 4, 1, 0, 12 ]
[ 5, 0, -2, 1, 1, 1, -2, 0, 7 ]
[ -12, 1, 0, -5, 0, 2, -2, 0, 7 ]
[ 1, 0, -19, -12, 1, 0, 0, 0, 31 ]
[ 2, 0, -7, -12, 1, 0, -1, 0, 19 ]
[ 1, 18, 0, 0, 14, 1, 0, -3, 2 ]
[ 1, 4, -1, 1, 18, 0, 0, -3, 2 ]
[ -1, -3, -10, -1, -4, 1, 0, 0, 31 ]
[ 2, 5, 0, 1, 3, 10, 0, 0, 31 ]
[ -2, -5, 0, -1, -4, 1, 1, 3, 10 ]
[ 1, 0, 12, 1, 1, 1, 0, 0, 31 ]
[ 2, -1, 4, 1, 0, 12, 0, 0, 31 ]
[ 2, -1, 4, 1, 1, 1, 1, 0, 12 ]
[ 1, 0, -19, 1, 1, 1, 0, 0, 31 ]
[ 2, 0, -7, 1, 1, 1, -1, 0, 19 ]
[ -12, 1, 0, -1, 0, 19, 0, 0, 31 ]
[ -12, 1, 0, -2, 0, 7, -1, 0, 19 ]
[ -1, -18, 0, 0, -1, 11, 0, 0, 31 ]
[ -1, -18, 0, 0, -3, 2, 0, -1, 11 ]
[ 0, -1, 11, 1, 18, 0, 0, 0, 31 ]
[ 0, -3, 2, 1, 18, 0, 0, -1, 11 ]
[ -1, -4, 1, 0, -1, 11, 0, 0, 31 ]
[ -1, -4, 1, 0, -3, 2, 0, -1, 11 ]
[ 31, 0, 0, 6, 1, 0, 13, 0, 1 ]
[ 1, -5, 0, 0, 31, 0, 0, 3, 1 ]
[ 6, 1, 0, -1, 5, 0, 1, -2, 1 ]
[ 13, 0, 1, 6, 1, 0, -5, 0, 2 ]
[ -1, 5, 0, 0, -1, 10, 0, 0, 31 ]
[ 1, -5, 0, 0, 3, 1, 0, -1, 10 ]
[ 0, 1, -10, -1, 5, 0, 0, 0, 31 ]
[ -1, 2, -1, 0, -1, 10, 0, 0, 31 ]
[ 1, -2, 1, -1, 5, 0, 0, -1, 10 ]
[ -6, -1, 0, 1, -2, 1, 1, 1, 2 ]
[ 5, 0, -2, 6, 1, 0, -2, 0, 7 ]
[ 0, -1, 10, 1, -2, 1, 0, 0, 31 ]
[ -1, -1, -2, 0, -1, 10, 0, 0, 31 ]
[ -1, -1, -2, 1, -2, 1, 0, -1, 10 ]
[ 6, 1, 0, 1, 1, 2, -2, 0, 7 ]
[ 1, 0, -19, 6, 1, 0, 0, 0, 31 ]
[ 2, 0, -7, 6, 1, 0, -1, 0, 19 ]
[ 1, 0, -19, 1, 1, 2, 0, 0, 31 ]
[ 2, 0, -7, 1, 1, 2, -1, 0, 19 ]
[ 6, 1, 0, -1, 0, 19, 0, 0, 31 ]
[ 6, 1, 0, -2, 0, 7, -1, 0, 19 ]
[ 31, 0, 0, -7, 1, 0, 13, 0, 1 ]
[ 7, -1, 0, 3, 4, 0, -1, 2, 1 ]
[ 13, 0, 1, -7, 1, 0, -5, 0, 2 ]
[ 1, -9, 0, 0, 31, 0, 0, -7, 1 ]
[ 3, 4, 0, -1, 9, 0, -1, 2, 1 ]
[ 1, 1, 3, 3, 4, 0, 0, 0, 31 ]
[ 1, -2, -1, 3, 4, 0, 1, 1, 3 ]
[ 7, -1, 0, -1, 2, 1, 2, -1, 2 ]
[ 5, 0, -2, -7, 1, 0, -2, 0, 7 ]
[ -1, 9, 0, 0, -7, 1, 0, 3, 4 ]
[ 1, -2, -1, -1, 9, 0, 0, 3, 4 ]
[ -3, -4, 0, 1, 1, 3, 0, 0, 31 ]
[ 3, 4, 0, -1, 2, 1, 1, 1, 3 ]
[ 0, -1, 9, 1, 1, 3, 0, 0, 31 ]
[ -1, 2, 1, 0, -1, 9, 0, 0, 31 ]
[ 1, -2, -1, 1, 1, 3, 0, -1, 9 ]
[ 1, -1, -10, -1, 2, 1, 0, 0, 31 ]
[ 2, -1, 2, -1, 1, 10, 0, 0, 31 ]
[ 2, -1, 2, -1, 2, 1, -1, 1, 10 ]
[ -7, 1, 0, 2, -1, 2, -2, 0, 7 ]
[ 1, 0, -19, -7, 1, 0, 0, 0, 31 ]
[ 2, 0, -7, -7, 1, 0, -1, 0, 19 ]
[ -1, 9, 0, 0, -1, 9, 0, 0, 31 ]
[ 1, -9, 0, 0, 3, 4, 0, -1, 9 ]
[ 0, 1, -9, -1, 9, 0, 0, 0, 31 ]
[ 0, 3, 4, -1, 9, 0, 0, -1, 9 ]
[ 1, -2, -1, 0, 3, 4, 0, -1, 9 ]
[ 0, 1, -9, -1, 2, 1, 0, 0, 31 ]
[ -1, -1, -3, 0, -1, 9, 0, 0, 31 ]
[ 1, 1, 3, -1, 2, 1, 0, -1, 9 ]
[ -1, 2, 1, 0, -1, 9, 0, 0, 31 ]
[ -1, 0, 19, 2, -1, 2, 0, 0, 31 ]
[ -2, 0, 7, 2, -1, 2, -1, 0, 19 ]
[ -7, 1, 0, -1, 0, 19, 0, 0, 31 ]
[ -7, 1, 0, -2, 0, 7, -1, 0, 19 ]
[ 31, 0, 0, 11, 1, 0, 13, 0, 1 ]
[ 11, 1, 0, 2, 3, 0, 2, -1, 1 ]
[ 13, 0, 1, 11, 1, 0, -5, 0, 2 ]
[ 1, 17, 0, 0, 31, 0, 0, -4, 1 ]
[ 2, 3, 0, 1, 17, 0, 0, -4, 1 ]
[ 1, 1, 4, 2, 3, 0, 0, 0, 31 ]
[ 2, -1, 1, 2, 3, 0, 1, 1, 4 ]
[ -11, -1, 0, 2, -1, 1, -5, 0, 2 ]
[ 5, 0, -2, 11, 1, 0, -2, 0, 7 ]
[ -1, -17, 0, 0, -1, 8, 0, 0, 31 ]
[ -1, -17, 0, 0, -4, 1, 0, -1, 8 ]
[ 0, -1, 8, 1, 17, 0, 0, 0, 31 ]
[ 0, -4, 1, 1, 17, 0, 0, -1, 8 ]
[ -2, -3, 0, 1, 1, 4, 0, 0, 31 ]
[ -2, -3, 0, 0, -4, 1, 1, 1, 4 ]
[ 1, 0, 12, 1, 1, 4, 0, 0, 31 ]
[ 2, -1, 1, 1, 0, 12, 0, 0, 31 ]
[ 2, -1, 1, 1, 1, 4, 1, 0, 12 ]
[ -5, 0, 2, 2, -1, 1, -2, 0, 7 ]
[ 11, 1, 0, -5, 0, 2, -2, 0, 7 ]
[ 1, 0, -19, 11, 1, 0, 0, 0, 31 ]
[ 2, 0, -7, 11, 1, 0, -1, 0, 19 ]
[ -1, -1, -4, 0, -1, 8, 0, 0, 31 ]
[ -1, -1, -4, 0, -4, 1, 0, -1, 8 ]
[ -1, 0, 19, 2, -1, 1, 0, 0, 31 ]
[ -2, 0, 7, 2, -1, 1, -1, 0, 19 ]
[ 11, 1, 0, -1, 0, 19, 0, 0, 31 ]
[ 11, 1, 0, -2, 0, 7, -1, 0, 19 ]
[ 31, 0, 0, -2, 1, 0, 13, 0, 1 ]
[ 1, -16, 0, 0, 31, 0, 0, -9, 1 ]
[ 2, -1, 0, -1, 16, 0, -1, 7, 1 ]
[ 13, 0, 1, -2, 1, 0, -5, 0, 2 ]
[ -1, 16, 0, 0, -9, 1, 0, 4, 3 ]
[ 1, -7, -1, -1, 16, 0, 0, 4, 3 ]
[ 2, -1, 0, -1, 7, 1, 1, -3, 2 ]
[ 5, 0, -2, -2, 1, 0, -2, 0, 7 ]
[ -1, 16, 0, 0, -1, 7, 0, 0, 31 ]
[ 1, -16, 0, 0, 4, 3, 0, -1, 7 ]
[ 0, 1, -7, -1, 16, 0, 0, 0, 31 ]
[ 0, 4, 3, -1, 16, 0, 0, -1, 7 ]
[ -1, 7, 1, 0, -1, 7, 0, 0, 31 ]
[ 1, -7, -1, 0, 4, 3, 0, -1, 7 ]
[ 0, 1, -7, -1, 7, 1, 0, 0, 31 ]
[ -1, 3, -2, 0, -1, 7, 0, 0, 31 ]
[ 1, -3, 2, -1, 7, 1, 0, -1, 7 ]
[ 0, -1, 7, 1, -3, 2, 0, 0, 31 ]
[ -2, 1, 0, 1, -3, 2, 0, -1, 7 ]
[ 1, 0, -19, -2, 1, 0, 0, 0, 31 ]
[ 2, 0, -7, -2, 1, 0, -1, 0, 19 ]
[ -1, 0, 19, 0, -1, 7, 0, 0, 31 ]
[ -2, 1, 0, -1, 0, 19, 0, 0, 31 ]
[ -2, 1, 0, 0, -1, 7, -1, 0, 19 ]
[ 31, 0, 0, -15, 1, 0, 13, 0, 1 ]
[ 1, 2, 0, 0, 31, 0, 0, 5, 1 ]
[ 15, -1, 0, 1, 2, 0, -2, 1, 1 ]
[ 13, 0, 1, -15, 1, 0, -5, 0, 2 ]
[ -1, -2, 0, 0, -1, 6, 0, 0, 31 ]
[ 1, 2, 0, 0, 5, 1, 0, -1, 6 ]
[ 0, -1, 6, 1, 2, 0, 0, 0, 31 ]
[ 2, -1, -1, 1, 2, 0, 0, -1, 6 ]
[ 15, -1, 0, -2, 1, 1, -5, 0, 2 ]
[ 5, 0, -2, -15, 1, 0, -2, 0, 7 ]
[ -1, 0, 19, 0, -1, 6, 0, 0, 31 ]
[ -2, 1, 1, -1, 0, 19, 0, 0, 31 ]
[ -2, 1, 1, 0, -1, 6, -1, 0, 19 ]
[ 5, 0, -2, -2, 1, 1, -2, 0, 7 ]
[ -15, 1, 0, -5, 0, 2, -2, 0, 7 ]
[ 1, 0, -19, -15, 1, 0, 0, 0, 31 ]
[ 2, 0, -7, -15, 1, 0, -1, 0, 19 ]
[ 1, 0, -19, -2, 1, 1, 0, 0, 31 ]
[ 2, 0, -7, -2, 1, 1, -1, 0, 19 ]
[ -15, 1, 0, -1, 0, 19, 0, 0, 31 ]
[ -15, 1, 0, -2, 0, 7, -1, 0, 19 ]
[ 31, 0, 0, 3, 1, 0, 13, 0, 1 ]
[ 1, -10, 0, 0, 31, 0, 0, 6, 1 ]
[ 3, 1, 0, -1, 10, 0, 1, -4, 1 ]
[ 13, 0, 1, 3, 1, 0, -5, 0, 2 ]
[ -1, 10, 0, 0, -1, 5, 0, 0, 31 ]
[ 1, -10, 0, 0, 6, 1, 0, -1, 5 ]
[ 0, 1, -5, -1, 10, 0, 0, 0, 31 ]
[ -1, 4, -1, 0, -1, 5, 0, 0, 31 ]
[ 1, -4, 1, -1, 10, 0, 0, -1, 5 ]
[ -3, -1, 0, 1, -4, 1, 1, 2, 2 ]
[ 5, 0, -2, 3, 1, 0, -2, 0, 7 ]
[ 0, -1, 5, 1, -4, 1, 0, 0, 31 ]
[ -1, -2, -2, 0, -1, 5, 0, 0, 31 ]
[ -1, -2, -2, 1, -4, 1, 0, -1, 5 ]
[ 1, 1, 7, 1, 2, 2, 0, 0, 31 ]
[ 3, 1, 0, 1, 2, 2, 1, 1, 7 ]
[ 1, 0, -19, 3, 1, 0, 0, 0, 31 ]
[ 2, 0, -7, 3, 1, 0, -1, 0, 19 ]
[ 2, 1, 19, 1, 1, 7, 0, 0, 31 ]
[ 3, 1, 0, 2, 1, 19, 0, 0, 31 ]
[ 3, 1, 0, 1, 1, 7, 2, 1, 19 ]
[ 31, 0, 0, -10, 1, 0, 13, 0, 1 ]
[ 1, 3, 0, 0, 31, 0, 0, -8, 1 ]
[ 10, -1, 0, 1, 3, 0, 3, 1, 1 ]
[ 13, 0, 1, -10, 1, 0, -5, 0, 2 ]
[ -1, -3, 0, 0, -1, 4, 0, 0, 31 ]
[ -1, -3, 0, 0, -8, 1, 0, -1, 4 ]
[ 0, -1, 4, 1, 3, 0, 0, 0, 31 ]
[ 3, 1, 1, 1, 3, 0, 0, -1, 4 ]
[ 10, -1, 0, 3, 1, 1, -5, 0, 2 ]
[ 5, 0, -2, -10, 1, 0, -2, 0, 7 ]
[ -1, 0, -12, 0, -1, 4, 0, 0, 31 ]
[ -3, -1, -1, 1, 0, 12, 0, 0, 31 ]
[ -3, -1, -1, 0, -1, 4, 1, 0, 12 ]
[ 5, 0, -2, 3, 1, 1, -2, 0, 7 ]
[ -10, 1, 0, -5, 0, 2, -2, 0, 7 ]
[ 1, 0, -19, -10, 1, 0, 0, 0, 31 ]
[ 2, 0, -7, -10, 1, 0, -1, 0, 19 ]
[ 1, 0, -19, 3, 1, 1, 0, 0, 31 ]
[ 2, 0, -7, 3, 1, 1, -1, 0, 19 ]
[ -10, 1, 0, -1, 0, 19, 0, 0, 31 ]
[ -10, 1, 0, -2, 0, 7, -1, 0, 19 ]
[ 31, 0, 0, 8, 1, 0, 13, 0, 1 ]
[ 1, 4, 0, 0, 31, 0, 0, 10, 1 ]
[ 8, 1, 0, 1, 4, 0, -3, -2, 1 ]
[ 13, 0, 1, 8, 1, 0, -5, 0, 2 ]
[ -1, -4, 0, 0, -1, 3, 0, 0, 31 ]
[ 1, 4, 0, 0, 10, 1, 0, -1, 3 ]
[ 0, -1, 3, 1, 4, 0, 0, 0, 31 ]
[ 3, 2, -1, 1, 4, 0, 0, -1, 3 ]
[ -8, -1, 0, -3, -2, 1, 3, 1, 2 ]
[ 5, 0, -2, 8, 1, 0, -2, 0, 7 ]
[ -1, -1, -9, 0, -1, 3, 0, 0, 31 ]
[ 3, 2, -1, 1, 1, 9, 0, 0, 31 ]
[ -3, -2, 1, 0, -1, 3, 1, 1, 9 ]
[ -2, -1, 10, -3, -2, 1, 0, 0, 31 ]
[ -3, -1, -2, -2, -1, 10, 0, 0, 31 ]
[ -3, -1, -2, -3, -2, 1, -2, -1, 10 ]
[ 8, 1, 0, 3, 1, 2, -2, 0, 7 ]
[ 1, 0, -19, 8, 1, 0, 0, 0, 31 ]
[ 2, 0, -7, 8, 1, 0, -1, 0, 19 ]
[ 1, 0, -19, 3, 1, 2, 0, 0, 31 ]
[ 2, 0, -7, 3, 1, 2, -1, 0, 19 ]
[ 8, 1, 0, -1, 0, 19, 0, 0, 31 ]
[ 8, 1, 0, -2, 0, 7, -1, 0, 19 ]
[ 31, 0, 0, -5, 1, 0, 13, 0, 1 ]
[ 1, 6, 0, 0, 31, 0, 0, 15, 1 ]
[ 5, -1, 0, 1, 6, 0, -2, 3, 1 ]
[ 13, 0, 1, -5, 1, 0, -5, 0, 2 ]
[ -1, -6, 0, 0, -1, 2, 0, 0, 31 ]
[ 1, 6, 0, 0, 15, 1, 0, -1, 2 ]
[ 0, -1, 2, 1, 6, 0, 0, 0, 31 ]
[ 2, -3, -1, 1, 6, 0, 0, -1, 2 ]
[ 5, -1, 0, -2, 3, 1, 0, -1, 2 ]
[ 5, 0, -2, -5, 1, 0, -2, 0, 7 ]
[ -1, 1, 17, 0, -1, 2, 0, 0, 31 ]
[ -2, 3, 1, -1, 1, 17, 0, 0, 31 ]
[ -2, 3, 1, 0, -1, 2, -1, 1, 17 ]
[ 1, -1, -17, -2, 3, 1, 0, 0, 31 ]
[ 0, 1, -2, -1, 1, 17, 0, 0, 31 ]
[ 0, 1, -2, -2, 3, 1, -1, 1, 17 ]
[ -5, 1, 0, 0, -1, 2, -2, 0, 7 ]
[ 1, 0, -19, -5, 1, 0, 0, 0, 31 ]
[ 2, 0, -7, -5, 1, 0, -1, 0, 19 ]
[ -1, 0, 19, 0, -1, 2, 0, 0, 31 ]
[ -2, 0, 7, 0, -1, 2, -1, 0, 19 ]
[ -5, 1, 0, -1, 0, 19, 0, 0, 31 ]
[ -5, 1, 0, -2, 0, 7, -1, 0, 19 ]
[ 31, 0, 0, 13, 1, 0, 13, 0, 1 ]
[ 13, 1, 0, -5, 2, 0, 0, -1, 1 ]
[ 13, 0, 1, 13, 1, 0, -5, 0, 2 ]
[ 5, -2, 0, -2, 7, 0, 0, -1, 1 ]
[ -2, 1, 6, -5, 2, 0, 0, 0, 31 ]
[ 0, 1, -1, -5, 2, 0, -2, 1, 6 ]
[ -13, -1, 0, 0, -1, 1, -5, 0, 2 ]
[ 5, 0, -2, 13, 1, 0, -2, 0, 7 ]
[ -1, 19, 0, 0, -1, 1, 0, 0, 31 ]
[ 1, -19, 0, 0, 31, 0, 0, -1, 1 ]
[ 0, 1, -1, -1, 19, 0, 0, 0, 31 ]
[ 2, -7, 0, -1, 19, 0, 0, -1, 1 ]
[ 1, -3, -16, -2, 7, 0, 0, 0, 31 ]
[ 0, 1, -1, -1, 3, 16, 0, 0, 31 ]
[ 0, 1, -1, -2, 7, 0, -1, 3, 16 ]
[ 5, -2, 0, -2, 1, 6, 0, 0, 31 ]
[ -5, 2, 0, 0, -1, 1, -2, 1, 6 ]
[ 1, 0, -19, -2, 1, 6, 0, 0, 31 ]
[ 0, 1, -1, -1, 0, 19, 0, 0, 31 ]
[ 0, 1, -1, -2, 1, 6, -1, 0, 19 ]
[ -5, 0, 2, 0, -1, 1, -2, 0, 7 ]
[ 13, 1, 0, -5, 0, 2, -2, 0, 7 ]
[ 1, 0, -19, 13, 1, 0, 0, 0, 31 ]
[ 2, 0, -7, 13, 1, 0, -1, 0, 19 ]
[ -1, 3, 16, 0, -1, 1, 0, 0, 31 ]
[ -2, 7, 0, -1, 3, 16, 0, 0, 31 ]
[ -2, 7, 0, 0, -1, 1, -1, 3, 16 ]
[ -1, 0, 19, 0, -1, 1, 0, 0, 31 ]
[ -2, 1, 6, -1, 0, 19, 0, 0, 31 ]
[ -2, 1, 6, 0, -1, 1, -1, 0, 19 ]
[ -1, 0, 19, 0, -1, 1, 0, 0, 31 ]
[ -2, 0, 7, 0, -1, 1, -1, 0, 19 ]
[ 13, 1, 0, -1, 0, 19, 0, 0, 31 ]
[ 13, 1, 0, -2, 0, 7, -1, 0, 19 ]
[ 31, 0, 0, 0, 1, 0, 12, 0, 1 ]
[ 12, 0, 1, 0, 1, 0, 5, 0, 3 ]
[ 5, 0, 3, 0, 1, 0, -2, 0, 5 ]
[ 1, 0, -18, 0, 1, 0, 0, 0, 31 ]
[ 2, 0, -5, 0, 1, 0, -1, 0, 18 ]
[ 31, 0, 0, -12, 1, 0, 12, 0, 1 ]
[ 12, -1, 0, -5, 3, 0, 0, 1, 1 ]
[ 12, 0, 1, -12, 1, 0, 5, 0, 3 ]
[ 5, -3, 0, 2, 5, 0, 0, 1, 1 ]
[ 2, -1, -6, -5, 3, 0, 0, 0, 31 ]
[ 0, 1, 1, -5, 3, 0, -2, 1, 6 ]
[ 12, -1, 0, 0, 1, 1, 5, 0, 3 ]
[ 5, 0, 3, -12, 1, 0, -2, 0, 5 ]
[ 1, 18, 0, 0, 1, 1, 0, 0, 31 ]
[ 1, 18, 0, 0, 31, 0, 0, 1, 1 ]
[ 0, -1, -1, 1, 18, 0, 0, 0, 31 ]
[ 2, 5, 0, 1, 18, 0, 0, 1, 1 ]
[ -1, -3, -16, 2, 5, 0, 0, 0, 31 ]
[ 0, -1, -1, 1, 3, 16, 0, 0, 31 ]
[ 0, -1, -1, 2, 5, 0, 1, 3, 16 ]
[ -5, 3, 0, -2, 1, 6, 0, 0, 31 ]
[ 5, -3, 0, 0, 1, 1, -2, 1, 6 ]
[ -1, 1, 19, -2, 1, 6, 0, 0, 31 ]
[ 0, 1, 1, -1, 1, 19, 0, 0, 31 ]
[ 0, 1, 1, -2, 1, 6, -1, 1, 19 ]
[ 5, 0, 3, 0, 1, 1, -2, 0, 5 ]
[ 12, -1, 0, 5, 0, 3, -2, 0, 5 ]
[ 1, 0, -18, -12, 1, 0, 0, 0, 31 ]
[ 2, 0, -5, -12, 1, 0, -1, 0, 18 ]
[ 1, 3, 16, 0, 1, 1, 0, 0, 31 ]
[ 2, 5, 0, 1, 3, 16, 0, 0, 31 ]
[ 2, 5, 0, 0, 1, 1, 1, 3, 16 ]
[ 1, -1, -19, 0, 1, 1, 0, 0, 31 ]
[ 2, -1, -6, -1, 1, 19, 0, 0, 31 ]
[ 2, -1, -6, 0, 1, 1, -1, 1, 19 ]
[ 1, 0, -18, 0, 1, 1, 0, 0, 31 ]
[ 2, 0, -5, 0, 1, 1, -1, 0, 18 ]
[ -12, 1, 0, -1, 0, 18, 0, 0, 31 ]
[ -12, 1, 0, -2, 0, 5, -1, 0, 18 ]
[ 31, 0, 0, 7, 1, 0, 12, 0, 1 ]
[ 7, 1, 0, -3, 4, 0, -2, -2, 1 ]
[ 12, 0, 1, 7, 1, 0, 5, 0, 3 ]
[ 1, 9, 0, 0, 31, 0, 0, -15, 1 ]
[ 3, -4, 0, 1, 9, 0, 1, -6, 1 ]
[ 2, 2, -1, -3, 4, 0, 0, 1, 2 ]
[ -7, -1, 0, -2, -2, 1, -2, -1, 3 ]
[ 5, 0, 3, 7, 1, 0, -2, 0, 5 ]
[ 1, 9, 0, 0, 1, 2, 0, 0, 31 ]
[ -1, -9, 0, 0, -15, 1, 0, 1, 2 ]
[ 0, -1, -2, 1, 9, 0, 0, 0, 31 ]
[ 1, -6, 1, 0, 1, 2, 0, 0, 31 ]
[ 1, -6, 1, 1, 9, 0, 0, 1, 2 ]
[ 0, -1, -2, 1, -6, 1, 0, 0, 31 ]
[ -3, 4, 0, 1, -6, 1, 0, 1, 2 ]
[ 1, -1, 11, -3, 4, 0, 0, 0, 31 ]
[ 0, -1, -2, 1, -1, 11, 0, 0, 31 ]
[ 0, 1, 2, -3, 4, 0, 1, -1, 11 ]
[ 1, 1, -16, 0, 1, 2, 0, 0, 31 ]
[ 2, 2, -1, 0, 1, 2, -1, -1, 16 ]
[ -2, -1, 3, -1, -1, 16, 0, 0, 31 ]
[ -2, -1, 3, -2, -2, 1, -1, -1, 16 ]
[ -7, -1, 0, -2, -1, 3, -2, 0, 5 ]
[ 1, 0, -18, 7, 1, 0, 0, 0, 31 ]
[ 2, 0, -5, 7, 1, 0, -1, 0, 18 ]
[ 1, -1, 11, 0, 1, 2, 0, 0, 31 ]
[ 3, -4, 0, 1, -1, 11, 0, 0, 31 ]
[ 3, -4, 0, 0, 1, 2, 1, -1, 11 ]
[ -1, 0, 18, -2, -1, 3, 0, 0, 31 ]
[ -2, 0, 5, -2, -1, 3, -1, 0, 18 ]
[ 7, 1, 0, -1, 0, 18, 0, 0, 31 ]
[ 7, 1, 0, -2, 0, 5, -1, 0, 18 ]
[ 31, 0, 0, -5, 1, 0, 12, 0, 1 ]
[ 1, 6, 0, 0, 31, 0, 0, -10, 1 ]
[ 5, -1, 0, 1, 6, 0, 2, 2, 1 ]
[ 12, 0, 1, -5, 1, 0, 5, 0, 3 ]
[ 1, 6, 0, 0, 1, 3, 0, 0, 31 ]
[ -1, -6, 0, 0, -10, 1, 0, 1, 3 ]
[ 0, -1, -3, 1, 6, 0, 0, 0, 31 ]
[ 2, 2, 1, 1, 6, 0, 0, 1, 3 ]
[ 5, -1, 0, 2, 2, 1, 0, 1, 3 ]
[ 5, 0, 3, -5, 1, 0, -2, 0, 5 ]
[ 1, 1, 16, 0, 1, 3, 0, 0, 31 ]
[ 2, 2, 1, 0, 1, 3, 1, 1, 16 ]
[ 0, -1, -3, 1, 1, 16, 0, 0, 31 ]
[ 0, -1, -3, 2, 2, 1, 1, 1, 16 ]
[ 5, -1, 0, 0, 1, 3, -2, 0, 5 ]
[ 1, 0, -18, -5, 1, 0, 0, 0, 31 ]
[ 2, 0, -5, -5, 1, 0, -1, 0, 18 ]
[ 1, 0, -18, 0, 1, 3, 0, 0, 31 ]
[ 2, 0, -5, 0, 1, 3, -1, 0, 18 ]
[ -5, 1, 0, -1, 0, 18, 0, 0, 31 ]
[ -5, 1, 0, -2, 0, 5, -1, 0, 18 ]
[ 31, 0, 0, 14, 1, 0, 12, 0, 1 ]
[ 14, 1, 0, -3, 2, 0, -2, -1, 1 ]
[ 12, 0, 1, 14, 1, 0, 5, 0, 3 ]
[ 1, -11, 0, 0, 31, 0, 0, 8, 1 ]
[ 3, -2, 0, -1, 11, 0, 1, -3, 1 ]
[ 2, 1, -1, -3, 2, 0, 0, 1, 4 ]
[ -14, -1, 0, -2, -1, 1, 5, 0, 3 ]
[ 5, 0, 3, 14, 1, 0, -2, 0, 5 ]
[ 1, -11, 0, 0, 1, 4, 0, 0, 31 ]
[ 1, -11, 0, 0, 8, 1, 0, 1, 4 ]
[ 0, 1, 4, -1, 11, 0, 0, 0, 31 ]
[ 1, -3, 1, 0, 1, 4, 0, 0, 31 ]
[ 1, -3, 1, -1, 11, 0, 0, 1, 4 ]
[ 0, -1, -4, 1, -3, 1, 0, 0, 31 ]
[ -3, 2, 0, 1, -3, 1, 0, 1, 4 ]
[ -1, 1, -9, -3, 2, 0, 0, 0, 31 ]
[ 0, -1, -4, 1, -1, 9, 0, 0, 31 ]
[ 0, 1, 4, -3, 2, 0, 1, -1, 9 ]
[ 1, 0, -18, 0, 1, 4, 0, 0, 31 ]
[ 2, 1, -1, -1, 0, 18, 0, 0, 31 ]
[ 2, 1, -1, 0, 1, 4, -1, 0, 18 ]
[ -5, 0, -3, -2, -1, 1, -2, 0, 5 ]
[ -14, -1, 0, 5, 0, 3, -2, 0, 5 ]
[ 1, 0, -18, 14, 1, 0, 0, 0, 31 ]
[ 2, 0, -5, 14, 1, 0, -1, 0, 18 ]
[ 1, -1, 9, 0, 1, 4, 0, 0, 31 ]
[ -3, 2, 0, 1, -1, 9, 0, 0, 31 ]
[ 3, -2, 0, 0, 1, 4, 1, -1, 9 ]
[ -1, 0, 18, -2, -1, 1, 0, 0, 31 ]
[ -2, 0, 5, -2, -1, 1, -1, 0, 18 ]
[ 14, 1, 0, -1, 0, 18, 0, 0, 31 ]
[ 14, 1, 0, -2, 0, 5, -1, 0, 18 ]
[ 31, 0, 0, 2, 1, 0, 12, 0, 1 ]
[ 1, 16, 0, 0, 31, 0, 0, -6, 1 ]
[ 2, 1, 0, 1, 16, 0, 0, -6, 1 ]
[ 12, 0, 1, 2, 1, 0, 5, 0, 3 ]
[ 1, 16, 0, 0, 1, 5, 0, 0, 31 ]
[ -1, -16, 0, 0, -6, 1, 0, 1, 5 ]
[ 0, -1, -5, 1, 16, 0, 0, 0, 31 ]
[ 0, -6, 1, 1, 16, 0, 0, 1, 5 ]
[ -2, -1, 0, 0, -6, 1, 1, -2, 3 ]
[ 5, 0, 3, 2, 1, 0, -2, 0, 5 ]
[ 1, -2, 3, 0, 1, 5, 0, 0, 31 ]
[ -1, 2, -3, 0, -6, 1, 0, 1, 5 ]
[ 0, -1, -5, 1, -2, 3, 0, 0, 31 ]
[ -2, -1, 0, 1, -2, 3, 0, 1, 5 ]
[ 1, 0, -18, 2, 1, 0, 0, 0, 31 ]
[ 2, 0, -5, 2, 1, 0, -1, 0, 18 ]
[ 1, 1, 18, 0, 1, 5, 0, 0, 31 ]
[ 2, 1, 0, 1, 1, 18, 0, 0, 31 ]
[ 2, 1, 0, 0, 1, 5, 1, 1, 18 ]
[ 31, 0, 0, -10, 1, 0, 12, 0, 1 ]
[ 1, 3, 0, 0, 31, 0, 0, -5, 1 ]
[ 10, -1, 0, 1, 3, 0, 2, 1, 1 ]
[ 12, 0, 1, -10, 1, 0, 5, 0, 3 ]
[ 1, 3, 0, 0, 1, 6, 0, 0, 31 ]
[ -1, -3, 0, 0, -5, 1, 0, 1, 6 ]
[ 0, -1, -6, 1, 3, 0, 0, 0, 31 ]
[ 2, 1, 1, 1, 3, 0, 0, 1, 6 ]
[ 10, -1, 0, 2, 1, 1, 5, 0, 3 ]
[ 5, 0, 3, -10, 1, 0, -2, 0, 5 ]
[ 1, 1, 19, 0, 1, 6, 0, 0, 31 ]
[ 2, 1, 1, 1, 1, 19, 0, 0, 31 ]
[ 2, 1, 1, 0, 1, 6, 1, 1, 19 ]
[ 5, 0, 3, 2, 1, 1, -2, 0, 5 ]
[ 10, -1, 0, 5, 0, 3, -2, 0, 5 ]
[ 1, 0, -18, -10, 1, 0, 0, 0, 31 ]
[ 2, 0, -5, -10, 1, 0, -1, 0, 18 ]
[ 1, 0, -18, 2, 1, 1, 0, 0, 31 ]
[ 2, 0, -5, 2, 1, 1, -1, 0, 18 ]
[ -10, 1, 0, -1, 0, 18, 0, 0, 31 ]
[ -10, 1, 0, -2, 0, 5, -1, 0, 18 ]
[ 31, 0, 0, 9, 1, 0, 12, 0, 1 ]
[ 9, 1, 0, -4, 3, 0, 3, -1, 1 ]
[ 12, 0, 1, 9, 1, 0, 5, 0, 3 ]
[ 1, 7, 0, 0, 31, 0, 0, 9, 1 ]
[ 4, -3, 0, 1, 7, 0, -1, 2, 1 ]
[ -1, 1, -6, -4, 3, 0, 0, 0, 31 ]
[ 3, -1, 1, -4, 3, 0, 1, -1, 6 ]
[ -9, -1, 0, 3, -1, 1, 5, 0, 3 ]
[ 5, 0, 3, 9, 1, 0, -2, 0, 5 ]
[ 1, 7, 0, 0, 9, 1, 0, -4, 3 ]
[ 1, -2, -1, 1, 7, 0, 0, -4, 3 ]
[ 1, -1, 6, -1, 2, 1, 0, 0, 31 ]
[ -4, 3, 0, 1, -1, 6, 0, 0, 31 ]
[ 4, -3, 0, -1, 2, 1, 1, -1, 6 ]
[ -2, 1, -19, 1, -1, 6, 0, 0, 31 ]
[ -3, 1, -1, 2, -1, 19, 0, 0, 31 ]
[ -3, 1, -1, 1, -1, 6, 2, -1, 19 ]
[ -5, 0, -3, 3, -1, 1, -2, 0, 5 ]
[ -9, -1, 0, 5, 0, 3, -2, 0, 5 ]
[ 1, 0, -18, 9, 1, 0, 0, 0, 31 ]
[ 2, 0, -5, 9, 1, 0, -1, 0, 18 ]
[ 1, 7, 0, 0, 1, 7, 0, 0, 31 ]
[ -1, -7, 0, 0, -4, 3, 0, 1, 7 ]
[ 0, -1, -7, 1, 7, 0, 0, 0, 31 ]
[ 0, -4, 3, 1, 7, 0, 0, 1, 7 ]
[ 1, -2, -1, 0, 1, 7, 0, 0, 31 ]
[ -1, 2, 1, 0, -4, 3, 0, 1, 7 ]
[ -1, 0, 18, 3, -1, 1, 0, 0, 31 ]
[ -2, 0, 5, 3, -1, 1, -1, 0, 18 ]
[ 9, 1, 0, -1, 0, 18, 0, 0, 31 ]
[ 9, 1, 0, -2, 0, 5, -1, 0, 18 ]
[ 31, 0, 0, -3, 1, 0, 12, 0, 1 ]
[ 1, 10, 0, 0, 31, 0, 0, 4, 1 ]
[ 3, -1, 0, 1, 10, 0, 0, 4, 1 ]
[ 12, 0, 1, -3, 1, 0, 5, 0, 3 ]
[ 1, 10, 0, 0, 1, 8, 0, 0, 31 ]
[ 1, 10, 0, 0, 4, 1, 0, 1, 8 ]
[ 0, -1, -8, 1, 10, 0, 0, 0, 31 ]
[ 0, -4, -1, 1, 10, 0, 0, 1, 8 ]
[ 3, -1, 0, 0, 4, 1, -1, 2, 3 ]
[ 5, 0, 3, -3, 1, 0, -2, 0, 5 ]
[ 1, -2, -3, 0, 1, 8, 0, 0, 31 ]
[ 1, -2, -3, 0, 4, 1, 0, 1, 8 ]
[ 1, -1, 5, -1, 2, 3, 0, 0, 31 ]
[ 3, -1, 0, -1, 2, 3, 1, -1, 5 ]
[ 1, 0, -18, -3, 1, 0, 0, 0, 31 ]
[ 2, 0, -5, -3, 1, 0, -1, 0, 18 ]
[ -1, 0, 18, 1, -1, 5, 0, 0, 31 ]
[ -3, 1, 0, -1, 0, 18, 0, 0, 31 ]
[ -3, 1, 0, 1, -1, 5, -1, 0, 18 ]
[ 31, 0, 0, -15, 1, 0, 12, 0, 1 ]
[ 1, 2, 0, 0, 31, 0, 0, 7, 1 ]
[ 15, -1, 0, 1, 2, 0, -3, 1, 1 ]
[ 12, 0, 1, -15, 1, 0, 5, 0, 3 ]
[ 1, 2, 0, 0, 7, 1, 0, -3, 4 ]
[ 3, -1, -1, 1, 2, 0, 1, -1, 4 ]
[ 15, -1, 0, -3, 1, 1, 5, 0, 3 ]
[ 5, 0, 3, -15, 1, 0, -2, 0, 5 ]
[ 1, 2, 0, 0, 1, 9, 0, 0, 31 ]
[ -1, -2, 0, 0, -3, 4, 0, 1, 9 ]
[ 0, -1, -9, 1, 2, 0, 0, 0, 31 ]
[ 1, -1, 4, 0, 1, 9, 0, 0, 31 ]
[ 1, -1, 4, 1, 2, 0, 0, 1, 9 ]
[ -1, 0, 18, 1, -1, 4, 0, 0, 31 ]
[ -3, 1, 1, -1, 0, 18, 0, 0, 31 ]
[ -3, 1, 1, 1, -1, 4, -1, 0, 18 ]
[ 5, 0, 3, -3, 1, 1, -2, 0, 5 ]
[ 15, -1, 0, 5, 0, 3, -2, 0, 5 ]
[ 1, 0, -18, -15, 1, 0, 0, 0, 31 ]
[ 2, 0, -5, -15, 1, 0, -1, 0, 18 ]
[ 1, 0, -18, -3, 1, 1, 0, 0, 31 ]
[ 2, 0, -5, -3, 1, 1, -1, 0, 18 ]
[ -15, 1, 0, -1, 0, 18, 0, 0, 31 ]
[ -15, 1, 0, -2, 0, 5, -1, 0, 18 ]
[ 31, 0, 0, 4, 1, 0, 12, 0, 1 ]
[ 1, 8, 0, 0, 31, 0, 0, -3, 1 ]
[ 4, 1, 0, 1, 8, 0, 0, -3, 1 ]
[ 12, 0, 1, 4, 1, 0, 5, 0, 3 ]
[ 1, 8, 0, 0, 1, 10, 0, 0, 31 ]
[ -1, -8, 0, 0, -3, 1, 0, 1, 10 ]
[ 0, -1, -10, 1, 8, 0, 0, 0, 31 ]
[ 0, -3, 1, 1, 8, 0, 0, 1, 10 ]
[ -4, -1, 0, 0, -3, 1, 1, -1, 3 ]
[ 5, 0, 3, 4, 1, 0, -2, 0, 5 ]
[ 1, -1, 3, 0, 1, 10, 0, 0, 31 ]
[ -1, 1, -3, 0, -3, 1, 0, 1, 10 ]
[ -4, -1, 0, 1, -1, 3, -2, 0, 5 ]
[ 1, 0, -18, 4, 1, 0, 0, 0, 31 ]
[ 2, 0, -5, 4, 1, 0, -1, 0, 18 ]
[ -1, 0, 18, 1, -1, 3, 0, 0, 31 ]
[ -2, 0, 5, 1, -1, 3, -1, 0, 18 ]
[ 4, 1, 0, -1, 0, 18, 0, 0, 31 ]
[ 4, 1, 0, -2, 0, 5, -1, 0, 18 ]
[ 31, 0, 0, -8, 1, 0, 12, 0, 1 ]
[ 1, -4, 0, 0, 31, 0, 0, -14, 1 ]
[ 8, -1, 0, -1, 4, 0, -4, 2, 1 ]
[ 12, 0, 1, -8, 1, 0, 5, 0, 3 ]
[ -1, 4, 0, 0, -14, 1, 0, 3, 2 ]
[ 4, -2, -1, -1, 4, 0, 1, -1, 2 ]
[ 8, -1, 0, -4, 2, 1, -3, 1, 3 ]
[ 5, 0, 3, -8, 1, 0, -2, 0, 5 ]
[ 1, -4, 0, 0, 1, 11, 0, 0, 31 ]
[ 1, -4, 0, 0, 3, 2, 0, 1, 11 ]
[ 0, 1, 11, -1, 4, 0, 0, 0, 31 ]
[ 1, -1, 2, 0, 1, 11, 0, 0, 31 ]
[ 1, -1, 2, -1, 4, 0, 0, 1, 11 ]
[ -2, 1, 16, 1, -1, 2, 0, 0, 31 ]
[ -4, 2, 1, 1, -1, 2, -2, 1, 16 ]
[ 3, -1, -3, -2, 1, 16, 0, 0, 31 ]
[ 3, -1, -3, -4, 2, 1, -2, 1, 16 ]
[ 8, -1, 0, -3, 1, 3, -2, 0, 5 ]
[ 1, 0, -18, -8, 1, 0, 0, 0, 31 ]
[ 2, 0, -5, -8, 1, 0, -1, 0, 18 ]
[ 1, 0, -18, -3, 1, 3, 0, 0, 31 ]
[ 2, 0, -5, -3, 1, 3, -1, 0, 18 ]
[ -8, 1, 0, -1, 0, 18, 0, 0, 31 ]
[ -8, 1, 0, -2, 0, 5, -1, 0, 18 ]
[ 31, 0, 0, 11, 1, 0, 12, 0, 1 ]
[ 11, 1, 0, 2, 3, 0, 1, -1, 1 ]
[ 12, 0, 1, 11, 1, 0, 5, 0, 3 ]
[ 1, 17, 0, 0, 31, 0, 0, 13, 1 ]
[ 2, 3, 0, 1, 17, 0, -1, -4, 1 ]
[ 1, 1, -6, 2, 3, 0, 0, 0, 31 ]
[ 1, -1, 1, 2, 3, 0, -1, -1, 6 ]
[ -11, -1, 0, 1, -1, 1, 5, 0, 3 ]
[ 5, 0, 3, 11, 1, 0, -2, 0, 5 ]
[ 1, 17, 0, 0, 13, 1, 0, -5, 2 ]
[ 1, 4, -1, 1, 17, 0, 0, -5, 2 ]
[ 2, 3, 0, 1, 2, 6, 0, 0, 31 ]
[ -2, -3, 0, -1, -4, 1, 1, 2, 6 ]
[ 0, 1, -19, -1, -1, 6, 0, 0, 31 ]
[ -1, 1, -1, 0, -1, 19, 0, 0, 31 ]
[ -1, 1, -1, -1, -1, 6, 0, -1, 19 ]
[ -5, 0, -3, 1, -1, 1, -2, 0, 5 ]
[ -11, -1, 0, 5, 0, 3, -2, 0, 5 ]
[ 1, 0, -18, 11, 1, 0, 0, 0, 31 ]
[ 2, 0, -5, 11, 1, 0, -1, 0, 18 ]
[ -1, -17, 0, 0, -5, 2, 0, -2, 7 ]
[ 0, -5, 2, 1, 17, 0, 0, -2, 7 ]
[ -1, -4, 1, 0, -5, 2, 0, -2, 7 ]
[ 0, 1, -19, -1, -4, 1, 0, 0, 31 ]
[ -1, -2, -6, 0, -1, 19, 0, 0, 31 ]
[ -1, -2, -6, -1, -4, 1, 0, -1, 19 ]
[ -1, 0, 18, 1, -1, 1, 0, 0, 31 ]
[ -2, 0, 5, 1, -1, 1, -1, 0, 18 ]
[ 11, 1, 0, -1, 0, 18, 0, 0, 31 ]
[ 11, 1, 0, -2, 0, 5, -1, 0, 18 ]
[ -1, -17, 0, 0, -1, 19, 0, 0, 31 ]
[ -1, -17, 0, 0, -2, 7, 0, -1, 19 ]
[ 0, -1, 19, 1, 17, 0, 0, 0, 31 ]
[ 0, -2, 7, 1, 17, 0, 0, -1, 19 ]
[ -1, -4, 1, 0, -1, 19, 0, 0, 31 ]
[ -1, -4, 1, 0, -2, 7, 0, -1, 19 ]
[ 1, -1, 0, 0, 31, 0, 0, 12, 1 ]
[ 31, 0, 0, -1, 1, 0, 12, 0, 1 ]
[ 1, -1, 0, 0, 12, 1, 0, 5, 3 ]
[ 12, 0, 1, -1, 1, 0, 5, 0, 3 ]
[ 1, -1, 0, 0, 5, 3, 0, -2, 5 ]
[ 5, 0, 3, -1, 1, 0, -2, 0, 5 ]
[ -1, 1, 0, 0, -1, 18, 0, 0, 31 ]
[ -1, 1, 0, 0, -2, 5, 0, -1, 18 ]
[ 1, 0, -18, -1, 1, 0, 0, 0, 31 ]
[ 2, 0, -5, -1, 1, 0, -1, 0, 18 ]
[ 31, 0, 0, -13, 1, 0, 12, 0, 1 ]
[ 13, -1, 0, 5, 2, 0, -1, 1, 1 ]
[ 12, 0, 1, -13, 1, 0, 5, 0, 3 ]
[ 5, 2, 0, 2, 7, 0, -1, 1, 1 ]
[ 1, -1, -1, 5, 2, 0, -1, -1, 4 ]
[ 13, -1, 0, -1, 1, 1, 5, 0, 3 ]
[ 5, 0, 3, -13, 1, 0, -2, 0, 5 ]
[ 1, 19, 0, 0, 31, 0, 0, -11, 1 ]
[ 2, 7, 0, 1, 19, 0, 1, 8, 1 ]
[ 1, -1, -1, 2, 7, 0, 0, -2, 3 ]
[ 5, 2, 0, -1, 1, 1, -1, -1, 4 ]
[ -2, -1, -9, 5, 2, 0, 0, 0, 31 ]
[ -1, -1, 4, 2, 1, 9, 0, 0, 31 ]
[ -1, -1, 4, 5, 2, 0, 2, 1, 9 ]
[ -1, 0, 18, -1, -1, 4, 0, 0, 31 ]
[ -1, 1, 1, -1, 0, 18, 0, 0, 31 ]
[ -1, 1, 1, -1, -1, 4, -1, 0, 18 ]
[ 5, 0, 3, -1, 1, 1, -2, 0, 5 ]
[ 13, -1, 0, 5, 0, 3, -2, 0, 5 ]
[ 1, 0, -18, -13, 1, 0, 0, 0, 31 ]
[ 2, 0, -5, -13, 1, 0, -1, 0, 18 ]
[ -1, -19, 0, 0, -11, 1, 0, -2, 3 ]
[ 1, 8, 1, 1, 19, 0, 0, -2, 3 ]
[ 2, 7, 0, 1, 8, 1, 0, -2, 3 ]
[ -1, -4, -7, 2, 7, 0, 0, 0, 31 ]
[ 0, -2, 3, 2, 7, 0, 1, 4, 7 ]
[ -1, 1, 1, 0, -1, 17, 0, 0, 31 ]
[ -1, 1, 1, 0, -2, 3, 0, -1, 17 ]
[ 1, 0, -18, -1, 1, 1, 0, 0, 31 ]
[ 1, 1, -4, -1, 0, 18, 0, 0, 31 ]
[ 1, 1, -4, -1, 1, 1, -1, 0, 18 ]
[ -2, -1, -9, -1, -1, 4, 0, 0, 31 ]
[ 5, 2, 0, 2, 1, 9, 0, 0, 31 ]
[ -5, -2, 0, -1, -1, 4, 2, 1, 9 ]
[ 1, 0, -18, -1, 1, 1, 0, 0, 31 ]
[ 2, 0, -5, -1, 1, 1, -1, 0, 18 ]
[ -13, 1, 0, -1, 0, 18, 0, 0, 31 ]
[ -13, 1, 0, -2, 0, 5, -1, 0, 18 ]
[ -1, -19, 0, 0, -1, 17, 0, 0, 31 ]
[ -1, -19, 0, 0, -2, 3, 0, -1, 17 ]
[ 0, -1, 17, 1, 19, 0, 0, 0, 31 ]
[ 0, -2, 3, 1, 19, 0, 0, -1, 17 ]
[ -1, -8, -1, 0, -1, 17, 0, 0, 31 ]
[ -1, -8, -1, 0, -2, 3, 0, -1, 17 ]
[ 0, -1, 17, 1, 8, 1, 0, 0, 31 ]
[ 0, -2, 3, 1, 8, 1, 0, -1, 17 ]
[ 2, 7, 0, 1, 4, 7, 0, 0, 31 ]
[ -2, -7, 0, 0, -2, 3, 1, 4, 7 ]
[ 0, -1, 17, 1, 4, 7, 0, 0, 31 ]
[ 0, -2, 3, 1, 4, 7, 0, -1, 17 ]
[ -1, -4, -7, 0, -1, 17, 0, 0, 31 ]
[ -1, -4, -7, 0, -2, 3, 0, -1, 17 ]
[ 31, 0, 0, 6, 1, 0, 12, 0, 1 ]
[ 1, -5, 0, 0, 31, 0, 0, -2, 1 ]
[ 6, 1, 0, -1, 5, 0, 0, -2, 1 ]
[ 12, 0, 1, 6, 1, 0, 5, 0, 3 ]
[ -1, 5, 0, 0, -1, 16, 0, 0, 31 ]
[ -1, 5, 0, 0, -2, 1, 0, -1, 16 ]
[ 0, 1, -16, -1, 5, 0, 0, 0, 31 ]
[ 0, 2, -1, -1, 5, 0, 0, -1, 16 ]
[ -6, -1, 0, 0, -2, 1, -1, -1, 3 ]
[ 5, 0, 3, 6, 1, 0, -2, 0, 5 ]
[ -1, -1, 3, 0, -1, 16, 0, 0, 31 ]
[ -1, -1, 3, 0, -2, 1, 0, -1, 16 ]
[ -6, -1, 0, -1, -1, 3, -2, 0, 5 ]
[ 1, 0, -18, 6, 1, 0, 0, 0, 31 ]
[ 2, 0, -5, 6, 1, 0, -1, 0, 18 ]
[ -1, 0, 18, -1, -1, 3, 0, 0, 31 ]
[ -2, 0, 5, -1, -1, 3, -1, 0, 18 ]
[ 6, 1, 0, -1, 0, 18, 0, 0, 31 ]
[ 6, 1, 0, -2, 0, 5, -1, 0, 18 ]
[ 31, 0, 0, -6, 1, 0, 12, 0, 1 ]
[ 1, 5, 0, 0, 31, 0, 0, 2, 1 ]
[ 6, -1, 0, 1, 5, 0, 0, 2, 1 ]
[ 12, 0, 1, -6, 1, 0, 5, 0, 3 ]
[ 1, 5, 0, 0, 1, 16, 0, 0, 31 ]
[ 1, 5, 0, 0, 2, 1, 0, 1, 16 ]
[ 0, -1, -16, 1, 5, 0, 0, 0, 31 ]
[ 0, -2, -1, 1, 5, 0, 0, 1, 16 ]
[ 6, -1, 0, 0, 2, 1, -1, 1, 3 ]
[ 5, 0, 3, -6, 1, 0, -2, 0, 5 ]
[ 1, -1, -3, 0, 1, 16, 0, 0, 31 ]
[ 1, -1, -3, 0, 2, 1, 0, 1, 16 ]
[ 6, -1, 0, -1, 1, 3, -2, 0, 5 ]
[ 1, 0, -18, -6, 1, 0, 0, 0, 31 ]
[ 2, 0, -5, -6, 1, 0, -1, 0, 18 ]
[ 1, 0, -18, -1, 1, 3, 0, 0, 31 ]
[ 2, 0, -5, -1, 1, 3, -1, 0, 18 ]
[ -6, 1, 0, -1, 0, 18, 0, 0, 31 ]
[ -6, 1, 0, -2, 0, 5, -1, 0, 18 ]
[ 31, 0, 0, 13, 1, 0, 12, 0, 1 ]
[ 13, 1, 0, -5, 2, 0, -1, -1, 1 ]
[ 12, 0, 1, 13, 1, 0, 5, 0, 3 ]
[ 5, -2, 0, -2, 7, 0, -1, -1, 1 ]
[ 1, 1, -1, -5, 2, 0, -1, 1, 4 ]
[ -13, -1, 0, -1, -1, 1, 5, 0, 3 ]
[ 5, 0, 3, 13, 1, 0, -2, 0, 5 ]
[ 1, -19, 0, 0, 31, 0, 0, 11, 1 ]
[ 2, -7, 0, -1, 19, 0, 1, -8, 1 ]
[ 1, 1, -1, -2, 7, 0, 0, 2, 3 ]
[ -5, 2, 0, -1, -1, 1, -1, 1, 4 ]
[ -2, 1, -9, -5, 2, 0, 0, 0, 31 ]
[ 1, -1, -4, 2, -1, 9, 0, 0, 31 ]
[ -1, 1, 4, -5, 2, 0, 2, -1, 9 ]
[ 1, 0, -18, -1, 1, 4, 0, 0, 31 ]
[ 1, 1, -1, -1, 0, 18, 0, 0, 31 ]
[ 1, 1, -1, -1, 1, 4, -1, 0, 18 ]
[ -5, 0, -3, -1, -1, 1, -2, 0, 5 ]
[ -13, -1, 0, 5, 0, 3, -2, 0, 5 ]
[ 1, 0, -18, 13, 1, 0, 0, 0, 31 ]
[ 2, 0, -5, 13, 1, 0, -1, 0, 18 ]
[ 1, -19, 0, 0, 11, 1, 0, 2, 3 ]
[ 1, -8, 1, -1, 19, 0, 0, 2, 3 ]
[ -2, 7, 0, 1, -8, 1, 0, 2, 3 ]
[ 1, -3, -7, -2, 7, 0, 0, 0, 31 ]
[ 0, 2, 3, -2, 7, 0, -1, 3, 7 ]
[ 1, 1, -1, 0, 1, 17, 0, 0, 31 ]
[ 1, 1, -1, 0, 2, 3, 0, 1, 17 ]
[ -1, 0, 18, -1, -1, 1, 0, 0, 31 ]
[ -1, 1, 4, -1, 0, 18, 0, 0, 31 ]
[ -1, 1, 4, -1, -1, 1, -1, 0, 18 ]
[ 2, -1, 9, -1, 1, 4, 0, 0, 31 ]
[ -5, 2, 0, 2, -1, 9, 0, 0, 31 ]
[ 5, -2, 0, -1, 1, 4, 2, -1, 9 ]
[ -1, 0, 18, -1, -1, 1, 0, 0, 31 ]
[ -2, 0, 5, -1, -1, 1, -1, 0, 18 ]
[ 13, 1, 0, -1, 0, 18, 0, 0, 31 ]
[ 13, 1, 0, -2, 0, 5, -1, 0, 18 ]
[ 1, -19, 0, 0, 1, 17, 0, 0, 31 ]
[ 1, -19, 0, 0, 2, 3, 0, 1, 17 ]
[ 0, 1, 17, -1, 19, 0, 0, 0, 31 ]
[ 0, 2, 3, -1, 19, 0, 0, 1, 17 ]
[ 1, -8, 1, 0, 1, 17, 0, 0, 31 ]
[ 1, -8, 1, 0, 2, 3, 0, 1, 17 ]
[ 0, -1, -17, 1, -8, 1, 0, 0, 31 ]
[ 0, -2, -3, 1, -8, 1, 0, 1, 17 ]
[ -2, 7, 0, -1, 3, 7, 0, 0, 31 ]
[ 2, -7, 0, 0, 2, 3, -1, 3, 7 ]
[ 0, 1, 17, -1, 3, 7, 0, 0, 31 ]
[ 0, 2, 3, -1, 3, 7, 0, 1, 17 ]
[ 1, -3, -7, 0, 1, 17, 0, 0, 31 ]
[ 1, -3, -7, 0, 2, 3, 0, 1, 17 ]
[ 1, 1, 0, 0, 31, 0, 0, -12, 1 ]
[ 31, 0, 0, 1, 1, 0, 12, 0, 1 ]
[ -1, -1, 0, 0, -12, 1, 0, -5, 3 ]
[ 12, 0, 1, 1, 1, 0, 5, 0, 3 ]
[ -1, -1, 0, 0, -5, 3, 0, 2, 5 ]
[ 5, 0, 3, 1, 1, 0, -2, 0, 5 ]
[ 1, 1, 0, 0, 1, 18, 0, 0, 31 ]
[ 1, 1, 0, 0, 2, 5, 0, 1, 18 ]
[ 1, 0, -18, 1, 1, 0, 0, 0, 31 ]
[ 2, 0, -5, 1, 1, 0, -1, 0, 18 ]
[ 31, 0, 0, -11, 1, 0, 12, 0, 1 ]
[ 11, -1, 0, -2, 3, 0, 1, 1, 1 ]
[ 12, 0, 1, -11, 1, 0, 5, 0, 3 ]
[ 1, -17, 0, 0, 31, 0, 0, -13, 1 ]
[ 2, -3, 0, -1, 17, 0, -1, 4, 1 ]
[ 1, -1, -6, -2, 3, 0, 0, 0, 31 ]
[ 1, 1, 1, -2, 3, 0, -1, 1, 6 ]
[ 11, -1, 0, 1, 1, 1, 5, 0, 3 ]
[ 5, 0, 3, -11, 1, 0, -2, 0, 5 ]
[ -1, 17, 0, 0, -13, 1, 0, 5, 2 ]
[ 1, -4, -1, -1, 17, 0, 0, 5, 2 ]
[ -2, 3, 0, 1, -2, 6, 0, 0, 31 ]
[ 2, -3, 0, -1, 4, 1, 1, -2, 6 ]
[ 0, 1, 19, -1, 1, 6, 0, 0, 31 ]
[ 1, 1, 1, 0, 1, 19, 0, 0, 31 ]
[ 1, 1, 1, -1, 1, 6, 0, 1, 19 ]
[ 5, 0, 3, 1, 1, 1, -2, 0, 5 ]
[ 11, -1, 0, 5, 0, 3, -2, 0, 5 ]
[ 1, 0, -18, -11, 1, 0, 0, 0, 31 ]
[ 2, 0, -5, -11, 1, 0, -1, 0, 18 ]
[ 1, -17, 0, 0, 5, 2, 0, 2, 7 ]
[ 0, 5, 2, -1, 17, 0, 0, 2, 7 ]
[ 1, -4, -1, 0, 5, 2, 0, 2, 7 ]
[ 0, 1, 19, -1, 4, 1, 0, 0, 31 ]
[ 1, -2, 6, 0, 1, 19, 0, 0, 31 ]
[ 1, -2, 6, -1, 4, 1, 0, 1, 19 ]
[ 1, 0, -18, 1, 1, 1, 0, 0, 31 ]
[ 2, 0, -5, 1, 1, 1, -1, 0, 18 ]
[ -11, 1, 0, -1, 0, 18, 0, 0, 31 ]
[ -11, 1, 0, -2, 0, 5, -1, 0, 18 ]
[ 1, -17, 0, 0, 1, 19, 0, 0, 31 ]
[ 1, -17, 0, 0, 2, 7, 0, 1, 19 ]
[ 0, 1, 19, -1, 17, 0, 0, 0, 31 ]
[ 0, 2, 7, -1, 17, 0, 0, 1, 19 ]
[ 1, -4, -1, 0, 1, 19, 0, 0, 31 ]
[ 1, -4, -1, 0, 2, 7, 0, 1, 19 ]
[ 31, 0, 0, 8, 1, 0, 12, 0, 1 ]
[ 1, 4, 0, 0, 31, 0, 0, 14, 1 ]
[ 8, 1, 0, 1, 4, 0, -4, -2, 1 ]
[ 12, 0, 1, 8, 1, 0, 5, 0, 3 ]
[ 1, 4, 0, 0, 14, 1, 0, -3, 2 ]
[ 4, 2, -1, 1, 4, 0, 1, 1, 2 ]
[ -8, -1, 0, -4, -2, 1, -3, -1, 3 ]
[ 5, 0, 3, 8, 1, 0, -2, 0, 5 ]
[ -1, -4, 0, 0, -1, 11, 0, 0, 31 ]
[ -1, -4, 0, 0, -3, 2, 0, -1, 11 ]
[ 0, -1, 11, 1, 4, 0, 0, 0, 31 ]
[ -1, -1, -2, 0, -1, 11, 0, 0, 31 ]
[ 1, 1, 2, 1, 4, 0, 0, -1, 11 ]
[ 2, 1, -16, 1, 1, 2, 0, 0, 31 ]
[ 4, 2, -1, 1, 1, 2, -2, -1, 16 ]
[ -3, -1, 3, -2, -1, 16, 0, 0, 31 ]
[ -3, -1, 3, -4, -2, 1, -2, -1, 16 ]
[ -8, -1, 0, -3, -1, 3, -2, 0, 5 ]
[ 1, 0, -18, 8, 1, 0, 0, 0, 31 ]
[ 2, 0, -5, 8, 1, 0, -1, 0, 18 ]
[ -1, 0, 18, -3, -1, 3, 0, 0, 31 ]
[ -2, 0, 5, -3, -1, 3, -1, 0, 18 ]
[ 8, 1, 0, -1, 0, 18, 0, 0, 31 ]
[ 8, 1, 0, -2, 0, 5, -1, 0, 18 ]
[ 31, 0, 0, -4, 1, 0, 12, 0, 1 ]
[ 1, -8, 0, 0, 31, 0, 0, 3, 1 ]
[ 4, -1, 0, -1, 8, 0, 0, 3, 1 ]
[ 12, 0, 1, -4, 1, 0, 5, 0, 3 ]
[ -1, 8, 0, 0, -1, 10, 0, 0, 31 ]
[ 1, -8, 0, 0, 3, 1, 0, -1, 10 ]
[ 0, 1, -10, -1, 8, 0, 0, 0, 31 ]
[ 0, 3, 1, -1, 8, 0, 0, -1, 10 ]
[ 4, -1, 0, 0, 3, 1, 1, 1, 3 ]
[ 5, 0, 3, -4, 1, 0, -2, 0, 5 ]
[ -1, -1, -3, 0, -1, 10, 0, 0, 31 ]
[ 1, 1, 3, 0, 3, 1, 0, -1, 10 ]
[ 4, -1, 0, 1, 1, 3, -2, 0, 5 ]
[ 1, 0, -18, -4, 1, 0, 0, 0, 31 ]
[ 2, 0, -5, -4, 1, 0, -1, 0, 18 ]
[ 1, 0, -18, 1, 1, 3, 0, 0, 31 ]
[ 2, 0, -5, 1, 1, 3, -1, 0, 18 ]
[ -4, 1, 0, -1, 0, 18, 0, 0, 31 ]
[ -4, 1, 0, -2, 0, 5, -1, 0, 18 ]
[ 31, 0, 0, 15, 1, 0, 12, 0, 1 ]
[ 1, -2, 0, 0, 31, 0, 0, -7, 1 ]
[ 15, 1, 0, -1, 2, 0, -3, -1, 1 ]
[ 12, 0, 1, 15, 1, 0, 5, 0, 3 ]
[ -1, 2, 0, 0, -7, 1, 0, 3, 4 ]
[ 3, 1, -1, -1, 2, 0, 1, 1, 4 ]
[ -15, -1, 0, -3, -1, 1, 5, 0, 3 ]
[ 5, 0, 3, 15, 1, 0, -2, 0, 5 ]
[ -1, 2, 0, 0, -1, 9, 0, 0, 31 ]
[ 1, -2, 0, 0, 3, 4, 0, -1, 9 ]
[ 0, 1, -9, -1, 2, 0, 0, 0, 31 ]
[ -1, -1, -4, 0, -1, 9, 0, 0, 31 ]
[ 1, 1, 4, -1, 2, 0, 0, -1, 9 ]
[ 1, 0, -18, 1, 1, 4, 0, 0, 31 ]
[ 3, 1, -1, -1, 0, 18, 0, 0, 31 ]
[ 3, 1, -1, 1, 1, 4, -1, 0, 18 ]
[ -5, 0, -3, -3, -1, 1, -2, 0, 5 ]
[ -15, -1, 0, 5, 0, 3, -2, 0, 5 ]
[ 1, 0, -18, 15, 1, 0, 0, 0, 31 ]
[ 2, 0, -5, 15, 1, 0, -1, 0, 18 ]
[ -1, 0, 18, -3, -1, 1, 0, 0, 31 ]
[ -2, 0, 5, -3, -1, 1, -1, 0, 18 ]
[ 15, 1, 0, -1, 0, 18, 0, 0, 31 ]
[ 15, 1, 0, -2, 0, 5, -1, 0, 18 ]
[ 31, 0, 0, 3, 1, 0, 12, 0, 1 ]
[ 1, -10, 0, 0, 31, 0, 0, -4, 1 ]
[ 3, 1, 0, -1, 10, 0, 0, -4, 1 ]
[ 12, 0, 1, 3, 1, 0, 5, 0, 3 ]
[ -1, 10, 0, 0, -1, 8, 0, 0, 31 ]
[ -1, 10, 0, 0, -4, 1, 0, -1, 8 ]
[ 0, 1, -8, -1, 10, 0, 0, 0, 31 ]
[ 0, 4, -1, -1, 10, 0, 0, -1, 8 ]
[ -3, -1, 0, 0, -4, 1, -1, -2, 3 ]
[ 5, 0, 3, 3, 1, 0, -2, 0, 5 ]
[ -1, -2, 3, 0, -1, 8, 0, 0, 31 ]
[ -1, -2, 3, 0, -4, 1, 0, -1, 8 ]
[ -1, -1, -5, -1, -2, 3, 0, 0, 31 ]
[ -3, -1, 0, -1, -2, 3, 1, 1, 5 ]
[ 1, 0, -18, 3, 1, 0, 0, 0, 31 ]
[ 2, 0, -5, 3, 1, 0, -1, 0, 18 ]
[ 2, 1, 18, 1, 1, 5, 0, 0, 31 ]
[ 3, 1, 0, 2, 1, 18, 0, 0, 31 ]
[ 3, 1, 0, 1, 1, 5, 2, 1, 18 ]
[ 31, 0, 0, -9, 1, 0, 12, 0, 1 ]
[ 9, -1, 0, 4, 3, 0, 3, 1, 1 ]
[ 12, 0, 1, -9, 1, 0, 5, 0, 3 ]
[ 1, -7, 0, 0, 31, 0, 0, -9, 1 ]
[ 4, 3, 0, -1, 7, 0, -1, -2, 1 ]
[ -1, -1, -6, 4, 3, 0, 0, 0, 31 ]
[ 3, 1, 1, 4, 3, 0, 1, 1, 6 ]
[ 9, -1, 0, 3, 1, 1, 5, 0, 3 ]
[ 5, 0, 3, -9, 1, 0, -2, 0, 5 ]
[ -1, 7, 0, 0, -9, 1, 0, 4, 3 ]
[ 1, 2, -1, -1, 7, 0, 0, 4, 3 ]
[ -1, -1, -6, -1, -2, 1, 0, 0, 31 ]
[ 4, 3, 0, 1, 1, 6, 0, 0, 31 ]
[ -4, -3, 0, -1, -2, 1, 1, 1, 6 ]
[ 2, 1, 19, 1, 1, 6, 0, 0, 31 ]
[ 3, 1, 1, 2, 1, 19, 0, 0, 31 ]
[ 3, 1, 1, 1, 1, 6, 2, 1, 19 ]
[ 5, 0, 3, 3, 1, 1, -2, 0, 5 ]
[ 9, -1, 0, 5, 0, 3, -2, 0, 5 ]
[ 1, 0, -18, -9, 1, 0, 0, 0, 31 ]
[ 2, 0, -5, -9, 1, 0, -1, 0, 18 ]
[ -1, 7, 0, 0, -1, 7, 0, 0, 31 ]
[ 1, -7, 0, 0, 4, 3, 0, -1, 7 ]
[ 0, 1, -7, -1, 7, 0, 0, 0, 31 ]
[ 0, 4, 3, -1, 7, 0, 0, -1, 7 ]
[ -1, -2, 1, 0, -1, 7, 0, 0, 31 ]
[ 1, 2, -1, 0, 4, 3, 0, -1, 7 ]
[ 1, 0, -18, 3, 1, 1, 0, 0, 31 ]
[ 2, 0, -5, 3, 1, 1, -1, 0, 18 ]
[ -9, 1, 0, -1, 0, 18, 0, 0, 31 ]
[ -9, 1, 0, -2, 0, 5, -1, 0, 18 ]
[ 31, 0, 0, 10, 1, 0, 12, 0, 1 ]
[ 1, -3, 0, 0, 31, 0, 0, 5, 1 ]
[ 10, 1, 0, -1, 3, 0, 2, -1, 1 ]
[ 12, 0, 1, 10, 1, 0, 5, 0, 3 ]
[ -1, 3, 0, 0, -1, 6, 0, 0, 31 ]
[ 1, -3, 0, 0, 5, 1, 0, -1, 6 ]
[ 0, 1, -6, -1, 3, 0, 0, 0, 31 ]
[ 2, -1, 1, -1, 3, 0, 0, -1, 6 ]
[ -10, -1, 0, 2, -1, 1, 5, 0, 3 ]
[ 5, 0, 3, 10, 1, 0, -2, 0, 5 ]
[ -1, 1, -19, 0, -1, 6, 0, 0, 31 ]
[ -2, 1, -1, 1, -1, 19, 0, 0, 31 ]
[ -2, 1, -1, 0, -1, 6, 1, -1, 19 ]
[ -5, 0, -3, 2, -1, 1, -2, 0, 5 ]
[ -10, -1, 0, 5, 0, 3, -2, 0, 5 ]
[ 1, 0, -18, 10, 1, 0, 0, 0, 31 ]
[ 2, 0, -5, 10, 1, 0, -1, 0, 18 ]
[ -1, 0, 18, 2, -1, 1, 0, 0, 31 ]
[ -2, 0, 5, 2, -1, 1, -1, 0, 18 ]
[ 10, 1, 0, -1, 0, 18, 0, 0, 31 ]
[ 10, 1, 0, -2, 0, 5, -1, 0, 18 ]
[ 31, 0, 0, -2, 1, 0, 12, 0, 1 ]
[ 1, -16, 0, 0, 31, 0, 0, 6, 1 ]
[ 2, -1, 0, -1, 16, 0, 0, 6, 1 ]
[ 12, 0, 1, -2, 1, 0, 5, 0, 3 ]
[ -1, 16, 0, 0, -1, 5, 0, 0, 31 ]
[ 1, -16, 0, 0, 6, 1, 0, -1, 5 ]
[ 0, 1, -5, -1, 16, 0, 0, 0, 31 ]
[ 0, 6, 1, -1, 16, 0, 0, -1, 5 ]
[ 2, -1, 0, 0, 6, 1, -1, 3, 3 ]
[ 5, 0, 3, -2, 1, 0, -2, 0, 5 ]
[ -1, 3, 3, 0, -1, 5, 0, 0, 31 ]
[ 1, -3, -3, 0, 6, 1, 0, -1, 5 ]
[ 0, 1, -5, -1, 3, 3, 0, 0, 31 ]
[ 2, -1, 0, -1, 3, 3, 0, -1, 5 ]
[ 1, 0, -18, -2, 1, 0, 0, 0, 31 ]
[ 2, 0, -5, -2, 1, 0, -1, 0, 18 ]
[ -1, 0, 18, 0, -1, 5, 0, 0, 31 ]
[ -2, 1, 0, -1, 0, 18, 0, 0, 31 ]
[ -2, 1, 0, 0, -1, 5, -1, 0, 18 ]
[ 31, 0, 0, -14, 1, 0, 12, 0, 1 ]
[ 14, -1, 0, 3, 2, 0, -2, 1, 1 ]
[ 12, 0, 1, -14, 1, 0, 5, 0, 3 ]
[ 1, 11, 0, 0, 31, 0, 0, -8, 1 ]
[ 3, 2, 0, 1, 11, 0, 1, 3, 1 ]
[ 2, -1, -1, 3, 2, 0, 0, -1, 4 ]
[ 14, -1, 0, -2, 1, 1, 5, 0, 3 ]
[ 5, 0, 3, -14, 1, 0, -2, 0, 5 ]
[ -1, -11, 0, 0, -1, 4, 0, 0, 31 ]
[ -1, -11, 0, 0, -8, 1, 0, -1, 4 ]
[ 0, -1, 4, 1, 11, 0, 0, 0, 31 ]
[ -1, -3, -1, 0, -1, 4, 0, 0, 31 ]
[ 1, 3, 1, 1, 11, 0, 0, -1, 4 ]
[ 0, -1, 4, 1, 3, 1, 0, 0, 31 ]
[ 3, 2, 0, 1, 3, 1, 0, -1, 4 ]
[ -1, -1, -9, 3, 2, 0, 0, 0, 31 ]
[ 0, -1, 4, 1, 1, 9, 0, 0, 31 ]
[ 0, -1, 4, 3, 2, 0, 1, 1, 9 ]
[ -1, 0, 18, 0, -1, 4, 0, 0, 31 ]
[ -2, 1, 1, -1, 0, 18, 0, 0, 31 ]
[ -2, 1, 1, 0, -1, 4, -1, 0, 18 ]
[ 5, 0, 3, -2, 1, 1, -2, 0, 5 ]
[ 14, -1, 0, 5, 0, 3, -2, 0, 5 ]
[ 1, 0, -18, -14, 1, 0, 0, 0, 31 ]
[ 2, 0, -5, -14, 1, 0, -1, 0, 18 ]
[ -1, -1, -9, 0, -1, 4, 0, 0, 31 ]
[ 3, 2, 0, 1, 1, 9, 0, 0, 31 ]
[ -3, -2, 0, 0, -1, 4, 1, 1, 9 ]
[ 1, 0, -18, -2, 1, 1, 0, 0, 31 ]
[ 2, 0, -5, -2, 1, 1, -1, 0, 18 ]
[ -14, 1, 0, -1, 0, 18, 0, 0, 31 ]
[ -14, 1, 0, -2, 0, 5, -1, 0, 18 ]
[ 31, 0, 0, 5, 1, 0, 12, 0, 1 ]
[ 1, -6, 0, 0, 31, 0, 0, 10, 1 ]
[ 5, 1, 0, -1, 6, 0, 2, -2, 1 ]
[ 12, 0, 1, 5, 1, 0, 5, 0, 3 ]
[ -1, 6, 0, 0, -1, 3, 0, 0, 31 ]
[ 1, -6, 0, 0, 10, 1, 0, -1, 3 ]
[ 0, 1, -3, -1, 6, 0, 0, 0, 31 ]
[ 2, -2, 1, -1, 6, 0, 0, -1, 3 ]
[ -5, -1, 0, 2, -2, 1, 0, -1, 3 ]
[ 5, 0, 3, 5, 1, 0, -2, 0, 5 ]
[ -1, 1, -16, 0, -1, 3, 0, 0, 31 ]
[ -2, 2, -1, 0, -1, 3, 1, -1, 16 ]
[ 0, -1, 3, 1, -1, 16, 0, 0, 31 ]
[ 0, -1, 3, 2, -2, 1, 1, -1, 16 ]
[ -5, -1, 0, 0, -1, 3, -2, 0, 5 ]
[ 1, 0, -18, 5, 1, 0, 0, 0, 31 ]
[ 2, 0, -5, 5, 1, 0, -1, 0, 18 ]
[ -1, 0, 18, 0, -1, 3, 0, 0, 31 ]
[ -2, 0, 5, 0, -1, 3, -1, 0, 18 ]
[ 5, 1, 0, -1, 0, 18, 0, 0, 31 ]
[ 5, 1, 0, -2, 0, 5, -1, 0, 18 ]
[ 31, 0, 0, -7, 1, 0, 12, 0, 1 ]
[ 7, -1, 0, 3, 4, 0, -2, 2, 1 ]
[ 12, 0, 1, -7, 1, 0, 5, 0, 3 ]
[ 1, -9, 0, 0, 31, 0, 0, 15, 1 ]
[ 3, 4, 0, -1, 9, 0, 1, 6, 1 ]
[ 2, -2, -1, 3, 4, 0, 0, -1, 2 ]
[ 7, -1, 0, -2, 2, 1, -2, 1, 3 ]
[ 5, 0, 3, -7, 1, 0, -2, 0, 5 ]
[ -1, 9, 0, 0, -1, 2, 0, 0, 31 ]
[ 1, -9, 0, 0, 15, 1, 0, -1, 2 ]
[ 0, 1, -2, -1, 9, 0, 0, 0, 31 ]
[ -1, -6, -1, 0, -1, 2, 0, 0, 31 ]
[ 1, 6, 1, -1, 9, 0, 0, -1, 2 ]
[ 0, -1, 2, 1, 6, 1, 0, 0, 31 ]
[ 3, 4, 0, 1, 6, 1, 0, -1, 2 ]
[ 1, 1, 11, 3, 4, 0, 0, 0, 31 ]
[ 0, -1, 2, 1, 1, 11, 0, 0, 31 ]
[ 0, -1, 2, 3, 4, 0, 1, 1, 11 ]
[ -1, 1, 16, 0, -1, 2, 0, 0, 31 ]
[ -2, 2, 1, 0, -1, 2, -1, 1, 16 ]
[ 2, -1, -3, -1, 1, 16, 0, 0, 31 ]
[ 2, -1, -3, -2, 2, 1, -1, 1, 16 ]
[ 7, -1, 0, -2, 1, 3, -2, 0, 5 ]
[ 1, 0, -18, -7, 1, 0, 0, 0, 31 ]
[ 2, 0, -5, -7, 1, 0, -1, 0, 18 ]
[ -1, -1, -11, 0, -1, 2, 0, 0, 31 ]
[ -3, -4, 0, 1, 1, 11, 0, 0, 31 ]
[ -3, -4, 0, 0, -1, 2, 1, 1, 11 ]
[ 1, 0, -18, -2, 1, 3, 0, 0, 31 ]
[ 2, 0, -5, -2, 1, 3, -1, 0, 18 ]
[ -7, 1, 0, -1, 0, 18, 0, 0, 31 ]
[ -7, 1, 0, -2, 0, 5, -1, 0, 18 ]
[ 31, 0, 0, 12, 1, 0, 12, 0, 1 ]
[ 12, 1, 0, 5, 3, 0, 0, -1, 1 ]
[ 12, 0, 1, 12, 1, 0, 5, 0, 3 ]
[ 5, 3, 0, -2, 5, 0, 0, -1, 1 ]
[ 2, 1, -6, 5, 3, 0, 0, 0, 31 ]
[ 0, -1, 1, 5, 3, 0, -2, -1, 6 ]
[ -12, -1, 0, 0, -1, 1, 5, 0, 3 ]
[ 5, 0, 3, 12, 1, 0, -2, 0, 5 ]
[ -1, 18, 0, 0, -1, 1, 0, 0, 31 ]
[ 1, -18, 0, 0, 31, 0, 0, -1, 1 ]
[ 0, 1, -1, -1, 18, 0, 0, 0, 31 ]
[ 2, -5, 0, -1, 18, 0, 0, -1, 1 ]
[ 1, -2, -16, -2, 5, 0, 0, 0, 31 ]
[ 0, 1, -1, -1, 2, 16, 0, 0, 31 ]
[ 0, 1, -1, -2, 5, 0, -1, 2, 16 ]
[ 5, 3, 0, -2, -1, 6, 0, 0, 31 ]
[ -5, -3, 0, 0, -1, 1, -2, -1, 6 ]
[ 1, 1, -19, -2, -1, 6, 0, 0, 31 ]
[ 0, 1, -1, -1, -1, 19, 0, 0, 31 ]
[ 0, 1, -1, -2, -1, 6, -1, -1, 19 ]
[ -5, 0, -3, 0, -1, 1, -2, 0, 5 ]
[ -12, -1, 0, 5, 0, 3, -2, 0, 5 ]
[ 1, 0, -18, 12, 1, 0, 0, 0, 31 ]
[ 2, 0, -5, 12, 1, 0, -1, 0, 18 ]
[ -1, 2, 16, 0, -1, 1, 0, 0, 31 ]
[ -2, 5, 0, -1, 2, 16, 0, 0, 31 ]
[ -2, 5, 0, 0, -1, 1, -1, 2, 16 ]
[ -1, -1, 19, 0, -1, 1, 0, 0, 31 ]
[ -2, -1, 6, -1, -1, 19, 0, 0, 31 ]
[ -2, -1, 6, 0, -1, 1, -1, -1, 19 ]
[ -1, 0, 18, 0, -1, 1, 0, 0, 31 ]
[ -2, 0, 5, 0, -1, 1, -1, 0, 18 ]
[ 12, 1, 0, -1, 0, 18, 0, 0, 31 ]
[ 12, 1, 0, -2, 0, 5, -1, 0, 18 ]
[ 31, 0, 0, 0, 1, 0, -11, 0, 1 ]
[ 11, 0, -1, 0, 1, 0, -2, 0, 3 ]
[ 1, 0, -17, 0, 1, 0, 0, 0, 31 ]
[ 2, 0, -3, 0, 1, 0, -1, 0, 17 ]
[ 31, 0, 0, 11, 1, 0, -11, 0, 1 ]
[ 11, 1, 0, 2, 3, 0, 0, 1, 1 ]
[ 11, 0, -1, 11, 1, 0, -2, 0, 3 ]
[ 1, 17, 0, 0, 1, 1, 0, 0, 31 ]
[ 1, 17, 0, 0, 31, 0, 0, 1, 1 ]
[ 0, -1, -1, 1, 17, 0, 0, 0, 31 ]
[ 2, 3, 0, 1, 17, 0, 0, 1, 1 ]
[ -1, -2, -16, 2, 3, 0, 0, 0, 31 ]
[ 0, -1, -1, 1, 2, 16, 0, 0, 31 ]
[ 0, -1, -1, 2, 3, 0, 1, 2, 16 ]
[ 11, 1, 0, 0, 1, 1, -2, 0, 3 ]
[ 1, 0, -17, 11, 1, 0, 0, 0, 31 ]
[ 2, 0, -3, 11, 1, 0, -1, 0, 17 ]
[ 1, 2, 16, 0, 1, 1, 0, 0, 31 ]
[ 2, 3, 0, 1, 2, 16, 0, 0, 31 ]
[ 2, 3, 0, 0, 1, 1, 1, 2, 16 ]
[ 1, 0, -17, 0, 1, 1, 0, 0, 31 ]
[ 2, 0, -3, 0, 1, 1, -1, 0, 17 ]
[ 11, 1, 0, -1, 0, 17, 0, 0, 31 ]
[ 11, 1, 0, -2, 0, 3, -1, 0, 17 ]
[ 31, 0, 0, -9, 1, 0, -11, 0, 1 ]
[ 9, -1, 0, 4, 3, 0, -2, -1, 1 ]
[ 11, 0, -1, -9, 1, 0, -2, 0, 3 ]
[ 1, -7, 0, 0, 31, 0, 0, -15, 1 ]
[ 4, 3, 0, -1, 7, 0, -2, -1, 1 ]
[ -1, -1, -16, 4, 3, 0, 0, 0, 31 ]
[ 2, 1, -1, 1, 1, 16, 0, 0, 31 ]
[ 2, 1, -1, 4, 3, 0, 1, 1, 16 ]
[ -9, 1, 0, -2, -1, 1, -2, 0, 3 ]
[ 1, 0, -17, -9, 1, 0, 0, 0, 31 ]
[ 2, 0, -3, -9, 1, 0, -1, 0, 17 ]
[ 1, -7, 0, 0, 1, 2, 0, 0, 31 ]
[ -1, 7, 0, 0, -15, 1, 0, 1, 2 ]
[ 0, 1, 2, -1, 7, 0, 0, 0, 31 ]
[ 2, 1, -1, -1, 7, 0, 0, 1, 2 ]
[ 1, 1, 16, -2, -1, 1, 0, 0, 31 ]
[ 4, 3, 0, 1, 1, 16, 0, 0, 31 ]
[ 4, 3, 0, -2, -1, 1, 1, 1, 16 ]
[ -1, 0, 17, -2, -1, 1, 0, 0, 31 ]
[ -2, 0, 3, -2, -1, 1, -1, 0, 17 ]
[ -9, 1, 0, -1, 0, 17, 0, 0, 31 ]
[ -9, 1, 0, -2, 0, 3, -1, 0, 17 ]
[ 1, 0, -17, 0, 1, 2, 0, 0, 31 ]
[ 2, 1, -1, -1, 0, 17, 0, 0, 31 ]
[ 2, 1, -1, 0, 1, 2, -1, 0, 17 ]
[ 31, 0, 0, 2, 1, 0, -11, 0, 1 ]
[ 1, 16, 0, 0, 31, 0, 0, -10, 1 ]
[ 2, 1, 0, 1, 16, 0, 1, 6, 1 ]
[ 11, 0, -1, 2, 1, 0, -2, 0, 3 ]
[ 1, 16, 0, 0, 1, 3, 0, 0, 31 ]
[ -1, -16, 0, 0, -10, 1, 0, 1, 3 ]
[ 0, -1, -3, 1, 16, 0, 0, 0, 31 ]
[ 1, 6, 1, 0, 1, 3, 0, 0, 31 ]
[ 1, 6, 1, 1, 16, 0, 0, 1, 3 ]
[ 0, -1, -3, 1, 6, 1, 0, 0, 31 ]
[ 2, 1, 0, 1, 6, 1, 0, 1, 3 ]
[ 1, 0, -17, 2, 1, 0, 0, 0, 31 ]
[ 2, 0, -3, 2, 1, 0, -1, 0, 17 ]
[ 1, 1, 17, 0, 1, 3, 0, 0, 31 ]
[ 2, 1, 0, 1, 1, 17, 0, 0, 31 ]
[ 2, 1, 0, 0, 1, 3, 1, 1, 17 ]
[ 31, 0, 0, 13, 1, 0, -11, 0, 1 ]
[ 13, 1, 0, -5, 2, 0, 2, 1, 1 ]
[ 11, 0, -1, 13, 1, 0, -2, 0, 3 ]
[ 5, -2, 0, -2, 7, 0, -3, 3, 1 ]
[ 2, 1, 1, -5, 2, 0, -2, 0, 3 ]
[ 13, 1, 0, 2, 1, 1, -2, 0, 3 ]
[ 1, 0, -17, 13, 1, 0, 0, 0, 31 ]
[ 2, 0, -3, 13, 1, 0, -1, 0, 17 ]
[ 1, -19, 0, 0, 31, 0, 0, 8, 1 ]
[ 2, -7, 0, -1, 19, 0, 1, -11, 1 ]
[ 1, -3, 2, -2, 7, 0, 0, 0, 31 ]
[ 3, -3, -1, -2, 7, 0, 1, -3, 2 ]
[ 5, -2, 0, -3, 3, 1, 3, -2, 3 ]
[ -2, 1, 7, -5, 2, 0, 0, 0, 31 ]
[ 2, 0, -3, -5, 2, 0, -2, 1, 7 ]
[ 2, 1, 1, -1, 0, 17, 0, 0, 31 ]
[ 2, 1, 1, -2, 0, 3, -1, 0, 17 ]
[ 1, 0, -17, 2, 1, 1, 0, 0, 31 ]
[ 2, 0, -3, 2, 1, 1, -1, 0, 17 ]
[ 13, 1, 0, -1, 0, 17, 0, 0, 31 ]
[ 13, 1, 0, -2, 0, 3, -1, 0, 17 ]
[ 1, -19, 0, 0, 1, 4, 0, 0, 31 ]
[ 1, -19, 0, 0, 8, 1, 0, 1, 4 ]
[ 0, 1, 4, -1, 19, 0, 0, 0, 31 ]
[ 1, -11, 1, 0, 1, 4, 0, 0, 31 ]
[ 1, -11, 1, -1, 19, 0, 0, 1, 4 ]
[ 2, -7, 0, -1, 4, 2, 0, 0, 31 ]
[ -2, 7, 0, 1, -11, 1, -1, 4, 2 ]
[ -1, 2, -6, 1, -3, 2, 0, 0, 31 ]
[ -3, 3, 1, 1, -3, 2, 1, -2, 6 ]
[ -3, 2, -3, 1, -1, 10, 0, 0, 31 ]
[ 3, -2, 3, -3, 3, 1, 1, -1, 10 ]
[ -2, 1, 7, 3, -2, 3, 0, 0, 31 ]
[ 5, -2, 0, -2, 1, 7, 0, 0, 31 ]
[ -5, 2, 0, 3, -2, 3, -2, 1, 7 ]
[ 1, 0, -17, -2, 1, 7, 0, 0, 31 ]
[ 2, 0, -3, -2, 1, 7, -1, 0, 17 ]
[ 0, -1, -4, 1, -11, 1, 0, 0, 31 ]
[ 1, -4, -2, 0, 1, 4, 0, 0, 31 ]
[ -1, 4, 2, 1, -11, 1, 0, 1, 4 ]
[ -1, 1, -10, 1, -2, 6, 0, 0, 31 ]
[ -3, 3, 1, 1, -2, 6, 1, -1, 10 ]
[ 31, 0, 0, -7, 1, 0, -11, 0, 1 ]
[ 7, -1, 0, 3, 4, 0, -4, -1, 1 ]
[ 11, 0, -1, -7, 1, 0, -2, 0, 3 ]
[ 1, -9, 0, 0, 31, 0, 0, -6, 1 ]
[ 3, 4, 0, -1, 9, 0, -1, 3, 1 ]
[ 4, 1, -1, 3, 4, 0, 2, 1, 2 ]
[ -7, 1, 0, -4, -1, 1, -2, 0, 3 ]
[ 1, 0, -17, -7, 1, 0, 0, 0, 31 ]
[ 2, 0, -3, -7, 1, 0, -1, 0, 17 ]
[ 1, -9, 0, 0, 1, 5, 0, 0, 31 ]
[ -1, 9, 0, 0, -6, 1, 0, 1, 5 ]
[ 0, 1, 5, -1, 9, 0, 0, 0, 31 ]
[ 1, -3, -1, 0, 1, 5, 0, 0, 31 ]
[ 1, -3, -1, -1, 9, 0, 0, 1, 5 ]
[ 3, 4, 0, -1, 3, 1, -1, -3, 2 ]
[ 2, 1, 2, 3, 4, 0, 2, 2, 7 ]
[ 1, 0, -17, 2, 1, 2, 0, 0, 31 ]
[ 4, 1, -1, -1, 0, 17, 0, 0, 31 ]
[ 4, 1, -1, 2, 1, 2, -1, 0, 17 ]
[ -1, 0, 17, -4, -1, 1, 0, 0, 31 ]
[ -2, 0, 3, -4, -1, 1, -1, 0, 17 ]
[ -7, 1, 0, -1, 0, 17, 0, 0, 31 ]
[ -7, 1, 0, -2, 0, 3, -1, 0, 17 ]
[ 0, 1, 5, -1, 3, 1, 0, 0, 31 ]
[ 1, 3, -2, 0, 1, 5, 0, 0, 31 ]
[ 1, 3, -2, -1, 3, 1, 0, 1, 5 ]
[ -1, -2, 7, -1, -3, 2, 0, 0, 31 ]
[ -3, -4, 0, -1, -3, 2, -1, -2, 7 ]
[ 1, 1, 19, 3, 4, 0, 0, 0, 31 ]
[ 2, 2, 7, 3, 4, 0, 1, 1, 19 ]
[ 2, 1, 2, 1, 1, 19, 0, 0, 31 ]
[ 2, 1, 2, 2, 2, 7, 1, 1, 19 ]
[ -1, -1, -19, -1, -2, 7, 0, 0, 31 ]
[ -3, -4, 0, 1, 1, 19, 0, 0, 31 ]
[ -3, -4, 0, -1, -2, 7, 1, 1, 19 ]
[ 31, 0, 0, 4, 1, 0, -11, 0, 1 ]
[ 1, 8, 0, 0, 31, 0, 0, -5, 1 ]
[ 4, 1, 0, 1, 8, 0, 1, 3, 1 ]
[ 11, 0, -1, 4, 1, 0, -2, 0, 3 ]
[ 1, 8, 0, 0, 1, 6, 0, 0, 31 ]
[ -1, -8, 0, 0, -5, 1, 0, 1, 6 ]
[ 0, -1, -6, 1, 8, 0, 0, 0, 31 ]
[ 1, 3, 1, 0, 1, 6, 0, 0, 31 ]
[ 1, 3, 1, 1, 8, 0, 0, 1, 6 ]
[ 4, 1, 0, 1, 3, 1, 2, 1, 3 ]
[ 1, 0, -17, 4, 1, 0, 0, 0, 31 ]
[ 2, 0, -3, 4, 1, 0, -1, 0, 17 ]
[ 0, -1, -6, 1, 3, 1, 0, 0, 31 ]
[ 2, 1, 3, 1, 3, 1, 0, 1, 6 ]
[ 3, 1, 17, 2, 1, 3, 0, 0, 31 ]
[ 4, 1, 0, 3, 1, 17, 0, 0, 31 ]
[ 4, 1, 0, 2, 1, 3, 3, 1, 17 ]
[ 1, 1, 20, 0, 1, 6, 0, 0, 31 ]
[ 2, 1, 3, 1, 1, 20, 0, 0, 31 ]
[ 2, 1, 3, 0, 1, 6, 1, 1, 20 ]
[ 31, 0, 0, 15, 1, 0, -11, 0, 1 ]
[ 1, -2, 0, 0, 31, 0, 0, 9, 1 ]
[ 15, 1, 0, -1, 2, 0, 4, 1, 1 ]
[ 11, 0, -1, 15, 1, 0, -2, 0, 3 ]
[ 1, -2, 0, 0, 9, 1, 0, -4, 3 ]
[ 4, 1, 1, -1, 2, 0, -2, 0, 3 ]
[ 15, 1, 0, 4, 1, 1, -2, 0, 3 ]
[ 1, 0, -17, 15, 1, 0, 0, 0, 31 ]
[ 2, 0, -3, 15, 1, 0, -1, 0, 17 ]
[ 1, -2, 0, 0, 1, 7, 0, 0, 31 ]
[ -1, 2, 0, 0, -4, 3, 0, 1, 7 ]
[ 0, 1, 7, -1, 2, 0, 0, 0, 31 ]
[ 2, 0, -3, -1, 2, 0, 0, 1, 7 ]
[ 4, 1, 1, -1, 0, 17, 0, 0, 31 ]
[ 4, 1, 1, -2, 0, 3, -1, 0, 17 ]
[ 1, 0, -17, 4, 1, 1, 0, 0, 31 ]
[ 2, 0, -3, 4, 1, 1, -1, 0, 17 ]
[ 15, 1, 0, -1, 0, 17, 0, 0, 31 ]
[ 15, 1, 0, -2, 0, 3, -1, 0, 17 ]
[ 1, 0, -17, 0, 1, 7, 0, 0, 31 ]
[ 2, 0, -3, 0, 1, 7, -1, 0, 17 ]
[ 31, 0, 0, -5, 1, 0, -11, 0, 1 ]
[ 1, 6, 0, 0, 31, 0, 0, 4, 1 ]
[ 5, -1, 0, 1, 6, 0, -1, -2, 1 ]
[ 11, 0, -1, -5, 1, 0, -2, 0, 3 ]
[ 1, 6, 0, 0, 1, 8, 0, 0, 31 ]
[ 1, 6, 0, 0, 4, 1, 0, 1, 8 ]
[ 0, -1, -8, 1, 6, 0, 0, 0, 31 ]
[ 1, 2, -1, 0, 1, 8, 0, 0, 31 ]
[ 1, 2, -1, 1, 6, 0, 0, 1, 8 ]
[ -5, 1, 0, -1, -2, 1, -2, 0, 3 ]
[ 1, 0, -17, -5, 1, 0, 0, 0, 31 ]
[ 2, 0, -3, -5, 1, 0, -1, 0, 17 ]
[ -1, -1, 9, -1, -2, 1, 0, 0, 31 ]
[ -2, 0, 3, -1, -2, 1, -1, -1, 9 ]
[ -5, 1, 0, -1, 0, 17, 0, 0, 31 ]
[ -5, 1, 0, -2, 0, 3, -1, 0, 17 ]
[ -1, 0, 17, -1, -1, 9, 0, 0, 31 ]
[ -2, 0, 3, -1, -1, 9, -1, 0, 17 ]
[ 31, 0, 0, 6, 1, 0, -11, 0, 1 ]
[ 1, -5, 0, 0, 31, 0, 0, 7, 1 ]
[ 6, 1, 0, -1, 5, 0, 1, 2, 1 ]
[ 11, 0, -1, 6, 1, 0, -2, 0, 3 ]
[ 1, -5, 0, 0, 7, 1, 0, -3, 4 ]
[ 1, 2, 1, -1, 5, 0, 0, -3, 4 ]
[ 6, 1, 0, 1, 2, 1, -2, 0, 3 ]
[ 1, 0, -17, 6, 1, 0, 0, 0, 31 ]
[ 2, 0, -3, 6, 1, 0, -1, 0, 17 ]
[ 1, -5, 0, 0, 1, 9, 0, 0, 31 ]
[ -1, 5, 0, 0, -3, 4, 0, 1, 9 ]
[ 0, 1, 9, -1, 5, 0, 0, 0, 31 ]
[ 0, 3, -4, -1, 5, 0, 0, 1, 9 ]
[ 1, 2, 1, 0, 1, 9, 0, 0, 31 ]
[ -1, -2, -1, 0, -3, 4, 0, 1, 9 ]
[ 0, -1, -9, 1, 2, 1, 0, 0, 31 ]
[ 2, 0, -3, 1, 2, 1, 0, 1, 9 ]
[ 6, 1, 0, -1, 0, 17, 0, 0, 31 ]
[ 6, 1, 0, -2, 0, 3, -1, 0, 17 ]
[ 1, 0, -17, 0, 1, 9, 0, 0, 31 ]
[ 2, 0, -3, 0, 1, 9, -1, 0, 17 ]
[ 31, 0, 0, -14, 1, 0, -11, 0, 1 ]
[ 14, -1, 0, 3, 2, 0, 3, -1, 1 ]
[ 11, 0, -1, -14, 1, 0, -2, 0, 3 ]
[ 1, 11, 0, 0, 31, 0, 0, -3, 1 ]
[ 3, 2, 0, 1, 11, 0, 0, -3, 1 ]
[ 3, -1, 1, 3, 2, 0, -2, 0, 3 ]
[ -14, 1, 0, 3, -1, 1, -2, 0, 3 ]
[ 1, 0, -17, -14, 1, 0, 0, 0, 31 ]
[ 2, 0, -3, -14, 1, 0, -1, 0, 17 ]
[ 1, 11, 0, 0, 1, 10, 0, 0, 31 ]
[ -1, -11, 0, 0, -3, 1, 0, 1, 10 ]
[ 0, -1, -10, 1, 11, 0, 0, 0, 31 ]
[ 0, -3, 1, 1, 11, 0, 0, 1, 10 ]
[ -3, -2, 0, 0, -3, 1, 1, 2, 3 ]
[ 2, 1, 7, 3, 2, 0, 0, 0, 31 ]
[ 2, 0, -3, 3, 2, 0, 2, 1, 7 ]
[ -3, 1, -1, -1, 0, 17, 0, 0, 31 ]
[ -3, 1, -1, -2, 0, 3, -1, 0, 17 ]
[ -1, 0, 17, 3, -1, 1, 0, 0, 31 ]
[ -2, 0, 3, 3, -1, 1, -1, 0, 17 ]
[ -14, 1, 0, -1, 0, 17, 0, 0, 31 ]
[ -14, 1, 0, -2, 0, 3, -1, 0, 17 ]
[ 1, 2, 3, 0, 1, 10, 0, 0, 31 ]
[ -1, -2, -3, 0, -3, 1, 0, 1, 10 ]
[ 1, 1, -7, 1, 2, 3, 0, 0, 31 ]
[ -3, -2, 0, -1, -1, 7, 0, 0, 31 ]
[ 3, 2, 0, 1, 2, 3, -1, -1, 7 ]
[ 1, 0, -17, 2, 1, 7, 0, 0, 31 ]
[ 2, 0, -3, 2, 1, 7, -1, 0, 17 ]
[ 31, 0, 0, -3, 1, 0, -11, 0, 1 ]
[ 1, 10, 0, 0, 31, 0, 0, -14, 1 ]
[ 3, -1, 0, 1, 10, 0, 1, -4, 1 ]
[ 11, 0, -1, -3, 1, 0, -2, 0, 3 ]
[ -1, -10, 0, 0, -14, 1, 0, 3, 2 ]
[ 1, -4, 1, 1, 10, 0, 0, 3, 2 ]
[ -3, 1, 0, 1, -4, 1, 1, -1, 3 ]
[ 1, 0, -17, -3, 1, 0, 0, 0, 31 ]
[ 2, 0, -3, -3, 1, 0, -1, 0, 17 ]
[ 1, 10, 0, 0, 1, 11, 0, 0, 31 ]
[ 1, 10, 0, 0, 3, 2, 0, 1, 11 ]
[ 0, -1, -11, 1, 10, 0, 0, 0, 31 ]
[ 0, -3, -2, 1, 10, 0, 0, 1, 11 ]
[ 1, -4, 1, 0, 1, 11, 0, 0, 31 ]
[ 1, -4, 1, 0, 3, 2, 0, 1, 11 ]
[ 0, -1, -11, 1, -4, 1, 0, 0, 31 ]
[ 1, -1, 3, 0, 1, 11, 0, 0, 31 ]
[ -1, 1, -3, 1, -4, 1, 0, 1, 11 ]
[ -1, 0, 17, 1, -1, 3, 0, 0, 31 ]
[ -3, 1, 0, -1, 0, 17, 0, 0, 31 ]
[ -3, 1, 0, 1, -1, 3, -1, 0, 17 ]
[ 31, 0, 0, 8, 1, 0, -11, 0, 1 ]
[ 1, 4, 0, 0, 31, 0, 0, 13, 1 ]
[ 8, 1, 0, 1, 4, 0, -3, 1, 1 ]
[ 11, 0, -1, 8, 1, 0, -2, 0, 3 ]
[ 1, 4, 0, 0, 13, 1, 0, -5, 2 ]
[ 3, -1, -1, 1, 4, 0, 1, -1, 2 ]
[ 8, 1, 0, -3, 1, 1, -2, 0, 3 ]
[ 1, 0, -17, 8, 1, 0, 0, 0, 31 ]
[ 2, 0, -3, 8, 1, 0, -1, 0, 17 ]
[ -1, -4, 0, 0, -5, 2, 0, -2, 7 ]
[ 1, -1, 2, 1, 4, 0, 0, -2, 7 ]
[ -1, 0, 17, 1, -1, 2, 0, 0, 31 ]
[ -3, 1, 1, -1, 0, 17, 0, 0, 31 ]
[ -3, 1, 1, 1, -1, 2, -1, 0, 17 ]
[ 1, 0, -17, -3, 1, 1, 0, 0, 31 ]
[ 2, 0, -3, -3, 1, 1, -1, 0, 17 ]
[ 8, 1, 0, -1, 0, 17, 0, 0, 31 ]
[ 8, 1, 0, -2, 0, 3, -1, 0, 17 ]
[ -1, -4, 0, 0, -1, 19, 0, 0, 31 ]
[ -1, -4, 0, 0, -2, 7, 0, -1, 19 ]
[ 0, -1, 19, 1, 4, 0, 0, 0, 31 ]
[ 0, -2, 7, 1, 4, 0, 0, -1, 19 ]
[ -1, 1, -2, 0, -1, 19, 0, 0, 31 ]
[ -1, 1, -2, 0, -2, 7, 0, -1, 19 ]
[ 31, 0, 0, -12, 1, 0, -11, 0, 1 ]
[ 12, -1, 0, -5, 3, 0, 1, -1, 1 ]
[ 11, 0, -1, -12, 1, 0, -2, 0, 3 ]
[ 5, -3, 0, 2, 5, 0, 1, -1, 1 ]
[ 2, -1, -16, -5, 3, 0, 0, 0, 31 ]
[ -1, 1, -1, -2, 1, 16, 0, 0, 31 ]
[ -1, 1, -1, -5, 3, 0, -2, 1, 16 ]
[ -12, 1, 0, 1, -1, 1, -2, 0, 3 ]
[ 1, 0, -17, -12, 1, 0, 0, 0, 31 ]
[ 2, 0, -3, -12, 1, 0, -1, 0, 17 ]
[ 1, 18, 0, 0, 31, 0, 0, 12, 1 ]
[ 2, 5, 0, 1, 18, 0, -1, -6, 1 ]
[ 1, -1, 1, 2, 5, 0, -1, -1, 4 ]
[ -2, 1, 16, 1, -1, 1, 0, 0, 31 ]
[ -5, 3, 0, -2, 1, 16, 0, 0, 31 ]
[ -5, 3, 0, 1, -1, 1, -2, 1, 16 ]
[ -1, 0, 17, 1, -1, 1, 0, 0, 31 ]
[ -2, 0, 3, 1, -1, 1, -1, 0, 17 ]
[ -12, 1, 0, -1, 0, 17, 0, 0, 31 ]
[ -12, 1, 0, -2, 0, 3, -1, 0, 17 ]
[ 1, 18, 0, 0, 12, 1, 0, 5, 3 ]
[ 1, 6, -1, 1, 18, 0, 0, 5, 3 ]
[ -2, -5, 0, -1, -6, 1, 1, 4, 4 ]
[ 1, 2, 9, 2, 5, 0, 0, 0, 31 ]
[ 1, 1, -4, 1, 2, 9, 0, 0, 31 ]
[ 1, 1, -4, 2, 5, 0, 1, 2, 9 ]
[ 0, 1, -18, -1, -1, 4, 0, 0, 31 ]
[ -1, 1, -1, 0, -1, 18, 0, 0, 31 ]
[ -1, 1, -1, -1, -1, 4, 0, -1, 18 ]
[ 1, 18, 0, 0, 5, 3, 0, -2, 5 ]
[ 0, -5, -3, 1, 18, 0, 0, -2, 5 ]
[ 1, 6, -1, 0, 5, 3, 0, -2, 5 ]
[ 0, 1, -18, -1, -6, 1, 0, 0, 31 ]
[ -1, -4, -4, 0, -1, 18, 0, 0, 31 ]
[ -1, -4, -4, -1, -6, 1, 0, -1, 18 ]
[ 1, 3, -9, 1, 4, 4, 0, 0, 31 ]
[ -2, -5, 0, -1, -3, 9, 0, 0, 31 ]
[ 2, 5, 0, 1, 4, 4, -1, -3, 9 ]
[ -1, -18, 0, 0, -1, 18, 0, 0, 31 ]
[ -1, -18, 0, 0, -2, 5, 0, -1, 18 ]
[ 0, -1, 18, 1, 18, 0, 0, 0, 31 ]
[ 0, -2, 5, 1, 18, 0, 0, -1, 18 ]
[ -1, -6, 1, 0, -1, 18, 0, 0, 31 ]
[ -1, -6, 1, 0, -2, 5, 0, -1, 18 ]
[ 1, -1, 0, 0, 31, 0, 0, -11, 1 ]
[ 31, 0, 0, -1, 1, 0, -11, 0, 1 ]
[ -1, 1, 0, 0, -11, 1, 0, -2, 3 ]
[ 11, 0, -1, -1, 1, 0, -2, 0, 3 ]
[ -1, 1, 0, 0, -1, 17, 0, 0, 31 ]
[ -1, 1, 0, 0, -2, 3, 0, -1, 17 ]
[ 1, 0, -17, -1, 1, 0, 0, 0, 31 ]
[ 2, 0, -3, -1, 1, 0, -1, 0, 17 ]
[ 31, 0, 0, 10, 1, 0, -11, 0, 1 ]
[ 1, -3, 0, 0, 31, 0, 0, -2, 1 ]
[ 10, 1, 0, -1, 3, 0, -1, 1, 1 ]
[ 11, 0, -1, 10, 1, 0, -2, 0, 3 ]
[ -1, 3, 0, 0, -1, 16, 0, 0, 31 ]
[ -1, 3, 0, 0, -2, 1, 0, -1, 16 ]
[ 1, -2, -16, -1, 3, 0, 0, 0, 31 ]
[ 1, -1, -1, -1, 2, 16, 0, 0, 31 ]
[ 1, -1, -1, -1, 3, 0, -1, 2, 16 ]
[ 10, 1, 0, -1, 1, 1, -2, 0, 3 ]
[ 1, 0, -17, 10, 1, 0, 0, 0, 31 ]
[ 2, 0, -3, 10, 1, 0, -1, 0, 17 ]
[ 1, 0, -17, -1, 1, 1, 0, 0, 31 ]
[ 2, 0, -3, -1, 1, 1, -1, 0, 17 ]
[ 10, 1, 0, -1, 0, 17, 0, 0, 31 ]
[ 10, 1, 0, -2, 0, 3, -1, 0, 17 ]
[ 31, 0, 0, -10, 1, 0, -11, 0, 1 ]
[ 1, 3, 0, 0, 31, 0, 0, 2, 1 ]
[ 10, -1, 0, 1, 3, 0, -1, -1, 1 ]
[ 11, 0, -1, -10, 1, 0, -2, 0, 3 ]
[ 1, 3, 0, 0, 1, 16, 0, 0, 31 ]
[ 1, 3, 0, 0, 2, 1, 0, 1, 16 ]
[ 0, -1, -16, 1, 3, 0, 0, 0, 31 ]
[ 1, 1, -1, 0, 1, 16, 0, 0, 31 ]
[ 1, 1, -1, 1, 3, 0, 0, 1, 16 ]
[ -10, 1, 0, -1, -1, 1, -2, 0, 3 ]
[ 1, 0, -17, -10, 1, 0, 0, 0, 31 ]
[ 2, 0, -3, -10, 1, 0, -1, 0, 17 ]
[ -1, 0, 17, -1, -1, 1, 0, 0, 31 ]
[ -2, 0, 3, -1, -1, 1, -1, 0, 17 ]
[ -10, 1, 0, -1, 0, 17, 0, 0, 31 ]
[ -10, 1, 0, -2, 0, 3, -1, 0, 17 ]
[ 1, 1, 0, 0, 31, 0, 0, 11, 1 ]
[ 31, 0, 0, 1, 1, 0, -11, 0, 1 ]
[ 1, 1, 0, 0, 11, 1, 0, 2, 3 ]
[ 11, 0, -1, 1, 1, 0, -2, 0, 3 ]
[ 1, 1, 0, 0, 1, 17, 0, 0, 31 ]
[ 1, 1, 0, 0, 2, 3, 0, 1, 17 ]
[ 1, 0, -17, 1, 1, 0, 0, 0, 31 ]
[ 2, 0, -3, 1, 1, 0, -1, 0, 17 ]
[ 31, 0, 0, 12, 1, 0, -11, 0, 1 ]
[ 12, 1, 0, 5, 3, 0, 1, 1, 1 ]
[ 11, 0, -1, 12, 1, 0, -2, 0, 3 ]
[ 5, 3, 0, -2, 5, 0, 1, 1, 1 ]
[ -3, -2, -16, 5, 3, 0, 0, 0, 31 ]
[ -1, -1, -1, 3, 2, 16, 0, 0, 31 ]
[ -1, -1, -1, 5, 3, 0, 3, 2, 16 ]
[ 12, 1, 0, 1, 1, 1, -2, 0, 3 ]
[ 1, 0, -17, 12, 1, 0, 0, 0, 31 ]
[ 2, 0, -3, 12, 1, 0, -1, 0, 17 ]
[ 1, -18, 0, 0, 31, 0, 0, -12, 1 ]
[ 2, -5, 0, -1, 18, 0, -1, 6, 1 ]
[ 1, 1, 1, -2, 5, 0, -1, 1, 4 ]
[ 3, 2, 16, 1, 1, 1, 0, 0, 31 ]
[ 5, 3, 0, 3, 2, 16, 0, 0, 31 ]
[ 5, 3, 0, 1, 1, 1, 3, 2, 16 ]
[ 1, 0, -17, 1, 1, 1, 0, 0, 31 ]
[ 2, 0, -3, 1, 1, 1, -1, 0, 17 ]
[ 12, 1, 0, -1, 0, 17, 0, 0, 31 ]
[ 12, 1, 0, -2, 0, 3, -1, 0, 17 ]
[ -1, 18, 0, 0, -12, 1, 0, -5, 3 ]
[ 1, -6, -1, -1, 18, 0, 0, -5, 3 ]
[ 2, -5, 0, -1, 6, 1, 1, -4, 4 ]
[ 1, -2, 9, -2, 5, 0, 0, 0, 31 ]
[ -1, 1, 4, 1, -2, 9, 0, 0, 31 ]
[ 1, -1, -4, -2, 5, 0, 1, -2, 9 ]
[ 0, 1, 18, -1, 1, 4, 0, 0, 31 ]
[ 1, 1, 1, 0, 1, 18, 0, 0, 31 ]
[ 1, 1, 1, -1, 1, 4, 0, 1, 18 ]
[ -1, 18, 0, 0, -5, 3, 0, 2, 5 ]
[ 0, 5, -3, -1, 18, 0, 0, 2, 5 ]
[ -1, 6, 1, 0, -5, 3, 0, 2, 5 ]
[ 0, 1, 18, -1, 6, 1, 0, 0, 31 ]
[ 1, -4, 4, 0, 1, 18, 0, 0, 31 ]
[ 1, -4, 4, -1, 6, 1, 0, 1, 18 ]
[ -1, 3, 9, 1, -4, 4, 0, 0, 31 ]
[ 2, -5, 0, -1, 3, 9, 0, 0, 31 ]
[ -2, 5, 0, 1, -4, 4, -1, 3, 9 ]
[ 1, -18, 0, 0, 1, 18, 0, 0, 31 ]
[ 1, -18, 0, 0, 2, 5, 0, 1, 18 ]
[ 0, 1, 18, -1, 18, 0, 0, 0, 31 ]
[ 0, 2, 5, -1, 18, 0, 0, 1, 18 ]
[ 1, -6, -1, 0, 1, 18, 0, 0, 31 ]
[ 1, -6, -1, 0, 2, 5, 0, 1, 18 ]
[ 31, 0, 0, -8, 1, 0, -11, 0, 1 ]
[ 1, -4, 0, 0, 31, 0, 0, -13, 1 ]
[ 8, -1, 0, -1, 4, 0, -3, -1, 1 ]
[ 11, 0, -1, -8, 1, 0, -2, 0, 3 ]
[ -1, 4, 0, 0, -13, 1, 0, 5, 2 ]
[ 3, 1, -1, -1, 4, 0, 1, 1, 2 ]
[ -8, 1, 0, -3, -1, 1, -2, 0, 3 ]
[ 1, 0, -17, -8, 1, 0, 0, 0, 31 ]
[ 2, 0, -3, -8, 1, 0, -1, 0, 17 ]
[ 1, -4, 0, 0, 5, 2, 0, 2, 7 ]
[ 1, 1, 2, -1, 4, 0, 0, 2, 7 ]
[ 1, 0, -17, 1, 1, 2, 0, 0, 31 ]
[ 3, 1, -1, -1, 0, 17, 0, 0, 31 ]
[ 3, 1, -1, 1, 1, 2, -1, 0, 17 ]
[ -1, 0, 17, -3, -1, 1, 0, 0, 31 ]
[ -2, 0, 3, -3, -1, 1, -1, 0, 17 ]
[ -8, 1, 0, -1, 0, 17, 0, 0, 31 ]
[ -8, 1, 0, -2, 0, 3, -1, 0, 17 ]
[ 1, -4, 0, 0, 1, 19, 0, 0, 31 ]
[ 1, -4, 0, 0, 2, 7, 0, 1, 19 ]
[ 0, 1, 19, -1, 4, 0, 0, 0, 31 ]
[ 0, 2, 7, -1, 4, 0, 0, 1, 19 ]
[ 1, 1, 2, 0, 1, 19, 0, 0, 31 ]
[ 1, 1, 2, 0, 2, 7, 0, 1, 19 ]
[ 31, 0, 0, 3, 1, 0, -11, 0, 1 ]
[ 1, -10, 0, 0, 31, 0, 0, 14, 1 ]
[ 3, 1, 0, -1, 10, 0, 1, 4, 1 ]
[ 11, 0, -1, 3, 1, 0, -2, 0, 3 ]
[ 1, -10, 0, 0, 14, 1, 0, -3, 2 ]
[ 1, 4, 1, -1, 10, 0, 0, -3, 2 ]
[ 3, 1, 0, 1, 4, 1, 1, 1, 3 ]
[ 1, 0, -17, 3, 1, 0, 0, 0, 31 ]
[ 2, 0, -3, 3, 1, 0, -1, 0, 17 ]
[ -1, 10, 0, 0, -1, 11, 0, 0, 31 ]
[ -1, 10, 0, 0, -3, 2, 0, -1, 11 ]
[ 0, 1, -11, -1, 10, 0, 0, 0, 31 ]
[ 0, 3, -2, -1, 10, 0, 0, -1, 11 ]
[ -1, -4, -1, 0, -1, 11, 0, 0, 31 ]
[ -1, -4, -1, 0, -3, 2, 0, -1, 11 ]
[ 0, -1, 11, 1, 4, 1, 0, 0, 31 ]
[ -1, -1, -3, 0, -1, 11, 0, 0, 31 ]
[ 1, 1, 3, 1, 4, 1, 0, -1, 11 ]
[ 2, 1, 17, 1, 1, 3, 0, 0, 31 ]
[ 3, 1, 0, 2, 1, 17, 0, 0, 31 ]
[ 3, 1, 0, 1, 1, 3, 2, 1, 17 ]
[ 31, 0, 0, 14, 1, 0, -11, 0, 1 ]
[ 14, 1, 0, -3, 2, 0, 3, 1, 1 ]
[ 11, 0, -1, 14, 1, 0, -2, 0, 3 ]
[ 1, -11, 0, 0, 31, 0, 0, 3, 1 ]
[ 3, -2, 0, -1, 11, 0, 0, 3, 1 ]
[ 3, 1, 1, -3, 2, 0, -2, 0, 3 ]
[ 14, 1, 0, 3, 1, 1, -2, 0, 3 ]
[ 1, 0, -17, 14, 1, 0, 0, 0, 31 ]
[ 2, 0, -3, 14, 1, 0, -1, 0, 17 ]
[ -1, 11, 0, 0, -1, 10, 0, 0, 31 ]
[ 1, -11, 0, 0, 3, 1, 0, -1, 10 ]
[ 0, 1, -10, -1, 11, 0, 0, 0, 31 ]
[ 0, 3, 1, -1, 11, 0, 0, -1, 10 ]
[ 3, -2, 0, 0, 3, 1, 1, -2, 3 ]
[ -1, 1, 7, -3, 2, 0, 0, 0, 31 ]
[ 2, 0, -3, -3, 2, 0, -1, 1, 7 ]
[ 3, 1, 1, -1, 0, 17, 0, 0, 31 ]
[ 3, 1, 1, -2, 0, 3, -1, 0, 17 ]
[ 1, 0, -17, 3, 1, 1, 0, 0, 31 ]
[ 2, 0, -3, 3, 1, 1, -1, 0, 17 ]
[ 14, 1, 0, -1, 0, 17, 0, 0, 31 ]
[ 14, 1, 0, -2, 0, 3, -1, 0, 17 ]
[ -1, 2, -3, 0, -1, 10, 0, 0, 31 ]
[ 1, -2, 3, 0, 3, 1, 0, -1, 10 ]
[ -1, 1, 7, 1, -2, 3, 0, 0, 31 ]
[ 3, -2, 0, -1, 1, 7, 0, 0, 31 ]
[ -3, 2, 0, 1, -2, 3, -1, 1, 7 ]
[ 1, 0, -17, -1, 1, 7, 0, 0, 31 ]
[ 2, 0, -3, -1, 1, 7, -1, 0, 17 ]
[ 31, 0, 0, -6, 1, 0, -11, 0, 1 ]
[ 1, 5, 0, 0, 31, 0, 0, -7, 1 ]
[ 6, -1, 0, 1, 5, 0, 1, -2, 1 ]
[ 11, 0, -1, -6, 1, 0, -2, 0, 3 ]
[ -1, -5, 0, 0, -7, 1, 0, 3, 4 ]
[ 1, -2, 1, 1, 5, 0, 0, 3, 4 ]
[ -6, 1, 0, 1, -2, 1, -2, 0, 3 ]
[ 1, 0, -17, -6, 1, 0, 0, 0, 31 ]
[ 2, 0, -3, -6, 1, 0, -1, 0, 17 ]
[ -1, -5, 0, 0, -1, 9, 0, 0, 31 ]
[ 1, 5, 0, 0, 3, 4, 0, -1, 9 ]
[ 0, -1, 9, 1, 5, 0, 0, 0, 31 ]
[ 0, -3, -4, 1, 5, 0, 0, -1, 9 ]
[ -1, 2, -1, 0, -1, 9, 0, 0, 31 ]
[ 1, -2, 1, 0, 3, 4, 0, -1, 9 ]
[ 0, -1, 9, 1, -2, 1, 0, 0, 31 ]
[ -2, 0, 3, 1, -2, 1, 0, -1, 9 ]
[ -6, 1, 0, -1, 0, 17, 0, 0, 31 ]
[ -6, 1, 0, -2, 0, 3, -1, 0, 17 ]
[ -1, 0, 17, 0, -1, 9, 0, 0, 31 ]
[ -2, 0, 3, 0, -1, 9, -1, 0, 17 ]
[ 31, 0, 0, 5, 1, 0, -11, 0, 1 ]
[ 1, -6, 0, 0, 31, 0, 0, -4, 1 ]
[ 5, 1, 0, -1, 6, 0, -1, 2, 1 ]
[ 11, 0, -1, 5, 1, 0, -2, 0, 3 ]
[ -1, 6, 0, 0, -1, 8, 0, 0, 31 ]
[ -1, 6, 0, 0, -4, 1, 0, -1, 8 ]
[ 0, 1, -8, -1, 6, 0, 0, 0, 31 ]
[ -1, 2, 1, 0, -1, 8, 0, 0, 31 ]
[ 1, -2, -1, -1, 6, 0, 0, -1, 8 ]
[ 5, 1, 0, -1, 2, 1, -2, 0, 3 ]
[ 1, 0, -17, 5, 1, 0, 0, 0, 31 ]
[ 2, 0, -3, 5, 1, 0, -1, 0, 17 ]
[ 1, -1, -9, -1, 2, 1, 0, 0, 31 ]
[ 2, 0, -3, -1, 2, 1, -1, 1, 9 ]
[ 5, 1, 0, -1, 0, 17, 0, 0, 31 ]
[ 5, 1, 0, -2, 0, 3, -1, 0, 17 ]
[ 1, 0, -17, -1, 1, 9, 0, 0, 31 ]
[ 2, 0, -3, -1, 1, 9, -1, 0, 17 ]
[ 31, 0, 0, -15, 1, 0, -11, 0, 1 ]
[ 1, 2, 0, 0, 31, 0, 0, -9, 1 ]
[ 15, -1, 0, 1, 2, 0, 4, -1, 1 ]
[ 11, 0, -1, -15, 1, 0, -2, 0, 3 ]
[ -1, -2, 0, 0, -9, 1, 0, 4, 3 ]
[ 4, -1, 1, 1, 2, 0, -2, 0, 3 ]
[ -15, 1, 0, 4, -1, 1, -2, 0, 3 ]
[ 1, 0, -17, -15, 1, 0, 0, 0, 31 ]
[ 2, 0, -3, -15, 1, 0, -1, 0, 17 ]
[ -1, -2, 0, 0, -1, 7, 0, 0, 31 ]
[ 1, 2, 0, 0, 4, 3, 0, -1, 7 ]
[ 1, 1, 7, 1, 2, 0, 0, 0, 31 ]
[ 2, 0, -3, 1, 2, 0, 1, 1, 7 ]
[ -4, 1, -1, -1, 0, 17, 0, 0, 31 ]
[ -4, 1, -1, -2, 0, 3, -1, 0, 17 ]
[ -1, 0, 17, 4, -1, 1, 0, 0, 31 ]
[ -2, 0, 3, 4, -1, 1, -1, 0, 17 ]
[ -15, 1, 0, -1, 0, 17, 0, 0, 31 ]
[ -15, 1, 0, -2, 0, 3, -1, 0, 17 ]
[ 1, 0, -17, 1, 1, 7, 0, 0, 31 ]
[ 2, 0, -3, 1, 1, 7, -1, 0, 17 ]
[ 31, 0, 0, -4, 1, 0, -11, 0, 1 ]
[ 1, -8, 0, 0, 31, 0, 0, 5, 1 ]
[ 4, -1, 0, -1, 8, 0, 1, -3, 1 ]
[ 11, 0, -1, -4, 1, 0, -2, 0, 3 ]
[ -1, 8, 0, 0, -1, 6, 0, 0, 31 ]
[ 1, -8, 0, 0, 5, 1, 0, -1, 6 ]
[ 0, 1, -6, -1, 8, 0, 0, 0, 31 ]
[ -1, 3, -1, 0, -1, 6, 0, 0, 31 ]
[ 1, -3, 1, -1, 8, 0, 0, -1, 6 ]
[ -4, 1, 0, 1, -3, 1, 2, -1, 3 ]
[ 1, 0, -17, -4, 1, 0, 0, 0, 31 ]
[ 2, 0, -3, -4, 1, 0, -1, 0, 17 ]
[ 0, -1, 6, 1, -3, 1, 0, 0, 31 ]
[ -2, 1, -3, 1, -3, 1, 0, -1, 6 ]
[ -1, 0, 17, 2, -1, 3, 0, 0, 31 ]
[ -4, 1, 0, -1, 0, 17, 0, 0, 31 ]
[ -4, 1, 0, 2, -1, 3, -1, 0, 17 ]
[ -1, 1, -20, 0, -1, 6, 0, 0, 31 ]
[ -2, 1, -3, 1, -1, 20, 0, 0, 31 ]
[ -2, 1, -3, 0, -1, 6, 1, -1, 20 ]
[ 31, 0, 0, 7, 1, 0, -11, 0, 1 ]
[ 7, 1, 0, -3, 4, 0, -4, 1, 1 ]
[ 11, 0, -1, 7, 1, 0, -2, 0, 3 ]
[ 1, 9, 0, 0, 31, 0, 0, 6, 1 ]
[ 3, -4, 0, 1, 9, 0, -1, -3, 1 ]
[ 4, -1, -1, -3, 4, 0, 2, -1, 2 ]
[ 7, 1, 0, -4, 1, 1, -2, 0, 3 ]
[ 1, 0, -17, 7, 1, 0, 0, 0, 31 ]
[ 2, 0, -3, 7, 1, 0, -1, 0, 17 ]
[ -1, -9, 0, 0, -1, 5, 0, 0, 31 ]
[ 1, 9, 0, 0, 6, 1, 0, -1, 5 ]
[ 0, -1, 5, 1, 9, 0, 0, 0, 31 ]
[ -1, -3, 1, 0, -1, 5, 0, 0, 31 ]
[ 1, 3, -1, 1, 9, 0, 0, -1, 5 ]
[ -3, 4, 0, -1, -3, 1, -1, 3, 2 ]
[ 2, -1, 2, -3, 4, 0, 2, -2, 7 ]
[ -1, 0, 17, 2, -1, 2, 0, 0, 31 ]
[ -4, 1, 1, -1, 0, 17, 0, 0, 31 ]
[ -4, 1, 1, 2, -1, 2, -1, 0, 17 ]
[ 1, 0, -17, -4, 1, 1, 0, 0, 31 ]
[ 2, 0, -3, -4, 1, 1, -1, 0, 17 ]
[ 7, 1, 0, -1, 0, 17, 0, 0, 31 ]
[ 7, 1, 0, -2, 0, 3, -1, 0, 17 ]
[ 0, 1, -5, -1, -3, 1, 0, 0, 31 ]
[ -1, 3, 2, 0, -1, 5, 0, 0, 31 ]
[ -1, 3, 2, -1, -3, 1, 0, -1, 5 ]
[ 1, -2, -7, -1, 3, 2, 0, 0, 31 ]
[ 3, -4, 0, -1, 3, 2, -1, 2, 7 ]
[ 1, -1, 19, -3, 4, 0, 0, 0, 31 ]
[ 2, -2, 7, -3, 4, 0, 1, -1, 19 ]
[ -2, 1, -2, 1, -1, 19, 0, 0, 31 ]
[ -2, 1, -2, 2, -2, 7, 1, -1, 19 ]
[ 2, -3, -19, -1, 2, 7, 0, 0, 31 ]
[ 3, -4, 0, -2, 3, 19, 0, 0, 31 ]
[ 3, -4, 0, -1, 2, 7, -2, 3, 19 ]
[ 31, 0, 0, -13, 1, 0, -11, 0, 1 ]
[ 13, -1, 0, 5, 2, 0, 2, -1, 1 ]
[ 11, 0, -1, -13, 1, 0, -2, 0, 3 ]
[ 5, 2, 0, 2, 7, 0, -3, -3, 1 ]
[ 2, -1, 1, 5, 2, 0, -2, 0, 3 ]
[ -13, 1, 0, 2, -1, 1, -2, 0, 3 ]
[ 1, 0, -17, -13, 1, 0, 0, 0, 31 ]
[ 2, 0, -3, -13, 1, 0, -1, 0, 17 ]
[ 1, 19, 0, 0, 31, 0, 0, -8, 1 ]
[ 2, 7, 0, 1, 19, 0, 1, 11, 1 ]
[ 1, 3, 2, 2, 7, 0, 0, 0, 31 ]
[ 3, 3, -1, 2, 7, 0, 1, 3, 2 ]
[ -5, -2, 0, -3, -3, 1, 3, 2, 3 ]
[ 3, 1, 7, 5, 2, 0, 0, 0, 31 ]
[ 2, 0, -3, 5, 2, 0, 3, 1, 7 ]
[ -2, 1, -1, -1, 0, 17, 0, 0, 31 ]
[ -2, 1, -1, -2, 0, 3, -1, 0, 17 ]
[ -1, 0, 17, 2, -1, 1, 0, 0, 31 ]
[ -2, 0, 3, 2, -1, 1, -1, 0, 17 ]
[ -13, 1, 0, -1, 0, 17, 0, 0, 31 ]
[ -13, 1, 0, -2, 0, 3, -1, 0, 17 ]
[ -1, -19, 0, 0, -1, 4, 0, 0, 31 ]
[ -1, -19, 0, 0, -8, 1, 0, -1, 4 ]
[ 0, -1, 4, 1, 19, 0, 0, 0, 31 ]
[ -1, -11, -1, 0, -1, 4, 0, 0, 31 ]
[ 1, 11, 1, 1, 19, 0, 0, -1, 4 ]
[ -2, -7, 0, -1, -4, 2, 0, 0, 31 ]
[ 2, 7, 0, 1, 11, 1, -1, -4, 2 ]
[ 1, 2, 6, 1, 3, 2, 0, 0, 31 ]
[ 3, 3, -1, 1, 3, 2, 1, 2, 6 ]
[ 3, 2, 3, 1, 1, 10, 0, 0, 31 ]
[ -3, -2, -3, -3, -3, 1, 1, 1, 10 ]
[ 2, 1, -7, 3, 2, 3, 0, 0, 31 ]
[ -5, -2, 0, -2, -1, 7, 0, 0, 31 ]
[ 5, 2, 0, 3, 2, 3, -2, -1, 7 ]
[ 1, 0, -17, 3, 1, 7, 0, 0, 31 ]
[ 2, 0, -3, 3, 1, 7, -1, 0, 17 ]
[ 0, -1, 4, 1, 11, 1, 0, 0, 31 ]
[ -1, -4, 2, 0, -1, 4, 0, 0, 31 ]
[ 1, 4, -2, 1, 11, 1, 0, -1, 4 ]
[ 1, 1, 10, 1, 2, 6, 0, 0, 31 ]
[ 3, 3, -1, 1, 2, 6, 1, 1, 10 ]
[ 31, 0, 0, -2, 1, 0, -11, 0, 1 ]
[ 1, -16, 0, 0, 31, 0, 0, 10, 1 ]
[ 2, -1, 0, -1, 16, 0, 1, -6, 1 ]
[ 11, 0, -1, -2, 1, 0, -2, 0, 3 ]
[ -1, 16, 0, 0, -1, 3, 0, 0, 31 ]
[ 1, -16, 0, 0, 10, 1, 0, -1, 3 ]
[ 0, 1, -3, -1, 16, 0, 0, 0, 31 ]
[ -1, 6, -1, 0, -1, 3, 0, 0, 31 ]
[ 1, -6, 1, -1, 16, 0, 0, -1, 3 ]
[ 0, -1, 3, 1, -6, 1, 0, 0, 31 ]
[ -2, 1, 0, 1, -6, 1, 0, -1, 3 ]
[ 1, 0, -17, -2, 1, 0, 0, 0, 31 ]
[ 2, 0, -3, -2, 1, 0, -1, 0, 17 ]
[ -1, 0, 17, 0, -1, 3, 0, 0, 31 ]
[ -2, 1, 0, -1, 0, 17, 0, 0, 31 ]
[ -2, 1, 0, 0, -1, 3, -1, 0, 17 ]
[ 31, 0, 0, 9, 1, 0, -11, 0, 1 ]
[ 9, 1, 0, -4, 3, 0, -2, 1, 1 ]
[ 11, 0, -1, 9, 1, 0, -2, 0, 3 ]
[ 1, 7, 0, 0, 31, 0, 0, 15, 1 ]
[ 4, -3, 0, 1, 7, 0, -2, 1, 1 ]
[ 3, -2, -16, -4, 3, 0, 0, 0, 31 ]
[ 2, -1, -1, -3, 2, 16, 0, 0, 31 ]
[ 2, -1, -1, -4, 3, 0, -3, 2, 16 ]
[ 9, 1, 0, -2, 1, 1, -2, 0, 3 ]
[ 1, 0, -17, 9, 1, 0, 0, 0, 31 ]
[ 2, 0, -3, 9, 1, 0, -1, 0, 17 ]
[ -1, -7, 0, 0, -1, 2, 0, 0, 31 ]
[ 1, 7, 0, 0, 15, 1, 0, -1, 2 ]
[ 0, -1, 2, 1, 7, 0, 0, 0, 31 ]
[ 2, -1, -1, 1, 7, 0, 0, -1, 2 ]
[ -3, 2, 16, -2, 1, 1, 0, 0, 31 ]
[ -4, 3, 0, -3, 2, 16, 0, 0, 31 ]
[ -4, 3, 0, -2, 1, 1, -3, 2, 16 ]
[ 1, 0, -17, -2, 1, 1, 0, 0, 31 ]
[ 2, 0, -3, -2, 1, 1, -1, 0, 17 ]
[ 9, 1, 0, -1, 0, 17, 0, 0, 31 ]
[ 9, 1, 0, -2, 0, 3, -1, 0, 17 ]
[ -1, 0, 17, 0, -1, 2, 0, 0, 31 ]
[ -2, 1, 1, -1, 0, 17, 0, 0, 31 ]
[ -2, 1, 1, 0, -1, 2, -1, 0, 17 ]
[ 31, 0, 0, -11, 1, 0, -11, 0, 1 ]
[ 11, -1, 0, -2, 3, 0, 0, -1, 1 ]
[ 11, 0, -1, -11, 1, 0, -2, 0, 3 ]
[ -1, 17, 0, 0, -1, 1, 0, 0, 31 ]
[ 1, -17, 0, 0, 31, 0, 0, -1, 1 ]
[ 0, 1, -1, -1, 17, 0, 0, 0, 31 ]
[ 2, -3, 0, -1, 17, 0, 0, -1, 1 ]
[ 1, -1, -16, -2, 3, 0, 0, 0, 31 ]
[ 0, 1, -1, -1, 1, 16, 0, 0, 31 ]
[ 0, 1, -1, -2, 3, 0, -1, 1, 16 ]
[ -11, 1, 0, 0, -1, 1, -2, 0, 3 ]
[ 1, 0, -17, -11, 1, 0, 0, 0, 31 ]
[ 2, 0, -3, -11, 1, 0, -1, 0, 17 ]
[ -1, 1, 16, 0, -1, 1, 0, 0, 31 ]
[ -2, 3, 0, -1, 1, 16, 0, 0, 31 ]
[ -2, 3, 0, 0, -1, 1, -1, 1, 16 ]
[ -1, 0, 17, 0, -1, 1, 0, 0, 31 ]
[ -2, 0, 3, 0, -1, 1, -1, 0, 17 ]
[ -11, 1, 0, -1, 0, 17, 0, 0, 31 ]
[ -11, 1, 0, -2, 0, 3, -1, 0, 17 ]
[ 31, 0, 0, 0, 1, 0, -2, 0, 1 ]
[ 1, 0, -16, 0, 1, 0, 0, 0, 31 ]
[ 2, 0, -1, 0, 1, 0, -1, 0, 16 ]
[ 31, 0, 0, 2, 1, 0, -2, 0, 1 ]
[ 1, 16, 0, 0, 1, 1, 0, 0, 31 ]
[ 1, 16, 0, 0, 31, 0, 0, 1, 1 ]
[ 0, -1, -1, 1, 16, 0, 0, 0, 31 ]
[ 2, 1, 0, 1, 16, 0, 0, 1, 1 ]
[ 1, 0, -16, 2, 1, 0, 0, 0, 31 ]
[ 2, 0, -1, 2, 1, 0, -1, 0, 16 ]
[ 1, 1, 16, 0, 1, 1, 0, 0, 31 ]
[ 2, 1, 0, 1, 1, 16, 0, 0, 31 ]
[ 2, 1, 0, 0, 1, 1, 1, 1, 16 ]
[ 31, 0, 0, 4, 1, 0, -2, 0, 1 ]
[ 1, 8, 0, 0, 31, 0, 0, -15, 1 ]
[ 4, 1, 0, 1, 8, 0, 2, 1, 1 ]
[ 1, 0, -16, 4, 1, 0, 0, 0, 31 ]
[ 2, 0, -1, 4, 1, 0, -1, 0, 16 ]
[ 1, 8, 0, 0, 1, 2, 0, 0, 31 ]
[ -1, -8, 0, 0, -15, 1, 0, 1, 2 ]
[ 0, -1, -2, 1, 8, 0, 0, 0, 31 ]
[ 2, 1, 1, 1, 8, 0, 0, 1, 2 ]
[ 3, 1, 16, 2, 1, 1, 0, 0, 31 ]
[ 4, 1, 0, 3, 1, 16, 0, 0, 31 ]
[ 4, 1, 0, 2, 1, 1, 3, 1, 16 ]
[ 1, 1, 17, 0, 1, 2, 0, 0, 31 ]
[ 2, 1, 1, 1, 1, 17, 0, 0, 31 ]
[ 2, 1, 1, 0, 1, 2, 1, 1, 17 ]
[ 31, 0, 0, 6, 1, 0, -2, 0, 1 ]
[ 1, -5, 0, 0, 31, 0, 0, -10, 1 ]
[ 6, 1, 0, -1, 5, 0, -2, 0, 1 ]
[ 1, 0, -16, 6, 1, 0, 0, 0, 31 ]
[ 2, 0, -1, 6, 1, 0, -1, 0, 16 ]
[ 1, -5, 0, 0, 1, 3, 0, 0, 31 ]
[ -1, 5, 0, 0, -10, 1, 0, 1, 3 ]
[ 0, 1, 3, -1, 5, 0, 0, 0, 31 ]
[ 2, 0, -1, -1, 5, 0, 0, 1, 3 ]
[ 6, 1, 0, -1, 0, 16, 0, 0, 31 ]
[ 6, 1, 0, -2, 0, 1, -1, 0, 16 ]
[ 1, 0, -16, 0, 1, 3, 0, 0, 31 ]
[ 2, 0, -1, 0, 1, 3, -1, 0, 16 ]
[ 31, 0, 0, 8, 1, 0, -2, 0, 1 ]
[ 1, 4, 0, 0, 31, 0, 0, 8, 1 ]
[ 8, 1, 0, 1, 4, 0, -2, 0, 1 ]
[ 1, 0, -16, 8, 1, 0, 0, 0, 31 ]
[ 2, 0, -1, 8, 1, 0, -1, 0, 16 ]
[ 1, 4, 0, 0, 1, 4, 0, 0, 31 ]
[ 1, 4, 0, 0, 8, 1, 0, 1, 4 ]
[ 0, -1, -4, 1, 4, 0, 0, 0, 31 ]
[ 2, 0, -1, 1, 4, 0, 0, 1, 4 ]
[ 8, 1, 0, -1, 0, 16, 0, 0, 31 ]
[ 8, 1, 0, -2, 0, 1, -1, 0, 16 ]
[ 1, 0, -16, 0, 1, 4, 0, 0, 31 ]
[ 2, 0, -1, 0, 1, 4, -1, 0, 16 ]
[ 31, 0, 0, 10, 1, 0, -2, 0, 1 ]
[ 1, -3, 0, 0, 31, 0, 0, -6, 1 ]
[ 10, 1, 0, -1, 3, 0, -2, 0, 1 ]
[ 1, 0, -16, 10, 1, 0, 0, 0, 31 ]
[ 2, 0, -1, 10, 1, 0, -1, 0, 16 ]
[ 1, -3, 0, 0, 1, 5, 0, 0, 31 ]
[ -1, 3, 0, 0, -6, 1, 0, 1, 5 ]
[ 0, 1, 5, -1, 3, 0, 0, 0, 31 ]
[ 2, 0, -1, -1, 3, 0, 0, 1, 5 ]
[ 10, 1, 0, -1, 0, 16, 0, 0, 31 ]
[ 10, 1, 0, -2, 0, 1, -1, 0, 16 ]
[ 1, 0, -16, 0, 1, 5, 0, 0, 31 ]
[ 2, 0, -1, 0, 1, 5, -1, 0, 16 ]
[ 31, 0, 0, 12, 1, 0, -2, 0, 1 ]
[ 12, 1, 0, 5, 3, 0, -2, 0, 1 ]
[ 1, 0, -16, 12, 1, 0, 0, 0, 31 ]
[ 2, 0, -1, 12, 1, 0, -1, 0, 16 ]
[ 5, 3, 0, -2, 5, 0, -2, 0, 1 ]
[ 2, 1, 5, 5, 3, 0, 0, 0, 31 ]
[ 2, 0, -1, 5, 3, 0, 2, 1, 5 ]
[ 12, 1, 0, -1, 0, 16, 0, 0, 31 ]
[ 12, 1, 0, -2, 0, 1, -1, 0, 16 ]
[ 1, -18, 0, 0, 31, 0, 0, -5, 1 ]
[ 2, -5, 0, -1, 18, 0, 0, -5, 1 ]
[ 1, -2, 3, -2, 5, 0, 0, 0, 31 ]
[ 2, 0, -1, -2, 5, 0, 1, -2, 3 ]
[ -5, -3, 0, 2, 1, 5, 0, 0, 31 ]
[ 5, 3, 0, -2, 0, 1, 2, 1, 5 ]
[ 1, 0, -16, 2, 1, 5, 0, 0, 31 ]
[ 2, 0, -1, 2, 1, 5, -1, 0, 16 ]
[ 1, -18, 0, 0, 1, 6, 0, 0, 31 ]
[ -1, 18, 0, 0, -5, 1, 0, 1, 6 ]
[ 0, 1, 6, -1, 18, 0, 0, 0, 31 ]
[ 0, 5, -1, -1, 18, 0, 0, 1, 6 ]
[ 2, -5, 0, -1, 3, 3, 0, 0, 31 ]
[ -2, 5, 0, 0, -5, 1, -1, 3, 3 ]
[ -1, 1, -9, 1, -2, 3, 0, 0, 31 ]
[ -2, 0, 1, 1, -2, 3, 1, -1, 9 ]
[ 2, 1, 5, -1, 0, 16, 0, 0, 31 ]
[ 2, 1, 5, -2, 0, 1, -1, 0, 16 ]
[ 1, -3, -3, 0, 1, 6, 0, 0, 31 ]
[ -1, 3, 3, 0, -5, 1, 0, 1, 6 ]
[ -1, 0, 16, 1, -1, 9, 0, 0, 31 ]
[ -2, 0, 1, 1, -1, 9, -1, 0, 16 ]
[ 31, 0, 0, 14, 1, 0, -2, 0, 1 ]
[ 14, 1, 0, -3, 2, 0, -2, 0, 1 ]
[ 1, 0, -16, 14, 1, 0, 0, 0, 31 ]
[ 2, 0, -1, 14, 1, 0, -1, 0, 16 ]
[ 1, -11, 0, 0, 31, 0, 0, 9, 1 ]
[ 3, -2, 0, -1, 11, 0, 1, -2, 1 ]
[ 2, -1, -8, -3, 2, 0, 0, 0, 31 ]
[ 2, 0, -1, -3, 2, 0, -2, 1, 8 ]
[ 14, 1, 0, -1, 0, 16, 0, 0, 31 ]
[ 14, 1, 0, -2, 0, 1, -1, 0, 16 ]
[ 1, -11, 0, 0, 9, 1, 0, -4, 3 ]
[ 1, -2, 1, -1, 11, 0, 0, -4, 3 ]
[ -1, 1, -8, 1, -2, 1, 0, 0, 31 ]
[ -3, 2, 0, 1, -1, 8, 0, 0, 31 ]
[ -3, 2, 0, 1, -2, 1, 1, -1, 8 ]
[ 1, 0, -16, -2, 1, 8, 0, 0, 31 ]
[ 2, 0, -1, -2, 1, 8, -1, 0, 16 ]
[ 1, -11, 0, 0, 1, 7, 0, 0, 31 ]
[ -1, 11, 0, 0, -4, 3, 0, 1, 7 ]
[ 0, 1, 7, -1, 11, 0, 0, 0, 31 ]
[ 0, 4, -3, -1, 11, 0, 0, 1, 7 ]
[ 1, -2, 1, 0, 1, 7, 0, 0, 31 ]
[ -1, 2, -1, 0, -4, 3, 0, 1, 7 ]
[ 31, 0, 0, -15, 1, 0, -2, 0, 1 ]
[ 1, 2, 0, 0, 31, 0, 0, 4, 1 ]
[ 15, -1, 0, 1, 2, 0, -2, 0, 1 ]
[ 1, 0, -16, -15, 1, 0, 0, 0, 31 ]
[ 2, 0, -1, -15, 1, 0, -1, 0, 16 ]
[ 1, 2, 0, 0, 1, 8, 0, 0, 31 ]
[ 1, 2, 0, 0, 4, 1, 0, 1, 8 ]
[ 0, -1, -8, 1, 2, 0, 0, 0, 31 ]
[ 2, 0, -1, 1, 2, 0, 0, 1, 8 ]
[ -15, 1, 0, -1, 0, 16, 0, 0, 31 ]
[ -15, 1, 0, -2, 0, 1, -1, 0, 16 ]
[ 1, 0, -16, 0, 1, 8, 0, 0, 31 ]
[ 2, 0, -1, 0, 1, 8, -1, 0, 16 ]
[ 31, 0, 0, -13, 1, 0, -2, 0, 1 ]
[ 13, -1, 0, 5, 2, 0, -2, 0, 1 ]
[ 1, 0, -16, -13, 1, 0, 0, 0, 31 ]
[ 2, 0, -1, -13, 1, 0, -1, 0, 16 ]
[ 5, 2, 0, 2, 7, 0, -2, 0, 1 ]
[ -2, -1, -8, 5, 2, 0, 0, 0, 31 ]
[ 2, 0, -1, 5, 2, 0, 2, 1, 8 ]
[ -13, 1, 0, -1, 0, 16, 0, 0, 31 ]
[ -13, 1, 0, -2, 0, 1, -1, 0, 16 ]
[ 1, 19, 0, 0, 31, 0, 0, 7, 1 ]
[ 2, 7, 0, 1, 19, 0, 0, 7, 1 ]
[ 2, 0, -1, 2, 7, 0, 1, 2, 2 ]
[ 5, 2, 0, 2, 1, 8, 0, 0, 31 ]
[ 5, 2, 0, -2, 0, 1, 2, 1, 8 ]
[ 1, 0, -16, 2, 1, 8, 0, 0, 31 ]
[ 2, 0, -1, 2, 1, 8, -1, 0, 16 ]
[ 1, 19, 0, 0, 7, 1, 0, -3, 4 ]
[ 0, -7, -1, 1, 19, 0, 0, -3, 4 ]
[ 2, 7, 0, 0, 7, 1, 1, 2, 2 ]
[ 1, 3, 11, 2, 7, 0, 0, 0, 31 ]
[ 1, 2, 2, 1, 3, 11, 0, 0, 31 ]
[ 1, 2, 2, 2, 7, 0, 1, 3, 11 ]
[ 0, -1, -9, 1, 2, 2, 0, 0, 31 ]
[ 2, 0, -1, 1, 2, 2, 0, 1, 9 ]
[ 2, 1, 8, -1, 0, 16, 0, 0, 31 ]
[ 2, 1, 8, -2, 0, 1, -1, 0, 16 ]
[ 1, 19, 0, 0, 1, 9, 0, 0, 31 ]
[ -1, -19, 0, 0, -3, 4, 0, 1, 9 ]
[ 0, -1, -9, 1, 19, 0, 0, 0, 31 ]
[ 0, -3, 4, 1, 19, 0, 0, 1, 9 ]
[ 1, 2, 2, 0, 7, 1, 0, -3, 4 ]
[ -1, -3, -11, 1, 2, 2, 0, 0, 31 ]
[ -2, -7, 0, 1, 3, 11, 0, 0, 31 ]
[ -2, -7, 0, 1, 2, 2, 1, 3, 11 ]
[ 1, 0, -16, 0, 1, 9, 0, 0, 31 ]
[ 2, 0, -1, 0, 1, 9, -1, 0, 16 ]
[ 1, 2, 2, 0, 1, 9, 0, 0, 31 ]
[ -1, -2, -2, 0, -3, 4, 0, 1, 9 ]
[ 31, 0, 0, -11, 1, 0, -2, 0, 1 ]
[ 11, -1, 0, -2, 3, 0, -2, 0, 1 ]
[ 1, 0, -16, -11, 1, 0, 0, 0, 31 ]
[ 2, 0, -1, -11, 1, 0, -1, 0, 16 ]
[ 1, -17, 0, 0, 31, 0, 0, -3, 1 ]
[ 2, -3, 0, -1, 17, 0, 0, -3, 1 ]
[ 1, -1, 5, -2, 3, 0, 0, 0, 31 ]
[ 2, 0, -1, -2, 3, 0, 1, -1, 5 ]
[ -11, 1, 0, -1, 0, 16, 0, 0, 31 ]
[ -11, 1, 0, -2, 0, 1, -1, 0, 16 ]
[ 1, -17, 0, 0, 1, 10, 0, 0, 31 ]
[ -1, 17, 0, 0, -3, 1, 0, 1, 10 ]
[ 0, 1, 10, -1, 17, 0, 0, 0, 31 ]
[ 0, 3, -1, -1, 17, 0, 0, 1, 10 ]
[ 2, -3, 0, -1, 2, 5, 0, 0, 31 ]
[ -2, 3, 0, 0, -3, 1, -1, 2, 5 ]
[ -1, 0, 16, 1, -1, 5, 0, 0, 31 ]
[ -2, 0, 1, 1, -1, 5, -1, 0, 16 ]
[ 1, -2, -5, 0, 1, 10, 0, 0, 31 ]
[ -1, 2, 5, 0, -3, 1, 0, 1, 10 ]
[ 31, 0, 0, -9, 1, 0, -2, 0, 1 ]
[ 9, -1, 0, 4, 3, 0, -2, 0, 1 ]
[ 1, 0, -16, -9, 1, 0, 0, 0, 31 ]
[ 2, 0, -1, -9, 1, 0, -1, 0, 16 ]
[ 1, -7, 0, 0, 31, 0, 0, -14, 1 ]
[ 4, 3, 0, -1, 7, 0, -2, 0, 1 ]
[ -1, -1, 5, 4, 3, 0, 0, 0, 31 ]
[ 2, 0, -1, 4, 3, 0, -1, -1, 5 ]
[ -9, 1, 0, -1, 0, 16, 0, 0, 31 ]
[ -9, 1, 0, -2, 0, 1, -1, 0, 16 ]
[ -1, 7, 0, 0, -14, 1, 0, 3, 2 ]
[ 2, 0, -1, -1, 7, 0, 0, 3, 2 ]
[ -4, -3, 0, -1, -1, 5, 0, 0, 31 ]
[ 4, 3, 0, -2, 0, 1, -1, -1, 5 ]
[ -1, 0, 16, -1, -1, 5, 0, 0, 31 ]
[ -2, 0, 1, -1, -1, 5, -1, 0, 16 ]
[ 1, -7, 0, 0, 1, 11, 0, 0, 31 ]
[ 1, -7, 0, 0, 3, 2, 0, 1, 11 ]
[ 0, 1, 11, -1, 7, 0, 0, 0, 31 ]
[ 0, 3, 2, -1, 7, 0, 0, 1, 11 ]
[ 2, 0, -1, 0, 3, 2, -1, -1, 5 ]
[ 1, 1, -5, -1, 0, 16, 0, 0, 31 ]
[ 1, 1, -5, -2, 0, 1, -1, 0, 16 ]
[ 1, 1, -5, 0, 1, 11, 0, 0, 31 ]
[ 1, 1, -5, 0, 3, 2, 0, 1, 11 ]
[ -1, 0, 16, -1, -1, 5, 0, 0, 31 ]
[ -2, 0, 1, -1, -1, 5, -1, 0, 16 ]
[ 31, 0, 0, -7, 1, 0, -2, 0, 1 ]
[ 7, -1, 0, 3, 4, 0, -2, 0, 1 ]
[ 1, 0, -16, -7, 1, 0, 0, 0, 31 ]
[ 2, 0, -1, -7, 1, 0, -1, 0, 16 ]
[ 1, -9, 0, 0, 31, 0, 0, 13, 1 ]
[ 3, 4, 0, -1, 9, 0, 1, 4, 1 ]
[ 1, 1, -4, 3, 4, 0, 0, 0, 31 ]
[ 2, 0, -1, 3, 4, 0, -1, -1, 4 ]
[ -7, 1, 0, -1, 0, 16, 0, 0, 31 ]
[ -7, 1, 0, -2, 0, 1, -1, 0, 16 ]
[ 1, -9, 0, 0, 13, 1, 0, -5, 2 ]
[ 1, 4, 1, -1, 9, 0, 0, -5, 2 ]
[ 3, 4, 0, -1, -1, 4, 0, 0, 31 ]
[ 3, 4, 0, 1, 4, 1, -1, -1, 4 ]
[ -1, 0, 16, -1, -1, 4, 0, 0, 31 ]
[ -2, 0, 1, -1, -1, 4, -1, 0, 16 ]
[ -1, 9, 0, 0, -5, 2, 0, -2, 7 ]
[ 0, 5, -2, -1, 9, 0, 0, -2, 7 ]
[ -1, -4, -1, 0, -5, 2, 0, -2, 7 ]
[ 0, -1, -12, 1, 4, 1, 0, 0, 31 ]
[ 1, 1, -4, 0, 1, 12, 0, 0, 31 ]
[ 1, 1, -4, 1, 4, 1, 0, 1, 12 ]
[ -1, 9, 0, 0, -1, 19, 0, 0, 31 ]
[ -1, 9, 0, 0, -2, 7, 0, -1, 19 ]
[ 0, 1, -19, -1, 9, 0, 0, 0, 31 ]
[ 0, 2, -7, -1, 9, 0, 0, -1, 19 ]
[ -1, -4, -1, 0, -1, 19, 0, 0, 31 ]
[ -1, -4, -1, 0, -2, 7, 0, -1, 19 ]
[ 31, 0, 0, -5, 1, 0, -2, 0, 1 ]
[ 1, 6, 0, 0, 31, 0, 0, 12, 1 ]
[ 5, -1, 0, 1, 6, 0, -2, 0, 1 ]
[ 1, 0, -16, -5, 1, 0, 0, 0, 31 ]
[ 2, 0, -1, -5, 1, 0, -1, 0, 16 ]
[ 1, 6, 0, 0, 12, 1, 0, 5, 3 ]
[ 2, 0, -1, 1, 6, 0, -1, -1, 3 ]
[ -5, 1, 0, -1, 0, 16, 0, 0, 31 ]
[ -5, 1, 0, -2, 0, 1, -1, 0, 16 ]
[ 1, 6, 0, 0, 5, 3, 0, -2, 5 ]
[ 1, 1, -3, 1, 6, 0, 0, -2, 5 ]
[ -1, 0, 16, -1, -1, 3, 0, 0, 31 ]
[ -2, 0, 1, -1, -1, 3, -1, 0, 16 ]
[ -1, -6, 0, 0, -1, 18, 0, 0, 31 ]
[ -1, -6, 0, 0, -2, 5, 0, -1, 18 ]
[ 0, -1, 18, 1, 6, 0, 0, 0, 31 ]
[ 0, -2, 5, 1, 6, 0, 0, -1, 18 ]
[ -1, -1, 3, 0, -1, 18, 0, 0, 31 ]
[ -1, -1, 3, 0, -2, 5, 0, -1, 18 ]
[ 31, 0, 0, -3, 1, 0, -2, 0, 1 ]
[ 1, 10, 0, 0, 31, 0, 0, -11, 1 ]
[ 3, -1, 0, 1, 10, 0, 1, -1, 1 ]
[ 1, 0, -16, -3, 1, 0, 0, 0, 31 ]
[ 2, 0, -1, -3, 1, 0, -1, 0, 16 ]
[ -1, -10, 0, 0, -11, 1, 0, -2, 3 ]
[ 1, -1, 1, 1, 10, 0, 0, -2, 3 ]
[ -1, 0, 16, 1, -1, 1, 0, 0, 31 ]
[ -3, 1, 0, -1, 0, 16, 0, 0, 31 ]
[ -3, 1, 0, 1, -1, 1, -1, 0, 16 ]
[ -1, -10, 0, 0, -1, 17, 0, 0, 31 ]
[ -1, -10, 0, 0, -2, 3, 0, -1, 17 ]
[ 0, -1, 17, 1, 10, 0, 0, 0, 31 ]
[ 0, -2, 3, 1, 10, 0, 0, -1, 17 ]
[ -1, 1, -1, 0, -1, 17, 0, 0, 31 ]
[ -1, 1, -1, 0, -2, 3, 0, -1, 17 ]
[ 1, -1, 0, 0, 31, 0, 0, -2, 1 ]
[ 31, 0, 0, -1, 1, 0, -2, 0, 1 ]
[ -1, 1, 0, 0, -1, 16, 0, 0, 31 ]
[ -1, 1, 0, 0, -2, 1, 0, -1, 16 ]
[ 1, 0, -16, -1, 1, 0, 0, 0, 31 ]
[ 2, 0, -1, -1, 1, 0, -1, 0, 16 ]
[ 1, 1, 0, 0, 31, 0, 0, 2, 1 ]
[ 31, 0, 0, 1, 1, 0, -2, 0, 1 ]
[ 1, 1, 0, 0, 1, 16, 0, 0, 31 ]
[ 1, 1, 0, 0, 2, 1, 0, 1, 16 ]
[ 1, 0, -16, 1, 1, 0, 0, 0, 31 ]
[ 2, 0, -1, 1, 1, 0, -1, 0, 16 ]
[ 31, 0, 0, 3, 1, 0, -2, 0, 1 ]
[ 1, -10, 0, 0, 31, 0, 0, 11, 1 ]
[ 3, 1, 0, -1, 10, 0, 1, 1, 1 ]
[ 1, 0, -16, 3, 1, 0, 0, 0, 31 ]
[ 2, 0, -1, 3, 1, 0, -1, 0, 16 ]
[ 1, -10, 0, 0, 11, 1, 0, 2, 3 ]
[ 1, 1, 1, -1, 10, 0, 0, 2, 3 ]
[ 2, 1, 16, 1, 1, 1, 0, 0, 31 ]
[ 3, 1, 0, 2, 1, 16, 0, 0, 31 ]
[ 3, 1, 0, 1, 1, 1, 2, 1, 16 ]
[ 1, -10, 0, 0, 1, 17, 0, 0, 31 ]
[ 1, -10, 0, 0, 2, 3, 0, 1, 17 ]
[ 0, 1, 17, -1, 10, 0, 0, 0, 31 ]
[ 0, 2, 3, -1, 10, 0, 0, 1, 17 ]
[ 1, 1, 1, 0, 1, 17, 0, 0, 31 ]
[ 1, 1, 1, 0, 2, 3, 0, 1, 17 ]
[ 31, 0, 0, 5, 1, 0, -2, 0, 1 ]
[ 1, -6, 0, 0, 31, 0, 0, -12, 1 ]
[ 5, 1, 0, -1, 6, 0, -2, 0, 1 ]
[ 1, 0, -16, 5, 1, 0, 0, 0, 31 ]
[ 2, 0, -1, 5, 1, 0, -1, 0, 16 ]
[ -1, 6, 0, 0, -12, 1, 0, -5, 3 ]
[ 2, 0, -1, -1, 6, 0, -1, 1, 3 ]
[ 5, 1, 0, -1, 0, 16, 0, 0, 31 ]
[ 5, 1, 0, -2, 0, 1, -1, 0, 16 ]
[ -1, 6, 0, 0, -5, 3, 0, 2, 5 ]
[ 1, -1, -3, -1, 6, 0, 0, 2, 5 ]
[ 1, 0, -16, -1, 1, 3, 0, 0, 31 ]
[ 2, 0, -1, -1, 1, 3, -1, 0, 16 ]
[ 1, -6, 0, 0, 1, 18, 0, 0, 31 ]
[ 1, -6, 0, 0, 2, 5, 0, 1, 18 ]
[ 0, 1, 18, -1, 6, 0, 0, 0, 31 ]
[ 0, 2, 5, -1, 6, 0, 0, 1, 18 ]
[ 1, -1, -3, 0, 1, 18, 0, 0, 31 ]
[ 1, -1, -3, 0, 2, 5, 0, 1, 18 ]
[ 31, 0, 0, 7, 1, 0, -2, 0, 1 ]
[ 7, 1, 0, -3, 4, 0, -2, 0, 1 ]
[ 1, 0, -16, 7, 1, 0, 0, 0, 31 ]
[ 2, 0, -1, 7, 1, 0, -1, 0, 16 ]
[ 1, 9, 0, 0, 31, 0, 0, -13, 1 ]
[ 3, -4, 0, 1, 9, 0, 1, -4, 1 ]
[ 1, -1, -4, -3, 4, 0, 0, 0, 31 ]
[ 2, 0, -1, -3, 4, 0, -1, 1, 4 ]
[ 7, 1, 0, -1, 0, 16, 0, 0, 31 ]
[ 7, 1, 0, -2, 0, 1, -1, 0, 16 ]
[ -1, -9, 0, 0, -13, 1, 0, 5, 2 ]
[ 1, -4, 1, 1, 9, 0, 0, 5, 2 ]
[ -3, 4, 0, -1, 1, 4, 0, 0, 31 ]
[ -3, 4, 0, 1, -4, 1, -1, 1, 4 ]
[ 1, 0, -16, -1, 1, 4, 0, 0, 31 ]
[ 2, 0, -1, -1, 1, 4, -1, 0, 16 ]
[ 1, 9, 0, 0, 5, 2, 0, 2, 7 ]
[ 0, -5, -2, 1, 9, 0, 0, 2, 7 ]
[ 1, -4, 1, 0, 5, 2, 0, 2, 7 ]
[ 0, -1, 12, 1, -4, 1, 0, 0, 31 ]
[ -1, 1, 4, 0, -1, 12, 0, 0, 31 ]
[ -1, 1, 4, 1, -4, 1, 0, -1, 12 ]
[ 1, 9, 0, 0, 1, 19, 0, 0, 31 ]
[ 1, 9, 0, 0, 2, 7, 0, 1, 19 ]
[ 0, -1, -19, 1, 9, 0, 0, 0, 31 ]
[ 0, -2, -7, 1, 9, 0, 0, 1, 19 ]
[ 1, -4, 1, 0, 1, 19, 0, 0, 31 ]
[ 1, -4, 1, 0, 2, 7, 0, 1, 19 ]
[ 31, 0, 0, 9, 1, 0, -2, 0, 1 ]
[ 9, 1, 0, -4, 3, 0, -2, 0, 1 ]
[ 1, 0, -16, 9, 1, 0, 0, 0, 31 ]
[ 2, 0, -1, 9, 1, 0, -1, 0, 16 ]
[ 1, 7, 0, 0, 31, 0, 0, 14, 1 ]
[ 4, -3, 0, 1, 7, 0, -2, 0, 1 ]
[ -1, 1, 5, -4, 3, 0, 0, 0, 31 ]
[ 2, 0, -1, -4, 3, 0, -1, 1, 5 ]
[ 9, 1, 0, -1, 0, 16, 0, 0, 31 ]
[ 9, 1, 0, -2, 0, 1, -1, 0, 16 ]
[ 1, 7, 0, 0, 14, 1, 0, -3, 2 ]
[ 2, 0, -1, 1, 7, 0, 0, -3, 2 ]
[ 4, -3, 0, -1, 1, 5, 0, 0, 31 ]
[ -4, 3, 0, -2, 0, 1, -1, 1, 5 ]
[ 1, 0, -16, -1, 1, 5, 0, 0, 31 ]
[ 2, 0, -1, -1, 1, 5, -1, 0, 16 ]
[ -1, -7, 0, 0, -1, 11, 0, 0, 31 ]
[ -1, -7, 0, 0, -3, 2, 0, -1, 11 ]
[ 0, -1, 11, 1, 7, 0, 0, 0, 31 ]
[ 0, -3, 2, 1, 7, 0, 0, -1, 11 ]
[ -2, 0, 1, 0, -3, 2, -1, 1, 5 ]
[ -1, 1, 5, -1, 0, 16, 0, 0, 31 ]
[ -1, 1, 5, -2, 0, 1, -1, 0, 16 ]
[ -1, 1, 5, 0, -1, 11, 0, 0, 31 ]
[ -1, 1, 5, 0, -3, 2, 0, -1, 11 ]
[ 1, 0, -16, -1, 1, 5, 0, 0, 31 ]
[ 2, 0, -1, -1, 1, 5, -1, 0, 16 ]
[ 31, 0, 0, 11, 1, 0, -2, 0, 1 ]
[ 11, 1, 0, 2, 3, 0, -2, 0, 1 ]
[ 1, 0, -16, 11, 1, 0, 0, 0, 31 ]
[ 2, 0, -1, 11, 1, 0, -1, 0, 16 ]
[ 1, 17, 0, 0, 31, 0, 0, 3, 1 ]
[ 2, 3, 0, 1, 17, 0, 0, 3, 1 ]
[ 1, 1, 5, 2, 3, 0, 0, 0, 31 ]
[ 2, 0, -1, 2, 3, 0, 1, 1, 5 ]
[ 11, 1, 0, -1, 0, 16, 0, 0, 31 ]
[ 11, 1, 0, -2, 0, 1, -1, 0, 16 ]
[ -1, -17, 0, 0, -1, 10, 0, 0, 31 ]
[ 1, 17, 0, 0, 3, 1, 0, -1, 10 ]
[ 0, -1, 10, 1, 17, 0, 0, 0, 31 ]
[ 0, -3, -1, 1, 17, 0, 0, -1, 10 ]
[ -2, -3, 0, 1, 1, 5, 0, 0, 31 ]
[ 2, 3, 0, 0, 3, 1, 1, 1, 5 ]
[ 1, 0, -16, 1, 1, 5, 0, 0, 31 ]
[ 2, 0, -1, 1, 1, 5, -1, 0, 16 ]
[ -1, -1, -5, 0, -1, 10, 0, 0, 31 ]
[ 1, 1, 5, 0, 3, 1, 0, -1, 10 ]
[ 31, 0, 0, 13, 1, 0, -2, 0, 1 ]
[ 13, 1, 0, -5, 2, 0, -2, 0, 1 ]
[ 1, 0, -16, 13, 1, 0, 0, 0, 31 ]
[ 2, 0, -1, 13, 1, 0, -1, 0, 16 ]
[ 5, -2, 0, -2, 7, 0, -2, 0, 1 ]
[ 3, -1, -8, -5, 2, 0, 0, 0, 31 ]
[ 2, 0, -1, -5, 2, 0, -3, 1, 8 ]
[ 13, 1, 0, -1, 0, 16, 0, 0, 31 ]
[ 13, 1, 0, -2, 0, 1, -1, 0, 16 ]
[ 1, -19, 0, 0, 31, 0, 0, -7, 1 ]
[ 2, -7, 0, -1, 19, 0, 0, -7, 1 ]
[ 2, 0, -1, -2, 7, 0, 1, -2, 2 ]
[ -5, 2, 0, -3, 1, 8, 0, 0, 31 ]
[ -5, 2, 0, -2, 0, 1, -3, 1, 8 ]
[ 1, 0, -16, -3, 1, 8, 0, 0, 31 ]
[ 2, 0, -1, -3, 1, 8, -1, 0, 16 ]
[ -1, 19, 0, 0, -7, 1, 0, 3, 4 ]
[ 0, 7, -1, -1, 19, 0, 0, 3, 4 ]
[ -2, 7, 0, 0, -7, 1, -1, 5, 2 ]
[ 1, -3, 11, -2, 7, 0, 0, 0, 31 ]
[ -1, 2, -2, 1, -3, 11, 0, 0, 31 ]
[ 1, -2, 2, -2, 7, 0, 1, -3, 11 ]
[ 0, -1, 9, 1, -2, 2, 0, 0, 31 ]
[ -2, 0, 1, 1, -2, 2, 0, -1, 9 ]
[ -3, 1, 8, -1, 0, 16, 0, 0, 31 ]
[ -3, 1, 8, -2, 0, 1, -1, 0, 16 ]
[ -1, 19, 0, 0, -1, 9, 0, 0, 31 ]
[ 1, -19, 0, 0, 3, 4, 0, -1, 9 ]
[ 0, 1, -9, -1, 19, 0, 0, 0, 31 ]
[ 0, 3, 4, -1, 19, 0, 0, -1, 9 ]
[ -1, 5, 2, 0, -7, 1, 0, 3, 4 ]
[ 1, -4, -11, -1, 5, 2, 0, 0, 31 ]
[ 2, -7, 0, -1, 4, 11, 0, 0, 31 ]
[ 2, -7, 0, -1, 5, 2, -1, 4, 11 ]
[ -1, 0, 16, 0, -1, 9, 0, 0, 31 ]
[ -2, 0, 1, 0, -1, 9, -1, 0, 16 ]
[ -1, 5, 2, 0, -1, 9, 0, 0, 31 ]
[ 1, -5, -2, 0, 3, 4, 0, -1, 9 ]
[ 31, 0, 0, 15, 1, 0, -2, 0, 1 ]
[ 1, -2, 0, 0, 31, 0, 0, -4, 1 ]
[ 15, 1, 0, -1, 2, 0, -2, 0, 1 ]
[ 1, 0, -16, 15, 1, 0, 0, 0, 31 ]
[ 2, 0, -1, 15, 1, 0, -1, 0, 16 ]
[ -1, 2, 0, 0, -1, 8, 0, 0, 31 ]
[ -1, 2, 0, 0, -4, 1, 0, -1, 8 ]
[ 1, -1, -8, -1, 2, 0, 0, 0, 31 ]
[ 2, 0, -1, -1, 2, 0, -1, 1, 8 ]
[ 15, 1, 0, -1, 0, 16, 0, 0, 31 ]
[ 15, 1, 0, -2, 0, 1, -1, 0, 16 ]
[ 1, 0, -16, -1, 1, 8, 0, 0, 31 ]
[ 2, 0, -1, -1, 1, 8, -1, 0, 16 ]
[ 31, 0, 0, -14, 1, 0, -2, 0, 1 ]
[ 14, -1, 0, 3, 2, 0, -2, 0, 1 ]
[ 1, 0, -16, -14, 1, 0, 0, 0, 31 ]
[ 2, 0, -1, -14, 1, 0, -1, 0, 16 ]
[ 1, 11, 0, 0, 31, 0, 0, -9, 1 ]
[ 3, 2, 0, 1, 11, 0, 1, 2, 1 ]
[ -1, -1, -8, 3, 2, 0, 0, 0, 31 ]
[ 2, 0, -1, 3, 2, 0, 1, 1, 8 ]
[ -14, 1, 0, -1, 0, 16, 0, 0, 31 ]
[ -14, 1, 0, -2, 0, 1, -1, 0, 16 ]
[ -1, -11, 0, 0, -9, 1, 0, 4, 3 ]
[ 1, 2, 1, 1, 11, 0, 0, 4, 3 ]
[ 1, 1, 8, 1, 2, 1, 0, 0, 31 ]
[ 3, 2, 0, 1, 1, 8, 0, 0, 31 ]
[ 3, 2, 0, 1, 2, 1, 1, 1, 8 ]
[ 1, 0, -16, 1, 1, 8, 0, 0, 31 ]
[ 2, 0, -1, 1, 1, 8, -1, 0, 16 ]
[ -1, -11, 0, 0, -1, 7, 0, 0, 31 ]
[ 1, 11, 0, 0, 4, 3, 0, -1, 7 ]
[ 0, -1, 7, 1, 11, 0, 0, 0, 31 ]
[ 0, -4, -3, 1, 11, 0, 0, -1, 7 ]
[ -1, -2, -1, 0, -1, 7, 0, 0, 31 ]
[ 1, 2, 1, 0, 4, 3, 0, -1, 7 ]
[ 31, 0, 0, -12, 1, 0, -2, 0, 1 ]
[ 12, -1, 0, -5, 3, 0, -2, 0, 1 ]
[ 1, 0, -16, -12, 1, 0, 0, 0, 31 ]
[ 2, 0, -1, -12, 1, 0, -1, 0, 16 ]
[ 5, -3, 0, 2, 5, 0, -2, 0, 1 ]
[ 2, -1, 5, -5, 3, 0, 0, 0, 31 ]
[ 2, 0, -1, -5, 3, 0, 2, -1, 5 ]
[ -12, 1, 0, -1, 0, 16, 0, 0, 31 ]
[ -12, 1, 0, -2, 0, 1, -1, 0, 16 ]
[ 1, 18, 0, 0, 31, 0, 0, 5, 1 ]
[ 2, 5, 0, 1, 18, 0, 0, 5, 1 ]
[ 1, 2, 3, 2, 5, 0, 0, 0, 31 ]
[ 2, 0, -1, 2, 5, 0, 1, 2, 3 ]
[ 5, -3, 0, 2, -1, 5, 0, 0, 31 ]
[ -5, 3, 0, -2, 0, 1, 2, -1, 5 ]
[ -1, 0, 16, 2, -1, 5, 0, 0, 31 ]
[ -2, 0, 1, 2, -1, 5, -1, 0, 16 ]
[ -1, -18, 0, 0, -1, 6, 0, 0, 31 ]
[ 1, 18, 0, 0, 5, 1, 0, -1, 6 ]
[ 0, -1, 6, 1, 18, 0, 0, 0, 31 ]
[ 0, -5, -1, 1, 18, 0, 0, -1, 6 ]
[ -2, -5, 0, 1, 2, 3, 0, 0, 31 ]
[ 2, 5, 0, 0, 5, 1, 1, 2, 3 ]
[ 1, 1, 9, 1, 2, 3, 0, 0, 31 ]
[ 2, 0, -1, 1, 2, 3, 1, 1, 9 ]
[ -2, 1, -5, -1, 0, 16, 0, 0, 31 ]
[ -2, 1, -5, -2, 0, 1, -1, 0, 16 ]
[ -1, -2, -3, 0, -1, 6, 0, 0, 31 ]
[ 1, 2, 3, 0, 5, 1, 0, -1, 6 ]
[ 1, 0, -16, 1, 1, 9, 0, 0, 31 ]
[ 2, 0, -1, 1, 1, 9, -1, 0, 16 ]
[ 31, 0, 0, -10, 1, 0, -2, 0, 1 ]
[ 1, 3, 0, 0, 31, 0, 0, 6, 1 ]
[ 10, -1, 0, 1, 3, 0, -2, 0, 1 ]
[ 1, 0, -16, -10, 1, 0, 0, 0, 31 ]
[ 2, 0, -1, -10, 1, 0, -1, 0, 16 ]
[ -1, -3, 0, 0, -1, 5, 0, 0, 31 ]
[ 1, 3, 0, 0, 6, 1, 0, -1, 5 ]
[ 0, -1, 5, 1, 3, 0, 0, 0, 31 ]
[ 2, 0, -1, 1, 3, 0, 0, -1, 5 ]
[ -10, 1, 0, -1, 0, 16, 0, 0, 31 ]
[ -10, 1, 0, -2, 0, 1, -1, 0, 16 ]
[ -1, 0, 16, 0, -1, 5, 0, 0, 31 ]
[ -2, 0, 1, 0, -1, 5, -1, 0, 16 ]
[ 31, 0, 0, -8, 1, 0, -2, 0, 1 ]
[ 1, -4, 0, 0, 31, 0, 0, -8, 1 ]
[ 8, -1, 0, -1, 4, 0, -2, 0, 1 ]
[ 1, 0, -16, -8, 1, 0, 0, 0, 31 ]
[ 2, 0, -1, -8, 1, 0, -1, 0, 16 ]
[ -1, 4, 0, 0, -1, 4, 0, 0, 31 ]
[ -1, 4, 0, 0, -8, 1, 0, -1, 4 ]
[ 0, 1, -4, -1, 4, 0, 0, 0, 31 ]
[ 2, 0, -1, -1, 4, 0, 0, -1, 4 ]
[ -8, 1, 0, -1, 0, 16, 0, 0, 31 ]
[ -8, 1, 0, -2, 0, 1, -1, 0, 16 ]
[ -1, 0, 16, 0, -1, 4, 0, 0, 31 ]
[ -2, 0, 1, 0, -1, 4, -1, 0, 16 ]
[ 31, 0, 0, -6, 1, 0, -2, 0, 1 ]
[ 1, 5, 0, 0, 31, 0, 0, 10, 1 ]
[ 6, -1, 0, 1, 5, 0, -2, 0, 1 ]
[ 1, 0, -16, -6, 1, 0, 0, 0, 31 ]
[ 2, 0, -1, -6, 1, 0, -1, 0, 16 ]
[ -1, -5, 0, 0, -1, 3, 0, 0, 31 ]
[ 1, 5, 0, 0, 10, 1, 0, -1, 3 ]
[ 0, -1, 3, 1, 5, 0, 0, 0, 31 ]
[ 2, 0, -1, 1, 5, 0, 0, -1, 3 ]
[ -6, 1, 0, -1, 0, 16, 0, 0, 31 ]
[ -6, 1, 0, -2, 0, 1, -1, 0, 16 ]
[ -1, 0, 16, 0, -1, 3, 0, 0, 31 ]
[ -2, 0, 1, 0, -1, 3, -1, 0, 16 ]
[ 31, 0, 0, -4, 1, 0, -2, 0, 1 ]
[ 1, -8, 0, 0, 31, 0, 0, 15, 1 ]
[ 4, -1, 0, -1, 8, 0, 2, -1, 1 ]
[ 1, 0, -16, -4, 1, 0, 0, 0, 31 ]
[ 2, 0, -1, -4, 1, 0, -1, 0, 16 ]
[ -1, 8, 0, 0, -1, 2, 0, 0, 31 ]
[ 1, -8, 0, 0, 15, 1, 0, -1, 2 ]
[ 0, 1, -2, -1, 8, 0, 0, 0, 31 ]
[ 2, -1, 1, -1, 8, 0, 0, -1, 2 ]
[ -1, 0, 16, 2, -1, 1, 0, 0, 31 ]
[ -4, 1, 0, -1, 0, 16, 0, 0, 31 ]
[ -4, 1, 0, 2, -1, 1, -1, 0, 16 ]
[ -1, 1, -17, 0, -1, 2, 0, 0, 31 ]
[ -2, 1, -1, 1, -1, 17, 0, 0, 31 ]
[ -2, 1, -1, 0, -1, 2, 1, -1, 17 ]
[ 31, 0, 0, -2, 1, 0, -2, 0, 1 ]
[ -1, 16, 0, 0, -1, 1, 0, 0, 31 ]
[ 1, -16, 0, 0, 31, 0, 0, -1, 1 ]
[ 0, 1, -1, -1, 16, 0, 0, 0, 31 ]
[ 2, -1, 0, -1, 16, 0, 0, -1, 1 ]
[ 1, 0, -16, -2, 1, 0, 0, 0, 31 ]
[ 2, 0, -1, -2, 1, 0, -1, 0, 16 ]
[ -1, 0, 16, 0, -1, 1, 0, 0, 31 ]
[ -2, 1, 0, -1, 0, 16, 0, 0, 31 ]
[ -2, 1, 0, 0, -1, 1, -1, 0, 16 ]
[ 31, 0, 0, 0, 1, 0, 2, 0, 1 ]
[ 1, 0, 16, 0, 1, 0, 0, 0, 31 ]
[ 2, 0, 1, 0, 1, 0, 1, 0, 16 ]
[ 31, 0, 0, -2, 1, 0, 2, 0, 1 ]
[ 1, -16, 0, 0, 1, 1, 0, 0, 31 ]
[ 1, -16, 0, 0, 31, 0, 0, 1, 1 ]
[ 0, 1, 1, -1, 16, 0, 0, 0, 31 ]
[ 2, -1, 0, -1, 16, 0, 0, 1, 1 ]
[ 1, 0, 16, -2, 1, 0, 0, 0, 31 ]
[ 2, 0, 1, -2, 1, 0, 1, 0, 16 ]
[ 1, -1, -16, 0, 1, 1, 0, 0, 31 ]
[ 2, -1, 0, -1, 1, 16, 0, 0, 31 ]
[ 2, -1, 0, 0, 1, 1, -1, 1, 16 ]
[ 31, 0, 0, -4, 1, 0, 2, 0, 1 ]
[ 1, -8, 0, 0, 31, 0, 0, -15, 1 ]
[ 4, -1, 0, -1, 8, 0, -2, 1, 1 ]
[ 1, 0, 16, -4, 1, 0, 0, 0, 31 ]
[ 2, 0, 1, -4, 1, 0, 1, 0, 16 ]
[ 1, -8, 0, 0, 1, 2, 0, 0, 31 ]
[ -1, 8, 0, 0, -15, 1, 0, 1, 2 ]
[ 0, 1, 2, -1, 8, 0, 0, 0, 31 ]
[ 2, -1, -1, -1, 8, 0, 0, 1, 2 ]
[ 3, -1, -16, -2, 1, 1, 0, 0, 31 ]
[ 4, -1, 0, -3, 1, 16, 0, 0, 31 ]
[ 4, -1, 0, -2, 1, 1, -3, 1, 16 ]
[ 1, -1, -17, 0, 1, 2, 0, 0, 31 ]
[ 2, -1, -1, -1, 1, 17, 0, 0, 31 ]
[ 2, -1, -1, 0, 1, 2, -1, 1, 17 ]
[ 31, 0, 0, -6, 1, 0, 2, 0, 1 ]
[ 1, 5, 0, 0, 31, 0, 0, -10, 1 ]
[ 6, -1, 0, 1, 5, 0, 2, 0, 1 ]
[ 1, 0, 16, -6, 1, 0, 0, 0, 31 ]
[ 2, 0, 1, -6, 1, 0, 1, 0, 16 ]
[ 1, 5, 0, 0, 1, 3, 0, 0, 31 ]
[ -1, -5, 0, 0, -10, 1, 0, 1, 3 ]
[ 0, -1, -3, 1, 5, 0, 0, 0, 31 ]
[ 2, 0, 1, 1, 5, 0, 0, 1, 3 ]
[ 6, -1, 0, 1, 0, 16, 0, 0, 31 ]
[ 6, -1, 0, 2, 0, 1, 1, 0, 16 ]
[ 1, 0, 16, 0, 1, 3, 0, 0, 31 ]
[ 2, 0, 1, 0, 1, 3, 1, 0, 16 ]
[ 31, 0, 0, -8, 1, 0, 2, 0, 1 ]
[ 1, -4, 0, 0, 31, 0, 0, 8, 1 ]
[ 8, -1, 0, -1, 4, 0, 2, 0, 1 ]
[ 1, 0, 16, -8, 1, 0, 0, 0, 31 ]
[ 2, 0, 1, -8, 1, 0, 1, 0, 16 ]
[ 1, -4, 0, 0, 1, 4, 0, 0, 31 ]
[ 1, -4, 0, 0, 8, 1, 0, 1, 4 ]
[ 0, 1, 4, -1, 4, 0, 0, 0, 31 ]
[ 2, 0, 1, -1, 4, 0, 0, 1, 4 ]
[ 8, -1, 0, 1, 0, 16, 0, 0, 31 ]
[ 8, -1, 0, 2, 0, 1, 1, 0, 16 ]
[ 1, 0, 16, 0, 1, 4, 0, 0, 31 ]
[ 2, 0, 1, 0, 1, 4, 1, 0, 16 ]
[ 31, 0, 0, -10, 1, 0, 2, 0, 1 ]
[ 1, 3, 0, 0, 31, 0, 0, -6, 1 ]
[ 10, -1, 0, 1, 3, 0, 2, 0, 1 ]
[ 1, 0, 16, -10, 1, 0, 0, 0, 31 ]
[ 2, 0, 1, -10, 1, 0, 1, 0, 16 ]
[ 1, 3, 0, 0, 1, 5, 0, 0, 31 ]
[ -1, -3, 0, 0, -6, 1, 0, 1, 5 ]
[ 0, -1, -5, 1, 3, 0, 0, 0, 31 ]
[ 2, 0, 1, 1, 3, 0, 0, 1, 5 ]
[ 10, -1, 0, 1, 0, 16, 0, 0, 31 ]
[ 10, -1, 0, 2, 0, 1, 1, 0, 16 ]
[ 1, 0, 16, 0, 1, 5, 0, 0, 31 ]
[ 2, 0, 1, 0, 1, 5, 1, 0, 16 ]
[ 31, 0, 0, -12, 1, 0, 2, 0, 1 ]
[ 12, -1, 0, -5, 3, 0, 2, 0, 1 ]
[ 1, 0, 16, -12, 1, 0, 0, 0, 31 ]
[ 2, 0, 1, -12, 1, 0, 1, 0, 16 ]
[ 5, -3, 0, 2, 5, 0, 2, 0, 1 ]
[ 2, -1, -5, -5, 3, 0, 0, 0, 31 ]
[ 2, 0, 1, -5, 3, 0, -2, 1, 5 ]
[ 12, -1, 0, 1, 0, 16, 0, 0, 31 ]
[ 12, -1, 0, 2, 0, 1, 1, 0, 16 ]
[ 1, 18, 0, 0, 31, 0, 0, -5, 1 ]
[ 2, 5, 0, 1, 18, 0, 0, -5, 1 ]
[ 1, 2, -3, 2, 5, 0, 0, 0, 31 ]
[ 2, 0, 1, 2, 5, 0, -1, -2, 3 ]
[ -5, 3, 0, -2, 1, 5, 0, 0, 31 ]
[ 5, -3, 0, 2, 0, 1, -2, 1, 5 ]
[ 1, 0, 16, -2, 1, 5, 0, 0, 31 ]
[ 2, 0, 1, -2, 1, 5, 1, 0, 16 ]
[ 1, 18, 0, 0, 1, 6, 0, 0, 31 ]
[ -1, -18, 0, 0, -5, 1, 0, 1, 6 ]
[ 0, -1, -6, 1, 18, 0, 0, 0, 31 ]
[ 0, -5, 1, 1, 18, 0, 0, 1, 6 ]
[ 2, 5, 0, 1, 3, 3, 0, 0, 31 ]
[ -2, -5, 0, 0, -5, 1, 1, 3, 3 ]
[ -1, -1, 9, -1, -2, 3, 0, 0, 31 ]
[ -2, 0, -1, -1, -2, 3, -1, -1, 9 ]
[ 2, -1, -5, 1, 0, 16, 0, 0, 31 ]
[ 2, -1, -5, 2, 0, 1, 1, 0, 16 ]
[ 1, 3, 3, 0, 1, 6, 0, 0, 31 ]
[ -1, -3, -3, 0, -5, 1, 0, 1, 6 ]
[ -1, 0, -16, -1, -1, 9, 0, 0, 31 ]
[ -2, 0, -1, -1, -1, 9, 1, 0, 16 ]
[ 31, 0, 0, -14, 1, 0, 2, 0, 1 ]
[ 14, -1, 0, 3, 2, 0, 2, 0, 1 ]
[ 1, 0, 16, -14, 1, 0, 0, 0, 31 ]
[ 2, 0, 1, -14, 1, 0, 1, 0, 16 ]
[ 1, 11, 0, 0, 31, 0, 0, 9, 1 ]
[ 3, 2, 0, 1, 11, 0, -1, -2, 1 ]
[ 2, 1, 8, 3, 2, 0, 0, 0, 31 ]
[ 2, 0, 1, 3, 2, 0, 2, 1, 8 ]
[ 14, -1, 0, 1, 0, 16, 0, 0, 31 ]
[ 14, -1, 0, 2, 0, 1, 1, 0, 16 ]
[ 1, 11, 0, 0, 9, 1, 0, -4, 3 ]
[ 1, 2, -1, 1, 11, 0, 0, -4, 3 ]
[ -1, -1, 8, -1, -2, 1, 0, 0, 31 ]
[ -3, -2, 0, -1, -1, 8, 0, 0, 31 ]
[ -3, -2, 0, -1, -2, 1, -1, -1, 8 ]
[ 1, 0, 16, 2, 1, 8, 0, 0, 31 ]
[ 2, 0, 1, 2, 1, 8, 1, 0, 16 ]
[ 1, 11, 0, 0, 1, 7, 0, 0, 31 ]
[ -1, -11, 0, 0, -4, 3, 0, 1, 7 ]
[ 0, -1, -7, 1, 11, 0, 0, 0, 31 ]
[ 0, -4, 3, 1, 11, 0, 0, 1, 7 ]
[ 1, 2, -1, 0, 1, 7, 0, 0, 31 ]
[ -1, -2, 1, 0, -4, 3, 0, 1, 7 ]
[ 31, 0, 0, 15, 1, 0, 2, 0, 1 ]
[ 1, -2, 0, 0, 31, 0, 0, 4, 1 ]
[ 15, 1, 0, -1, 2, 0, 2, 0, 1 ]
[ 1, 0, 16, 15, 1, 0, 0, 0, 31 ]
[ 2, 0, 1, 15, 1, 0, 1, 0, 16 ]
[ 1, -2, 0, 0, 1, 8, 0, 0, 31 ]
[ 1, -2, 0, 0, 4, 1, 0, 1, 8 ]
[ 0, 1, 8, -1, 2, 0, 0, 0, 31 ]
[ 2, 0, 1, -1, 2, 0, 0, 1, 8 ]
[ -15, -1, 0, 1, 0, 16, 0, 0, 31 ]
[ -15, -1, 0, 2, 0, 1, 1, 0, 16 ]
[ 1, 0, 16, 0, 1, 8, 0, 0, 31 ]
[ 2, 0, 1, 0, 1, 8, 1, 0, 16 ]
[ 31, 0, 0, 13, 1, 0, 2, 0, 1 ]
[ 13, 1, 0, -5, 2, 0, 2, 0, 1 ]
[ 1, 0, 16, 13, 1, 0, 0, 0, 31 ]
[ 2, 0, 1, 13, 1, 0, 1, 0, 16 ]
[ 5, -2, 0, -2, 7, 0, 2, 0, 1 ]
[ -2, 1, 8, -5, 2, 0, 0, 0, 31 ]
[ 2, 0, 1, -5, 2, 0, -2, 1, 8 ]
[ -13, -1, 0, 1, 0, 16, 0, 0, 31 ]
[ -13, -1, 0, 2, 0, 1, 1, 0, 16 ]
[ 1, -19, 0, 0, 31, 0, 0, 7, 1 ]
[ 2, -7, 0, -1, 19, 0, 0, 7, 1 ]
[ 2, 0, 1, -2, 7, 0, -1, 2, 2 ]
[ 5, -2, 0, -2, 1, 8, 0, 0, 31 ]
[ 5, -2, 0, 2, 0, 1, -2, 1, 8 ]
[ 1, 0, 16, -2, 1, 8, 0, 0, 31 ]
[ 2, 0, 1, -2, 1, 8, 1, 0, 16 ]
[ 1, -19, 0, 0, 7, 1, 0, -3, 4 ]
[ 0, 7, 1, -1, 19, 0, 0, -3, 4 ]
[ 2, -7, 0, 0, 7, 1, -1, 2, 2 ]
[ 1, -3, -11, -2, 7, 0, 0, 0, 31 ]
[ 1, -2, -2, -1, 3, 11, 0, 0, 31 ]
[ 1, -2, -2, -2, 7, 0, -1, 3, 11 ]
[ 0, 1, 9, -1, 2, 2, 0, 0, 31 ]
[ 2, 0, 1, -1, 2, 2, 0, 1, 9 ]
[ 2, -1, -8, 1, 0, 16, 0, 0, 31 ]
[ 2, -1, -8, 2, 0, 1, 1, 0, 16 ]
[ 1, -19, 0, 0, 1, 9, 0, 0, 31 ]
[ -1, 19, 0, 0, -3, 4, 0, 1, 9 ]
[ 0, 1, 9, -1, 19, 0, 0, 0, 31 ]
[ 0, 3, -4, -1, 19, 0, 0, 1, 9 ]
[ 1, -2, -2, 0, 7, 1, 0, -3, 4 ]
[ -1, 3, 11, -1, 2, 2, 0, 0, 31 ]
[ -2, 7, 0, -1, 3, 11, 0, 0, 31 ]
[ -2, 7, 0, -1, 2, 2, -1, 3, 11 ]
[ 1, 0, 16, 0, 1, 9, 0, 0, 31 ]
[ 2, 0, 1, 0, 1, 9, 1, 0, 16 ]
[ 1, -2, -2, 0, 1, 9, 0, 0, 31 ]
[ -1, 2, 2, 0, -3, 4, 0, 1, 9 ]
[ 31, 0, 0, 11, 1, 0, 2, 0, 1 ]
[ 11, 1, 0, 2, 3, 0, 2, 0, 1 ]
[ 1, 0, 16, 11, 1, 0, 0, 0, 31 ]
[ 2, 0, 1, 11, 1, 0, 1, 0, 16 ]
[ 1, 17, 0, 0, 31, 0, 0, -3, 1 ]
[ 2, 3, 0, 1, 17, 0, 0, -3, 1 ]
[ 1, 1, -5, 2, 3, 0, 0, 0, 31 ]
[ 2, 0, 1, 2, 3, 0, -1, -1, 5 ]
[ -11, -1, 0, 1, 0, 16, 0, 0, 31 ]
[ -11, -1, 0, 2, 0, 1, 1, 0, 16 ]
[ 1, 17, 0, 0, 1, 10, 0, 0, 31 ]
[ -1, -17, 0, 0, -3, 1, 0, 1, 10 ]
[ 0, -1, -10, 1, 17, 0, 0, 0, 31 ]
[ 0, -3, 1, 1, 17, 0, 0, 1, 10 ]
[ 2, 3, 0, 1, 2, 5, 0, 0, 31 ]
[ -2, -3, 0, 0, -3, 1, 1, 2, 5 ]
[ -1, 0, -16, -1, -1, 5, 0, 0, 31 ]
[ -2, 0, -1, -1, -1, 5, 1, 0, 16 ]
[ 1, 2, 5, 0, 1, 10, 0, 0, 31 ]
[ -1, -2, -5, 0, -3, 1, 0, 1, 10 ]
[ 31, 0, 0, 9, 1, 0, 2, 0, 1 ]
[ 9, 1, 0, -4, 3, 0, 2, 0, 1 ]
[ 1, 0, 16, 9, 1, 0, 0, 0, 31 ]
[ 2, 0, 1, 9, 1, 0, 1, 0, 16 ]
[ 1, 7, 0, 0, 31, 0, 0, -14, 1 ]
[ 4, -3, 0, 1, 7, 0, 2, 0, 1 ]
[ -1, 1, -5, -4, 3, 0, 0, 0, 31 ]
[ 2, 0, 1, -4, 3, 0, 1, -1, 5 ]
[ -9, -1, 0, 1, 0, 16, 0, 0, 31 ]
[ -9, -1, 0, 2, 0, 1, 1, 0, 16 ]
[ -1, -7, 0, 0, -14, 1, 0, 3, 2 ]
[ 2, 0, 1, 1, 7, 0, 0, 3, 2 ]
[ -4, 3, 0, 1, -1, 5, 0, 0, 31 ]
[ 4, -3, 0, 2, 0, 1, 1, -1, 5 ]
[ -1, 0, -16, 1, -1, 5, 0, 0, 31 ]
[ -2, 0, -1, 1, -1, 5, 1, 0, 16 ]
[ 1, 7, 0, 0, 1, 11, 0, 0, 31 ]
[ 1, 7, 0, 0, 3, 2, 0, 1, 11 ]
[ 0, -1, -11, 1, 7, 0, 0, 0, 31 ]
[ 0, -3, -2, 1, 7, 0, 0, 1, 11 ]
[ 2, 0, 1, 0, 3, 2, 1, -1, 5 ]
[ 1, -1, 5, 1, 0, 16, 0, 0, 31 ]
[ 1, -1, 5, 2, 0, 1, 1, 0, 16 ]
[ 1, -1, 5, 0, 1, 11, 0, 0, 31 ]
[ 1, -1, 5, 0, 3, 2, 0, 1, 11 ]
[ -1, 0, -16, 1, -1, 5, 0, 0, 31 ]
[ -2, 0, -1, 1, -1, 5, 1, 0, 16 ]
[ 31, 0, 0, 7, 1, 0, 2, 0, 1 ]
[ 7, 1, 0, -3, 4, 0, 2, 0, 1 ]
[ 1, 0, 16, 7, 1, 0, 0, 0, 31 ]
[ 2, 0, 1, 7, 1, 0, 1, 0, 16 ]
[ 1, 9, 0, 0, 31, 0, 0, 13, 1 ]
[ 3, -4, 0, 1, 9, 0, -1, 4, 1 ]
[ 1, -1, 4, -3, 4, 0, 0, 0, 31 ]
[ 2, 0, 1, -3, 4, 0, 1, -1, 4 ]
[ -7, -1, 0, 1, 0, 16, 0, 0, 31 ]
[ -7, -1, 0, 2, 0, 1, 1, 0, 16 ]
[ 1, 9, 0, 0, 13, 1, 0, -5, 2 ]
[ 1, -4, -1, 1, 9, 0, 0, -5, 2 ]
[ 3, -4, 0, 1, -1, 4, 0, 0, 31 ]
[ 3, -4, 0, -1, 4, 1, 1, -1, 4 ]
[ -1, 0, -16, 1, -1, 4, 0, 0, 31 ]
[ -2, 0, -1, 1, -1, 4, 1, 0, 16 ]
[ -1, -9, 0, 0, -5, 2, 0, -2, 7 ]
[ 0, -5, 2, 1, 9, 0, 0, -2, 7 ]
[ -1, 4, 1, 0, -5, 2, 0, -2, 7 ]
[ 0, 1, 12, -1, 4, 1, 0, 0, 31 ]
[ 1, -1, 4, 0, 1, 12, 0, 0, 31 ]
[ 1, -1, 4, -1, 4, 1, 0, 1, 12 ]
[ -1, -9, 0, 0, -1, 19, 0, 0, 31 ]
[ -1, -9, 0, 0, -2, 7, 0, -1, 19 ]
[ 0, -1, 19, 1, 9, 0, 0, 0, 31 ]
[ 0, -2, 7, 1, 9, 0, 0, -1, 19 ]
[ -1, 4, 1, 0, -1, 19, 0, 0, 31 ]
[ -1, 4, 1, 0, -2, 7, 0, -1, 19 ]
[ 31, 0, 0, 5, 1, 0, 2, 0, 1 ]
[ 1, -6, 0, 0, 31, 0, 0, 12, 1 ]
[ 5, 1, 0, -1, 6, 0, 2, 0, 1 ]
[ 1, 0, 16, 5, 1, 0, 0, 0, 31 ]
[ 2, 0, 1, 5, 1, 0, 1, 0, 16 ]
[ 1, -6, 0, 0, 12, 1, 0, 5, 3 ]
[ 2, 0, 1, -1, 6, 0, 1, -1, 3 ]
[ -5, -1, 0, 1, 0, 16, 0, 0, 31 ]
[ -5, -1, 0, 2, 0, 1, 1, 0, 16 ]
[ 1, -6, 0, 0, 5, 3, 0, -2, 5 ]
[ 1, -1, 3, -1, 6, 0, 0, -2, 5 ]
[ -1, 0, -16, 1, -1, 3, 0, 0, 31 ]
[ -2, 0, -1, 1, -1, 3, 1, 0, 16 ]
[ -1, 6, 0, 0, -1, 18, 0, 0, 31 ]
[ -1, 6, 0, 0, -2, 5, 0, -1, 18 ]
[ 0, 1, -18, -1, 6, 0, 0, 0, 31 ]
[ 0, 2, -5, -1, 6, 0, 0, -1, 18 ]
[ -1, 1, -3, 0, -1, 18, 0, 0, 31 ]
[ -1, 1, -3, 0, -2, 5, 0, -1, 18 ]
[ 31, 0, 0, 3, 1, 0, 2, 0, 1 ]
[ 1, -10, 0, 0, 31, 0, 0, -11, 1 ]
[ 3, 1, 0, -1, 10, 0, -1, -1, 1 ]
[ 1, 0, 16, 3, 1, 0, 0, 0, 31 ]
[ 2, 0, 1, 3, 1, 0, 1, 0, 16 ]
[ -1, 10, 0, 0, -11, 1, 0, -2, 3 ]
[ 1, 1, -1, -1, 10, 0, 0, -2, 3 ]
[ -1, 0, -16, -1, -1, 1, 0, 0, 31 ]
[ -3, -1, 0, 1, 0, 16, 0, 0, 31 ]
[ -3, -1, 0, -1, -1, 1, 1, 0, 16 ]
[ -1, 10, 0, 0, -1, 17, 0, 0, 31 ]
[ -1, 10, 0, 0, -2, 3, 0, -1, 17 ]
[ 0, 1, -17, -1, 10, 0, 0, 0, 31 ]
[ 0, 2, -3, -1, 10, 0, 0, -1, 17 ]
[ -1, -1, 1, 0, -1, 17, 0, 0, 31 ]
[ -1, -1, 1, 0, -2, 3, 0, -1, 17 ]
[ 1, 1, 0, 0, 31, 0, 0, -2, 1 ]
[ 31, 0, 0, 1, 1, 0, 2, 0, 1 ]
[ -1, -1, 0, 0, -1, 16, 0, 0, 31 ]
[ -1, -1, 0, 0, -2, 1, 0, -1, 16 ]
[ 1, 0, 16, 1, 1, 0, 0, 0, 31 ]
[ 2, 0, 1, 1, 1, 0, 1, 0, 16 ]
[ 1, -1, 0, 0, 31, 0, 0, 2, 1 ]
[ 31, 0, 0, -1, 1, 0, 2, 0, 1 ]
[ 1, -1, 0, 0, 1, 16, 0, 0, 31 ]
[ 1, -1, 0, 0, 2, 1, 0, 1, 16 ]
[ 1, 0, 16, -1, 1, 0, 0, 0, 31 ]
[ 2, 0, 1, -1, 1, 0, 1, 0, 16 ]
[ 31, 0, 0, -3, 1, 0, 2, 0, 1 ]
[ 1, 10, 0, 0, 31, 0, 0, 11, 1 ]
[ 3, -1, 0, 1, 10, 0, -1, 1, 1 ]
[ 1, 0, 16, -3, 1, 0, 0, 0, 31 ]
[ 2, 0, 1, -3, 1, 0, 1, 0, 16 ]
[ 1, 10, 0, 0, 11, 1, 0, 2, 3 ]
[ 1, -1, -1, 1, 10, 0, 0, 2, 3 ]
[ 2, -1, -16, -1, 1, 1, 0, 0, 31 ]
[ 3, -1, 0, -2, 1, 16, 0, 0, 31 ]
[ 3, -1, 0, -1, 1, 1, -2, 1, 16 ]
[ 1, 10, 0, 0, 1, 17, 0, 0, 31 ]
[ 1, 10, 0, 0, 2, 3, 0, 1, 17 ]
[ 0, -1, -17, 1, 10, 0, 0, 0, 31 ]
[ 0, -2, -3, 1, 10, 0, 0, 1, 17 ]
[ 1, -1, -1, 0, 1, 17, 0, 0, 31 ]
[ 1, -1, -1, 0, 2, 3, 0, 1, 17 ]
[ 31, 0, 0, -5, 1, 0, 2, 0, 1 ]
[ 1, 6, 0, 0, 31, 0, 0, -12, 1 ]
[ 5, -1, 0, 1, 6, 0, 2, 0, 1 ]
[ 1, 0, 16, -5, 1, 0, 0, 0, 31 ]
[ 2, 0, 1, -5, 1, 0, 1, 0, 16 ]
[ -1, -6, 0, 0, -12, 1, 0, -5, 3 ]
[ 2, 0, 1, 1, 6, 0, 1, 1, 3 ]
[ 5, -1, 0, 1, 0, 16, 0, 0, 31 ]
[ 5, -1, 0, 2, 0, 1, 1, 0, 16 ]
[ -1, -6, 0, 0, -5, 3, 0, 2, 5 ]
[ 1, 1, 3, 1, 6, 0, 0, 2, 5 ]
[ 1, 0, 16, 1, 1, 3, 0, 0, 31 ]
[ 2, 0, 1, 1, 1, 3, 1, 0, 16 ]
[ 1, 6, 0, 0, 1, 18, 0, 0, 31 ]
[ 1, 6, 0, 0, 2, 5, 0, 1, 18 ]
[ 0, -1, -18, 1, 6, 0, 0, 0, 31 ]
[ 0, -2, -5, 1, 6, 0, 0, 1, 18 ]
[ 1, 1, 3, 0, 1, 18, 0, 0, 31 ]
[ 1, 1, 3, 0, 2, 5, 0, 1, 18 ]
[ 31, 0, 0, -7, 1, 0, 2, 0, 1 ]
[ 7, -1, 0, 3, 4, 0, 2, 0, 1 ]
[ 1, 0, 16, -7, 1, 0, 0, 0, 31 ]
[ 2, 0, 1, -7, 1, 0, 1, 0, 16 ]
[ 1, -9, 0, 0, 31, 0, 0, -13, 1 ]
[ 3, 4, 0, -1, 9, 0, -1, -4, 1 ]
[ 1, 1, 4, 3, 4, 0, 0, 0, 31 ]
[ 2, 0, 1, 3, 4, 0, 1, 1, 4 ]
[ 7, -1, 0, 1, 0, 16, 0, 0, 31 ]
[ 7, -1, 0, 2, 0, 1, 1, 0, 16 ]
[ -1, 9, 0, 0, -13, 1, 0, 5, 2 ]
[ 1, 4, -1, -1, 9, 0, 0, 5, 2 ]
[ -3, -4, 0, 1, 1, 4, 0, 0, 31 ]
[ -3, -4, 0, -1, -4, 1, 1, 1, 4 ]
[ 1, 0, 16, 1, 1, 4, 0, 0, 31 ]
[ 2, 0, 1, 1, 1, 4, 1, 0, 16 ]
[ 1, -9, 0, 0, 5, 2, 0, 2, 7 ]
[ 0, 5, 2, -1, 9, 0, 0, 2, 7 ]
[ 1, 4, -1, 0, 5, 2, 0, 2, 7 ]
[ 0, 1, -12, -1, -4, 1, 0, 0, 31 ]
[ -1, -1, -4, 0, -1, 12, 0, 0, 31 ]
[ -1, -1, -4, -1, -4, 1, 0, -1, 12 ]
[ 1, -9, 0, 0, 1, 19, 0, 0, 31 ]
[ 1, -9, 0, 0, 2, 7, 0, 1, 19 ]
[ 0, 1, 19, -1, 9, 0, 0, 0, 31 ]
[ 0, 2, 7, -1, 9, 0, 0, 1, 19 ]
[ 1, 4, -1, 0, 1, 19, 0, 0, 31 ]
[ 1, 4, -1, 0, 2, 7, 0, 1, 19 ]
[ 31, 0, 0, -9, 1, 0, 2, 0, 1 ]
[ 9, -1, 0, 4, 3, 0, 2, 0, 1 ]
[ 1, 0, 16, -9, 1, 0, 0, 0, 31 ]
[ 2, 0, 1, -9, 1, 0, 1, 0, 16 ]
[ 1, -7, 0, 0, 31, 0, 0, 14, 1 ]
[ 4, 3, 0, -1, 7, 0, 2, 0, 1 ]
[ -1, -1, -5, 4, 3, 0, 0, 0, 31 ]
[ 2, 0, 1, 4, 3, 0, 1, 1, 5 ]
[ 9, -1, 0, 1, 0, 16, 0, 0, 31 ]
[ 9, -1, 0, 2, 0, 1, 1, 0, 16 ]
[ 1, -7, 0, 0, 14, 1, 0, -3, 2 ]
[ 2, 0, 1, -1, 7, 0, 0, -3, 2 ]
[ 4, 3, 0, 1, 1, 5, 0, 0, 31 ]
[ -4, -3, 0, 2, 0, 1, 1, 1, 5 ]
[ 1, 0, 16, 1, 1, 5, 0, 0, 31 ]
[ 2, 0, 1, 1, 1, 5, 1, 0, 16 ]
[ -1, 7, 0, 0, -1, 11, 0, 0, 31 ]
[ -1, 7, 0, 0, -3, 2, 0, -1, 11 ]
[ 0, 1, -11, -1, 7, 0, 0, 0, 31 ]
[ 0, 3, -2, -1, 7, 0, 0, -1, 11 ]
[ -2, 0, -1, 0, -3, 2, 1, 1, 5 ]
[ -1, -1, -5, 1, 0, 16, 0, 0, 31 ]
[ -1, -1, -5, 2, 0, 1, 1, 0, 16 ]
[ -1, -1, -5, 0, -1, 11, 0, 0, 31 ]
[ -1, -1, -5, 0, -3, 2, 0, -1, 11 ]
[ 1, 0, 16, 1, 1, 5, 0, 0, 31 ]
[ 2, 0, 1, 1, 1, 5, 1, 0, 16 ]
[ 31, 0, 0, -11, 1, 0, 2, 0, 1 ]
[ 11, -1, 0, -2, 3, 0, 2, 0, 1 ]
[ 1, 0, 16, -11, 1, 0, 0, 0, 31 ]
[ 2, 0, 1, -11, 1, 0, 1, 0, 16 ]
[ 1, -17, 0, 0, 31, 0, 0, 3, 1 ]
[ 2, -3, 0, -1, 17, 0, 0, 3, 1 ]
[ 1, -1, -5, -2, 3, 0, 0, 0, 31 ]
[ 2, 0, 1, -2, 3, 0, -1, 1, 5 ]
[ 11, -1, 0, 1, 0, 16, 0, 0, 31 ]
[ 11, -1, 0, 2, 0, 1, 1, 0, 16 ]
[ -1, 17, 0, 0, -1, 10, 0, 0, 31 ]
[ 1, -17, 0, 0, 3, 1, 0, -1, 10 ]
[ 0, 1, -10, -1, 17, 0, 0, 0, 31 ]
[ 0, 3, 1, -1, 17, 0, 0, -1, 10 ]
[ -2, 3, 0, -1, 1, 5, 0, 0, 31 ]
[ 2, -3, 0, 0, 3, 1, -1, 1, 5 ]
[ 1, 0, 16, -1, 1, 5, 0, 0, 31 ]
[ 2, 0, 1, -1, 1, 5, 1, 0, 16 ]
[ -1, 1, 5, 0, -1, 10, 0, 0, 31 ]
[ 1, -1, -5, 0, 3, 1, 0, -1, 10 ]
[ 31, 0, 0, -13, 1, 0, 2, 0, 1 ]
[ 13, -1, 0, 5, 2, 0, 2, 0, 1 ]
[ 1, 0, 16, -13, 1, 0, 0, 0, 31 ]
[ 2, 0, 1, -13, 1, 0, 1, 0, 16 ]
[ 5, 2, 0, 2, 7, 0, 2, 0, 1 ]
[ 3, 1, 8, 5, 2, 0, 0, 0, 31 ]
[ 2, 0, 1, 5, 2, 0, 3, 1, 8 ]
[ 13, -1, 0, 1, 0, 16, 0, 0, 31 ]
[ 13, -1, 0, 2, 0, 1, 1, 0, 16 ]
[ 1, 19, 0, 0, 31, 0, 0, -7, 1 ]
[ 2, 7, 0, 1, 19, 0, 0, -7, 1 ]
[ 2, 0, 1, 2, 7, 0, -1, -2, 2 ]
[ -5, -2, 0, 3, 1, 8, 0, 0, 31 ]
[ -5, -2, 0, 2, 0, 1, 3, 1, 8 ]
[ 1, 0, 16, 3, 1, 8, 0, 0, 31 ]
[ 2, 0, 1, 3, 1, 8, 1, 0, 16 ]
[ -1, -19, 0, 0, -7, 1, 0, 3, 4 ]
[ 0, -7, 1, 1, 19, 0, 0, 3, 4 ]
[ -2, -7, 0, 0, -7, 1, 1, 5, 2 ]
[ 1, 3, -11, 2, 7, 0, 0, 0, 31 ]
[ -1, -2, 2, -1, -3, 11, 0, 0, 31 ]
[ 1, 2, -2, 2, 7, 0, -1, -3, 11 ]
[ 0, 1, -9, -1, -2, 2, 0, 0, 31 ]
[ -2, 0, -1, -1, -2, 2, 0, -1, 9 ]
[ -3, -1, -8, 1, 0, 16, 0, 0, 31 ]
[ -3, -1, -8, 2, 0, 1, 1, 0, 16 ]
[ -1, -19, 0, 0, -1, 9, 0, 0, 31 ]
[ 1, 19, 0, 0, 3, 4, 0, -1, 9 ]
[ 0, -1, 9, 1, 19, 0, 0, 0, 31 ]
[ 0, -3, -4, 1, 19, 0, 0, -1, 9 ]
[ -1, -5, -2, 0, -7, 1, 0, 3, 4 ]
[ 1, 4, 11, 1, 5, 2, 0, 0, 31 ]
[ 2, 7, 0, 1, 4, 11, 0, 0, 31 ]
[ 2, 7, 0, 1, 5, 2, 1, 4, 11 ]
[ -1, 0, -16, 0, -1, 9, 0, 0, 31 ]
[ -2, 0, -1, 0, -1, 9, 1, 0, 16 ]
[ -1, -5, -2, 0, -1, 9, 0, 0, 31 ]
[ 1, 5, 2, 0, 3, 4, 0, -1, 9 ]
[ 31, 0, 0, -15, 1, 0, 2, 0, 1 ]
[ 1, 2, 0, 0, 31, 0, 0, -4, 1 ]
[ 15, -1, 0, 1, 2, 0, 2, 0, 1 ]
[ 1, 0, 16, -15, 1, 0, 0, 0, 31 ]
[ 2, 0, 1, -15, 1, 0, 1, 0, 16 ]
[ -1, -2, 0, 0, -1, 8, 0, 0, 31 ]
[ -1, -2, 0, 0, -4, 1, 0, -1, 8 ]
[ 1, 1, 8, 1, 2, 0, 0, 0, 31 ]
[ 2, 0, 1, 1, 2, 0, 1, 1, 8 ]
[ 15, -1, 0, 1, 0, 16, 0, 0, 31 ]
[ 15, -1, 0, 2, 0, 1, 1, 0, 16 ]
[ 1, 0, 16, 1, 1, 8, 0, 0, 31 ]
[ 2, 0, 1, 1, 1, 8, 1, 0, 16 ]
[ 31, 0, 0, 14, 1, 0, 2, 0, 1 ]
[ 14, 1, 0, -3, 2, 0, 2, 0, 1 ]
[ 1, 0, 16, 14, 1, 0, 0, 0, 31 ]
[ 2, 0, 1, 14, 1, 0, 1, 0, 16 ]
[ 1, -11, 0, 0, 31, 0, 0, -9, 1 ]
[ 3, -2, 0, -1, 11, 0, -1, 2, 1 ]
[ -1, 1, 8, -3, 2, 0, 0, 0, 31 ]
[ 2, 0, 1, -3, 2, 0, -1, 1, 8 ]
[ -14, -1, 0, 1, 0, 16, 0, 0, 31 ]
[ -14, -1, 0, 2, 0, 1, 1, 0, 16 ]
[ -1, 11, 0, 0, -9, 1, 0, 4, 3 ]
[ 1, -2, -1, -1, 11, 0, 0, 4, 3 ]
[ 1, -1, -8, -1, 2, 1, 0, 0, 31 ]
[ 3, -2, 0, -1, 1, 8, 0, 0, 31 ]
[ 3, -2, 0, -1, 2, 1, -1, 1, 8 ]
[ 1, 0, 16, -1, 1, 8, 0, 0, 31 ]
[ 2, 0, 1, -1, 1, 8, 1, 0, 16 ]
[ -1, 11, 0, 0, -1, 7, 0, 0, 31 ]
[ 1, -11, 0, 0, 4, 3, 0, -1, 7 ]
[ 0, 1, -7, -1, 11, 0, 0, 0, 31 ]
[ 0, 4, 3, -1, 11, 0, 0, -1, 7 ]
[ -1, 2, 1, 0, -1, 7, 0, 0, 31 ]
[ 1, -2, -1, 0, 4, 3, 0, -1, 7 ]
[ 31, 0, 0, 12, 1, 0, 2, 0, 1 ]
[ 12, 1, 0, 5, 3, 0, 2, 0, 1 ]
[ 1, 0, 16, 12, 1, 0, 0, 0, 31 ]
[ 2, 0, 1, 12, 1, 0, 1, 0, 16 ]
[ 5, 3, 0, -2, 5, 0, 2, 0, 1 ]
[ 2, 1, -5, 5, 3, 0, 0, 0, 31 ]
[ 2, 0, 1, 5, 3, 0, -2, -1, 5 ]
[ -12, -1, 0, 1, 0, 16, 0, 0, 31 ]
[ -12, -1, 0, 2, 0, 1, 1, 0, 16 ]
[ 1, -18, 0, 0, 31, 0, 0, 5, 1 ]
[ 2, -5, 0, -1, 18, 0, 0, 5, 1 ]
[ 1, -2, -3, -2, 5, 0, 0, 0, 31 ]
[ 2, 0, 1, -2, 5, 0, -1, 2, 3 ]
[ 5, 3, 0, -2, -1, 5, 0, 0, 31 ]
[ -5, -3, 0, 2, 0, 1, -2, -1, 5 ]
[ -1, 0, -16, -2, -1, 5, 0, 0, 31 ]
[ -2, 0, -1, -2, -1, 5, 1, 0, 16 ]
[ -1, 18, 0, 0, -1, 6, 0, 0, 31 ]
[ 1, -18, 0, 0, 5, 1, 0, -1, 6 ]
[ 0, 1, -6, -1, 18, 0, 0, 0, 31 ]
[ 0, 5, 1, -1, 18, 0, 0, -1, 6 ]
[ -2, 5, 0, -1, 2, 3, 0, 0, 31 ]
[ 2, -5, 0, 0, 5, 1, -1, 2, 3 ]
[ 1, -1, -9, -1, 2, 3, 0, 0, 31 ]
[ 2, 0, 1, -1, 2, 3, -1, 1, 9 ]
[ -2, -1, 5, 1, 0, 16, 0, 0, 31 ]
[ -2, -1, 5, 2, 0, 1, 1, 0, 16 ]
[ -1, 2, 3, 0, -1, 6, 0, 0, 31 ]
[ 1, -2, -3, 0, 5, 1, 0, -1, 6 ]
[ 1, 0, 16, -1, 1, 9, 0, 0, 31 ]
[ 2, 0, 1, -1, 1, 9, 1, 0, 16 ]
[ 31, 0, 0, 10, 1, 0, 2, 0, 1 ]
[ 1, -3, 0, 0, 31, 0, 0, 6, 1 ]
[ 10, 1, 0, -1, 3, 0, 2, 0, 1 ]
[ 1, 0, 16, 10, 1, 0, 0, 0, 31 ]
[ 2, 0, 1, 10, 1, 0, 1, 0, 16 ]
[ -1, 3, 0, 0, -1, 5, 0, 0, 31 ]
[ 1, -3, 0, 0, 6, 1, 0, -1, 5 ]
[ 0, 1, -5, -1, 3, 0, 0, 0, 31 ]
[ 2, 0, 1, -1, 3, 0, 0, -1, 5 ]
[ -10, -1, 0, 1, 0, 16, 0, 0, 31 ]
[ -10, -1, 0, 2, 0, 1, 1, 0, 16 ]
[ -1, 0, -16, 0, -1, 5, 0, 0, 31 ]
[ -2, 0, -1, 0, -1, 5, 1, 0, 16 ]
[ 31, 0, 0, 8, 1, 0, 2, 0, 1 ]
[ 1, 4, 0, 0, 31, 0, 0, -8, 1 ]
[ 8, 1, 0, 1, 4, 0, 2, 0, 1 ]
[ 1, 0, 16, 8, 1, 0, 0, 0, 31 ]
[ 2, 0, 1, 8, 1, 0, 1, 0, 16 ]
[ -1, -4, 0, 0, -1, 4, 0, 0, 31 ]
[ -1, -4, 0, 0, -8, 1, 0, -1, 4 ]
[ 0, -1, 4, 1, 4, 0, 0, 0, 31 ]
[ 2, 0, 1, 1, 4, 0, 0, -1, 4 ]
[ -8, -1, 0, 1, 0, 16, 0, 0, 31 ]
[ -8, -1, 0, 2, 0, 1, 1, 0, 16 ]
[ -1, 0, -16, 0, -1, 4, 0, 0, 31 ]
[ -2, 0, -1, 0, -1, 4, 1, 0, 16 ]
[ 31, 0, 0, 6, 1, 0, 2, 0, 1 ]
[ 1, -5, 0, 0, 31, 0, 0, 10, 1 ]
[ 6, 1, 0, -1, 5, 0, 2, 0, 1 ]
[ 1, 0, 16, 6, 1, 0, 0, 0, 31 ]
[ 2, 0, 1, 6, 1, 0, 1, 0, 16 ]
[ -1, 5, 0, 0, -1, 3, 0, 0, 31 ]
[ 1, -5, 0, 0, 10, 1, 0, -1, 3 ]
[ 0, 1, -3, -1, 5, 0, 0, 0, 31 ]
[ 2, 0, 1, -1, 5, 0, 0, -1, 3 ]
[ -6, -1, 0, 1, 0, 16, 0, 0, 31 ]
[ -6, -1, 0, 2, 0, 1, 1, 0, 16 ]
[ -1, 0, -16, 0, -1, 3, 0, 0, 31 ]
[ -2, 0, -1, 0, -1, 3, 1, 0, 16 ]
[ 31, 0, 0, 4, 1, 0, 2, 0, 1 ]
[ 1, 8, 0, 0, 31, 0, 0, 15, 1 ]
[ 4, 1, 0, 1, 8, 0, -2, -1, 1 ]
[ 1, 0, 16, 4, 1, 0, 0, 0, 31 ]
[ 2, 0, 1, 4, 1, 0, 1, 0, 16 ]
[ -1, -8, 0, 0, -1, 2, 0, 0, 31 ]
[ 1, 8, 0, 0, 15, 1, 0, -1, 2 ]
[ 0, -1, 2, 1, 8, 0, 0, 0, 31 ]
[ 2, 1, -1, 1, 8, 0, 0, -1, 2 ]
[ -1, 0, -16, -2, -1, 1, 0, 0, 31 ]
[ -4, -1, 0, 1, 0, 16, 0, 0, 31 ]
[ -4, -1, 0, -2, -1, 1, 1, 0, 16 ]
[ -1, -1, 17, 0, -1, 2, 0, 0, 31 ]
[ -2, -1, 1, -1, -1, 17, 0, 0, 31 ]
[ -2, -1, 1, 0, -1, 2, -1, -1, 17 ]
[ 31, 0, 0, 2, 1, 0, 2, 0, 1 ]
[ -1, -16, 0, 0, -1, 1, 0, 0, 31 ]
[ 1, 16, 0, 0, 31, 0, 0, -1, 1 ]
[ 0, -1, 1, 1, 16, 0, 0, 0, 31 ]
[ 2, 1, 0, 1, 16, 0, 0, -1, 1 ]
[ 1, 0, 16, 2, 1, 0, 0, 0, 31 ]
[ 2, 0, 1, 2, 1, 0, 1, 0, 16 ]
[ -1, 0, -16, 0, -1, 1, 0, 0, 31 ]
[ -2, -1, 0, 1, 0, 16, 0, 0, 31 ]
[ -2, -1, 0, 0, -1, 1, 1, 0, 16 ]
[ 31, 0, 0, 0, 1, 0, 11, 0, 1 ]
[ 11, 0, 1, 0, 1, 0, 2, 0, 3 ]
[ 1, 0, 17, 0, 1, 0, 0, 0, 31 ]
[ 2, 0, 3, 0, 1, 0, 1, 0, 17 ]
[ 31, 0, 0, -11, 1, 0, 11, 0, 1 ]
[ 11, -1, 0, -2, 3, 0, 0, 1, 1 ]
[ 11, 0, 1, -11, 1, 0, 2, 0, 3 ]
[ 1, -17, 0, 0, 1, 1, 0, 0, 31 ]
[ 1, -17, 0, 0, 31, 0, 0, 1, 1 ]
[ 0, 1, 1, -1, 17, 0, 0, 0, 31 ]
[ 2, -3, 0, -1, 17, 0, 0, 1, 1 ]
[ -1, 2, 16, -2, 3, 0, 0, 0, 31 ]
[ 0, 1, 1, -1, 2, 16, 0, 0, 31 ]
[ 0, 1, 1, -2, 3, 0, -1, 2, 16 ]
[ 11, -1, 0, 0, 1, 1, 2, 0, 3 ]
[ 1, 0, 17, -11, 1, 0, 0, 0, 31 ]
[ 2, 0, 3, -11, 1, 0, 1, 0, 17 ]
[ 1, -2, -16, 0, 1, 1, 0, 0, 31 ]
[ 2, -3, 0, -1, 2, 16, 0, 0, 31 ]
[ 2, -3, 0, 0, 1, 1, -1, 2, 16 ]
[ 1, 0, 17, 0, 1, 1, 0, 0, 31 ]
[ 2, 0, 3, 0, 1, 1, 1, 0, 17 ]
[ 11, -1, 0, 1, 0, 17, 0, 0, 31 ]
[ 11, -1, 0, 2, 0, 3, 1, 0, 17 ]
[ 31, 0, 0, 9, 1, 0, 11, 0, 1 ]
[ 9, 1, 0, -4, 3, 0, 2, -1, 1 ]
[ 11, 0, 1, 9, 1, 0, 2, 0, 3 ]
[ 1, 7, 0, 0, 31, 0, 0, -15, 1 ]
[ 4, -3, 0, 1, 7, 0, 2, -1, 1 ]
[ -1, 1, 16, -4, 3, 0, 0, 0, 31 ]
[ 2, -1, 1, -1, 1, 16, 0, 0, 31 ]
[ 2, -1, 1, -4, 3, 0, -1, 1, 16 ]
[ -9, -1, 0, 2, -1, 1, 2, 0, 3 ]
[ 1, 0, 17, 9, 1, 0, 0, 0, 31 ]
[ 2, 0, 3, 9, 1, 0, 1, 0, 17 ]
[ 1, 7, 0, 0, 1, 2, 0, 0, 31 ]
[ -1, -7, 0, 0, -15, 1, 0, 1, 2 ]
[ 0, -1, -2, 1, 7, 0, 0, 0, 31 ]
[ 2, -1, 1, 1, 7, 0, 0, 1, 2 ]
[ 1, -1, -16, 2, -1, 1, 0, 0, 31 ]
[ 4, -3, 0, -1, 1, 16, 0, 0, 31 ]
[ 4, -3, 0, 2, -1, 1, -1, 1, 16 ]
[ -1, 0, -17, 2, -1, 1, 0, 0, 31 ]
[ -2, 0, -3, 2, -1, 1, 1, 0, 17 ]
[ -9, -1, 0, 1, 0, 17, 0, 0, 31 ]
[ -9, -1, 0, 2, 0, 3, 1, 0, 17 ]
[ 1, 0, 17, 0, 1, 2, 0, 0, 31 ]
[ 2, -1, 1, 1, 0, 17, 0, 0, 31 ]
[ 2, -1, 1, 0, 1, 2, 1, 0, 17 ]
[ 31, 0, 0, -2, 1, 0, 11, 0, 1 ]
[ 1, -16, 0, 0, 31, 0, 0, -10, 1 ]
[ 2, -1, 0, -1, 16, 0, -1, 6, 1 ]
[ 11, 0, 1, -2, 1, 0, 2, 0, 3 ]
[ 1, -16, 0, 0, 1, 3, 0, 0, 31 ]
[ -1, 16, 0, 0, -10, 1, 0, 1, 3 ]
[ 0, 1, 3, -1, 16, 0, 0, 0, 31 ]
[ 1, -6, -1, 0, 1, 3, 0, 0, 31 ]
[ 1, -6, -1, -1, 16, 0, 0, 1, 3 ]
[ 0, 1, 3, -1, 6, 1, 0, 0, 31 ]
[ 2, -1, 0, -1, 6, 1, 0, 1, 3 ]
[ 1, 0, 17, -2, 1, 0, 0, 0, 31 ]
[ 2, 0, 3, -2, 1, 0, 1, 0, 17 ]
[ 1, -1, -17, 0, 1, 3, 0, 0, 31 ]
[ 2, -1, 0, -1, 1, 17, 0, 0, 31 ]
[ 2, -1, 0, 0, 1, 3, -1, 1, 17 ]
[ 31, 0, 0, -13, 1, 0, 11, 0, 1 ]
[ 13, -1, 0, 5, 2, 0, -2, 1, 1 ]
[ 11, 0, 1, -13, 1, 0, 2, 0, 3 ]
[ 5, 2, 0, 2, 7, 0, 3, 3, 1 ]
[ 2, -1, -1, 5, 2, 0, 2, 0, 3 ]
[ 13, -1, 0, -2, 1, 1, 2, 0, 3 ]
[ 1, 0, 17, -13, 1, 0, 0, 0, 31 ]
[ 2, 0, 3, -13, 1, 0, 1, 0, 17 ]
[ 1, 19, 0, 0, 31, 0, 0, 8, 1 ]
[ 2, 7, 0, 1, 19, 0, -1, -11, 1 ]
[ 1, 3, -2, 2, 7, 0, 0, 0, 31 ]
[ 3, 3, 1, 2, 7, 0, -1, -3, 2 ]
[ 5, 2, 0, 3, 3, 1, -3, -2, 3 ]
[ -2, -1, -7, 5, 2, 0, 0, 0, 31 ]
[ 2, 0, 3, 5, 2, 0, 2, 1, 7 ]
[ 2, -1, -1, 1, 0, 17, 0, 0, 31 ]
[ 2, -1, -1, 2, 0, 3, 1, 0, 17 ]
[ 1, 0, 17, -2, 1, 1, 0, 0, 31 ]
[ 2, 0, 3, -2, 1, 1, 1, 0, 17 ]
[ 13, -1, 0, 1, 0, 17, 0, 0, 31 ]
[ 13, -1, 0, 2, 0, 3, 1, 0, 17 ]
[ 1, 19, 0, 0, 1, 4, 0, 0, 31 ]
[ 1, 19, 0, 0, 8, 1, 0, 1, 4 ]
[ 0, -1, -4, 1, 19, 0, 0, 0, 31 ]
[ 1, 11, -1, 0, 1, 4, 0, 0, 31 ]
[ 1, 11, -1, 1, 19, 0, 0, 1, 4 ]
[ 2, 7, 0, 1, 4, 2, 0, 0, 31 ]
[ -2, -7, 0, -1, -11, 1, 1, 4, 2 ]
[ -1, -2, 6, -1, -3, 2, 0, 0, 31 ]
[ -3, -3, -1, -1, -3, 2, -1, -2, 6 ]
[ -3, -2, 3, -1, -1, 10, 0, 0, 31 ]
[ 3, 2, -3, 3, 3, 1, -1, -1, 10 ]
[ -2, -1, -7, -3, -2, 3, 0, 0, 31 ]
[ 5, 2, 0, 2, 1, 7, 0, 0, 31 ]
[ -5, -2, 0, -3, -2, 3, 2, 1, 7 ]
[ 1, 0, 17, 2, 1, 7, 0, 0, 31 ]
[ 2, 0, 3, 2, 1, 7, 1, 0, 17 ]
[ 0, 1, 4, -1, -11, 1, 0, 0, 31 ]
[ 1, 4, 2, 0, 1, 4, 0, 0, 31 ]
[ -1, -4, -2, -1, -11, 1, 0, 1, 4 ]
[ -1, -1, 10, -1, -2, 6, 0, 0, 31 ]
[ -3, -3, -1, -1, -2, 6, -1, -1, 10 ]
[ 31, 0, 0, 7, 1, 0, 11, 0, 1 ]
[ 7, 1, 0, -3, 4, 0, 4, -1, 1 ]
[ 11, 0, 1, 7, 1, 0, 2, 0, 3 ]
[ 1, 9, 0, 0, 31, 0, 0, -6, 1 ]
[ 3, -4, 0, 1, 9, 0, 1, 3, 1 ]
[ 4, -1, 1, -3, 4, 0, -2, 1, 2 ]
[ -7, -1, 0, 4, -1, 1, 2, 0, 3 ]
[ 1, 0, 17, 7, 1, 0, 0, 0, 31 ]
[ 2, 0, 3, 7, 1, 0, 1, 0, 17 ]
[ 1, 9, 0, 0, 1, 5, 0, 0, 31 ]
[ -1, -9, 0, 0, -6, 1, 0, 1, 5 ]
[ 0, -1, -5, 1, 9, 0, 0, 0, 31 ]
[ 1, 3, 1, 0, 1, 5, 0, 0, 31 ]
[ 1, 3, 1, 1, 9, 0, 0, 1, 5 ]
[ 3, -4, 0, 1, 3, 1, 1, -3, 2 ]
[ 2, -1, -2, -3, 4, 0, -2, 2, 7 ]
[ 1, 0, 17, -2, 1, 2, 0, 0, 31 ]
[ 4, -1, 1, 1, 0, 17, 0, 0, 31 ]
[ 4, -1, 1, -2, 1, 2, 1, 0, 17 ]
[ -1, 0, -17, 4, -1, 1, 0, 0, 31 ]
[ -2, 0, -3, 4, -1, 1, 1, 0, 17 ]
[ -7, -1, 0, 1, 0, 17, 0, 0, 31 ]
[ -7, -1, 0, 2, 0, 3, 1, 0, 17 ]
[ 0, -1, -5, 1, 3, 1, 0, 0, 31 ]
[ 1, -3, 2, 0, 1, 5, 0, 0, 31 ]
[ 1, -3, 2, 1, 3, 1, 0, 1, 5 ]
[ -1, 2, -7, 1, -3, 2, 0, 0, 31 ]
[ -3, 4, 0, 1, -3, 2, 1, -2, 7 ]
[ 1, -1, -19, -3, 4, 0, 0, 0, 31 ]
[ 2, -2, -7, -3, 4, 0, -1, 1, 19 ]
[ 2, -1, -2, -1, 1, 19, 0, 0, 31 ]
[ 2, -1, -2, -2, 2, 7, -1, 1, 19 ]
[ -1, 1, 19, 1, -2, 7, 0, 0, 31 ]
[ -3, 4, 0, -1, 1, 19, 0, 0, 31 ]
[ -3, 4, 0, 1, -2, 7, -1, 1, 19 ]
[ 31, 0, 0, -4, 1, 0, 11, 0, 1 ]
[ 1, -8, 0, 0, 31, 0, 0, -5, 1 ]
[ 4, -1, 0, -1, 8, 0, -1, 3, 1 ]
[ 11, 0, 1, -4, 1, 0, 2, 0, 3 ]
[ 1, -8, 0, 0, 1, 6, 0, 0, 31 ]
[ -1, 8, 0, 0, -5, 1, 0, 1, 6 ]
[ 0, 1, 6, -1, 8, 0, 0, 0, 31 ]
[ 1, -3, -1, 0, 1, 6, 0, 0, 31 ]
[ 1, -3, -1, -1, 8, 0, 0, 1, 6 ]
[ 4, -1, 0, -1, 3, 1, -2, 1, 3 ]
[ 1, 0, 17, -4, 1, 0, 0, 0, 31 ]
[ 2, 0, 3, -4, 1, 0, 1, 0, 17 ]
[ 0, 1, 6, -1, 3, 1, 0, 0, 31 ]
[ 2, -1, -3, -1, 3, 1, 0, 1, 6 ]
[ 3, -1, -17, -2, 1, 3, 0, 0, 31 ]
[ 4, -1, 0, -3, 1, 17, 0, 0, 31 ]
[ 4, -1, 0, -2, 1, 3, -3, 1, 17 ]
[ 1, -1, -20, 0, 1, 6, 0, 0, 31 ]
[ 2, -1, -3, -1, 1, 20, 0, 0, 31 ]
[ 2, -1, -3, 0, 1, 6, -1, 1, 20 ]
[ 31, 0, 0, -15, 1, 0, 11, 0, 1 ]
[ 1, 2, 0, 0, 31, 0, 0, 9, 1 ]
[ 15, -1, 0, 1, 2, 0, -4, 1, 1 ]
[ 11, 0, 1, -15, 1, 0, 2, 0, 3 ]
[ 1, 2, 0, 0, 9, 1, 0, -4, 3 ]
[ 4, -1, -1, 1, 2, 0, 2, 0, 3 ]
[ 15, -1, 0, -4, 1, 1, 2, 0, 3 ]
[ 1, 0, 17, -15, 1, 0, 0, 0, 31 ]
[ 2, 0, 3, -15, 1, 0, 1, 0, 17 ]
[ 1, 2, 0, 0, 1, 7, 0, 0, 31 ]
[ -1, -2, 0, 0, -4, 3, 0, 1, 7 ]
[ 0, -1, -7, 1, 2, 0, 0, 0, 31 ]
[ 2, 0, 3, 1, 2, 0, 0, 1, 7 ]
[ 4, -1, -1, 1, 0, 17, 0, 0, 31 ]
[ 4, -1, -1, 2, 0, 3, 1, 0, 17 ]
[ 1, 0, 17, -4, 1, 1, 0, 0, 31 ]
[ 2, 0, 3, -4, 1, 1, 1, 0, 17 ]
[ 15, -1, 0, 1, 0, 17, 0, 0, 31 ]
[ 15, -1, 0, 2, 0, 3, 1, 0, 17 ]
[ 1, 0, 17, 0, 1, 7, 0, 0, 31 ]
[ 2, 0, 3, 0, 1, 7, 1, 0, 17 ]
[ 31, 0, 0, 5, 1, 0, 11, 0, 1 ]
[ 1, -6, 0, 0, 31, 0, 0, 4, 1 ]
[ 5, 1, 0, -1, 6, 0, 1, -2, 1 ]
[ 11, 0, 1, 5, 1, 0, 2, 0, 3 ]
[ 1, -6, 0, 0, 1, 8, 0, 0, 31 ]
[ 1, -6, 0, 0, 4, 1, 0, 1, 8 ]
[ 0, 1, 8, -1, 6, 0, 0, 0, 31 ]
[ 1, -2, 1, 0, 1, 8, 0, 0, 31 ]
[ 1, -2, 1, -1, 6, 0, 0, 1, 8 ]
[ -5, -1, 0, 1, -2, 1, 2, 0, 3 ]
[ 1, 0, 17, 5, 1, 0, 0, 0, 31 ]
[ 2, 0, 3, 5, 1, 0, 1, 0, 17 ]
[ -1, 1, -9, 1, -2, 1, 0, 0, 31 ]
[ -2, 0, -3, 1, -2, 1, 1, -1, 9 ]
[ -5, -1, 0, 1, 0, 17, 0, 0, 31 ]
[ -5, -1, 0, 2, 0, 3, 1, 0, 17 ]
[ -1, 0, -17, 1, -1, 9, 0, 0, 31 ]
[ -2, 0, -3, 1, -1, 9, 1, 0, 17 ]
[ 31, 0, 0, -6, 1, 0, 11, 0, 1 ]
[ 1, 5, 0, 0, 31, 0, 0, 7, 1 ]
[ 6, -1, 0, 1, 5, 0, -1, 2, 1 ]
[ 11, 0, 1, -6, 1, 0, 2, 0, 3 ]
[ 1, 5, 0, 0, 7, 1, 0, -3, 4 ]
[ 1, -2, -1, 1, 5, 0, 0, -3, 4 ]
[ 6, -1, 0, -1, 2, 1, 2, 0, 3 ]
[ 1, 0, 17, -6, 1, 0, 0, 0, 31 ]
[ 2, 0, 3, -6, 1, 0, 1, 0, 17 ]
[ 1, 5, 0, 0, 1, 9, 0, 0, 31 ]
[ -1, -5, 0, 0, -3, 4, 0, 1, 9 ]
[ 0, -1, -9, 1, 5, 0, 0, 0, 31 ]
[ 0, -3, 4, 1, 5, 0, 0, 1, 9 ]
[ 1, -2, -1, 0, 1, 9, 0, 0, 31 ]
[ -1, 2, 1, 0, -3, 4, 0, 1, 9 ]
[ 0, 1, 9, -1, 2, 1, 0, 0, 31 ]
[ 2, 0, 3, -1, 2, 1, 0, 1, 9 ]
[ 6, -1, 0, 1, 0, 17, 0, 0, 31 ]
[ 6, -1, 0, 2, 0, 3, 1, 0, 17 ]
[ 1, 0, 17, 0, 1, 9, 0, 0, 31 ]
[ 2, 0, 3, 0, 1, 9, 1, 0, 17 ]
[ 31, 0, 0, 14, 1, 0, 11, 0, 1 ]
[ 14, 1, 0, -3, 2, 0, -3, -1, 1 ]
[ 11, 0, 1, 14, 1, 0, 2, 0, 3 ]
[ 1, -11, 0, 0, 31, 0, 0, -3, 1 ]
[ 3, -2, 0, -1, 11, 0, 0, -3, 1 ]
[ 3, 1, -1, -3, 2, 0, 2, 0, 3 ]
[ -14, -1, 0, -3, -1, 1, 2, 0, 3 ]
[ 1, 0, 17, 14, 1, 0, 0, 0, 31 ]
[ 2, 0, 3, 14, 1, 0, 1, 0, 17 ]
[ 1, -11, 0, 0, 1, 10, 0, 0, 31 ]
[ -1, 11, 0, 0, -3, 1, 0, 1, 10 ]
[ 0, 1, 10, -1, 11, 0, 0, 0, 31 ]
[ 0, 3, -1, -1, 11, 0, 0, 1, 10 ]
[ -3, 2, 0, 0, -3, 1, -1, 2, 3 ]
[ 2, -1, -7, -3, 2, 0, 0, 0, 31 ]
[ 2, 0, 3, -3, 2, 0, -2, 1, 7 ]
[ -3, -1, 1, 1, 0, 17, 0, 0, 31 ]
[ -3, -1, 1, 2, 0, 3, 1, 0, 17 ]
[ -1, 0, -17, -3, -1, 1, 0, 0, 31 ]
[ -2, 0, -3, -3, -1, 1, 1, 0, 17 ]
[ -14, -1, 0, 1, 0, 17, 0, 0, 31 ]
[ -14, -1, 0, 2, 0, 3, 1, 0, 17 ]
[ 1, -2, -3, 0, 1, 10, 0, 0, 31 ]
[ -1, 2, 3, 0, -3, 1, 0, 1, 10 ]
[ 1, -1, 7, -1, 2, 3, 0, 0, 31 ]
[ -3, 2, 0, 1, -1, 7, 0, 0, 31 ]
[ 3, -2, 0, -1, 2, 3, 1, -1, 7 ]
[ 1, 0, 17, -2, 1, 7, 0, 0, 31 ]
[ 2, 0, 3, -2, 1, 7, 1, 0, 17 ]
[ 31, 0, 0, 3, 1, 0, 11, 0, 1 ]
[ 1, -10, 0, 0, 31, 0, 0, -14, 1 ]
[ 3, 1, 0, -1, 10, 0, -1, -4, 1 ]
[ 11, 0, 1, 3, 1, 0, 2, 0, 3 ]
[ -1, 10, 0, 0, -14, 1, 0, 3, 2 ]
[ 1, 4, -1, -1, 10, 0, 0, 3, 2 ]
[ -3, -1, 0, -1, -4, 1, -1, -1, 3 ]
[ 1, 0, 17, 3, 1, 0, 0, 0, 31 ]
[ 2, 0, 3, 3, 1, 0, 1, 0, 17 ]
[ 1, -10, 0, 0, 1, 11, 0, 0, 31 ]
[ 1, -10, 0, 0, 3, 2, 0, 1, 11 ]
[ 0, 1, 11, -1, 10, 0, 0, 0, 31 ]
[ 0, 3, 2, -1, 10, 0, 0, 1, 11 ]
[ 1, 4, -1, 0, 1, 11, 0, 0, 31 ]
[ 1, 4, -1, 0, 3, 2, 0, 1, 11 ]
[ 0, 1, 11, -1, -4, 1, 0, 0, 31 ]
[ 1, 1, -3, 0, 1, 11, 0, 0, 31 ]
[ -1, -1, 3, -1, -4, 1, 0, 1, 11 ]
[ -1, 0, -17, -1, -1, 3, 0, 0, 31 ]
[ -3, -1, 0, 1, 0, 17, 0, 0, 31 ]
[ -3, -1, 0, -1, -1, 3, 1, 0, 17 ]
[ 31, 0, 0, -8, 1, 0, 11, 0, 1 ]
[ 1, -4, 0, 0, 31, 0, 0, 13, 1 ]
[ 8, -1, 0, -1, 4, 0, 3, 1, 1 ]
[ 11, 0, 1, -8, 1, 0, 2, 0, 3 ]
[ 1, -4, 0, 0, 13, 1, 0, -5, 2 ]
[ 3, 1, 1, -1, 4, 0, -1, -1, 2 ]
[ 8, -1, 0, 3, 1, 1, 2, 0, 3 ]
[ 1, 0, 17, -8, 1, 0, 0, 0, 31 ]
[ 2, 0, 3, -8, 1, 0, 1, 0, 17 ]
[ -1, 4, 0, 0, -5, 2, 0, -2, 7 ]
[ 1, 1, -2, -1, 4, 0, 0, -2, 7 ]
[ -1, 0, -17, -1, -1, 2, 0, 0, 31 ]
[ -3, -1, -1, 1, 0, 17, 0, 0, 31 ]
[ -3, -1, -1, -1, -1, 2, 1, 0, 17 ]
[ 1, 0, 17, 3, 1, 1, 0, 0, 31 ]
[ 2, 0, 3, 3, 1, 1, 1, 0, 17 ]
[ 8, -1, 0, 1, 0, 17, 0, 0, 31 ]
[ 8, -1, 0, 2, 0, 3, 1, 0, 17 ]
[ -1, 4, 0, 0, -1, 19, 0, 0, 31 ]
[ -1, 4, 0, 0, -2, 7, 0, -1, 19 ]
[ 0, 1, -19, -1, 4, 0, 0, 0, 31 ]
[ 0, 2, -7, -1, 4, 0, 0, -1, 19 ]
[ -1, -1, 2, 0, -1, 19, 0, 0, 31 ]
[ -1, -1, 2, 0, -2, 7, 0, -1, 19 ]
[ 31, 0, 0, 12, 1, 0, 11, 0, 1 ]
[ 12, 1, 0, 5, 3, 0, -1, -1, 1 ]
[ 11, 0, 1, 12, 1, 0, 2, 0, 3 ]
[ 5, 3, 0, -2, 5, 0, -1, -1, 1 ]
[ 2, 1, 16, 5, 3, 0, 0, 0, 31 ]
[ -1, -1, 1, 2, 1, 16, 0, 0, 31 ]
[ -1, -1, 1, 5, 3, 0, 2, 1, 16 ]
[ -12, -1, 0, -1, -1, 1, 2, 0, 3 ]
[ 1, 0, 17, 12, 1, 0, 0, 0, 31 ]
[ 2, 0, 3, 12, 1, 0, 1, 0, 17 ]
[ 1, -18, 0, 0, 31, 0, 0, 12, 1 ]
[ 2, -5, 0, -1, 18, 0, 1, -6, 1 ]
[ 1, 1, -1, -2, 5, 0, 1, -1, 4 ]
[ -2, -1, -16, -1, -1, 1, 0, 0, 31 ]
[ -5, -3, 0, 2, 1, 16, 0, 0, 31 ]
[ -5, -3, 0, -1, -1, 1, 2, 1, 16 ]
[ -1, 0, -17, -1, -1, 1, 0, 0, 31 ]
[ -2, 0, -3, -1, -1, 1, 1, 0, 17 ]
[ -12, -1, 0, 1, 0, 17, 0, 0, 31 ]
[ -12, -1, 0, 2, 0, 3, 1, 0, 17 ]
[ 1, -18, 0, 0, 12, 1, 0, 5, 3 ]
[ 1, -6, 1, -1, 18, 0, 0, 5, 3 ]
[ -2, 5, 0, 1, -6, 1, -1, 4, 4 ]
[ 1, -2, -9, -2, 5, 0, 0, 0, 31 ]
[ 1, -1, 4, -1, 2, 9, 0, 0, 31 ]
[ 1, -1, 4, -2, 5, 0, -1, 2, 9 ]
[ 0, -1, 18, 1, -1, 4, 0, 0, 31 ]
[ -1, -1, 1, 0, -1, 18, 0, 0, 31 ]
[ -1, -1, 1, 1, -1, 4, 0, -1, 18 ]
[ 1, -18, 0, 0, 5, 3, 0, -2, 5 ]
[ 0, 5, 3, -1, 18, 0, 0, -2, 5 ]
[ 1, -6, 1, 0, 5, 3, 0, -2, 5 ]
[ 0, -1, 18, 1, -6, 1, 0, 0, 31 ]
[ -1, 4, 4, 0, -1, 18, 0, 0, 31 ]
[ -1, 4, 4, 1, -6, 1, 0, -1, 18 ]
[ 1, -3, 9, -1, 4, 4, 0, 0, 31 ]
[ -2, 5, 0, 1, -3, 9, 0, 0, 31 ]
[ 2, -5, 0, -1, 4, 4, 1, -3, 9 ]
[ -1, 18, 0, 0, -1, 18, 0, 0, 31 ]
[ -1, 18, 0, 0, -2, 5, 0, -1, 18 ]
[ 0, 1, -18, -1, 18, 0, 0, 0, 31 ]
[ 0, 2, -5, -1, 18, 0, 0, -1, 18 ]
[ -1, 6, -1, 0, -1, 18, 0, 0, 31 ]
[ -1, 6, -1, 0, -2, 5, 0, -1, 18 ]
[ 1, 1, 0, 0, 31, 0, 0, -11, 1 ]
[ 31, 0, 0, 1, 1, 0, 11, 0, 1 ]
[ -1, -1, 0, 0, -11, 1, 0, -2, 3 ]
[ 11, 0, 1, 1, 1, 0, 2, 0, 3 ]
[ -1, -1, 0, 0, -1, 17, 0, 0, 31 ]
[ -1, -1, 0, 0, -2, 3, 0, -1, 17 ]
[ 1, 0, 17, 1, 1, 0, 0, 0, 31 ]
[ 2, 0, 3, 1, 1, 0, 1, 0, 17 ]
[ 31, 0, 0, -10, 1, 0, 11, 0, 1 ]
[ 1, 3, 0, 0, 31, 0, 0, -2, 1 ]
[ 10, -1, 0, 1, 3, 0, 1, 1, 1 ]
[ 11, 0, 1, -10, 1, 0, 2, 0, 3 ]
[ -1, -3, 0, 0, -1, 16, 0, 0, 31 ]
[ -1, -3, 0, 0, -2, 1, 0, -1, 16 ]
[ 1, 2, 16, 1, 3, 0, 0, 0, 31 ]
[ 1, 1, 1, 1, 2, 16, 0, 0, 31 ]
[ 1, 1, 1, 1, 3, 0, 1, 2, 16 ]
[ 10, -1, 0, 1, 1, 1, 2, 0, 3 ]
[ 1, 0, 17, -10, 1, 0, 0, 0, 31 ]
[ 2, 0, 3, -10, 1, 0, 1, 0, 17 ]
[ 1, 0, 17, 1, 1, 1, 0, 0, 31 ]
[ 2, 0, 3, 1, 1, 1, 1, 0, 17 ]
[ 10, -1, 0, 1, 0, 17, 0, 0, 31 ]
[ 10, -1, 0, 2, 0, 3, 1, 0, 17 ]
[ 31, 0, 0, 10, 1, 0, 11, 0, 1 ]
[ 1, -3, 0, 0, 31, 0, 0, 2, 1 ]
[ 10, 1, 0, -1, 3, 0, 1, -1, 1 ]
[ 11, 0, 1, 10, 1, 0, 2, 0, 3 ]
[ 1, -3, 0, 0, 1, 16, 0, 0, 31 ]
[ 1, -3, 0, 0, 2, 1, 0, 1, 16 ]
[ 0, 1, 16, -1, 3, 0, 0, 0, 31 ]
[ 1, -1, 1, 0, 1, 16, 0, 0, 31 ]
[ 1, -1, 1, -1, 3, 0, 0, 1, 16 ]
[ -10, -1, 0, 1, -1, 1, 2, 0, 3 ]
[ 1, 0, 17, 10, 1, 0, 0, 0, 31 ]
[ 2, 0, 3, 10, 1, 0, 1, 0, 17 ]
[ -1, 0, -17, 1, -1, 1, 0, 0, 31 ]
[ -2, 0, -3, 1, -1, 1, 1, 0, 17 ]
[ -10, -1, 0, 1, 0, 17, 0, 0, 31 ]
[ -10, -1, 0, 2, 0, 3, 1, 0, 17 ]
[ 1, -1, 0, 0, 31, 0, 0, 11, 1 ]
[ 31, 0, 0, -1, 1, 0, 11, 0, 1 ]
[ 1, -1, 0, 0, 11, 1, 0, 2, 3 ]
[ 11, 0, 1, -1, 1, 0, 2, 0, 3 ]
[ 1, -1, 0, 0, 1, 17, 0, 0, 31 ]
[ 1, -1, 0, 0, 2, 3, 0, 1, 17 ]
[ 1, 0, 17, -1, 1, 0, 0, 0, 31 ]
[ 2, 0, 3, -1, 1, 0, 1, 0, 17 ]
[ 31, 0, 0, -12, 1, 0, 11, 0, 1 ]
[ 12, -1, 0, -5, 3, 0, -1, 1, 1 ]
[ 11, 0, 1, -12, 1, 0, 2, 0, 3 ]
[ 5, -3, 0, 2, 5, 0, -1, 1, 1 ]
[ -3, 2, 16, -5, 3, 0, 0, 0, 31 ]
[ -1, 1, 1, -3, 2, 16, 0, 0, 31 ]
[ -1, 1, 1, -5, 3, 0, -3, 2, 16 ]
[ 12, -1, 0, -1, 1, 1, 2, 0, 3 ]
[ 1, 0, 17, -12, 1, 0, 0, 0, 31 ]
[ 2, 0, 3, -12, 1, 0, 1, 0, 17 ]
[ 1, 18, 0, 0, 31, 0, 0, -12, 1 ]
[ 2, 5, 0, 1, 18, 0, 1, 6, 1 ]
[ 1, -1, -1, 2, 5, 0, 1, 1, 4 ]
[ 3, -2, -16, -1, 1, 1, 0, 0, 31 ]
[ 5, -3, 0, -3, 2, 16, 0, 0, 31 ]
[ 5, -3, 0, -1, 1, 1, -3, 2, 16 ]
[ 1, 0, 17, -1, 1, 1, 0, 0, 31 ]
[ 2, 0, 3, -1, 1, 1, 1, 0, 17 ]
[ 12, -1, 0, 1, 0, 17, 0, 0, 31 ]
[ 12, -1, 0, 2, 0, 3, 1, 0, 17 ]
[ -1, -18, 0, 0, -12, 1, 0, -5, 3 ]
[ 1, 6, 1, 1, 18, 0, 0, -5, 3 ]
[ 2, 5, 0, 1, 6, 1, -1, -4, 4 ]
[ 1, 2, -9, 2, 5, 0, 0, 0, 31 ]
[ -1, -1, -4, -1, -2, 9, 0, 0, 31 ]
[ 1, 1, 4, 2, 5, 0, -1, -2, 9 ]
[ 0, -1, -18, 1, 1, 4, 0, 0, 31 ]
[ 1, -1, -1, 0, 1, 18, 0, 0, 31 ]
[ 1, -1, -1, 1, 1, 4, 0, 1, 18 ]
[ -1, -18, 0, 0, -5, 3, 0, 2, 5 ]
[ 0, -5, 3, 1, 18, 0, 0, 2, 5 ]
[ -1, -6, -1, 0, -5, 3, 0, 2, 5 ]
[ 0, -1, -18, 1, 6, 1, 0, 0, 31 ]
[ 1, 4, -4, 0, 1, 18, 0, 0, 31 ]
[ 1, 4, -4, 1, 6, 1, 0, 1, 18 ]
[ -1, -3, -9, -1, -4, 4, 0, 0, 31 ]
[ 2, 5, 0, 1, 3, 9, 0, 0, 31 ]
[ -2, -5, 0, -1, -4, 4, 1, 3, 9 ]
[ 1, 18, 0, 0, 1, 18, 0, 0, 31 ]
[ 1, 18, 0, 0, 2, 5, 0, 1, 18 ]
[ 0, -1, -18, 1, 18, 0, 0, 0, 31 ]
[ 0, -2, -5, 1, 18, 0, 0, 1, 18 ]
[ 1, 6, 1, 0, 1, 18, 0, 0, 31 ]
[ 1, 6, 1, 0, 2, 5, 0, 1, 18 ]
[ 31, 0, 0, 8, 1, 0, 11, 0, 1 ]
[ 1, 4, 0, 0, 31, 0, 0, -13, 1 ]
[ 8, 1, 0, 1, 4, 0, 3, -1, 1 ]
[ 11, 0, 1, 8, 1, 0, 2, 0, 3 ]
[ -1, -4, 0, 0, -13, 1, 0, 5, 2 ]
[ 3, -1, 1, 1, 4, 0, -1, 1, 2 ]
[ -8, -1, 0, 3, -1, 1, 2, 0, 3 ]
[ 1, 0, 17, 8, 1, 0, 0, 0, 31 ]
[ 2, 0, 3, 8, 1, 0, 1, 0, 17 ]
[ 1, 4, 0, 0, 5, 2, 0, 2, 7 ]
[ 1, -1, -2, 1, 4, 0, 0, 2, 7 ]
[ 1, 0, 17, -1, 1, 2, 0, 0, 31 ]
[ 3, -1, 1, 1, 0, 17, 0, 0, 31 ]
[ 3, -1, 1, -1, 1, 2, 1, 0, 17 ]
[ -1, 0, -17, 3, -1, 1, 0, 0, 31 ]
[ -2, 0, -3, 3, -1, 1, 1, 0, 17 ]
[ -8, -1, 0, 1, 0, 17, 0, 0, 31 ]
[ -8, -1, 0, 2, 0, 3, 1, 0, 17 ]
[ 1, 4, 0, 0, 1, 19, 0, 0, 31 ]
[ 1, 4, 0, 0, 2, 7, 0, 1, 19 ]
[ 0, -1, -19, 1, 4, 0, 0, 0, 31 ]
[ 0, -2, -7, 1, 4, 0, 0, 1, 19 ]
[ 1, -1, -2, 0, 1, 19, 0, 0, 31 ]
[ 1, -1, -2, 0, 2, 7, 0, 1, 19 ]
[ 31, 0, 0, -3, 1, 0, 11, 0, 1 ]
[ 1, 10, 0, 0, 31, 0, 0, 14, 1 ]
[ 3, -1, 0, 1, 10, 0, -1, 4, 1 ]
[ 11, 0, 1, -3, 1, 0, 2, 0, 3 ]
[ 1, 10, 0, 0, 14, 1, 0, -3, 2 ]
[ 1, -4, -1, 1, 10, 0, 0, -3, 2 ]
[ 3, -1, 0, -1, 4, 1, -1, 1, 3 ]
[ 1, 0, 17, -3, 1, 0, 0, 0, 31 ]
[ 2, 0, 3, -3, 1, 0, 1, 0, 17 ]
[ -1, -10, 0, 0, -1, 11, 0, 0, 31 ]
[ -1, -10, 0, 0, -3, 2, 0, -1, 11 ]
[ 0, -1, 11, 1, 10, 0, 0, 0, 31 ]
[ 0, -3, 2, 1, 10, 0, 0, -1, 11 ]
[ -1, 4, 1, 0, -1, 11, 0, 0, 31 ]
[ -1, 4, 1, 0, -3, 2, 0, -1, 11 ]
[ 0, 1, -11, -1, 4, 1, 0, 0, 31 ]
[ -1, 1, 3, 0, -1, 11, 0, 0, 31 ]
[ 1, -1, -3, -1, 4, 1, 0, -1, 11 ]
[ 2, -1, -17, -1, 1, 3, 0, 0, 31 ]
[ 3, -1, 0, -2, 1, 17, 0, 0, 31 ]
[ 3, -1, 0, -1, 1, 3, -2, 1, 17 ]
[ 31, 0, 0, -14, 1, 0, 11, 0, 1 ]
[ 14, -1, 0, 3, 2, 0, -3, 1, 1 ]
[ 11, 0, 1, -14, 1, 0, 2, 0, 3 ]
[ 1, 11, 0, 0, 31, 0, 0, 3, 1 ]
[ 3, 2, 0, 1, 11, 0, 0, 3, 1 ]
[ 3, -1, -1, 3, 2, 0, 2, 0, 3 ]
[ 14, -1, 0, -3, 1, 1, 2, 0, 3 ]
[ 1, 0, 17, -14, 1, 0, 0, 0, 31 ]
[ 2, 0, 3, -14, 1, 0, 1, 0, 17 ]
[ -1, -11, 0, 0, -1, 10, 0, 0, 31 ]
[ 1, 11, 0, 0, 3, 1, 0, -1, 10 ]
[ 0, -1, 10, 1, 11, 0, 0, 0, 31 ]
[ 0, -3, -1, 1, 11, 0, 0, -1, 10 ]
[ 3, 2, 0, 0, 3, 1, -1, -2, 3 ]
[ -1, -1, -7, 3, 2, 0, 0, 0, 31 ]
[ 2, 0, 3, 3, 2, 0, 1, 1, 7 ]
[ 3, -1, -1, 1, 0, 17, 0, 0, 31 ]
[ 3, -1, -1, 2, 0, 3, 1, 0, 17 ]
[ 1, 0, 17, -3, 1, 1, 0, 0, 31 ]
[ 2, 0, 3, -3, 1, 1, 1, 0, 17 ]
[ 14, -1, 0, 1, 0, 17, 0, 0, 31 ]
[ 14, -1, 0, 2, 0, 3, 1, 0, 17 ]
[ -1, -2, 3, 0, -1, 10, 0, 0, 31 ]
[ 1, 2, -3, 0, 3, 1, 0, -1, 10 ]
[ -1, -1, -7, -1, -2, 3, 0, 0, 31 ]
[ 3, 2, 0, 1, 1, 7, 0, 0, 31 ]
[ -3, -2, 0, -1, -2, 3, 1, 1, 7 ]
[ 1, 0, 17, 1, 1, 7, 0, 0, 31 ]
[ 2, 0, 3, 1, 1, 7, 1, 0, 17 ]
[ 31, 0, 0, 6, 1, 0, 11, 0, 1 ]
[ 1, -5, 0, 0, 31, 0, 0, -7, 1 ]
[ 6, 1, 0, -1, 5, 0, -1, -2, 1 ]
[ 11, 0, 1, 6, 1, 0, 2, 0, 3 ]
[ -1, 5, 0, 0, -7, 1, 0, 3, 4 ]
[ 1, 2, -1, -1, 5, 0, 0, 3, 4 ]
[ -6, -1, 0, -1, -2, 1, 2, 0, 3 ]
[ 1, 0, 17, 6, 1, 0, 0, 0, 31 ]
[ 2, 0, 3, 6, 1, 0, 1, 0, 17 ]
[ -1, 5, 0, 0, -1, 9, 0, 0, 31 ]
[ 1, -5, 0, 0, 3, 4, 0, -1, 9 ]
[ 0, 1, -9, -1, 5, 0, 0, 0, 31 ]
[ 0, 3, 4, -1, 5, 0, 0, -1, 9 ]
[ -1, -2, 1, 0, -1, 9, 0, 0, 31 ]
[ 1, 2, -1, 0, 3, 4, 0, -1, 9 ]
[ 0, 1, -9, -1, -2, 1, 0, 0, 31 ]
[ -2, 0, -3, -1, -2, 1, 0, -1, 9 ]
[ -6, -1, 0, 1, 0, 17, 0, 0, 31 ]
[ -6, -1, 0, 2, 0, 3, 1, 0, 17 ]
[ -1, 0, -17, 0, -1, 9, 0, 0, 31 ]
[ -2, 0, -3, 0, -1, 9, 1, 0, 17 ]
[ 31, 0, 0, -5, 1, 0, 11, 0, 1 ]
[ 1, 6, 0, 0, 31, 0, 0, -4, 1 ]
[ 5, -1, 0, 1, 6, 0, 1, 2, 1 ]
[ 11, 0, 1, -5, 1, 0, 2, 0, 3 ]
[ -1, -6, 0, 0, -1, 8, 0, 0, 31 ]
[ -1, -6, 0, 0, -4, 1, 0, -1, 8 ]
[ 0, -1, 8, 1, 6, 0, 0, 0, 31 ]
[ -1, -2, -1, 0, -1, 8, 0, 0, 31 ]
[ 1, 2, 1, 1, 6, 0, 0, -1, 8 ]
[ 5, -1, 0, 1, 2, 1, 2, 0, 3 ]
[ 1, 0, 17, -5, 1, 0, 0, 0, 31 ]
[ 2, 0, 3, -5, 1, 0, 1, 0, 17 ]
[ 1, 1, 9, 1, 2, 1, 0, 0, 31 ]
[ 2, 0, 3, 1, 2, 1, 1, 1, 9 ]
[ 5, -1, 0, 1, 0, 17, 0, 0, 31 ]
[ 5, -1, 0, 2, 0, 3, 1, 0, 17 ]
[ 1, 0, 17, 1, 1, 9, 0, 0, 31 ]
[ 2, 0, 3, 1, 1, 9, 1, 0, 17 ]
[ 31, 0, 0, 15, 1, 0, 11, 0, 1 ]
[ 1, -2, 0, 0, 31, 0, 0, -9, 1 ]
[ 15, 1, 0, -1, 2, 0, -4, -1, 1 ]
[ 11, 0, 1, 15, 1, 0, 2, 0, 3 ]
[ -1, 2, 0, 0, -9, 1, 0, 4, 3 ]
[ 4, 1, -1, -1, 2, 0, 2, 0, 3 ]
[ -15, -1, 0, -4, -1, 1, 2, 0, 3 ]
[ 1, 0, 17, 15, 1, 0, 0, 0, 31 ]
[ 2, 0, 3, 15, 1, 0, 1, 0, 17 ]
[ -1, 2, 0, 0, -1, 7, 0, 0, 31 ]
[ 1, -2, 0, 0, 4, 3, 0, -1, 7 ]
[ 1, -1, -7, -1, 2, 0, 0, 0, 31 ]
[ 2, 0, 3, -1, 2, 0, -1, 1, 7 ]
[ -4, -1, 1, 1, 0, 17, 0, 0, 31 ]
[ -4, -1, 1, 2, 0, 3, 1, 0, 17 ]
[ -1, 0, -17, -4, -1, 1, 0, 0, 31 ]
[ -2, 0, -3, -4, -1, 1, 1, 0, 17 ]
[ -15, -1, 0, 1, 0, 17, 0, 0, 31 ]
[ -15, -1, 0, 2, 0, 3, 1, 0, 17 ]
[ 1, 0, 17, -1, 1, 7, 0, 0, 31 ]
[ 2, 0, 3, -1, 1, 7, 1, 0, 17 ]
[ 31, 0, 0, 4, 1, 0, 11, 0, 1 ]
[ 1, 8, 0, 0, 31, 0, 0, 5, 1 ]
[ 4, 1, 0, 1, 8, 0, -1, -3, 1 ]
[ 11, 0, 1, 4, 1, 0, 2, 0, 3 ]
[ -1, -8, 0, 0, -1, 6, 0, 0, 31 ]
[ 1, 8, 0, 0, 5, 1, 0, -1, 6 ]
[ 0, -1, 6, 1, 8, 0, 0, 0, 31 ]
[ -1, -3, 1, 0, -1, 6, 0, 0, 31 ]
[ 1, 3, -1, 1, 8, 0, 0, -1, 6 ]
[ -4, -1, 0, -1, -3, 1, -2, -1, 3 ]
[ 1, 0, 17, 4, 1, 0, 0, 0, 31 ]
[ 2, 0, 3, 4, 1, 0, 1, 0, 17 ]
[ 0, 1, -6, -1, -3, 1, 0, 0, 31 ]
[ -2, -1, 3, -1, -3, 1, 0, -1, 6 ]
[ -1, 0, -17, -2, -1, 3, 0, 0, 31 ]
[ -4, -1, 0, 1, 0, 17, 0, 0, 31 ]
[ -4, -1, 0, -2, -1, 3, 1, 0, 17 ]
[ -1, -1, 20, 0, -1, 6, 0, 0, 31 ]
[ -2, -1, 3, -1, -1, 20, 0, 0, 31 ]
[ -2, -1, 3, 0, -1, 6, -1, -1, 20 ]
[ 31, 0, 0, -7, 1, 0, 11, 0, 1 ]
[ 7, -1, 0, 3, 4, 0, 4, 1, 1 ]
[ 11, 0, 1, -7, 1, 0, 2, 0, 3 ]
[ 1, -9, 0, 0, 31, 0, 0, 6, 1 ]
[ 3, 4, 0, -1, 9, 0, 1, -3, 1 ]
[ 4, 1, 1, 3, 4, 0, -2, -1, 2 ]
[ 7, -1, 0, 4, 1, 1, 2, 0, 3 ]
[ 1, 0, 17, -7, 1, 0, 0, 0, 31 ]
[ 2, 0, 3, -7, 1, 0, 1, 0, 17 ]
[ -1, 9, 0, 0, -1, 5, 0, 0, 31 ]
[ 1, -9, 0, 0, 6, 1, 0, -1, 5 ]
[ 0, 1, -5, -1, 9, 0, 0, 0, 31 ]
[ -1, 3, -1, 0, -1, 5, 0, 0, 31 ]
[ 1, -3, 1, -1, 9, 0, 0, -1, 5 ]
[ -3, -4, 0, 1, -3, 1, 1, 3, 2 ]
[ 2, 1, -2, 3, 4, 0, -2, -2, 7 ]
[ -1, 0, -17, -2, -1, 2, 0, 0, 31 ]
[ -4, -1, -1, 1, 0, 17, 0, 0, 31 ]
[ -4, -1, -1, -2, -1, 2, 1, 0, 17 ]
[ 1, 0, 17, 4, 1, 1, 0, 0, 31 ]
[ 2, 0, 3, 4, 1, 1, 1, 0, 17 ]
[ 7, -1, 0, 1, 0, 17, 0, 0, 31 ]
[ 7, -1, 0, 2, 0, 3, 1, 0, 17 ]
[ 0, -1, 5, 1, -3, 1, 0, 0, 31 ]
[ -1, -3, -2, 0, -1, 5, 0, 0, 31 ]
[ -1, -3, -2, 1, -3, 1, 0, -1, 5 ]
[ 1, 2, 7, 1, 3, 2, 0, 0, 31 ]
[ 3, 4, 0, 1, 3, 2, 1, 2, 7 ]
[ 1, 1, -19, 3, 4, 0, 0, 0, 31 ]
[ 2, 2, -7, 3, 4, 0, -1, -1, 19 ]
[ -2, -1, 2, -1, -1, 19, 0, 0, 31 ]
[ -2, -1, 2, -2, -2, 7, -1, -1, 19 ]
[ 2, 3, 19, 1, 2, 7, 0, 0, 31 ]
[ 3, 4, 0, 2, 3, 19, 0, 0, 31 ]
[ 3, 4, 0, 1, 2, 7, 2, 3, 19 ]
[ 31, 0, 0, 13, 1, 0, 11, 0, 1 ]
[ 13, 1, 0, -5, 2, 0, -2, -1, 1 ]
[ 11, 0, 1, 13, 1, 0, 2, 0, 3 ]
[ 5, -2, 0, -2, 7, 0, 3, -3, 1 ]
[ 2, 1, -1, -5, 2, 0, 2, 0, 3 ]
[ -13, -1, 0, -2, -1, 1, 2, 0, 3 ]
[ 1, 0, 17, 13, 1, 0, 0, 0, 31 ]
[ 2, 0, 3, 13, 1, 0, 1, 0, 17 ]
[ 1, -19, 0, 0, 31, 0, 0, -8, 1 ]
[ 2, -7, 0, -1, 19, 0, -1, 11, 1 ]
[ 1, -3, -2, -2, 7, 0, 0, 0, 31 ]
[ 3, -3, 1, -2, 7, 0, -1, 3, 2 ]
[ -5, 2, 0, 3, -3, 1, -3, 2, 3 ]
[ 3, -1, -7, -5, 2, 0, 0, 0, 31 ]
[ 2, 0, 3, -5, 2, 0, -3, 1, 7 ]
[ -2, -1, 1, 1, 0, 17, 0, 0, 31 ]
[ -2, -1, 1, 2, 0, 3, 1, 0, 17 ]
[ -1, 0, -17, -2, -1, 1, 0, 0, 31 ]
[ -2, 0, -3, -2, -1, 1, 1, 0, 17 ]
[ -13, -1, 0, 1, 0, 17, 0, 0, 31 ]
[ -13, -1, 0, 2, 0, 3, 1, 0, 17 ]
[ -1, 19, 0, 0, -1, 4, 0, 0, 31 ]
[ -1, 19, 0, 0, -8, 1, 0, -1, 4 ]
[ 0, 1, -4, -1, 19, 0, 0, 0, 31 ]
[ -1, 11, 1, 0, -1, 4, 0, 0, 31 ]
[ 1, -11, -1, -1, 19, 0, 0, -1, 4 ]
[ -2, 7, 0, 1, -4, 2, 0, 0, 31 ]
[ 2, -7, 0, -1, 11, 1, 1, -4, 2 ]
[ 1, -2, -6, -1, 3, 2, 0, 0, 31 ]
[ 3, -3, 1, -1, 3, 2, -1, 2, 6 ]
[ 3, -2, -3, -1, 1, 10, 0, 0, 31 ]
[ -3, 2, 3, 3, -3, 1, -1, 1, 10 ]
[ 2, -1, 7, -3, 2, 3, 0, 0, 31 ]
[ -5, 2, 0, 2, -1, 7, 0, 0, 31 ]
[ 5, -2, 0, -3, 2, 3, 2, -1, 7 ]
[ 1, 0, 17, -3, 1, 7, 0, 0, 31 ]
[ 2, 0, 3, -3, 1, 7, 1, 0, 17 ]
[ 0, 1, -4, -1, 11, 1, 0, 0, 31 ]
[ -1, 4, -2, 0, -1, 4, 0, 0, 31 ]
[ 1, -4, 2, -1, 11, 1, 0, -1, 4 ]
[ 1, -1, -10, -1, 2, 6, 0, 0, 31 ]
[ 3, -3, 1, -1, 2, 6, -1, 1, 10 ]
[ 31, 0, 0, 2, 1, 0, 11, 0, 1 ]
[ 1, 16, 0, 0, 31, 0, 0, 10, 1 ]
[ 2, 1, 0, 1, 16, 0, -1, -6, 1 ]
[ 11, 0, 1, 2, 1, 0, 2, 0, 3 ]
[ -1, -16, 0, 0, -1, 3, 0, 0, 31 ]
[ 1, 16, 0, 0, 10, 1, 0, -1, 3 ]
[ 0, -1, 3, 1, 16, 0, 0, 0, 31 ]
[ -1, -6, 1, 0, -1, 3, 0, 0, 31 ]
[ 1, 6, -1, 1, 16, 0, 0, -1, 3 ]
[ 0, 1, -3, -1, -6, 1, 0, 0, 31 ]
[ -2, -1, 0, -1, -6, 1, 0, -1, 3 ]
[ 1, 0, 17, 2, 1, 0, 0, 0, 31 ]
[ 2, 0, 3, 2, 1, 0, 1, 0, 17 ]
[ -1, 0, -17, 0, -1, 3, 0, 0, 31 ]
[ -2, -1, 0, 1, 0, 17, 0, 0, 31 ]
[ -2, -1, 0, 0, -1, 3, 1, 0, 17 ]
[ 31, 0, 0, -9, 1, 0, 11, 0, 1 ]
[ 9, -1, 0, 4, 3, 0, 2, 1, 1 ]
[ 11, 0, 1, -9, 1, 0, 2, 0, 3 ]
[ 1, -7, 0, 0, 31, 0, 0, 15, 1 ]
[ 4, 3, 0, -1, 7, 0, 2, 1, 1 ]
[ 3, 2, 16, 4, 3, 0, 0, 0, 31 ]
[ 2, 1, 1, 3, 2, 16, 0, 0, 31 ]
[ 2, 1, 1, 4, 3, 0, 3, 2, 16 ]
[ 9, -1, 0, 2, 1, 1, 2, 0, 3 ]
[ 1, 0, 17, -9, 1, 0, 0, 0, 31 ]
[ 2, 0, 3, -9, 1, 0, 1, 0, 17 ]
[ -1, 7, 0, 0, -1, 2, 0, 0, 31 ]
[ 1, -7, 0, 0, 15, 1, 0, -1, 2 ]
[ 0, 1, -2, -1, 7, 0, 0, 0, 31 ]
[ 2, 1, 1, -1, 7, 0, 0, -1, 2 ]
[ -3, -2, -16, 2, 1, 1, 0, 0, 31 ]
[ -4, -3, 0, 3, 2, 16, 0, 0, 31 ]
[ -4, -3, 0, 2, 1, 1, 3, 2, 16 ]
[ 1, 0, 17, 2, 1, 1, 0, 0, 31 ]
[ 2, 0, 3, 2, 1, 1, 1, 0, 17 ]
[ 9, -1, 0, 1, 0, 17, 0, 0, 31 ]
[ 9, -1, 0, 2, 0, 3, 1, 0, 17 ]
[ -1, 0, -17, 0, -1, 2, 0, 0, 31 ]
[ -2, -1, -1, 1, 0, 17, 0, 0, 31 ]
[ -2, -1, -1, 0, -1, 2, 1, 0, 17 ]
[ 31, 0, 0, 11, 1, 0, 11, 0, 1 ]
[ 11, 1, 0, 2, 3, 0, 0, -1, 1 ]
[ 11, 0, 1, 11, 1, 0, 2, 0, 3 ]
[ -1, -17, 0, 0, -1, 1, 0, 0, 31 ]
[ 1, 17, 0, 0, 31, 0, 0, -1, 1 ]
[ 0, -1, 1, 1, 17, 0, 0, 0, 31 ]
[ 2, 3, 0, 1, 17, 0, 0, -1, 1 ]
[ 1, 1, 16, 2, 3, 0, 0, 0, 31 ]
[ 0, -1, 1, 1, 1, 16, 0, 0, 31 ]
[ 0, -1, 1, 2, 3, 0, 1, 1, 16 ]
[ -11, -1, 0, 0, -1, 1, 2, 0, 3 ]
[ 1, 0, 17, 11, 1, 0, 0, 0, 31 ]
[ 2, 0, 3, 11, 1, 0, 1, 0, 17 ]
[ -1, -1, -16, 0, -1, 1, 0, 0, 31 ]
[ -2, -3, 0, 1, 1, 16, 0, 0, 31 ]
[ -2, -3, 0, 0, -1, 1, 1, 1, 16 ]
[ -1, 0, -17, 0, -1, 1, 0, 0, 31 ]
[ -2, 0, -3, 0, -1, 1, 1, 0, 17 ]
[ -11, -1, 0, 1, 0, 17, 0, 0, 31 ]
[ -11, -1, 0, 2, 0, 3, 1, 0, 17 ]
[ 31, 0, 0, 0, 1, 0, -12, 0, 1 ]
[ 12, 0, -1, 0, 1, 0, -5, 0, 3 ]
[ 5, 0, -3, 0, 1, 0, 2, 0, 5 ]
[ 1, 0, 18, 0, 1, 0, 0, 0, 31 ]
[ 2, 0, 5, 0, 1, 0, 1, 0, 18 ]
[ 31, 0, 0, 12, 1, 0, -12, 0, 1 ]
[ 12, 1, 0, 5, 3, 0, 0, 1, 1 ]
[ 12, 0, -1, 12, 1, 0, -5, 0, 3 ]
[ 5, 3, 0, -2, 5, 0, 0, 1, 1 ]
[ 2, 1, 6, 5, 3, 0, 0, 0, 31 ]
[ 0, -1, -1, 5, 3, 0, 2, 1, 6 ]
[ 12, 1, 0, 0, 1, 1, -5, 0, 3 ]
[ 5, 0, -3, 12, 1, 0, 2, 0, 5 ]
[ 1, -18, 0, 0, 1, 1, 0, 0, 31 ]
[ 1, -18, 0, 0, 31, 0, 0, 1, 1 ]
[ 0, 1, 1, -1, 18, 0, 0, 0, 31 ]
[ 2, -5, 0, -1, 18, 0, 0, 1, 1 ]
[ -1, 3, 16, -2, 5, 0, 0, 0, 31 ]
[ 0, 1, 1, -1, 3, 16, 0, 0, 31 ]
[ 0, 1, 1, -2, 5, 0, -1, 3, 16 ]
[ -5, -3, 0, 2, 1, 6, 0, 0, 31 ]
[ 5, 3, 0, 0, 1, 1, 2, 1, 6 ]
[ -1, -1, -19, 2, 1, 6, 0, 0, 31 ]
[ 0, -1, -1, 1, 1, 19, 0, 0, 31 ]
[ 0, -1, -1, 2, 1, 6, 1, 1, 19 ]
[ 5, 0, -3, 0, 1, 1, 2, 0, 5 ]
[ 12, 1, 0, -5, 0, 3, 2, 0, 5 ]
[ 1, 0, 18, 12, 1, 0, 0, 0, 31 ]
[ 2, 0, 5, 12, 1, 0, 1, 0, 18 ]
[ 1, -3, -16, 0, 1, 1, 0, 0, 31 ]
[ 2, -5, 0, -1, 3, 16, 0, 0, 31 ]
[ 2, -5, 0, 0, 1, 1, -1, 3, 16 ]
[ 1, 1, 19, 0, 1, 1, 0, 0, 31 ]
[ 2, 1, 6, 1, 1, 19, 0, 0, 31 ]
[ 2, 1, 6, 0, 1, 1, 1, 1, 19 ]
[ 1, 0, 18, 0, 1, 1, 0, 0, 31 ]
[ 2, 0, 5, 0, 1, 1, 1, 0, 18 ]
[ -12, -1, 0, 1, 0, 18, 0, 0, 31 ]
[ -12, -1, 0, 2, 0, 5, 1, 0, 18 ]
[ 31, 0, 0, -7, 1, 0, -12, 0, 1 ]
[ 7, -1, 0, 3, 4, 0, 2, -2, 1 ]
[ 12, 0, -1, -7, 1, 0, -5, 0, 3 ]
[ 1, -9, 0, 0, 31, 0, 0, -15, 1 ]
[ 3, 4, 0, -1, 9, 0, -1, -6, 1 ]
[ 2, -2, 1, 3, 4, 0, 0, 1, 2 ]
[ -7, 1, 0, 2, -2, 1, 2, -1, 3 ]
[ 5, 0, -3, -7, 1, 0, 2, 0, 5 ]
[ 1, -9, 0, 0, 1, 2, 0, 0, 31 ]
[ -1, 9, 0, 0, -15, 1, 0, 1, 2 ]
[ 0, 1, 2, -1, 9, 0, 0, 0, 31 ]
[ 1, 6, -1, 0, 1, 2, 0, 0, 31 ]
[ 1, 6, -1, -1, 9, 0, 0, 1, 2 ]
[ 0, 1, 2, -1, -6, 1, 0, 0, 31 ]
[ -3, -4, 0, -1, -6, 1, 0, 1, 2 ]
[ 1, 1, -11, 3, 4, 0, 0, 0, 31 ]
[ 0, 1, 2, -1, -1, 11, 0, 0, 31 ]
[ 0, -1, -2, 3, 4, 0, -1, -1, 11 ]
[ 1, -1, 16, 0, 1, 2, 0, 0, 31 ]
[ 2, -2, 1, 0, 1, 2, 1, -1, 16 ]
[ -2, 1, -3, 1, -1, 16, 0, 0, 31 ]
[ -2, 1, -3, 2, -2, 1, 1, -1, 16 ]
[ -7, 1, 0, 2, -1, 3, 2, 0, 5 ]
[ 1, 0, 18, -7, 1, 0, 0, 0, 31 ]
[ 2, 0, 5, -7, 1, 0, 1, 0, 18 ]
[ 1, 1, -11, 0, 1, 2, 0, 0, 31 ]
[ 3, 4, 0, -1, -1, 11, 0, 0, 31 ]
[ 3, 4, 0, 0, 1, 2, -1, -1, 11 ]
[ -1, 0, -18, 2, -1, 3, 0, 0, 31 ]
[ -2, 0, -5, 2, -1, 3, 1, 0, 18 ]
[ 7, -1, 0, 1, 0, 18, 0, 0, 31 ]
[ 7, -1, 0, 2, 0, 5, 1, 0, 18 ]
[ 31, 0, 0, 5, 1, 0, -12, 0, 1 ]
[ 1, -6, 0, 0, 31, 0, 0, -10, 1 ]
[ 5, 1, 0, -1, 6, 0, -2, 2, 1 ]
[ 12, 0, -1, 5, 1, 0, -5, 0, 3 ]
[ 1, -6, 0, 0, 1, 3, 0, 0, 31 ]
[ -1, 6, 0, 0, -10, 1, 0, 1, 3 ]
[ 0, 1, 3, -1, 6, 0, 0, 0, 31 ]
[ 2, -2, -1, -1, 6, 0, 0, 1, 3 ]
[ 5, 1, 0, -2, 2, 1, 0, 1, 3 ]
[ 5, 0, -3, 5, 1, 0, 2, 0, 5 ]
[ 1, -1, -16, 0, 1, 3, 0, 0, 31 ]
[ 2, -2, -1, 0, 1, 3, -1, 1, 16 ]
[ 0, 1, 3, -1, 1, 16, 0, 0, 31 ]
[ 0, 1, 3, -2, 2, 1, -1, 1, 16 ]
[ 5, 1, 0, 0, 1, 3, 2, 0, 5 ]
[ 1, 0, 18, 5, 1, 0, 0, 0, 31 ]
[ 2, 0, 5, 5, 1, 0, 1, 0, 18 ]
[ 1, 0, 18, 0, 1, 3, 0, 0, 31 ]
[ 2, 0, 5, 0, 1, 3, 1, 0, 18 ]
[ -5, -1, 0, 1, 0, 18, 0, 0, 31 ]
[ -5, -1, 0, 2, 0, 5, 1, 0, 18 ]
[ 31, 0, 0, -14, 1, 0, -12, 0, 1 ]
[ 14, -1, 0, 3, 2, 0, 2, -1, 1 ]
[ 12, 0, -1, -14, 1, 0, -5, 0, 3 ]
[ 1, 11, 0, 0, 31, 0, 0, 8, 1 ]
[ 3, 2, 0, 1, 11, 0, -1, -3, 1 ]
[ 2, -1, 1, 3, 2, 0, 0, 1, 4 ]
[ -14, 1, 0, 2, -1, 1, -5, 0, 3 ]
[ 5, 0, -3, -14, 1, 0, 2, 0, 5 ]
[ 1, 11, 0, 0, 1, 4, 0, 0, 31 ]
[ 1, 11, 0, 0, 8, 1, 0, 1, 4 ]
[ 0, -1, -4, 1, 11, 0, 0, 0, 31 ]
[ 1, 3, -1, 0, 1, 4, 0, 0, 31 ]
[ 1, 3, -1, 1, 11, 0, 0, 1, 4 ]
[ 0, 1, 4, -1, -3, 1, 0, 0, 31 ]
[ -3, -2, 0, -1, -3, 1, 0, 1, 4 ]
[ -1, -1, 9, 3, 2, 0, 0, 0, 31 ]
[ 0, 1, 4, -1, -1, 9, 0, 0, 31 ]
[ 0, -1, -4, 3, 2, 0, -1, -1, 9 ]
[ 1, 0, 18, 0, 1, 4, 0, 0, 31 ]
[ 2, -1, 1, 1, 0, 18, 0, 0, 31 ]
[ 2, -1, 1, 0, 1, 4, 1, 0, 18 ]
[ -5, 0, 3, 2, -1, 1, 2, 0, 5 ]
[ -14, 1, 0, -5, 0, 3, 2, 0, 5 ]
[ 1, 0, 18, -14, 1, 0, 0, 0, 31 ]
[ 2, 0, 5, -14, 1, 0, 1, 0, 18 ]
[ 1, 1, -9, 0, 1, 4, 0, 0, 31 ]
[ -3, -2, 0, -1, -1, 9, 0, 0, 31 ]
[ 3, 2, 0, 0, 1, 4, -1, -1, 9 ]
[ -1, 0, -18, 2, -1, 1, 0, 0, 31 ]
[ -2, 0, -5, 2, -1, 1, 1, 0, 18 ]
[ 14, -1, 0, 1, 0, 18, 0, 0, 31 ]
[ 14, -1, 0, 2, 0, 5, 1, 0, 18 ]
[ 31, 0, 0, -2, 1, 0, -12, 0, 1 ]
[ 1, -16, 0, 0, 31, 0, 0, -6, 1 ]
[ 2, -1, 0, -1, 16, 0, 0, -6, 1 ]
[ 12, 0, -1, -2, 1, 0, -5, 0, 3 ]
[ 1, -16, 0, 0, 1, 5, 0, 0, 31 ]
[ -1, 16, 0, 0, -6, 1, 0, 1, 5 ]
[ 0, 1, 5, -1, 16, 0, 0, 0, 31 ]
[ 0, 6, -1, -1, 16, 0, 0, 1, 5 ]
[ -2, 1, 0, 0, -6, 1, -1, -2, 3 ]
[ 5, 0, -3, -2, 1, 0, 2, 0, 5 ]
[ 1, 2, -3, 0, 1, 5, 0, 0, 31 ]
[ -1, -2, 3, 0, -6, 1, 0, 1, 5 ]
[ 0, 1, 5, -1, -2, 3, 0, 0, 31 ]
[ -2, 1, 0, -1, -2, 3, 0, 1, 5 ]
[ 1, 0, 18, -2, 1, 0, 0, 0, 31 ]
[ 2, 0, 5, -2, 1, 0, 1, 0, 18 ]
[ 1, -1, -18, 0, 1, 5, 0, 0, 31 ]
[ 2, -1, 0, -1, 1, 18, 0, 0, 31 ]
[ 2, -1, 0, 0, 1, 5, -1, 1, 18 ]
[ 31, 0, 0, 10, 1, 0, -12, 0, 1 ]
[ 1, -3, 0, 0, 31, 0, 0, -5, 1 ]
[ 10, 1, 0, -1, 3, 0, -2, 1, 1 ]
[ 12, 0, -1, 10, 1, 0, -5, 0, 3 ]
[ 1, -3, 0, 0, 1, 6, 0, 0, 31 ]
[ -1, 3, 0, 0, -5, 1, 0, 1, 6 ]
[ 0, 1, 6, -1, 3, 0, 0, 0, 31 ]
[ 2, -1, -1, -1, 3, 0, 0, 1, 6 ]
[ 10, 1, 0, -2, 1, 1, -5, 0, 3 ]
[ 5, 0, -3, 10, 1, 0, 2, 0, 5 ]
[ 1, -1, -19, 0, 1, 6, 0, 0, 31 ]
[ 2, -1, -1, -1, 1, 19, 0, 0, 31 ]
[ 2, -1, -1, 0, 1, 6, -1, 1, 19 ]
[ 5, 0, -3, -2, 1, 1, 2, 0, 5 ]
[ 10, 1, 0, -5, 0, 3, 2, 0, 5 ]
[ 1, 0, 18, 10, 1, 0, 0, 0, 31 ]
[ 2, 0, 5, 10, 1, 0, 1, 0, 18 ]
[ 1, 0, 18, -2, 1, 1, 0, 0, 31 ]
[ 2, 0, 5, -2, 1, 1, 1, 0, 18 ]
[ -10, -1, 0, 1, 0, 18, 0, 0, 31 ]
[ -10, -1, 0, 2, 0, 5, 1, 0, 18 ]
[ 31, 0, 0, -9, 1, 0, -12, 0, 1 ]
[ 9, -1, 0, 4, 3, 0, -3, -1, 1 ]
[ 12, 0, -1, -9, 1, 0, -5, 0, 3 ]
[ 1, -7, 0, 0, 31, 0, 0, 9, 1 ]
[ 4, 3, 0, -1, 7, 0, 1, 2, 1 ]
[ -1, -1, 6, 4, 3, 0, 0, 0, 31 ]
[ 3, 1, -1, 4, 3, 0, -1, -1, 6 ]
[ -9, 1, 0, -3, -1, 1, -5, 0, 3 ]
[ 5, 0, -3, -9, 1, 0, 2, 0, 5 ]
[ 1, -7, 0, 0, 9, 1, 0, -4, 3 ]
[ 1, 2, 1, -1, 7, 0, 0, -4, 3 ]
[ 1, 1, -6, 1, 2, 1, 0, 0, 31 ]
[ -4, -3, 0, -1, -1, 6, 0, 0, 31 ]
[ 4, 3, 0, 1, 2, 1, -1, -1, 6 ]
[ -2, -1, 19, -1, -1, 6, 0, 0, 31 ]
[ -3, -1, 1, -2, -1, 19, 0, 0, 31 ]
[ -3, -1, 1, -1, -1, 6, -2, -1, 19 ]
[ -5, 0, 3, -3, -1, 1, 2, 0, 5 ]
[ -9, 1, 0, -5, 0, 3, 2, 0, 5 ]
[ 1, 0, 18, -9, 1, 0, 0, 0, 31 ]
[ 2, 0, 5, -9, 1, 0, 1, 0, 18 ]
[ 1, -7, 0, 0, 1, 7, 0, 0, 31 ]
[ -1, 7, 0, 0, -4, 3, 0, 1, 7 ]
[ 0, 1, 7, -1, 7, 0, 0, 0, 31 ]
[ 0, 4, -3, -1, 7, 0, 0, 1, 7 ]
[ 1, 2, 1, 0, 1, 7, 0, 0, 31 ]
[ -1, -2, -1, 0, -4, 3, 0, 1, 7 ]
[ -1, 0, -18, -3, -1, 1, 0, 0, 31 ]
[ -2, 0, -5, -3, -1, 1, 1, 0, 18 ]
[ 9, -1, 0, 1, 0, 18, 0, 0, 31 ]
[ 9, -1, 0, 2, 0, 5, 1, 0, 18 ]
[ 31, 0, 0, 3, 1, 0, -12, 0, 1 ]
[ 1, -10, 0, 0, 31, 0, 0, 4, 1 ]
[ 3, 1, 0, -1, 10, 0, 0, 4, 1 ]
[ 12, 0, -1, 3, 1, 0, -5, 0, 3 ]
[ 1, -10, 0, 0, 1, 8, 0, 0, 31 ]
[ 1, -10, 0, 0, 4, 1, 0, 1, 8 ]
[ 0, 1, 8, -1, 10, 0, 0, 0, 31 ]
[ 0, 4, 1, -1, 10, 0, 0, 1, 8 ]
[ 3, 1, 0, 0, 4, 1, 1, 2, 3 ]
[ 5, 0, -3, 3, 1, 0, 2, 0, 5 ]
[ 1, 2, 3, 0, 1, 8, 0, 0, 31 ]
[ 1, 2, 3, 0, 4, 1, 0, 1, 8 ]
[ 1, 1, -5, 1, 2, 3, 0, 0, 31 ]
[ 3, 1, 0, 1, 2, 3, -1, -1, 5 ]
[ 1, 0, 18, 3, 1, 0, 0, 0, 31 ]
[ 2, 0, 5, 3, 1, 0, 1, 0, 18 ]
[ -1, 0, -18, -1, -1, 5, 0, 0, 31 ]
[ -3, -1, 0, 1, 0, 18, 0, 0, 31 ]
[ -3, -1, 0, -1, -1, 5, 1, 0, 18 ]
[ 31, 0, 0, 15, 1, 0, -12, 0, 1 ]
[ 1, -2, 0, 0, 31, 0, 0, 7, 1 ]
[ 15, 1, 0, -1, 2, 0, 3, 1, 1 ]
[ 12, 0, -1, 15, 1, 0, -5, 0, 3 ]
[ 1, -2, 0, 0, 7, 1, 0, -3, 4 ]
[ 3, 1, 1, -1, 2, 0, -1, -1, 4 ]
[ 15, 1, 0, 3, 1, 1, -5, 0, 3 ]
[ 5, 0, -3, 15, 1, 0, 2, 0, 5 ]
[ 1, -2, 0, 0, 1, 9, 0, 0, 31 ]
[ -1, 2, 0, 0, -3, 4, 0, 1, 9 ]
[ 0, 1, 9, -1, 2, 0, 0, 0, 31 ]
[ 1, 1, -4, 0, 1, 9, 0, 0, 31 ]
[ 1, 1, -4, -1, 2, 0, 0, 1, 9 ]
[ -1, 0, -18, -1, -1, 4, 0, 0, 31 ]
[ -3, -1, -1, 1, 0, 18, 0, 0, 31 ]
[ -3, -1, -1, -1, -1, 4, 1, 0, 18 ]
[ 5, 0, -3, 3, 1, 1, 2, 0, 5 ]
[ 15, 1, 0, -5, 0, 3, 2, 0, 5 ]
[ 1, 0, 18, 15, 1, 0, 0, 0, 31 ]
[ 2, 0, 5, 15, 1, 0, 1, 0, 18 ]
[ 1, 0, 18, 3, 1, 1, 0, 0, 31 ]
[ 2, 0, 5, 3, 1, 1, 1, 0, 18 ]
[ -15, -1, 0, 1, 0, 18, 0, 0, 31 ]
[ -15, -1, 0, 2, 0, 5, 1, 0, 18 ]
[ 31, 0, 0, -4, 1, 0, -12, 0, 1 ]
[ 1, -8, 0, 0, 31, 0, 0, -3, 1 ]
[ 4, -1, 0, -1, 8, 0, 0, -3, 1 ]
[ 12, 0, -1, -4, 1, 0, -5, 0, 3 ]
[ 1, -8, 0, 0, 1, 10, 0, 0, 31 ]
[ -1, 8, 0, 0, -3, 1, 0, 1, 10 ]
[ 0, 1, 10, -1, 8, 0, 0, 0, 31 ]
[ 0, 3, -1, -1, 8, 0, 0, 1, 10 ]
[ -4, 1, 0, 0, -3, 1, -1, -1, 3 ]
[ 5, 0, -3, -4, 1, 0, 2, 0, 5 ]
[ 1, 1, -3, 0, 1, 10, 0, 0, 31 ]
[ -1, -1, 3, 0, -3, 1, 0, 1, 10 ]
[ -4, 1, 0, -1, -1, 3, 2, 0, 5 ]
[ 1, 0, 18, -4, 1, 0, 0, 0, 31 ]
[ 2, 0, 5, -4, 1, 0, 1, 0, 18 ]
[ -1, 0, -18, -1, -1, 3, 0, 0, 31 ]
[ -2, 0, -5, -1, -1, 3, 1, 0, 18 ]
[ 4, -1, 0, 1, 0, 18, 0, 0, 31 ]
[ 4, -1, 0, 2, 0, 5, 1, 0, 18 ]
[ 31, 0, 0, 8, 1, 0, -12, 0, 1 ]
[ 1, 4, 0, 0, 31, 0, 0, -14, 1 ]
[ 8, 1, 0, 1, 4, 0, 4, 2, 1 ]
[ 12, 0, -1, 8, 1, 0, -5, 0, 3 ]
[ -1, -4, 0, 0, -14, 1, 0, 3, 2 ]
[ 4, 2, 1, 1, 4, 0, -1, -1, 2 ]
[ 8, 1, 0, 4, 2, 1, 3, 1, 3 ]
[ 5, 0, -3, 8, 1, 0, 2, 0, 5 ]
[ 1, 4, 0, 0, 1, 11, 0, 0, 31 ]
[ 1, 4, 0, 0, 3, 2, 0, 1, 11 ]
[ 0, -1, -11, 1, 4, 0, 0, 0, 31 ]
[ 1, 1, -2, 0, 1, 11, 0, 0, 31 ]
[ 1, 1, -2, 1, 4, 0, 0, 1, 11 ]
[ -2, -1, -16, -1, -1, 2, 0, 0, 31 ]
[ -4, -2, -1, -1, -1, 2, 2, 1, 16 ]
[ 3, 1, 3, 2, 1, 16, 0, 0, 31 ]
[ 3, 1, 3, 4, 2, 1, 2, 1, 16 ]
[ 8, 1, 0, 3, 1, 3, 2, 0, 5 ]
[ 1, 0, 18, 8, 1, 0, 0, 0, 31 ]
[ 2, 0, 5, 8, 1, 0, 1, 0, 18 ]
[ 1, 0, 18, 3, 1, 3, 0, 0, 31 ]
[ 2, 0, 5, 3, 1, 3, 1, 0, 18 ]
[ -8, -1, 0, 1, 0, 18, 0, 0, 31 ]
[ -8, -1, 0, 2, 0, 5, 1, 0, 18 ]
[ 31, 0, 0, -11, 1, 0, -12, 0, 1 ]
[ 11, -1, 0, -2, 3, 0, -1, -1, 1 ]
[ 12, 0, -1, -11, 1, 0, -5, 0, 3 ]
[ 1, -17, 0, 0, 31, 0, 0, 13, 1 ]
[ 2, -3, 0, -1, 17, 0, 1, -4, 1 ]
[ 1, -1, 6, -2, 3, 0, 0, 0, 31 ]
[ 1, 1, -1, -2, 3, 0, 1, -1, 6 ]
[ -11, 1, 0, -1, -1, 1, -5, 0, 3 ]
[ 5, 0, -3, -11, 1, 0, 2, 0, 5 ]
[ 1, -17, 0, 0, 13, 1, 0, -5, 2 ]
[ 1, -4, 1, -1, 17, 0, 0, -5, 2 ]
[ 2, -3, 0, -1, 2, 6, 0, 0, 31 ]
[ -2, 3, 0, 1, -4, 1, -1, 2, 6 ]
[ 0, -1, 19, 1, -1, 6, 0, 0, 31 ]
[ -1, -1, 1, 0, -1, 19, 0, 0, 31 ]
[ -1, -1, 1, 1, -1, 6, 0, -1, 19 ]
[ -5, 0, 3, -1, -1, 1, 2, 0, 5 ]
[ -11, 1, 0, -5, 0, 3, 2, 0, 5 ]
[ 1, 0, 18, -11, 1, 0, 0, 0, 31 ]
[ 2, 0, 5, -11, 1, 0, 1, 0, 18 ]
[ -1, 17, 0, 0, -5, 2, 0, -2, 7 ]
[ 0, 5, -2, -1, 17, 0, 0, -2, 7 ]
[ -1, 4, -1, 0, -5, 2, 0, -2, 7 ]
[ 0, -1, 19, 1, -4, 1, 0, 0, 31 ]
[ -1, 2, 6, 0, -1, 19, 0, 0, 31 ]
[ -1, 2, 6, 1, -4, 1, 0, -1, 19 ]
[ -1, 0, -18, -1, -1, 1, 0, 0, 31 ]
[ -2, 0, -5, -1, -1, 1, 1, 0, 18 ]
[ 11, -1, 0, 1, 0, 18, 0, 0, 31 ]
[ 11, -1, 0, 2, 0, 5, 1, 0, 18 ]
[ -1, 17, 0, 0, -1, 19, 0, 0, 31 ]
[ -1, 17, 0, 0, -2, 7, 0, -1, 19 ]
[ 0, 1, -19, -1, 17, 0, 0, 0, 31 ]
[ 0, 2, -7, -1, 17, 0, 0, -1, 19 ]
[ -1, 4, -1, 0, -1, 19, 0, 0, 31 ]
[ -1, 4, -1, 0, -2, 7, 0, -1, 19 ]
[ 1, 1, 0, 0, 31, 0, 0, 12, 1 ]
[ 31, 0, 0, 1, 1, 0, -12, 0, 1 ]
[ 1, 1, 0, 0, 12, 1, 0, 5, 3 ]
[ 12, 0, -1, 1, 1, 0, -5, 0, 3 ]
[ 1, 1, 0, 0, 5, 3, 0, -2, 5 ]
[ 5, 0, -3, 1, 1, 0, 2, 0, 5 ]
[ -1, -1, 0, 0, -1, 18, 0, 0, 31 ]
[ -1, -1, 0, 0, -2, 5, 0, -1, 18 ]
[ 1, 0, 18, 1, 1, 0, 0, 0, 31 ]
[ 2, 0, 5, 1, 1, 0, 1, 0, 18 ]
[ 31, 0, 0, 13, 1, 0, -12, 0, 1 ]
[ 13, 1, 0, -5, 2, 0, 1, 1, 1 ]
[ 12, 0, -1, 13, 1, 0, -5, 0, 3 ]
[ 5, -2, 0, -2, 7, 0, 1, 1, 1 ]
[ 1, 1, 1, -5, 2, 0, 1, -1, 4 ]
[ 13, 1, 0, 1, 1, 1, -5, 0, 3 ]
[ 5, 0, -3, 13, 1, 0, 2, 0, 5 ]
[ 1, -19, 0, 0, 31, 0, 0, -11, 1 ]
[ 2, -7, 0, -1, 19, 0, -1, 8, 1 ]
[ 1, 1, 1, -2, 7, 0, 0, -2, 3 ]
[ 5, -2, 0, 1, 1, 1, 1, -1, 4 ]
[ -2, 1, 9, -5, 2, 0, 0, 0, 31 ]
[ -1, 1, -4, -2, 1, 9, 0, 0, 31 ]
[ -1, 1, -4, -5, 2, 0, -2, 1, 9 ]
[ -1, 0, -18, 1, -1, 4, 0, 0, 31 ]
[ -1, -1, -1, 1, 0, 18, 0, 0, 31 ]
[ -1, -1, -1, 1, -1, 4, 1, 0, 18 ]
[ 5, 0, -3, 1, 1, 1, 2, 0, 5 ]
[ 13, 1, 0, -5, 0, 3, 2, 0, 5 ]
[ 1, 0, 18, 13, 1, 0, 0, 0, 31 ]
[ 2, 0, 5, 13, 1, 0, 1, 0, 18 ]
[ -1, 19, 0, 0, -11, 1, 0, -2, 3 ]
[ 1, -8, -1, -1, 19, 0, 0, -2, 3 ]
[ 2, -7, 0, -1, 8, 1, 0, -2, 3 ]
[ -1, 4, 7, -2, 7, 0, 0, 0, 31 ]
[ 0, 2, -3, -2, 7, 0, -1, 4, 7 ]
[ -1, -1, -1, 0, -1, 17, 0, 0, 31 ]
[ -1, -1, -1, 0, -2, 3, 0, -1, 17 ]
[ 1, 0, 18, 1, 1, 1, 0, 0, 31 ]
[ 1, -1, 4, 1, 0, 18, 0, 0, 31 ]
[ 1, -1, 4, 1, 1, 1, 1, 0, 18 ]
[ -2, 1, 9, 1, -1, 4, 0, 0, 31 ]
[ 5, -2, 0, -2, 1, 9, 0, 0, 31 ]
[ -5, 2, 0, 1, -1, 4, -2, 1, 9 ]
[ 1, 0, 18, 1, 1, 1, 0, 0, 31 ]
[ 2, 0, 5, 1, 1, 1, 1, 0, 18 ]
[ -13, -1, 0, 1, 0, 18, 0, 0, 31 ]
[ -13, -1, 0, 2, 0, 5, 1, 0, 18 ]
[ -1, 19, 0, 0, -1, 17, 0, 0, 31 ]
[ -1, 19, 0, 0, -2, 3, 0, -1, 17 ]
[ 0, 1, -17, -1, 19, 0, 0, 0, 31 ]
[ 0, 2, -3, -1, 19, 0, 0, -1, 17 ]
[ -1, 8, 1, 0, -1, 17, 0, 0, 31 ]
[ -1, 8, 1, 0, -2, 3, 0, -1, 17 ]
[ 0, 1, -17, -1, 8, 1, 0, 0, 31 ]
[ 0, 2, -3, -1, 8, 1, 0, -1, 17 ]
[ 2, -7, 0, -1, 4, 7, 0, 0, 31 ]
[ -2, 7, 0, 0, -2, 3, -1, 4, 7 ]
[ 0, 1, -17, -1, 4, 7, 0, 0, 31 ]
[ 0, 2, -3, -1, 4, 7, 0, -1, 17 ]
[ -1, 4, 7, 0, -1, 17, 0, 0, 31 ]
[ -1, 4, 7, 0, -2, 3, 0, -1, 17 ]
[ 31, 0, 0, -6, 1, 0, -12, 0, 1 ]
[ 1, 5, 0, 0, 31, 0, 0, -2, 1 ]
[ 6, -1, 0, 1, 5, 0, 0, -2, 1 ]
[ 12, 0, -1, -6, 1, 0, -5, 0, 3 ]
[ -1, -5, 0, 0, -1, 16, 0, 0, 31 ]
[ -1, -5, 0, 0, -2, 1, 0, -1, 16 ]
[ 0, -1, 16, 1, 5, 0, 0, 0, 31 ]
[ 0, -2, 1, 1, 5, 0, 0, -1, 16 ]
[ -6, 1, 0, 0, -2, 1, 1, -1, 3 ]
[ 5, 0, -3, -6, 1, 0, 2, 0, 5 ]
[ -1, 1, -3, 0, -1, 16, 0, 0, 31 ]
[ -1, 1, -3, 0, -2, 1, 0, -1, 16 ]
[ -6, 1, 0, 1, -1, 3, 2, 0, 5 ]
[ 1, 0, 18, -6, 1, 0, 0, 0, 31 ]
[ 2, 0, 5, -6, 1, 0, 1, 0, 18 ]
[ -1, 0, -18, 1, -1, 3, 0, 0, 31 ]
[ -2, 0, -5, 1, -1, 3, 1, 0, 18 ]
[ 6, -1, 0, 1, 0, 18, 0, 0, 31 ]
[ 6, -1, 0, 2, 0, 5, 1, 0, 18 ]
[ 31, 0, 0, 6, 1, 0, -12, 0, 1 ]
[ 1, -5, 0, 0, 31, 0, 0, 2, 1 ]
[ 6, 1, 0, -1, 5, 0, 0, 2, 1 ]
[ 12, 0, -1, 6, 1, 0, -5, 0, 3 ]
[ 1, -5, 0, 0, 1, 16, 0, 0, 31 ]
[ 1, -5, 0, 0, 2, 1, 0, 1, 16 ]
[ 0, 1, 16, -1, 5, 0, 0, 0, 31 ]
[ 0, 2, 1, -1, 5, 0, 0, 1, 16 ]
[ 6, 1, 0, 0, 2, 1, 1, 1, 3 ]
[ 5, 0, -3, 6, 1, 0, 2, 0, 5 ]
[ 1, 1, 3, 0, 1, 16, 0, 0, 31 ]
[ 1, 1, 3, 0, 2, 1, 0, 1, 16 ]
[ 6, 1, 0, 1, 1, 3, 2, 0, 5 ]
[ 1, 0, 18, 6, 1, 0, 0, 0, 31 ]
[ 2, 0, 5, 6, 1, 0, 1, 0, 18 ]
[ 1, 0, 18, 1, 1, 3, 0, 0, 31 ]
[ 2, 0, 5, 1, 1, 3, 1, 0, 18 ]
[ -6, -1, 0, 1, 0, 18, 0, 0, 31 ]
[ -6, -1, 0, 2, 0, 5, 1, 0, 18 ]
[ 31, 0, 0, -13, 1, 0, -12, 0, 1 ]
[ 13, -1, 0, 5, 2, 0, 1, -1, 1 ]
[ 12, 0, -1, -13, 1, 0, -5, 0, 3 ]
[ 5, 2, 0, 2, 7, 0, 1, -1, 1 ]
[ 1, -1, 1, 5, 2, 0, 1, 1, 4 ]
[ -13, 1, 0, 1, -1, 1, -5, 0, 3 ]
[ 5, 0, -3, -13, 1, 0, 2, 0, 5 ]
[ 1, 19, 0, 0, 31, 0, 0, 11, 1 ]
[ 2, 7, 0, 1, 19, 0, -1, -8, 1 ]
[ 1, -1, 1, 2, 7, 0, 0, 2, 3 ]
[ -5, -2, 0, 1, -1, 1, 1, 1, 4 ]
[ -2, -1, 9, 5, 2, 0, 0, 0, 31 ]
[ 1, 1, 4, -2, -1, 9, 0, 0, 31 ]
[ -1, -1, -4, 5, 2, 0, -2, -1, 9 ]
[ 1, 0, 18, 1, 1, 4, 0, 0, 31 ]
[ 1, -1, 1, 1, 0, 18, 0, 0, 31 ]
[ 1, -1, 1, 1, 1, 4, 1, 0, 18 ]
[ -5, 0, 3, 1, -1, 1, 2, 0, 5 ]
[ -13, 1, 0, -5, 0, 3, 2, 0, 5 ]
[ 1, 0, 18, -13, 1, 0, 0, 0, 31 ]
[ 2, 0, 5, -13, 1, 0, 1, 0, 18 ]
[ 1, 19, 0, 0, 11, 1, 0, 2, 3 ]
[ 1, 8, -1, 1, 19, 0, 0, 2, 3 ]
[ -2, -7, 0, -1, -8, 1, 0, 2, 3 ]
[ 1, 3, 7, 2, 7, 0, 0, 0, 31 ]
[ 0, -2, -3, 2, 7, 0, 1, 3, 7 ]
[ 1, -1, 1, 0, 1, 17, 0, 0, 31 ]
[ 1, -1, 1, 0, 2, 3, 0, 1, 17 ]
[ -1, 0, -18, 1, -1, 1, 0, 0, 31 ]
[ -1, -1, -4, 1, 0, 18, 0, 0, 31 ]
[ -1, -1, -4, 1, -1, 1, 1, 0, 18 ]
[ 2, 1, -9, 1, 1, 4, 0, 0, 31 ]
[ -5, -2, 0, -2, -1, 9, 0, 0, 31 ]
[ 5, 2, 0, 1, 1, 4, -2, -1, 9 ]
[ -1, 0, -18, 1, -1, 1, 0, 0, 31 ]
[ -2, 0, -5, 1, -1, 1, 1, 0, 18 ]
[ 13, -1, 0, 1, 0, 18, 0, 0, 31 ]
[ 13, -1, 0, 2, 0, 5, 1, 0, 18 ]
[ 1, 19, 0, 0, 1, 17, 0, 0, 31 ]
[ 1, 19, 0, 0, 2, 3, 0, 1, 17 ]
[ 0, -1, -17, 1, 19, 0, 0, 0, 31 ]
[ 0, -2, -3, 1, 19, 0, 0, 1, 17 ]
[ 1, 8, -1, 0, 1, 17, 0, 0, 31 ]
[ 1, 8, -1, 0, 2, 3, 0, 1, 17 ]
[ 0, 1, 17, -1, -8, 1, 0, 0, 31 ]
[ 0, 2, 3, -1, -8, 1, 0, 1, 17 ]
[ -2, -7, 0, 1, 3, 7, 0, 0, 31 ]
[ 2, 7, 0, 0, 2, 3, 1, 3, 7 ]
[ 0, -1, -17, 1, 3, 7, 0, 0, 31 ]
[ 0, -2, -3, 1, 3, 7, 0, 1, 17 ]
[ 1, 3, 7, 0, 1, 17, 0, 0, 31 ]
[ 1, 3, 7, 0, 2, 3, 0, 1, 17 ]
[ 1, -1, 0, 0, 31, 0, 0, -12, 1 ]
[ 31, 0, 0, -1, 1, 0, -12, 0, 1 ]
[ -1, 1, 0, 0, -12, 1, 0, -5, 3 ]
[ 12, 0, -1, -1, 1, 0, -5, 0, 3 ]
[ -1, 1, 0, 0, -5, 3, 0, 2, 5 ]
[ 5, 0, -3, -1, 1, 0, 2, 0, 5 ]
[ 1, -1, 0, 0, 1, 18, 0, 0, 31 ]
[ 1, -1, 0, 0, 2, 5, 0, 1, 18 ]
[ 1, 0, 18, -1, 1, 0, 0, 0, 31 ]
[ 2, 0, 5, -1, 1, 0, 1, 0, 18 ]
[ 31, 0, 0, 11, 1, 0, -12, 0, 1 ]
[ 11, 1, 0, 2, 3, 0, -1, 1, 1 ]
[ 12, 0, -1, 11, 1, 0, -5, 0, 3 ]
[ 1, 17, 0, 0, 31, 0, 0, -13, 1 ]
[ 2, 3, 0, 1, 17, 0, 1, 4, 1 ]
[ 1, 1, 6, 2, 3, 0, 0, 0, 31 ]
[ 1, -1, -1, 2, 3, 0, 1, 1, 6 ]
[ 11, 1, 0, -1, 1, 1, -5, 0, 3 ]
[ 5, 0, -3, 11, 1, 0, 2, 0, 5 ]
[ -1, -17, 0, 0, -13, 1, 0, 5, 2 ]
[ 1, 4, 1, 1, 17, 0, 0, 5, 2 ]
[ -2, -3, 0, -1, -2, 6, 0, 0, 31 ]
[ 2, 3, 0, 1, 4, 1, -1, -2, 6 ]
[ 0, -1, -19, 1, 1, 6, 0, 0, 31 ]
[ 1, -1, -1, 0, 1, 19, 0, 0, 31 ]
[ 1, -1, -1, 1, 1, 6, 0, 1, 19 ]
[ 5, 0, -3, -1, 1, 1, 2, 0, 5 ]
[ 11, 1, 0, -5, 0, 3, 2, 0, 5 ]
[ 1, 0, 18, 11, 1, 0, 0, 0, 31 ]
[ 2, 0, 5, 11, 1, 0, 1, 0, 18 ]
[ 1, 17, 0, 0, 5, 2, 0, 2, 7 ]
[ 0, -5, -2, 1, 17, 0, 0, 2, 7 ]
[ 1, 4, 1, 0, 5, 2, 0, 2, 7 ]
[ 0, -1, -19, 1, 4, 1, 0, 0, 31 ]
[ 1, 2, -6, 0, 1, 19, 0, 0, 31 ]
[ 1, 2, -6, 1, 4, 1, 0, 1, 19 ]
[ 1, 0, 18, -1, 1, 1, 0, 0, 31 ]
[ 2, 0, 5, -1, 1, 1, 1, 0, 18 ]
[ -11, -1, 0, 1, 0, 18, 0, 0, 31 ]
[ -11, -1, 0, 2, 0, 5, 1, 0, 18 ]
[ 1, 17, 0, 0, 1, 19, 0, 0, 31 ]
[ 1, 17, 0, 0, 2, 7, 0, 1, 19 ]
[ 0, -1, -19, 1, 17, 0, 0, 0, 31 ]
[ 0, -2, -7, 1, 17, 0, 0, 1, 19 ]
[ 1, 4, 1, 0, 1, 19, 0, 0, 31 ]
[ 1, 4, 1, 0, 2, 7, 0, 1, 19 ]
[ 31, 0, 0, -8, 1, 0, -12, 0, 1 ]
[ 1, -4, 0, 0, 31, 0, 0, 14, 1 ]
[ 8, -1, 0, -1, 4, 0, 4, -2, 1 ]
[ 12, 0, -1, -8, 1, 0, -5, 0, 3 ]
[ 1, -4, 0, 0, 14, 1, 0, -3, 2 ]
[ 4, -2, 1, -1, 4, 0, -1, 1, 2 ]
[ -8, 1, 0, 4, -2, 1, 3, -1, 3 ]
[ 5, 0, -3, -8, 1, 0, 2, 0, 5 ]
[ -1, 4, 0, 0, -1, 11, 0, 0, 31 ]
[ -1, 4, 0, 0, -3, 2, 0, -1, 11 ]
[ 0, 1, -11, -1, 4, 0, 0, 0, 31 ]
[ -1, 1, 2, 0, -1, 11, 0, 0, 31 ]
[ 1, -1, -2, -1, 4, 0, 0, -1, 11 ]
[ 2, -1, 16, -1, 1, 2, 0, 0, 31 ]
[ 4, -2, 1, -1, 1, 2, 2, -1, 16 ]
[ -3, 1, -3, 2, -1, 16, 0, 0, 31 ]
[ -3, 1, -3, 4, -2, 1, 2, -1, 16 ]
[ -8, 1, 0, 3, -1, 3, 2, 0, 5 ]
[ 1, 0, 18, -8, 1, 0, 0, 0, 31 ]
[ 2, 0, 5, -8, 1, 0, 1, 0, 18 ]
[ -1, 0, -18, 3, -1, 3, 0, 0, 31 ]
[ -2, 0, -5, 3, -1, 3, 1, 0, 18 ]
[ 8, -1, 0, 1, 0, 18, 0, 0, 31 ]
[ 8, -1, 0, 2, 0, 5, 1, 0, 18 ]
[ 31, 0, 0, 4, 1, 0, -12, 0, 1 ]
[ 1, 8, 0, 0, 31, 0, 0, 3, 1 ]
[ 4, 1, 0, 1, 8, 0, 0, 3, 1 ]
[ 12, 0, -1, 4, 1, 0, -5, 0, 3 ]
[ -1, -8, 0, 0, -1, 10, 0, 0, 31 ]
[ 1, 8, 0, 0, 3, 1, 0, -1, 10 ]
[ 0, -1, 10, 1, 8, 0, 0, 0, 31 ]
[ 0, -3, -1, 1, 8, 0, 0, -1, 10 ]
[ 4, 1, 0, 0, 3, 1, -1, 1, 3 ]
[ 5, 0, -3, 4, 1, 0, 2, 0, 5 ]
[ -1, 1, 3, 0, -1, 10, 0, 0, 31 ]
[ 1, -1, -3, 0, 3, 1, 0, -1, 10 ]
[ 4, 1, 0, -1, 1, 3, 2, 0, 5 ]
[ 1, 0, 18, 4, 1, 0, 0, 0, 31 ]
[ 2, 0, 5, 4, 1, 0, 1, 0, 18 ]
[ 1, 0, 18, -1, 1, 3, 0, 0, 31 ]
[ 2, 0, 5, -1, 1, 3, 1, 0, 18 ]
[ -4, -1, 0, 1, 0, 18, 0, 0, 31 ]
[ -4, -1, 0, 2, 0, 5, 1, 0, 18 ]
[ 31, 0, 0, -15, 1, 0, -12, 0, 1 ]
[ 1, 2, 0, 0, 31, 0, 0, -7, 1 ]
[ 15, -1, 0, 1, 2, 0, 3, -1, 1 ]
[ 12, 0, -1, -15, 1, 0, -5, 0, 3 ]
[ -1, -2, 0, 0, -7, 1, 0, 3, 4 ]
[ 3, -1, 1, 1, 2, 0, -1, 1, 4 ]
[ -15, 1, 0, 3, -1, 1, -5, 0, 3 ]
[ 5, 0, -3, -15, 1, 0, 2, 0, 5 ]
[ -1, -2, 0, 0, -1, 9, 0, 0, 31 ]
[ 1, 2, 0, 0, 3, 4, 0, -1, 9 ]
[ 0, -1, 9, 1, 2, 0, 0, 0, 31 ]
[ -1, 1, 4, 0, -1, 9, 0, 0, 31 ]
[ 1, -1, -4, 1, 2, 0, 0, -1, 9 ]
[ 1, 0, 18, -1, 1, 4, 0, 0, 31 ]
[ 3, -1, 1, 1, 0, 18, 0, 0, 31 ]
[ 3, -1, 1, -1, 1, 4, 1, 0, 18 ]
[ -5, 0, 3, 3, -1, 1, 2, 0, 5 ]
[ -15, 1, 0, -5, 0, 3, 2, 0, 5 ]
[ 1, 0, 18, -15, 1, 0, 0, 0, 31 ]
[ 2, 0, 5, -15, 1, 0, 1, 0, 18 ]
[ -1, 0, -18, 3, -1, 1, 0, 0, 31 ]
[ -2, 0, -5, 3, -1, 1, 1, 0, 18 ]
[ 15, -1, 0, 1, 0, 18, 0, 0, 31 ]
[ 15, -1, 0, 2, 0, 5, 1, 0, 18 ]
[ 31, 0, 0, -3, 1, 0, -12, 0, 1 ]
[ 1, 10, 0, 0, 31, 0, 0, -4, 1 ]
[ 3, -1, 0, 1, 10, 0, 0, -4, 1 ]
[ 12, 0, -1, -3, 1, 0, -5, 0, 3 ]
[ -1, -10, 0, 0, -1, 8, 0, 0, 31 ]
[ -1, -10, 0, 0, -4, 1, 0, -1, 8 ]
[ 0, -1, 8, 1, 10, 0, 0, 0, 31 ]
[ 0, -4, 1, 1, 10, 0, 0, -1, 8 ]
[ -3, 1, 0, 0, -4, 1, 1, -2, 3 ]
[ 5, 0, -3, -3, 1, 0, 2, 0, 5 ]
[ -1, 2, -3, 0, -1, 8, 0, 0, 31 ]
[ -1, 2, -3, 0, -4, 1, 0, -1, 8 ]
[ -1, 1, 5, 1, -2, 3, 0, 0, 31 ]
[ -3, 1, 0, 1, -2, 3, -1, 1, 5 ]
[ 1, 0, 18, -3, 1, 0, 0, 0, 31 ]
[ 2, 0, 5, -3, 1, 0, 1, 0, 18 ]
[ 2, -1, -18, -1, 1, 5, 0, 0, 31 ]
[ 3, -1, 0, -2, 1, 18, 0, 0, 31 ]
[ 3, -1, 0, -1, 1, 5, -2, 1, 18 ]
[ 31, 0, 0, 9, 1, 0, -12, 0, 1 ]
[ 9, 1, 0, -4, 3, 0, -3, 1, 1 ]
[ 12, 0, -1, 9, 1, 0, -5, 0, 3 ]
[ 1, 7, 0, 0, 31, 0, 0, -9, 1 ]
[ 4, -3, 0, 1, 7, 0, 1, -2, 1 ]
[ -1, 1, 6, -4, 3, 0, 0, 0, 31 ]
[ 3, -1, -1, -4, 3, 0, -1, 1, 6 ]
[ 9, 1, 0, -3, 1, 1, -5, 0, 3 ]
[ 5, 0, -3, 9, 1, 0, 2, 0, 5 ]
[ -1, -7, 0, 0, -9, 1, 0, 4, 3 ]
[ 1, -2, 1, 1, 7, 0, 0, 4, 3 ]
[ -1, 1, 6, 1, -2, 1, 0, 0, 31 ]
[ 4, -3, 0, -1, 1, 6, 0, 0, 31 ]
[ -4, 3, 0, 1, -2, 1, -1, 1, 6 ]
[ 2, -1, -19, -1, 1, 6, 0, 0, 31 ]
[ 3, -1, -1, -2, 1, 19, 0, 0, 31 ]
[ 3, -1, -1, -1, 1, 6, -2, 1, 19 ]
[ 5, 0, -3, -3, 1, 1, 2, 0, 5 ]
[ 9, 1, 0, -5, 0, 3, 2, 0, 5 ]
[ 1, 0, 18, 9, 1, 0, 0, 0, 31 ]
[ 2, 0, 5, 9, 1, 0, 1, 0, 18 ]
[ -1, -7, 0, 0, -1, 7, 0, 0, 31 ]
[ 1, 7, 0, 0, 4, 3, 0, -1, 7 ]
[ 0, -1, 7, 1, 7, 0, 0, 0, 31 ]
[ 0, -4, -3, 1, 7, 0, 0, -1, 7 ]
[ -1, 2, -1, 0, -1, 7, 0, 0, 31 ]
[ 1, -2, 1, 0, 4, 3, 0, -1, 7 ]
[ 1, 0, 18, -3, 1, 1, 0, 0, 31 ]
[ 2, 0, 5, -3, 1, 1, 1, 0, 18 ]
[ -9, -1, 0, 1, 0, 18, 0, 0, 31 ]
[ -9, -1, 0, 2, 0, 5, 1, 0, 18 ]
[ 31, 0, 0, -10, 1, 0, -12, 0, 1 ]
[ 1, 3, 0, 0, 31, 0, 0, 5, 1 ]
[ 10, -1, 0, 1, 3, 0, -2, -1, 1 ]
[ 12, 0, -1, -10, 1, 0, -5, 0, 3 ]
[ -1, -3, 0, 0, -1, 6, 0, 0, 31 ]
[ 1, 3, 0, 0, 5, 1, 0, -1, 6 ]
[ 0, -1, 6, 1, 3, 0, 0, 0, 31 ]
[ 2, 1, -1, 1, 3, 0, 0, -1, 6 ]
[ -10, 1, 0, -2, -1, 1, -5, 0, 3 ]
[ 5, 0, -3, -10, 1, 0, 2, 0, 5 ]
[ -1, -1, 19, 0, -1, 6, 0, 0, 31 ]
[ -2, -1, 1, -1, -1, 19, 0, 0, 31 ]
[ -2, -1, 1, 0, -1, 6, -1, -1, 19 ]
[ -5, 0, 3, -2, -1, 1, 2, 0, 5 ]
[ -10, 1, 0, -5, 0, 3, 2, 0, 5 ]
[ 1, 0, 18, -10, 1, 0, 0, 0, 31 ]
[ 2, 0, 5, -10, 1, 0, 1, 0, 18 ]
[ -1, 0, -18, -2, -1, 1, 0, 0, 31 ]
[ -2, 0, -5, -2, -1, 1, 1, 0, 18 ]
[ 10, -1, 0, 1, 0, 18, 0, 0, 31 ]
[ 10, -1, 0, 2, 0, 5, 1, 0, 18 ]
[ 31, 0, 0, 2, 1, 0, -12, 0, 1 ]
[ 1, 16, 0, 0, 31, 0, 0, 6, 1 ]
[ 2, 1, 0, 1, 16, 0, 0, 6, 1 ]
[ 12, 0, -1, 2, 1, 0, -5, 0, 3 ]
[ -1, -16, 0, 0, -1, 5, 0, 0, 31 ]
[ 1, 16, 0, 0, 6, 1, 0, -1, 5 ]
[ 0, -1, 5, 1, 16, 0, 0, 0, 31 ]
[ 0, -6, -1, 1, 16, 0, 0, -1, 5 ]
[ 2, 1, 0, 0, 6, 1, 1, 3, 3 ]
[ 5, 0, -3, 2, 1, 0, 2, 0, 5 ]
[ -1, -3, -3, 0, -1, 5, 0, 0, 31 ]
[ 1, 3, 3, 0, 6, 1, 0, -1, 5 ]
[ 0, -1, 5, 1, 3, 3, 0, 0, 31 ]
[ 2, 1, 0, 1, 3, 3, 0, -1, 5 ]
[ 1, 0, 18, 2, 1, 0, 0, 0, 31 ]
[ 2, 0, 5, 2, 1, 0, 1, 0, 18 ]
[ -1, 0, -18, 0, -1, 5, 0, 0, 31 ]
[ -2, -1, 0, 1, 0, 18, 0, 0, 31 ]
[ -2, -1, 0, 0, -1, 5, 1, 0, 18 ]
[ 31, 0, 0, 14, 1, 0, -12, 0, 1 ]
[ 14, 1, 0, -3, 2, 0, 2, 1, 1 ]
[ 12, 0, -1, 14, 1, 0, -5, 0, 3 ]
[ 1, -11, 0, 0, 31, 0, 0, -8, 1 ]
[ 3, -2, 0, -1, 11, 0, -1, 3, 1 ]
[ 2, 1, 1, -3, 2, 0, 0, -1, 4 ]
[ 14, 1, 0, 2, 1, 1, -5, 0, 3 ]
[ 5, 0, -3, 14, 1, 0, 2, 0, 5 ]
[ -1, 11, 0, 0, -1, 4, 0, 0, 31 ]
[ -1, 11, 0, 0, -8, 1, 0, -1, 4 ]
[ 0, 1, -4, -1, 11, 0, 0, 0, 31 ]
[ -1, 3, 1, 0, -1, 4, 0, 0, 31 ]
[ 1, -3, -1, -1, 11, 0, 0, -1, 4 ]
[ 0, 1, -4, -1, 3, 1, 0, 0, 31 ]
[ 3, -2, 0, -1, 3, 1, 0, -1, 4 ]
[ -1, 1, 9, -3, 2, 0, 0, 0, 31 ]
[ 0, 1, -4, -1, 1, 9, 0, 0, 31 ]
[ 0, 1, -4, -3, 2, 0, -1, 1, 9 ]
[ -1, 0, -18, 0, -1, 4, 0, 0, 31 ]
[ -2, -1, -1, 1, 0, 18, 0, 0, 31 ]
[ -2, -1, -1, 0, -1, 4, 1, 0, 18 ]
[ 5, 0, -3, 2, 1, 1, 2, 0, 5 ]
[ 14, 1, 0, -5, 0, 3, 2, 0, 5 ]
[ 1, 0, 18, 14, 1, 0, 0, 0, 31 ]
[ 2, 0, 5, 14, 1, 0, 1, 0, 18 ]
[ -1, 1, 9, 0, -1, 4, 0, 0, 31 ]
[ 3, -2, 0, -1, 1, 9, 0, 0, 31 ]
[ -3, 2, 0, 0, -1, 4, -1, 1, 9 ]
[ 1, 0, 18, 2, 1, 1, 0, 0, 31 ]
[ 2, 0, 5, 2, 1, 1, 1, 0, 18 ]
[ -14, -1, 0, 1, 0, 18, 0, 0, 31 ]
[ -14, -1, 0, 2, 0, 5, 1, 0, 18 ]
[ 31, 0, 0, -5, 1, 0, -12, 0, 1 ]
[ 1, 6, 0, 0, 31, 0, 0, 10, 1 ]
[ 5, -1, 0, 1, 6, 0, -2, -2, 1 ]
[ 12, 0, -1, -5, 1, 0, -5, 0, 3 ]
[ -1, -6, 0, 0, -1, 3, 0, 0, 31 ]
[ 1, 6, 0, 0, 10, 1, 0, -1, 3 ]
[ 0, -1, 3, 1, 6, 0, 0, 0, 31 ]
[ 2, 2, -1, 1, 6, 0, 0, -1, 3 ]
[ -5, 1, 0, -2, -2, 1, 0, -1, 3 ]
[ 5, 0, -3, -5, 1, 0, 2, 0, 5 ]
[ -1, -1, 16, 0, -1, 3, 0, 0, 31 ]
[ -2, -2, 1, 0, -1, 3, -1, -1, 16 ]
[ 0, 1, -3, -1, -1, 16, 0, 0, 31 ]
[ 0, 1, -3, -2, -2, 1, -1, -1, 16 ]
[ -5, 1, 0, 0, -1, 3, 2, 0, 5 ]
[ 1, 0, 18, -5, 1, 0, 0, 0, 31 ]
[ 2, 0, 5, -5, 1, 0, 1, 0, 18 ]
[ -1, 0, -18, 0, -1, 3, 0, 0, 31 ]
[ -2, 0, -5, 0, -1, 3, 1, 0, 18 ]
[ 5, -1, 0, 1, 0, 18, 0, 0, 31 ]
[ 5, -1, 0, 2, 0, 5, 1, 0, 18 ]
[ 31, 0, 0, 7, 1, 0, -12, 0, 1 ]
[ 7, 1, 0, -3, 4, 0, 2, 2, 1 ]
[ 12, 0, -1, 7, 1, 0, -5, 0, 3 ]
[ 1, 9, 0, 0, 31, 0, 0, 15, 1 ]
[ 3, -4, 0, 1, 9, 0, -1, 6, 1 ]
[ 2, 2, 1, -3, 4, 0, 0, -1, 2 ]
[ 7, 1, 0, 2, 2, 1, 2, 1, 3 ]
[ 5, 0, -3, 7, 1, 0, 2, 0, 5 ]
[ -1, -9, 0, 0, -1, 2, 0, 0, 31 ]
[ 1, 9, 0, 0, 15, 1, 0, -1, 2 ]
[ 0, -1, 2, 1, 9, 0, 0, 0, 31 ]
[ -1, 6, 1, 0, -1, 2, 0, 0, 31 ]
[ 1, -6, -1, 1, 9, 0, 0, -1, 2 ]
[ 0, 1, -2, -1, 6, 1, 0, 0, 31 ]
[ 3, -4, 0, -1, 6, 1, 0, -1, 2 ]
[ 1, -1, -11, -3, 4, 0, 0, 0, 31 ]
[ 0, 1, -2, -1, 1, 11, 0, 0, 31 ]
[ 0, 1, -2, -3, 4, 0, -1, 1, 11 ]
[ -1, -1, -16, 0, -1, 2, 0, 0, 31 ]
[ -2, -2, -1, 0, -1, 2, 1, 1, 16 ]
[ 2, 1, 3, 1, 1, 16, 0, 0, 31 ]
[ 2, 1, 3, 2, 2, 1, 1, 1, 16 ]
[ 7, 1, 0, 2, 1, 3, 2, 0, 5 ]
[ 1, 0, 18, 7, 1, 0, 0, 0, 31 ]
[ 2, 0, 5, 7, 1, 0, 1, 0, 18 ]
[ -1, 1, 11, 0, -1, 2, 0, 0, 31 ]
[ -3, 4, 0, -1, 1, 11, 0, 0, 31 ]
[ -3, 4, 0, 0, -1, 2, -1, 1, 11 ]
[ 1, 0, 18, 2, 1, 3, 0, 0, 31 ]
[ 2, 0, 5, 2, 1, 3, 1, 0, 18 ]
[ -7, -1, 0, 1, 0, 18, 0, 0, 31 ]
[ -7, -1, 0, 2, 0, 5, 1, 0, 18 ]
[ 31, 0, 0, -12, 1, 0, -12, 0, 1 ]
[ 12, -1, 0, -5, 3, 0, 0, -1, 1 ]
[ 12, 0, -1, -12, 1, 0, -5, 0, 3 ]
[ 5, -3, 0, 2, 5, 0, 0, -1, 1 ]
[ 2, -1, 6, -5, 3, 0, 0, 0, 31 ]
[ 0, 1, -1, -5, 3, 0, 2, -1, 6 ]
[ -12, 1, 0, 0, -1, 1, -5, 0, 3 ]
[ 5, 0, -3, -12, 1, 0, 2, 0, 5 ]
[ -1, -18, 0, 0, -1, 1, 0, 0, 31 ]
[ 1, 18, 0, 0, 31, 0, 0, -1, 1 ]
[ 0, -1, 1, 1, 18, 0, 0, 0, 31 ]
[ 2, 5, 0, 1, 18, 0, 0, -1, 1 ]
[ 1, 2, 16, 2, 5, 0, 0, 0, 31 ]
[ 0, -1, 1, 1, 2, 16, 0, 0, 31 ]
[ 0, -1, 1, 2, 5, 0, 1, 2, 16 ]
[ 5, -3, 0, 2, -1, 6, 0, 0, 31 ]
[ -5, 3, 0, 0, -1, 1, 2, -1, 6 ]
[ 1, -1, 19, 2, -1, 6, 0, 0, 31 ]
[ 0, -1, 1, 1, -1, 19, 0, 0, 31 ]
[ 0, -1, 1, 2, -1, 6, 1, -1, 19 ]
[ -5, 0, 3, 0, -1, 1, 2, 0, 5 ]
[ -12, 1, 0, -5, 0, 3, 2, 0, 5 ]
[ 1, 0, 18, -12, 1, 0, 0, 0, 31 ]
[ 2, 0, 5, -12, 1, 0, 1, 0, 18 ]
[ -1, -2, -16, 0, -1, 1, 0, 0, 31 ]
[ -2, -5, 0, 1, 2, 16, 0, 0, 31 ]
[ -2, -5, 0, 0, -1, 1, 1, 2, 16 ]
[ -1, 1, -19, 0, -1, 1, 0, 0, 31 ]
[ -2, 1, -6, 1, -1, 19, 0, 0, 31 ]
[ -2, 1, -6, 0, -1, 1, 1, -1, 19 ]
[ -1, 0, -18, 0, -1, 1, 0, 0, 31 ]
[ -2, 0, -5, 0, -1, 1, 1, 0, 18 ]
[ 12, -1, 0, 1, 0, 18, 0, 0, 31 ]
[ 12, -1, 0, 2, 0, 5, 1, 0, 18 ]
[ 31, 0, 0, 0, 1, 0, -13, 0, 1 ]
[ 13, 0, -1, 0, 1, 0, 5, 0, 2 ]
[ 5, 0, 2, 0, 1, 0, 2, 0, 7 ]
[ 1, 0, 19, 0, 1, 0, 0, 0, 31 ]
[ 2, 0, 7, 0, 1, 0, 1, 0, 19 ]
[ 31, 0, 0, 13, 1, 0, -13, 0, 1 ]
[ 13, 1, 0, -5, 2, 0, 0, 1, 1 ]
[ 13, 0, -1, 13, 1, 0, 5, 0, 2 ]
[ 5, -2, 0, -2, 7, 0, 0, 1, 1 ]
[ -2, 1, -6, -5, 2, 0, 0, 0, 31 ]
[ 0, 1, 1, -5, 2, 0, 2, -1, 6 ]
[ 13, 1, 0, 0, 1, 1, 5, 0, 2 ]
[ 5, 0, 2, 13, 1, 0, 2, 0, 7 ]
[ 1, -19, 0, 0, 1, 1, 0, 0, 31 ]
[ 1, -19, 0, 0, 31, 0, 0, 1, 1 ]
[ 0, 1, 1, -1, 19, 0, 0, 0, 31 ]
[ 2, -7, 0, -1, 19, 0, 0, 1, 1 ]
[ -1, 4, 16, -2, 7, 0, 0, 0, 31 ]
[ 0, 1, 1, -1, 4, 16, 0, 0, 31 ]
[ 0, 1, 1, -2, 7, 0, -1, 4, 16 ]
[ -5, 2, 0, 2, -1, 6, 0, 0, 31 ]
[ 5, -2, 0, 0, 1, 1, 2, -1, 6 ]
[ -1, 0, -19, 2, -1, 6, 0, 0, 31 ]
[ 0, -1, -1, 1, 0, 19, 0, 0, 31 ]
[ 0, -1, -1, 2, -1, 6, 1, 0, 19 ]
[ 5, 0, 2, 0, 1, 1, 2, 0, 7 ]
[ -13, -1, 0, 5, 0, 2, 2, 0, 7 ]
[ 1, 0, 19, 13, 1, 0, 0, 0, 31 ]
[ 2, 0, 7, 13, 1, 0, 1, 0, 19 ]
[ 1, -4, -16, 0, 1, 1, 0, 0, 31 ]
[ 2, -7, 0, -1, 4, 16, 0, 0, 31 ]
[ 2, -7, 0, 0, 1, 1, -1, 4, 16 ]
[ 1, 0, 19, 0, 1, 1, 0, 0, 31 ]
[ 2, -1, 6, 1, 0, 19, 0, 0, 31 ]
[ 2, -1, 6, 0, 1, 1, 1, 0, 19 ]
[ 1, 0, 19, 0, 1, 1, 0, 0, 31 ]
[ 2, 0, 7, 0, 1, 1, 1, 0, 19 ]
[ -13, -1, 0, 1, 0, 19, 0, 0, 31 ]
[ -13, -1, 0, 2, 0, 7, 1, 0, 19 ]
[ 31, 0, 0, -5, 1, 0, -13, 0, 1 ]
[ 1, 6, 0, 0, 31, 0, 0, -15, 1 ]
[ 5, -1, 0, 1, 6, 0, 2, -3, 1 ]
[ 13, 0, -1, -5, 1, 0, 5, 0, 2 ]
[ 1, 6, 0, 0, 1, 2, 0, 0, 31 ]
[ -1, -6, 0, 0, -15, 1, 0, 1, 2 ]
[ 0, -1, -2, 1, 6, 0, 0, 0, 31 ]
[ 2, -3, 1, 1, 6, 0, 0, 1, 2 ]
[ -5, 1, 0, 2, -3, 1, 0, 1, 2 ]
[ 5, 0, 2, -5, 1, 0, 2, 0, 7 ]
[ 1, -1, 17, 0, 1, 2, 0, 0, 31 ]
[ 2, -3, 1, 1, -1, 17, 0, 0, 31 ]
[ 2, -3, 1, 0, 1, 2, 1, -1, 17 ]
[ -1, 1, -17, 2, -3, 1, 0, 0, 31 ]
[ 0, -1, -2, 1, -1, 17, 0, 0, 31 ]
[ 0, -1, -2, 2, -3, 1, 1, -1, 17 ]
[ 5, -1, 0, 0, 1, 2, 2, 0, 7 ]
[ 1, 0, 19, -5, 1, 0, 0, 0, 31 ]
[ 2, 0, 7, -5, 1, 0, 1, 0, 19 ]
[ 1, 0, 19, 0, 1, 2, 0, 0, 31 ]
[ 2, 0, 7, 0, 1, 2, 1, 0, 19 ]
[ 5, -1, 0, 1, 0, 19, 0, 0, 31 ]
[ 5, -1, 0, 2, 0, 7, 1, 0, 19 ]
[ 31, 0, 0, 8, 1, 0, -13, 0, 1 ]
[ 1, 4, 0, 0, 31, 0, 0, -10, 1 ]
[ 8, 1, 0, 1, 4, 0, 3, 2, 1 ]
[ 13, 0, -1, 8, 1, 0, 5, 0, 2 ]
[ 1, 4, 0, 0, 1, 3, 0, 0, 31 ]
[ -1, -4, 0, 0, -10, 1, 0, 1, 3 ]
[ 0, -1, -3, 1, 4, 0, 0, 0, 31 ]
[ 3, 2, 1, 1, 4, 0, 0, 1, 3 ]
[ 8, 1, 0, 3, 2, 1, -3, -1, 2 ]
[ 5, 0, 2, 8, 1, 0, 2, 0, 7 ]
[ 1, 1, -9, 0, 1, 3, 0, 0, 31 ]
[ -3, -2, -1, -1, -1, 9, 0, 0, 31 ]
[ 3, 2, 1, 0, 1, 3, -1, -1, 9 ]
[ 2, 1, 10, 3, 2, 1, 0, 0, 31 ]
[ 3, 1, -2, 2, 1, 10, 0, 0, 31 ]
[ 3, 1, -2, 3, 2, 1, 2, 1, 10 ]
[ -8, -1, 0, -3, -1, 2, 2, 0, 7 ]
[ 1, 0, 19, 8, 1, 0, 0, 0, 31 ]
[ 2, 0, 7, 8, 1, 0, 1, 0, 19 ]
[ -1, 0, -19, -3, -1, 2, 0, 0, 31 ]
[ -2, 0, -7, -3, -1, 2, 1, 0, 19 ]
[ -8, -1, 0, 1, 0, 19, 0, 0, 31 ]
[ -8, -1, 0, 2, 0, 7, 1, 0, 19 ]
[ 31, 0, 0, -10, 1, 0, -13, 0, 1 ]
[ 1, 3, 0, 0, 31, 0, 0, 8, 1 ]
[ 10, -1, 0, 1, 3, 0, -3, -1, 1 ]
[ 13, 0, -1, -10, 1, 0, 5, 0, 2 ]
[ 1, 3, 0, 0, 1, 4, 0, 0, 31 ]
[ 1, 3, 0, 0, 8, 1, 0, 1, 4 ]
[ 0, -1, -4, 1, 3, 0, 0, 0, 31 ]
[ 3, 1, -1, 1, 3, 0, 0, 1, 4 ]
[ -10, 1, 0, -3, -1, 1, 5, 0, 2 ]
[ 5, 0, 2, -10, 1, 0, 2, 0, 7 ]
[ 1, 0, -12, 0, 1, 4, 0, 0, 31 ]
[ 3, 1, -1, -1, 0, 12, 0, 0, 31 ]
[ 3, 1, -1, 0, 1, 4, -1, 0, 12 ]
[ -5, 0, -2, -3, -1, 1, 2, 0, 7 ]
[ 10, -1, 0, 5, 0, 2, 2, 0, 7 ]
[ 1, 0, 19, -10, 1, 0, 0, 0, 31 ]
[ 2, 0, 7, -10, 1, 0, 1, 0, 19 ]
[ -1, 0, -19, -3, -1, 1, 0, 0, 31 ]
[ -2, 0, -7, -3, -1, 1, 1, 0, 19 ]
[ 10, -1, 0, 1, 0, 19, 0, 0, 31 ]
[ 10, -1, 0, 2, 0, 7, 1, 0, 19 ]
[ 31, 0, 0, 3, 1, 0, -13, 0, 1 ]
[ 1, -10, 0, 0, 31, 0, 0, -6, 1 ]
[ 3, 1, 0, -1, 10, 0, -1, 4, 1 ]
[ 13, 0, -1, 3, 1, 0, 5, 0, 2 ]
[ 1, -10, 0, 0, 1, 5, 0, 0, 31 ]
[ -1, 10, 0, 0, -6, 1, 0, 1, 5 ]
[ 0, 1, 5, -1, 10, 0, 0, 0, 31 ]
[ 1, -4, -1, 0, 1, 5, 0, 0, 31 ]
[ 1, -4, -1, -1, 10, 0, 0, 1, 5 ]
[ 3, 1, 0, -1, 4, 1, -1, -2, 2 ]
[ 5, 0, 2, 3, 1, 0, 2, 0, 7 ]
[ 0, 1, 5, -1, 4, 1, 0, 0, 31 ]
[ 1, 2, -2, 0, 1, 5, 0, 0, 31 ]
[ 1, 2, -2, -1, 4, 1, 0, 1, 5 ]
[ -1, -1, 7, -1, -2, 2, 0, 0, 31 ]
[ -3, -1, 0, -1, -2, 2, -1, -1, 7 ]
[ 1, 0, 19, 3, 1, 0, 0, 0, 31 ]
[ 2, 0, 7, 3, 1, 0, 1, 0, 19 ]
[ -1, 0, -19, -1, -1, 7, 0, 0, 31 ]
[ -3, -1, 0, 1, 0, 19, 0, 0, 31 ]
[ -3, -1, 0, -1, -1, 7, 1, 0, 19 ]
[ 31, 0, 0, -15, 1, 0, -13, 0, 1 ]
[ 1, 2, 0, 0, 31, 0, 0, -5, 1 ]
[ 15, -1, 0, 1, 2, 0, 2, -1, 1 ]
[ 13, 0, -1, -15, 1, 0, 5, 0, 2 ]
[ 1, 2, 0, 0, 1, 6, 0, 0, 31 ]
[ -1, -2, 0, 0, -5, 1, 0, 1, 6 ]
[ 0, -1, -6, 1, 2, 0, 0, 0, 31 ]
[ 2, -1, 1, 1, 2, 0, 0, 1, 6 ]
[ -15, 1, 0, 2, -1, 1, 5, 0, 2 ]
[ 5, 0, 2, -15, 1, 0, 2, 0, 7 ]
[ 1, 0, 19, 0, 1, 6, 0, 0, 31 ]
[ 2, -1, 1, 1, 0, 19, 0, 0, 31 ]
[ 2, -1, 1, 0, 1, 6, 1, 0, 19 ]
[ -5, 0, -2, 2, -1, 1, 2, 0, 7 ]
[ 15, -1, 0, 5, 0, 2, 2, 0, 7 ]
[ 1, 0, 19, -15, 1, 0, 0, 0, 31 ]
[ 2, 0, 7, -15, 1, 0, 1, 0, 19 ]
[ -1, 0, -19, 2, -1, 1, 0, 0, 31 ]
[ -2, 0, -7, 2, -1, 1, 1, 0, 19 ]
[ 15, -1, 0, 1, 0, 19, 0, 0, 31 ]
[ 15, -1, 0, 2, 0, 7, 1, 0, 19 ]
[ 31, 0, 0, -2, 1, 0, -13, 0, 1 ]
[ 1, -16, 0, 0, 31, 0, 0, 9, 1 ]
[ 2, -1, 0, -1, 16, 0, 1, -7, 1 ]
[ 13, 0, -1, -2, 1, 0, 5, 0, 2 ]
[ 1, -16, 0, 0, 9, 1, 0, -4, 3 ]
[ 1, -7, 1, -1, 16, 0, 0, -4, 3 ]
[ -2, 1, 0, 1, -7, 1, -1, 3, 2 ]
[ 5, 0, 2, -2, 1, 0, 2, 0, 7 ]
[ 1, -16, 0, 0, 1, 7, 0, 0, 31 ]
[ -1, 16, 0, 0, -4, 3, 0, 1, 7 ]
[ 0, 1, 7, -1, 16, 0, 0, 0, 31 ]
[ 0, 4, -3, -1, 16, 0, 0, 1, 7 ]
[ 1, -7, 1, 0, 1, 7, 0, 0, 31 ]
[ -1, 7, -1, 0, -4, 3, 0, 1, 7 ]
[ 0, -1, -7, 1, -7, 1, 0, 0, 31 ]
[ 1, -3, -2, 0, 1, 7, 0, 0, 31 ]
[ -1, 3, 2, 1, -7, 1, 0, 1, 7 ]
[ 0, 1, 7, -1, 3, 2, 0, 0, 31 ]
[ 2, -1, 0, -1, 3, 2, 0, 1, 7 ]
[ 1, 0, 19, -2, 1, 0, 0, 0, 31 ]
[ 2, 0, 7, -2, 1, 0, 1, 0, 19 ]
[ 1, -1, -19, 0, 1, 7, 0, 0, 31 ]
[ 2, -1, 0, -1, 1, 19, 0, 0, 31 ]
[ 2, -1, 0, 0, 1, 7, -1, 1, 19 ]
[ 31, 0, 0, 11, 1, 0, -13, 0, 1 ]
[ 11, 1, 0, 2, 3, 0, -2, 1, 1 ]
[ 13, 0, -1, 11, 1, 0, 5, 0, 2 ]
[ 1, 17, 0, 0, 31, 0, 0, 4, 1 ]
[ 2, 3, 0, 1, 17, 0, 0, 4, 1 ]
[ 1, 1, -4, 2, 3, 0, 0, 0, 31 ]
[ 2, -1, -1, 2, 3, 0, -1, -1, 4 ]
[ 11, 1, 0, -2, 1, 1, 5, 0, 2 ]
[ 5, 0, 2, 11, 1, 0, 2, 0, 7 ]
[ 1, 17, 0, 0, 1, 8, 0, 0, 31 ]
[ 1, 17, 0, 0, 4, 1, 0, 1, 8 ]
[ 0, -1, -8, 1, 17, 0, 0, 0, 31 ]
[ 0, -4, -1, 1, 17, 0, 0, 1, 8 ]
[ 2, 3, 0, 1, 2, 4, 0, 0, 31 ]
[ 2, 3, 0, 0, 4, 1, 1, 2, 4 ]
[ -1, 0, 12, -1, -1, 4, 0, 0, 31 ]
[ -2, 1, 1, -1, 0, 12, 0, 0, 31 ]
[ -2, 1, 1, -1, -1, 4, -1, 0, 12 ]
[ 5, 0, 2, -2, 1, 1, 2, 0, 7 ]
[ -11, -1, 0, 5, 0, 2, 2, 0, 7 ]
[ 1, 0, 19, 11, 1, 0, 0, 0, 31 ]
[ 2, 0, 7, 11, 1, 0, 1, 0, 19 ]
[ 1, 2, 4, 0, 1, 8, 0, 0, 31 ]
[ 1, 2, 4, 0, 4, 1, 0, 1, 8 ]
[ 1, 0, 19, -2, 1, 1, 0, 0, 31 ]
[ 2, 0, 7, -2, 1, 1, 1, 0, 19 ]
[ -11, -1, 0, 1, 0, 19, 0, 0, 31 ]
[ -11, -1, 0, 2, 0, 7, 1, 0, 19 ]
[ 31, 0, 0, -7, 1, 0, -13, 0, 1 ]
[ 7, -1, 0, 3, 4, 0, 1, -2, 1 ]
[ 13, 0, -1, -7, 1, 0, 5, 0, 2 ]
[ 1, -9, 0, 0, 31, 0, 0, 7, 1 ]
[ 3, 4, 0, -1, 9, 0, 1, -2, 1 ]
[ 1, 1, -3, 3, 4, 0, 0, 0, 31 ]
[ 1, -2, 1, 3, 4, 0, -1, -1, 3 ]
[ -7, 1, 0, 1, -2, 1, -2, 1, 2 ]
[ 5, 0, 2, -7, 1, 0, 2, 0, 7 ]
[ 1, -9, 0, 0, 7, 1, 0, -3, 4 ]
[ 1, -2, 1, -1, 9, 0, 0, -3, 4 ]
[ 3, 4, 0, -1, -1, 3, 0, 0, 31 ]
[ -3, -4, 0, 1, -2, 1, -1, -1, 3 ]
[ 0, 1, 9, -1, -1, 3, 0, 0, 31 ]
[ 1, -2, 1, 0, 1, 9, 0, 0, 31 ]
[ -1, 2, -1, -1, -1, 3, 0, 1, 9 ]
[ -1, 1, -10, 1, -2, 1, 0, 0, 31 ]
[ -2, 1, 2, 1, -1, 10, 0, 0, 31 ]
[ -2, 1, 2, 1, -2, 1, 1, -1, 10 ]
[ 7, -1, 0, -2, 1, 2, 2, 0, 7 ]
[ 1, 0, 19, -7, 1, 0, 0, 0, 31 ]
[ 2, 0, 7, -7, 1, 0, 1, 0, 19 ]
[ 1, -9, 0, 0, 1, 9, 0, 0, 31 ]
[ -1, 9, 0, 0, -3, 4, 0, 1, 9 ]
[ 0, 1, 9, -1, 9, 0, 0, 0, 31 ]
[ 0, 3, -4, -1, 9, 0, 0, 1, 9 ]
[ -1, 2, -1, 0, -3, 4, 0, 1, 9 ]
[ 0, -1, -9, 1, -2, 1, 0, 0, 31 ]
[ 1, 1, -3, 0, 1, 9, 0, 0, 31 ]
[ -1, -1, 3, 1, -2, 1, 0, 1, 9 ]
[ 1, -2, 1, 0, 1, 9, 0, 0, 31 ]
[ 1, 0, 19, -2, 1, 2, 0, 0, 31 ]
[ 2, 0, 7, -2, 1, 2, 1, 0, 19 ]
[ 7, -1, 0, 1, 0, 19, 0, 0, 31 ]
[ 7, -1, 0, 2, 0, 7, 1, 0, 19 ]
[ 31, 0, 0, 6, 1, 0, -13, 0, 1 ]
[ 1, -5, 0, 0, 31, 0, 0, -3, 1 ]
[ 6, 1, 0, -1, 5, 0, -1, 2, 1 ]
[ 13, 0, -1, 6, 1, 0, 5, 0, 2 ]
[ 1, -5, 0, 0, 1, 10, 0, 0, 31 ]
[ -1, 5, 0, 0, -3, 1, 0, 1, 10 ]
[ 0, 1, 10, -1, 5, 0, 0, 0, 31 ]
[ 1, -2, -1, 0, 1, 10, 0, 0, 31 ]
[ 1, -2, -1, -1, 5, 0, 0, 1, 10 ]
[ 6, 1, 0, -1, 2, 1, -1, -1, 2 ]
[ 5, 0, 2, 6, 1, 0, 2, 0, 7 ]
[ 0, 1, 10, -1, 2, 1, 0, 0, 31 ]
[ 1, 1, -2, 0, 1, 10, 0, 0, 31 ]
[ 1, 1, -2, -1, 2, 1, 0, 1, 10 ]
[ -6, -1, 0, -1, -1, 2, 2, 0, 7 ]
[ 1, 0, 19, 6, 1, 0, 0, 0, 31 ]
[ 2, 0, 7, 6, 1, 0, 1, 0, 19 ]
[ -1, 0, -19, -1, -1, 2, 0, 0, 31 ]
[ -2, 0, -7, -1, -1, 2, 1, 0, 19 ]
[ -6, -1, 0, 1, 0, 19, 0, 0, 31 ]
[ -6, -1, 0, 2, 0, 7, 1, 0, 19 ]
[ 31, 0, 0, -12, 1, 0, -13, 0, 1 ]
[ 12, -1, 0, -5, 3, 0, -1, -1, 1 ]
[ 13, 0, -1, -12, 1, 0, 5, 0, 2 ]
[ 5, -3, 0, 2, 5, 0, -1, -1, 1 ]
[ 2, -1, -4, -5, 3, 0, 0, 0, 31 ]
[ 1, 1, -1, -5, 3, 0, -2, 1, 4 ]
[ -12, 1, 0, -1, -1, 1, 5, 0, 2 ]
[ 5, 0, 2, -12, 1, 0, 2, 0, 7 ]
[ 1, 18, 0, 0, 31, 0, 0, -14, 1 ]
[ 2, 5, 0, 1, 18, 0, 1, 4, 1 ]
[ 1, 2, 10, 2, 5, 0, 0, 0, 31 ]
[ 1, 1, -1, 1, 2, 10, 0, 0, 31 ]
[ 1, 1, -1, 2, 5, 0, 1, 2, 10 ]
[ -5, 3, 0, -2, 1, 4, 0, 0, 31 ]
[ -5, 3, 0, -1, -1, 1, -2, 1, 4 ]
[ 1, 0, -12, -2, 1, 4, 0, 0, 31 ]
[ 1, 1, -1, -1, 0, 12, 0, 0, 31 ]
[ 1, 1, -1, -2, 1, 4, -1, 0, 12 ]
[ -5, 0, -2, -1, -1, 1, 2, 0, 7 ]
[ 12, -1, 0, 5, 0, 2, 2, 0, 7 ]
[ 1, 0, 19, -12, 1, 0, 0, 0, 31 ]
[ 2, 0, 7, -12, 1, 0, 1, 0, 19 ]
[ -1, -18, 0, 0, -14, 1, 0, 3, 2 ]
[ 1, 4, 1, 1, 18, 0, 0, 3, 2 ]
[ 1, 3, -10, 1, 4, 1, 0, 0, 31 ]
[ -2, -5, 0, -1, -3, 10, 0, 0, 31 ]
[ 2, 5, 0, 1, 4, 1, -1, -3, 10 ]
[ -1, 0, 12, -1, -1, 1, 0, 0, 31 ]
[ -2, 1, 4, -1, 0, 12, 0, 0, 31 ]
[ -2, 1, 4, -1, -1, 1, -1, 0, 12 ]
[ -1, 0, -19, -1, -1, 1, 0, 0, 31 ]
[ -2, 0, -7, -1, -1, 1, 1, 0, 19 ]
[ 12, -1, 0, 1, 0, 19, 0, 0, 31 ]
[ 12, -1, 0, 2, 0, 7, 1, 0, 19 ]
[ 1, 18, 0, 0, 1, 11, 0, 0, 31 ]
[ 1, 18, 0, 0, 3, 2, 0, 1, 11 ]
[ 0, -1, -11, 1, 18, 0, 0, 0, 31 ]
[ 0, -3, -2, 1, 18, 0, 0, 1, 11 ]
[ 1, 4, 1, 0, 1, 11, 0, 0, 31 ]
[ 1, 4, 1, 0, 3, 2, 0, 1, 11 ]
[ 1, 1, 0, 0, 31, 0, 0, 13, 1 ]
[ 31, 0, 0, 1, 1, 0, -13, 0, 1 ]
[ 1, 1, 0, 0, 13, 1, 0, -5, 2 ]
[ 13, 0, -1, 1, 1, 0, 5, 0, 2 ]
[ -1, -1, 0, 0, -5, 2, 0, -2, 7 ]
[ 5, 0, 2, 1, 1, 0, 2, 0, 7 ]
[ -1, -1, 0, 0, -1, 19, 0, 0, 31 ]
[ -1, -1, 0, 0, -2, 7, 0, -1, 19 ]
[ 1, 0, 19, 1, 1, 0, 0, 0, 31 ]
[ 2, 0, 7, 1, 1, 0, 1, 0, 19 ]
[ 31, 0, 0, 14, 1, 0, -13, 0, 1 ]
[ 14, 1, 0, -3, 2, 0, 1, 1, 1 ]
[ 13, 0, -1, 14, 1, 0, 5, 0, 2 ]
[ 1, -11, 0, 0, 31, 0, 0, 12, 1 ]
[ 3, -2, 0, -1, 11, 0, 1, 1, 1 ]
[ -1, 1, -6, -3, 2, 0, 0, 0, 31 ]
[ 1, 1, 1, -3, 2, 0, 1, -1, 6 ]
[ 14, 1, 0, 1, 1, 1, 5, 0, 2 ]
[ 5, 0, 2, 14, 1, 0, 2, 0, 7 ]
[ 1, -11, 0, 0, 12, 1, 0, 5, 3 ]
[ 1, 1, 1, -1, 11, 0, 0, 5, 3 ]
[ -3, 2, 0, 1, -1, 6, 0, 0, 31 ]
[ 3, -2, 0, 1, 1, 1, 1, -1, 6 ]
[ -1, 0, -19, 1, -1, 6, 0, 0, 31 ]
[ -1, -1, -1, 1, 0, 19, 0, 0, 31 ]
[ -1, -1, -1, 1, -1, 6, 1, 0, 19 ]
[ 5, 0, 2, 1, 1, 1, 2, 0, 7 ]
[ -14, -1, 0, 5, 0, 2, 2, 0, 7 ]
[ 1, 0, 19, 14, 1, 0, 0, 0, 31 ]
[ 2, 0, 7, 14, 1, 0, 1, 0, 19 ]
[ 1, -11, 0, 0, 5, 3, 0, -2, 5 ]
[ 0, 5, 3, -1, 11, 0, 0, -2, 5 ]
[ 1, 1, 1, 0, 5, 3, 0, -2, 5 ]
[ 1, 0, 19, 1, 1, 1, 0, 0, 31 ]
[ 1, -1, 6, 1, 0, 19, 0, 0, 31 ]
[ 1, -1, 6, 1, 1, 1, 1, 0, 19 ]
[ 1, 0, 19, 1, 1, 1, 0, 0, 31 ]
[ 2, 0, 7, 1, 1, 1, 1, 0, 19 ]
[ -14, -1, 0, 1, 0, 19, 0, 0, 31 ]
[ -14, -1, 0, 2, 0, 7, 1, 0, 19 ]
[ -1, 11, 0, 0, -1, 18, 0, 0, 31 ]
[ -1, 11, 0, 0, -2, 5, 0, -1, 18 ]
[ 0, 1, -18, -1, 11, 0, 0, 0, 31 ]
[ 0, 2, -5, -1, 11, 0, 0, -1, 18 ]
[ -1, -1, -1, 0, -1, 18, 0, 0, 31 ]
[ -1, -1, -1, 0, -2, 5, 0, -1, 18 ]
[ 31, 0, 0, -4, 1, 0, -13, 0, 1 ]
[ 1, -8, 0, 0, 31, 0, 0, -11, 1 ]
[ 4, -1, 0, -1, 8, 0, -1, -3, 1 ]
[ 13, 0, -1, -4, 1, 0, 5, 0, 2 ]
[ -1, 8, 0, 0, -11, 1, 0, -2, 3 ]
[ 1, 3, -1, -1, 8, 0, 0, -2, 3 ]
[ -4, 1, 0, -1, -3, 1, 1, 1, 2 ]
[ 5, 0, 2, -4, 1, 0, 2, 0, 7 ]
[ -1, 8, 0, 0, -1, 17, 0, 0, 31 ]
[ -1, 8, 0, 0, -2, 3, 0, -1, 17 ]
[ 0, 1, -17, -1, 8, 0, 0, 0, 31 ]
[ 0, 2, -3, -1, 8, 0, 0, -1, 17 ]
[ -1, -3, 1, 0, -1, 17, 0, 0, 31 ]
[ -1, -3, 1, 0, -2, 3, 0, -1, 17 ]
[ 0, 1, -17, -1, -3, 1, 0, 0, 31 ]
[ -1, -1, -2, 0, -1, 17, 0, 0, 31 ]
[ -1, -1, -2, -1, -3, 1, 0, -1, 17 ]
[ 4, -1, 0, 1, 1, 2, 2, 0, 7 ]
[ 1, 0, 19, -4, 1, 0, 0, 0, 31 ]
[ 2, 0, 7, -4, 1, 0, 1, 0, 19 ]
[ 1, 0, 19, 1, 1, 2, 0, 0, 31 ]
[ 2, 0, 7, 1, 1, 2, 1, 0, 19 ]
[ 4, -1, 0, 1, 0, 19, 0, 0, 31 ]
[ 4, -1, 0, 2, 0, 7, 1, 0, 19 ]
[ 31, 0, 0, 9, 1, 0, -13, 0, 1 ]
[ 9, 1, 0, -4, 3, 0, -4, 1, 1 ]
[ 13, 0, -1, 9, 1, 0, 5, 0, 2 ]
[ 1, 7, 0, 0, 31, 0, 0, -2, 1 ]
[ 4, -3, 0, 1, 7, 0, 0, -2, 1 ]
[ -1, 1, -4, -4, 3, 0, 0, 0, 31 ]
[ 4, -1, -1, -4, 3, 0, 1, -1, 4 ]
[ 9, 1, 0, -4, 1, 1, 5, 0, 2 ]
[ 5, 0, 2, 9, 1, 0, 2, 0, 7 ]
[ -1, -7, 0, 0, -1, 16, 0, 0, 31 ]
[ -1, -7, 0, 0, -2, 1, 0, -1, 16 ]
[ 0, -1, 16, 1, 7, 0, 0, 0, 31 ]
[ 0, -2, 1, 1, 7, 0, 0, -1, 16 ]
[ -4, 3, 0, 1, -1, 4, 0, 0, 31 ]
[ -4, 3, 0, 0, -2, 1, 1, -1, 4 ]
[ -1, 0, 12, 1, -1, 4, 0, 0, 31 ]
[ -4, 1, 1, -1, 0, 12, 0, 0, 31 ]
[ -4, 1, 1, 1, -1, 4, -1, 0, 12 ]
[ 5, 0, 2, -4, 1, 1, 2, 0, 7 ]
[ -9, -1, 0, 5, 0, 2, 2, 0, 7 ]
[ 1, 0, 19, 9, 1, 0, 0, 0, 31 ]
[ 2, 0, 7, 9, 1, 0, 1, 0, 19 ]
[ -1, 1, -4, 0, -1, 16, 0, 0, 31 ]
[ -1, 1, -4, 0, -2, 1, 0, -1, 16 ]
[ 1, 0, 19, -4, 1, 1, 0, 0, 31 ]
[ 2, 0, 7, -4, 1, 1, 1, 0, 19 ]
[ -9, -1, 0, 1, 0, 19, 0, 0, 31 ]
[ -9, -1, 0, 2, 0, 7, 1, 0, 19 ]
[ 31, 0, 0, -9, 1, 0, -13, 0, 1 ]
[ 9, -1, 0, 4, 3, 0, -4, -1, 1 ]
[ 13, 0, -1, -9, 1, 0, 5, 0, 2 ]
[ 1, -7, 0, 0, 31, 0, 0, 2, 1 ]
[ 4, 3, 0, -1, 7, 0, 0, 2, 1 ]
[ -1, -1, -4, 4, 3, 0, 0, 0, 31 ]
[ 4, 1, -1, 4, 3, 0, 1, 1, 4 ]
[ -9, 1, 0, -4, -1, 1, 5, 0, 2 ]
[ 5, 0, 2, -9, 1, 0, 2, 0, 7 ]
[ 1, -7, 0, 0, 1, 16, 0, 0, 31 ]
[ 1, -7, 0, 0, 2, 1, 0, 1, 16 ]
[ 0, 1, 16, -1, 7, 0, 0, 0, 31 ]
[ 0, 2, 1, -1, 7, 0, 0, 1, 16 ]
[ 4, 3, 0, 1, 1, 4, 0, 0, 31 ]
[ 4, 3, 0, 0, 2, 1, 1, 1, 4 ]
[ 1, 0, -12, 1, 1, 4, 0, 0, 31 ]
[ 4, 1, -1, -1, 0, 12, 0, 0, 31 ]
[ 4, 1, -1, 1, 1, 4, -1, 0, 12 ]
[ -5, 0, -2, -4, -1, 1, 2, 0, 7 ]
[ 9, -1, 0, 5, 0, 2, 2, 0, 7 ]
[ 1, 0, 19, -9, 1, 0, 0, 0, 31 ]
[ 2, 0, 7, -9, 1, 0, 1, 0, 19 ]
[ 1, 1, 4, 0, 1, 16, 0, 0, 31 ]
[ 1, 1, 4, 0, 2, 1, 0, 1, 16 ]
[ -1, 0, -19, -4, -1, 1, 0, 0, 31 ]
[ -2, 0, -7, -4, -1, 1, 1, 0, 19 ]
[ 9, -1, 0, 1, 0, 19, 0, 0, 31 ]
[ 9, -1, 0, 2, 0, 7, 1, 0, 19 ]
[ 31, 0, 0, 4, 1, 0, -13, 0, 1 ]
[ 1, 8, 0, 0, 31, 0, 0, 11, 1 ]
[ 4, 1, 0, 1, 8, 0, -1, 3, 1 ]
[ 13, 0, -1, 4, 1, 0, 5, 0, 2 ]
[ 1, 8, 0, 0, 11, 1, 0, 2, 3 ]
[ 1, -3, -1, 1, 8, 0, 0, 2, 3 ]
[ 4, 1, 0, -1, 3, 1, 1, -1, 2 ]
[ 5, 0, 2, 4, 1, 0, 2, 0, 7 ]
[ 1, 8, 0, 0, 1, 17, 0, 0, 31 ]
[ 1, 8, 0, 0, 2, 3, 0, 1, 17 ]
[ 0, -1, -17, 1, 8, 0, 0, 0, 31 ]
[ 0, -2, -3, 1, 8, 0, 0, 1, 17 ]
[ 1, -3, -1, 0, 1, 17, 0, 0, 31 ]
[ 1, -3, -1, 0, 2, 3, 0, 1, 17 ]
[ 0, 1, 17, -1, 3, 1, 0, 0, 31 ]
[ 1, -1, 2, 0, 1, 17, 0, 0, 31 ]
[ 1, -1, 2, -1, 3, 1, 0, 1, 17 ]
[ -4, -1, 0, 1, -1, 2, 2, 0, 7 ]
[ 1, 0, 19, 4, 1, 0, 0, 0, 31 ]
[ 2, 0, 7, 4, 1, 0, 1, 0, 19 ]
[ -1, 0, -19, 1, -1, 2, 0, 0, 31 ]
[ -2, 0, -7, 1, -1, 2, 1, 0, 19 ]
[ -4, -1, 0, 1, 0, 19, 0, 0, 31 ]
[ -4, -1, 0, 2, 0, 7, 1, 0, 19 ]
[ 31, 0, 0, -14, 1, 0, -13, 0, 1 ]
[ 14, -1, 0, 3, 2, 0, 1, -1, 1 ]
[ 13, 0, -1, -14, 1, 0, 5, 0, 2 ]
[ 1, 11, 0, 0, 31, 0, 0, -12, 1 ]
[ 3, 2, 0, 1, 11, 0, 1, -1, 1 ]
[ -1, -1, -6, 3, 2, 0, 0, 0, 31 ]
[ 1, -1, 1, 3, 2, 0, 1, 1, 6 ]
[ -14, 1, 0, 1, -1, 1, 5, 0, 2 ]
[ 5, 0, 2, -14, 1, 0, 2, 0, 7 ]
[ -1, -11, 0, 0, -12, 1, 0, -5, 3 ]
[ 1, -1, 1, 1, 11, 0, 0, -5, 3 ]
[ 3, 2, 0, 1, 1, 6, 0, 0, 31 ]
[ -3, -2, 0, 1, -1, 1, 1, 1, 6 ]
[ 1, 0, 19, 1, 1, 6, 0, 0, 31 ]
[ 1, -1, 1, 1, 0, 19, 0, 0, 31 ]
[ 1, -1, 1, 1, 1, 6, 1, 0, 19 ]
[ -5, 0, -2, 1, -1, 1, 2, 0, 7 ]
[ 14, -1, 0, 5, 0, 2, 2, 0, 7 ]
[ 1, 0, 19, -14, 1, 0, 0, 0, 31 ]
[ 2, 0, 7, -14, 1, 0, 1, 0, 19 ]
[ -1, -11, 0, 0, -5, 3, 0, 2, 5 ]
[ 0, -5, 3, 1, 11, 0, 0, 2, 5 ]
[ -1, 1, -1, 0, -5, 3, 0, 2, 5 ]
[ -1, 0, -19, 1, -1, 1, 0, 0, 31 ]
[ -1, -1, -6, 1, 0, 19, 0, 0, 31 ]
[ -1, -1, -6, 1, -1, 1, 1, 0, 19 ]
[ -1, 0, -19, 1, -1, 1, 0, 0, 31 ]
[ -2, 0, -7, 1, -1, 1, 1, 0, 19 ]
[ 14, -1, 0, 1, 0, 19, 0, 0, 31 ]
[ 14, -1, 0, 2, 0, 7, 1, 0, 19 ]
[ 1, 11, 0, 0, 1, 18, 0, 0, 31 ]
[ 1, 11, 0, 0, 2, 5, 0, 1, 18 ]
[ 0, -1, -18, 1, 11, 0, 0, 0, 31 ]
[ 0, -2, -5, 1, 11, 0, 0, 1, 18 ]
[ 1, -1, 1, 0, 1, 18, 0, 0, 31 ]
[ 1, -1, 1, 0, 2, 5, 0, 1, 18 ]
[ 1, -1, 0, 0, 31, 0, 0, -13, 1 ]
[ 31, 0, 0, -1, 1, 0, -13, 0, 1 ]
[ -1, 1, 0, 0, -13, 1, 0, 5, 2 ]
[ 13, 0, -1, -1, 1, 0, 5, 0, 2 ]
[ 1, -1, 0, 0, 5, 2, 0, 2, 7 ]
[ 5, 0, 2, -1, 1, 0, 2, 0, 7 ]
[ 1, -1, 0, 0, 1, 19, 0, 0, 31 ]
[ 1, -1, 0, 0, 2, 7, 0, 1, 19 ]
[ 1, 0, 19, -1, 1, 0, 0, 0, 31 ]
[ 2, 0, 7, -1, 1, 0, 1, 0, 19 ]
[ 31, 0, 0, 12, 1, 0, -13, 0, 1 ]
[ 12, 1, 0, 5, 3, 0, -1, 1, 1 ]
[ 13, 0, -1, 12, 1, 0, 5, 0, 2 ]
[ 5, 3, 0, -2, 5, 0, -1, 1, 1 ]
[ 2, 1, -4, 5, 3, 0, 0, 0, 31 ]
[ 1, -1, -1, 5, 3, 0, -2, -1, 4 ]
[ 12, 1, 0, -1, 1, 1, 5, 0, 2 ]
[ 5, 0, 2, 12, 1, 0, 2, 0, 7 ]
[ 1, -18, 0, 0, 31, 0, 0, 14, 1 ]
[ 2, -5, 0, -1, 18, 0, 1, -4, 1 ]
[ 1, -2, 10, -2, 5, 0, 0, 0, 31 ]
[ -1, 1, 1, 1, -2, 10, 0, 0, 31 ]
[ 1, -1, -1, -2, 5, 0, 1, -2, 10 ]
[ 5, 3, 0, -2, -1, 4, 0, 0, 31 ]
[ 5, 3, 0, -1, 1, 1, -2, -1, 4 ]
[ -1, 0, 12, -2, -1, 4, 0, 0, 31 ]
[ -1, 1, 1, -1, 0, 12, 0, 0, 31 ]
[ -1, 1, 1, -2, -1, 4, -1, 0, 12 ]
[ 5, 0, 2, -1, 1, 1, 2, 0, 7 ]
[ -12, -1, 0, 5, 0, 2, 2, 0, 7 ]
[ 1, 0, 19, 12, 1, 0, 0, 0, 31 ]
[ 2, 0, 7, 12, 1, 0, 1, 0, 19 ]
[ 1, -18, 0, 0, 14, 1, 0, -3, 2 ]
[ 1, -4, 1, -1, 18, 0, 0, -3, 2 ]
[ -1, 3, 10, 1, -4, 1, 0, 0, 31 ]
[ 2, -5, 0, -1, 3, 10, 0, 0, 31 ]
[ -2, 5, 0, 1, -4, 1, -1, 3, 10 ]
[ 1, 0, -12, -1, 1, 1, 0, 0, 31 ]
[ 2, 1, -4, -1, 0, 12, 0, 0, 31 ]
[ 2, 1, -4, -1, 1, 1, -1, 0, 12 ]
[ 1, 0, 19, -1, 1, 1, 0, 0, 31 ]
[ 2, 0, 7, -1, 1, 1, 1, 0, 19 ]
[ -12, -1, 0, 1, 0, 19, 0, 0, 31 ]
[ -12, -1, 0, 2, 0, 7, 1, 0, 19 ]
[ -1, 18, 0, 0, -1, 11, 0, 0, 31 ]
[ -1, 18, 0, 0, -3, 2, 0, -1, 11 ]
[ 0, 1, -11, -1, 18, 0, 0, 0, 31 ]
[ 0, 3, -2, -1, 18, 0, 0, -1, 11 ]
[ -1, 4, -1, 0, -1, 11, 0, 0, 31 ]
[ -1, 4, -1, 0, -3, 2, 0, -1, 11 ]
[ 31, 0, 0, -6, 1, 0, -13, 0, 1 ]
[ 1, 5, 0, 0, 31, 0, 0, 3, 1 ]
[ 6, -1, 0, 1, 5, 0, -1, -2, 1 ]
[ 13, 0, -1, -6, 1, 0, 5, 0, 2 ]
[ -1, -5, 0, 0, -1, 10, 0, 0, 31 ]
[ 1, 5, 0, 0, 3, 1, 0, -1, 10 ]
[ 0, -1, 10, 1, 5, 0, 0, 0, 31 ]
[ -1, -2, 1, 0, -1, 10, 0, 0, 31 ]
[ 1, 2, -1, 1, 5, 0, 0, -1, 10 ]
[ -6, 1, 0, -1, -2, 1, -1, 1, 2 ]
[ 5, 0, 2, -6, 1, 0, 2, 0, 7 ]
[ 0, 1, -10, -1, -2, 1, 0, 0, 31 ]
[ -1, 1, 2, 0, -1, 10, 0, 0, 31 ]
[ -1, 1, 2, -1, -2, 1, 0, -1, 10 ]
[ 6, -1, 0, -1, 1, 2, 2, 0, 7 ]
[ 1, 0, 19, -6, 1, 0, 0, 0, 31 ]
[ 2, 0, 7, -6, 1, 0, 1, 0, 19 ]
[ 1, 0, 19, -1, 1, 2, 0, 0, 31 ]
[ 2, 0, 7, -1, 1, 2, 1, 0, 19 ]
[ 6, -1, 0, 1, 0, 19, 0, 0, 31 ]
[ 6, -1, 0, 2, 0, 7, 1, 0, 19 ]
[ 31, 0, 0, 7, 1, 0, -13, 0, 1 ]
[ 7, 1, 0, -3, 4, 0, 1, 2, 1 ]
[ 13, 0, -1, 7, 1, 0, 5, 0, 2 ]
[ 1, 9, 0, 0, 31, 0, 0, -7, 1 ]
[ 3, -4, 0, 1, 9, 0, 1, 2, 1 ]
[ 1, -1, -3, -3, 4, 0, 0, 0, 31 ]
[ 1, 2, 1, -3, 4, 0, -1, 1, 3 ]
[ 7, 1, 0, 1, 2, 1, -2, -1, 2 ]
[ 5, 0, 2, 7, 1, 0, 2, 0, 7 ]
[ -1, -9, 0, 0, -7, 1, 0, 3, 4 ]
[ 1, 2, 1, 1, 9, 0, 0, 3, 4 ]
[ -3, 4, 0, -1, 1, 3, 0, 0, 31 ]
[ 3, -4, 0, 1, 2, 1, -1, 1, 3 ]
[ 0, 1, -9, -1, 1, 3, 0, 0, 31 ]
[ -1, -2, -1, 0, -1, 9, 0, 0, 31 ]
[ 1, 2, 1, -1, 1, 3, 0, -1, 9 ]
[ 1, 1, 10, 1, 2, 1, 0, 0, 31 ]
[ 2, 1, -2, 1, 1, 10, 0, 0, 31 ]
[ 2, 1, -2, 1, 2, 1, 1, 1, 10 ]
[ -7, -1, 0, -2, -1, 2, 2, 0, 7 ]
[ 1, 0, 19, 7, 1, 0, 0, 0, 31 ]
[ 2, 0, 7, 7, 1, 0, 1, 0, 19 ]
[ -1, -9, 0, 0, -1, 9, 0, 0, 31 ]
[ 1, 9, 0, 0, 3, 4, 0, -1, 9 ]
[ 0, -1, 9, 1, 9, 0, 0, 0, 31 ]
[ 0, -3, -4, 1, 9, 0, 0, -1, 9 ]
[ 1, 2, 1, 0, 3, 4, 0, -1, 9 ]
[ 0, -1, 9, 1, 2, 1, 0, 0, 31 ]
[ -1, 1, 3, 0, -1, 9, 0, 0, 31 ]
[ 1, -1, -3, 1, 2, 1, 0, -1, 9 ]
[ -1, -2, -1, 0, -1, 9, 0, 0, 31 ]
[ -1, 0, -19, -2, -1, 2, 0, 0, 31 ]
[ -2, 0, -7, -2, -1, 2, 1, 0, 19 ]
[ -7, -1, 0, 1, 0, 19, 0, 0, 31 ]
[ -7, -1, 0, 2, 0, 7, 1, 0, 19 ]
[ 31, 0, 0, -11, 1, 0, -13, 0, 1 ]
[ 11, -1, 0, -2, 3, 0, -2, -1, 1 ]
[ 13, 0, -1, -11, 1, 0, 5, 0, 2 ]
[ 1, -17, 0, 0, 31, 0, 0, -4, 1 ]
[ 2, -3, 0, -1, 17, 0, 0, -4, 1 ]
[ 1, -1, -4, -2, 3, 0, 0, 0, 31 ]
[ 2, 1, -1, -2, 3, 0, -1, 1, 4 ]
[ -11, 1, 0, -2, -1, 1, 5, 0, 2 ]
[ 5, 0, 2, -11, 1, 0, 2, 0, 7 ]
[ -1, 17, 0, 0, -1, 8, 0, 0, 31 ]
[ -1, 17, 0, 0, -4, 1, 0, -1, 8 ]
[ 0, 1, -8, -1, 17, 0, 0, 0, 31 ]
[ 0, 4, -1, -1, 17, 0, 0, -1, 8 ]
[ -2, 3, 0, -1, 1, 4, 0, 0, 31 ]
[ -2, 3, 0, 0, -4, 1, -1, 1, 4 ]
[ 1, 0, -12, -1, 1, 4, 0, 0, 31 ]
[ 2, 1, -1, -1, 0, 12, 0, 0, 31 ]
[ 2, 1, -1, -1, 1, 4, -1, 0, 12 ]
[ -5, 0, -2, -2, -1, 1, 2, 0, 7 ]
[ 11, -1, 0, 5, 0, 2, 2, 0, 7 ]
[ 1, 0, 19, -11, 1, 0, 0, 0, 31 ]
[ 2, 0, 7, -11, 1, 0, 1, 0, 19 ]
[ -1, 1, 4, 0, -1, 8, 0, 0, 31 ]
[ -1, 1, 4, 0, -4, 1, 0, -1, 8 ]
[ -1, 0, -19, -2, -1, 1, 0, 0, 31 ]
[ -2, 0, -7, -2, -1, 1, 1, 0, 19 ]
[ 11, -1, 0, 1, 0, 19, 0, 0, 31 ]
[ 11, -1, 0, 2, 0, 7, 1, 0, 19 ]
[ 31, 0, 0, 2, 1, 0, -13, 0, 1 ]
[ 1, 16, 0, 0, 31, 0, 0, -9, 1 ]
[ 2, 1, 0, 1, 16, 0, 1, 7, 1 ]
[ 13, 0, -1, 2, 1, 0, 5, 0, 2 ]
[ -1, -16, 0, 0, -9, 1, 0, 4, 3 ]
[ 1, 7, 1, 1, 16, 0, 0, 4, 3 ]
[ 2, 1, 0, 1, 7, 1, -1, -3, 2 ]
[ 5, 0, 2, 2, 1, 0, 2, 0, 7 ]
[ -1, -16, 0, 0, -1, 7, 0, 0, 31 ]
[ 1, 16, 0, 0, 4, 3, 0, -1, 7 ]
[ 0, -1, 7, 1, 16, 0, 0, 0, 31 ]
[ 0, -4, -3, 1, 16, 0, 0, -1, 7 ]
[ -1, -7, -1, 0, -1, 7, 0, 0, 31 ]
[ 1, 7, 1, 0, 4, 3, 0, -1, 7 ]
[ 0, -1, 7, 1, 7, 1, 0, 0, 31 ]
[ -1, -3, 2, 0, -1, 7, 0, 0, 31 ]
[ 1, 3, -2, 1, 7, 1, 0, -1, 7 ]
[ 0, 1, -7, -1, -3, 2, 0, 0, 31 ]
[ -2, -1, 0, -1, -3, 2, 0, -1, 7 ]
[ 1, 0, 19, 2, 1, 0, 0, 0, 31 ]
[ 2, 0, 7, 2, 1, 0, 1, 0, 19 ]
[ -1, 0, -19, 0, -1, 7, 0, 0, 31 ]
[ -2, -1, 0, 1, 0, 19, 0, 0, 31 ]
[ -2, -1, 0, 0, -1, 7, 1, 0, 19 ]
[ 31, 0, 0, 15, 1, 0, -13, 0, 1 ]
[ 1, -2, 0, 0, 31, 0, 0, 5, 1 ]
[ 15, 1, 0, -1, 2, 0, 2, 1, 1 ]
[ 13, 0, -1, 15, 1, 0, 5, 0, 2 ]
[ -1, 2, 0, 0, -1, 6, 0, 0, 31 ]
[ 1, -2, 0, 0, 5, 1, 0, -1, 6 ]
[ 0, 1, -6, -1, 2, 0, 0, 0, 31 ]
[ 2, 1, 1, -1, 2, 0, 0, -1, 6 ]
[ 15, 1, 0, 2, 1, 1, 5, 0, 2 ]
[ 5, 0, 2, 15, 1, 0, 2, 0, 7 ]
[ -1, 0, -19, 0, -1, 6, 0, 0, 31 ]
[ -2, -1, -1, 1, 0, 19, 0, 0, 31 ]
[ -2, -1, -1, 0, -1, 6, 1, 0, 19 ]
[ 5, 0, 2, 2, 1, 1, 2, 0, 7 ]
[ -15, -1, 0, 5, 0, 2, 2, 0, 7 ]
[ 1, 0, 19, 15, 1, 0, 0, 0, 31 ]
[ 2, 0, 7, 15, 1, 0, 1, 0, 19 ]
[ 1, 0, 19, 2, 1, 1, 0, 0, 31 ]
[ 2, 0, 7, 2, 1, 1, 1, 0, 19 ]
[ -15, -1, 0, 1, 0, 19, 0, 0, 31 ]
[ -15, -1, 0, 2, 0, 7, 1, 0, 19 ]
[ 31, 0, 0, -3, 1, 0, -13, 0, 1 ]
[ 1, 10, 0, 0, 31, 0, 0, 6, 1 ]
[ 3, -1, 0, 1, 10, 0, -1, -4, 1 ]
[ 13, 0, -1, -3, 1, 0, 5, 0, 2 ]
[ -1, -10, 0, 0, -1, 5, 0, 0, 31 ]
[ 1, 10, 0, 0, 6, 1, 0, -1, 5 ]
[ 0, -1, 5, 1, 10, 0, 0, 0, 31 ]
[ -1, -4, 1, 0, -1, 5, 0, 0, 31 ]
[ 1, 4, -1, 1, 10, 0, 0, -1, 5 ]
[ -3, 1, 0, -1, -4, 1, -1, 2, 2 ]
[ 5, 0, 2, -3, 1, 0, 2, 0, 7 ]
[ 0, 1, -5, -1, -4, 1, 0, 0, 31 ]
[ -1, 2, 2, 0, -1, 5, 0, 0, 31 ]
[ -1, 2, 2, -1, -4, 1, 0, -1, 5 ]
[ 1, -1, -7, -1, 2, 2, 0, 0, 31 ]
[ 3, -1, 0, -1, 2, 2, -1, 1, 7 ]
[ 1, 0, 19, -3, 1, 0, 0, 0, 31 ]
[ 2, 0, 7, -3, 1, 0, 1, 0, 19 ]
[ 2, -1, -19, -1, 1, 7, 0, 0, 31 ]
[ 3, -1, 0, -2, 1, 19, 0, 0, 31 ]
[ 3, -1, 0, -1, 1, 7, -2, 1, 19 ]
[ 31, 0, 0, 10, 1, 0, -13, 0, 1 ]
[ 1, -3, 0, 0, 31, 0, 0, -8, 1 ]
[ 10, 1, 0, -1, 3, 0, -3, 1, 1 ]
[ 13, 0, -1, 10, 1, 0, 5, 0, 2 ]
[ -1, 3, 0, 0, -1, 4, 0, 0, 31 ]
[ -1, 3, 0, 0, -8, 1, 0, -1, 4 ]
[ 0, 1, -4, -1, 3, 0, 0, 0, 31 ]
[ 3, -1, -1, -1, 3, 0, 0, -1, 4 ]
[ 10, 1, 0, -3, 1, 1, 5, 0, 2 ]
[ 5, 0, 2, 10, 1, 0, 2, 0, 7 ]
[ -1, 0, 12, 0, -1, 4, 0, 0, 31 ]
[ -3, 1, 1, -1, 0, 12, 0, 0, 31 ]
[ -3, 1, 1, 0, -1, 4, -1, 0, 12 ]
[ 5, 0, 2, -3, 1, 1, 2, 0, 7 ]
[ -10, -1, 0, 5, 0, 2, 2, 0, 7 ]
[ 1, 0, 19, 10, 1, 0, 0, 0, 31 ]
[ 2, 0, 7, 10, 1, 0, 1, 0, 19 ]
[ 1, 0, 19, -3, 1, 1, 0, 0, 31 ]
[ 2, 0, 7, -3, 1, 1, 1, 0, 19 ]
[ -10, -1, 0, 1, 0, 19, 0, 0, 31 ]
[ -10, -1, 0, 2, 0, 7, 1, 0, 19 ]
[ 31, 0, 0, -8, 1, 0, -13, 0, 1 ]
[ 1, -4, 0, 0, 31, 0, 0, 10, 1 ]
[ 8, -1, 0, -1, 4, 0, 3, -2, 1 ]
[ 13, 0, -1, -8, 1, 0, 5, 0, 2 ]
[ -1, 4, 0, 0, -1, 3, 0, 0, 31 ]
[ 1, -4, 0, 0, 10, 1, 0, -1, 3 ]
[ 0, 1, -3, -1, 4, 0, 0, 0, 31 ]
[ 3, -2, 1, -1, 4, 0, 0, -1, 3 ]
[ -8, 1, 0, 3, -2, 1, -3, 1, 2 ]
[ 5, 0, 2, -8, 1, 0, 2, 0, 7 ]
[ -1, 1, 9, 0, -1, 3, 0, 0, 31 ]
[ 3, -2, 1, -1, 1, 9, 0, 0, 31 ]
[ -3, 2, -1, 0, -1, 3, -1, 1, 9 ]
[ -2, 1, -10, 3, -2, 1, 0, 0, 31 ]
[ -3, 1, 2, 2, -1, 10, 0, 0, 31 ]
[ -3, 1, 2, 3, -2, 1, 2, -1, 10 ]
[ 8, -1, 0, -3, 1, 2, 2, 0, 7 ]
[ 1, 0, 19, -8, 1, 0, 0, 0, 31 ]
[ 2, 0, 7, -8, 1, 0, 1, 0, 19 ]
[ 1, 0, 19, -3, 1, 2, 0, 0, 31 ]
[ 2, 0, 7, -3, 1, 2, 1, 0, 19 ]
[ 8, -1, 0, 1, 0, 19, 0, 0, 31 ]
[ 8, -1, 0, 2, 0, 7, 1, 0, 19 ]
[ 31, 0, 0, 5, 1, 0, -13, 0, 1 ]
[ 1, -6, 0, 0, 31, 0, 0, 15, 1 ]
[ 5, 1, 0, -1, 6, 0, 2, 3, 1 ]
[ 13, 0, -1, 5, 1, 0, 5, 0, 2 ]
[ -1, 6, 0, 0, -1, 2, 0, 0, 31 ]
[ 1, -6, 0, 0, 15, 1, 0, -1, 2 ]
[ 0, 1, -2, -1, 6, 0, 0, 0, 31 ]
[ 2, 3, 1, -1, 6, 0, 0, -1, 2 ]
[ 5, 1, 0, 2, 3, 1, 0, -1, 2 ]
[ 5, 0, 2, 5, 1, 0, 2, 0, 7 ]
[ -1, -1, -17, 0, -1, 2, 0, 0, 31 ]
[ -2, -3, -1, 1, 1, 17, 0, 0, 31 ]
[ -2, -3, -1, 0, -1, 2, 1, 1, 17 ]
[ 1, 1, 17, 2, 3, 1, 0, 0, 31 ]
[ 0, -1, 2, 1, 1, 17, 0, 0, 31 ]
[ 0, -1, 2, 2, 3, 1, 1, 1, 17 ]
[ -5, -1, 0, 0, -1, 2, 2, 0, 7 ]
[ 1, 0, 19, 5, 1, 0, 0, 0, 31 ]
[ 2, 0, 7, 5, 1, 0, 1, 0, 19 ]
[ -1, 0, -19, 0, -1, 2, 0, 0, 31 ]
[ -2, 0, -7, 0, -1, 2, 1, 0, 19 ]
[ -5, -1, 0, 1, 0, 19, 0, 0, 31 ]
[ -5, -1, 0, 2, 0, 7, 1, 0, 19 ]
[ 31, 0, 0, -13, 1, 0, -13, 0, 1 ]
[ 13, -1, 0, 5, 2, 0, 0, -1, 1 ]
[ 13, 0, -1, -13, 1, 0, 5, 0, 2 ]
[ 5, 2, 0, 2, 7, 0, 0, -1, 1 ]
[ -2, -1, -6, 5, 2, 0, 0, 0, 31 ]
[ 0, -1, 1, 5, 2, 0, 2, 1, 6 ]
[ -13, 1, 0, 0, -1, 1, 5, 0, 2 ]
[ 5, 0, 2, -13, 1, 0, 2, 0, 7 ]
[ -1, -19, 0, 0, -1, 1, 0, 0, 31 ]
[ 1, 19, 0, 0, 31, 0, 0, -1, 1 ]
[ 0, -1, 1, 1, 19, 0, 0, 0, 31 ]
[ 2, 7, 0, 1, 19, 0, 0, -1, 1 ]
[ 1, 3, 16, 2, 7, 0, 0, 0, 31 ]
[ 0, -1, 1, 1, 3, 16, 0, 0, 31 ]
[ 0, -1, 1, 2, 7, 0, 1, 3, 16 ]
[ 5, 2, 0, 2, 1, 6, 0, 0, 31 ]
[ -5, -2, 0, 0, -1, 1, 2, 1, 6 ]
[ 1, 0, 19, 2, 1, 6, 0, 0, 31 ]
[ 0, -1, 1, 1, 0, 19, 0, 0, 31 ]
[ 0, -1, 1, 2, 1, 6, 1, 0, 19 ]
[ -5, 0, -2, 0, -1, 1, 2, 0, 7 ]
[ 13, -1, 0, 5, 0, 2, 2, 0, 7 ]
[ 1, 0, 19, -13, 1, 0, 0, 0, 31 ]
[ 2, 0, 7, -13, 1, 0, 1, 0, 19 ]
[ -1, -3, -16, 0, -1, 1, 0, 0, 31 ]
[ -2, -7, 0, 1, 3, 16, 0, 0, 31 ]
[ -2, -7, 0, 0, -1, 1, 1, 3, 16 ]
[ -1, 0, -19, 0, -1, 1, 0, 0, 31 ]
[ -2, -1, -6, 1, 0, 19, 0, 0, 31 ]
[ -2, -1, -6, 0, -1, 1, 1, 0, 19 ]
[ -1, 0, -19, 0, -1, 1, 0, 0, 31 ]
[ -2, 0, -7, 0, -1, 1, 1, 0, 19 ]
[ 13, -1, 0, 1, 0, 19, 0, 0, 31 ]
[ 13, -1, 0, 2, 0, 7, 1, 0, 19 ]
[ 31, 0, 0, 0, 1, 0, 14, 0, 1 ]
[ 14, 0, 1, 0, 1, 0, -3, 0, 2 ]
[ 1, 0, -11, 0, 1, 0, 0, 0, 31 ]
[ 3, 0, -2, 0, 1, 0, -1, 0, 11 ]
[ 31, 0, 0, -14, 1, 0, 14, 0, 1 ]
[ 14, -1, 0, 3, 2, 0, 0, 1, 1 ]
[ 14, 0, 1, -14, 1, 0, -3, 0, 2 ]
[ 1, 11, 0, 0, 1, 1, 0, 0, 31 ]
[ 1, 11, 0, 0, 31, 0, 0, 1, 1 ]
[ 0, -1, -1, 1, 11, 0, 0, 0, 31 ]
[ 3, 2, 0, 1, 11, 0, 0, 1, 1 ]
[ -1, -1, 10, 3, 2, 0, 0, 0, 31 ]
[ 0, 1, 1, -1, -1, 10, 0, 0, 31 ]
[ 0, -1, -1, 3, 2, 0, -1, -1, 10 ]
[ 14, -1, 0, 0, 1, 1, -3, 0, 2 ]
[ 1, 0, -11, -14, 1, 0, 0, 0, 31 ]
[ 3, 0, -2, -14, 1, 0, -1, 0, 11 ]
[ 1, 1, -10, 0, 1, 1, 0, 0, 31 ]
[ -3, -2, 0, -1, -1, 10, 0, 0, 31 ]
[ 3, 2, 0, 0, 1, 1, -1, -1, 10 ]
[ 1, 0, -11, 0, 1, 1, 0, 0, 31 ]
[ 3, 0, -2, 0, 1, 1, -1, 0, 11 ]
[ -14, 1, 0, -1, 0, 11, 0, 0, 31 ]
[ -14, 1, 0, -3, 0, 2, -1, 0, 11 ]
[ 31, 0, 0, 3, 1, 0, 14, 0, 1 ]
[ 1, -10, 0, 0, 31, 0, 0, -15, 1 ]
[ 3, 1, 0, -1, 10, 0, -1, -5, 1 ]
[ 14, 0, 1, 3, 1, 0, -3, 0, 2 ]
[ 1, -10, 0, 0, 1, 2, 0, 0, 31 ]
[ -1, 10, 0, 0, -15, 1, 0, 1, 2 ]
[ 0, 1, 2, -1, 10, 0, 0, 0, 31 ]
[ 1, 5, -1, 0, 1, 2, 0, 0, 31 ]
[ 1, 5, -1, -1, 10, 0, 0, 1, 2 ]
[ 0, 1, 2, -1, -5, 1, 0, 0, 31 ]
[ -3, -1, 0, -1, -5, 1, 0, 1, 2 ]
[ 1, 0, -11, 3, 1, 0, 0, 0, 31 ]
[ 3, 0, -2, 3, 1, 0, -1, 0, 11 ]
[ 1, 0, -11, 0, 1, 2, 0, 0, 31 ]
[ 3, 1, 0, -1, 0, 11, 0, 0, 31 ]
[ 3, 1, 0, 0, 1, 2, -1, 0, 11 ]
[ 31, 0, 0, -11, 1, 0, 14, 0, 1 ]
[ 11, -1, 0, -2, 3, 0, 3, 1, 1 ]
[ 14, 0, 1, -11, 1, 0, -3, 0, 2 ]
[ 1, -17, 0, 0, 31, 0, 0, -10, 1 ]
[ 2, -3, 0, -1, 17, 0, -1, 7, 1 ]
[ 3, 1, 1, -2, 3, 0, 0, 1, 3 ]
[ 11, -1, 0, 3, 1, 1, -3, 0, 2 ]
[ 1, 0, -11, -11, 1, 0, 0, 0, 31 ]
[ 3, 0, -2, -11, 1, 0, -1, 0, 11 ]
[ 1, -17, 0, 0, 1, 3, 0, 0, 31 ]
[ -1, 17, 0, 0, -10, 1, 0, 1, 3 ]
[ 0, 1, 3, -1, 17, 0, 0, 0, 31 ]
[ 1, -7, -1, 0, 1, 3, 0, 0, 31 ]
[ 1, -7, -1, -1, 17, 0, 0, 1, 3 ]
[ 0, 1, 3, -1, 7, 1, 0, 0, 31 ]
[ 2, -3, 0, -1, 7, 1, 0, 1, 3 ]
[ -1, 2, 17, -2, 3, 0, 0, 0, 31 ]
[ 0, 1, 3, -1, 2, 17, 0, 0, 31 ]
[ 0, 1, 3, -2, 3, 0, -1, 2, 17 ]
[ 1, 0, -11, 0, 1, 3, 0, 0, 31 ]
[ 3, 1, 1, -1, 0, 11, 0, 0, 31 ]
[ 3, 1, 1, 0, 1, 3, -1, 0, 11 ]
[ 1, 0, -11, 3, 1, 1, 0, 0, 31 ]
[ 3, 0, -2, 3, 1, 1, -1, 0, 11 ]
[ -11, 1, 0, -1, 0, 11, 0, 0, 31 ]
[ -11, 1, 0, -3, 0, 2, -1, 0, 11 ]
[ 1, -2, -17, 0, 1, 3, 0, 0, 31 ]
[ 2, -3, 0, -1, 2, 17, 0, 0, 31 ]
[ 2, -3, 0, 0, 1, 3, -1, 2, 17 ]
[ 31, 0, 0, 6, 1, 0, 14, 0, 1 ]
[ 1, -5, 0, 0, 31, 0, 0, 8, 1 ]
[ 6, 1, 0, -1, 5, 0, 2, -2, 1 ]
[ 14, 0, 1, 6, 1, 0, -3, 0, 2 ]
[ 1, -5, 0, 0, 1, 4, 0, 0, 31 ]
[ 1, -5, 0, 0, 8, 1, 0, 1, 4 ]
[ 0, 1, 4, -1, 5, 0, 0, 0, 31 ]
[ 2, -2, 1, -1, 5, 0, 0, 1, 4 ]
[ -6, -1, 0, 2, -2, 1, -3, 0, 2 ]
[ 1, 0, -11, 6, 1, 0, 0, 0, 31 ]
[ 3, 0, -2, 6, 1, 0, -1, 0, 11 ]
[ 1, -1, 16, 0, 1, 4, 0, 0, 31 ]
[ 2, -2, 1, 0, 1, 4, 1, -1, 16 ]
[ -3, 0, 2, 2, -2, 1, 2, -1, 5 ]
[ 6, 1, 0, -1, 0, 11, 0, 0, 31 ]
[ 6, 1, 0, -3, 0, 2, -1, 0, 11 ]
[ -2, 1, -5, 1, -1, 16, 0, 0, 31 ]
[ -2, 1, -5, 2, -2, 1, 1, -1, 16 ]
[ -1, 0, 11, 2, -1, 5, 0, 0, 31 ]
[ -3, 0, 2, 2, -1, 5, -1, 0, 11 ]
[ 31, 0, 0, -8, 1, 0, 14, 0, 1 ]
[ 1, -4, 0, 0, 31, 0, 0, -6, 1 ]
[ 8, -1, 0, -1, 4, 0, -2, 2, 1 ]
[ 14, 0, 1, -8, 1, 0, -3, 0, 2 ]
[ 1, -4, 0, 0, 1, 5, 0, 0, 31 ]
[ -1, 4, 0, 0, -6, 1, 0, 1, 5 ]
[ 0, 1, 5, -1, 4, 0, 0, 0, 31 ]
[ 2, -2, -1, -1, 4, 0, 0, 1, 5 ]
[ 8, -1, 0, -2, 2, 1, -3, 0, 2 ]
[ 1, 0, -11, -8, 1, 0, 0, 0, 31 ]
[ 3, 0, -2, -8, 1, 0, -1, 0, 11 ]
[ 1, -1, -16, 0, 1, 5, 0, 0, 31 ]
[ 2, -2, -1, 0, 1, 5, -1, 1, 16 ]
[ 3, 0, -2, -2, 2, 1, 0, 1, 5 ]
[ -8, 1, 0, -1, 0, 11, 0, 0, 31 ]
[ -8, 1, 0, -3, 0, 2, -1, 0, 11 ]
[ 0, 1, 5, -1, 1, 16, 0, 0, 31 ]
[ 0, 1, 5, -2, 2, 1, -1, 1, 16 ]
[ 1, 0, -11, 0, 1, 5, 0, 0, 31 ]
[ 3, 0, -2, 0, 1, 5, -1, 0, 11 ]
[ 31, 0, 0, 9, 1, 0, 14, 0, 1 ]
[ 9, 1, 0, -4, 3, 0, 5, -1, 1 ]
[ 14, 0, 1, 9, 1, 0, -3, 0, 2 ]
[ 1, 7, 0, 0, 31, 0, 0, -5, 1 ]
[ 4, -3, 0, 1, 7, 0, 1, 2, 1 ]
[ 5, -1, 1, -4, 3, 0, 2, -1, 3 ]
[ -9, -1, 0, 5, -1, 1, -3, 0, 2 ]
[ 1, 0, -11, 9, 1, 0, 0, 0, 31 ]
[ 3, 0, -2, 9, 1, 0, -1, 0, 11 ]
[ 1, 7, 0, 0, 1, 6, 0, 0, 31 ]
[ -1, -7, 0, 0, -5, 1, 0, 1, 6 ]
[ 0, -1, -6, 1, 7, 0, 0, 0, 31 ]
[ 1, 2, 1, 0, 1, 6, 0, 0, 31 ]
[ 1, 2, 1, 1, 7, 0, 0, 1, 6 ]
[ 4, -3, 0, 1, 2, 1, 2, -1, 3 ]
[ -1, 1, 17, -4, 3, 0, 0, 0, 31 ]
[ 2, -1, 3, -1, 1, 17, 0, 0, 31 ]
[ 2, -1, 3, -4, 3, 0, -1, 1, 17 ]
[ -1, 0, 11, 2, -1, 3, 0, 0, 31 ]
[ -5, 1, -1, -1, 0, 11, 0, 0, 31 ]
[ -5, 1, -1, 2, -1, 3, -1, 0, 11 ]
[ -1, 0, 11, 5, -1, 1, 0, 0, 31 ]
[ -3, 0, 2, 5, -1, 1, -1, 0, 11 ]
[ 9, 1, 0, -1, 0, 11, 0, 0, 31 ]
[ 9, 1, 0, -3, 0, 2, -1, 0, 11 ]
[ 0, -1, -6, 1, 2, 1, 0, 0, 31 ]
[ 2, -1, 3, 1, 2, 1, 0, 1, 6 ]
[ 1, -1, -17, 2, -1, 3, 0, 0, 31 ]
[ 4, -3, 0, -1, 1, 17, 0, 0, 31 ]
[ 4, -3, 0, 2, -1, 3, -1, 1, 17 ]
[ 1, 0, 20, 0, 1, 6, 0, 0, 31 ]
[ 2, -1, 3, 1, 0, 20, 0, 0, 31 ]
[ 2, -1, 3, 0, 1, 6, 1, 0, 20 ]
[ 31, 0, 0, -5, 1, 0, 14, 0, 1 ]
[ 1, 6, 0, 0, 31, 0, 0, 9, 1 ]
[ 5, -1, 0, 1, 6, 0, -1, 3, 1 ]
[ 14, 0, 1, -5, 1, 0, -3, 0, 2 ]
[ 1, 6, 0, 0, 9, 1, 0, -4, 3 ]
[ 1, -3, -1, 1, 6, 0, 0, -4, 3 ]
[ 5, -1, 0, -1, 3, 1, 2, -1, 2 ]
[ 1, 0, -11, -5, 1, 0, 0, 0, 31 ]
[ 3, 0, -2, -5, 1, 0, -1, 0, 11 ]
[ 1, 6, 0, 0, 1, 7, 0, 0, 31 ]
[ -1, -6, 0, 0, -4, 3, 0, 1, 7 ]
[ 0, -1, -7, 1, 6, 0, 0, 0, 31 ]
[ 0, -4, 3, 1, 6, 0, 0, 1, 7 ]
[ 1, -3, -1, 0, 1, 7, 0, 0, 31 ]
[ -1, 3, 1, 0, -4, 3, 0, 1, 7 ]
[ 0, 1, 7, -1, 3, 1, 0, 0, 31 ]
[ 2, -1, 2, -1, 3, 1, 0, 1, 7 ]
[ -1, 0, 11, 2, -1, 2, 0, 0, 31 ]
[ -5, 1, 0, -1, 0, 11, 0, 0, 31 ]
[ -5, 1, 0, 2, -1, 2, -1, 0, 11 ]
[ 1, 0, 20, 0, 1, 7, 0, 0, 31 ]
[ 2, -1, 2, 1, 0, 20, 0, 0, 31 ]
[ 2, -1, 2, 0, 1, 7, 1, 0, 20 ]
[ 31, 0, 0, 12, 1, 0, 14, 0, 1 ]
[ 12, 1, 0, 5, 3, 0, 2, -1, 1 ]
[ 14, 0, 1, 12, 1, 0, -3, 0, 2 ]
[ 5, 3, 0, -2, 5, 0, 2, -1, 1 ]
[ 2, -1, 1, 5, 3, 0, -1, -1, 3 ]
[ -12, -1, 0, 2, -1, 1, -3, 0, 2 ]
[ 1, 0, -11, 12, 1, 0, 0, 0, 31 ]
[ 3, 0, -2, 12, 1, 0, -1, 0, 11 ]
[ 1, -18, 0, 0, 31, 0, 0, 4, 1 ]
[ 2, -5, 0, -1, 18, 0, 0, 4, 1 ]
[ 1, -2, 4, -2, 5, 0, 0, 0, 31 ]
[ 2, -1, 1, -2, 5, 0, 1, -2, 4 ]
[ -5, -3, 0, 2, -1, 1, -1, -1, 3 ]
[ 2, 1, 17, 5, 3, 0, 0, 0, 31 ]
[ -1, -1, 3, 2, 1, 17, 0, 0, 31 ]
[ -1, -1, 3, 5, 3, 0, 2, 1, 17 ]
[ -1, 0, 11, -1, -1, 3, 0, 0, 31 ]
[ -2, 1, -1, -1, 0, 11, 0, 0, 31 ]
[ -2, 1, -1, -1, -1, 3, -1, 0, 11 ]
[ -1, 0, 11, 2, -1, 1, 0, 0, 31 ]
[ -3, 0, 2, 2, -1, 1, -1, 0, 11 ]
[ 12, 1, 0, -1, 0, 11, 0, 0, 31 ]
[ 12, 1, 0, -3, 0, 2, -1, 0, 11 ]
[ 1, -18, 0, 0, 1, 8, 0, 0, 31 ]
[ 1, -18, 0, 0, 4, 1, 0, 1, 8 ]
[ 0, 1, 8, -1, 18, 0, 0, 0, 31 ]
[ 0, 4, 1, -1, 18, 0, 0, 1, 8 ]
[ 2, -5, 0, -1, 3, 4, 0, 0, 31 ]
[ 2, -5, 0, 0, 4, 1, -1, 3, 4 ]
[ -1, 1, -12, 1, -2, 4, 0, 0, 31 ]
[ -2, 1, -1, 1, -1, 12, 0, 0, 31 ]
[ -2, 1, -1, 1, -2, 4, 1, -1, 12 ]
[ 1, 1, -3, -1, 0, 11, 0, 0, 31 ]
[ -1, -1, 3, 2, -1, 1, -1, 0, 11 ]
[ -2, -1, -17, -1, -1, 3, 0, 0, 31 ]
[ -5, -3, 0, 2, 1, 17, 0, 0, 31 ]
[ -5, -3, 0, -1, -1, 3, 2, 1, 17 ]
[ -1, 0, 11, 2, -1, 1, 0, 0, 31 ]
[ 1, -3, -4, 0, 1, 8, 0, 0, 31 ]
[ 1, -3, -4, 0, 4, 1, 0, 1, 8 ]
[ 31, 0, 0, -2, 1, 0, 14, 0, 1 ]
[ 1, -16, 0, 0, 31, 0, 0, 7, 1 ]
[ 2, -1, 0, -1, 16, 0, 0, 7, 1 ]
[ 14, 0, 1, -2, 1, 0, -3, 0, 2 ]
[ 1, -16, 0, 0, 7, 1, 0, -3, 4 ]
[ 0, 7, 1, -1, 16, 0, 0, -3, 4 ]
[ 2, -1, 0, 0, 7, 1, -1, -1, 2 ]
[ 1, 0, -11, -2, 1, 0, 0, 0, 31 ]
[ 3, 0, -2, -2, 1, 0, -1, 0, 11 ]
[ 1, -16, 0, 0, 1, 9, 0, 0, 31 ]
[ -1, 16, 0, 0, -3, 4, 0, 1, 9 ]
[ 0, 1, 9, -1, 16, 0, 0, 0, 31 ]
[ 0, 3, -4, -1, 16, 0, 0, 1, 9 ]
[ 1, 1, -2, 0, 7, 1, 0, -3, 4 ]
[ -1, 0, 11, -1, -1, 2, 0, 0, 31 ]
[ -2, 1, 0, -1, 0, 11, 0, 0, 31 ]
[ -2, 1, 0, -1, -1, 2, -1, 0, 11 ]
[ 1, 1, -2, 0, 1, 9, 0, 0, 31 ]
[ -1, -1, 2, 0, -3, 4, 0, 1, 9 ]
[ 31, 0, 0, 15, 1, 0, 14, 0, 1 ]
[ 1, -2, 0, 0, 31, 0, 0, -3, 1 ]
[ 15, 1, 0, -1, 2, 0, -1, -1, 1 ]
[ 14, 0, 1, 15, 1, 0, -3, 0, 2 ]
[ 1, -2, 0, 0, 1, 10, 0, 0, 31 ]
[ -1, 2, 0, 0, -3, 1, 0, 1, 10 ]
[ 0, 1, 10, -1, 2, 0, 0, 0, 31 ]
[ 1, 1, -1, 0, 1, 10, 0, 0, 31 ]
[ 1, 1, -1, -1, 2, 0, 0, 1, 10 ]
[ -15, -1, 0, -1, -1, 1, -3, 0, 2 ]
[ 1, 0, -11, 15, 1, 0, 0, 0, 31 ]
[ 3, 0, -2, 15, 1, 0, -1, 0, 11 ]
[ -1, 0, 11, -1, -1, 1, 0, 0, 31 ]
[ -3, 0, 2, -1, -1, 1, -1, 0, 11 ]
[ 15, 1, 0, -1, 0, 11, 0, 0, 31 ]
[ 15, 1, 0, -3, 0, 2, -1, 0, 11 ]
[ 1, 1, 0, 0, 31, 0, 0, -14, 1 ]
[ 31, 0, 0, 1, 1, 0, 14, 0, 1 ]
[ -1, -1, 0, 0, -14, 1, 0, 3, 2 ]
[ 14, 0, 1, 1, 1, 0, -3, 0, 2 ]
[ 1, 1, 0, 0, 1, 11, 0, 0, 31 ]
[ 1, 1, 0, 0, 3, 2, 0, 1, 11 ]
[ 1, 0, -11, 1, 1, 0, 0, 0, 31 ]
[ 3, 0, -2, 1, 1, 0, -1, 0, 11 ]
[ 31, 0, 0, -13, 1, 0, 14, 0, 1 ]
[ 13, -1, 0, 5, 2, 0, 1, 1, 1 ]
[ 14, 0, 1, -13, 1, 0, -3, 0, 2 ]
[ 5, 2, 0, 2, 7, 0, 1, 1, 1 ]
[ -2, -1, 10, 5, 2, 0, 0, 0, 31 ]
[ 1, 1, 1, -2, -1, 10, 0, 0, 31 ]
[ -1, -1, -1, 5, 2, 0, -2, -1, 10 ]
[ 13, -1, 0, 1, 1, 1, -3, 0, 2 ]
[ 1, 0, -11, -13, 1, 0, 0, 0, 31 ]
[ 3, 0, -2, -13, 1, 0, -1, 0, 11 ]
[ 1, 19, 0, 0, 31, 0, 0, 13, 1 ]
[ 2, 7, 0, 1, 19, 0, -1, -6, 1 ]
[ 1, 3, -6, 2, 7, 0, 0, 0, 31 ]
[ 1, 1, 1, 2, 7, 0, -1, -3, 6 ]
[ 2, 1, -10, 1, 1, 1, 0, 0, 31 ]
[ -5, -2, 0, -2, -1, 10, 0, 0, 31 ]
[ 5, 2, 0, 1, 1, 1, -2, -1, 10 ]
[ 1, 0, -11, 1, 1, 1, 0, 0, 31 ]
[ 3, 0, -2, 1, 1, 1, -1, 0, 11 ]
[ -13, 1, 0, -1, 0, 11, 0, 0, 31 ]
[ -13, 1, 0, -3, 0, 2, -1, 0, 11 ]
[ 1, 19, 0, 0, 13, 1, 0, -5, 2 ]
[ 1, 6, -1, 1, 19, 0, 0, -5, 2 ]
[ 2, 7, 0, 1, 4, 6, 0, 0, 31 ]
[ -2, -7, 0, -1, -6, 1, 1, 4, 6 ]
[ 0, 1, -19, -1, -3, 6, 0, 0, 31 ]
[ -1, -1, -1, 0, -1, 19, 0, 0, 31 ]
[ -1, -1, -1, -1, -3, 6, 0, -1, 19 ]
[ -1, -19, 0, 0, -5, 2, 0, -2, 7 ]
[ 0, -5, 2, 1, 19, 0, 0, -2, 7 ]
[ -1, -6, 1, 0, -5, 2, 0, -2, 7 ]
[ 0, 1, -19, -1, -6, 1, 0, 0, 31 ]
[ -1, -4, -6, 0, -1, 19, 0, 0, 31 ]
[ -1, -4, -6, -1, -6, 1, 0, -1, 19 ]
[ -1, -19, 0, 0, -1, 19, 0, 0, 31 ]
[ -1, -19, 0, 0, -2, 7, 0, -1, 19 ]
[ 0, -1, 19, 1, 19, 0, 0, 0, 31 ]
[ 0, -2, 7, 1, 19, 0, 0, -1, 19 ]
[ -1, -6, 1, 0, -1, 19, 0, 0, 31 ]
[ -1, -6, 1, 0, -2, 7, 0, -1, 19 ]
[ 31, 0, 0, 4, 1, 0, 14, 0, 1 ]
[ 1, 8, 0, 0, 31, 0, 0, 12, 1 ]
[ 4, 1, 0, 1, 8, 0, -2, -4, 1 ]
[ 14, 0, 1, 4, 1, 0, -3, 0, 2 ]
[ 1, 8, 0, 0, 12, 1, 0, 5, 3 ]
[ 2, 4, -1, 1, 8, 0, -1, -3, 3 ]
[ -4, -1, 0, -2, -4, 1, 1, 1, 2 ]
[ 1, 0, -11, 4, 1, 0, 0, 0, 31 ]
[ 3, 0, -2, 4, 1, 0, -1, 0, 11 ]
[ 1, 8, 0, 0, 5, 3, 0, -2, 5 ]
[ 1, 3, -3, 1, 8, 0, 0, -2, 5 ]
[ -1, -2, 16, -1, -3, 3, 0, 0, 31 ]
[ -2, -4, 1, -1, -3, 3, -1, -2, 16 ]
[ -1, -1, -2, -1, -2, 16, 0, 0, 31 ]
[ -1, -1, -2, -2, -4, 1, -1, -2, 16 ]
[ 1, 0, -11, 1, 1, 2, 0, 0, 31 ]
[ 4, 1, 0, -1, 0, 11, 0, 0, 31 ]
[ 4, 1, 0, 1, 1, 2, -1, 0, 11 ]
[ -1, -8, 0, 0, -1, 18, 0, 0, 31 ]
[ -1, -8, 0, 0, -2, 5, 0, -1, 18 ]
[ 0, -1, 18, 1, 8, 0, 0, 0, 31 ]
[ 0, -2, 5, 1, 8, 0, 0, -1, 18 ]
[ -1, -3, 3, 0, -1, 18, 0, 0, 31 ]
[ -1, -3, 3, 0, -2, 5, 0, -1, 18 ]
[ 31, 0, 0, -10, 1, 0, 14, 0, 1 ]
[ 1, 3, 0, 0, 31, 0, 0, -11, 1 ]
[ 10, -1, 0, 1, 3, 0, 4, 1, 1 ]
[ 14, 0, 1, -10, 1, 0, -3, 0, 2 ]
[ -1, -3, 0, 0, -11, 1, 0, -2, 3 ]
[ 4, 1, 1, 1, 3, 0, 1, 1, 3 ]
[ 10, -1, 0, 4, 1, 1, -3, 0, 2 ]
[ 1, 0, -11, -10, 1, 0, 0, 0, 31 ]
[ 3, 0, -2, -10, 1, 0, -1, 0, 11 ]
[ -1, -3, 0, 0, -1, 17, 0, 0, 31 ]
[ -1, -3, 0, 0, -2, 3, 0, -1, 17 ]
[ 1, 2, 17, 1, 3, 0, 0, 0, 31 ]
[ 1, 1, 3, 1, 2, 17, 0, 0, 31 ]
[ 1, 1, 3, 1, 3, 0, 1, 2, 17 ]
[ 1, 0, -11, 1, 1, 3, 0, 0, 31 ]
[ 4, 1, 1, -1, 0, 11, 0, 0, 31 ]
[ 4, 1, 1, 1, 1, 3, -1, 0, 11 ]
[ 1, 0, -11, 4, 1, 1, 0, 0, 31 ]
[ 3, 0, -2, 4, 1, 1, -1, 0, 11 ]
[ -10, 1, 0, -1, 0, 11, 0, 0, 31 ]
[ -10, 1, 0, -3, 0, 2, -1, 0, 11 ]
[ 31, 0, 0, 7, 1, 0, 14, 0, 1 ]
[ 7, 1, 0, -3, 4, 0, 0, -2, 1 ]
[ 14, 0, 1, 7, 1, 0, -3, 0, 2 ]
[ 1, 9, 0, 0, 31, 0, 0, -2, 1 ]
[ 3, -4, 0, 1, 9, 0, 0, -2, 1 ]
[ 1, -1, 5, -3, 4, 0, 0, 0, 31 ]
[ 0, 2, -1, -3, 4, 0, 1, -1, 5 ]
[ -7, -1, 0, 0, -2, 1, -3, 0, 2 ]
[ 1, 0, -11, 7, 1, 0, 0, 0, 31 ]
[ 3, 0, -2, 7, 1, 0, -1, 0, 11 ]
[ -1, -9, 0, 0, -1, 16, 0, 0, 31 ]
[ -1, -9, 0, 0, -2, 1, 0, -1, 16 ]
[ 0, -1, 16, 1, 9, 0, 0, 0, 31 ]
[ 0, -2, 1, 1, 9, 0, 0, -1, 16 ]
[ 3, -4, 0, 1, -1, 5, 0, 0, 31 ]
[ -3, 4, 0, 0, -2, 1, 1, -1, 5 ]
[ 0, -1, 16, 1, -1, 5, 0, 0, 31 ]
[ 0, -2, 1, 1, -1, 5, 0, -1, 16 ]
[ -3, 0, 2, 0, -2, 1, 1, -1, 5 ]
[ 7, 1, 0, -1, 0, 11, 0, 0, 31 ]
[ 7, 1, 0, -3, 0, 2, -1, 0, 11 ]
[ -1, 1, -5, 0, -1, 16, 0, 0, 31 ]
[ -1, 1, -5, 0, -2, 1, 0, -1, 16 ]
[ -1, 1, -5, 0, -1, 16, 0, 0, 31 ]
[ -1, 1, -5, 0, -2, 1, 0, -1, 16 ]
[ -1, 0, 11, 1, -1, 5, 0, 0, 31 ]
[ -3, 0, 2, 1, -1, 5, -1, 0, 11 ]
[ 31, 0, 0, -7, 1, 0, 14, 0, 1 ]
[ 7, -1, 0, 3, 4, 0, 0, 2, 1 ]
[ 14, 0, 1, -7, 1, 0, -3, 0, 2 ]
[ 1, -9, 0, 0, 31, 0, 0, 2, 1 ]
[ 3, 4, 0, -1, 9, 0, 0, 2, 1 ]
[ 1, 1, 5, 3, 4, 0, 0, 0, 31 ]
[ 0, -2, -1, 3, 4, 0, 1, 1, 5 ]
[ 7, -1, 0, 0, 2, 1, -3, 0, 2 ]
[ 1, 0, -11, -7, 1, 0, 0, 0, 31 ]
[ 3, 0, -2, -7, 1, 0, -1, 0, 11 ]
[ 1, -9, 0, 0, 1, 16, 0, 0, 31 ]
[ 1, -9, 0, 0, 2, 1, 0, 1, 16 ]
[ 0, 1, 16, -1, 9, 0, 0, 0, 31 ]
[ 0, 2, 1, -1, 9, 0, 0, 1, 16 ]
[ -3, -4, 0, 1, 1, 5, 0, 0, 31 ]
[ 3, 4, 0, 0, 2, 1, 1, 1, 5 ]
[ 0, -1, -16, 1, 1, 5, 0, 0, 31 ]
[ 0, -2, -1, 1, 1, 5, 0, 1, 16 ]
[ 3, 0, -2, 0, 2, 1, 1, 1, 5 ]
[ -7, 1, 0, -1, 0, 11, 0, 0, 31 ]
[ -7, 1, 0, -3, 0, 2, -1, 0, 11 ]
[ 1, 1, 5, 0, 1, 16, 0, 0, 31 ]
[ 1, 1, 5, 0, 2, 1, 0, 1, 16 ]
[ 1, 1, 5, 0, 1, 16, 0, 0, 31 ]
[ 1, 1, 5, 0, 2, 1, 0, 1, 16 ]
[ 1, 0, -11, 1, 1, 5, 0, 0, 31 ]
[ 3, 0, -2, 1, 1, 5, -1, 0, 11 ]
[ 31, 0, 0, 10, 1, 0, 14, 0, 1 ]
[ 1, -3, 0, 0, 31, 0, 0, 11, 1 ]
[ 10, 1, 0, -1, 3, 0, 4, -1, 1 ]
[ 14, 0, 1, 10, 1, 0, -3, 0, 2 ]
[ 1, -3, 0, 0, 11, 1, 0, 2, 3 ]
[ 4, -1, 1, -1, 3, 0, 1, -1, 3 ]
[ -10, -1, 0, 4, -1, 1, -3, 0, 2 ]
[ 1, 0, -11, 10, 1, 0, 0, 0, 31 ]
[ 3, 0, -2, 10, 1, 0, -1, 0, 11 ]
[ 1, -3, 0, 0, 1, 17, 0, 0, 31 ]
[ 1, -3, 0, 0, 2, 3, 0, 1, 17 ]
[ 0, 1, 17, -1, 3, 0, 0, 0, 31 ]
[ 1, -1, 3, 0, 1, 17, 0, 0, 31 ]
[ 1, -1, 3, -1, 3, 0, 0, 1, 17 ]
[ -1, 0, 11, 1, -1, 3, 0, 0, 31 ]
[ -4, 1, -1, -1, 0, 11, 0, 0, 31 ]
[ -4, 1, -1, 1, -1, 3, -1, 0, 11 ]
[ -1, 0, 11, 4, -1, 1, 0, 0, 31 ]
[ -3, 0, 2, 4, -1, 1, -1, 0, 11 ]
[ 10, 1, 0, -1, 0, 11, 0, 0, 31 ]
[ 10, 1, 0, -3, 0, 2, -1, 0, 11 ]
[ 31, 0, 0, -4, 1, 0, 14, 0, 1 ]
[ 1, -8, 0, 0, 31, 0, 0, -12, 1 ]
[ 4, -1, 0, -1, 8, 0, -2, 4, 1 ]
[ 14, 0, 1, -4, 1, 0, -3, 0, 2 ]
[ -1, 8, 0, 0, -12, 1, 0, -5, 3 ]
[ 2, -4, -1, -1, 8, 0, -1, 3, 3 ]
[ 4, -1, 0, -2, 4, 1, 1, -1, 2 ]
[ 1, 0, -11, -4, 1, 0, 0, 0, 31 ]
[ 3, 0, -2, -4, 1, 0, -1, 0, 11 ]
[ -1, 8, 0, 0, -5, 3, 0, 2, 5 ]
[ 1, -3, -3, -1, 8, 0, 0, 2, 5 ]
[ 1, -2, -16, -1, 3, 3, 0, 0, 31 ]
[ 2, -4, -1, -1, 3, 3, -1, 2, 16 ]
[ 1, -1, 2, -1, 2, 16, 0, 0, 31 ]
[ 1, -1, 2, -2, 4, 1, -1, 2, 16 ]
[ -1, 0, 11, 1, -1, 2, 0, 0, 31 ]
[ -4, 1, 0, -1, 0, 11, 0, 0, 31 ]
[ -4, 1, 0, 1, -1, 2, -1, 0, 11 ]
[ 1, -8, 0, 0, 1, 18, 0, 0, 31 ]
[ 1, -8, 0, 0, 2, 5, 0, 1, 18 ]
[ 0, 1, 18, -1, 8, 0, 0, 0, 31 ]
[ 0, 2, 5, -1, 8, 0, 0, 1, 18 ]
[ 1, -3, -3, 0, 1, 18, 0, 0, 31 ]
[ 1, -3, -3, 0, 2, 5, 0, 1, 18 ]
[ 31, 0, 0, 13, 1, 0, 14, 0, 1 ]
[ 13, 1, 0, -5, 2, 0, 1, -1, 1 ]
[ 14, 0, 1, 13, 1, 0, -3, 0, 2 ]
[ 5, -2, 0, -2, 7, 0, 1, -1, 1 ]
[ -2, 1, 10, -5, 2, 0, 0, 0, 31 ]
[ -1, 1, -1, -2, 1, 10, 0, 0, 31 ]
[ -1, 1, -1, -5, 2, 0, -2, 1, 10 ]
[ -13, -1, 0, 1, -1, 1, -3, 0, 2 ]
[ 1, 0, -11, 13, 1, 0, 0, 0, 31 ]
[ 3, 0, -2, 13, 1, 0, -1, 0, 11 ]
[ 1, -19, 0, 0, 31, 0, 0, -13, 1 ]
[ 2, -7, 0, -1, 19, 0, -1, 6, 1 ]
[ 1, -3, -6, -2, 7, 0, 0, 0, 31 ]
[ 1, -1, 1, -2, 7, 0, -1, 3, 6 ]
[ -2, 1, 10, 1, -1, 1, 0, 0, 31 ]
[ 5, -2, 0, -2, 1, 10, 0, 0, 31 ]
[ -5, 2, 0, 1, -1, 1, -2, 1, 10 ]
[ -1, 0, 11, 1, -1, 1, 0, 0, 31 ]
[ -3, 0, 2, 1, -1, 1, -1, 0, 11 ]
[ 13, 1, 0, -1, 0, 11, 0, 0, 31 ]
[ 13, 1, 0, -3, 0, 2, -1, 0, 11 ]
[ -1, 19, 0, 0, -13, 1, 0, 5, 2 ]
[ 1, -6, -1, -1, 19, 0, 0, 5, 2 ]
[ -2, 7, 0, 1, -4, 6, 0, 0, 31 ]
[ 2, -7, 0, -1, 6, 1, 1, -4, 6 ]
[ 0, 1, 19, -1, 3, 6, 0, 0, 31 ]
[ 1, -1, 1, 0, 1, 19, 0, 0, 31 ]
[ 1, -1, 1, -1, 3, 6, 0, 1, 19 ]
[ 1, -19, 0, 0, 5, 2, 0, 2, 7 ]
[ 0, 5, 2, -1, 19, 0, 0, 2, 7 ]
[ 1, -6, -1, 0, 5, 2, 0, 2, 7 ]
[ 0, 1, 19, -1, 6, 1, 0, 0, 31 ]
[ 1, -4, 6, 0, 1, 19, 0, 0, 31 ]
[ 1, -4, 6, -1, 6, 1, 0, 1, 19 ]
[ 1, -19, 0, 0, 1, 19, 0, 0, 31 ]
[ 1, -19, 0, 0, 2, 7, 0, 1, 19 ]
[ 0, 1, 19, -1, 19, 0, 0, 0, 31 ]
[ 0, 2, 7, -1, 19, 0, 0, 1, 19 ]
[ 1, -6, -1, 0, 1, 19, 0, 0, 31 ]
[ 1, -6, -1, 0, 2, 7, 0, 1, 19 ]
[ 1, -1, 0, 0, 31, 0, 0, 14, 1 ]
[ 31, 0, 0, -1, 1, 0, 14, 0, 1 ]
[ 1, -1, 0, 0, 14, 1, 0, -3, 2 ]
[ 14, 0, 1, -1, 1, 0, -3, 0, 2 ]
[ -1, 1, 0, 0, -1, 11, 0, 0, 31 ]
[ -1, 1, 0, 0, -3, 2, 0, -1, 11 ]
[ 1, 0, -11, -1, 1, 0, 0, 0, 31 ]
[ 3, 0, -2, -1, 1, 0, -1, 0, 11 ]
[ 31, 0, 0, -15, 1, 0, 14, 0, 1 ]
[ 1, 2, 0, 0, 31, 0, 0, 3, 1 ]
[ 15, -1, 0, 1, 2, 0, -1, 1, 1 ]
[ 14, 0, 1, -15, 1, 0, -3, 0, 2 ]
[ -1, -2, 0, 0, -1, 10, 0, 0, 31 ]
[ 1, 2, 0, 0, 3, 1, 0, -1, 10 ]
[ 0, -1, 10, 1, 2, 0, 0, 0, 31 ]
[ -1, 1, 1, 0, -1, 10, 0, 0, 31 ]
[ 1, -1, -1, 1, 2, 0, 0, -1, 10 ]
[ 15, -1, 0, -1, 1, 1, -3, 0, 2 ]
[ 1, 0, -11, -15, 1, 0, 0, 0, 31 ]
[ 3, 0, -2, -15, 1, 0, -1, 0, 11 ]
[ 1, 0, -11, -1, 1, 1, 0, 0, 31 ]
[ 3, 0, -2, -1, 1, 1, -1, 0, 11 ]
[ -15, 1, 0, -1, 0, 11, 0, 0, 31 ]
[ -15, 1, 0, -3, 0, 2, -1, 0, 11 ]
[ 31, 0, 0, 2, 1, 0, 14, 0, 1 ]
[ 1, 16, 0, 0, 31, 0, 0, -7, 1 ]
[ 2, 1, 0, 1, 16, 0, 0, -7, 1 ]
[ 14, 0, 1, 2, 1, 0, -3, 0, 2 ]
[ -1, -16, 0, 0, -7, 1, 0, 3, 4 ]
[ 0, -7, 1, 1, 16, 0, 0, 3, 4 ]
[ -2, -1, 0, 0, -7, 1, 1, 2, 2 ]
[ 1, 0, -11, 2, 1, 0, 0, 0, 31 ]
[ 3, 0, -2, 2, 1, 0, -1, 0, 11 ]
[ -1, -16, 0, 0, -1, 9, 0, 0, 31 ]
[ 1, 16, 0, 0, 3, 4, 0, -1, 9 ]
[ 0, -1, 9, 1, 16, 0, 0, 0, 31 ]
[ 0, -3, -4, 1, 16, 0, 0, -1, 9 ]
[ -1, -2, -2, 0, -7, 1, 0, 3, 4 ]
[ 1, 1, 11, 1, 2, 2, 0, 0, 31 ]
[ 2, 1, 0, 1, 1, 11, 0, 0, 31 ]
[ 2, 1, 0, 1, 2, 2, 1, 1, 11 ]
[ -1, -2, -2, 0, -1, 9, 0, 0, 31 ]
[ 1, 2, 2, 0, 3, 4, 0, -1, 9 ]
[ 31, 0, 0, -12, 1, 0, 14, 0, 1 ]
[ 12, -1, 0, -5, 3, 0, 2, 1, 1 ]
[ 14, 0, 1, -12, 1, 0, -3, 0, 2 ]
[ 5, -3, 0, 2, 5, 0, 2, 1, 1 ]
[ 2, 1, 1, -5, 3, 0, -1, 1, 3 ]
[ 12, -1, 0, 2, 1, 1, -3, 0, 2 ]
[ 1, 0, -11, -12, 1, 0, 0, 0, 31 ]
[ 3, 0, -2, -12, 1, 0, -1, 0, 11 ]
[ 1, 18, 0, 0, 31, 0, 0, -4, 1 ]
[ 2, 5, 0, 1, 18, 0, 0, -4, 1 ]
[ 1, 2, 4, 2, 5, 0, 0, 0, 31 ]
[ 2, 1, 1, 2, 5, 0, 1, 2, 4 ]
[ 5, -3, 0, 2, 1, 1, -1, 1, 3 ]
[ -3, 2, 17, -5, 3, 0, 0, 0, 31 ]
[ -1, 1, 3, -3, 2, 17, 0, 0, 31 ]
[ -1, 1, 3, -5, 3, 0, -3, 2, 17 ]
[ 1, 0, -11, -1, 1, 3, 0, 0, 31 ]
[ 2, 1, 1, -1, 0, 11, 0, 0, 31 ]
[ 2, 1, 1, -1, 1, 3, -1, 0, 11 ]
[ 1, 0, -11, 2, 1, 1, 0, 0, 31 ]
[ 3, 0, -2, 2, 1, 1, -1, 0, 11 ]
[ -12, 1, 0, -1, 0, 11, 0, 0, 31 ]
[ -12, 1, 0, -3, 0, 2, -1, 0, 11 ]
[ -1, -18, 0, 0, -1, 8, 0, 0, 31 ]
[ -1, -18, 0, 0, -4, 1, 0, -1, 8 ]
[ 0, -1, 8, 1, 18, 0, 0, 0, 31 ]
[ 0, -4, 1, 1, 18, 0, 0, -1, 8 ]
[ -2, -5, 0, 1, 2, 4, 0, 0, 31 ]
[ -2, -5, 0, 0, -4, 1, 1, 2, 4 ]
[ 1, 1, 12, 1, 2, 4, 0, 0, 31 ]
[ 2, 1, 1, 1, 1, 12, 0, 0, 31 ]
[ 2, 1, 1, 1, 2, 4, 1, 1, 12 ]
[ -1, 1, 3, -1, 0, 11, 0, 0, 31 ]
[ 1, -1, -3, 2, 1, 1, -1, 0, 11 ]
[ 3, -2, -17, -1, 1, 3, 0, 0, 31 ]
[ 5, -3, 0, -3, 2, 17, 0, 0, 31 ]
[ 5, -3, 0, -1, 1, 3, -3, 2, 17 ]
[ 1, 0, -11, 2, 1, 1, 0, 0, 31 ]
[ -1, -2, -4, 0, -1, 8, 0, 0, 31 ]
[ -1, -2, -4, 0, -4, 1, 0, -1, 8 ]
[ 31, 0, 0, 5, 1, 0, 14, 0, 1 ]
[ 1, -6, 0, 0, 31, 0, 0, -9, 1 ]
[ 5, 1, 0, -1, 6, 0, -1, -3, 1 ]
[ 14, 0, 1, 5, 1, 0, -3, 0, 2 ]
[ -1, 6, 0, 0, -9, 1, 0, 4, 3 ]
[ 1, 3, -1, -1, 6, 0, 0, 4, 3 ]
[ -5, -1, 0, -1, -3, 1, 2, 1, 2 ]
[ 1, 0, -11, 5, 1, 0, 0, 0, 31 ]
[ 3, 0, -2, 5, 1, 0, -1, 0, 11 ]
[ -1, 6, 0, 0, -1, 7, 0, 0, 31 ]
[ 1, -6, 0, 0, 4, 3, 0, -1, 7 ]
[ 0, 1, -7, -1, 6, 0, 0, 0, 31 ]
[ 0, 4, 3, -1, 6, 0, 0, -1, 7 ]
[ -1, -3, 1, 0, -1, 7, 0, 0, 31 ]
[ 1, 3, -1, 0, 4, 3, 0, -1, 7 ]
[ 0, 1, -7, -1, -3, 1, 0, 0, 31 ]
[ -2, -1, -2, -1, -3, 1, 0, -1, 7 ]
[ 1, 0, -11, 2, 1, 2, 0, 0, 31 ]
[ 5, 1, 0, -1, 0, 11, 0, 0, 31 ]
[ 5, 1, 0, 2, 1, 2, -1, 0, 11 ]
[ -1, 0, -20, 0, -1, 7, 0, 0, 31 ]
[ -2, -1, -2, 1, 0, 20, 0, 0, 31 ]
[ -2, -1, -2, 0, -1, 7, 1, 0, 20 ]
[ 31, 0, 0, -9, 1, 0, 14, 0, 1 ]
[ 9, -1, 0, 4, 3, 0, 5, 1, 1 ]
[ 14, 0, 1, -9, 1, 0, -3, 0, 2 ]
[ 1, -7, 0, 0, 31, 0, 0, 5, 1 ]
[ 4, 3, 0, -1, 7, 0, 1, -2, 1 ]
[ 5, 1, 1, 4, 3, 0, 2, 1, 3 ]
[ 9, -1, 0, 5, 1, 1, -3, 0, 2 ]
[ 1, 0, -11, -9, 1, 0, 0, 0, 31 ]
[ 3, 0, -2, -9, 1, 0, -1, 0, 11 ]
[ -1, 7, 0, 0, -1, 6, 0, 0, 31 ]
[ 1, -7, 0, 0, 5, 1, 0, -1, 6 ]
[ 0, 1, -6, -1, 7, 0, 0, 0, 31 ]
[ -1, 2, -1, 0, -1, 6, 0, 0, 31 ]
[ 1, -2, 1, -1, 7, 0, 0, -1, 6 ]
[ -4, -3, 0, 1, -2, 1, 2, 1, 3 ]
[ 3, 2, 17, 4, 3, 0, 0, 0, 31 ]
[ 2, 1, 3, 3, 2, 17, 0, 0, 31 ]
[ 2, 1, 3, 4, 3, 0, 3, 2, 17 ]
[ 1, 0, -11, 2, 1, 3, 0, 0, 31 ]
[ 5, 1, 1, -1, 0, 11, 0, 0, 31 ]
[ 5, 1, 1, 2, 1, 3, -1, 0, 11 ]
[ 1, 0, -11, 5, 1, 1, 0, 0, 31 ]
[ 3, 0, -2, 5, 1, 1, -1, 0, 11 ]
[ -9, 1, 0, -1, 0, 11, 0, 0, 31 ]
[ -9, 1, 0, -3, 0, 2, -1, 0, 11 ]
[ 0, -1, 6, 1, -2, 1, 0, 0, 31 ]
[ -2, -1, -3, 1, -2, 1, 0, -1, 6 ]
[ -3, -2, -17, 2, 1, 3, 0, 0, 31 ]
[ -4, -3, 0, 3, 2, 17, 0, 0, 31 ]
[ -4, -3, 0, 2, 1, 3, 3, 2, 17 ]
[ -1, 0, -20, 0, -1, 6, 0, 0, 31 ]
[ -2, -1, -3, 1, 0, 20, 0, 0, 31 ]
[ -2, -1, -3, 0, -1, 6, 1, 0, 20 ]
[ 31, 0, 0, 8, 1, 0, 14, 0, 1 ]
[ 1, 4, 0, 0, 31, 0, 0, 6, 1 ]
[ 8, 1, 0, 1, 4, 0, -2, -2, 1 ]
[ 14, 0, 1, 8, 1, 0, -3, 0, 2 ]
[ -1, -4, 0, 0, -1, 5, 0, 0, 31 ]
[ 1, 4, 0, 0, 6, 1, 0, -1, 5 ]
[ 0, -1, 5, 1, 4, 0, 0, 0, 31 ]
[ 2, 2, -1, 1, 4, 0, 0, -1, 5 ]
[ -8, -1, 0, -2, -2, 1, -3, 0, 2 ]
[ 1, 0, -11, 8, 1, 0, 0, 0, 31 ]
[ 3, 0, -2, 8, 1, 0, -1, 0, 11 ]
[ -1, -1, 16, 0, -1, 5, 0, 0, 31 ]
[ -2, -2, 1, 0, -1, 5, -1, -1, 16 ]
[ -3, 0, 2, -2, -2, 1, 0, -1, 5 ]
[ 8, 1, 0, -1, 0, 11, 0, 0, 31 ]
[ 8, 1, 0, -3, 0, 2, -1, 0, 11 ]
[ 0, 1, -5, -1, -1, 16, 0, 0, 31 ]
[ 0, 1, -5, -2, -2, 1, -1, -1, 16 ]
[ -1, 0, 11, 0, -1, 5, 0, 0, 31 ]
[ -3, 0, 2, 0, -1, 5, -1, 0, 11 ]
[ 31, 0, 0, -6, 1, 0, 14, 0, 1 ]
[ 1, 5, 0, 0, 31, 0, 0, -8, 1 ]
[ 6, -1, 0, 1, 5, 0, 2, 2, 1 ]
[ 14, 0, 1, -6, 1, 0, -3, 0, 2 ]
[ -1, -5, 0, 0, -1, 4, 0, 0, 31 ]
[ -1, -5, 0, 0, -8, 1, 0, -1, 4 ]
[ 0, -1, 4, 1, 5, 0, 0, 0, 31 ]
[ 2, 2, 1, 1, 5, 0, 0, -1, 4 ]
[ 6, -1, 0, 2, 2, 1, -3, 0, 2 ]
[ 1, 0, -11, -6, 1, 0, 0, 0, 31 ]
[ 3, 0, -2, -6, 1, 0, -1, 0, 11 ]
[ -1, -1, -16, 0, -1, 4, 0, 0, 31 ]
[ -2, -2, -1, 0, -1, 4, 1, 1, 16 ]
[ 3, 0, -2, 2, 2, 1, 2, 1, 5 ]
[ -6, 1, 0, -1, 0, 11, 0, 0, 31 ]
[ -6, 1, 0, -3, 0, 2, -1, 0, 11 ]
[ 2, 1, 5, 1, 1, 16, 0, 0, 31 ]
[ 2, 1, 5, 2, 2, 1, 1, 1, 16 ]
[ 1, 0, -11, 2, 1, 5, 0, 0, 31 ]
[ 3, 0, -2, 2, 1, 5, -1, 0, 11 ]
[ 31, 0, 0, 11, 1, 0, 14, 0, 1 ]
[ 11, 1, 0, 2, 3, 0, 3, -1, 1 ]
[ 14, 0, 1, 11, 1, 0, -3, 0, 2 ]
[ 1, 17, 0, 0, 31, 0, 0, 10, 1 ]
[ 2, 3, 0, 1, 17, 0, -1, -7, 1 ]
[ 3, -1, 1, 2, 3, 0, 0, -1, 3 ]
[ -11, -1, 0, 3, -1, 1, -3, 0, 2 ]
[ 1, 0, -11, 11, 1, 0, 0, 0, 31 ]
[ 3, 0, -2, 11, 1, 0, -1, 0, 11 ]
[ -1, -17, 0, 0, -1, 3, 0, 0, 31 ]
[ 1, 17, 0, 0, 10, 1, 0, -1, 3 ]
[ 0, -1, 3, 1, 17, 0, 0, 0, 31 ]
[ -1, -7, 1, 0, -1, 3, 0, 0, 31 ]
[ 1, 7, -1, 1, 17, 0, 0, -1, 3 ]
[ 0, 1, -3, -1, -7, 1, 0, 0, 31 ]
[ -2, -3, 0, -1, -7, 1, 0, -1, 3 ]
[ 1, 1, 17, 2, 3, 0, 0, 0, 31 ]
[ 0, -1, 3, 1, 1, 17, 0, 0, 31 ]
[ 0, -1, 3, 2, 3, 0, 1, 1, 17 ]
[ -1, 0, 11, 0, -1, 3, 0, 0, 31 ]
[ -3, 1, -1, -1, 0, 11, 0, 0, 31 ]
[ -3, 1, -1, 0, -1, 3, -1, 0, 11 ]
[ -1, 0, 11, 3, -1, 1, 0, 0, 31 ]
[ -3, 0, 2, 3, -1, 1, -1, 0, 11 ]
[ 11, 1, 0, -1, 0, 11, 0, 0, 31 ]
[ 11, 1, 0, -3, 0, 2, -1, 0, 11 ]
[ -1, -1, -17, 0, -1, 3, 0, 0, 31 ]
[ -2, -3, 0, 1, 1, 17, 0, 0, 31 ]
[ -2, -3, 0, 0, -1, 3, 1, 1, 17 ]
[ 31, 0, 0, -3, 1, 0, 14, 0, 1 ]
[ 1, 10, 0, 0, 31, 0, 0, 15, 1 ]
[ 3, -1, 0, 1, 10, 0, -1, 5, 1 ]
[ 14, 0, 1, -3, 1, 0, -3, 0, 2 ]
[ -1, -10, 0, 0, -1, 2, 0, 0, 31 ]
[ 1, 10, 0, 0, 15, 1, 0, -1, 2 ]
[ 0, -1, 2, 1, 10, 0, 0, 0, 31 ]
[ -1, 5, 1, 0, -1, 2, 0, 0, 31 ]
[ 1, -5, -1, 1, 10, 0, 0, -1, 2 ]
[ 0, 1, -2, -1, 5, 1, 0, 0, 31 ]
[ 3, -1, 0, -1, 5, 1, 0, -1, 2 ]
[ 1, 0, -11, -3, 1, 0, 0, 0, 31 ]
[ 3, 0, -2, -3, 1, 0, -1, 0, 11 ]
[ -1, 0, 11, 0, -1, 2, 0, 0, 31 ]
[ -3, 1, 0, -1, 0, 11, 0, 0, 31 ]
[ -3, 1, 0, 0, -1, 2, -1, 0, 11 ]
[ 31, 0, 0, 14, 1, 0, 14, 0, 1 ]
[ 14, 1, 0, -3, 2, 0, 0, -1, 1 ]
[ 14, 0, 1, 14, 1, 0, -3, 0, 2 ]
[ -1, 11, 0, 0, -1, 1, 0, 0, 31 ]
[ 1, -11, 0, 0, 31, 0, 0, -1, 1 ]
[ 0, 1, -1, -1, 11, 0, 0, 0, 31 ]
[ 3, -2, 0, -1, 11, 0, 0, -1, 1 ]
[ -1, 1, 10, -3, 2, 0, 0, 0, 31 ]
[ 0, 1, -1, -1, 1, 10, 0, 0, 31 ]
[ 0, 1, -1, -3, 2, 0, -1, 1, 10 ]
[ -14, -1, 0, 0, -1, 1, -3, 0, 2 ]
[ 1, 0, -11, 14, 1, 0, 0, 0, 31 ]
[ 3, 0, -2, 14, 1, 0, -1, 0, 11 ]
[ -1, 1, 10, 0, -1, 1, 0, 0, 31 ]
[ 3, -2, 0, -1, 1, 10, 0, 0, 31 ]
[ -3, 2, 0, 0, -1, 1, -1, 1, 10 ]
[ -1, 0, 11, 0, -1, 1, 0, 0, 31 ]
[ -3, 0, 2, 0, -1, 1, -1, 0, 11 ]
[ 14, 1, 0, -1, 0, 11, 0, 0, 31 ]
[ 14, 1, 0, -3, 0, 2, -1, 0, 11 ]
[ 31, 0, 0, 0, 1, 0, 3, 0, 1 ]
[ 1, 0, -10, 0, 1, 0, 0, 0, 31 ]
[ 3, 0, 1, 0, 1, 0, -1, 0, 10 ]
[ 31, 0, 0, -3, 1, 0, 3, 0, 1 ]
[ 1, 10, 0, 0, 1, 1, 0, 0, 31 ]
[ 1, 10, 0, 0, 31, 0, 0, 1, 1 ]
[ 0, -1, -1, 1, 10, 0, 0, 0, 31 ]
[ 3, -1, 0, 1, 10, 0, 0, 1, 1 ]
[ 1, 0, -10, -3, 1, 0, 0, 0, 31 ]
[ 3, 0, 1, -3, 1, 0, -1, 0, 10 ]
[ 1, 0, -10, 0, 1, 1, 0, 0, 31 ]
[ -3, 1, 0, -1, 0, 10, 0, 0, 31 ]
[ 3, -1, 0, 0, 1, 1, -1, 0, 10 ]
[ 31, 0, 0, -6, 1, 0, 3, 0, 1 ]
[ 1, 5, 0, 0, 31, 0, 0, -15, 1 ]
[ 6, -1, 0, 1, 5, 0, 3, 0, 1 ]
[ 1, 0, -10, -6, 1, 0, 0, 0, 31 ]
[ 3, 0, 1, -6, 1, 0, -1, 0, 10 ]
[ 1, 5, 0, 0, 1, 2, 0, 0, 31 ]
[ -1, -5, 0, 0, -15, 1, 0, 1, 2 ]
[ 0, -1, -2, 1, 5, 0, 0, 0, 31 ]
[ 3, 0, 1, 1, 5, 0, 0, 1, 2 ]
[ -6, 1, 0, -1, 0, 10, 0, 0, 31 ]
[ 6, -1, 0, 3, 0, 1, -1, 0, 10 ]
[ 1, 0, -10, 0, 1, 2, 0, 0, 31 ]
[ 3, 0, 1, 0, 1, 2, -1, 0, 10 ]
[ 31, 0, 0, -9, 1, 0, 3, 0, 1 ]
[ 9, -1, 0, 4, 3, 0, 3, 0, 1 ]
[ 1, 0, -10, -9, 1, 0, 0, 0, 31 ]
[ 3, 0, 1, -9, 1, 0, -1, 0, 10 ]
[ 1, -7, 0, 0, 31, 0, 0, -10, 1 ]
[ 4, 3, 0, -1, 7, 0, -1, -3, 1 ]
[ 3, 0, 1, 4, 3, 0, 0, 1, 3 ]
[ -9, 1, 0, -1, 0, 10, 0, 0, 31 ]
[ 9, -1, 0, 3, 0, 1, -1, 0, 10 ]
[ 1, -7, 0, 0, 1, 3, 0, 0, 31 ]
[ -1, 7, 0, 0, -10, 1, 0, 1, 3 ]
[ 0, 1, 3, -1, 7, 0, 0, 0, 31 ]
[ 1, 3, -1, 0, 1, 3, 0, 0, 31 ]
[ 1, 3, -1, -1, 7, 0, 0, 1, 3 ]
[ 0, 1, 3, -1, -3, 1, 0, 0, 31 ]
[ -4, -3, 0, -1, -3, 1, 0, 1, 3 ]
[ -1, -1, 7, 4, 3, 0, 0, 0, 31 ]
[ 0, 1, 3, -1, -1, 7, 0, 0, 31 ]
[ 0, -1, -3, 4, 3, 0, -1, -1, 7 ]
[ 1, 0, -10, 0, 1, 3, 0, 0, 31 ]
[ 3, 0, 1, 0, 1, 3, -1, 0, 10 ]
[ 1, 1, -7, 0, 1, 3, 0, 0, 31 ]
[ -4, -3, 0, -1, -1, 7, 0, 0, 31 ]
[ 4, 3, 0, 0, 1, 3, -1, -1, 7 ]
[ 31, 0, 0, -12, 1, 0, 3, 0, 1 ]
[ 12, -1, 0, -5, 3, 0, 3, 0, 1 ]
[ 1, 0, -10, -12, 1, 0, 0, 0, 31 ]
[ 3, 0, 1, -12, 1, 0, -1, 0, 10 ]
[ 5, -3, 0, 2, 5, 0, 3, 0, 1 ]
[ 3, 0, 1, -5, 3, 0, -3, 1, 3 ]
[ -12, 1, 0, -1, 0, 10, 0, 0, 31 ]
[ 12, -1, 0, 3, 0, 1, -1, 0, 10 ]
[ 1, 18, 0, 0, 31, 0, 0, 8, 1 ]
[ 2, 5, 0, 1, 18, 0, -1, -10, 1 ]
[ 1, 2, -2, 2, 5, 0, 0, 0, 31 ]
[ 3, 0, 1, 2, 5, 0, -1, -2, 2 ]
[ 5, -3, 0, 3, 0, 1, -3, 1, 3 ]
[ 2, -1, 7, -5, 3, 0, 0, 0, 31 ]
[ -3, 1, 3, 2, -1, 7, 0, 0, 31 ]
[ 3, -1, -3, -5, 3, 0, 2, -1, 7 ]
[ 1, 0, -10, -3, 1, 3, 0, 0, 31 ]
[ 3, 0, 1, -3, 1, 3, -1, 0, 10 ]
[ 1, 18, 0, 0, 1, 4, 0, 0, 31 ]
[ 1, 18, 0, 0, 8, 1, 0, 1, 4 ]
[ 0, -1, -4, 1, 18, 0, 0, 0, 31 ]
[ 1, 10, -1, 0, 1, 4, 0, 0, 31 ]
[ 1, 10, -1, 1, 18, 0, 0, 1, 4 ]
[ 2, 5, 0, 1, 3, 2, 0, 0, 31 ]
[ -2, -5, 0, -1, -10, 1, 1, 3, 2 ]
[ -1, -1, 6, -1, -2, 2, 0, 0, 31 ]
[ -3, 0, -1, -1, -2, 2, -1, -1, 6 ]
[ -3, 1, 3, -1, 0, 10, 0, 0, 31 ]
[ 3, -1, -3, 3, 0, 1, -1, 0, 10 ]
[ -2, 1, -7, -3, 1, 3, 0, 0, 31 ]
[ 5, -3, 0, 2, -1, 7, 0, 0, 31 ]
[ -5, 3, 0, -3, 1, 3, 2, -1, 7 ]
[ 0, 1, 4, -1, -10, 1, 0, 0, 31 ]
[ 1, 3, 2, 0, 1, 4, 0, 0, 31 ]
[ -1, -3, -2, -1, -10, 1, 0, 1, 4 ]
[ -1, 0, 10, -1, -1, 6, 0, 0, 31 ]
[ -3, 0, -1, -1, -1, 6, -1, 0, 10 ]
[ 31, 0, 0, -15, 1, 0, 3, 0, 1 ]
[ 1, 2, 0, 0, 31, 0, 0, -6, 1 ]
[ 15, -1, 0, 1, 2, 0, 3, 0, 1 ]
[ 1, 0, -10, -15, 1, 0, 0, 0, 31 ]
[ 3, 0, 1, -15, 1, 0, -1, 0, 10 ]
[ 1, 2, 0, 0, 1, 5, 0, 0, 31 ]
[ -1, -2, 0, 0, -6, 1, 0, 1, 5 ]
[ 0, -1, -5, 1, 2, 0, 0, 0, 31 ]
[ 3, 0, 1, 1, 2, 0, 0, 1, 5 ]
[ -15, 1, 0, -1, 0, 10, 0, 0, 31 ]
[ 15, -1, 0, 3, 0, 1, -1, 0, 10 ]
[ 1, 0, -10, 0, 1, 5, 0, 0, 31 ]
[ 3, 0, 1, 0, 1, 5, -1, 0, 10 ]
[ 31, 0, 0, 13, 1, 0, 3, 0, 1 ]
[ 13, 1, 0, -5, 2, 0, 3, 0, 1 ]
[ 1, 0, -10, 13, 1, 0, 0, 0, 31 ]
[ 3, 0, 1, 13, 1, 0, -1, 0, 10 ]
[ 5, -2, 0, -2, 7, 0, -2, 2, 1 ]
[ 3, -1, -5, -5, 2, 0, 0, 0, 31 ]
[ 3, 0, 1, -5, 2, 0, -3, 1, 5 ]
[ 13, 1, 0, -1, 0, 10, 0, 0, 31 ]
[ -13, -1, 0, 3, 0, 1, -1, 0, 10 ]
[ 1, -19, 0, 0, 31, 0, 0, -5, 1 ]
[ 2, -7, 0, -1, 19, 0, 0, -5, 1 ]
[ 1, -3, 3, -2, 7, 0, 0, 0, 31 ]
[ 2, -2, -1, -2, 7, 0, 1, -3, 3 ]
[ -5, 2, 0, 2, -1, 5, 0, 0, 31 ]
[ 5, -2, 0, -2, 2, 1, 2, -1, 5 ]
[ 1, 0, -10, -3, 1, 5, 0, 0, 31 ]
[ 3, 0, 1, -3, 1, 5, -1, 0, 10 ]
[ 1, -19, 0, 0, 1, 6, 0, 0, 31 ]
[ -1, 19, 0, 0, -5, 1, 0, 1, 6 ]
[ 0, 1, 6, -1, 19, 0, 0, 0, 31 ]
[ 0, 5, -1, -1, 19, 0, 0, 1, 6 ]
[ 2, -7, 0, -1, 4, 3, 0, 0, 31 ]
[ -2, 7, 0, 0, -5, 1, -1, 4, 3 ]
[ -1, 2, -9, 1, -3, 3, 0, 0, 31 ]
[ -2, 2, 1, 1, -3, 3, 1, -2, 9 ]
[ 2, -1, 5, -1, 1, 16, 0, 0, 31 ]
[ 2, -1, 5, -2, 2, 1, -1, 1, 16 ]
[ 1, -4, -3, 0, 1, 6, 0, 0, 31 ]
[ -1, 4, 3, 0, -5, 1, 0, 1, 6 ]
[ -1, 1, 16, 1, -2, 9, 0, 0, 31 ]
[ -2, 2, 1, 1, -2, 9, -1, 1, 16 ]
[ 31, 0, 0, 10, 1, 0, 3, 0, 1 ]
[ 1, -3, 0, 0, 31, 0, 0, 9, 1 ]
[ 10, 1, 0, -1, 3, 0, 3, 0, 1 ]
[ 1, 0, -10, 10, 1, 0, 0, 0, 31 ]
[ 3, 0, 1, 10, 1, 0, -1, 0, 10 ]
[ 1, -3, 0, 0, 9, 1, 0, -4, 3 ]
[ 3, 0, 1, -1, 3, 0, -1, -1, 3 ]
[ 10, 1, 0, -1, 0, 10, 0, 0, 31 ]
[ -10, -1, 0, 3, 0, 1, -1, 0, 10 ]
[ 1, -3, 0, 0, 1, 7, 0, 0, 31 ]
[ -1, 3, 0, 0, -4, 3, 0, 1, 7 ]
[ 0, 1, 7, -1, 3, 0, 0, 0, 31 ]
[ 1, 1, -3, 0, 1, 7, 0, 0, 31 ]
[ 1, 1, -3, -1, 3, 0, 0, 1, 7 ]
[ -1, 0, 10, -1, -1, 3, 0, 0, 31 ]
[ -3, 0, -1, -1, -1, 3, -1, 0, 10 ]
[ 31, 0, 0, 7, 1, 0, 3, 0, 1 ]
[ 7, 1, 0, -3, 4, 0, 3, 0, 1 ]
[ 1, 0, -10, 7, 1, 0, 0, 0, 31 ]
[ 3, 0, 1, 7, 1, 0, -1, 0, 10 ]
[ 1, 9, 0, 0, 31, 0, 0, 4, 1 ]
[ 3, -4, 0, 1, 9, 0, 0, 4, 1 ]
[ 3, 0, 1, -3, 4, 0, 2, -1, 3 ]
[ 7, 1, 0, -1, 0, 10, 0, 0, 31 ]
[ -7, -1, 0, 3, 0, 1, -1, 0, 10 ]
[ 1, 9, 0, 0, 1, 8, 0, 0, 31 ]
[ 1, 9, 0, 0, 4, 1, 0, 1, 8 ]
[ 0, -1, -8, 1, 9, 0, 0, 0, 31 ]
[ 0, -4, -1, 1, 9, 0, 0, 1, 8 ]
[ 3, -4, 0, 0, 4, 1, -1, 3, 3 ]
[ 2, -1, 3, -3, 4, 0, -2, 2, 5 ]
[ -1, 0, 10, 2, -1, 3, 0, 0, 31 ]
[ -3, 0, -1, 2, -1, 3, -1, 0, 10 ]
[ 1, -3, -3, 0, 1, 8, 0, 0, 31 ]
[ 1, -3, -3, 0, 4, 1, 0, 1, 8 ]
[ 1, -2, 5, -1, 3, 3, 0, 0, 31 ]
[ 3, -4, 0, -1, 3, 3, 1, -2, 5 ]
[ 1, -1, -18, -3, 4, 0, 0, 0, 31 ]
[ 2, -2, -5, -3, 4, 0, -1, 1, 18 ]
[ 2, -1, 3, -1, 1, 18, 0, 0, 31 ]
[ 2, -1, 3, -2, 2, 5, -1, 1, 18 ]
[ -1, 1, 18, 1, -2, 5, 0, 0, 31 ]
[ -3, 4, 0, -1, 1, 18, 0, 0, 31 ]
[ -3, 4, 0, 1, -2, 5, -1, 1, 18 ]
[ 31, 0, 0, 4, 1, 0, 3, 0, 1 ]
[ 1, 8, 0, 0, 31, 0, 0, 7, 1 ]
[ 4, 1, 0, 1, 8, 0, -1, -1, 1 ]
[ 1, 0, -10, 4, 1, 0, 0, 0, 31 ]
[ 3, 0, 1, 4, 1, 0, -1, 0, 10 ]
[ 1, 8, 0, 0, 7, 1, 0, -3, 4 ]
[ 1, 1, -1, 1, 8, 0, 0, -3, 4 ]
[ -1, 0, 10, -1, -1, 1, 0, 0, 31 ]
[ 4, 1, 0, -1, 0, 10, 0, 0, 31 ]
[ -4, -1, 0, -1, -1, 1, -1, 0, 10 ]
[ 1, 8, 0, 0, 1, 9, 0, 0, 31 ]
[ -1, -8, 0, 0, -3, 4, 0, 1, 9 ]
[ 0, -1, -9, 1, 8, 0, 0, 0, 31 ]
[ 0, -3, 4, 1, 8, 0, 0, 1, 9 ]
[ 1, 1, -1, 0, 1, 9, 0, 0, 31 ]
[ -1, -1, 1, 0, -3, 4, 0, 1, 9 ]
[ 1, 1, 0, 0, 31, 0, 0, -3, 1 ]
[ 31, 0, 0, 1, 1, 0, 3, 0, 1 ]
[ 1, 1, 0, 0, 1, 10, 0, 0, 31 ]
[ -1, -1, 0, 0, -3, 1, 0, 1, 10 ]
[ 1, 0, -10, 1, 1, 0, 0, 0, 31 ]
[ 3, 0, 1, 1, 1, 0, -1, 0, 10 ]
[ 31, 0, 0, -2, 1, 0, 3, 0, 1 ]
[ 1, -16, 0, 0, 31, 0, 0, -14, 1 ]
[ 2, -1, 0, -1, 16, 0, -1, 2, 1 ]
[ 1, 0, -10, -2, 1, 0, 0, 0, 31 ]
[ 3, 0, 1, -2, 1, 0, -1, 0, 10 ]
[ -1, 16, 0, 0, -14, 1, 0, 3, 2 ]
[ 1, -2, -1, -1, 16, 0, 0, 3, 2 ]
[ 1, -1, 10, -1, 2, 1, 0, 0, 31 ]
[ -2, 1, 0, 1, -1, 10, 0, 0, 31 ]
[ 2, -1, 0, -1, 2, 1, 1, -1, 10 ]
[ 1, -16, 0, 0, 1, 11, 0, 0, 31 ]
[ 1, -16, 0, 0, 3, 2, 0, 1, 11 ]
[ 0, 1, 11, -1, 16, 0, 0, 0, 31 ]
[ 0, 3, 2, -1, 16, 0, 0, 1, 11 ]
[ 1, -2, -1, 0, 1, 11, 0, 0, 31 ]
[ 1, -2, -1, 0, 3, 2, 0, 1, 11 ]
[ 31, 0, 0, -5, 1, 0, 3, 0, 1 ]
[ 1, 6, 0, 0, 31, 0, 0, 13, 1 ]
[ 5, -1, 0, 1, 6, 0, -2, 1, 1 ]
[ 1, 0, -10, -5, 1, 0, 0, 0, 31 ]
[ 3, 0, 1, -5, 1, 0, -1, 0, 10 ]
[ 1, 6, 0, 0, 13, 1, 0, -5, 2 ]
[ 2, -1, -1, 1, 6, 0, 1, 1, 2 ]
[ 1, 0, -10, -2, 1, 1, 0, 0, 31 ]
[ -5, 1, 0, -1, 0, 10, 0, 0, 31 ]
[ 5, -1, 0, -2, 1, 1, -1, 0, 10 ]
[ -1, -6, 0, 0, -5, 2, 0, -2, 7 ]
[ 1, 1, 2, 1, 6, 0, 0, -2, 7 ]
[ 1, 0, -10, 1, 1, 2, 0, 0, 31 ]
[ -2, 1, 1, -1, 0, 10, 0, 0, 31 ]
[ 2, -1, -1, 1, 1, 2, -1, 0, 10 ]
[ -1, -6, 0, 0, -1, 19, 0, 0, 31 ]
[ -1, -6, 0, 0, -2, 7, 0, -1, 19 ]
[ 0, -1, 19, 1, 6, 0, 0, 0, 31 ]
[ 0, -2, 7, 1, 6, 0, 0, -1, 19 ]
[ -1, -1, -2, 0, -1, 19, 0, 0, 31 ]
[ -1, -1, -2, 0, -2, 7, 0, -1, 19 ]
[ 31, 0, 0, -8, 1, 0, 3, 0, 1 ]
[ 1, -4, 0, 0, 31, 0, 0, 12, 1 ]
[ 8, -1, 0, -1, 4, 0, 3, 0, 1 ]
[ 1, 0, -10, -8, 1, 0, 0, 0, 31 ]
[ 3, 0, 1, -8, 1, 0, -1, 0, 10 ]
[ 1, -4, 0, 0, 12, 1, 0, 5, 3 ]
[ 3, 0, 1, -1, 4, 0, 1, 1, 3 ]
[ -8, 1, 0, -1, 0, 10, 0, 0, 31 ]
[ 8, -1, 0, 3, 0, 1, -1, 0, 10 ]
[ 1, -4, 0, 0, 5, 3, 0, -2, 5 ]
[ 1, 1, 3, -1, 4, 0, 0, -2, 5 ]
[ 1, 0, -10, 1, 1, 3, 0, 0, 31 ]
[ 3, 0, 1, 1, 1, 3, -1, 0, 10 ]
[ -1, 4, 0, 0, -1, 18, 0, 0, 31 ]
[ -1, 4, 0, 0, -2, 5, 0, -1, 18 ]
[ 0, 1, -18, -1, 4, 0, 0, 0, 31 ]
[ 0, 2, -5, -1, 4, 0, 0, -1, 18 ]
[ -1, -1, -3, 0, -1, 18, 0, 0, 31 ]
[ -1, -1, -3, 0, -2, 5, 0, -1, 18 ]
[ 31, 0, 0, -11, 1, 0, 3, 0, 1 ]
[ 11, -1, 0, -2, 3, 0, 3, 0, 1 ]
[ 1, 0, -10, -11, 1, 0, 0, 0, 31 ]
[ 3, 0, 1, -11, 1, 0, -1, 0, 10 ]
[ 1, -17, 0, 0, 31, 0, 0, -11, 1 ]
[ 2, -3, 0, -1, 17, 0, -1, 6, 1 ]
[ 3, 0, 1, -2, 3, 0, -2, 1, 3 ]
[ -11, 1, 0, -1, 0, 10, 0, 0, 31 ]
[ 11, -1, 0, 3, 0, 1, -1, 0, 10 ]
[ -1, 17, 0, 0, -11, 1, 0, -2, 3 ]
[ 1, -6, -1, -1, 17, 0, 0, -2, 3 ]
[ 2, -3, 0, -1, 6, 1, 0, -2, 3 ]
[ 1, -1, 7, -2, 3, 0, 0, 0, 31 ]
[ -2, 1, 3, 1, -1, 7, 0, 0, 31 ]
[ 2, -1, -3, -2, 3, 0, 1, -1, 7 ]
[ 1, 0, -10, -2, 1, 3, 0, 0, 31 ]
[ 3, 0, 1, -2, 1, 3, -1, 0, 10 ]
[ -1, 17, 0, 0, -1, 17, 0, 0, 31 ]
[ -1, 17, 0, 0, -2, 3, 0, -1, 17 ]
[ 0, 1, -17, -1, 17, 0, 0, 0, 31 ]
[ 0, 2, -3, -1, 17, 0, 0, -1, 17 ]
[ -1, 6, 1, 0, -1, 17, 0, 0, 31 ]
[ -1, 6, 1, 0, -2, 3, 0, -1, 17 ]
[ 0, 1, -17, -1, 6, 1, 0, 0, 31 ]
[ 0, 2, -3, -1, 6, 1, 0, -1, 17 ]
[ 2, -3, 0, -1, 2, 7, 0, 0, 31 ]
[ -2, 3, 0, 0, -2, 3, -1, 2, 7 ]
[ -1, 2, 7, 0, -1, 17, 0, 0, 31 ]
[ -1, 2, 7, 0, -2, 3, 0, -1, 17 ]
[ 31, 0, 0, -14, 1, 0, 3, 0, 1 ]
[ 14, -1, 0, 3, 2, 0, 3, 0, 1 ]
[ 1, 0, -10, -14, 1, 0, 0, 0, 31 ]
[ 3, 0, 1, -14, 1, 0, -1, 0, 10 ]
[ 1, 11, 0, 0, 31, 0, 0, -2, 1 ]
[ 3, 2, 0, 1, 11, 0, 0, -2, 1 ]
[ -1, -1, -5, 3, 2, 0, 0, 0, 31 ]
[ 3, 0, 1, 3, 2, 0, 1, 1, 5 ]
[ -14, 1, 0, -1, 0, 10, 0, 0, 31 ]
[ 14, -1, 0, 3, 0, 1, -1, 0, 10 ]
[ -1, -11, 0, 0, -1, 16, 0, 0, 31 ]
[ -1, -11, 0, 0, -2, 1, 0, -1, 16 ]
[ 0, -1, 16, 1, 11, 0, 0, 0, 31 ]
[ 0, -2, 1, 1, 11, 0, 0, -1, 16 ]
[ 3, 2, 0, 1, 1, 5, 0, 0, 31 ]
[ -3, -2, 0, 0, -2, 1, 1, 1, 5 ]
[ 1, 0, -10, 1, 1, 5, 0, 0, 31 ]
[ 3, 0, 1, 1, 1, 5, -1, 0, 10 ]
[ -1, -1, -5, 0, -1, 16, 0, 0, 31 ]
[ -1, -1, -5, 0, -2, 1, 0, -1, 16 ]
[ 31, 0, 0, 14, 1, 0, 3, 0, 1 ]
[ 14, 1, 0, -3, 2, 0, 3, 0, 1 ]
[ 1, 0, -10, 14, 1, 0, 0, 0, 31 ]
[ 3, 0, 1, 14, 1, 0, -1, 0, 10 ]
[ 1, -11, 0, 0, 31, 0, 0, 2, 1 ]
[ 3, -2, 0, -1, 11, 0, 0, 2, 1 ]
[ 2, -1, -5, -3, 2, 0, 0, 0, 31 ]
[ 3, 0, 1, -3, 2, 0, -2, 1, 5 ]
[ 14, 1, 0, -1, 0, 10, 0, 0, 31 ]
[ -14, -1, 0, 3, 0, 1, -1, 0, 10 ]
[ 1, -11, 0, 0, 1, 16, 0, 0, 31 ]
[ 1, -11, 0, 0, 2, 1, 0, 1, 16 ]
[ 0, 1, 16, -1, 11, 0, 0, 0, 31 ]
[ 0, 2, 1, -1, 11, 0, 0, 1, 16 ]
[ -3, 2, 0, 1, -1, 5, 0, 0, 31 ]
[ 3, -2, 0, 0, 2, 1, 1, -1, 5 ]
[ 1, 0, -10, -2, 1, 5, 0, 0, 31 ]
[ 3, 0, 1, -2, 1, 5, -1, 0, 10 ]
[ 1, -1, 5, 0, 1, 16, 0, 0, 31 ]
[ 1, -1, 5, 0, 2, 1, 0, 1, 16 ]
[ 31, 0, 0, 11, 1, 0, 3, 0, 1 ]
[ 11, 1, 0, 2, 3, 0, 3, 0, 1 ]
[ 1, 0, -10, 11, 1, 0, 0, 0, 31 ]
[ 3, 0, 1, 11, 1, 0, -1, 0, 10 ]
[ 1, 17, 0, 0, 31, 0, 0, 11, 1 ]
[ 2, 3, 0, 1, 17, 0, -1, -6, 1 ]
[ 3, 0, 1, 2, 3, 0, -2, -1, 3 ]
[ 11, 1, 0, -1, 0, 10, 0, 0, 31 ]
[ -11, -1, 0, 3, 0, 1, -1, 0, 10 ]
[ 1, 17, 0, 0, 11, 1, 0, 2, 3 ]
[ 1, 6, -1, 1, 17, 0, 0, 2, 3 ]
[ -2, -3, 0, -1, -6, 1, 0, 2, 3 ]
[ 1, 1, 7, 2, 3, 0, 0, 0, 31 ]
[ 2, 1, -3, 1, 1, 7, 0, 0, 31 ]
[ 2, 1, -3, 2, 3, 0, 1, 1, 7 ]
[ -1, 0, 10, -2, -1, 3, 0, 0, 31 ]
[ -3, 0, -1, -2, -1, 3, -1, 0, 10 ]
[ 1, 17, 0, 0, 1, 17, 0, 0, 31 ]
[ 1, 17, 0, 0, 2, 3, 0, 1, 17 ]
[ 0, -1, -17, 1, 17, 0, 0, 0, 31 ]
[ 0, -2, -3, 1, 17, 0, 0, 1, 17 ]
[ 1, 6, -1, 0, 1, 17, 0, 0, 31 ]
[ 1, 6, -1, 0, 2, 3, 0, 1, 17 ]
[ 0, 1, 17, -1, -6, 1, 0, 0, 31 ]
[ 0, 2, 3, -1, -6, 1, 0, 1, 17 ]
[ -2, -3, 0, 1, 1, 7, 0, 0, 31 ]
[ 2, 3, 0, 0, 2, 3, 1, 1, 7 ]
[ 1, 1, 7, 0, 1, 17, 0, 0, 31 ]
[ 1, 1, 7, 0, 2, 3, 0, 1, 17 ]
[ 31, 0, 0, 8, 1, 0, 3, 0, 1 ]
[ 1, 4, 0, 0, 31, 0, 0, -12, 1 ]
[ 8, 1, 0, 1, 4, 0, 3, 0, 1 ]
[ 1, 0, -10, 8, 1, 0, 0, 0, 31 ]
[ 3, 0, 1, 8, 1, 0, -1, 0, 10 ]
[ -1, -4, 0, 0, -12, 1, 0, -5, 3 ]
[ 3, 0, 1, 1, 4, 0, 1, -1, 3 ]
[ 8, 1, 0, -1, 0, 10, 0, 0, 31 ]
[ -8, -1, 0, 3, 0, 1, -1, 0, 10 ]
[ -1, -4, 0, 0, -5, 3, 0, 2, 5 ]
[ 1, -1, 3, 1, 4, 0, 0, 2, 5 ]
[ -1, 0, 10, 1, -1, 3, 0, 0, 31 ]
[ -3, 0, -1, 1, -1, 3, -1, 0, 10 ]
[ 1, 4, 0, 0, 1, 18, 0, 0, 31 ]
[ 1, 4, 0, 0, 2, 5, 0, 1, 18 ]
[ 0, -1, -18, 1, 4, 0, 0, 0, 31 ]
[ 0, -2, -5, 1, 4, 0, 0, 1, 18 ]
[ 1, -1, 3, 0, 1, 18, 0, 0, 31 ]
[ 1, -1, 3, 0, 2, 5, 0, 1, 18 ]
[ 31, 0, 0, 5, 1, 0, 3, 0, 1 ]
[ 1, -6, 0, 0, 31, 0, 0, -13, 1 ]
[ 5, 1, 0, -1, 6, 0, -2, -1, 1 ]
[ 1, 0, -10, 5, 1, 0, 0, 0, 31 ]
[ 3, 0, 1, 5, 1, 0, -1, 0, 10 ]
[ -1, 6, 0, 0, -13, 1, 0, 5, 2 ]
[ 2, 1, -1, -1, 6, 0, 1, -1, 2 ]
[ -1, 0, 10, -2, -1, 1, 0, 0, 31 ]
[ 5, 1, 0, -1, 0, 10, 0, 0, 31 ]
[ -5, -1, 0, -2, -1, 1, -1, 0, 10 ]
[ 1, -6, 0, 0, 5, 2, 0, 2, 7 ]
[ 1, -1, 2, -1, 6, 0, 0, 2, 7 ]
[ -1, 0, 10, 1, -1, 2, 0, 0, 31 ]
[ 2, 1, -1, -1, 0, 10, 0, 0, 31 ]
[ -2, -1, 1, 1, -1, 2, -1, 0, 10 ]
[ 1, -6, 0, 0, 1, 19, 0, 0, 31 ]
[ 1, -6, 0, 0, 2, 7, 0, 1, 19 ]
[ 0, 1, 19, -1, 6, 0, 0, 0, 31 ]
[ 0, 2, 7, -1, 6, 0, 0, 1, 19 ]
[ 1, -1, 2, 0, 1, 19, 0, 0, 31 ]
[ 1, -1, 2, 0, 2, 7, 0, 1, 19 ]
[ 31, 0, 0, 2, 1, 0, 3, 0, 1 ]
[ 1, 16, 0, 0, 31, 0, 0, 14, 1 ]
[ 2, 1, 0, 1, 16, 0, -1, -2, 1 ]
[ 1, 0, -10, 2, 1, 0, 0, 0, 31 ]
[ 3, 0, 1, 2, 1, 0, -1, 0, 10 ]
[ 1, 16, 0, 0, 14, 1, 0, -3, 2 ]
[ 1, 2, -1, 1, 16, 0, 0, -3, 2 ]
[ -1, -1, -10, -1, -2, 1, 0, 0, 31 ]
[ 2, 1, 0, 1, 1, 10, 0, 0, 31 ]
[ -2, -1, 0, -1, -2, 1, 1, 1, 10 ]
[ -1, -16, 0, 0, -1, 11, 0, 0, 31 ]
[ -1, -16, 0, 0, -3, 2, 0, -1, 11 ]
[ 0, -1, 11, 1, 16, 0, 0, 0, 31 ]
[ 0, -3, 2, 1, 16, 0, 0, -1, 11 ]
[ -1, -2, 1, 0, -1, 11, 0, 0, 31 ]
[ -1, -2, 1, 0, -3, 2, 0, -1, 11 ]
[ 1, -1, 0, 0, 31, 0, 0, 3, 1 ]
[ 31, 0, 0, -1, 1, 0, 3, 0, 1 ]
[ -1, 1, 0, 0, -1, 10, 0, 0, 31 ]
[ 1, -1, 0, 0, 3, 1, 0, -1, 10 ]
[ 1, 0, -10, -1, 1, 0, 0, 0, 31 ]
[ 3, 0, 1, -1, 1, 0, -1, 0, 10 ]
[ 31, 0, 0, -4, 1, 0, 3, 0, 1 ]
[ 1, -8, 0, 0, 31, 0, 0, -7, 1 ]
[ 4, -1, 0, -1, 8, 0, -1, 1, 1 ]
[ 1, 0, -10, -4, 1, 0, 0, 0, 31 ]
[ 3, 0, 1, -4, 1, 0, -1, 0, 10 ]
[ -1, 8, 0, 0, -7, 1, 0, 3, 4 ]
[ 1, -1, -1, -1, 8, 0, 0, 3, 4 ]
[ 1, 0, -10, -1, 1, 1, 0, 0, 31 ]
[ -4, 1, 0, -1, 0, 10, 0, 0, 31 ]
[ 4, -1, 0, -1, 1, 1, -1, 0, 10 ]
[ -1, 8, 0, 0, -1, 9, 0, 0, 31 ]
[ 1, -8, 0, 0, 3, 4, 0, -1, 9 ]
[ 0, 1, -9, -1, 8, 0, 0, 0, 31 ]
[ 0, 3, 4, -1, 8, 0, 0, -1, 9 ]
[ -1, 1, 1, 0, -1, 9, 0, 0, 31 ]
[ 1, -1, -1, 0, 3, 4, 0, -1, 9 ]
[ 31, 0, 0, -7, 1, 0, 3, 0, 1 ]
[ 7, -1, 0, 3, 4, 0, 3, 0, 1 ]
[ 1, 0, -10, -7, 1, 0, 0, 0, 31 ]
[ 3, 0, 1, -7, 1, 0, -1, 0, 10 ]
[ 1, -9, 0, 0, 31, 0, 0, -4, 1 ]
[ 3, 4, 0, -1, 9, 0, 0, -4, 1 ]
[ 3, 0, 1, 3, 4, 0, 2, 1, 3 ]
[ -7, 1, 0, -1, 0, 10, 0, 0, 31 ]
[ 7, -1, 0, 3, 0, 1, -1, 0, 10 ]
[ -1, 9, 0, 0, -1, 8, 0, 0, 31 ]
[ -1, 9, 0, 0, -4, 1, 0, -1, 8 ]
[ 0, 1, -8, -1, 9, 0, 0, 0, 31 ]
[ 0, 4, -1, -1, 9, 0, 0, -1, 8 ]
[ -3, -4, 0, 0, -4, 1, -1, -3, 3 ]
[ 2, 1, 3, 3, 4, 0, -2, -2, 5 ]
[ 1, 0, -10, 2, 1, 3, 0, 0, 31 ]
[ 3, 0, 1, 2, 1, 3, -1, 0, 10 ]
[ -1, -3, 3, 0, -1, 8, 0, 0, 31 ]
[ -1, -3, 3, 0, -4, 1, 0, -1, 8 ]
[ -1, -2, -5, -1, -3, 3, 0, 0, 31 ]
[ -3, -4, 0, -1, -3, 3, 1, 2, 5 ]
[ 1, 1, -18, 3, 4, 0, 0, 0, 31 ]
[ 2, 2, -5, 3, 4, 0, -1, -1, 18 ]
[ -2, -1, -3, -1, -1, 18, 0, 0, 31 ]
[ -2, -1, -3, -2, -2, 5, -1, -1, 18 ]
[ 2, 3, 18, 1, 2, 5, 0, 0, 31 ]
[ 3, 4, 0, 2, 3, 18, 0, 0, 31 ]
[ 3, 4, 0, 1, 2, 5, 2, 3, 18 ]
[ 31, 0, 0, -10, 1, 0, 3, 0, 1 ]
[ 1, 3, 0, 0, 31, 0, 0, -9, 1 ]
[ 10, -1, 0, 1, 3, 0, 3, 0, 1 ]
[ 1, 0, -10, -10, 1, 0, 0, 0, 31 ]
[ 3, 0, 1, -10, 1, 0, -1, 0, 10 ]
[ -1, -3, 0, 0, -9, 1, 0, 4, 3 ]
[ 3, 0, 1, 1, 3, 0, -1, 1, 3 ]
[ -10, 1, 0, -1, 0, 10, 0, 0, 31 ]
[ 10, -1, 0, 3, 0, 1, -1, 0, 10 ]
[ -1, -3, 0, 0, -1, 7, 0, 0, 31 ]
[ 1, 3, 0, 0, 4, 3, 0, -1, 7 ]
[ 0, -1, 7, 1, 3, 0, 0, 0, 31 ]
[ -1, 1, 3, 0, -1, 7, 0, 0, 31 ]
[ 1, -1, -3, 1, 3, 0, 0, -1, 7 ]
[ 1, 0, -10, -1, 1, 3, 0, 0, 31 ]
[ 3, 0, 1, -1, 1, 3, -1, 0, 10 ]
[ 31, 0, 0, -13, 1, 0, 3, 0, 1 ]
[ 13, -1, 0, 5, 2, 0, 3, 0, 1 ]
[ 1, 0, -10, -13, 1, 0, 0, 0, 31 ]
[ 3, 0, 1, -13, 1, 0, -1, 0, 10 ]
[ 5, 2, 0, 2, 7, 0, -2, -2, 1 ]
[ -2, -1, -5, 5, 2, 0, 0, 0, 31 ]
[ 3, 0, 1, 5, 2, 0, 2, 1, 5 ]
[ -13, 1, 0, -1, 0, 10, 0, 0, 31 ]
[ 13, -1, 0, 3, 0, 1, -1, 0, 10 ]
[ 1, 19, 0, 0, 31, 0, 0, 5, 1 ]
[ 2, 7, 0, 1, 19, 0, 0, 5, 1 ]
[ 1, 3, 3, 2, 7, 0, 0, 0, 31 ]
[ 2, 2, -1, 2, 7, 0, 1, 3, 3 ]
[ 5, 2, 0, 2, 1, 5, 0, 0, 31 ]
[ -5, -2, 0, -2, -2, 1, 2, 1, 5 ]
[ 1, 0, -10, 2, 1, 5, 0, 0, 31 ]
[ 3, 0, 1, 2, 1, 5, -1, 0, 10 ]
[ -1, -19, 0, 0, -1, 6, 0, 0, 31 ]
[ 1, 19, 0, 0, 5, 1, 0, -1, 6 ]
[ 0, -1, 6, 1, 19, 0, 0, 0, 31 ]
[ 0, -5, -1, 1, 19, 0, 0, -1, 6 ]
[ -2, -7, 0, 1, 3, 3, 0, 0, 31 ]
[ 2, 7, 0, 0, 5, 1, 1, 3, 3 ]
[ 1, 2, 9, 1, 3, 3, 0, 0, 31 ]
[ 2, 2, -1, 1, 3, 3, 1, 2, 9 ]
[ -2, -1, -5, -1, -1, 16, 0, 0, 31 ]
[ -2, -1, -5, -2, -2, 1, -1, -1, 16 ]
[ -1, -3, -3, 0, -1, 6, 0, 0, 31 ]
[ 1, 3, 3, 0, 5, 1, 0, -1, 6 ]
[ 1, 1, -16, 1, 2, 9, 0, 0, 31 ]
[ 2, 2, -1, 1, 2, 9, -1, -1, 16 ]
[ 31, 0, 0, 15, 1, 0, 3, 0, 1 ]
[ 1, -2, 0, 0, 31, 0, 0, 6, 1 ]
[ 15, 1, 0, -1, 2, 0, 3, 0, 1 ]
[ 1, 0, -10, 15, 1, 0, 0, 0, 31 ]
[ 3, 0, 1, 15, 1, 0, -1, 0, 10 ]
[ -1, 2, 0, 0, -1, 5, 0, 0, 31 ]
[ 1, -2, 0, 0, 6, 1, 0, -1, 5 ]
[ 1, -1, -5, -1, 2, 0, 0, 0, 31 ]
[ 3, 0, 1, -1, 2, 0, -1, 1, 5 ]
[ 15, 1, 0, -1, 0, 10, 0, 0, 31 ]
[ -15, -1, 0, 3, 0, 1, -1, 0, 10 ]
[ 1, 0, -10, -1, 1, 5, 0, 0, 31 ]
[ 3, 0, 1, -1, 1, 5, -1, 0, 10 ]
[ 31, 0, 0, 12, 1, 0, 3, 0, 1 ]
[ 12, 1, 0, 5, 3, 0, 3, 0, 1 ]
[ 1, 0, -10, 12, 1, 0, 0, 0, 31 ]
[ 3, 0, 1, 12, 1, 0, -1, 0, 10 ]
[ 5, 3, 0, -2, 5, 0, 3, 0, 1 ]
[ 3, 0, 1, 5, 3, 0, -3, -1, 3 ]
[ 12, 1, 0, -1, 0, 10, 0, 0, 31 ]
[ -12, -1, 0, 3, 0, 1, -1, 0, 10 ]
[ 1, -18, 0, 0, 31, 0, 0, -8, 1 ]
[ 2, -5, 0, -1, 18, 0, -1, 10, 1 ]
[ 1, -2, -2, -2, 5, 0, 0, 0, 31 ]
[ 3, 0, 1, -2, 5, 0, -1, 2, 2 ]
[ -5, -3, 0, 3, 0, 1, -3, -1, 3 ]
[ 2, 1, 7, 5, 3, 0, 0, 0, 31 ]
[ 3, 1, -3, 2, 1, 7, 0, 0, 31 ]
[ 3, 1, -3, 5, 3, 0, 2, 1, 7 ]
[ -1, 0, 10, -3, -1, 3, 0, 0, 31 ]
[ -3, 0, -1, -3, -1, 3, -1, 0, 10 ]
[ -1, 18, 0, 0, -1, 4, 0, 0, 31 ]
[ -1, 18, 0, 0, -8, 1, 0, -1, 4 ]
[ 0, 1, -4, -1, 18, 0, 0, 0, 31 ]
[ -1, 10, 1, 0, -1, 4, 0, 0, 31 ]
[ 1, -10, -1, -1, 18, 0, 0, -1, 4 ]
[ -2, 5, 0, 1, -3, 2, 0, 0, 31 ]
[ 2, -5, 0, -1, 10, 1, 1, -3, 2 ]
[ 1, -1, -6, -1, 2, 2, 0, 0, 31 ]
[ 3, 0, 1, -1, 2, 2, -1, 1, 6 ]
[ 3, 1, -3, -1, 0, 10, 0, 0, 31 ]
[ -3, -1, 3, 3, 0, 1, -1, 0, 10 ]
[ 2, 1, 7, -3, -1, 3, 0, 0, 31 ]
[ -5, -3, 0, 2, 1, 7, 0, 0, 31 ]
[ 5, 3, 0, -3, -1, 3, 2, 1, 7 ]
[ 0, 1, -4, -1, 10, 1, 0, 0, 31 ]
[ -1, 3, -2, 0, -1, 4, 0, 0, 31 ]
[ 1, -3, 2, -1, 10, 1, 0, -1, 4 ]
[ 1, 0, -10, -1, 1, 6, 0, 0, 31 ]
[ 3, 0, 1, -1, 1, 6, -1, 0, 10 ]
[ 31, 0, 0, 9, 1, 0, 3, 0, 1 ]
[ 9, 1, 0, -4, 3, 0, 3, 0, 1 ]
[ 1, 0, -10, 9, 1, 0, 0, 0, 31 ]
[ 3, 0, 1, 9, 1, 0, -1, 0, 10 ]
[ 1, 7, 0, 0, 31, 0, 0, 10, 1 ]
[ 4, -3, 0, 1, 7, 0, -1, 3, 1 ]
[ 3, 0, 1, -4, 3, 0, 0, -1, 3 ]
[ 9, 1, 0, -1, 0, 10, 0, 0, 31 ]
[ -9, -1, 0, 3, 0, 1, -1, 0, 10 ]
[ -1, -7, 0, 0, -1, 3, 0, 0, 31 ]
[ 1, 7, 0, 0, 10, 1, 0, -1, 3 ]
[ 0, -1, 3, 1, 7, 0, 0, 0, 31 ]
[ -1, 3, 1, 0, -1, 3, 0, 0, 31 ]
[ 1, -3, -1, 1, 7, 0, 0, -1, 3 ]
[ 0, 1, -3, -1, 3, 1, 0, 0, 31 ]
[ 4, -3, 0, -1, 3, 1, 0, -1, 3 ]
[ -1, 1, 7, -4, 3, 0, 0, 0, 31 ]
[ 0, 1, -3, -1, 1, 7, 0, 0, 31 ]
[ 0, 1, -3, -4, 3, 0, -1, 1, 7 ]
[ -1, 0, 10, 0, -1, 3, 0, 0, 31 ]
[ -3, 0, -1, 0, -1, 3, -1, 0, 10 ]
[ -1, 1, 7, 0, -1, 3, 0, 0, 31 ]
[ 4, -3, 0, -1, 1, 7, 0, 0, 31 ]
[ -4, 3, 0, 0, -1, 3, -1, 1, 7 ]
[ 31, 0, 0, 6, 1, 0, 3, 0, 1 ]
[ 1, -5, 0, 0, 31, 0, 0, 15, 1 ]
[ 6, 1, 0, -1, 5, 0, 3, 0, 1 ]
[ 1, 0, -10, 6, 1, 0, 0, 0, 31 ]
[ 3, 0, 1, 6, 1, 0, -1, 0, 10 ]
[ -1, 5, 0, 0, -1, 2, 0, 0, 31 ]
[ 1, -5, 0, 0, 15, 1, 0, -1, 2 ]
[ 0, 1, -2, -1, 5, 0, 0, 0, 31 ]
[ 3, 0, 1, -1, 5, 0, 0, -1, 2 ]
[ 6, 1, 0, -1, 0, 10, 0, 0, 31 ]
[ -6, -1, 0, 3, 0, 1, -1, 0, 10 ]
[ -1, 0, 10, 0, -1, 2, 0, 0, 31 ]
[ -3, 0, -1, 0, -1, 2, -1, 0, 10 ]
[ 31, 0, 0, 3, 1, 0, 3, 0, 1 ]
[ -1, 10, 0, 0, -1, 1, 0, 0, 31 ]
[ 1, -10, 0, 0, 31, 0, 0, -1, 1 ]
[ 0, 1, -1, -1, 10, 0, 0, 0, 31 ]
[ 3, 1, 0, -1, 10, 0, 0, -1, 1 ]
[ 1, 0, -10, 3, 1, 0, 0, 0, 31 ]
[ 3, 0, 1, 3, 1, 0, -1, 0, 10 ]
[ -1, 0, 10, 0, -1, 1, 0, 0, 31 ]
[ 3, 1, 0, -1, 0, 10, 0, 0, 31 ]
[ -3, -1, 0, 0, -1, 1, -1, 0, 10 ]
[ 31, 0, 0, 0, 1, 0, -7, 0, 1 ]
[ 7, 0, -1, 0, 1, 0, 3, 0, 4 ]
[ 1, 0, -9, 0, 1, 0, 0, 0, 31 ]
[ 3, 0, 4, 0, 1, 0, -1, 0, 9 ]
[ 31, 0, 0, 7, 1, 0, -7, 0, 1 ]
[ 7, 1, 0, -3, 4, 0, 0, 1, 1 ]
[ 7, 0, -1, 7, 1, 0, 3, 0, 4 ]
[ 1, 9, 0, 0, 1, 1, 0, 0, 31 ]
[ 1, 9, 0, 0, 31, 0, 0, 1, 1 ]
[ 0, -1, -1, 1, 9, 0, 0, 0, 31 ]
[ 3, -4, 0, 1, 9, 0, 0, 1, 1 ]
[ 1, -1, -10, -3, 4, 0, 0, 0, 31 ]
[ 0, 1, 1, -1, 1, 10, 0, 0, 31 ]
[ 0, 1, 1, -3, 4, 0, -1, 1, 10 ]
[ 7, 1, 0, 0, 1, 1, 3, 0, 4 ]
[ 1, 0, -9, 7, 1, 0, 0, 0, 31 ]
[ 3, 0, 4, 7, 1, 0, -1, 0, 9 ]
[ 1, -1, -10, 0, 1, 1, 0, 0, 31 ]
[ -3, 4, 0, -1, 1, 10, 0, 0, 31 ]
[ 3, -4, 0, 0, 1, 1, -1, 1, 10 ]
[ 1, 0, -9, 0, 1, 1, 0, 0, 31 ]
[ 3, 0, 4, 0, 1, 1, -1, 0, 9 ]
[ 7, 1, 0, -1, 0, 9, 0, 0, 31 ]
[ -7, -1, 0, 3, 0, 4, -1, 0, 9 ]
[ 31, 0, 0, 14, 1, 0, -7, 0, 1 ]
[ 14, 1, 0, -3, 2, 0, -7, 0, 1 ]
[ 7, 0, -1, 14, 1, 0, 3, 0, 4 ]
[ 1, -11, 0, 0, 31, 0, 0, -15, 1 ]
[ 3, -2, 0, -1, 11, 0, -1, -4, 1 ]
[ 7, 0, -1, -3, 2, 0, 0, 1, 2 ]
[ 14, 1, 0, -7, 0, 1, 3, 0, 4 ]
[ 1, 0, -9, 14, 1, 0, 0, 0, 31 ]
[ 3, 0, 4, 14, 1, 0, -1, 0, 9 ]
[ 1, -11, 0, 0, 1, 2, 0, 0, 31 ]
[ -1, 11, 0, 0, -15, 1, 0, 1, 2 ]
[ 0, 1, 2, -1, 11, 0, 0, 0, 31 ]
[ 1, 4, -1, 0, 1, 2, 0, 0, 31 ]
[ 1, 4, -1, -1, 11, 0, 0, 1, 2 ]
[ 0, 1, 2, -1, -4, 1, 0, 0, 31 ]
[ -3, 2, 0, -1, -4, 1, 0, 1, 2 ]
[ -1, 1, 11, -3, 2, 0, 0, 0, 31 ]
[ 0, 1, 2, -1, 1, 11, 0, 0, 31 ]
[ 0, 1, 2, -3, 2, 0, -1, 1, 11 ]
[ 7, 0, -1, 0, 1, 2, 3, 0, 4 ]
[ 14, 1, 0, -1, 0, 9, 0, 0, 31 ]
[ -14, -1, 0, 3, 0, 4, -1, 0, 9 ]
[ 1, -1, -11, 0, 1, 2, 0, 0, 31 ]
[ 3, -2, 0, -1, 1, 11, 0, 0, 31 ]
[ 3, -2, 0, 0, 1, 2, -1, 1, 11 ]
[ 1, 0, -9, 0, 1, 2, 0, 0, 31 ]
[ 3, 0, 4, 0, 1, 2, -1, 0, 9 ]
[ 31, 0, 0, -10, 1, 0, -7, 0, 1 ]
[ 1, 3, 0, 0, 31, 0, 0, -10, 1 ]
[ 10, -1, 0, 1, 3, 0, 3, -1, 1 ]
[ 7, 0, -1, -10, 1, 0, 3, 0, 4 ]
[ 1, 3, 0, 0, 1, 3, 0, 0, 31 ]
[ -1, -3, 0, 0, -10, 1, 0, 1, 3 ]
[ 0, -1, -3, 1, 3, 0, 0, 0, 31 ]
[ 3, -1, 1, 1, 3, 0, 0, 1, 3 ]
[ -10, 1, 0, 3, -1, 1, 3, 0, 4 ]
[ 1, 0, -9, -10, 1, 0, 0, 0, 31 ]
[ 3, 0, 4, -10, 1, 0, -1, 0, 9 ]
[ 1, 0, -9, 0, 1, 3, 0, 0, 31 ]
[ -3, 1, -1, -1, 0, 9, 0, 0, 31 ]
[ 3, -1, 1, 0, 1, 3, -1, 0, 9 ]
[ -1, 0, 9, 3, -1, 1, 0, 0, 31 ]
[ -3, 0, -4, 3, -1, 1, -1, 0, 9 ]
[ -10, 1, 0, -1, 0, 9, 0, 0, 31 ]
[ 10, -1, 0, 3, 0, 4, -1, 0, 9 ]
[ 31, 0, 0, -3, 1, 0, -7, 0, 1 ]
[ 1, 10, 0, 0, 31, 0, 0, 8, 1 ]
[ 3, -1, 0, 1, 10, 0, -1, -2, 1 ]
[ 7, 0, -1, -3, 1, 0, 3, 0, 4 ]
[ 1, 10, 0, 0, 1, 4, 0, 0, 31 ]
[ 1, 10, 0, 0, 8, 1, 0, 1, 4 ]
[ 0, -1, -4, 1, 10, 0, 0, 0, 31 ]
[ 1, 2, -1, 0, 1, 4, 0, 0, 31 ]
[ 1, 2, -1, 1, 10, 0, 0, 1, 4 ]
[ 0, 1, 4, -1, -2, 1, 0, 0, 31 ]
[ -3, 1, 0, -1, -2, 1, 0, 1, 4 ]
[ 1, 0, -9, -3, 1, 0, 0, 0, 31 ]
[ 3, 0, 4, -3, 1, 0, -1, 0, 9 ]
[ 1, 0, -9, 0, 1, 4, 0, 0, 31 ]
[ -3, 1, 0, -1, 0, 9, 0, 0, 31 ]
[ 3, -1, 0, 0, 1, 4, -1, 0, 9 ]
[ 31, 0, 0, 4, 1, 0, -7, 0, 1 ]
[ 1, 8, 0, 0, 31, 0, 0, -6, 1 ]
[ 4, 1, 0, 1, 8, 0, 1, 2, 1 ]
[ 7, 0, -1, 4, 1, 0, 3, 0, 4 ]
[ 1, 8, 0, 0, 1, 5, 0, 0, 31 ]
[ -1, -8, 0, 0, -6, 1, 0, 1, 5 ]
[ 0, -1, -5, 1, 8, 0, 0, 0, 31 ]
[ 1, 2, 1, 0, 1, 5, 0, 0, 31 ]
[ 1, 2, 1, 1, 8, 0, 0, 1, 5 ]
[ 1, 1, -4, 1, 2, 1, 0, 0, 31 ]
[ 4, 1, 0, 1, 2, 1, -1, -1, 4 ]
[ 1, 0, -9, 4, 1, 0, 0, 0, 31 ]
[ 3, 0, 4, 4, 1, 0, -1, 0, 9 ]
[ -1, 0, 9, -1, -1, 4, 0, 0, 31 ]
[ 4, 1, 0, -1, 0, 9, 0, 0, 31 ]
[ -4, -1, 0, -1, -1, 4, -1, 0, 9 ]
[ 31, 0, 0, 11, 1, 0, -7, 0, 1 ]
[ 11, 1, 0, 2, 3, 0, 4, 1, 1 ]
[ 7, 0, -1, 11, 1, 0, 3, 0, 4 ]
[ 1, 17, 0, 0, 31, 0, 0, -5, 1 ]
[ 2, 3, 0, 1, 17, 0, 0, -5, 1 ]
[ 1, 1, -3, 2, 3, 0, 0, 0, 31 ]
[ 4, 1, 1, 2, 3, 0, -1, -1, 3 ]
[ 11, 1, 0, 4, 1, 1, 3, 0, 4 ]
[ 1, 0, -9, 11, 1, 0, 0, 0, 31 ]
[ 3, 0, 4, 11, 1, 0, -1, 0, 9 ]
[ 1, 17, 0, 0, 1, 6, 0, 0, 31 ]
[ -1, -17, 0, 0, -5, 1, 0, 1, 6 ]
[ 0, -1, -6, 1, 17, 0, 0, 0, 31 ]
[ 0, -5, 1, 1, 17, 0, 0, 1, 6 ]
[ 2, 3, 0, 1, 2, 3, 0, 0, 31 ]
[ -2, -3, 0, 0, -5, 1, 1, 2, 3 ]
[ -1, 0, 9, -1, -1, 3, 0, 0, 31 ]
[ 4, 1, 1, -1, 0, 9, 0, 0, 31 ]
[ -4, -1, -1, -1, -1, 3, -1, 0, 9 ]
[ 1, 0, -9, 4, 1, 1, 0, 0, 31 ]
[ 3, 0, 4, 4, 1, 1, -1, 0, 9 ]
[ 11, 1, 0, -1, 0, 9, 0, 0, 31 ]
[ -11, -1, 0, 3, 0, 4, -1, 0, 9 ]
[ 1, 2, 3, 0, 1, 6, 0, 0, 31 ]
[ -1, -2, -3, 0, -5, 1, 0, 1, 6 ]
[ 31, 0, 0, -13, 1, 0, -7, 0, 1 ]
[ 13, -1, 0, 5, 2, 0, -7, 0, 1 ]
[ 7, 0, -1, -13, 1, 0, 3, 0, 4 ]
[ 5, 2, 0, 2, 7, 0, 3, 4, 1 ]
[ 7, 0, -1, 5, 2, 0, 4, 1, 2 ]
[ -13, 1, 0, -7, 0, 1, 3, 0, 4 ]
[ 1, 0, -9, -13, 1, 0, 0, 0, 31 ]
[ 3, 0, 4, -13, 1, 0, -1, 0, 9 ]
[ 1, 19, 0, 0, 31, 0, 0, 9, 1 ]
[ 2, 7, 0, 1, 19, 0, -1, -10, 1 ]
[ 3, 4, 1, -1, -1, 2, 0, 0, 31 ]
[ 3, 4, 1, 2, 7, 0, -1, -1, 2 ]
[ 1, 1, -2, 3, 4, 1, 0, 0, 31 ]
[ 5, 2, 0, 3, 4, 1, -1, -1, 2 ]
[ 3, 1, 11, 5, 2, 0, 0, 0, 31 ]
[ 4, 1, 2, 3, 1, 11, 0, 0, 31 ]
[ 4, 1, 2, 5, 2, 0, 3, 1, 11 ]
[ 7, 0, -1, 4, 1, 2, 3, 0, 4 ]
[ -13, 1, 0, -1, 0, 9, 0, 0, 31 ]
[ 13, -1, 0, 3, 0, 4, -1, 0, 9 ]
[ 1, 19, 0, 0, 9, 1, 0, -4, 3 ]
[ 1, 10, -1, 1, 19, 0, 0, -4, 3 ]
[ -2, -7, 0, -1, -10, 1, 1, 6, 2 ]
[ 1, 1, -2, 0, 1, 7, 0, 0, 31 ]
[ 1, 1, -2, 2, 7, 0, 0, 1, 7 ]
[ -2, -1, 11, -1, -1, 2, 0, 0, 31 ]
[ -5, -2, 0, -2, -1, 11, 0, 0, 31 ]
[ -5, -2, 0, -1, -1, 2, -2, -1, 11 ]
[ 1, 0, -9, 4, 1, 2, 0, 0, 31 ]
[ 3, 0, 4, 4, 1, 2, -1, 0, 9 ]
[ 1, 19, 0, 0, 1, 7, 0, 0, 31 ]
[ -1, -19, 0, 0, -4, 3, 0, 1, 7 ]
[ 0, -1, -7, 1, 19, 0, 0, 0, 31 ]
[ 0, -4, 3, 1, 19, 0, 0, 1, 7 ]
[ 1, 10, -1, 0, 1, 7, 0, 0, 31 ]
[ -1, -10, 1, 0, -4, 3, 0, 1, 7 ]
[ 0, 1, 7, -1, -10, 1, 0, 0, 31 ]
[ 1, 6, 2, 0, 1, 7, 0, 0, 31 ]
[ -1, -6, -2, -1, -10, 1, 0, 1, 7 ]
[ 0, -1, -7, 1, 6, 2, 0, 0, 31 ]
[ 2, 7, 0, 1, 6, 2, 0, 1, 7 ]
[ -1, -4, -19, 2, 7, 0, 0, 0, 31 ]
[ 0, -1, -7, 1, 4, 19, 0, 0, 31 ]
[ 0, -1, -7, 2, 7, 0, 1, 4, 19 ]
[ 1, 4, 19, 0, 1, 7, 0, 0, 31 ]
[ 2, 7, 0, 1, 4, 19, 0, 0, 31 ]
[ 2, 7, 0, 0, 1, 7, 1, 4, 19 ]
[ 31, 0, 0, -6, 1, 0, -7, 0, 1 ]
[ 1, 5, 0, 0, 31, 0, 0, 4, 1 ]
[ 6, -1, 0, 1, 5, 0, -1, -1, 1 ]
[ 7, 0, -1, -6, 1, 0, 3, 0, 4 ]
[ 1, 5, 0, 0, 1, 8, 0, 0, 31 ]
[ 1, 5, 0, 0, 4, 1, 0, 1, 8 ]
[ 0, -1, -8, 1, 5, 0, 0, 0, 31 ]
[ 1, 1, -1, 0, 1, 8, 0, 0, 31 ]
[ 1, 1, -1, 1, 5, 0, 0, 1, 8 ]
[ -6, 1, 0, -1, -1, 1, 3, 0, 4 ]
[ 1, 0, -9, -6, 1, 0, 0, 0, 31 ]
[ 3, 0, 4, -6, 1, 0, -1, 0, 9 ]
[ -1, 0, 9, -1, -1, 1, 0, 0, 31 ]
[ -3, 0, -4, -1, -1, 1, -1, 0, 9 ]
[ -6, 1, 0, -1, 0, 9, 0, 0, 31 ]
[ 6, -1, 0, 3, 0, 4, -1, 0, 9 ]
[ 1, 1, 0, 0, 31, 0, 0, 7, 1 ]
[ 31, 0, 0, 1, 1, 0, -7, 0, 1 ]
[ 1, 1, 0, 0, 7, 1, 0, -3, 4 ]
[ 7, 0, -1, 1, 1, 0, 3, 0, 4 ]
[ 1, 1, 0, 0, 1, 9, 0, 0, 31 ]
[ -1, -1, 0, 0, -3, 4, 0, 1, 9 ]
[ 1, 0, -9, 1, 1, 0, 0, 0, 31 ]
[ 3, 0, 4, 1, 1, 0, -1, 0, 9 ]
[ 31, 0, 0, 8, 1, 0, -7, 0, 1 ]
[ 1, 4, 0, 0, 31, 0, 0, -3, 1 ]
[ 8, 1, 0, 1, 4, 0, 1, 1, 1 ]
[ 7, 0, -1, 8, 1, 0, 3, 0, 4 ]
[ 1, 4, 0, 0, 1, 10, 0, 0, 31 ]
[ -1, -4, 0, 0, -3, 1, 0, 1, 10 ]
[ 0, -1, -10, 1, 4, 0, 0, 0, 31 ]
[ 1, 1, 1, 0, 1, 10, 0, 0, 31 ]
[ 1, 1, 1, 1, 4, 0, 0, 1, 10 ]
[ 8, 1, 0, 1, 1, 1, 3, 0, 4 ]
[ 1, 0, -9, 8, 1, 0, 0, 0, 31 ]
[ 3, 0, 4, 8, 1, 0, -1, 0, 9 ]
[ 1, 0, -9, 1, 1, 1, 0, 0, 31 ]
[ 3, 0, 4, 1, 1, 1, -1, 0, 9 ]
[ 8, 1, 0, -1, 0, 9, 0, 0, 31 ]
[ -8, -1, 0, 3, 0, 4, -1, 0, 9 ]
[ 31, 0, 0, 15, 1, 0, -7, 0, 1 ]
[ 1, -2, 0, 0, 31, 0, 0, -14, 1 ]
[ 15, 1, 0, -1, 2, 0, -7, 0, 1 ]
[ 7, 0, -1, 15, 1, 0, 3, 0, 4 ]
[ -1, 2, 0, 0, -14, 1, 0, 3, 2 ]
[ 7, 0, -1, -1, 2, 0, 1, 1, 2 ]
[ 15, 1, 0, -7, 0, 1, 3, 0, 4 ]
[ 1, 0, -9, 15, 1, 0, 0, 0, 31 ]
[ 3, 0, 4, 15, 1, 0, -1, 0, 9 ]
[ 1, -2, 0, 0, 1, 11, 0, 0, 31 ]
[ 1, -2, 0, 0, 3, 2, 0, 1, 11 ]
[ 0, 1, 11, -1, 2, 0, 0, 0, 31 ]
[ 1, 1, 2, 0, 1, 11, 0, 0, 31 ]
[ 1, 1, 2, -1, 2, 0, 0, 1, 11 ]
[ 7, 0, -1, 1, 1, 2, 3, 0, 4 ]
[ 15, 1, 0, -1, 0, 9, 0, 0, 31 ]
[ -15, -1, 0, 3, 0, 4, -1, 0, 9 ]
[ 1, 0, -9, 1, 1, 2, 0, 0, 31 ]
[ 3, 0, 4, 1, 1, 2, -1, 0, 9 ]
[ 31, 0, 0, -9, 1, 0, -7, 0, 1 ]
[ 9, -1, 0, 4, 3, 0, 2, -1, 1 ]
[ 7, 0, -1, -9, 1, 0, 3, 0, 4 ]
[ 1, -7, 0, 0, 31, 0, 0, 13, 1 ]
[ 4, 3, 0, -1, 7, 0, 2, -1, 1 ]
[ -1, -1, -3, 4, 3, 0, 0, 0, 31 ]
[ 2, -1, 1, 4, 3, 0, 1, 1, 3 ]
[ -9, 1, 0, 2, -1, 1, 3, 0, 4 ]
[ 1, 0, -9, -9, 1, 0, 0, 0, 31 ]
[ 3, 0, 4, -9, 1, 0, -1, 0, 9 ]
[ 1, -7, 0, 0, 13, 1, 0, -5, 2 ]
[ 2, -1, 1, -1, 7, 0, -1, 2, 2 ]
[ 4, 3, 0, 1, 1, 3, 0, 0, 31 ]
[ -4, -3, 0, 2, -1, 1, 1, 1, 3 ]
[ 1, 0, -9, 1, 1, 3, 0, 0, 31 ]
[ -2, 1, -1, -1, 0, 9, 0, 0, 31 ]
[ 2, -1, 1, 1, 1, 3, -1, 0, 9 ]
[ -1, 0, 9, 2, -1, 1, 0, 0, 31 ]
[ -3, 0, -4, 2, -1, 1, -1, 0, 9 ]
[ -9, 1, 0, -1, 0, 9, 0, 0, 31 ]
[ 9, -1, 0, 3, 0, 4, -1, 0, 9 ]
[ -1, 7, 0, 0, -5, 2, 0, -2, 7 ]
[ 1, -2, -2, -1, 7, 0, 0, -2, 7 ]
[ 1, -1, 10, -1, 2, 2, 0, 0, 31 ]
[ -2, 1, -1, 1, -1, 10, 0, 0, 31 ]
[ 2, -1, 1, -1, 2, 2, 1, -1, 10 ]
[ 1, 1, 3, -1, 0, 9, 0, 0, 31 ]
[ -1, -1, -3, 2, -1, 1, -1, 0, 9 ]
[ -1, 0, 9, 2, -1, 1, 0, 0, 31 ]
[ -1, 7, 0, 0, -1, 19, 0, 0, 31 ]
[ -1, 7, 0, 0, -2, 7, 0, -1, 19 ]
[ 0, 1, -19, -1, 7, 0, 0, 0, 31 ]
[ 0, 2, -7, -1, 7, 0, 0, -1, 19 ]
[ -1, 2, 2, 0, -1, 19, 0, 0, 31 ]
[ -1, 2, 2, 0, -2, 7, 0, -1, 19 ]
[ 31, 0, 0, -2, 1, 0, -7, 0, 1 ]
[ 1, -16, 0, 0, 31, 0, 0, 12, 1 ]
[ 2, -1, 0, -1, 16, 0, 1, -4, 1 ]
[ 7, 0, -1, -2, 1, 0, 3, 0, 4 ]
[ 1, -16, 0, 0, 12, 1, 0, 5, 3 ]
[ 1, -4, 1, -1, 16, 0, 0, 5, 3 ]
[ -2, 1, 0, 1, -4, 1, -1, 2, 4 ]
[ 1, 0, -9, -2, 1, 0, 0, 0, 31 ]
[ 3, 0, 4, -2, 1, 0, -1, 0, 9 ]
[ 1, -16, 0, 0, 5, 3, 0, -2, 5 ]
[ 0, 5, 3, -1, 16, 0, 0, -2, 5 ]
[ 1, -4, 1, 0, 5, 3, 0, -2, 5 ]
[ 0, -1, 18, 1, -4, 1, 0, 0, 31 ]
[ -1, 2, 4, 0, -1, 18, 0, 0, 31 ]
[ -1, 2, 4, 1, -4, 1, 0, -1, 18 ]
[ 1, -1, 9, -1, 2, 4, 0, 0, 31 ]
[ -2, 1, 0, 1, -1, 9, 0, 0, 31 ]
[ 2, -1, 0, -1, 2, 4, 1, -1, 9 ]
[ -1, 16, 0, 0, -1, 18, 0, 0, 31 ]
[ -1, 16, 0, 0, -2, 5, 0, -1, 18 ]
[ 0, 1, -18, -1, 16, 0, 0, 0, 31 ]
[ 0, 2, -5, -1, 16, 0, 0, -1, 18 ]
[ -1, 4, -1, 0, -1, 18, 0, 0, 31 ]
[ -1, 4, -1, 0, -2, 5, 0, -1, 18 ]
[ 31, 0, 0, 5, 1, 0, -7, 0, 1 ]
[ 1, -6, 0, 0, 31, 0, 0, -11, 1 ]
[ 5, 1, 0, -1, 6, 0, -2, 1, 1 ]
[ 7, 0, -1, 5, 1, 0, 3, 0, 4 ]
[ -1, 6, 0, 0, -11, 1, 0, -2, 3 ]
[ 2, -1, -1, -1, 6, 0, 0, -2, 3 ]
[ 5, 1, 0, -2, 1, 1, 3, 0, 4 ]
[ 1, 0, -9, 5, 1, 0, 0, 0, 31 ]
[ 3, 0, 4, 5, 1, 0, -1, 0, 9 ]
[ -1, 6, 0, 0, -1, 17, 0, 0, 31 ]
[ -1, 6, 0, 0, -2, 3, 0, -1, 17 ]
[ 0, 1, -17, -1, 6, 0, 0, 0, 31 ]
[ 0, 2, -3, -1, 6, 0, 0, -1, 17 ]
[ -2, 1, 1, -1, 0, 9, 0, 0, 31 ]
[ -2, 1, 1, 0, -2, 3, -1, 0, 9 ]
[ 1, 0, -9, -2, 1, 1, 0, 0, 31 ]
[ 3, 0, 4, -2, 1, 1, -1, 0, 9 ]
[ 5, 1, 0, -1, 0, 9, 0, 0, 31 ]
[ -5, -1, 0, 3, 0, 4, -1, 0, 9 ]
[ -1, 0, 9, 0, -1, 17, 0, 0, 31 ]
[ -1, 0, 9, 0, -2, 3, 0, -1, 17 ]
[ 31, 0, 0, 12, 1, 0, -7, 0, 1 ]
[ 12, 1, 0, 5, 3, 0, 5, 1, 1 ]
[ 7, 0, -1, 12, 1, 0, 3, 0, 4 ]
[ 5, 3, 0, -2, 5, 0, 0, -2, 1 ]
[ 2, 1, -3, 5, 3, 0, 0, 0, 31 ]
[ 5, 1, 1, 5, 3, 0, -2, -1, 3 ]
[ 12, 1, 0, 5, 1, 1, 3, 0, 4 ]
[ 1, 0, -9, 12, 1, 0, 0, 0, 31 ]
[ 3, 0, 4, 12, 1, 0, -1, 0, 9 ]
[ 1, -18, 0, 0, 31, 0, 0, -2, 1 ]
[ 2, -5, 0, -1, 18, 0, 0, -2, 1 ]
[ 1, -2, -8, -2, 5, 0, 0, 0, 31 ]
[ 0, 2, -1, -2, 5, 0, -1, 2, 8 ]
[ 5, 3, 0, -2, -1, 3, 0, 0, 31 ]
[ -5, -3, 0, 0, -2, 1, -2, -1, 3 ]
[ -1, 0, 9, -2, -1, 3, 0, 0, 31 ]
[ 5, 1, 1, -1, 0, 9, 0, 0, 31 ]
[ -5, -1, -1, -2, -1, 3, -1, 0, 9 ]
[ 1, 0, -9, 5, 1, 1, 0, 0, 31 ]
[ 3, 0, 4, 5, 1, 1, -1, 0, 9 ]
[ 12, 1, 0, -1, 0, 9, 0, 0, 31 ]
[ -12, -1, 0, 3, 0, 4, -1, 0, 9 ]
[ -1, 18, 0, 0, -1, 16, 0, 0, 31 ]
[ -1, 18, 0, 0, -2, 1, 0, -1, 16 ]
[ 0, 1, -16, -1, 18, 0, 0, 0, 31 ]
[ 0, 2, -1, -1, 18, 0, 0, -1, 16 ]
[ -2, 5, 0, -1, 2, 8, 0, 0, 31 ]
[ -2, 5, 0, 0, -2, 1, -1, 2, 8 ]
[ 0, 1, -16, -1, 2, 8, 0, 0, 31 ]
[ 0, 2, -1, -1, 2, 8, 0, -1, 16 ]
[ 2, 1, -3, -1, 0, 9, 0, 0, 31 ]
[ -2, -1, 3, 0, -2, 1, -1, 0, 9 ]
[ -1, 2, 8, 0, -1, 16, 0, 0, 31 ]
[ -1, 2, 8, 0, -2, 1, 0, -1, 16 ]
[ -1, 0, 9, 0, -1, 16, 0, 0, 31 ]
[ -1, 0, 9, 0, -2, 1, 0, -1, 16 ]
[ 31, 0, 0, -12, 1, 0, -7, 0, 1 ]
[ 12, -1, 0, -5, 3, 0, 5, -1, 1 ]
[ 7, 0, -1, -12, 1, 0, 3, 0, 4 ]
[ 5, -3, 0, 2, 5, 0, 0, 2, 1 ]
[ 2, -1, -3, -5, 3, 0, 0, 0, 31 ]
[ 5, -1, 1, -5, 3, 0, -2, 1, 3 ]
[ -12, 1, 0, 5, -1, 1, 3, 0, 4 ]
[ 1, 0, -9, -12, 1, 0, 0, 0, 31 ]
[ 3, 0, 4, -12, 1, 0, -1, 0, 9 ]
[ 1, 18, 0, 0, 31, 0, 0, 2, 1 ]
[ 2, 5, 0, 1, 18, 0, 0, 2, 1 ]
[ -1, -3, -8, 2, 5, 0, 0, 0, 31 ]
[ 0, -2, -1, 2, 5, 0, 1, 3, 8 ]
[ -5, 3, 0, -2, 1, 3, 0, 0, 31 ]
[ 5, -3, 0, 0, 2, 1, -2, 1, 3 ]
[ 1, 0, -9, -2, 1, 3, 0, 0, 31 ]
[ -5, 1, -1, -1, 0, 9, 0, 0, 31 ]
[ 5, -1, 1, -2, 1, 3, -1, 0, 9 ]
[ -1, 0, 9, 5, -1, 1, 0, 0, 31 ]
[ -3, 0, -4, 5, -1, 1, -1, 0, 9 ]
[ -12, 1, 0, -1, 0, 9, 0, 0, 31 ]
[ 12, -1, 0, 3, 0, 4, -1, 0, 9 ]
[ 1, 18, 0, 0, 1, 16, 0, 0, 31 ]
[ 1, 18, 0, 0, 2, 1, 0, 1, 16 ]
[ 0, -1, -16, 1, 18, 0, 0, 0, 31 ]
[ 0, -2, -1, 1, 18, 0, 0, 1, 16 ]
[ 2, 5, 0, 1, 3, 8, 0, 0, 31 ]
[ 2, 5, 0, 0, 2, 1, 1, 3, 8 ]
[ 0, -1, -16, 1, 3, 8, 0, 0, 31 ]
[ 0, -2, -1, 1, 3, 8, 0, 1, 16 ]
[ -2, 1, 3, -1, 0, 9, 0, 0, 31 ]
[ 2, -1, -3, 0, 2, 1, -1, 0, 9 ]
[ 1, 3, 8, 0, 1, 16, 0, 0, 31 ]
[ 1, 3, 8, 0, 2, 1, 0, 1, 16 ]
[ 1, 0, -9, 0, 1, 16, 0, 0, 31 ]
[ 1, 0, -9, 0, 2, 1, 0, 1, 16 ]
[ 31, 0, 0, -5, 1, 0, -7, 0, 1 ]
[ 1, 6, 0, 0, 31, 0, 0, 11, 1 ]
[ 5, -1, 0, 1, 6, 0, -2, -1, 1 ]
[ 7, 0, -1, -5, 1, 0, 3, 0, 4 ]
[ 1, 6, 0, 0, 11, 1, 0, 2, 3 ]
[ 2, 1, -1, 1, 6, 0, 0, 2, 3 ]
[ -5, 1, 0, -2, -1, 1, 3, 0, 4 ]
[ 1, 0, -9, -5, 1, 0, 0, 0, 31 ]
[ 3, 0, 4, -5, 1, 0, -1, 0, 9 ]
[ 1, 6, 0, 0, 1, 17, 0, 0, 31 ]
[ 1, 6, 0, 0, 2, 3, 0, 1, 17 ]
[ 0, -1, -17, 1, 6, 0, 0, 0, 31 ]
[ 0, -2, -3, 1, 6, 0, 0, 1, 17 ]
[ 2, 1, -1, -1, 0, 9, 0, 0, 31 ]
[ 2, 1, -1, 0, 2, 3, -1, 0, 9 ]
[ -1, 0, 9, -2, -1, 1, 0, 0, 31 ]
[ -3, 0, -4, -2, -1, 1, -1, 0, 9 ]
[ -5, 1, 0, -1, 0, 9, 0, 0, 31 ]
[ 5, -1, 0, 3, 0, 4, -1, 0, 9 ]
[ 1, 0, -9, 0, 1, 17, 0, 0, 31 ]
[ 1, 0, -9, 0, 2, 3, 0, 1, 17 ]
[ 31, 0, 0, 2, 1, 0, -7, 0, 1 ]
[ 1, 16, 0, 0, 31, 0, 0, -12, 1 ]
[ 2, 1, 0, 1, 16, 0, 1, 4, 1 ]
[ 7, 0, -1, 2, 1, 0, 3, 0, 4 ]
[ -1, -16, 0, 0, -12, 1, 0, -5, 3 ]
[ 1, 4, 1, 1, 16, 0, 0, -5, 3 ]
[ 2, 1, 0, 1, 4, 1, -1, -2, 4 ]
[ 1, 0, -9, 2, 1, 0, 0, 0, 31 ]
[ 3, 0, 4, 2, 1, 0, -1, 0, 9 ]
[ -1, -16, 0, 0, -5, 3, 0, 2, 5 ]
[ 0, -5, 3, 1, 16, 0, 0, 2, 5 ]
[ -1, -4, -1, 0, -5, 3, 0, 2, 5 ]
[ 0, -1, -18, 1, 4, 1, 0, 0, 31 ]
[ 1, 2, -4, 0, 1, 18, 0, 0, 31 ]
[ 1, 2, -4, 1, 4, 1, 0, 1, 18 ]
[ -1, -1, -9, -1, -2, 4, 0, 0, 31 ]
[ 2, 1, 0, 1, 1, 9, 0, 0, 31 ]
[ -2, -1, 0, -1, -2, 4, 1, 1, 9 ]
[ 1, 16, 0, 0, 1, 18, 0, 0, 31 ]
[ 1, 16, 0, 0, 2, 5, 0, 1, 18 ]
[ 0, -1, -18, 1, 16, 0, 0, 0, 31 ]
[ 0, -2, -5, 1, 16, 0, 0, 1, 18 ]
[ 1, 4, 1, 0, 1, 18, 0, 0, 31 ]
[ 1, 4, 1, 0, 2, 5, 0, 1, 18 ]
[ 31, 0, 0, 9, 1, 0, -7, 0, 1 ]
[ 9, 1, 0, -4, 3, 0, 2, 1, 1 ]
[ 7, 0, -1, 9, 1, 0, 3, 0, 4 ]
[ 1, 7, 0, 0, 31, 0, 0, -13, 1 ]
[ 4, -3, 0, 1, 7, 0, 2, 1, 1 ]
[ -1, 1, -3, -4, 3, 0, 0, 0, 31 ]
[ 2, 1, 1, -4, 3, 0, 1, -1, 3 ]
[ 9, 1, 0, 2, 1, 1, 3, 0, 4 ]
[ 1, 0, -9, 9, 1, 0, 0, 0, 31 ]
[ 3, 0, 4, 9, 1, 0, -1, 0, 9 ]
[ -1, -7, 0, 0, -13, 1, 0, 5, 2 ]
[ 2, 1, 1, 1, 7, 0, -1, -2, 2 ]
[ -4, 3, 0, 1, -1, 3, 0, 0, 31 ]
[ 4, -3, 0, 2, 1, 1, 1, -1, 3 ]
[ -1, 0, 9, 1, -1, 3, 0, 0, 31 ]
[ 2, 1, 1, -1, 0, 9, 0, 0, 31 ]
[ -2, -1, -1, 1, -1, 3, -1, 0, 9 ]
[ 1, 0, -9, 2, 1, 1, 0, 0, 31 ]
[ 3, 0, 4, 2, 1, 1, -1, 0, 9 ]
[ 9, 1, 0, -1, 0, 9, 0, 0, 31 ]
[ -9, -1, 0, 3, 0, 4, -1, 0, 9 ]
[ 1, 7, 0, 0, 5, 2, 0, 2, 7 ]
[ 1, 2, -2, 1, 7, 0, 0, 2, 7 ]
[ -1, -1, -10, -1, -2, 2, 0, 0, 31 ]
[ 2, 1, 1, 1, 1, 10, 0, 0, 31 ]
[ -2, -1, -1, -1, -2, 2, 1, 1, 10 ]
[ -1, 1, -3, -1, 0, 9, 0, 0, 31 ]
[ 1, -1, 3, 2, 1, 1, -1, 0, 9 ]
[ 1, 0, -9, 2, 1, 1, 0, 0, 31 ]
[ 1, 7, 0, 0, 1, 19, 0, 0, 31 ]
[ 1, 7, 0, 0, 2, 7, 0, 1, 19 ]
[ 0, -1, -19, 1, 7, 0, 0, 0, 31 ]
[ 0, -2, -7, 1, 7, 0, 0, 1, 19 ]
[ 1, 2, -2, 0, 1, 19, 0, 0, 31 ]
[ 1, 2, -2, 0, 2, 7, 0, 1, 19 ]
[ 31, 0, 0, -15, 1, 0, -7, 0, 1 ]
[ 1, 2, 0, 0, 31, 0, 0, 14, 1 ]
[ 15, -1, 0, 1, 2, 0, -7, 0, 1 ]
[ 7, 0, -1, -15, 1, 0, 3, 0, 4 ]
[ 1, 2, 0, 0, 14, 1, 0, -3, 2 ]
[ 7, 0, -1, 1, 2, 0, 2, 1, 2 ]
[ -15, 1, 0, -7, 0, 1, 3, 0, 4 ]
[ 1, 0, -9, -15, 1, 0, 0, 0, 31 ]
[ 3, 0, 4, -15, 1, 0, -1, 0, 9 ]
[ -1, -2, 0, 0, -1, 11, 0, 0, 31 ]
[ -1, -2, 0, 0, -3, 2, 0, -1, 11 ]
[ 1, 1, 11, 1, 2, 0, 0, 0, 31 ]
[ 2, 1, 2, 1, 1, 11, 0, 0, 31 ]
[ 2, 1, 2, 1, 2, 0, 1, 1, 11 ]
[ 7, 0, -1, 2, 1, 2, 3, 0, 4 ]
[ -15, 1, 0, -1, 0, 9, 0, 0, 31 ]
[ 15, -1, 0, 3, 0, 4, -1, 0, 9 ]
[ 1, 0, -9, 2, 1, 2, 0, 0, 31 ]
[ 3, 0, 4, 2, 1, 2, -1, 0, 9 ]
[ 31, 0, 0, -8, 1, 0, -7, 0, 1 ]
[ 1, -4, 0, 0, 31, 0, 0, 3, 1 ]
[ 8, -1, 0, -1, 4, 0, 1, -1, 1 ]
[ 7, 0, -1, -8, 1, 0, 3, 0, 4 ]
[ -1, 4, 0, 0, -1, 10, 0, 0, 31 ]
[ 1, -4, 0, 0, 3, 1, 0, -1, 10 ]
[ 0, 1, -10, -1, 4, 0, 0, 0, 31 ]
[ -1, 1, -1, 0, -1, 10, 0, 0, 31 ]
[ 1, -1, 1, -1, 4, 0, 0, -1, 10 ]
[ -8, 1, 0, 1, -1, 1, 3, 0, 4 ]
[ 1, 0, -9, -8, 1, 0, 0, 0, 31 ]
[ 3, 0, 4, -8, 1, 0, -1, 0, 9 ]
[ -1, 0, 9, 1, -1, 1, 0, 0, 31 ]
[ -3, 0, -4, 1, -1, 1, -1, 0, 9 ]
[ -8, 1, 0, -1, 0, 9, 0, 0, 31 ]
[ 8, -1, 0, 3, 0, 4, -1, 0, 9 ]
[ 1, -1, 0, 0, 31, 0, 0, -7, 1 ]
[ 31, 0, 0, -1, 1, 0, -7, 0, 1 ]
[ -1, 1, 0, 0, -7, 1, 0, 3, 4 ]
[ 7, 0, -1, -1, 1, 0, 3, 0, 4 ]
[ -1, 1, 0, 0, -1, 9, 0, 0, 31 ]
[ 1, -1, 0, 0, 3, 4, 0, -1, 9 ]
[ 1, 0, -9, -1, 1, 0, 0, 0, 31 ]
[ 3, 0, 4, -1, 1, 0, -1, 0, 9 ]
[ 31, 0, 0, 6, 1, 0, -7, 0, 1 ]
[ 1, -5, 0, 0, 31, 0, 0, -4, 1 ]
[ 6, 1, 0, -1, 5, 0, -1, 1, 1 ]
[ 7, 0, -1, 6, 1, 0, 3, 0, 4 ]
[ -1, 5, 0, 0, -1, 8, 0, 0, 31 ]
[ -1, 5, 0, 0, -4, 1, 0, -1, 8 ]
[ 0, 1, -8, -1, 5, 0, 0, 0, 31 ]
[ -1, 1, 1, 0, -1, 8, 0, 0, 31 ]
[ 1, -1, -1, -1, 5, 0, 0, -1, 8 ]
[ 6, 1, 0, -1, 1, 1, 3, 0, 4 ]
[ 1, 0, -9, 6, 1, 0, 0, 0, 31 ]
[ 3, 0, 4, 6, 1, 0, -1, 0, 9 ]
[ 1, 0, -9, -1, 1, 1, 0, 0, 31 ]
[ 3, 0, 4, -1, 1, 1, -1, 0, 9 ]
[ 6, 1, 0, -1, 0, 9, 0, 0, 31 ]
[ -6, -1, 0, 3, 0, 4, -1, 0, 9 ]
[ 31, 0, 0, 13, 1, 0, -7, 0, 1 ]
[ 13, 1, 0, -5, 2, 0, -7, 0, 1 ]
[ 7, 0, -1, 13, 1, 0, 3, 0, 4 ]
[ 5, -2, 0, -2, 7, 0, 3, -4, 1 ]
[ 7, 0, -1, -5, 2, 0, -1, 1, 2 ]
[ 13, 1, 0, -7, 0, 1, 3, 0, 4 ]
[ 1, 0, -9, 13, 1, 0, 0, 0, 31 ]
[ 3, 0, 4, 13, 1, 0, -1, 0, 9 ]
[ 1, -19, 0, 0, 31, 0, 0, -9, 1 ]
[ 2, -7, 0, -1, 19, 0, -1, 10, 1 ]
[ -3, 4, -1, -1, 1, 2, 0, 0, 31 ]
[ 3, -4, 1, -2, 7, 0, -1, 1, 2 ]
[ -1, 1, 2, 3, -4, 1, 0, 0, 31 ]
[ -5, 2, 0, 3, -4, 1, -1, 1, 2 ]
[ -2, 1, 11, -5, 2, 0, 0, 0, 31 ]
[ -1, 1, 2, -2, 1, 11, 0, 0, 31 ]
[ -1, 1, 2, -5, 2, 0, -2, 1, 11 ]
[ 7, 0, -1, -1, 1, 2, 3, 0, 4 ]
[ 13, 1, 0, -1, 0, 9, 0, 0, 31 ]
[ -13, -1, 0, 3, 0, 4, -1, 0, 9 ]
[ -1, 19, 0, 0, -9, 1, 0, 4, 3 ]
[ 1, -10, -1, -1, 19, 0, 0, 4, 3 ]
[ 2, -7, 0, -1, 10, 1, 1, -6, 2 ]
[ -1, 1, 2, 0, -1, 7, 0, 0, 31 ]
[ 1, -1, -2, -2, 7, 0, 0, -1, 7 ]
[ 2, -1, -11, -1, 1, 2, 0, 0, 31 ]
[ 5, -2, 0, -2, 1, 11, 0, 0, 31 ]
[ 5, -2, 0, -1, 1, 2, -2, 1, 11 ]
[ 1, 0, -9, -1, 1, 2, 0, 0, 31 ]
[ 3, 0, 4, -1, 1, 2, -1, 0, 9 ]
[ -1, 19, 0, 0, -1, 7, 0, 0, 31 ]
[ 1, -19, 0, 0, 4, 3, 0, -1, 7 ]
[ 0, 1, -7, -1, 19, 0, 0, 0, 31 ]
[ 0, 4, 3, -1, 19, 0, 0, -1, 7 ]
[ -1, 10, 1, 0, -1, 7, 0, 0, 31 ]
[ 1, -10, -1, 0, 4, 3, 0, -1, 7 ]
[ 0, 1, -7, -1, 10, 1, 0, 0, 31 ]
[ -1, 6, -2, 0, -1, 7, 0, 0, 31 ]
[ 1, -6, 2, -1, 10, 1, 0, -1, 7 ]
[ 0, -1, 7, 1, -6, 2, 0, 0, 31 ]
[ -2, 7, 0, 1, -6, 2, 0, -1, 7 ]
[ 1, -3, -19, -2, 7, 0, 0, 0, 31 ]
[ 0, 1, -7, -1, 3, 19, 0, 0, 31 ]
[ 0, 1, -7, -2, 7, 0, -1, 3, 19 ]
[ -1, 3, 19, 0, -1, 7, 0, 0, 31 ]
[ -2, 7, 0, -1, 3, 19, 0, 0, 31 ]
[ -2, 7, 0, 0, -1, 7, -1, 3, 19 ]
[ 31, 0, 0, -11, 1, 0, -7, 0, 1 ]
[ 11, -1, 0, -2, 3, 0, 4, -1, 1 ]
[ 7, 0, -1, -11, 1, 0, 3, 0, 4 ]
[ 1, -17, 0, 0, 31, 0, 0, 5, 1 ]
[ 2, -3, 0, -1, 17, 0, 0, 5, 1 ]
[ 1, -1, -3, -2, 3, 0, 0, 0, 31 ]
[ 4, -1, 1, -2, 3, 0, -1, 1, 3 ]
[ -11, 1, 0, 4, -1, 1, 3, 0, 4 ]
[ 1, 0, -9, -11, 1, 0, 0, 0, 31 ]
[ 3, 0, 4, -11, 1, 0, -1, 0, 9 ]
[ -1, 17, 0, 0, -1, 6, 0, 0, 31 ]
[ 1, -17, 0, 0, 5, 1, 0, -1, 6 ]
[ 0, 1, -6, -1, 17, 0, 0, 0, 31 ]
[ 0, 5, 1, -1, 17, 0, 0, -1, 6 ]
[ -2, 3, 0, -1, 1, 3, 0, 0, 31 ]
[ 2, -3, 0, 0, 5, 1, -1, 1, 3 ]
[ 1, 0, -9, -1, 1, 3, 0, 0, 31 ]
[ -4, 1, -1, -1, 0, 9, 0, 0, 31 ]
[ 4, -1, 1, -1, 1, 3, -1, 0, 9 ]
[ -1, 0, 9, 4, -1, 1, 0, 0, 31 ]
[ -3, 0, -4, 4, -1, 1, -1, 0, 9 ]
[ -11, 1, 0, -1, 0, 9, 0, 0, 31 ]
[ 11, -1, 0, 3, 0, 4, -1, 0, 9 ]
[ -1, 1, 3, 0, -1, 6, 0, 0, 31 ]
[ 1, -1, -3, 0, 5, 1, 0, -1, 6 ]
[ 31, 0, 0, -4, 1, 0, -7, 0, 1 ]
[ 1, -8, 0, 0, 31, 0, 0, 6, 1 ]
[ 4, -1, 0, -1, 8, 0, 1, -2, 1 ]
[ 7, 0, -1, -4, 1, 0, 3, 0, 4 ]
[ -1, 8, 0, 0, -1, 5, 0, 0, 31 ]
[ 1, -8, 0, 0, 6, 1, 0, -1, 5 ]
[ 0, 1, -5, -1, 8, 0, 0, 0, 31 ]
[ -1, 2, -1, 0, -1, 5, 0, 0, 31 ]
[ 1, -2, 1, -1, 8, 0, 0, -1, 5 ]
[ -1, 1, 4, 1, -2, 1, 0, 0, 31 ]
[ -4, 1, 0, 1, -2, 1, -1, 1, 4 ]
[ 1, 0, -9, -4, 1, 0, 0, 0, 31 ]
[ 3, 0, 4, -4, 1, 0, -1, 0, 9 ]
[ 1, 0, -9, -1, 1, 4, 0, 0, 31 ]
[ -4, 1, 0, -1, 0, 9, 0, 0, 31 ]
[ 4, -1, 0, -1, 1, 4, -1, 0, 9 ]
[ 31, 0, 0, 3, 1, 0, -7, 0, 1 ]
[ 1, -10, 0, 0, 31, 0, 0, -8, 1 ]
[ 3, 1, 0, -1, 10, 0, -1, 2, 1 ]
[ 7, 0, -1, 3, 1, 0, 3, 0, 4 ]
[ -1, 10, 0, 0, -1, 4, 0, 0, 31 ]
[ -1, 10, 0, 0, -8, 1, 0, -1, 4 ]
[ 0, 1, -4, -1, 10, 0, 0, 0, 31 ]
[ -1, 2, 1, 0, -1, 4, 0, 0, 31 ]
[ 1, -2, -1, -1, 10, 0, 0, -1, 4 ]
[ 0, 1, -4, -1, 2, 1, 0, 0, 31 ]
[ 3, 1, 0, -1, 2, 1, 0, -1, 4 ]
[ 1, 0, -9, 3, 1, 0, 0, 0, 31 ]
[ 3, 0, 4, 3, 1, 0, -1, 0, 9 ]
[ -1, 0, 9, 0, -1, 4, 0, 0, 31 ]
[ 3, 1, 0, -1, 0, 9, 0, 0, 31 ]
[ -3, -1, 0, 0, -1, 4, -1, 0, 9 ]
[ 31, 0, 0, 10, 1, 0, -7, 0, 1 ]
[ 1, -3, 0, 0, 31, 0, 0, 10, 1 ]
[ 10, 1, 0, -1, 3, 0, 3, 1, 1 ]
[ 7, 0, -1, 10, 1, 0, 3, 0, 4 ]
[ -1, 3, 0, 0, -1, 3, 0, 0, 31 ]
[ 1, -3, 0, 0, 10, 1, 0, -1, 3 ]
[ 0, 1, -3, -1, 3, 0, 0, 0, 31 ]
[ 3, 1, 1, -1, 3, 0, 0, -1, 3 ]
[ 10, 1, 0, 3, 1, 1, 3, 0, 4 ]
[ 1, 0, -9, 10, 1, 0, 0, 0, 31 ]
[ 3, 0, 4, 10, 1, 0, -1, 0, 9 ]
[ -1, 0, 9, 0, -1, 3, 0, 0, 31 ]
[ 3, 1, 1, -1, 0, 9, 0, 0, 31 ]
[ -3, -1, -1, 0, -1, 3, -1, 0, 9 ]
[ 1, 0, -9, 3, 1, 1, 0, 0, 31 ]
[ 3, 0, 4, 3, 1, 1, -1, 0, 9 ]
[ 10, 1, 0, -1, 0, 9, 0, 0, 31 ]
[ -10, -1, 0, 3, 0, 4, -1, 0, 9 ]
[ 31, 0, 0, -14, 1, 0, -7, 0, 1 ]
[ 14, -1, 0, 3, 2, 0, -7, 0, 1 ]
[ 7, 0, -1, -14, 1, 0, 3, 0, 4 ]
[ 1, 11, 0, 0, 31, 0, 0, 15, 1 ]
[ 3, 2, 0, 1, 11, 0, -1, 4, 1 ]
[ 7, 0, -1, 3, 2, 0, 3, 1, 2 ]
[ -14, 1, 0, -7, 0, 1, 3, 0, 4 ]
[ 1, 0, -9, -14, 1, 0, 0, 0, 31 ]
[ 3, 0, 4, -14, 1, 0, -1, 0, 9 ]
[ -1, -11, 0, 0, -1, 2, 0, 0, 31 ]
[ 1, 11, 0, 0, 15, 1, 0, -1, 2 ]
[ 0, -1, 2, 1, 11, 0, 0, 0, 31 ]
[ -1, 4, 1, 0, -1, 2, 0, 0, 31 ]
[ 1, -4, -1, 1, 11, 0, 0, -1, 2 ]
[ 0, 1, -2, -1, 4, 1, 0, 0, 31 ]
[ 3, 2, 0, -1, 4, 1, 0, -1, 2 ]
[ 2, 1, 11, 3, 2, 0, 0, 0, 31 ]
[ 3, 1, 2, 2, 1, 11, 0, 0, 31 ]
[ 3, 1, 2, 3, 2, 0, 2, 1, 11 ]
[ 7, 0, -1, 3, 1, 2, 3, 0, 4 ]
[ -14, 1, 0, -1, 0, 9, 0, 0, 31 ]
[ 14, -1, 0, 3, 0, 4, -1, 0, 9 ]
[ -1, -1, 11, 0, -1, 2, 0, 0, 31 ]
[ -3, -2, 0, -1, -1, 11, 0, 0, 31 ]
[ -3, -2, 0, 0, -1, 2, -1, -1, 11 ]
[ 1, 0, -9, 3, 1, 2, 0, 0, 31 ]
[ 3, 0, 4, 3, 1, 2, -1, 0, 9 ]
[ 31, 0, 0, -7, 1, 0, -7, 0, 1 ]
[ 7, -1, 0, 3, 4, 0, 0, -1, 1 ]
[ 7, 0, -1, -7, 1, 0, 3, 0, 4 ]
[ -1, 9, 0, 0, -1, 1, 0, 0, 31 ]
[ 1, -9, 0, 0, 31, 0, 0, -1, 1 ]
[ 0, 1, -1, -1, 9, 0, 0, 0, 31 ]
[ 3, 4, 0, -1, 9, 0, 0, -1, 1 ]
[ 1, 1, -10, 3, 4, 0, 0, 0, 31 ]
[ 0, 1, -1, -1, -1, 10, 0, 0, 31 ]
[ 0, -1, 1, 3, 4, 0, -1, -1, 10 ]
[ -7, 1, 0, 0, -1, 1, 3, 0, 4 ]
[ 1, 0, -9, -7, 1, 0, 0, 0, 31 ]
[ 3, 0, 4, -7, 1, 0, -1, 0, 9 ]
[ -1, -1, 10, 0, -1, 1, 0, 0, 31 ]
[ 3, 4, 0, -1, -1, 10, 0, 0, 31 ]
[ -3, -4, 0, 0, -1, 1, -1, -1, 10 ]
[ -1, 0, 9, 0, -1, 1, 0, 0, 31 ]
[ -3, 0, -4, 0, -1, 1, -1, 0, 9 ]
[ -7, 1, 0, -1, 0, 9, 0, 0, 31 ]
[ 7, -1, 0, 3, 0, 4, -1, 0, 9 ]
[ 31, 0, 0, 0, 1, 0, -4, 0, 1 ]
[ 1, 0, -8, 0, 1, 0, 0, 0, 31 ]
[ 4, 0, -1, 0, 1, 0, -1, 0, 8 ]
[ 31, 0, 0, 4, 1, 0, -4, 0, 1 ]
[ 1, 8, 0, 0, 1, 1, 0, 0, 31 ]
[ 1, 8, 0, 0, 31, 0, 0, 1, 1 ]
[ 0, -1, -1, 1, 8, 0, 0, 0, 31 ]
[ 4, 1, 0, 1, 8, 0, 0, 1, 1 ]
[ 1, 0, -8, 4, 1, 0, 0, 0, 31 ]
[ 4, 0, -1, 4, 1, 0, -1, 0, 8 ]
[ 1, 0, -8, 0, 1, 1, 0, 0, 31 ]
[ 4, 1, 0, -1, 0, 8, 0, 0, 31 ]
[ 4, 1, 0, 0, 1, 1, -1, 0, 8 ]
[ 31, 0, 0, 8, 1, 0, -4, 0, 1 ]
[ 1, 4, 0, 0, 31, 0, 0, -15, 1 ]
[ 8, 1, 0, 1, 4, 0, 4, 1, 1 ]
[ 1, 0, -8, 8, 1, 0, 0, 0, 31 ]
[ 4, 0, -1, 8, 1, 0, -1, 0, 8 ]
[ 1, 4, 0, 0, 1, 2, 0, 0, 31 ]
[ -1, -4, 0, 0, -15, 1, 0, 1, 2 ]
[ 0, -1, -2, 1, 4, 0, 0, 0, 31 ]
[ 4, 1, 1, 1, 4, 0, 0, 1, 2 ]
[ 1, 0, -8, 4, 1, 1, 0, 0, 31 ]
[ 8, 1, 0, -1, 0, 8, 0, 0, 31 ]
[ 8, 1, 0, 4, 1, 1, -1, 0, 8 ]
[ 1, 0, -8, 0, 1, 2, 0, 0, 31 ]
[ 4, 1, 1, -1, 0, 8, 0, 0, 31 ]
[ 4, 1, 1, 0, 1, 2, -1, 0, 8 ]
[ 31, 0, 0, 12, 1, 0, -4, 0, 1 ]
[ 12, 1, 0, 5, 3, 0, -4, 0, 1 ]
[ 1, 0, -8, 12, 1, 0, 0, 0, 31 ]
[ 4, 0, -1, 12, 1, 0, -1, 0, 8 ]
[ 5, 3, 0, -2, 5, 0, 1, 3, 1 ]
[ 4, 0, -1, 5, 3, 0, 0, 1, 3 ]
[ 12, 1, 0, -1, 0, 8, 0, 0, 31 ]
[ 12, 1, 0, -4, 0, 1, -1, 0, 8 ]
[ 1, -18, 0, 0, 31, 0, 0, -10, 1 ]
[ 2, -5, 0, -1, 18, 0, -1, 8, 1 ]
[ 1, 3, 1, 0, 1, 3, 0, 0, 31 ]
[ 1, 3, 1, -2, 5, 0, 0, 1, 3 ]
[ 0, -1, -3, 1, 3, 1, 0, 0, 31 ]
[ 5, 3, 0, 1, 3, 1, 0, 1, 3 ]
[ 0, 1, 3, -1, -1, 5, 0, 0, 31 ]
[ 0, -1, -3, 5, 3, 0, -1, -1, 5 ]
[ 1, 0, -8, 0, 1, 3, 0, 0, 31 ]
[ 4, 0, -1, 0, 1, 3, -1, 0, 8 ]
[ 1, -18, 0, 0, 1, 3, 0, 0, 31 ]
[ -1, 18, 0, 0, -10, 1, 0, 1, 3 ]
[ 0, 1, 3, -1, 18, 0, 0, 0, 31 ]
[ 1, -8, -1, 0, 1, 3, 0, 0, 31 ]
[ 1, -8, -1, -1, 18, 0, 0, 1, 3 ]
[ 0, 1, 3, -1, 8, 1, 0, 0, 31 ]
[ 2, -5, 0, -1, 8, 1, 0, 1, 3 ]
[ -1, 3, 17, -2, 5, 0, 0, 0, 31 ]
[ 0, 1, 3, -1, 3, 17, 0, 0, 31 ]
[ 0, 1, 3, -2, 5, 0, -1, 3, 17 ]
[ 1, 1, -5, 0, 1, 3, 0, 0, 31 ]
[ 5, 3, 0, 0, 1, 3, -1, -1, 5 ]
[ 2, 1, 18, 5, 3, 0, 0, 0, 31 ]
[ -1, -1, 5, 2, 1, 18, 0, 0, 31 ]
[ -1, -1, 5, 5, 3, 0, 2, 1, 18 ]
[ 1, -3, -17, 0, 1, 3, 0, 0, 31 ]
[ 2, -5, 0, -1, 3, 17, 0, 0, 31 ]
[ 2, -5, 0, 0, 1, 3, -1, 3, 17 ]
[ -2, -1, -18, -1, -1, 5, 0, 0, 31 ]
[ -5, -3, 0, 2, 1, 18, 0, 0, 31 ]
[ -5, -3, 0, -1, -1, 5, 2, 1, 18 ]
[ 31, 0, 0, -15, 1, 0, -4, 0, 1 ]
[ 1, 2, 0, 0, 31, 0, 0, 8, 1 ]
[ 15, -1, 0, 1, 2, 0, -4, 0, 1 ]
[ 1, 0, -8, -15, 1, 0, 0, 0, 31 ]
[ 4, 0, -1, -15, 1, 0, -1, 0, 8 ]
[ 1, 2, 0, 0, 1, 4, 0, 0, 31 ]
[ 1, 2, 0, 0, 8, 1, 0, 1, 4 ]
[ 0, -1, -4, 1, 2, 0, 0, 0, 31 ]
[ 4, 0, -1, 1, 2, 0, 0, 1, 4 ]
[ -15, 1, 0, -1, 0, 8, 0, 0, 31 ]
[ -15, 1, 0, -4, 0, 1, -1, 0, 8 ]
[ 1, 0, -8, 0, 1, 4, 0, 0, 31 ]
[ 4, 0, -1, 0, 1, 4, -1, 0, 8 ]
[ 31, 0, 0, -11, 1, 0, -4, 0, 1 ]
[ 11, -1, 0, -2, 3, 0, -4, 0, 1 ]
[ 1, 0, -8, -11, 1, 0, 0, 0, 31 ]
[ 4, 0, -1, -11, 1, 0, -1, 0, 8 ]
[ 1, -17, 0, 0, 31, 0, 0, -6, 1 ]
[ 2, -3, 0, -1, 17, 0, 0, -6, 1 ]
[ 4, 0, -1, -2, 3, 0, -1, -1, 3 ]
[ -11, 1, 0, -1, 0, 8, 0, 0, 31 ]
[ -11, 1, 0, -4, 0, 1, -1, 0, 8 ]
[ 1, -17, 0, 0, 1, 5, 0, 0, 31 ]
[ -1, 17, 0, 0, -6, 1, 0, 1, 5 ]
[ 0, 1, 5, -1, 17, 0, 0, 0, 31 ]
[ 0, 6, -1, -1, 17, 0, 0, 1, 5 ]
[ -2, 3, 0, 0, -6, 1, -1, -1, 3 ]
[ 1, 1, -3, 0, 1, 5, 0, 0, 31 ]
[ 1, 1, -3, -2, 3, 0, 0, 1, 5 ]
[ -1, 0, 8, -1, -1, 3, 0, 0, 31 ]
[ -4, 0, 1, -1, -1, 3, -1, 0, 8 ]
[ -1, -1, 3, 0, -6, 1, 0, 1, 5 ]
[ 0, 1, 5, -1, -1, 3, 0, 0, 31 ]
[ -2, 3, 0, -1, -1, 3, 0, 1, 5 ]
[ -1, 2, 18, -2, 3, 0, 0, 0, 31 ]
[ 0, 1, 5, -1, 2, 18, 0, 0, 31 ]
[ 0, 1, 5, -2, 3, 0, -1, 2, 18 ]
[ 1, 1, -3, 0, 1, 5, 0, 0, 31 ]
[ 1, -2, -18, 0, 1, 5, 0, 0, 31 ]
[ 2, -3, 0, -1, 2, 18, 0, 0, 31 ]
[ 2, -3, 0, 0, 1, 5, -1, 2, 18 ]
[ 31, 0, 0, -7, 1, 0, -4, 0, 1 ]
[ 7, -1, 0, 3, 4, 0, 3, -1, 1 ]
[ 1, 0, -8, -7, 1, 0, 0, 0, 31 ]
[ 4, 0, -1, -7, 1, 0, -1, 0, 8 ]
[ 1, -9, 0, 0, 31, 0, 0, -5, 1 ]
[ 3, 4, 0, -1, 9, 0, 0, -5, 1 ]
[ 1, 1, -2, 3, 4, 0, 0, 0, 31 ]
[ 3, -1, 1, 3, 4, 0, -1, -1, 2 ]
[ -1, 0, 8, 3, -1, 1, 0, 0, 31 ]
[ -7, 1, 0, -1, 0, 8, 0, 0, 31 ]
[ -7, 1, 0, 3, -1, 1, -1, 0, 8 ]
[ 1, -9, 0, 0, 1, 6, 0, 0, 31 ]
[ -1, 9, 0, 0, -5, 1, 0, 1, 6 ]
[ 0, 1, 6, -1, 9, 0, 0, 0, 31 ]
[ 0, 5, -1, -1, 9, 0, 0, 1, 6 ]
[ 3, 4, 0, -1, -1, 2, 0, 0, 31 ]
[ -3, -4, 0, 0, -5, 1, -1, -1, 2 ]
[ -1, 0, 8, -1, -1, 2, 0, 0, 31 ]
[ -3, 1, -1, -1, 0, 8, 0, 0, 31 ]
[ -3, 1, -1, -1, -1, 2, -1, 0, 8 ]
[ 1, 1, -2, 0, 1, 6, 0, 0, 31 ]
[ -1, -1, 2, 0, -5, 1, 0, 1, 6 ]
[ 31, 0, 0, -3, 1, 0, -4, 0, 1 ]
[ 1, 10, 0, 0, 31, 0, 0, 9, 1 ]
[ 3, -1, 0, 1, 10, 0, -1, -1, 1 ]
[ 1, 0, -8, -3, 1, 0, 0, 0, 31 ]
[ 4, 0, -1, -3, 1, 0, -1, 0, 8 ]
[ 1, 10, 0, 0, 9, 1, 0, -4, 3 ]
[ 1, 1, -1, 1, 10, 0, 0, -4, 3 ]
[ -1, 0, 8, -1, -1, 1, 0, 0, 31 ]
[ -3, 1, 0, -1, 0, 8, 0, 0, 31 ]
[ -3, 1, 0, -1, -1, 1, -1, 0, 8 ]
[ 1, 10, 0, 0, 1, 7, 0, 0, 31 ]
[ -1, -10, 0, 0, -4, 3, 0, 1, 7 ]
[ 0, -1, -7, 1, 10, 0, 0, 0, 31 ]
[ 0, -4, 3, 1, 10, 0, 0, 1, 7 ]
[ 1, 1, -1, 0, 1, 7, 0, 0, 31 ]
[ -1, -1, 1, 0, -4, 3, 0, 1, 7 ]
[ 1, 1, 0, 0, 31, 0, 0, 4, 1 ]
[ 31, 0, 0, 1, 1, 0, -4, 0, 1 ]
[ 1, 1, 0, 0, 1, 8, 0, 0, 31 ]
[ 1, 1, 0, 0, 4, 1, 0, 1, 8 ]
[ 1, 0, -8, 1, 1, 0, 0, 0, 31 ]
[ 4, 0, -1, 1, 1, 0, -1, 0, 8 ]
[ 31, 0, 0, 5, 1, 0, -4, 0, 1 ]
[ 1, -6, 0, 0, 31, 0, 0, 7, 1 ]
[ 5, 1, 0, -1, 6, 0, 1, 1, 1 ]
[ 1, 0, -8, 5, 1, 0, 0, 0, 31 ]
[ 4, 0, -1, 5, 1, 0, -1, 0, 8 ]
[ 1, -6, 0, 0, 7, 1, 0, -3, 4 ]
[ 1, 1, 1, -1, 6, 0, 0, -3, 4 ]
[ 1, 0, -8, 1, 1, 1, 0, 0, 31 ]
[ 5, 1, 0, -1, 0, 8, 0, 0, 31 ]
[ 5, 1, 0, 1, 1, 1, -1, 0, 8 ]
[ 1, -6, 0, 0, 1, 9, 0, 0, 31 ]
[ -1, 6, 0, 0, -3, 4, 0, 1, 9 ]
[ 0, 1, 9, -1, 6, 0, 0, 0, 31 ]
[ 0, 3, -4, -1, 6, 0, 0, 1, 9 ]
[ 1, 1, 1, 0, 1, 9, 0, 0, 31 ]
[ -1, -1, -1, 0, -3, 4, 0, 1, 9 ]
[ 31, 0, 0, 9, 1, 0, -4, 0, 1 ]
[ 9, 1, 0, -4, 3, 0, -4, 0, 1 ]
[ 1, 0, -8, 9, 1, 0, 0, 0, 31 ]
[ 4, 0, -1, 9, 1, 0, -1, 0, 8 ]
[ 1, 7, 0, 0, 31, 0, 0, -3, 1 ]
[ 4, -3, 0, 1, 7, 0, 0, -3, 1 ]
[ 4, 0, -1, -4, 3, 0, -3, 1, 3 ]
[ 9, 1, 0, -1, 0, 8, 0, 0, 31 ]
[ 9, 1, 0, -4, 0, 1, -1, 0, 8 ]
[ 1, 7, 0, 0, 1, 10, 0, 0, 31 ]
[ -1, -7, 0, 0, -3, 1, 0, 1, 10 ]
[ 0, -1, -10, 1, 7, 0, 0, 0, 31 ]
[ 0, -3, 1, 1, 7, 0, 0, 1, 10 ]
[ -4, 3, 0, 0, -3, 1, 1, -2, 3 ]
[ -3, 1, 3, 2, -1, 5, 0, 0, 31 ]
[ 3, -1, -3, -4, 3, 0, 2, -1, 5 ]
[ 1, 0, -8, -3, 1, 3, 0, 0, 31 ]
[ 4, 0, -1, -3, 1, 3, -1, 0, 8 ]
[ 1, -2, 3, 0, 1, 10, 0, 0, 31 ]
[ -1, 2, -3, 0, -3, 1, 0, 1, 10 ]
[ -4, 3, 0, 1, -2, 3, -2, 2, 5 ]
[ -1, 1, 18, -4, 3, 0, 0, 0, 31 ]
[ 2, -1, 5, -1, 1, 18, 0, 0, 31 ]
[ 2, -1, 5, -4, 3, 0, -1, 1, 18 ]
[ -1, 1, 18, 1, -2, 3, 0, 0, 31 ]
[ -2, 2, 5, 1, -2, 3, -1, 1, 18 ]
[ 4, -3, 0, -1, 1, 18, 0, 0, 31 ]
[ 4, -3, 0, -2, 2, 5, -1, 1, 18 ]
[ 31, 0, 0, 13, 1, 0, -4, 0, 1 ]
[ 13, 1, 0, -5, 2, 0, -4, 0, 1 ]
[ 1, 0, -8, 13, 1, 0, 0, 0, 31 ]
[ 4, 0, -1, 13, 1, 0, -1, 0, 8 ]
[ 5, -2, 0, -2, 7, 0, 1, -2, 1 ]
[ 3, -1, -4, -5, 2, 0, 0, 0, 31 ]
[ 4, 0, -1, -5, 2, 0, -3, 1, 4 ]
[ 13, 1, 0, -1, 0, 8, 0, 0, 31 ]
[ 13, 1, 0, -4, 0, 1, -1, 0, 8 ]
[ 1, -19, 0, 0, 31, 0, 0, -14, 1 ]
[ 2, -7, 0, -1, 19, 0, -1, 5, 1 ]
[ 1, -3, -10, -2, 7, 0, 0, 0, 31 ]
[ 1, -2, 1, -1, 3, 10, 0, 0, 31 ]
[ 1, -2, 1, -2, 7, 0, -1, 3, 10 ]
[ -5, 2, 0, 2, -1, 4, 0, 0, 31 ]
[ -5, 2, 0, 1, -2, 1, 2, -1, 4 ]
[ 1, 0, -8, -3, 1, 4, 0, 0, 31 ]
[ 4, 0, -1, -3, 1, 4, -1, 0, 8 ]
[ -1, 19, 0, 0, -14, 1, 0, 3, 2 ]
[ 1, -5, -1, -1, 19, 0, 0, 3, 2 ]
[ 1, -4, 10, -1, 5, 1, 0, 0, 31 ]
[ -2, 7, 0, 1, -4, 10, 0, 0, 31 ]
[ 2, -7, 0, -1, 5, 1, 1, -4, 10 ]
[ -1, 1, -12, 1, -2, 1, 0, 0, 31 ]
[ -2, 1, -4, 1, -1, 12, 0, 0, 31 ]
[ -2, 1, -4, 1, -2, 1, 1, -1, 12 ]
[ 1, -19, 0, 0, 1, 11, 0, 0, 31 ]
[ 1, -19, 0, 0, 3, 2, 0, 1, 11 ]
[ 0, 1, 11, -1, 19, 0, 0, 0, 31 ]
[ 0, 3, 2, -1, 19, 0, 0, 1, 11 ]
[ 1, -5, -1, 0, 1, 11, 0, 0, 31 ]
[ 1, -5, -1, 0, 3, 2, 0, 1, 11 ]
[ 31, 0, 0, -14, 1, 0, -4, 0, 1 ]
[ 14, -1, 0, 3, 2, 0, -4, 0, 1 ]
[ 1, 0, -8, -14, 1, 0, 0, 0, 31 ]
[ 4, 0, -1, -14, 1, 0, -1, 0, 8 ]
[ 1, 11, 0, 0, 31, 0, 0, 13, 1 ]
[ 3, 2, 0, 1, 11, 0, -1, 2, 1 ]
[ -1, -1, -4, 3, 2, 0, 0, 0, 31 ]
[ 4, 0, -1, 3, 2, 0, 1, 1, 4 ]
[ -14, 1, 0, -1, 0, 8, 0, 0, 31 ]
[ -14, 1, 0, -4, 0, 1, -1, 0, 8 ]
[ 1, 11, 0, 0, 13, 1, 0, -5, 2 ]
[ 1, -2, -1, 1, 11, 0, 0, -5, 2 ]
[ 3, 2, 0, 1, 1, 4, 0, 0, 31 ]
[ 3, 2, 0, -1, 2, 1, 1, 1, 4 ]
[ 1, 0, -8, 1, 1, 4, 0, 0, 31 ]
[ 4, 0, -1, 1, 1, 4, -1, 0, 8 ]
[ -1, -11, 0, 0, -5, 2, 0, -2, 7 ]
[ 0, -5, 2, 1, 11, 0, 0, -2, 7 ]
[ -1, 2, 1, 0, -5, 2, 0, -2, 7 ]
[ 0, 1, 12, -1, 2, 1, 0, 0, 31 ]
[ 1, 1, 4, 0, 1, 12, 0, 0, 31 ]
[ 1, 1, 4, -1, 2, 1, 0, 1, 12 ]
[ -1, -11, 0, 0, -1, 19, 0, 0, 31 ]
[ -1, -11, 0, 0, -2, 7, 0, -1, 19 ]
[ 0, -1, 19, 1, 11, 0, 0, 0, 31 ]
[ 0, -2, 7, 1, 11, 0, 0, -1, 19 ]
[ -1, 2, 1, 0, -1, 19, 0, 0, 31 ]
[ -1, 2, 1, 0, -2, 7, 0, -1, 19 ]
[ 31, 0, 0, -10, 1, 0, -4, 0, 1 ]
[ 1, 3, 0, 0, 31, 0, 0, 12, 1 ]
[ 10, -1, 0, 1, 3, 0, -4, 0, 1 ]
[ 1, 0, -8, -10, 1, 0, 0, 0, 31 ]
[ 4, 0, -1, -10, 1, 0, -1, 0, 8 ]
[ 1, 3, 0, 0, 12, 1, 0, 5, 3 ]
[ 4, 0, -1, 1, 3, 0, -2, -1, 3 ]
[ -10, 1, 0, -1, 0, 8, 0, 0, 31 ]
[ -10, 1, 0, -4, 0, 1, -1, 0, 8 ]
[ 1, 3, 0, 0, 5, 3, 0, -2, 5 ]
[ 2, 1, -3, 1, 1, 5, 0, 0, 31 ]
[ 2, 1, -3, 1, 3, 0, 1, 1, 5 ]
[ -1, 0, 8, -2, -1, 3, 0, 0, 31 ]
[ -4, 0, 1, -2, -1, 3, -1, 0, 8 ]
[ -1, -3, 0, 0, -1, 18, 0, 0, 31 ]
[ -1, -3, 0, 0, -2, 5, 0, -1, 18 ]
[ 1, 2, 18, 1, 3, 0, 0, 0, 31 ]
[ 1, 1, 5, 1, 2, 18, 0, 0, 31 ]
[ 1, 1, 5, 1, 3, 0, 1, 2, 18 ]
[ 31, 0, 0, -6, 1, 0, -4, 0, 1 ]
[ 1, 5, 0, 0, 31, 0, 0, -11, 1 ]
[ 6, -1, 0, 1, 5, 0, 2, -1, 1 ]
[ 1, 0, -8, -6, 1, 0, 0, 0, 31 ]
[ 4, 0, -1, -6, 1, 0, -1, 0, 8 ]
[ -1, -5, 0, 0, -11, 1, 0, -2, 3 ]
[ 2, -1, 1, 1, 5, 0, 0, -2, 3 ]
[ -1, 0, 8, 2, -1, 1, 0, 0, 31 ]
[ -6, 1, 0, -1, 0, 8, 0, 0, 31 ]
[ -6, 1, 0, 2, -1, 1, -1, 0, 8 ]
[ -1, -5, 0, 0, -1, 17, 0, 0, 31 ]
[ -1, -5, 0, 0, -2, 3, 0, -1, 17 ]
[ 0, -1, 17, 1, 5, 0, 0, 0, 31 ]
[ 0, -2, 3, 1, 5, 0, 0, -1, 17 ]
[ -2, 1, -1, 1, -1, 9, 0, 0, 31 ]
[ -2, 1, -1, 0, -2, 3, 1, -1, 9 ]
[ -1, 1, -9, 0, -1, 17, 0, 0, 31 ]
[ -1, 1, -9, 0, -2, 3, 0, -1, 17 ]
[ 31, 0, 0, -2, 1, 0, -4, 0, 1 ]
[ 1, -16, 0, 0, 31, 0, 0, -2, 1 ]
[ 2, -1, 0, -1, 16, 0, 0, -2, 1 ]
[ 1, 0, -8, -2, 1, 0, 0, 0, 31 ]
[ 4, 0, -1, -2, 1, 0, -1, 0, 8 ]
[ -1, 16, 0, 0, -1, 16, 0, 0, 31 ]
[ -1, 16, 0, 0, -2, 1, 0, -1, 16 ]
[ 0, 1, -16, -1, 16, 0, 0, 0, 31 ]
[ 0, 2, -1, -1, 16, 0, 0, -1, 16 ]
[ -2, 1, 0, -1, 0, 8, 0, 0, 31 ]
[ -2, 1, 0, 0, -2, 1, -1, 0, 8 ]
[ -1, 0, 8, 0, -1, 16, 0, 0, 31 ]
[ -1, 0, 8, 0, -2, 1, 0, -1, 16 ]
[ 31, 0, 0, 2, 1, 0, -4, 0, 1 ]
[ 1, 16, 0, 0, 31, 0, 0, 2, 1 ]
[ 2, 1, 0, 1, 16, 0, 0, 2, 1 ]
[ 1, 0, -8, 2, 1, 0, 0, 0, 31 ]
[ 4, 0, -1, 2, 1, 0, -1, 0, 8 ]
[ 1, 16, 0, 0, 1, 16, 0, 0, 31 ]
[ 1, 16, 0, 0, 2, 1, 0, 1, 16 ]
[ 0, -1, -16, 1, 16, 0, 0, 0, 31 ]
[ 0, -2, -1, 1, 16, 0, 0, 1, 16 ]
[ 2, 1, 0, 1, 1, 8, 0, 0, 31 ]
[ 2, 1, 0, 0, 2, 1, 1, 1, 8 ]
[ 1, 1, 8, 0, 1, 16, 0, 0, 31 ]
[ 1, 1, 8, 0, 2, 1, 0, 1, 16 ]
[ 31, 0, 0, 6, 1, 0, -4, 0, 1 ]
[ 1, -5, 0, 0, 31, 0, 0, 11, 1 ]
[ 6, 1, 0, -1, 5, 0, 2, 1, 1 ]
[ 1, 0, -8, 6, 1, 0, 0, 0, 31 ]
[ 4, 0, -1, 6, 1, 0, -1, 0, 8 ]
[ 1, -5, 0, 0, 11, 1, 0, 2, 3 ]
[ 2, 1, 1, -1, 5, 0, 0, 2, 3 ]
[ 1, 0, -8, 2, 1, 1, 0, 0, 31 ]
[ 6, 1, 0, -1, 0, 8, 0, 0, 31 ]
[ 6, 1, 0, 2, 1, 1, -1, 0, 8 ]
[ 1, -5, 0, 0, 1, 17, 0, 0, 31 ]
[ 1, -5, 0, 0, 2, 3, 0, 1, 17 ]
[ 0, 1, 17, -1, 5, 0, 0, 0, 31 ]
[ 0, 2, 3, -1, 5, 0, 0, 1, 17 ]
[ 2, 1, 1, 1, 1, 9, 0, 0, 31 ]
[ 2, 1, 1, 0, 2, 3, 1, 1, 9 ]
[ 1, 1, 9, 0, 1, 17, 0, 0, 31 ]
[ 1, 1, 9, 0, 2, 3, 0, 1, 17 ]
[ 31, 0, 0, 10, 1, 0, -4, 0, 1 ]
[ 1, -3, 0, 0, 31, 0, 0, -12, 1 ]
[ 10, 1, 0, -1, 3, 0, -4, 0, 1 ]
[ 1, 0, -8, 10, 1, 0, 0, 0, 31 ]
[ 4, 0, -1, 10, 1, 0, -1, 0, 8 ]
[ -1, 3, 0, 0, -12, 1, 0, -5, 3 ]
[ 4, 0, -1, -1, 3, 0, -2, 1, 3 ]
[ 10, 1, 0, -1, 0, 8, 0, 0, 31 ]
[ 10, 1, 0, -4, 0, 1, -1, 0, 8 ]
[ -1, 3, 0, 0, -5, 3, 0, 2, 5 ]
[ -2, 1, 3, 1, -1, 5, 0, 0, 31 ]
[ 2, -1, -3, -1, 3, 0, 1, -1, 5 ]
[ 1, 0, -8, -2, 1, 3, 0, 0, 31 ]
[ 4, 0, -1, -2, 1, 3, -1, 0, 8 ]
[ 1, -3, 0, 0, 1, 18, 0, 0, 31 ]
[ 1, -3, 0, 0, 2, 5, 0, 1, 18 ]
[ 0, 1, 18, -1, 3, 0, 0, 0, 31 ]
[ 1, -1, 5, 0, 1, 18, 0, 0, 31 ]
[ 1, -1, 5, -1, 3, 0, 0, 1, 18 ]
[ 31, 0, 0, 14, 1, 0, -4, 0, 1 ]
[ 14, 1, 0, -3, 2, 0, -4, 0, 1 ]
[ 1, 0, -8, 14, 1, 0, 0, 0, 31 ]
[ 4, 0, -1, 14, 1, 0, -1, 0, 8 ]
[ 1, -11, 0, 0, 31, 0, 0, -13, 1 ]
[ 3, -2, 0, -1, 11, 0, -1, -2, 1 ]
[ 2, -1, -4, -3, 2, 0, 0, 0, 31 ]
[ 4, 0, -1, -3, 2, 0, -2, 1, 4 ]
[ 14, 1, 0, -1, 0, 8, 0, 0, 31 ]
[ 14, 1, 0, -4, 0, 1, -1, 0, 8 ]
[ -1, 11, 0, 0, -13, 1, 0, 5, 2 ]
[ 1, 2, -1, -1, 11, 0, 0, 5, 2 ]
[ -3, 2, 0, 1, -1, 4, 0, 0, 31 ]
[ -3, 2, 0, -1, -2, 1, 1, -1, 4 ]
[ 1, 0, -8, -2, 1, 4, 0, 0, 31 ]
[ 4, 0, -1, -2, 1, 4, -1, 0, 8 ]
[ 1, -11, 0, 0, 5, 2, 0, 2, 7 ]
[ 0, 5, 2, -1, 11, 0, 0, 2, 7 ]
[ 1, 2, -1, 0, 5, 2, 0, 2, 7 ]
[ 0, 1, -12, -1, -2, 1, 0, 0, 31 ]
[ -1, 1, -4, 0, -1, 12, 0, 0, 31 ]
[ -1, 1, -4, -1, -2, 1, 0, -1, 12 ]
[ 1, -11, 0, 0, 1, 19, 0, 0, 31 ]
[ 1, -11, 0, 0, 2, 7, 0, 1, 19 ]
[ 0, 1, 19, -1, 11, 0, 0, 0, 31 ]
[ 0, 2, 7, -1, 11, 0, 0, 1, 19 ]
[ 1, 2, -1, 0, 1, 19, 0, 0, 31 ]
[ 1, 2, -1, 0, 2, 7, 0, 1, 19 ]
[ 31, 0, 0, -13, 1, 0, -4, 0, 1 ]
[ 13, -1, 0, 5, 2, 0, -4, 0, 1 ]
[ 1, 0, -8, -13, 1, 0, 0, 0, 31 ]
[ 4, 0, -1, -13, 1, 0, -1, 0, 8 ]
[ 5, 2, 0, 2, 7, 0, 1, 2, 1 ]
[ -2, -1, -4, 5, 2, 0, 0, 0, 31 ]
[ 4, 0, -1, 5, 2, 0, 2, 1, 4 ]
[ -13, 1, 0, -1, 0, 8, 0, 0, 31 ]
[ -13, 1, 0, -4, 0, 1, -1, 0, 8 ]
[ 1, 19, 0, 0, 31, 0, 0, 14, 1 ]
[ 2, 7, 0, 1, 19, 0, -1, -5, 1 ]
[ 1, 3, -10, 2, 7, 0, 0, 0, 31 ]
[ -1, -2, -1, -1, -3, 10, 0, 0, 31 ]
[ 1, 2, 1, 2, 7, 0, -1, -3, 10 ]
[ 5, 2, 0, 2, 1, 4, 0, 0, 31 ]
[ 5, 2, 0, 1, 2, 1, 2, 1, 4 ]
[ 1, 0, -8, 2, 1, 4, 0, 0, 31 ]
[ 4, 0, -1, 2, 1, 4, -1, 0, 8 ]
[ 1, 19, 0, 0, 14, 1, 0, -3, 2 ]
[ 1, 5, -1, 1, 19, 0, 0, -3, 2 ]
[ -1, -4, -10, -1, -5, 1, 0, 0, 31 ]
[ 2, 7, 0, 1, 4, 10, 0, 0, 31 ]
[ -2, -7, 0, -1, -5, 1, 1, 4, 10 ]
[ 1, 1, 12, 1, 2, 1, 0, 0, 31 ]
[ 2, 1, 4, 1, 1, 12, 0, 0, 31 ]
[ 2, 1, 4, 1, 2, 1, 1, 1, 12 ]
[ -1, -19, 0, 0, -1, 11, 0, 0, 31 ]
[ -1, -19, 0, 0, -3, 2, 0, -1, 11 ]
[ 0, -1, 11, 1, 19, 0, 0, 0, 31 ]
[ 0, -3, 2, 1, 19, 0, 0, -1, 11 ]
[ -1, -5, 1, 0, -1, 11, 0, 0, 31 ]
[ -1, -5, 1, 0, -3, 2, 0, -1, 11 ]
[ 31, 0, 0, -9, 1, 0, -4, 0, 1 ]
[ 9, -1, 0, 4, 3, 0, -4, 0, 1 ]
[ 1, 0, -8, -9, 1, 0, 0, 0, 31 ]
[ 4, 0, -1, -9, 1, 0, -1, 0, 8 ]
[ 1, -7, 0, 0, 31, 0, 0, 3, 1 ]
[ 4, 3, 0, -1, 7, 0, 0, 3, 1 ]
[ 4, 0, -1, 4, 3, 0, -3, -1, 3 ]
[ -9, 1, 0, -1, 0, 8, 0, 0, 31 ]
[ -9, 1, 0, -4, 0, 1, -1, 0, 8 ]
[ -1, 7, 0, 0, -1, 10, 0, 0, 31 ]
[ 1, -7, 0, 0, 3, 1, 0, -1, 10 ]
[ 0, 1, -10, -1, 7, 0, 0, 0, 31 ]
[ 0, 3, 1, -1, 7, 0, 0, -1, 10 ]
[ 4, 3, 0, 0, 3, 1, 1, 2, 3 ]
[ 3, 1, -3, 2, 1, 5, 0, 0, 31 ]
[ 3, 1, -3, 4, 3, 0, 2, 1, 5 ]
[ -1, 0, 8, -3, -1, 3, 0, 0, 31 ]
[ -4, 0, 1, -3, -1, 3, -1, 0, 8 ]
[ -1, -2, -3, 0, -1, 10, 0, 0, 31 ]
[ 1, 2, 3, 0, 3, 1, 0, -1, 10 ]
[ 4, 3, 0, 1, 2, 3, -2, -2, 5 ]
[ 3, 2, 18, 4, 3, 0, 0, 0, 31 ]
[ 2, 1, 5, 3, 2, 18, 0, 0, 31 ]
[ 2, 1, 5, 4, 3, 0, 3, 2, 18 ]
[ 1, 1, -18, 1, 2, 3, 0, 0, 31 ]
[ 2, 2, -5, 1, 2, 3, -1, -1, 18 ]
[ -4, -3, 0, -1, -1, 18, 0, 0, 31 ]
[ -4, -3, 0, -2, -2, 5, -1, -1, 18 ]
[ 31, 0, 0, -5, 1, 0, -4, 0, 1 ]
[ 1, 6, 0, 0, 31, 0, 0, -7, 1 ]
[ 5, -1, 0, 1, 6, 0, 1, -1, 1 ]
[ 1, 0, -8, -5, 1, 0, 0, 0, 31 ]
[ 4, 0, -1, -5, 1, 0, -1, 0, 8 ]
[ -1, -6, 0, 0, -7, 1, 0, 3, 4 ]
[ 1, -1, 1, 1, 6, 0, 0, 3, 4 ]
[ -1, 0, 8, 1, -1, 1, 0, 0, 31 ]
[ -5, 1, 0, -1, 0, 8, 0, 0, 31 ]
[ -5, 1, 0, 1, -1, 1, -1, 0, 8 ]
[ -1, -6, 0, 0, -1, 9, 0, 0, 31 ]
[ 1, 6, 0, 0, 3, 4, 0, -1, 9 ]
[ 0, -1, 9, 1, 6, 0, 0, 0, 31 ]
[ 0, -3, -4, 1, 6, 0, 0, -1, 9 ]
[ -1, 1, -1, 0, -1, 9, 0, 0, 31 ]
[ 1, -1, 1, 0, 3, 4, 0, -1, 9 ]
[ 1, -1, 0, 0, 31, 0, 0, -4, 1 ]
[ 31, 0, 0, -1, 1, 0, -4, 0, 1 ]
[ -1, 1, 0, 0, -1, 8, 0, 0, 31 ]
[ -1, 1, 0, 0, -4, 1, 0, -1, 8 ]
[ 1, 0, -8, -1, 1, 0, 0, 0, 31 ]
[ 4, 0, -1, -1, 1, 0, -1, 0, 8 ]
[ 31, 0, 0, 3, 1, 0, -4, 0, 1 ]
[ 1, -10, 0, 0, 31, 0, 0, -9, 1 ]
[ 3, 1, 0, -1, 10, 0, -1, 1, 1 ]
[ 1, 0, -8, 3, 1, 0, 0, 0, 31 ]
[ 4, 0, -1, 3, 1, 0, -1, 0, 8 ]
[ -1, 10, 0, 0, -9, 1, 0, 4, 3 ]
[ 1, -1, -1, -1, 10, 0, 0, 4, 3 ]
[ 1, 0, -8, -1, 1, 1, 0, 0, 31 ]
[ 3, 1, 0, -1, 0, 8, 0, 0, 31 ]
[ 3, 1, 0, -1, 1, 1, -1, 0, 8 ]
[ -1, 10, 0, 0, -1, 7, 0, 0, 31 ]
[ 1, -10, 0, 0, 4, 3, 0, -1, 7 ]
[ 0, 1, -7, -1, 10, 0, 0, 0, 31 ]
[ 0, 4, 3, -1, 10, 0, 0, -1, 7 ]
[ -1, 1, 1, 0, -1, 7, 0, 0, 31 ]
[ 1, -1, -1, 0, 4, 3, 0, -1, 7 ]
[ 31, 0, 0, 7, 1, 0, -4, 0, 1 ]
[ 7, 1, 0, -3, 4, 0, 3, 1, 1 ]
[ 1, 0, -8, 7, 1, 0, 0, 0, 31 ]
[ 4, 0, -1, 7, 1, 0, -1, 0, 8 ]
[ 1, 9, 0, 0, 31, 0, 0, 5, 1 ]
[ 3, -4, 0, 1, 9, 0, 0, 5, 1 ]
[ 1, -1, -2, -3, 4, 0, 0, 0, 31 ]
[ 3, 1, 1, -3, 4, 0, -1, 1, 2 ]
[ 1, 0, -8, 3, 1, 1, 0, 0, 31 ]
[ 7, 1, 0, -1, 0, 8, 0, 0, 31 ]
[ 7, 1, 0, 3, 1, 1, -1, 0, 8 ]
[ -1, -9, 0, 0, -1, 6, 0, 0, 31 ]
[ 1, 9, 0, 0, 5, 1, 0, -1, 6 ]
[ 0, -1, 6, 1, 9, 0, 0, 0, 31 ]
[ 0, -5, -1, 1, 9, 0, 0, -1, 6 ]
[ -3, 4, 0, -1, 1, 2, 0, 0, 31 ]
[ 3, -4, 0, 0, 5, 1, -1, 1, 2 ]
[ 1, 0, -8, -1, 1, 2, 0, 0, 31 ]
[ 3, 1, 1, -1, 0, 8, 0, 0, 31 ]
[ 3, 1, 1, -1, 1, 2, -1, 0, 8 ]
[ -1, 1, 2, 0, -1, 6, 0, 0, 31 ]
[ 1, -1, -2, 0, 5, 1, 0, -1, 6 ]
[ 31, 0, 0, 11, 1, 0, -4, 0, 1 ]
[ 11, 1, 0, 2, 3, 0, -4, 0, 1 ]
[ 1, 0, -8, 11, 1, 0, 0, 0, 31 ]
[ 4, 0, -1, 11, 1, 0, -1, 0, 8 ]
[ 1, 17, 0, 0, 31, 0, 0, 6, 1 ]
[ 2, 3, 0, 1, 17, 0, 0, 6, 1 ]
[ 4, 0, -1, 2, 3, 0, -1, 1, 3 ]
[ 11, 1, 0, -1, 0, 8, 0, 0, 31 ]
[ 11, 1, 0, -4, 0, 1, -1, 0, 8 ]
[ -1, -17, 0, 0, -1, 5, 0, 0, 31 ]
[ 1, 17, 0, 0, 6, 1, 0, -1, 5 ]
[ 0, -1, 5, 1, 17, 0, 0, 0, 31 ]
[ 0, -6, -1, 1, 17, 0, 0, -1, 5 ]
[ 2, 3, 0, 0, 6, 1, 1, 4, 3 ]
[ -1, 1, 3, 0, -1, 5, 0, 0, 31 ]
[ 1, -1, -3, 2, 3, 0, 0, -1, 5 ]
[ 1, 0, -8, -1, 1, 3, 0, 0, 31 ]
[ 4, 0, -1, -1, 1, 3, -1, 0, 8 ]
[ -1, -4, -3, 0, -1, 5, 0, 0, 31 ]
[ 1, 4, 3, 0, 6, 1, 0, -1, 5 ]
[ 0, -1, 5, 1, 4, 3, 0, 0, 31 ]
[ 2, 3, 0, 1, 4, 3, 0, -1, 5 ]
[ 1, 1, 18, 2, 3, 0, 0, 0, 31 ]
[ 0, -1, 5, 1, 1, 18, 0, 0, 31 ]
[ 0, -1, 5, 2, 3, 0, 1, 1, 18 ]
[ -1, -1, -18, 0, -1, 5, 0, 0, 31 ]
[ -2, -3, 0, 1, 1, 18, 0, 0, 31 ]
[ -2, -3, 0, 0, -1, 5, 1, 1, 18 ]
[ 31, 0, 0, 15, 1, 0, -4, 0, 1 ]
[ 1, -2, 0, 0, 31, 0, 0, -8, 1 ]
[ 15, 1, 0, -1, 2, 0, -4, 0, 1 ]
[ 1, 0, -8, 15, 1, 0, 0, 0, 31 ]
[ 4, 0, -1, 15, 1, 0, -1, 0, 8 ]
[ -1, 2, 0, 0, -1, 4, 0, 0, 31 ]
[ -1, 2, 0, 0, -8, 1, 0, -1, 4 ]
[ 1, -1, -4, -1, 2, 0, 0, 0, 31 ]
[ 4, 0, -1, -1, 2, 0, -1, 1, 4 ]
[ 15, 1, 0, -1, 0, 8, 0, 0, 31 ]
[ 15, 1, 0, -4, 0, 1, -1, 0, 8 ]
[ 1, 0, -8, -1, 1, 4, 0, 0, 31 ]
[ 4, 0, -1, -1, 1, 4, -1, 0, 8 ]
[ 31, 0, 0, -12, 1, 0, -4, 0, 1 ]
[ 12, -1, 0, -5, 3, 0, -4, 0, 1 ]
[ 1, 0, -8, -12, 1, 0, 0, 0, 31 ]
[ 4, 0, -1, -12, 1, 0, -1, 0, 8 ]
[ 5, -3, 0, 2, 5, 0, 1, -3, 1 ]
[ 4, 0, -1, -5, 3, 0, 0, -1, 3 ]
[ -12, 1, 0, -1, 0, 8, 0, 0, 31 ]
[ -12, 1, 0, -4, 0, 1, -1, 0, 8 ]
[ 1, 18, 0, 0, 31, 0, 0, 10, 1 ]
[ 2, 5, 0, 1, 18, 0, -1, -8, 1 ]
[ -1, 3, -1, 0, -1, 3, 0, 0, 31 ]
[ 1, -3, 1, 2, 5, 0, 0, -1, 3 ]
[ 0, -1, 3, 1, -3, 1, 0, 0, 31 ]
[ -5, 3, 0, 1, -3, 1, 0, -1, 3 ]
[ 0, 1, -3, -1, 1, 5, 0, 0, 31 ]
[ 0, 1, -3, -5, 3, 0, -1, 1, 5 ]
[ -1, 0, 8, 0, -1, 3, 0, 0, 31 ]
[ -4, 0, 1, 0, -1, 3, -1, 0, 8 ]
[ -1, -18, 0, 0, -1, 3, 0, 0, 31 ]
[ 1, 18, 0, 0, 10, 1, 0, -1, 3 ]
[ 0, -1, 3, 1, 18, 0, 0, 0, 31 ]
[ -1, -8, 1, 0, -1, 3, 0, 0, 31 ]
[ 1, 8, -1, 1, 18, 0, 0, -1, 3 ]
[ 0, 1, -3, -1, -8, 1, 0, 0, 31 ]
[ -2, -5, 0, -1, -8, 1, 0, -1, 3 ]
[ 1, 2, 17, 2, 5, 0, 0, 0, 31 ]
[ 0, -1, 3, 1, 2, 17, 0, 0, 31 ]
[ 0, -1, 3, 2, 5, 0, 1, 2, 17 ]
[ -1, 1, 5, 0, -1, 3, 0, 0, 31 ]
[ -5, 3, 0, 0, -1, 3, -1, 1, 5 ]
[ -3, 2, 18, -5, 3, 0, 0, 0, 31 ]
[ -1, 1, 5, -3, 2, 18, 0, 0, 31 ]
[ -1, 1, 5, -5, 3, 0, -3, 2, 18 ]
[ -1, -2, -17, 0, -1, 3, 0, 0, 31 ]
[ -2, -5, 0, 1, 2, 17, 0, 0, 31 ]
[ -2, -5, 0, 0, -1, 3, 1, 2, 17 ]
[ 3, -2, -18, -1, 1, 5, 0, 0, 31 ]
[ 5, -3, 0, -3, 2, 18, 0, 0, 31 ]
[ 5, -3, 0, -1, 1, 5, -3, 2, 18 ]
[ 31, 0, 0, -8, 1, 0, -4, 0, 1 ]
[ 1, -4, 0, 0, 31, 0, 0, 15, 1 ]
[ 8, -1, 0, -1, 4, 0, 4, -1, 1 ]
[ 1, 0, -8, -8, 1, 0, 0, 0, 31 ]
[ 4, 0, -1, -8, 1, 0, -1, 0, 8 ]
[ -1, 4, 0, 0, -1, 2, 0, 0, 31 ]
[ 1, -4, 0, 0, 15, 1, 0, -1, 2 ]
[ 0, 1, -2, -1, 4, 0, 0, 0, 31 ]
[ 4, -1, 1, -1, 4, 0, 0, -1, 2 ]
[ -1, 0, 8, 4, -1, 1, 0, 0, 31 ]
[ -8, 1, 0, -1, 0, 8, 0, 0, 31 ]
[ -8, 1, 0, 4, -1, 1, -1, 0, 8 ]
[ -1, 0, 8, 0, -1, 2, 0, 0, 31 ]
[ -4, 1, -1, -1, 0, 8, 0, 0, 31 ]
[ -4, 1, -1, 0, -1, 2, -1, 0, 8 ]
[ 31, 0, 0, -4, 1, 0, -4, 0, 1 ]
[ -1, 8, 0, 0, -1, 1, 0, 0, 31 ]
[ 1, -8, 0, 0, 31, 0, 0, -1, 1 ]
[ 0, 1, -1, -1, 8, 0, 0, 0, 31 ]
[ 4, -1, 0, -1, 8, 0, 0, -1, 1 ]
[ 1, 0, -8, -4, 1, 0, 0, 0, 31 ]
[ 4, 0, -1, -4, 1, 0, -1, 0, 8 ]
[ -1, 0, 8, 0, -1, 1, 0, 0, 31 ]
[ -4, 1, 0, -1, 0, 8, 0, 0, 31 ]
[ -4, 1, 0, 0, -1, 1, -1, 0, 8 ]
[ 31, 0, 0, 0, 1, 0, -9, 0, 1 ]
[ 9, 0, -1, 0, 1, 0, 4, 0, 3 ]
[ 1, 0, -7, 0, 1, 0, 0, 0, 31 ]
[ 4, 0, 3, 0, 1, 0, -1, 0, 7 ]
[ 31, 0, 0, 9, 1, 0, -9, 0, 1 ]
[ 9, 1, 0, -4, 3, 0, 0, 1, 1 ]
[ 9, 0, -1, 9, 1, 0, 4, 0, 3 ]
[ 1, 7, 0, 0, 1, 1, 0, 0, 31 ]
[ 1, 7, 0, 0, 31, 0, 0, 1, 1 ]
[ 0, -1, -1, 1, 7, 0, 0, 0, 31 ]
[ 4, -3, 0, 1, 7, 0, 0, 1, 1 ]
[ -1, 1, 8, -4, 3, 0, 0, 0, 31 ]
[ 0, 1, 1, -1, 1, 8, 0, 0, 31 ]
[ 0, 1, 1, -4, 3, 0, -1, 1, 8 ]
[ 9, 1, 0, 0, 1, 1, 4, 0, 3 ]
[ 1, 0, -7, 9, 1, 0, 0, 0, 31 ]
[ 4, 0, 3, 9, 1, 0, -1, 0, 7 ]
[ 1, -1, -8, 0, 1, 1, 0, 0, 31 ]
[ 4, -3, 0, -1, 1, 8, 0, 0, 31 ]
[ 4, -3, 0, 0, 1, 1, -1, 1, 8 ]
[ 1, 0, -7, 0, 1, 1, 0, 0, 31 ]
[ 4, 0, 3, 0, 1, 1, -1, 0, 7 ]
[ 9, 1, 0, -1, 0, 7, 0, 0, 31 ]
[ -9, -1, 0, 4, 0, 3, -1, 0, 7 ]
[ 31, 0, 0, -13, 1, 0, -9, 0, 1 ]
[ 13, -1, 0, 5, 2, 0, 4, -1, 1 ]
[ 9, 0, -1, -13, 1, 0, 4, 0, 3 ]
[ 1, 3, -1, 2, 7, 0, 0, 0, 31 ]
[ 5, 2, 0, 2, 7, 0, -1, -3, 1 ]
[ 4, -1, 1, 5, 2, 0, 0, 1, 2 ]
[ -13, 1, 0, 4, -1, 1, 4, 0, 3 ]
[ 1, 0, -7, -13, 1, 0, 0, 0, 31 ]
[ 4, 0, 3, -13, 1, 0, -1, 0, 7 ]
[ 1, 19, 0, 0, 31, 0, 0, -15, 1 ]
[ 2, 7, 0, 1, 4, 1, 0, 0, 31 ]
[ 2, 7, 0, 1, 19, 0, 1, 4, 1 ]
[ 0, 1, 2, -1, -3, 1, 0, 0, 31 ]
[ -5, -2, 0, -1, -3, 1, 0, 1, 2 ]
[ 0, 1, 2, -1, 0, 7, 0, 0, 31 ]
[ 0, -1, -2, 5, 2, 0, -1, 0, 7 ]
[ 1, 0, -7, 0, 1, 2, 0, 0, 31 ]
[ -4, 1, -1, -1, 0, 7, 0, 0, 31 ]
[ 4, -1, 1, 0, 1, 2, -1, 0, 7 ]
[ -1, 0, 7, 4, -1, 1, 0, 0, 31 ]
[ -4, 0, -3, 4, -1, 1, -1, 0, 7 ]
[ -13, 1, 0, -1, 0, 7, 0, 0, 31 ]
[ 13, -1, 0, 4, 0, 3, -1, 0, 7 ]
[ 1, 19, 0, 0, 1, 2, 0, 0, 31 ]
[ -1, -19, 0, 0, -15, 1, 0, 1, 2 ]
[ 0, -1, -2, 1, 19, 0, 0, 0, 31 ]
[ 1, 4, 1, 0, 1, 2, 0, 0, 31 ]
[ 1, 4, 1, 1, 19, 0, 0, 1, 2 ]
[ 5, 2, 0, 0, 1, 2, -1, 0, 7 ]
[ -2, -1, -19, 5, 2, 0, 0, 0, 31 ]
[ 1, 0, -7, 2, 1, 19, 0, 0, 31 ]
[ 1, 0, -7, 5, 2, 0, 2, 1, 19 ]
[ 1, 0, -7, 0, 1, 2, 0, 0, 31 ]
[ 2, 1, 19, -1, 0, 7, 0, 0, 31 ]
[ 5, 2, 0, 2, 1, 19, 0, 0, 31 ]
[ 5, 2, 0, -1, 0, 7, 2, 1, 19 ]
[ 31, 0, 0, -4, 1, 0, -9, 0, 1 ]
[ 1, -8, 0, 0, 31, 0, 0, -10, 1 ]
[ 4, -1, 0, -1, 8, 0, -1, -2, 1 ]
[ 9, 0, -1, -4, 1, 0, 4, 0, 3 ]
[ 1, -8, 0, 0, 1, 3, 0, 0, 31 ]
[ -1, 8, 0, 0, -10, 1, 0, 1, 3 ]
[ 0, 1, 3, -1, 8, 0, 0, 0, 31 ]
[ 1, 2, -1, 0, 1, 3, 0, 0, 31 ]
[ 1, 2, -1, -1, 8, 0, 0, 1, 3 ]
[ 0, 1, 3, -1, -2, 1, 0, 0, 31 ]
[ -4, 1, 0, -1, -2, 1, 0, 1, 3 ]
[ 1, 0, -7, -4, 1, 0, 0, 0, 31 ]
[ 4, 0, 3, -4, 1, 0, -1, 0, 7 ]
[ 1, 0, -7, 0, 1, 3, 0, 0, 31 ]
[ -4, 1, 0, -1, 0, 7, 0, 0, 31 ]
[ 4, -1, 0, 0, 1, 3, -1, 0, 7 ]
[ 31, 0, 0, 5, 1, 0, -9, 0, 1 ]
[ 1, -6, 0, 0, 31, 0, 0, 8, 1 ]
[ 5, 1, 0, -1, 6, 0, 1, 2, 1 ]
[ 9, 0, -1, 5, 1, 0, 4, 0, 3 ]
[ 1, -6, 0, 0, 1, 4, 0, 0, 31 ]
[ 1, -6, 0, 0, 8, 1, 0, 1, 4 ]
[ 0, 1, 4, -1, 6, 0, 0, 0, 31 ]
[ 1, 2, 1, 0, 1, 4, 0, 0, 31 ]
[ 1, 2, 1, -1, 6, 0, 0, 1, 4 ]
[ 1, 1, -3, 1, 2, 1, 0, 0, 31 ]
[ 5, 1, 0, 1, 2, 1, -1, -1, 3 ]
[ 1, 0, -7, 5, 1, 0, 0, 0, 31 ]
[ 4, 0, 3, 5, 1, 0, -1, 0, 7 ]
[ -1, 0, 7, -1, -1, 3, 0, 0, 31 ]
[ 5, 1, 0, -1, 0, 7, 0, 0, 31 ]
[ -5, -1, 0, -1, -1, 3, -1, 0, 7 ]
[ 31, 0, 0, 14, 1, 0, -9, 0, 1 ]
[ 14, 1, 0, -3, 2, 0, 5, 1, 1 ]
[ 9, 0, -1, 14, 1, 0, 4, 0, 3 ]
[ 1, -11, 0, 0, 31, 0, 0, -6, 1 ]
[ 3, -2, 0, -1, 11, 0, -1, 5, 1 ]
[ 5, 1, 1, -3, 2, 0, -1, -1, 2 ]
[ 14, 1, 0, 5, 1, 1, 4, 0, 3 ]
[ 1, 0, -7, 14, 1, 0, 0, 0, 31 ]
[ 4, 0, 3, 14, 1, 0, -1, 0, 7 ]
[ 1, -11, 0, 0, 1, 5, 0, 0, 31 ]
[ -1, 11, 0, 0, -6, 1, 0, 1, 5 ]
[ 0, 1, 5, -1, 11, 0, 0, 0, 31 ]
[ 1, -5, -1, 0, 1, 5, 0, 0, 31 ]
[ 1, -5, -1, -1, 11, 0, 0, 1, 5 ]
[ 3, -2, 0, -1, 5, 1, -1, -1, 2 ]
[ 1, 1, -2, -1, 0, 7, 0, 0, 31 ]
[ 1, 1, -2, -3, 2, 0, -1, 0, 7 ]
[ -1, 0, 7, -1, -1, 2, 0, 0, 31 ]
[ 5, 1, 1, -1, 0, 7, 0, 0, 31 ]
[ -5, -1, -1, -1, -1, 2, -1, 0, 7 ]
[ 1, 0, -7, 5, 1, 1, 0, 0, 31 ]
[ 4, 0, 3, 5, 1, 1, -1, 0, 7 ]
[ 14, 1, 0, -1, 0, 7, 0, 0, 31 ]
[ -14, -1, 0, 4, 0, 3, -1, 0, 7 ]
[ 0, 1, 5, -1, 5, 1, 0, 0, 31 ]
[ 1, 1, -2, 0, 1, 5, 0, 0, 31 ]
[ 1, 1, -2, -1, 5, 1, 0, 1, 5 ]
[ -3, 2, 0, -1, -1, 2, -1, 0, 7 ]
[ 2, -1, -19, -3, 2, 0, 0, 0, 31 ]
[ 1, 0, -7, -2, 1, 19, 0, 0, 31 ]
[ 1, 0, -7, -3, 2, 0, -2, 1, 19 ]
[ -1, 0, 7, -1, -1, 2, 0, 0, 31 ]
[ -2, 1, 19, -1, 0, 7, 0, 0, 31 ]
[ -3, 2, 0, -2, 1, 19, 0, 0, 31 ]
[ -3, 2, 0, -1, 0, 7, -2, 1, 19 ]
[ 31, 0, 0, -8, 1, 0, -9, 0, 1 ]
[ 1, -4, 0, 0, 31, 0, 0, -5, 1 ]
[ 8, -1, 0, -1, 4, 0, -1, -1, 1 ]
[ 9, 0, -1, -8, 1, 0, 4, 0, 3 ]
[ 1, -4, 0, 0, 1, 6, 0, 0, 31 ]
[ -1, 4, 0, 0, -5, 1, 0, 1, 6 ]
[ 0, 1, 6, -1, 4, 0, 0, 0, 31 ]
[ 1, 1, -1, 0, 1, 6, 0, 0, 31 ]
[ 1, 1, -1, -1, 4, 0, 0, 1, 6 ]
[ -8, 1, 0, -1, -1, 1, 4, 0, 3 ]
[ 1, 0, -7, -8, 1, 0, 0, 0, 31 ]
[ 4, 0, 3, -8, 1, 0, -1, 0, 7 ]
[ -1, 0, 7, -1, -1, 1, 0, 0, 31 ]
[ -4, 0, -3, -1, -1, 1, -1, 0, 7 ]
[ -8, 1, 0, -1, 0, 7, 0, 0, 31 ]
[ 8, -1, 0, 4, 0, 3, -1, 0, 7 ]
[ 1, 1, 0, 0, 31, 0, 0, 9, 1 ]
[ 31, 0, 0, 1, 1, 0, -9, 0, 1 ]
[ 1, 1, 0, 0, 9, 1, 0, -4, 3 ]
[ 9, 0, -1, 1, 1, 0, 4, 0, 3 ]
[ 1, 1, 0, 0, 1, 7, 0, 0, 31 ]
[ -1, -1, 0, 0, -4, 3, 0, 1, 7 ]
[ 1, 0, -7, 1, 1, 0, 0, 0, 31 ]
[ 4, 0, 3, 1, 1, 0, -1, 0, 7 ]
[ 31, 0, 0, 10, 1, 0, -9, 0, 1 ]
[ 1, -3, 0, 0, 31, 0, 0, 4, 1 ]
[ 10, 1, 0, -1, 3, 0, 1, 1, 1 ]
[ 9, 0, -1, 10, 1, 0, 4, 0, 3 ]
[ 1, -3, 0, 0, 1, 8, 0, 0, 31 ]
[ 1, -3, 0, 0, 4, 1, 0, 1, 8 ]
[ 0, 1, 8, -1, 3, 0, 0, 0, 31 ]
[ 1, 1, 1, 0, 1, 8, 0, 0, 31 ]
[ 1, 1, 1, -1, 3, 0, 0, 1, 8 ]
[ 10, 1, 0, 1, 1, 1, 4, 0, 3 ]
[ 1, 0, -7, 10, 1, 0, 0, 0, 31 ]
[ 4, 0, 3, 10, 1, 0, -1, 0, 7 ]
[ 1, 0, -7, 1, 1, 1, 0, 0, 31 ]
[ 4, 0, 3, 1, 1, 1, -1, 0, 7 ]
[ 10, 1, 0, -1, 0, 7, 0, 0, 31 ]
[ -10, -1, 0, 4, 0, 3, -1, 0, 7 ]
[ 31, 0, 0, -12, 1, 0, -9, 0, 1 ]
[ 12, -1, 0, -5, 3, 0, 3, -1, 1 ]
[ 9, 0, -1, -12, 1, 0, 4, 0, 3 ]
[ 5, -3, 0, 2, 5, 0, -2, 2, 1 ]
[ 2, -1, 8, -5, 3, 0, 0, 0, 31 ]
[ -3, 1, -1, 2, -1, 8, 0, 0, 31 ]
[ 3, -1, 1, -5, 3, 0, 2, -1, 8 ]
[ -12, 1, 0, 3, -1, 1, 4, 0, 3 ]
[ 1, 0, -7, -12, 1, 0, 0, 0, 31 ]
[ 4, 0, 3, -12, 1, 0, -1, 0, 7 ]
[ 1, 18, 0, 0, 31, 0, 0, 7, 1 ]
[ 2, 5, 0, 1, 18, 0, 0, 7, 1 ]
[ 2, -2, -1, 2, 5, 0, 1, 1, 2 ]
[ 5, -3, 0, -3, 2, 8, 0, 0, 31 ]
[ 5, -3, 0, -2, 2, 1, -3, 2, 8 ]
[ -1, 0, 7, 3, -1, 1, 0, 0, 31 ]
[ -4, 0, -3, 3, -1, 1, -1, 0, 7 ]
[ -12, 1, 0, -1, 0, 7, 0, 0, 31 ]
[ 12, -1, 0, 4, 0, 3, -1, 0, 7 ]
[ 1, 18, 0, 0, 7, 1, 0, -3, 4 ]
[ 0, -7, -1, 1, 18, 0, 0, -3, 4 ]
[ 2, 5, 0, 0, 7, 1, 1, 1, 2 ]
[ 1, 2, 11, 2, 5, 0, 0, 0, 31 ]
[ 1, 1, 2, 1, 2, 11, 0, 0, 31 ]
[ 1, 1, 2, 2, 5, 0, 1, 2, 11 ]
[ 0, -1, -9, 1, 1, 2, 0, 0, 31 ]
[ 2, -2, -1, 1, 1, 2, 0, 1, 9 ]
[ 3, -2, -8, -1, 1, 16, 0, 0, 31 ]
[ 3, -2, -8, -2, 2, 1, -1, 1, 16 ]
[ 1, 18, 0, 0, 1, 9, 0, 0, 31 ]
[ -1, -18, 0, 0, -3, 4, 0, 1, 9 ]
[ 0, -1, -9, 1, 18, 0, 0, 0, 31 ]
[ 0, -3, 4, 1, 18, 0, 0, 1, 9 ]
[ 1, 1, 2, 0, 7, 1, 0, -3, 4 ]
[ -1, -2, -11, 1, 1, 2, 0, 0, 31 ]
[ -2, -5, 0, 1, 2, 11, 0, 0, 31 ]
[ -2, -5, 0, 1, 1, 2, 1, 2, 11 ]
[ 1, -1, -16, 0, 1, 9, 0, 0, 31 ]
[ 2, -2, -1, 0, 1, 9, -1, 1, 16 ]
[ 1, 1, 2, 0, 1, 9, 0, 0, 31 ]
[ -1, -1, -2, 0, -3, 4, 0, 1, 9 ]
[ 31, 0, 0, -3, 1, 0, -9, 0, 1 ]
[ 1, 10, 0, 0, 31, 0, 0, -3, 1 ]
[ 3, -1, 0, 1, 10, 0, 0, -3, 1 ]
[ 9, 0, -1, -3, 1, 0, 4, 0, 3 ]
[ 1, 10, 0, 0, 1, 10, 0, 0, 31 ]
[ -1, -10, 0, 0, -3, 1, 0, 1, 10 ]
[ 0, -1, -10, 1, 10, 0, 0, 0, 31 ]
[ 0, -3, 1, 1, 10, 0, 0, 1, 10 ]
[ -3, 1, 0, 0, -3, 1, 1, 1, 3 ]
[ 1, 0, -7, -3, 1, 0, 0, 0, 31 ]
[ 4, 0, 3, -3, 1, 0, -1, 0, 7 ]
[ 1, 1, 3, 0, 1, 10, 0, 0, 31 ]
[ -1, -1, -3, 0, -3, 1, 0, 1, 10 ]
[ 1, 0, -7, 1, 1, 3, 0, 0, 31 ]
[ -3, 1, 0, -1, 0, 7, 0, 0, 31 ]
[ 3, -1, 0, 1, 1, 3, -1, 0, 7 ]
[ 31, 0, 0, 6, 1, 0, -9, 0, 1 ]
[ 1, -5, 0, 0, 31, 0, 0, -14, 1 ]
[ 6, 1, 0, -1, 5, 0, -3, 1, 1 ]
[ 9, 0, -1, 6, 1, 0, 4, 0, 3 ]
[ -1, 5, 0, 0, -14, 1, 0, 3, 2 ]
[ 3, -1, -1, -1, 5, 0, 1, -2, 2 ]
[ 6, 1, 0, -3, 1, 1, 4, 0, 3 ]
[ 1, 0, -7, 6, 1, 0, 0, 0, 31 ]
[ 4, 0, 3, 6, 1, 0, -1, 0, 7 ]
[ 1, -5, 0, 0, 1, 11, 0, 0, 31 ]
[ 1, -5, 0, 0, 3, 2, 0, 1, 11 ]
[ 0, 1, 11, -1, 5, 0, 0, 0, 31 ]
[ 1, -2, 2, 0, 1, 11, 0, 0, 31 ]
[ 1, -2, 2, -1, 5, 0, 0, 1, 11 ]
[ -3, 1, 1, -1, 0, 7, 0, 0, 31 ]
[ -3, 1, 1, 1, -2, 2, -1, 0, 7 ]
[ 1, 0, -7, -3, 1, 1, 0, 0, 31 ]
[ 4, 0, 3, -3, 1, 1, -1, 0, 7 ]
[ 6, 1, 0, -1, 0, 7, 0, 0, 31 ]
[ -6, -1, 0, 4, 0, 3, -1, 0, 7 ]
[ 0, -1, 20, 1, -2, 2, 0, 0, 31 ]
[ -1, 0, 7, 0, -1, 20, 0, 0, 31 ]
[ -1, 0, 7, 1, -2, 2, 0, -1, 20 ]
[ 31, 0, 0, 15, 1, 0, -9, 0, 1 ]
[ 1, -2, 0, 0, 31, 0, 0, 13, 1 ]
[ 15, 1, 0, -1, 2, 0, 6, 1, 1 ]
[ 9, 0, -1, 15, 1, 0, 4, 0, 3 ]
[ 1, -2, 0, 0, 13, 1, 0, -5, 2 ]
[ 6, 1, 1, -1, 2, 0, -2, -1, 2 ]
[ 15, 1, 0, 6, 1, 1, 4, 0, 3 ]
[ 1, 0, -7, 15, 1, 0, 0, 0, 31 ]
[ 4, 0, 3, 15, 1, 0, -1, 0, 7 ]
[ -1, 2, 0, 0, -5, 2, 0, -2, 7 ]
[ 2, 1, -2, -1, 0, 7, 0, 0, 31 ]
[ 2, 1, -2, -1, 2, 0, -1, 0, 7 ]
[ -1, 0, 7, -2, -1, 2, 0, 0, 31 ]
[ 6, 1, 1, -1, 0, 7, 0, 0, 31 ]
[ -6, -1, -1, -2, -1, 2, -1, 0, 7 ]
[ 1, 0, -7, 6, 1, 1, 0, 0, 31 ]
[ 4, 0, 3, 6, 1, 1, -1, 0, 7 ]
[ 15, 1, 0, -1, 0, 7, 0, 0, 31 ]
[ -15, -1, 0, 4, 0, 3, -1, 0, 7 ]
[ -1, 2, 0, 0, -1, 19, 0, 0, 31 ]
[ -1, 2, 0, 0, -2, 7, 0, -1, 19 ]
[ 1, -1, -19, -1, 2, 0, 0, 0, 31 ]
[ 1, 0, -7, -1, 1, 19, 0, 0, 31 ]
[ 1, 0, -7, -1, 2, 0, -1, 1, 19 ]
[ 31, 0, 0, -7, 1, 0, -9, 0, 1 ]
[ 7, -1, 0, 3, 4, 0, -2, -1, 1 ]
[ 9, 0, -1, -7, 1, 0, 4, 0, 3 ]
[ 1, -9, 0, 0, 31, 0, 0, 12, 1 ]
[ 3, 4, 0, -1, 9, 0, 1, 3, 1 ]
[ 1, 1, 6, 3, 4, 0, 0, 0, 31 ]
[ 2, 1, -1, 1, 1, 6, 0, 0, 31 ]
[ 2, 1, -1, 3, 4, 0, 1, 1, 6 ]
[ -7, 1, 0, -2, -1, 1, 4, 0, 3 ]
[ 1, 0, -7, -7, 1, 0, 0, 0, 31 ]
[ 4, 0, 3, -7, 1, 0, -1, 0, 7 ]
[ 1, -9, 0, 0, 12, 1, 0, 5, 3 ]
[ 1, 3, 1, -1, 9, 0, 0, 5, 3 ]
[ -3, -4, 0, 1, 1, 6, 0, 0, 31 ]
[ 3, 4, 0, 1, 3, 1, 1, 1, 6 ]
[ -1, 0, 7, -2, -1, 1, 0, 0, 31 ]
[ -4, 0, -3, -2, -1, 1, -1, 0, 7 ]
[ -7, 1, 0, -1, 0, 7, 0, 0, 31 ]
[ 7, -1, 0, 4, 0, 3, -1, 0, 7 ]
[ 1, -9, 0, 0, 5, 3, 0, -2, 5 ]
[ 0, 5, 3, -1, 9, 0, 0, -2, 5 ]
[ 1, 3, 1, 0, 5, 3, 0, -2, 5 ]
[ 1, 2, 19, 1, 3, 1, 0, 0, 31 ]
[ 1, 1, 6, 1, 2, 19, 0, 0, 31 ]
[ 1, 1, 6, 1, 3, 1, 1, 2, 19 ]
[ -1, 9, 0, 0, -1, 18, 0, 0, 31 ]
[ -1, 9, 0, 0, -2, 5, 0, -1, 18 ]
[ 0, 1, -18, -1, 9, 0, 0, 0, 31 ]
[ 0, 2, -5, -1, 9, 0, 0, -1, 18 ]
[ -1, -3, -1, 0, -1, 18, 0, 0, 31 ]
[ -1, -3, -1, 0, -2, 5, 0, -1, 18 ]
[ 31, 0, 0, 2, 1, 0, -9, 0, 1 ]
[ 1, 16, 0, 0, 31, 0, 0, -11, 1 ]
[ 2, 1, 0, 1, 16, 0, 1, 5, 1 ]
[ 9, 0, -1, 2, 1, 0, 4, 0, 3 ]
[ -1, -16, 0, 0, -11, 1, 0, -2, 3 ]
[ 1, 5, 1, 1, 16, 0, 0, -2, 3 ]
[ 2, 1, 0, 1, 5, 1, 0, -2, 3 ]
[ 1, 0, -7, 2, 1, 0, 0, 0, 31 ]
[ 4, 0, 3, 2, 1, 0, -1, 0, 7 ]
[ -1, -16, 0, 0, -1, 17, 0, 0, 31 ]
[ -1, -16, 0, 0, -2, 3, 0, -1, 17 ]
[ 0, -1, 17, 1, 16, 0, 0, 0, 31 ]
[ 0, -2, 3, 1, 16, 0, 0, -1, 17 ]
[ -1, -5, -1, 0, -1, 17, 0, 0, 31 ]
[ -1, -5, -1, 0, -2, 3, 0, -1, 17 ]
[ 0, -1, 17, 1, 5, 1, 0, 0, 31 ]
[ 0, -2, 3, 1, 5, 1, 0, -1, 17 ]
[ 2, 1, 0, 1, 1, 7, 0, 0, 31 ]
[ -2, -1, 0, 0, -2, 3, 1, 1, 7 ]
[ -1, -1, -7, 0, -1, 17, 0, 0, 31 ]
[ -1, -1, -7, 0, -2, 3, 0, -1, 17 ]
[ 31, 0, 0, 11, 1, 0, -9, 0, 1 ]
[ 11, 1, 0, 2, 3, 0, 2, 1, 1 ]
[ 9, 0, -1, 11, 1, 0, 4, 0, 3 ]
[ 1, 17, 0, 0, 31, 0, 0, -2, 1 ]
[ 2, 3, 0, 1, 17, 0, 0, -2, 1 ]
[ 1, 1, 8, 2, 3, 0, 0, 0, 31 ]
[ 2, 1, 1, 1, 1, 8, 0, 0, 31 ]
[ 2, 1, 1, 2, 3, 0, 1, 1, 8 ]
[ 11, 1, 0, 2, 1, 1, 4, 0, 3 ]
[ 1, 0, -7, 11, 1, 0, 0, 0, 31 ]
[ 4, 0, 3, 11, 1, 0, -1, 0, 7 ]
[ -1, -17, 0, 0, -1, 16, 0, 0, 31 ]
[ -1, -17, 0, 0, -2, 1, 0, -1, 16 ]
[ 0, -1, 16, 1, 17, 0, 0, 0, 31 ]
[ 0, -2, 1, 1, 17, 0, 0, -1, 16 ]
[ -2, -3, 0, 1, 1, 8, 0, 0, 31 ]
[ -2, -3, 0, 0, -2, 1, 1, 1, 8 ]
[ 1, 0, -7, 2, 1, 1, 0, 0, 31 ]
[ 4, 0, 3, 2, 1, 1, -1, 0, 7 ]
[ 11, 1, 0, -1, 0, 7, 0, 0, 31 ]
[ -11, -1, 0, 4, 0, 3, -1, 0, 7 ]
[ -1, -1, -8, 0, -1, 16, 0, 0, 31 ]
[ -1, -1, -8, 0, -2, 1, 0, -1, 16 ]
[ 31, 0, 0, -11, 1, 0, -9, 0, 1 ]
[ 11, -1, 0, -2, 3, 0, 2, -1, 1 ]
[ 9, 0, -1, -11, 1, 0, 4, 0, 3 ]
[ 1, -17, 0, 0, 31, 0, 0, 2, 1 ]
[ 2, -3, 0, -1, 17, 0, 0, 2, 1 ]
[ 1, -1, 8, -2, 3, 0, 0, 0, 31 ]
[ -2, 1, -1, 1, -1, 8, 0, 0, 31 ]
[ 2, -1, 1, -2, 3, 0, 1, -1, 8 ]
[ -11, 1, 0, 2, -1, 1, 4, 0, 3 ]
[ 1, 0, -7, -11, 1, 0, 0, 0, 31 ]
[ 4, 0, 3, -11, 1, 0, -1, 0, 7 ]
[ 1, -17, 0, 0, 1, 16, 0, 0, 31 ]
[ 1, -17, 0, 0, 2, 1, 0, 1, 16 ]
[ 0, 1, 16, -1, 17, 0, 0, 0, 31 ]
[ 0, 2, 1, -1, 17, 0, 0, 1, 16 ]
[ 2, -3, 0, -1, 2, 8, 0, 0, 31 ]
[ 2, -3, 0, 0, 2, 1, -1, 2, 8 ]
[ -1, 0, 7, 2, -1, 1, 0, 0, 31 ]
[ -4, 0, -3, 2, -1, 1, -1, 0, 7 ]
[ -11, 1, 0, -1, 0, 7, 0, 0, 31 ]
[ 11, -1, 0, 4, 0, 3, -1, 0, 7 ]
[ 1, -2, -8, 0, 1, 16, 0, 0, 31 ]
[ 1, -2, -8, 0, 2, 1, 0, 1, 16 ]
[ 31, 0, 0, -2, 1, 0, -9, 0, 1 ]
[ 1, -16, 0, 0, 31, 0, 0, 11, 1 ]
[ 2, -1, 0, -1, 16, 0, 1, -5, 1 ]
[ 9, 0, -1, -2, 1, 0, 4, 0, 3 ]
[ 1, -16, 0, 0, 11, 1, 0, 2, 3 ]
[ 1, -5, 1, -1, 16, 0, 0, 2, 3 ]
[ -2, 1, 0, 1, -5, 1, 0, 2, 3 ]
[ 1, 0, -7, -2, 1, 0, 0, 0, 31 ]
[ 4, 0, 3, -2, 1, 0, -1, 0, 7 ]
[ 1, -16, 0, 0, 1, 17, 0, 0, 31 ]
[ 1, -16, 0, 0, 2, 3, 0, 1, 17 ]
[ 0, 1, 17, -1, 16, 0, 0, 0, 31 ]
[ 0, 2, 3, -1, 16, 0, 0, 1, 17 ]
[ 1, -5, 1, 0, 1, 17, 0, 0, 31 ]
[ 1, -5, 1, 0, 2, 3, 0, 1, 17 ]
[ 0, -1, -17, 1, -5, 1, 0, 0, 31 ]
[ 0, -2, -3, 1, -5, 1, 0, 1, 17 ]
[ -2, 1, 0, -1, 0, 7, 0, 0, 31 ]
[ 2, -1, 0, 0, 2, 3, -1, 0, 7 ]
[ 1, 0, -7, 0, 1, 17, 0, 0, 31 ]
[ 1, 0, -7, 0, 2, 3, 0, 1, 17 ]
[ 31, 0, 0, 7, 1, 0, -9, 0, 1 ]
[ 7, 1, 0, -3, 4, 0, -2, 1, 1 ]
[ 9, 0, -1, 7, 1, 0, 4, 0, 3 ]
[ 1, 9, 0, 0, 31, 0, 0, -12, 1 ]
[ 3, -4, 0, 1, 9, 0, 1, -3, 1 ]
[ 1, -1, 6, -3, 4, 0, 0, 0, 31 ]
[ -2, 1, 1, 1, -1, 6, 0, 0, 31 ]
[ 2, -1, -1, -3, 4, 0, 1, -1, 6 ]
[ 7, 1, 0, -2, 1, 1, 4, 0, 3 ]
[ 1, 0, -7, 7, 1, 0, 0, 0, 31 ]
[ 4, 0, 3, 7, 1, 0, -1, 0, 7 ]
[ -1, -9, 0, 0, -12, 1, 0, -5, 3 ]
[ 1, -3, 1, 1, 9, 0, 0, -5, 3 ]
[ 3, -4, 0, 1, -1, 6, 0, 0, 31 ]
[ -3, 4, 0, 1, -3, 1, 1, -1, 6 ]
[ 1, 0, -7, -2, 1, 1, 0, 0, 31 ]
[ 4, 0, 3, -2, 1, 1, -1, 0, 7 ]
[ 7, 1, 0, -1, 0, 7, 0, 0, 31 ]
[ -7, -1, 0, 4, 0, 3, -1, 0, 7 ]
[ -1, -9, 0, 0, -5, 3, 0, 2, 5 ]
[ 0, -5, 3, 1, 9, 0, 0, 2, 5 ]
[ -1, 3, -1, 0, -5, 3, 0, 2, 5 ]
[ -1, 2, -19, 1, -3, 1, 0, 0, 31 ]
[ -1, 1, -6, 1, -2, 19, 0, 0, 31 ]
[ -1, 1, -6, 1, -3, 1, 1, -2, 19 ]
[ 1, 9, 0, 0, 1, 18, 0, 0, 31 ]
[ 1, 9, 0, 0, 2, 5, 0, 1, 18 ]
[ 0, -1, -18, 1, 9, 0, 0, 0, 31 ]
[ 0, -2, -5, 1, 9, 0, 0, 1, 18 ]
[ 1, -3, 1, 0, 1, 18, 0, 0, 31 ]
[ 1, -3, 1, 0, 2, 5, 0, 1, 18 ]
[ 31, 0, 0, -15, 1, 0, -9, 0, 1 ]
[ 1, 2, 0, 0, 31, 0, 0, -13, 1 ]
[ 15, -1, 0, 1, 2, 0, 6, -1, 1 ]
[ 9, 0, -1, -15, 1, 0, 4, 0, 3 ]
[ -1, -2, 0, 0, -13, 1, 0, 5, 2 ]
[ 6, -1, 1, 1, 2, 0, -2, 1, 2 ]
[ -15, 1, 0, 6, -1, 1, 4, 0, 3 ]
[ 1, 0, -7, -15, 1, 0, 0, 0, 31 ]
[ 4, 0, 3, -15, 1, 0, -1, 0, 7 ]
[ 1, 2, 0, 0, 5, 2, 0, 2, 7 ]
[ -2, 1, 2, -1, 0, 7, 0, 0, 31 ]
[ 2, -1, -2, 1, 2, 0, -1, 0, 7 ]
[ 1, 0, -7, -2, 1, 2, 0, 0, 31 ]
[ -6, 1, -1, -1, 0, 7, 0, 0, 31 ]
[ 6, -1, 1, -2, 1, 2, -1, 0, 7 ]
[ -1, 0, 7, 6, -1, 1, 0, 0, 31 ]
[ -4, 0, -3, 6, -1, 1, -1, 0, 7 ]
[ -15, 1, 0, -1, 0, 7, 0, 0, 31 ]
[ 15, -1, 0, 4, 0, 3, -1, 0, 7 ]
[ 1, 2, 0, 0, 1, 19, 0, 0, 31 ]
[ 1, 2, 0, 0, 2, 7, 0, 1, 19 ]
[ 0, -1, -19, 1, 2, 0, 0, 0, 31 ]
[ 1, 0, -7, 0, 1, 19, 0, 0, 31 ]
[ 1, 0, -7, 1, 2, 0, 0, 1, 19 ]
[ 31, 0, 0, -6, 1, 0, -9, 0, 1 ]
[ 1, 5, 0, 0, 31, 0, 0, 14, 1 ]
[ 6, -1, 0, 1, 5, 0, -3, -1, 1 ]
[ 9, 0, -1, -6, 1, 0, 4, 0, 3 ]
[ 1, 5, 0, 0, 14, 1, 0, -3, 2 ]
[ 3, 1, -1, 1, 5, 0, 1, 2, 2 ]
[ -6, 1, 0, -3, -1, 1, 4, 0, 3 ]
[ 1, 0, -7, -6, 1, 0, 0, 0, 31 ]
[ 4, 0, 3, -6, 1, 0, -1, 0, 7 ]
[ -1, -5, 0, 0, -1, 11, 0, 0, 31 ]
[ -1, -5, 0, 0, -3, 2, 0, -1, 11 ]
[ 0, -1, 11, 1, 5, 0, 0, 0, 31 ]
[ -1, -2, -2, 0, -1, 11, 0, 0, 31 ]
[ 1, 2, 2, 1, 5, 0, 0, -1, 11 ]
[ 3, 1, -1, -1, 0, 7, 0, 0, 31 ]
[ 3, 1, -1, 1, 2, 2, -1, 0, 7 ]
[ -1, 0, 7, -3, -1, 1, 0, 0, 31 ]
[ -4, 0, -3, -3, -1, 1, -1, 0, 7 ]
[ -6, 1, 0, -1, 0, 7, 0, 0, 31 ]
[ 6, -1, 0, 4, 0, 3, -1, 0, 7 ]
[ 0, -1, -20, 1, 2, 2, 0, 0, 31 ]
[ 1, 0, -7, 0, 1, 20, 0, 0, 31 ]
[ 1, 0, -7, 1, 2, 2, 0, 1, 20 ]
[ 31, 0, 0, 3, 1, 0, -9, 0, 1 ]
[ 1, -10, 0, 0, 31, 0, 0, 3, 1 ]
[ 3, 1, 0, -1, 10, 0, 0, 3, 1 ]
[ 9, 0, -1, 3, 1, 0, 4, 0, 3 ]
[ -1, 10, 0, 0, -1, 10, 0, 0, 31 ]
[ 1, -10, 0, 0, 3, 1, 0, -1, 10 ]
[ 0, 1, -10, -1, 10, 0, 0, 0, 31 ]
[ 0, 3, 1, -1, 10, 0, 0, -1, 10 ]
[ 3, 1, 0, 0, 3, 1, 1, -1, 3 ]
[ 1, 0, -7, 3, 1, 0, 0, 0, 31 ]
[ 4, 0, 3, 3, 1, 0, -1, 0, 7 ]
[ -1, 1, -3, 0, -1, 10, 0, 0, 31 ]
[ 1, -1, 3, 0, 3, 1, 0, -1, 10 ]
[ -1, 0, 7, 1, -1, 3, 0, 0, 31 ]
[ 3, 1, 0, -1, 0, 7, 0, 0, 31 ]
[ -3, -1, 0, 1, -1, 3, -1, 0, 7 ]
[ 31, 0, 0, 12, 1, 0, -9, 0, 1 ]
[ 12, 1, 0, 5, 3, 0, 3, 1, 1 ]
[ 9, 0, -1, 12, 1, 0, 4, 0, 3 ]
[ 5, 3, 0, -2, 5, 0, -2, -2, 1 ]
[ 2, 1, 8, 5, 3, 0, 0, 0, 31 ]
[ 3, 1, 1, 2, 1, 8, 0, 0, 31 ]
[ 3, 1, 1, 5, 3, 0, 2, 1, 8 ]
[ 12, 1, 0, 3, 1, 1, 4, 0, 3 ]
[ 1, 0, -7, 12, 1, 0, 0, 0, 31 ]
[ 4, 0, 3, 12, 1, 0, -1, 0, 7 ]
[ 1, -18, 0, 0, 31, 0, 0, -7, 1 ]
[ 2, -5, 0, -1, 18, 0, 0, -7, 1 ]
[ 2, 2, -1, -2, 5, 0, 1, -1, 2 ]
[ -5, -3, 0, 2, 1, 8, 0, 0, 31 ]
[ -5, -3, 0, -2, -2, 1, 2, 1, 8 ]
[ 1, 0, -7, 3, 1, 1, 0, 0, 31 ]
[ 4, 0, 3, 3, 1, 1, -1, 0, 7 ]
[ 12, 1, 0, -1, 0, 7, 0, 0, 31 ]
[ -12, -1, 0, 4, 0, 3, -1, 0, 7 ]
[ -1, 18, 0, 0, -7, 1, 0, 3, 4 ]
[ 0, 7, -1, -1, 18, 0, 0, 3, 4 ]
[ -2, 5, 0, 0, -7, 1, -1, 4, 2 ]
[ 1, -2, 11, -2, 5, 0, 0, 0, 31 ]
[ -1, 1, -2, 1, -2, 11, 0, 0, 31 ]
[ 1, -1, 2, -2, 5, 0, 1, -2, 11 ]
[ 0, -1, 9, 1, -1, 2, 0, 0, 31 ]
[ -2, -2, 1, 1, -1, 2, 0, -1, 9 ]
[ -2, -1, -8, -1, -1, 16, 0, 0, 31 ]
[ -2, -1, -8, -2, -2, 1, -1, -1, 16 ]
[ -1, 18, 0, 0, -1, 9, 0, 0, 31 ]
[ 1, -18, 0, 0, 3, 4, 0, -1, 9 ]
[ 0, 1, -9, -1, 18, 0, 0, 0, 31 ]
[ 0, 3, 4, -1, 18, 0, 0, -1, 9 ]
[ -1, 4, 2, 0, -7, 1, 0, 3, 4 ]
[ 1, -3, -11, -1, 4, 2, 0, 0, 31 ]
[ 2, -5, 0, -1, 3, 11, 0, 0, 31 ]
[ 2, -5, 0, -1, 4, 2, -1, 3, 11 ]
[ -1, -1, 16, 0, -1, 9, 0, 0, 31 ]
[ -2, -2, 1, 0, -1, 9, -1, -1, 16 ]
[ -1, 4, 2, 0, -1, 9, 0, 0, 31 ]
[ 1, -4, -2, 0, 3, 4, 0, -1, 9 ]
[ 31, 0, 0, -10, 1, 0, -9, 0, 1 ]
[ 1, 3, 0, 0, 31, 0, 0, -4, 1 ]
[ 10, -1, 0, 1, 3, 0, 1, -1, 1 ]
[ 9, 0, -1, -10, 1, 0, 4, 0, 3 ]
[ -1, -3, 0, 0, -1, 8, 0, 0, 31 ]
[ -1, -3, 0, 0, -4, 1, 0, -1, 8 ]
[ 0, -1, 8, 1, 3, 0, 0, 0, 31 ]
[ -1, 1, -1, 0, -1, 8, 0, 0, 31 ]
[ 1, -1, 1, 1, 3, 0, 0, -1, 8 ]
[ -10, 1, 0, 1, -1, 1, 4, 0, 3 ]
[ 1, 0, -7, -10, 1, 0, 0, 0, 31 ]
[ 4, 0, 3, -10, 1, 0, -1, 0, 7 ]
[ -1, 0, 7, 1, -1, 1, 0, 0, 31 ]
[ -4, 0, -3, 1, -1, 1, -1, 0, 7 ]
[ -10, 1, 0, -1, 0, 7, 0, 0, 31 ]
[ 10, -1, 0, 4, 0, 3, -1, 0, 7 ]
[ 1, -1, 0, 0, 31, 0, 0, -9, 1 ]
[ 31, 0, 0, -1, 1, 0, -9, 0, 1 ]
[ -1, 1, 0, 0, -9, 1, 0, 4, 3 ]
[ 9, 0, -1, -1, 1, 0, 4, 0, 3 ]
[ -1, 1, 0, 0, -1, 7, 0, 0, 31 ]
[ 1, -1, 0, 0, 4, 3, 0, -1, 7 ]
[ 1, 0, -7, -1, 1, 0, 0, 0, 31 ]
[ 4, 0, 3, -1, 1, 0, -1, 0, 7 ]
[ 31, 0, 0, 8, 1, 0, -9, 0, 1 ]
[ 1, 4, 0, 0, 31, 0, 0, 5, 1 ]
[ 8, 1, 0, 1, 4, 0, -1, 1, 1 ]
[ 9, 0, -1, 8, 1, 0, 4, 0, 3 ]
[ -1, -4, 0, 0, -1, 6, 0, 0, 31 ]
[ 1, 4, 0, 0, 5, 1, 0, -1, 6 ]
[ 0, -1, 6, 1, 4, 0, 0, 0, 31 ]
[ -1, 1, 1, 0, -1, 6, 0, 0, 31 ]
[ 1, -1, -1, 1, 4, 0, 0, -1, 6 ]
[ 8, 1, 0, -1, 1, 1, 4, 0, 3 ]
[ 1, 0, -7, 8, 1, 0, 0, 0, 31 ]
[ 4, 0, 3, 8, 1, 0, -1, 0, 7 ]
[ 1, 0, -7, -1, 1, 1, 0, 0, 31 ]
[ 4, 0, 3, -1, 1, 1, -1, 0, 7 ]
[ 8, 1, 0, -1, 0, 7, 0, 0, 31 ]
[ -8, -1, 0, 4, 0, 3, -1, 0, 7 ]
[ 31, 0, 0, -14, 1, 0, -9, 0, 1 ]
[ 14, -1, 0, 3, 2, 0, 5, -1, 1 ]
[ 9, 0, -1, -14, 1, 0, 4, 0, 3 ]
[ 1, 11, 0, 0, 31, 0, 0, 6, 1 ]
[ 3, 2, 0, 1, 11, 0, -1, -5, 1 ]
[ 5, -1, 1, 3, 2, 0, -1, 1, 2 ]
[ -14, 1, 0, 5, -1, 1, 4, 0, 3 ]
[ 1, 0, -7, -14, 1, 0, 0, 0, 31 ]
[ 4, 0, 3, -14, 1, 0, -1, 0, 7 ]
[ -1, -11, 0, 0, -1, 5, 0, 0, 31 ]
[ 1, 11, 0, 0, 6, 1, 0, -1, 5 ]
[ 0, -1, 5, 1, 11, 0, 0, 0, 31 ]
[ -1, -5, 1, 0, -1, 5, 0, 0, 31 ]
[ 1, 5, -1, 1, 11, 0, 0, -1, 5 ]
[ -3, -2, 0, -1, -5, 1, -1, 1, 2 ]
[ -1, 1, 2, -1, 0, 7, 0, 0, 31 ]
[ 1, -1, -2, 3, 2, 0, -1, 0, 7 ]
[ 1, 0, -7, -1, 1, 2, 0, 0, 31 ]
[ -5, 1, -1, -1, 0, 7, 0, 0, 31 ]
[ 5, -1, 1, -1, 1, 2, -1, 0, 7 ]
[ -1, 0, 7, 5, -1, 1, 0, 0, 31 ]
[ -4, 0, -3, 5, -1, 1, -1, 0, 7 ]
[ -14, 1, 0, -1, 0, 7, 0, 0, 31 ]
[ 14, -1, 0, 4, 0, 3, -1, 0, 7 ]
[ 0, 1, -5, -1, -5, 1, 0, 0, 31 ]
[ -1, 1, 2, 0, -1, 5, 0, 0, 31 ]
[ -1, 1, 2, -1, -5, 1, 0, -1, 5 ]
[ 3, 2, 0, -1, 1, 2, -1, 0, 7 ]
[ -1, -1, -19, 3, 2, 0, 0, 0, 31 ]
[ 1, 0, -7, 1, 1, 19, 0, 0, 31 ]
[ 1, 0, -7, 3, 2, 0, 1, 1, 19 ]
[ 1, 0, -7, -1, 1, 2, 0, 0, 31 ]
[ 1, 1, 19, -1, 0, 7, 0, 0, 31 ]
[ 3, 2, 0, 1, 1, 19, 0, 0, 31 ]
[ 3, 2, 0, -1, 0, 7, 1, 1, 19 ]
[ 31, 0, 0, -5, 1, 0, -9, 0, 1 ]
[ 1, 6, 0, 0, 31, 0, 0, -8, 1 ]
[ 5, -1, 0, 1, 6, 0, 1, -2, 1 ]
[ 9, 0, -1, -5, 1, 0, 4, 0, 3 ]
[ -1, -6, 0, 0, -1, 4, 0, 0, 31 ]
[ -1, -6, 0, 0, -8, 1, 0, -1, 4 ]
[ 0, -1, 4, 1, 6, 0, 0, 0, 31 ]
[ -1, 2, -1, 0, -1, 4, 0, 0, 31 ]
[ 1, -2, 1, 1, 6, 0, 0, -1, 4 ]
[ -1, 1, 3, 1, -2, 1, 0, 0, 31 ]
[ -5, 1, 0, 1, -2, 1, -1, 1, 3 ]
[ 1, 0, -7, -5, 1, 0, 0, 0, 31 ]
[ 4, 0, 3, -5, 1, 0, -1, 0, 7 ]
[ 1, 0, -7, -1, 1, 3, 0, 0, 31 ]
[ -5, 1, 0, -1, 0, 7, 0, 0, 31 ]
[ 5, -1, 0, -1, 1, 3, -1, 0, 7 ]
[ 31, 0, 0, 4, 1, 0, -9, 0, 1 ]
[ 1, 8, 0, 0, 31, 0, 0, 10, 1 ]
[ 4, 1, 0, 1, 8, 0, -1, 2, 1 ]
[ 9, 0, -1, 4, 1, 0, 4, 0, 3 ]
[ -1, -8, 0, 0, -1, 3, 0, 0, 31 ]
[ 1, 8, 0, 0, 10, 1, 0, -1, 3 ]
[ 0, -1, 3, 1, 8, 0, 0, 0, 31 ]
[ -1, 2, 1, 0, -1, 3, 0, 0, 31 ]
[ 1, -2, -1, 1, 8, 0, 0, -1, 3 ]
[ 0, 1, -3, -1, 2, 1, 0, 0, 31 ]
[ 4, 1, 0, -1, 2, 1, 0, -1, 3 ]
[ 1, 0, -7, 4, 1, 0, 0, 0, 31 ]
[ 4, 0, 3, 4, 1, 0, -1, 0, 7 ]
[ -1, 0, 7, 0, -1, 3, 0, 0, 31 ]
[ 4, 1, 0, -1, 0, 7, 0, 0, 31 ]
[ -4, -1, 0, 0, -1, 3, -1, 0, 7 ]
[ 31, 0, 0, 13, 1, 0, -9, 0, 1 ]
[ 13, 1, 0, -5, 2, 0, 4, 1, 1 ]
[ 9, 0, -1, 13, 1, 0, 4, 0, 3 ]
[ 1, -3, -1, -2, 7, 0, 0, 0, 31 ]
[ 5, -2, 0, -2, 7, 0, -1, 3, 1 ]
[ 4, 1, 1, -5, 2, 0, 0, -1, 2 ]
[ 13, 1, 0, 4, 1, 1, 4, 0, 3 ]
[ 1, 0, -7, 13, 1, 0, 0, 0, 31 ]
[ 4, 0, 3, 13, 1, 0, -1, 0, 7 ]
[ 1, -19, 0, 0, 31, 0, 0, 15, 1 ]
[ -2, 7, 0, 1, -4, 1, 0, 0, 31 ]
[ 2, -7, 0, -1, 19, 0, 1, -4, 1 ]
[ 0, 1, -2, -1, 3, 1, 0, 0, 31 ]
[ 5, -2, 0, -1, 3, 1, 0, -1, 2 ]
[ 0, 1, -2, -1, 0, 7, 0, 0, 31 ]
[ 0, 1, -2, -5, 2, 0, -1, 0, 7 ]
[ -1, 0, 7, 0, -1, 2, 0, 0, 31 ]
[ 4, 1, 1, -1, 0, 7, 0, 0, 31 ]
[ -4, -1, -1, 0, -1, 2, -1, 0, 7 ]
[ 1, 0, -7, 4, 1, 1, 0, 0, 31 ]
[ 4, 0, 3, 4, 1, 1, -1, 0, 7 ]
[ 13, 1, 0, -1, 0, 7, 0, 0, 31 ]
[ -13, -1, 0, 4, 0, 3, -1, 0, 7 ]
[ -1, 19, 0, 0, -1, 2, 0, 0, 31 ]
[ 1, -19, 0, 0, 15, 1, 0, -1, 2 ]
[ 0, 1, -2, -1, 19, 0, 0, 0, 31 ]
[ -1, 4, -1, 0, -1, 2, 0, 0, 31 ]
[ 1, -4, 1, -1, 19, 0, 0, -1, 2 ]
[ -5, 2, 0, 0, -1, 2, -1, 0, 7 ]
[ 3, -1, -19, -5, 2, 0, 0, 0, 31 ]
[ 1, 0, -7, -3, 1, 19, 0, 0, 31 ]
[ 1, 0, -7, -5, 2, 0, -3, 1, 19 ]
[ -1, 0, 7, 0, -1, 2, 0, 0, 31 ]
[ -3, 1, 19, -1, 0, 7, 0, 0, 31 ]
[ -5, 2, 0, -3, 1, 19, 0, 0, 31 ]
[ -5, 2, 0, -1, 0, 7, -3, 1, 19 ]
[ 31, 0, 0, -9, 1, 0, -9, 0, 1 ]
[ 9, -1, 0, 4, 3, 0, 0, -1, 1 ]
[ 9, 0, -1, -9, 1, 0, 4, 0, 3 ]
[ -1, 7, 0, 0, -1, 1, 0, 0, 31 ]
[ 1, -7, 0, 0, 31, 0, 0, -1, 1 ]
[ 0, 1, -1, -1, 7, 0, 0, 0, 31 ]
[ 4, 3, 0, -1, 7, 0, 0, -1, 1 ]
[ -1, -1, 8, 4, 3, 0, 0, 0, 31 ]
[ 0, 1, -1, -1, -1, 8, 0, 0, 31 ]
[ 0, -1, 1, 4, 3, 0, -1, -1, 8 ]
[ -9, 1, 0, 0, -1, 1, 4, 0, 3 ]
[ 1, 0, -7, -9, 1, 0, 0, 0, 31 ]
[ 4, 0, 3, -9, 1, 0, -1, 0, 7 ]
[ -1, -1, 8, 0, -1, 1, 0, 0, 31 ]
[ -4, -3, 0, -1, -1, 8, 0, 0, 31 ]
[ -4, -3, 0, 0, -1, 1, -1, -1, 8 ]
[ -1, 0, 7, 0, -1, 1, 0, 0, 31 ]
[ -4, 0, -3, 0, -1, 1, -1, 0, 7 ]
[ -9, 1, 0, -1, 0, 7, 0, 0, 31 ]
[ 9, -1, 0, 4, 0, 3, -1, 0, 7 ]
[ 31, 0, 0, 0, 1, 0, 5, 0, 1 ]
[ 1, 0, -6, 0, 1, 0, 0, 0, 31 ]
[ 5, 0, 1, 0, 1, 0, -1, 0, 6 ]
[ 31, 0, 0, -5, 1, 0, 5, 0, 1 ]
[ 1, 6, 0, 0, 1, 1, 0, 0, 31 ]
[ 1, 6, 0, 0, 31, 0, 0, 1, 1 ]
[ 0, -1, -1, 1, 6, 0, 0, 0, 31 ]
[ 5, -1, 0, 1, 6, 0, 0, 1, 1 ]
[ 1, 0, -6, -5, 1, 0, 0, 0, 31 ]
[ 5, 0, 1, -5, 1, 0, -1, 0, 6 ]
[ 1, 0, -6, 0, 1, 1, 0, 0, 31 ]
[ -5, 1, 0, -1, 0, 6, 0, 0, 31 ]
[ 5, -1, 0, 0, 1, 1, -1, 0, 6 ]
[ 31, 0, 0, -10, 1, 0, 5, 0, 1 ]
[ 1, 3, 0, 0, 31, 0, 0, -15, 1 ]
[ 10, -1, 0, 1, 3, 0, 5, 0, 1 ]
[ 1, 0, -6, -10, 1, 0, 0, 0, 31 ]
[ 5, 0, 1, -10, 1, 0, -1, 0, 6 ]
[ 1, 3, 0, 0, 1, 2, 0, 0, 31 ]
[ -1, -3, 0, 0, -15, 1, 0, 1, 2 ]
[ 0, -1, -2, 1, 3, 0, 0, 0, 31 ]
[ 5, 0, 1, 1, 3, 0, 0, 1, 2 ]
[ -10, 1, 0, -1, 0, 6, 0, 0, 31 ]
[ 10, -1, 0, 5, 0, 1, -1, 0, 6 ]
[ 1, 0, -6, 0, 1, 2, 0, 0, 31 ]
[ 5, 0, 1, 0, 1, 2, -1, 0, 6 ]
[ 31, 0, 0, -15, 1, 0, 5, 0, 1 ]
[ 1, 2, 0, 0, 31, 0, 0, -10, 1 ]
[ 15, -1, 0, 1, 2, 0, 5, 0, 1 ]
[ 1, 0, -6, -15, 1, 0, 0, 0, 31 ]
[ 5, 0, 1, -15, 1, 0, -1, 0, 6 ]
[ 1, 2, 0, 0, 1, 3, 0, 0, 31 ]
[ -1, -2, 0, 0, -10, 1, 0, 1, 3 ]
[ 0, -1, -3, 1, 2, 0, 0, 0, 31 ]
[ 5, 0, 1, 1, 2, 0, 0, 1, 3 ]
[ -15, 1, 0, -1, 0, 6, 0, 0, 31 ]
[ 15, -1, 0, 5, 0, 1, -1, 0, 6 ]
[ 1, 0, -6, 0, 1, 3, 0, 0, 31 ]
[ 5, 0, 1, 0, 1, 3, -1, 0, 6 ]
[ 31, 0, 0, 11, 1, 0, 5, 0, 1 ]
[ 11, 1, 0, 2, 3, 0, 5, 0, 1 ]
[ 1, 0, -6, 11, 1, 0, 0, 0, 31 ]
[ 5, 0, 1, 11, 1, 0, -1, 0, 6 ]
[ 1, 17, 0, 0, 31, 0, 0, 8, 1 ]
[ 2, 3, 0, 1, 17, 0, -1, -9, 1 ]
[ 1, 1, -2, 2, 3, 0, 0, 0, 31 ]
[ 5, 0, 1, 2, 3, 0, -1, -1, 2 ]
[ 11, 1, 0, -1, 0, 6, 0, 0, 31 ]
[ -11, -1, 0, 5, 0, 1, -1, 0, 6 ]
[ 1, 17, 0, 0, 1, 4, 0, 0, 31 ]
[ 1, 17, 0, 0, 8, 1, 0, 1, 4 ]
[ 0, -1, -4, 1, 17, 0, 0, 0, 31 ]
[ 1, 9, -1, 0, 1, 4, 0, 0, 31 ]
[ 1, 9, -1, 1, 17, 0, 0, 1, 4 ]
[ 2, 3, 0, 1, 2, 2, 0, 0, 31 ]
[ -2, -3, 0, -1, -9, 1, 1, 2, 2 ]
[ -1, 0, 6, -1, -1, 2, 0, 0, 31 ]
[ -5, 0, -1, -1, -1, 2, -1, 0, 6 ]
[ 0, 1, 4, -1, -9, 1, 0, 0, 31 ]
[ 1, 2, 2, 0, 1, 4, 0, 0, 31 ]
[ -1, -2, -2, -1, -9, 1, 0, 1, 4 ]
[ 31, 0, 0, 6, 1, 0, 5, 0, 1 ]
[ 1, -5, 0, 0, 31, 0, 0, -6, 1 ]
[ 6, 1, 0, -1, 5, 0, -1, -1, 1 ]
[ 1, 0, -6, 6, 1, 0, 0, 0, 31 ]
[ 5, 0, 1, 6, 1, 0, -1, 0, 6 ]
[ 1, -5, 0, 0, 1, 5, 0, 0, 31 ]
[ -1, 5, 0, 0, -6, 1, 0, 1, 5 ]
[ 0, 1, 5, -1, 5, 0, 0, 0, 31 ]
[ 1, 1, -1, 0, 1, 5, 0, 0, 31 ]
[ 1, 1, -1, -1, 5, 0, 0, 1, 5 ]
[ -1, 0, 6, -1, -1, 1, 0, 0, 31 ]
[ 6, 1, 0, -1, 0, 6, 0, 0, 31 ]
[ -6, -1, 0, -1, -1, 1, -1, 0, 6 ]
[ 1, 1, 0, 0, 31, 0, 0, -5, 1 ]
[ 31, 0, 0, 1, 1, 0, 5, 0, 1 ]
[ 1, 1, 0, 0, 1, 6, 0, 0, 31 ]
[ -1, -1, 0, 0, -5, 1, 0, 1, 6 ]
[ 1, 0, -6, 1, 1, 0, 0, 0, 31 ]
[ 5, 0, 1, 1, 1, 0, -1, 0, 6 ]
[ 31, 0, 0, -4, 1, 0, 5, 0, 1 ]
[ 1, -8, 0, 0, 31, 0, 0, 9, 1 ]
[ 4, -1, 0, -1, 8, 0, 1, 1, 1 ]
[ 1, 0, -6, -4, 1, 0, 0, 0, 31 ]
[ 5, 0, 1, -4, 1, 0, -1, 0, 6 ]
[ 1, -8, 0, 0, 9, 1, 0, -4, 3 ]
[ 1, 1, 1, -1, 8, 0, 0, -4, 3 ]
[ 1, 0, -6, 1, 1, 1, 0, 0, 31 ]
[ -4, 1, 0, -1, 0, 6, 0, 0, 31 ]
[ 4, -1, 0, 1, 1, 1, -1, 0, 6 ]
[ 1, -8, 0, 0, 1, 7, 0, 0, 31 ]
[ -1, 8, 0, 0, -4, 3, 0, 1, 7 ]
[ 0, 1, 7, -1, 8, 0, 0, 0, 31 ]
[ 0, 4, -3, -1, 8, 0, 0, 1, 7 ]
[ 1, 1, 1, 0, 1, 7, 0, 0, 31 ]
[ -1, -1, -1, 0, -4, 3, 0, 1, 7 ]
[ 31, 0, 0, -9, 1, 0, 5, 0, 1 ]
[ 9, -1, 0, 4, 3, 0, 5, 0, 1 ]
[ 1, 0, -6, -9, 1, 0, 0, 0, 31 ]
[ 5, 0, 1, -9, 1, 0, -1, 0, 6 ]
[ 1, -7, 0, 0, 31, 0, 0, 4, 1 ]
[ 4, 3, 0, -1, 7, 0, 1, -3, 1 ]
[ -1, -1, -2, 4, 3, 0, 0, 0, 31 ]
[ 5, 0, 1, 4, 3, 0, 1, 1, 2 ]
[ -9, 1, 0, -1, 0, 6, 0, 0, 31 ]
[ 9, -1, 0, 5, 0, 1, -1, 0, 6 ]
[ 1, -7, 0, 0, 1, 8, 0, 0, 31 ]
[ 1, -7, 0, 0, 4, 1, 0, 1, 8 ]
[ 0, 1, 8, -1, 7, 0, 0, 0, 31 ]
[ 1, -3, 1, 0, 1, 8, 0, 0, 31 ]
[ 1, -3, 1, -1, 7, 0, 0, 1, 8 ]
[ 4, 3, 0, 1, 1, 2, 0, 0, 31 ]
[ -4, -3, 0, 1, -3, 1, 1, 1, 2 ]
[ 1, 0, -6, 1, 1, 2, 0, 0, 31 ]
[ 5, 0, 1, 1, 1, 2, -1, 0, 6 ]
[ 0, -1, -8, 1, -3, 1, 0, 0, 31 ]
[ 1, 1, 2, 0, 1, 8, 0, 0, 31 ]
[ -1, -1, -2, 1, -3, 1, 0, 1, 8 ]
[ 31, 0, 0, -14, 1, 0, 5, 0, 1 ]
[ 14, -1, 0, 3, 2, 0, 5, 0, 1 ]
[ 1, 0, -6, -14, 1, 0, 0, 0, 31 ]
[ 5, 0, 1, -14, 1, 0, -1, 0, 6 ]
[ 1, 11, 0, 0, 31, 0, 0, 7, 1 ]
[ 3, 2, 0, 1, 11, 0, -1, -4, 1 ]
[ -1, -1, -3, 3, 2, 0, 0, 0, 31 ]
[ 5, 0, 1, 3, 2, 0, 1, 1, 3 ]
[ -14, 1, 0, -1, 0, 6, 0, 0, 31 ]
[ 14, -1, 0, 5, 0, 1, -1, 0, 6 ]
[ 1, 11, 0, 0, 7, 1, 0, -3, 4 ]
[ 1, 4, -1, 1, 11, 0, 0, -3, 4 ]
[ 3, 2, 0, 1, 1, 3, 0, 0, 31 ]
[ -3, -2, 0, -1, -4, 1, 1, 1, 3 ]
[ 1, 0, -6, 1, 1, 3, 0, 0, 31 ]
[ 5, 0, 1, 1, 1, 3, -1, 0, 6 ]
[ 1, 11, 0, 0, 1, 9, 0, 0, 31 ]
[ -1, -11, 0, 0, -3, 4, 0, 1, 9 ]
[ 0, -1, -9, 1, 11, 0, 0, 0, 31 ]
[ 0, -3, 4, 1, 11, 0, 0, 1, 9 ]
[ 1, 4, -1, 0, 1, 9, 0, 0, 31 ]
[ -1, -4, 1, 0, -3, 4, 0, 1, 9 ]
[ 0, 1, 9, -1, -4, 1, 0, 0, 31 ]
[ 1, 1, 3, 0, 1, 9, 0, 0, 31 ]
[ -1, -1, -3, -1, -4, 1, 0, 1, 9 ]
[ 31, 0, 0, 12, 1, 0, 5, 0, 1 ]
[ 12, 1, 0, 5, 3, 0, 5, 0, 1 ]
[ 1, 0, -6, 12, 1, 0, 0, 0, 31 ]
[ 5, 0, 1, 12, 1, 0, -1, 0, 6 ]
[ 5, 3, 0, -2, 5, 0, 0, -3, 1 ]
[ 2, 1, -2, 5, 3, 0, 0, 0, 31 ]
[ 5, 0, 1, 5, 3, 0, -2, -1, 2 ]
[ 12, 1, 0, -1, 0, 6, 0, 0, 31 ]
[ -12, -1, 0, 5, 0, 1, -1, 0, 6 ]
[ 1, -18, 0, 0, 31, 0, 0, -3, 1 ]
[ 2, -5, 0, -1, 18, 0, 0, -3, 1 ]
[ -1, 3, 5, -2, 5, 0, 0, 0, 31 ]
[ 0, 3, -1, -2, 5, 0, -1, 3, 5 ]
[ 5, 3, 0, -2, -1, 2, 0, 0, 31 ]
[ -5, -3, 0, 0, -3, 1, -2, -1, 2 ]
[ -1, 0, 6, -2, -1, 2, 0, 0, 31 ]
[ -5, 0, -1, -2, -1, 2, -1, 0, 6 ]
[ 1, -18, 0, 0, 1, 10, 0, 0, 31 ]
[ -1, 18, 0, 0, -3, 1, 0, 1, 10 ]
[ 0, 1, 10, -1, 18, 0, 0, 0, 31 ]
[ 0, 3, -1, -1, 18, 0, 0, 1, 10 ]
[ 2, -5, 0, -1, 3, 5, 0, 0, 31 ]
[ -2, 5, 0, 0, -3, 1, -1, 3, 5 ]
[ 0, 1, 10, -1, 3, 5, 0, 0, 31 ]
[ 0, 3, -1, -1, 3, 5, 0, 1, 10 ]
[ 2, 1, -2, -1, 0, 6, 0, 0, 31 ]
[ -2, -1, 2, 0, -3, 1, -1, 0, 6 ]
[ 1, -3, -5, 0, 1, 10, 0, 0, 31 ]
[ -1, 3, 5, 0, -3, 1, 0, 1, 10 ]
[ 1, 0, -6, 0, 1, 10, 0, 0, 31 ]
[ -1, 0, 6, 0, -3, 1, 0, 1, 10 ]
[ 31, 0, 0, 7, 1, 0, 5, 0, 1 ]
[ 7, 1, 0, -3, 4, 0, -2, -1, 1 ]
[ 1, 0, -6, 7, 1, 0, 0, 0, 31 ]
[ 5, 0, 1, 7, 1, 0, -1, 0, 6 ]
[ 1, 9, 0, 0, 31, 0, 0, -14, 1 ]
[ 3, -4, 0, 1, 9, 0, 1, -5, 1 ]
[ 2, 1, -1, -3, 4, 0, 1, -2, 3 ]
[ -1, 0, 6, -2, -1, 1, 0, 0, 31 ]
[ 7, 1, 0, -1, 0, 6, 0, 0, 31 ]
[ -7, -1, 0, -2, -1, 1, -1, 0, 6 ]
[ -1, -9, 0, 0, -14, 1, 0, 3, 2 ]
[ 1, -5, 1, 1, 9, 0, 0, 3, 2 ]
[ -3, 4, 0, 1, -5, 1, 1, -2, 3 ]
[ 1, -1, -17, -3, 4, 0, 0, 0, 31 ]
[ -1, 2, -3, -1, 1, 17, 0, 0, 31 ]
[ -1, 2, -3, -3, 4, 0, -1, 1, 17 ]
[ 2, 1, -1, -1, 0, 6, 0, 0, 31 ]
[ -2, -1, 1, 1, -2, 3, -1, 0, 6 ]
[ 1, 9, 0, 0, 1, 11, 0, 0, 31 ]
[ 1, 9, 0, 0, 3, 2, 0, 1, 11 ]
[ 0, -1, -11, 1, 9, 0, 0, 0, 31 ]
[ 0, -3, -2, 1, 9, 0, 0, 1, 11 ]
[ 1, -5, 1, 0, 1, 11, 0, 0, 31 ]
[ 1, -5, 1, 0, 3, 2, 0, 1, 11 ]
[ 0, -1, -11, 1, -5, 1, 0, 0, 31 ]
[ 1, -2, 3, 0, 1, 11, 0, 0, 31 ]
[ -1, 2, -3, 1, -5, 1, 0, 1, 11 ]
[ -1, 1, 17, 1, -2, 3, 0, 0, 31 ]
[ -3, 4, 0, -1, 1, 17, 0, 0, 31 ]
[ -3, 4, 0, 1, -2, 3, -1, 1, 17 ]
[ 0, -1, 20, 1, -2, 3, 0, 0, 31 ]
[ -1, 0, 6, 0, -1, 20, 0, 0, 31 ]
[ -1, 0, 6, 1, -2, 3, 0, -1, 20 ]
[ 31, 0, 0, 2, 1, 0, 5, 0, 1 ]
[ 1, 16, 0, 0, 31, 0, 0, 13, 1 ]
[ 2, 1, 0, 1, 16, 0, -1, -3, 1 ]
[ 1, 0, -6, 2, 1, 0, 0, 0, 31 ]
[ 5, 0, 1, 2, 1, 0, -1, 0, 6 ]
[ 1, 16, 0, 0, 13, 1, 0, -5, 2 ]
[ 1, 3, -1, 1, 16, 0, 0, -5, 2 ]
[ 2, 1, 0, 1, 1, 6, 0, 0, 31 ]
[ -2, -1, 0, -1, -3, 1, 1, 1, 6 ]
[ -1, -16, 0, 0, -5, 2, 0, -2, 7 ]
[ 0, -5, 2, 1, 16, 0, 0, -2, 7 ]
[ -1, -3, 1, 0, -5, 2, 0, -2, 7 ]
[ 0, 1, -19, -1, -3, 1, 0, 0, 31 ]
[ -1, -1, -6, 0, -1, 19, 0, 0, 31 ]
[ -1, -1, -6, -1, -3, 1, 0, -1, 19 ]
[ -1, -16, 0, 0, -1, 19, 0, 0, 31 ]
[ -1, -16, 0, 0, -2, 7, 0, -1, 19 ]
[ 0, -1, 19, 1, 16, 0, 0, 0, 31 ]
[ 0, -2, 7, 1, 16, 0, 0, -1, 19 ]
[ -1, -3, 1, 0, -1, 19, 0, 0, 31 ]
[ -1, -3, 1, 0, -2, 7, 0, -1, 19 ]
[ 31, 0, 0, -3, 1, 0, 5, 0, 1 ]
[ 1, 10, 0, 0, 31, 0, 0, 12, 1 ]
[ 3, -1, 0, 1, 10, 0, -1, 2, 1 ]
[ 1, 0, -6, -3, 1, 0, 0, 0, 31 ]
[ 5, 0, 1, -3, 1, 0, -1, 0, 6 ]
[ 1, 10, 0, 0, 12, 1, 0, 5, 3 ]
[ 1, -2, -1, 1, 10, 0, 0, 5, 3 ]
[ -3, 1, 0, -1, 0, 6, 0, 0, 31 ]
[ 3, -1, 0, -1, 2, 1, -1, 0, 6 ]
[ 1, 10, 0, 0, 5, 3, 0, -2, 5 ]
[ 0, -5, -3, 1, 10, 0, 0, -2, 5 ]
[ 1, -2, -1, 0, 5, 3, 0, -2, 5 ]
[ 1, -1, -19, -1, 2, 1, 0, 0, 31 ]
[ 1, 0, -6, -1, 1, 19, 0, 0, 31 ]
[ 1, 0, -6, -1, 2, 1, -1, 1, 19 ]
[ -1, -10, 0, 0, -1, 18, 0, 0, 31 ]
[ -1, -10, 0, 0, -2, 5, 0, -1, 18 ]
[ 0, -1, 18, 1, 10, 0, 0, 0, 31 ]
[ 0, -2, 5, 1, 10, 0, 0, -1, 18 ]
[ -1, 2, 1, 0, -1, 18, 0, 0, 31 ]
[ -1, 2, 1, 0, -2, 5, 0, -1, 18 ]
[ 31, 0, 0, -8, 1, 0, 5, 0, 1 ]
[ 1, -4, 0, 0, 31, 0, 0, -11, 1 ]
[ 8, -1, 0, -1, 4, 0, -3, 1, 1 ]
[ 1, 0, -6, -8, 1, 0, 0, 0, 31 ]
[ 5, 0, 1, -8, 1, 0, -1, 0, 6 ]
[ -1, 4, 0, 0, -11, 1, 0, -2, 3 ]
[ 3, -1, -1, -1, 4, 0, -1, 2, 3 ]
[ 1, 0, -6, -3, 1, 1, 0, 0, 31 ]
[ -8, 1, 0, -1, 0, 6, 0, 0, 31 ]
[ 8, -1, 0, -3, 1, 1, -1, 0, 6 ]
[ -1, 4, 0, 0, -1, 17, 0, 0, 31 ]
[ -1, 4, 0, 0, -2, 3, 0, -1, 17 ]
[ 1, -3, -17, -1, 4, 0, 0, 0, 31 ]
[ 1, -2, -3, -1, 3, 17, 0, 0, 31 ]
[ 1, -2, -3, -1, 4, 0, -1, 3, 17 ]
[ -3, 1, 1, -1, 0, 6, 0, 0, 31 ]
[ 3, -1, -1, -1, 2, 3, -1, 0, 6 ]
[ 1, -1, -20, -1, 2, 3, 0, 0, 31 ]
[ 1, 0, -6, -1, 1, 20, 0, 0, 31 ]
[ 1, 0, -6, -1, 2, 3, -1, 1, 20 ]
[ 31, 0, 0, -13, 1, 0, 5, 0, 1 ]
[ 13, -1, 0, 5, 2, 0, 5, 0, 1 ]
[ 1, 0, -6, -13, 1, 0, 0, 0, 31 ]
[ 5, 0, 1, -13, 1, 0, -1, 0, 6 ]
[ 5, 2, 0, 2, 7, 0, 0, -2, 1 ]
[ -2, -1, -3, 5, 2, 0, 0, 0, 31 ]
[ 5, 0, 1, 5, 2, 0, 2, 1, 3 ]
[ -13, 1, 0, -1, 0, 6, 0, 0, 31 ]
[ 13, -1, 0, 5, 0, 1, -1, 0, 6 ]
[ 1, 19, 0, 0, 31, 0, 0, -2, 1 ]
[ 2, 7, 0, 1, 19, 0, 0, -2, 1 ]
[ 1, 3, 8, 2, 7, 0, 0, 0, 31 ]
[ 0, -2, 1, 2, 7, 0, 1, 3, 8 ]
[ 5, 2, 0, 2, 1, 3, 0, 0, 31 ]
[ -5, -2, 0, 0, -2, 1, 2, 1, 3 ]
[ 1, 0, -6, 2, 1, 3, 0, 0, 31 ]
[ 5, 0, 1, 2, 1, 3, -1, 0, 6 ]
[ -1, -19, 0, 0, -1, 16, 0, 0, 31 ]
[ -1, -19, 0, 0, -2, 1, 0, -1, 16 ]
[ 0, -1, 16, 1, 19, 0, 0, 0, 31 ]
[ 0, -2, 1, 1, 19, 0, 0, -1, 16 ]
[ -2, -7, 0, 1, 3, 8, 0, 0, 31 ]
[ -2, -7, 0, 0, -2, 1, 1, 3, 8 ]
[ 0, -1, 16, 1, 3, 8, 0, 0, 31 ]
[ 0, -2, 1, 1, 3, 8, 0, -1, 16 ]
[ 2, 1, 3, 1, 1, 9, 0, 0, 31 ]
[ -2, -1, -3, 0, -2, 1, 1, 1, 9 ]
[ -1, -3, -8, 0, -1, 16, 0, 0, 31 ]
[ -1, -3, -8, 0, -2, 1, 0, -1, 16 ]
[ -1, -1, -9, 0, -1, 16, 0, 0, 31 ]
[ -1, -1, -9, 0, -2, 1, 0, -1, 16 ]
[ 31, 0, 0, 13, 1, 0, 5, 0, 1 ]
[ 13, 1, 0, -5, 2, 0, 5, 0, 1 ]
[ 1, 0, -6, 13, 1, 0, 0, 0, 31 ]
[ 5, 0, 1, 13, 1, 0, -1, 0, 6 ]
[ 5, -2, 0, -2, 7, 0, 0, 2, 1 ]
[ 3, -1, -3, -5, 2, 0, 0, 0, 31 ]
[ 5, 0, 1, -5, 2, 0, -3, 1, 3 ]
[ 13, 1, 0, -1, 0, 6, 0, 0, 31 ]
[ -13, -1, 0, 5, 0, 1, -1, 0, 6 ]
[ 1, -19, 0, 0, 31, 0, 0, 2, 1 ]
[ 2, -7, 0, -1, 19, 0, 0, 2, 1 ]
[ -1, 4, 8, -2, 7, 0, 0, 0, 31 ]
[ 0, 2, 1, -2, 7, 0, -1, 4, 8 ]
[ -5, 2, 0, 2, -1, 3, 0, 0, 31 ]
[ 5, -2, 0, 0, 2, 1, 2, -1, 3 ]
[ 1, 0, -6, -3, 1, 3, 0, 0, 31 ]
[ 5, 0, 1, -3, 1, 3, -1, 0, 6 ]
[ 1, -19, 0, 0, 1, 16, 0, 0, 31 ]
[ 1, -19, 0, 0, 2, 1, 0, 1, 16 ]
[ 0, 1, 16, -1, 19, 0, 0, 0, 31 ]
[ 0, 2, 1, -1, 19, 0, 0, 1, 16 ]
[ 2, -7, 0, -1, 4, 8, 0, 0, 31 ]
[ 2, -7, 0, 0, 2, 1, -1, 4, 8 ]
[ 0, 1, 16, -1, 4, 8, 0, 0, 31 ]
[ 0, 2, 1, -1, 4, 8, 0, 1, 16 ]
[ -2, 1, -3, 1, -1, 9, 0, 0, 31 ]
[ 2, -1, 3, 0, 2, 1, 1, -1, 9 ]
[ 1, -4, -8, 0, 1, 16, 0, 0, 31 ]
[ 1, -4, -8, 0, 2, 1, 0, 1, 16 ]
[ 1, -1, 9, 0, 1, 16, 0, 0, 31 ]
[ 1, -1, 9, 0, 2, 1, 0, 1, 16 ]
[ 31, 0, 0, 8, 1, 0, 5, 0, 1 ]
[ 1, 4, 0, 0, 31, 0, 0, 11, 1 ]
[ 8, 1, 0, 1, 4, 0, -3, -1, 1 ]
[ 1, 0, -6, 8, 1, 0, 0, 0, 31 ]
[ 5, 0, 1, 8, 1, 0, -1, 0, 6 ]
[ 1, 4, 0, 0, 11, 1, 0, 2, 3 ]
[ 3, 1, -1, 1, 4, 0, -1, -2, 3 ]
[ -1, 0, 6, -3, -1, 1, 0, 0, 31 ]
[ 8, 1, 0, -1, 0, 6, 0, 0, 31 ]
[ -8, -1, 0, -3, -1, 1, -1, 0, 6 ]
[ 1, 4, 0, 0, 1, 17, 0, 0, 31 ]
[ 1, 4, 0, 0, 2, 3, 0, 1, 17 ]
[ 0, -1, -17, 1, 4, 0, 0, 0, 31 ]
[ 1, 2, -3, 0, 1, 17, 0, 0, 31 ]
[ 1, 2, -3, 1, 4, 0, 0, 1, 17 ]
[ 3, 1, -1, -1, 0, 6, 0, 0, 31 ]
[ -3, -1, 1, -1, -2, 3, -1, 0, 6 ]
[ -1, -1, 20, -1, -2, 3, 0, 0, 31 ]
[ -1, 0, 6, -1, -1, 20, 0, 0, 31 ]
[ -1, 0, 6, -1, -2, 3, -1, -1, 20 ]
[ 31, 0, 0, 3, 1, 0, 5, 0, 1 ]
[ 1, -10, 0, 0, 31, 0, 0, -12, 1 ]
[ 3, 1, 0, -1, 10, 0, -1, -2, 1 ]
[ 1, 0, -6, 3, 1, 0, 0, 0, 31 ]
[ 5, 0, 1, 3, 1, 0, -1, 0, 6 ]
[ -1, 10, 0, 0, -12, 1, 0, -5, 3 ]
[ 1, 2, -1, -1, 10, 0, 0, -5, 3 ]
[ 3, 1, 0, -1, 0, 6, 0, 0, 31 ]
[ -3, -1, 0, -1, -2, 1, -1, 0, 6 ]
[ -1, 10, 0, 0, -5, 3, 0, 2, 5 ]
[ 0, 5, -3, -1, 10, 0, 0, 2, 5 ]
[ -1, -2, 1, 0, -5, 3, 0, 2, 5 ]
[ -1, -1, 19, -1, -2, 1, 0, 0, 31 ]
[ -1, 0, 6, -1, -1, 19, 0, 0, 31 ]
[ -1, 0, 6, -1, -2, 1, -1, -1, 19 ]
[ 1, -10, 0, 0, 1, 18, 0, 0, 31 ]
[ 1, -10, 0, 0, 2, 5, 0, 1, 18 ]
[ 0, 1, 18, -1, 10, 0, 0, 0, 31 ]
[ 0, 2, 5, -1, 10, 0, 0, 1, 18 ]
[ 1, 2, -1, 0, 1, 18, 0, 0, 31 ]
[ 1, 2, -1, 0, 2, 5, 0, 1, 18 ]
[ 31, 0, 0, -2, 1, 0, 5, 0, 1 ]
[ 1, -16, 0, 0, 31, 0, 0, -13, 1 ]
[ 2, -1, 0, -1, 16, 0, -1, 3, 1 ]
[ 1, 0, -6, -2, 1, 0, 0, 0, 31 ]
[ 5, 0, 1, -2, 1, 0, -1, 0, 6 ]
[ -1, 16, 0, 0, -13, 1, 0, 5, 2 ]
[ 1, -3, -1, -1, 16, 0, 0, 5, 2 ]
[ -2, 1, 0, 1, -1, 6, 0, 0, 31 ]
[ 2, -1, 0, -1, 3, 1, 1, -1, 6 ]
[ 1, -16, 0, 0, 5, 2, 0, 2, 7 ]
[ 0, 5, 2, -1, 16, 0, 0, 2, 7 ]
[ 1, -3, -1, 0, 5, 2, 0, 2, 7 ]
[ 0, 1, 19, -1, 3, 1, 0, 0, 31 ]
[ 1, -1, 6, 0, 1, 19, 0, 0, 31 ]
[ 1, -1, 6, -1, 3, 1, 0, 1, 19 ]
[ 1, -16, 0, 0, 1, 19, 0, 0, 31 ]
[ 1, -16, 0, 0, 2, 7, 0, 1, 19 ]
[ 0, 1, 19, -1, 16, 0, 0, 0, 31 ]
[ 0, 2, 7, -1, 16, 0, 0, 1, 19 ]
[ 1, -3, -1, 0, 1, 19, 0, 0, 31 ]
[ 1, -3, -1, 0, 2, 7, 0, 1, 19 ]
[ 31, 0, 0, -7, 1, 0, 5, 0, 1 ]
[ 7, -1, 0, 3, 4, 0, -2, 1, 1 ]
[ 1, 0, -6, -7, 1, 0, 0, 0, 31 ]
[ 5, 0, 1, -7, 1, 0, -1, 0, 6 ]
[ 1, -9, 0, 0, 31, 0, 0, 14, 1 ]
[ 3, 4, 0, -1, 9, 0, 1, 5, 1 ]
[ 2, -1, -1, 3, 4, 0, 1, 2, 3 ]
[ 1, 0, -6, -2, 1, 1, 0, 0, 31 ]
[ -7, 1, 0, -1, 0, 6, 0, 0, 31 ]
[ 7, -1, 0, -2, 1, 1, -1, 0, 6 ]
[ 1, -9, 0, 0, 14, 1, 0, -3, 2 ]
[ 1, 5, 1, -1, 9, 0, 0, -3, 2 ]
[ 3, 4, 0, 1, 5, 1, 1, 2, 3 ]
[ -2, -3, -17, 3, 4, 0, 0, 0, 31 ]
[ -1, -2, -3, 2, 3, 17, 0, 0, 31 ]
[ -1, -2, -3, 3, 4, 0, 2, 3, 17 ]
[ -2, 1, 1, -1, 0, 6, 0, 0, 31 ]
[ 2, -1, -1, 1, 2, 3, -1, 0, 6 ]
[ -1, 9, 0, 0, -1, 11, 0, 0, 31 ]
[ -1, 9, 0, 0, -3, 2, 0, -1, 11 ]
[ 0, 1, -11, -1, 9, 0, 0, 0, 31 ]
[ 0, 3, -2, -1, 9, 0, 0, -1, 11 ]
[ -1, -5, -1, 0, -1, 11, 0, 0, 31 ]
[ -1, -5, -1, 0, -3, 2, 0, -1, 11 ]
[ 0, -1, 11, 1, 5, 1, 0, 0, 31 ]
[ -1, -2, -3, 0, -1, 11, 0, 0, 31 ]
[ 1, 2, 3, 1, 5, 1, 0, -1, 11 ]
[ 2, 3, 17, 1, 2, 3, 0, 0, 31 ]
[ 3, 4, 0, 2, 3, 17, 0, 0, 31 ]
[ 3, 4, 0, 1, 2, 3, 2, 3, 17 ]
[ 0, -1, -20, 1, 2, 3, 0, 0, 31 ]
[ 1, 0, -6, 0, 1, 20, 0, 0, 31 ]
[ 1, 0, -6, 1, 2, 3, 0, 1, 20 ]
[ 31, 0, 0, -12, 1, 0, 5, 0, 1 ]
[ 12, -1, 0, -5, 3, 0, 5, 0, 1 ]
[ 1, 0, -6, -12, 1, 0, 0, 0, 31 ]
[ 5, 0, 1, -12, 1, 0, -1, 0, 6 ]
[ 5, -3, 0, 2, 5, 0, 0, 3, 1 ]
[ 2, -1, -2, -5, 3, 0, 0, 0, 31 ]
[ 5, 0, 1, -5, 3, 0, -2, 1, 2 ]
[ -12, 1, 0, -1, 0, 6, 0, 0, 31 ]
[ 12, -1, 0, 5, 0, 1, -1, 0, 6 ]
[ 1, 18, 0, 0, 31, 0, 0, 3, 1 ]
[ 2, 5, 0, 1, 18, 0, 0, 3, 1 ]
[ 1, 2, 5, 2, 5, 0, 0, 0, 31 ]
[ 0, -3, -1, 2, 5, 0, 1, 2, 5 ]
[ -5, 3, 0, -2, 1, 2, 0, 0, 31 ]
[ 5, -3, 0, 0, 3, 1, -2, 1, 2 ]
[ 1, 0, -6, -2, 1, 2, 0, 0, 31 ]
[ 5, 0, 1, -2, 1, 2, -1, 0, 6 ]
[ -1, -18, 0, 0, -1, 10, 0, 0, 31 ]
[ 1, 18, 0, 0, 3, 1, 0, -1, 10 ]
[ 0, -1, 10, 1, 18, 0, 0, 0, 31 ]
[ 0, -3, -1, 1, 18, 0, 0, -1, 10 ]
[ -2, -5, 0, 1, 2, 5, 0, 0, 31 ]
[ 2, 5, 0, 0, 3, 1, 1, 2, 5 ]
[ 0, -1, 10, 1, 2, 5, 0, 0, 31 ]
[ 0, -3, -1, 1, 2, 5, 0, -1, 10 ]
[ -2, 1, 2, -1, 0, 6, 0, 0, 31 ]
[ 2, -1, -2, 0, 3, 1, -1, 0, 6 ]
[ -1, -2, -5, 0, -1, 10, 0, 0, 31 ]
[ 1, 2, 5, 0, 3, 1, 0, -1, 10 ]
[ -1, 0, 6, 0, -1, 10, 0, 0, 31 ]
[ 1, 0, -6, 0, 3, 1, 0, -1, 10 ]
[ 31, 0, 0, 14, 1, 0, 5, 0, 1 ]
[ 14, 1, 0, -3, 2, 0, 5, 0, 1 ]
[ 1, 0, -6, 14, 1, 0, 0, 0, 31 ]
[ 5, 0, 1, 14, 1, 0, -1, 0, 6 ]
[ 1, -11, 0, 0, 31, 0, 0, -7, 1 ]
[ 3, -2, 0, -1, 11, 0, -1, 4, 1 ]
[ 2, -1, -3, -3, 2, 0, 0, 0, 31 ]
[ 5, 0, 1, -3, 2, 0, -2, 1, 3 ]
[ 14, 1, 0, -1, 0, 6, 0, 0, 31 ]
[ -14, -1, 0, 5, 0, 1, -1, 0, 6 ]
[ -1, 11, 0, 0, -7, 1, 0, 3, 4 ]
[ 1, -4, -1, -1, 11, 0, 0, 3, 4 ]
[ -3, 2, 0, 1, -1, 3, 0, 0, 31 ]
[ 3, -2, 0, -1, 4, 1, 1, -1, 3 ]
[ 1, 0, -6, -2, 1, 3, 0, 0, 31 ]
[ 5, 0, 1, -2, 1, 3, -1, 0, 6 ]
[ -1, 11, 0, 0, -1, 9, 0, 0, 31 ]
[ 1, -11, 0, 0, 3, 4, 0, -1, 9 ]
[ 0, 1, -9, -1, 11, 0, 0, 0, 31 ]
[ 0, 3, 4, -1, 11, 0, 0, -1, 9 ]
[ -1, 4, 1, 0, -1, 9, 0, 0, 31 ]
[ 1, -4, -1, 0, 3, 4, 0, -1, 9 ]
[ 0, 1, -9, -1, 4, 1, 0, 0, 31 ]
[ -1, 1, -3, 0, -1, 9, 0, 0, 31 ]
[ 1, -1, 3, -1, 4, 1, 0, -1, 9 ]
[ 31, 0, 0, 9, 1, 0, 5, 0, 1 ]
[ 9, 1, 0, -4, 3, 0, 5, 0, 1 ]
[ 1, 0, -6, 9, 1, 0, 0, 0, 31 ]
[ 5, 0, 1, 9, 1, 0, -1, 0, 6 ]
[ 1, 7, 0, 0, 31, 0, 0, -4, 1 ]
[ 4, -3, 0, 1, 7, 0, 1, 3, 1 ]
[ -1, 1, -2, -4, 3, 0, 0, 0, 31 ]
[ 5, 0, 1, -4, 3, 0, 1, -1, 2 ]
[ 9, 1, 0, -1, 0, 6, 0, 0, 31 ]
[ -9, -1, 0, 5, 0, 1, -1, 0, 6 ]
[ -1, -7, 0, 0, -1, 8, 0, 0, 31 ]
[ -1, -7, 0, 0, -4, 1, 0, -1, 8 ]
[ 0, -1, 8, 1, 7, 0, 0, 0, 31 ]
[ -1, -3, -1, 0, -1, 8, 0, 0, 31 ]
[ 1, 3, 1, 1, 7, 0, 0, -1, 8 ]
[ -4, 3, 0, 1, -1, 2, 0, 0, 31 ]
[ 4, -3, 0, 1, 3, 1, 1, -1, 2 ]
[ -1, 0, 6, 1, -1, 2, 0, 0, 31 ]
[ -5, 0, -1, 1, -1, 2, -1, 0, 6 ]
[ 0, -1, 8, 1, 3, 1, 0, 0, 31 ]
[ -1, 1, -2, 0, -1, 8, 0, 0, 31 ]
[ 1, -1, 2, 1, 3, 1, 0, -1, 8 ]
[ 31, 0, 0, 4, 1, 0, 5, 0, 1 ]
[ 1, 8, 0, 0, 31, 0, 0, -9, 1 ]
[ 4, 1, 0, 1, 8, 0, 1, -1, 1 ]
[ 1, 0, -6, 4, 1, 0, 0, 0, 31 ]
[ 5, 0, 1, 4, 1, 0, -1, 0, 6 ]
[ -1, -8, 0, 0, -9, 1, 0, 4, 3 ]
[ 1, -1, 1, 1, 8, 0, 0, 4, 3 ]
[ -1, 0, 6, 1, -1, 1, 0, 0, 31 ]
[ 4, 1, 0, -1, 0, 6, 0, 0, 31 ]
[ -4, -1, 0, 1, -1, 1, -1, 0, 6 ]
[ -1, -8, 0, 0, -1, 7, 0, 0, 31 ]
[ 1, 8, 0, 0, 4, 3, 0, -1, 7 ]
[ 0, -1, 7, 1, 8, 0, 0, 0, 31 ]
[ 0, -4, -3, 1, 8, 0, 0, -1, 7 ]
[ -1, 1, -1, 0, -1, 7, 0, 0, 31 ]
[ 1, -1, 1, 0, 4, 3, 0, -1, 7 ]
[ 1, -1, 0, 0, 31, 0, 0, 5, 1 ]
[ 31, 0, 0, -1, 1, 0, 5, 0, 1 ]
[ -1, 1, 0, 0, -1, 6, 0, 0, 31 ]
[ 1, -1, 0, 0, 5, 1, 0, -1, 6 ]
[ 1, 0, -6, -1, 1, 0, 0, 0, 31 ]
[ 5, 0, 1, -1, 1, 0, -1, 0, 6 ]
[ 31, 0, 0, -6, 1, 0, 5, 0, 1 ]
[ 1, 5, 0, 0, 31, 0, 0, 6, 1 ]
[ 6, -1, 0, 1, 5, 0, -1, 1, 1 ]
[ 1, 0, -6, -6, 1, 0, 0, 0, 31 ]
[ 5, 0, 1, -6, 1, 0, -1, 0, 6 ]
[ -1, -5, 0, 0, -1, 5, 0, 0, 31 ]
[ 1, 5, 0, 0, 6, 1, 0, -1, 5 ]
[ 0, -1, 5, 1, 5, 0, 0, 0, 31 ]
[ -1, 1, 1, 0, -1, 5, 0, 0, 31 ]
[ 1, -1, -1, 1, 5, 0, 0, -1, 5 ]
[ 1, 0, -6, -1, 1, 1, 0, 0, 31 ]
[ -6, 1, 0, -1, 0, 6, 0, 0, 31 ]
[ 6, -1, 0, -1, 1, 1, -1, 0, 6 ]
[ 31, 0, 0, -11, 1, 0, 5, 0, 1 ]
[ 11, -1, 0, -2, 3, 0, 5, 0, 1 ]
[ 1, 0, -6, -11, 1, 0, 0, 0, 31 ]
[ 5, 0, 1, -11, 1, 0, -1, 0, 6 ]
[ 1, -17, 0, 0, 31, 0, 0, -8, 1 ]
[ 2, -3, 0, -1, 17, 0, -1, 9, 1 ]
[ 1, -1, -2, -2, 3, 0, 0, 0, 31 ]
[ 5, 0, 1, -2, 3, 0, -1, 1, 2 ]
[ -11, 1, 0, -1, 0, 6, 0, 0, 31 ]
[ 11, -1, 0, 5, 0, 1, -1, 0, 6 ]
[ -1, 17, 0, 0, -1, 4, 0, 0, 31 ]
[ -1, 17, 0, 0, -8, 1, 0, -1, 4 ]
[ 0, 1, -4, -1, 17, 0, 0, 0, 31 ]
[ -1, 9, 1, 0, -1, 4, 0, 0, 31 ]
[ 1, -9, -1, -1, 17, 0, 0, -1, 4 ]
[ -2, 3, 0, 1, -2, 2, 0, 0, 31 ]
[ 2, -3, 0, -1, 9, 1, 1, -2, 2 ]
[ 1, 0, -6, -1, 1, 2, 0, 0, 31 ]
[ 5, 0, 1, -1, 1, 2, -1, 0, 6 ]
[ 0, 1, -4, -1, 9, 1, 0, 0, 31 ]
[ -1, 2, -2, 0, -1, 4, 0, 0, 31 ]
[ 1, -2, 2, -1, 9, 1, 0, -1, 4 ]
[ 31, 0, 0, 15, 1, 0, 5, 0, 1 ]
[ 1, -2, 0, 0, 31, 0, 0, 10, 1 ]
[ 15, 1, 0, -1, 2, 0, 5, 0, 1 ]
[ 1, 0, -6, 15, 1, 0, 0, 0, 31 ]
[ 5, 0, 1, 15, 1, 0, -1, 0, 6 ]
[ -1, 2, 0, 0, -1, 3, 0, 0, 31 ]
[ 1, -2, 0, 0, 10, 1, 0, -1, 3 ]
[ 1, -1, -3, -1, 2, 0, 0, 0, 31 ]
[ 5, 0, 1, -1, 2, 0, -1, 1, 3 ]
[ 15, 1, 0, -1, 0, 6, 0, 0, 31 ]
[ -15, -1, 0, 5, 0, 1, -1, 0, 6 ]
[ 1, 0, -6, -1, 1, 3, 0, 0, 31 ]
[ 5, 0, 1, -1, 1, 3, -1, 0, 6 ]
[ 31, 0, 0, 10, 1, 0, 5, 0, 1 ]
[ 1, -3, 0, 0, 31, 0, 0, 15, 1 ]
[ 10, 1, 0, -1, 3, 0, 5, 0, 1 ]
[ 1, 0, -6, 10, 1, 0, 0, 0, 31 ]
[ 5, 0, 1, 10, 1, 0, -1, 0, 6 ]
[ -1, 3, 0, 0, -1, 2, 0, 0, 31 ]
[ 1, -3, 0, 0, 15, 1, 0, -1, 2 ]
[ 0, 1, -2, -1, 3, 0, 0, 0, 31 ]
[ 5, 0, 1, -1, 3, 0, 0, -1, 2 ]
[ 10, 1, 0, -1, 0, 6, 0, 0, 31 ]
[ -10, -1, 0, 5, 0, 1, -1, 0, 6 ]
[ -1, 0, 6, 0, -1, 2, 0, 0, 31 ]
[ -5, 0, -1, 0, -1, 2, -1, 0, 6 ]
[ 31, 0, 0, 5, 1, 0, 5, 0, 1 ]
[ -1, 6, 0, 0, -1, 1, 0, 0, 31 ]
[ 1, -6, 0, 0, 31, 0, 0, -1, 1 ]
[ 0, 1, -1, -1, 6, 0, 0, 0, 31 ]
[ 5, 1, 0, -1, 6, 0, 0, -1, 1 ]
[ 1, 0, -6, 5, 1, 0, 0, 0, 31 ]
[ 5, 0, 1, 5, 1, 0, -1, 0, 6 ]
[ -1, 0, 6, 0, -1, 1, 0, 0, 31 ]
[ 5, 1, 0, -1, 0, 6, 0, 0, 31 ]
[ -5, -1, 0, 0, -1, 1, -1, 0, 6 ]
[ 31, 0, 0, 0, 1, 0, 6, 0, 1 ]
[ 1, 0, -5, 0, 1, 0, 0, 0, 31 ]
[ 6, 0, 1, 0, 1, 0, -1, 0, 5 ]
[ 31, 0, 0, -6, 1, 0, 6, 0, 1 ]
[ 1, 5, 0, 0, 1, 1, 0, 0, 31 ]
[ 1, 5, 0, 0, 31, 0, 0, 1, 1 ]
[ 0, -1, -1, 1, 5, 0, 0, 0, 31 ]
[ 6, -1, 0, 1, 5, 0, 0, 1, 1 ]
[ 1, 0, -5, -6, 1, 0, 0, 0, 31 ]
[ 6, 0, 1, -6, 1, 0, -1, 0, 5 ]
[ 1, 0, -5, 0, 1, 1, 0, 0, 31 ]
[ -6, 1, 0, -1, 0, 5, 0, 0, 31 ]
[ 6, -1, 0, 0, 1, 1, -1, 0, 5 ]
[ 31, 0, 0, -12, 1, 0, 6, 0, 1 ]
[ 12, -1, 0, -5, 3, 0, -6, 1, 1 ]
[ 1, 0, -5, -12, 1, 0, 0, 0, 31 ]
[ 6, 0, 1, -12, 1, 0, -1, 0, 5 ]
[ 1, 2, -1, 2, 5, 0, 0, 0, 31 ]
[ 5, -3, 0, 2, 5, 0, -1, -2, 1 ]
[ 6, -1, -1, -5, 3, 0, 0, 1, 2 ]
[ 1, 0, -5, -6, 1, 1, 0, 0, 31 ]
[ -12, 1, 0, -1, 0, 5, 0, 0, 31 ]
[ 12, -1, 0, -6, 1, 1, -1, 0, 5 ]
[ 1, 18, 0, 0, 31, 0, 0, -15, 1 ]
[ 2, 5, 0, 1, 3, 1, 0, 0, 31 ]
[ 2, 5, 0, 1, 18, 0, 1, 3, 1 ]
[ 0, 1, 2, -1, -2, 1, 0, 0, 31 ]
[ -5, 3, 0, -1, -2, 1, 0, 1, 2 ]
[ 0, 1, 2, -1, 1, 7, 0, 0, 31 ]
[ 0, 1, 2, -5, 3, 0, -1, 1, 7 ]
[ 1, 0, -5, 0, 1, 2, 0, 0, 31 ]
[ -6, 1, 1, -1, 0, 5, 0, 0, 31 ]
[ 6, -1, -1, 0, 1, 2, -1, 0, 5 ]
[ 1, 18, 0, 0, 1, 2, 0, 0, 31 ]
[ -1, -18, 0, 0, -15, 1, 0, 1, 2 ]
[ 0, -1, -2, 1, 18, 0, 0, 0, 31 ]
[ 1, 3, 1, 0, 1, 2, 0, 0, 31 ]
[ 1, 3, 1, 1, 18, 0, 0, 1, 2 ]
[ 1, -1, -7, 0, 1, 2, 0, 0, 31 ]
[ 5, -3, 0, 0, 1, 2, -1, 1, 7 ]
[ -3, 2, 19, -5, 3, 0, 0, 0, 31 ]
[ -1, 1, 7, -3, 2, 19, 0, 0, 31 ]
[ -1, 1, 7, -5, 3, 0, -3, 2, 19 ]
[ 3, -2, -19, -1, 1, 7, 0, 0, 31 ]
[ 5, -3, 0, -3, 2, 19, 0, 0, 31 ]
[ 5, -3, 0, -1, 1, 7, -3, 2, 19 ]
[ 31, 0, 0, 13, 1, 0, 6, 0, 1 ]
[ 13, 1, 0, -5, 2, 0, 6, 0, 1 ]
[ 1, 0, -5, 13, 1, 0, 0, 0, 31 ]
[ 6, 0, 1, 13, 1, 0, -1, 0, 5 ]
[ 5, -2, 0, -2, 7, 0, 1, 2, 1 ]
[ 6, 0, 1, -5, 2, 0, 0, 1, 3 ]
[ 13, 1, 0, -1, 0, 5, 0, 0, 31 ]
[ -13, -1, 0, 6, 0, 1, -1, 0, 5 ]
[ 1, -19, 0, 0, 31, 0, 0, -10, 1 ]
[ 2, -7, 0, -1, 19, 0, -1, 9, 1 ]
[ 1, 2, 1, 0, 1, 3, 0, 0, 31 ]
[ 1, 2, 1, -2, 7, 0, 0, 1, 3 ]
[ 0, -1, -3, 1, 2, 1, 0, 0, 31 ]
[ 5, -2, 0, 1, 2, 1, 0, 1, 3 ]
[ 0, 1, 3, -1, 0, 5, 0, 0, 31 ]
[ 0, 1, 3, -5, 2, 0, -1, 0, 5 ]
[ 1, 0, -5, 0, 1, 3, 0, 0, 31 ]
[ 6, 0, 1, 0, 1, 3, -1, 0, 5 ]
[ 1, -19, 0, 0, 1, 3, 0, 0, 31 ]
[ -1, 19, 0, 0, -10, 1, 0, 1, 3 ]
[ 0, 1, 3, -1, 19, 0, 0, 0, 31 ]
[ 1, -9, -1, 0, 1, 3, 0, 0, 31 ]
[ 1, -9, -1, -1, 19, 0, 0, 1, 3 ]
[ 0, 1, 3, -1, 9, 1, 0, 0, 31 ]
[ 2, -7, 0, -1, 9, 1, 0, 1, 3 ]
[ -1, 4, 17, -2, 7, 0, 0, 0, 31 ]
[ 0, 1, 3, -1, 4, 17, 0, 0, 31 ]
[ 0, 1, 3, -2, 7, 0, -1, 4, 17 ]
[ 5, -2, 0, 0, 1, 3, -1, 0, 5 ]
[ 3, -1, -18, -5, 2, 0, 0, 0, 31 ]
[ 1, 0, -5, -3, 1, 18, 0, 0, 31 ]
[ 1, 0, -5, -5, 2, 0, -3, 1, 18 ]
[ 1, 0, -5, 0, 1, 3, 0, 0, 31 ]
[ 1, -4, -17, 0, 1, 3, 0, 0, 31 ]
[ 2, -7, 0, -1, 4, 17, 0, 0, 31 ]
[ 2, -7, 0, 0, 1, 3, -1, 4, 17 ]
[ -3, 1, 18, -1, 0, 5, 0, 0, 31 ]
[ -5, 2, 0, -3, 1, 18, 0, 0, 31 ]
[ -5, 2, 0, -1, 0, 5, -3, 1, 18 ]
[ 31, 0, 0, 7, 1, 0, 6, 0, 1 ]
[ 7, 1, 0, -3, 4, 0, -1, -1, 1 ]
[ 1, 0, -5, 7, 1, 0, 0, 0, 31 ]
[ 6, 0, 1, 7, 1, 0, -1, 0, 5 ]
[ 1, 9, 0, 0, 31, 0, 0, 8, 1 ]
[ 3, -4, 0, 1, 9, 0, -1, -1, 1 ]
[ 1, 1, -1, 0, 1, 4, 0, 0, 31 ]
[ 1, 1, -1, -3, 4, 0, 0, 1, 4 ]
[ -1, 0, 5, -1, -1, 1, 0, 0, 31 ]
[ 7, 1, 0, -1, 0, 5, 0, 0, 31 ]
[ -7, -1, 0, -1, -1, 1, -1, 0, 5 ]
[ 1, 9, 0, 0, 1, 4, 0, 0, 31 ]
[ 1, 9, 0, 0, 8, 1, 0, 1, 4 ]
[ 0, -1, -4, 1, 9, 0, 0, 0, 31 ]
[ 1, 1, -1, 1, 9, 0, 0, 1, 4 ]
[ 0, 1, 4, -1, -1, 1, 0, 0, 31 ]
[ -3, 4, 0, -1, -1, 1, 0, 1, 4 ]
[ 1, -1, -9, -3, 4, 0, 0, 0, 31 ]
[ 0, 1, 4, -1, 1, 9, 0, 0, 31 ]
[ 0, 1, 4, -3, 4, 0, -1, 1, 9 ]
[ 1, 1, -1, 0, 1, 4, 0, 0, 31 ]
[ 1, -1, -9, 0, 1, 4, 0, 0, 31 ]
[ -3, 4, 0, -1, 1, 9, 0, 0, 31 ]
[ 3, -4, 0, 0, 1, 4, -1, 1, 9 ]
[ 1, 1, 0, 0, 31, 0, 0, -6, 1 ]
[ 31, 0, 0, 1, 1, 0, 6, 0, 1 ]
[ 1, 1, 0, 0, 1, 5, 0, 0, 31 ]
[ -1, -1, 0, 0, -6, 1, 0, 1, 5 ]
[ 1, 0, -5, 1, 1, 0, 0, 0, 31 ]
[ 6, 0, 1, 1, 1, 0, -1, 0, 5 ]
[ 31, 0, 0, -5, 1, 0, 6, 0, 1 ]
[ 1, 6, 0, 0, 31, 0, 0, -5, 1 ]
[ 5, -1, 0, 1, 6, 0, 1, 1, 1 ]
[ 1, 0, -5, -5, 1, 0, 0, 0, 31 ]
[ 6, 0, 1, -5, 1, 0, -1, 0, 5 ]
[ 1, 6, 0, 0, 1, 6, 0, 0, 31 ]
[ -1, -6, 0, 0, -5, 1, 0, 1, 6 ]
[ 0, -1, -6, 1, 6, 0, 0, 0, 31 ]
[ 1, 1, 1, 0, 1, 6, 0, 0, 31 ]
[ 1, 1, 1, 1, 6, 0, 0, 1, 6 ]
[ 1, 0, -5, 1, 1, 1, 0, 0, 31 ]
[ -5, 1, 0, -1, 0, 5, 0, 0, 31 ]
[ 5, -1, 0, 1, 1, 1, -1, 0, 5 ]
[ 31, 0, 0, -11, 1, 0, 6, 0, 1 ]
[ 11, -1, 0, -2, 3, 0, -5, 1, 1 ]
[ 1, 0, -5, -11, 1, 0, 0, 0, 31 ]
[ 6, 0, 1, -11, 1, 0, -1, 0, 5 ]
[ 1, -17, 0, 0, 31, 0, 0, 9, 1 ]
[ 2, -3, 0, -1, 17, 0, 1, -8, 1 ]
[ 5, -1, -1, -2, 3, 0, 1, 1, 2 ]
[ 1, 0, -5, -5, 1, 1, 0, 0, 31 ]
[ -11, 1, 0, -1, 0, 5, 0, 0, 31 ]
[ 11, -1, 0, -5, 1, 1, -1, 0, 5 ]
[ 1, -17, 0, 0, 9, 1, 0, -4, 3 ]
[ 1, -8, 1, -1, 17, 0, 0, -4, 3 ]
[ -2, 3, 0, 1, -8, 1, -1, 4, 2 ]
[ 1, 1, 2, 0, 1, 7, 0, 0, 31 ]
[ 1, 1, 2, -2, 3, 0, 0, 1, 7 ]
[ 1, 0, -5, 1, 1, 2, 0, 0, 31 ]
[ -5, 1, 1, -1, 0, 5, 0, 0, 31 ]
[ 5, -1, -1, 1, 1, 2, -1, 0, 5 ]
[ 1, -17, 0, 0, 1, 7, 0, 0, 31 ]
[ -1, 17, 0, 0, -4, 3, 0, 1, 7 ]
[ 0, 1, 7, -1, 17, 0, 0, 0, 31 ]
[ 0, 4, -3, -1, 17, 0, 0, 1, 7 ]
[ 1, -8, 1, 0, 1, 7, 0, 0, 31 ]
[ -1, 8, -1, 0, -4, 3, 0, 1, 7 ]
[ 0, -1, -7, 1, -8, 1, 0, 0, 31 ]
[ 1, -4, -2, 0, 1, 7, 0, 0, 31 ]
[ -1, 4, 2, 1, -8, 1, 0, 1, 7 ]
[ 0, 1, 7, -1, 4, 2, 0, 0, 31 ]
[ 2, -3, 0, -1, 4, 2, 0, 1, 7 ]
[ -1, 2, 19, -2, 3, 0, 0, 0, 31 ]
[ 0, 1, 7, -1, 2, 19, 0, 0, 31 ]
[ 0, 1, 7, -2, 3, 0, -1, 2, 19 ]
[ 1, -2, -19, 0, 1, 7, 0, 0, 31 ]
[ 2, -3, 0, -1, 2, 19, 0, 0, 31 ]
[ 2, -3, 0, 0, 1, 7, -1, 2, 19 ]
[ 31, 0, 0, 14, 1, 0, 6, 0, 1 ]
[ 14, 1, 0, -3, 2, 0, 6, 0, 1 ]
[ 1, 0, -5, 14, 1, 0, 0, 0, 31 ]
[ 6, 0, 1, 14, 1, 0, -1, 0, 5 ]
[ 1, -11, 0, 0, 31, 0, 0, 4, 1 ]
[ 3, -2, 0, -1, 11, 0, 0, 4, 1 ]
[ 6, 0, 1, -3, 2, 0, 1, 1, 3 ]
[ 14, 1, 0, -1, 0, 5, 0, 0, 31 ]
[ -14, -1, 0, 6, 0, 1, -1, 0, 5 ]
[ 1, -11, 0, 0, 1, 8, 0, 0, 31 ]
[ 1, -11, 0, 0, 4, 1, 0, 1, 8 ]
[ 0, 1, 8, -1, 11, 0, 0, 0, 31 ]
[ 0, 4, 1, -1, 11, 0, 0, 1, 8 ]
[ 3, -2, 0, 0, 4, 1, 1, 1, 3 ]
[ 1, 1, 3, -1, 0, 5, 0, 0, 31 ]
[ 1, 1, 3, -3, 2, 0, -1, 0, 5 ]
[ 1, 0, -5, 1, 1, 3, 0, 0, 31 ]
[ 6, 0, 1, 1, 1, 3, -1, 0, 5 ]
[ 1, 1, 3, 0, 1, 8, 0, 0, 31 ]
[ 1, 1, 3, 0, 4, 1, 0, 1, 8 ]
[ 3, -2, 0, 1, 1, 3, -1, 0, 5 ]
[ 2, -1, -18, -3, 2, 0, 0, 0, 31 ]
[ 1, 0, -5, -2, 1, 18, 0, 0, 31 ]
[ 1, 0, -5, -3, 2, 0, -2, 1, 18 ]
[ 1, 0, -5, 1, 1, 3, 0, 0, 31 ]
[ -2, 1, 18, -1, 0, 5, 0, 0, 31 ]
[ -3, 2, 0, -2, 1, 18, 0, 0, 31 ]
[ -3, 2, 0, -1, 0, 5, -2, 1, 18 ]
[ 31, 0, 0, 8, 1, 0, 6, 0, 1 ]
[ 1, 4, 0, 0, 31, 0, 0, 7, 1 ]
[ 8, 1, 0, 1, 4, 0, -2, -1, 1 ]
[ 1, 0, -5, 8, 1, 0, 0, 0, 31 ]
[ 6, 0, 1, 8, 1, 0, -1, 0, 5 ]
[ 1, 4, 0, 0, 7, 1, 0, -3, 4 ]
[ 2, 1, -1, 1, 1, 4, 0, 0, 31 ]
[ 2, 1, -1, 1, 4, 0, 1, 1, 4 ]
[ -1, 0, 5, -2, -1, 1, 0, 0, 31 ]
[ 8, 1, 0, -1, 0, 5, 0, 0, 31 ]
[ -8, -1, 0, -2, -1, 1, -1, 0, 5 ]
[ 1, 4, 0, 0, 1, 9, 0, 0, 31 ]
[ -1, -4, 0, 0, -3, 4, 0, 1, 9 ]
[ 0, -1, -9, 1, 4, 0, 0, 0, 31 ]
[ 1, 1, 4, 0, 1, 9, 0, 0, 31 ]
[ 1, 1, 4, 1, 4, 0, 0, 1, 9 ]
[ 31, 0, 0, 2, 1, 0, 6, 0, 1 ]
[ 1, 16, 0, 0, 31, 0, 0, -3, 1 ]
[ 2, 1, 0, 1, 16, 0, 0, -3, 1 ]
[ 1, 0, -5, 2, 1, 0, 0, 0, 31 ]
[ 6, 0, 1, 2, 1, 0, -1, 0, 5 ]
[ 1, 16, 0, 0, 1, 10, 0, 0, 31 ]
[ -1, -16, 0, 0, -3, 1, 0, 1, 10 ]
[ 0, -1, -10, 1, 16, 0, 0, 0, 31 ]
[ 0, -3, 1, 1, 16, 0, 0, 1, 10 ]
[ 2, 1, 0, 1, 1, 5, 0, 0, 31 ]
[ -2, -1, 0, 0, -3, 1, 1, 1, 5 ]
[ 1, 1, 5, 0, 1, 10, 0, 0, 31 ]
[ -1, -1, -5, 0, -3, 1, 0, 1, 10 ]
[ 31, 0, 0, -4, 1, 0, 6, 0, 1 ]
[ 1, -8, 0, 0, 31, 0, 0, -14, 1 ]
[ 4, -1, 0, -1, 8, 0, -2, 2, 1 ]
[ 1, 0, -5, -4, 1, 0, 0, 0, 31 ]
[ 6, 0, 1, -4, 1, 0, -1, 0, 5 ]
[ -1, 8, 0, 0, -14, 1, 0, 3, 2 ]
[ 2, -2, -1, -1, 8, 0, 0, 3, 2 ]
[ -4, 1, 0, -1, 0, 5, 0, 0, 31 ]
[ 4, -1, 0, -2, 2, 1, -1, 0, 5 ]
[ 1, -8, 0, 0, 1, 11, 0, 0, 31 ]
[ 1, -8, 0, 0, 3, 2, 0, 1, 11 ]
[ 0, 1, 11, -1, 8, 0, 0, 0, 31 ]
[ 0, 3, 2, -1, 8, 0, 0, 1, 11 ]
[ 2, -2, -1, 0, 3, 2, -1, 0, 5 ]
[ 1, 0, -5, -1, 1, 16, 0, 0, 31 ]
[ 1, 0, -5, -2, 2, 1, -1, 1, 16 ]
[ 1, 0, -5, 0, 1, 11, 0, 0, 31 ]
[ 1, 0, -5, 0, 3, 2, 0, 1, 11 ]
[ -1, 1, 16, -1, 0, 5, 0, 0, 31 ]
[ -2, 2, 1, -1, 0, 5, -1, 1, 16 ]
[ 31, 0, 0, -10, 1, 0, 6, 0, 1 ]
[ 1, 3, 0, 0, 31, 0, 0, 13, 1 ]
[ 10, -1, 0, 1, 3, 0, -4, 1, 1 ]
[ 1, 0, -5, -10, 1, 0, 0, 0, 31 ]
[ 6, 0, 1, -10, 1, 0, -1, 0, 5 ]
[ 1, 3, 0, 0, 13, 1, 0, -5, 2 ]
[ 4, -1, -1, 1, 3, 0, 2, 1, 2 ]
[ 1, 0, -5, -4, 1, 1, 0, 0, 31 ]
[ -10, 1, 0, -1, 0, 5, 0, 0, 31 ]
[ 10, -1, 0, -4, 1, 1, -1, 0, 5 ]
[ -1, -3, 0, 0, -5, 2, 0, -2, 7 ]
[ 2, 1, 2, 1, 1, 7, 0, 0, 31 ]
[ 2, 1, 2, 1, 3, 0, 1, 1, 7 ]
[ 1, 0, -5, 2, 1, 2, 0, 0, 31 ]
[ -4, 1, 1, -1, 0, 5, 0, 0, 31 ]
[ 4, -1, -1, 2, 1, 2, -1, 0, 5 ]
[ -1, -3, 0, 0, -1, 19, 0, 0, 31 ]
[ -1, -3, 0, 0, -2, 7, 0, -1, 19 ]
[ 1, 2, 19, 1, 3, 0, 0, 0, 31 ]
[ 1, 1, 7, 1, 2, 19, 0, 0, 31 ]
[ 1, 1, 7, 1, 3, 0, 1, 2, 19 ]
[ 31, 0, 0, 15, 1, 0, 6, 0, 1 ]
[ 1, -2, 0, 0, 31, 0, 0, 12, 1 ]
[ 15, 1, 0, -1, 2, 0, 6, 0, 1 ]
[ 1, 0, -5, 15, 1, 0, 0, 0, 31 ]
[ 6, 0, 1, 15, 1, 0, -1, 0, 5 ]
[ 1, -2, 0, 0, 12, 1, 0, 5, 3 ]
[ 6, 0, 1, -1, 2, 0, 2, 1, 3 ]
[ 15, 1, 0, -1, 0, 5, 0, 0, 31 ]
[ -15, -1, 0, 6, 0, 1, -1, 0, 5 ]
[ 1, -2, 0, 0, 5, 3, 0, -2, 5 ]
[ 2, 1, 3, -1, 0, 5, 0, 0, 31 ]
[ 2, 1, 3, -1, 2, 0, -1, 0, 5 ]
[ 1, 0, -5, 2, 1, 3, 0, 0, 31 ]
[ 6, 0, 1, 2, 1, 3, -1, 0, 5 ]
[ -1, 2, 0, 0, -1, 18, 0, 0, 31 ]
[ -1, 2, 0, 0, -2, 5, 0, -1, 18 ]
[ 1, -1, -18, -1, 2, 0, 0, 0, 31 ]
[ 1, 0, -5, -1, 1, 18, 0, 0, 31 ]
[ 1, 0, -5, -1, 2, 0, -1, 1, 18 ]
[ 31, 0, 0, 9, 1, 0, 6, 0, 1 ]
[ 9, 1, 0, -4, 3, 0, -3, -1, 1 ]
[ 1, 0, -5, 9, 1, 0, 0, 0, 31 ]
[ 6, 0, 1, 9, 1, 0, -1, 0, 5 ]
[ 1, 7, 0, 0, 31, 0, 0, -11, 1 ]
[ 4, -3, 0, 1, 7, 0, 1, -4, 1 ]
[ 3, 1, -1, -4, 3, 0, 3, -1, 2 ]
[ -1, 0, 5, -3, -1, 1, 0, 0, 31 ]
[ 9, 1, 0, -1, 0, 5, 0, 0, 31 ]
[ -9, -1, 0, -3, -1, 1, -1, 0, 5 ]
[ -1, -7, 0, 0, -11, 1, 0, -2, 3 ]
[ 1, -4, 1, 1, 7, 0, 0, -2, 3 ]
[ -4, 3, 0, 1, -4, 1, -1, 2, 2 ]
[ -3, 1, -2, 2, -1, 7, 0, 0, 31 ]
[ 3, -1, 2, -4, 3, 0, 2, -1, 7 ]
[ -1, 0, 5, 3, -1, 2, 0, 0, 31 ]
[ 3, 1, -1, -1, 0, 5, 0, 0, 31 ]
[ -3, -1, 1, 3, -1, 2, -1, 0, 5 ]
[ -1, -7, 0, 0, -1, 17, 0, 0, 31 ]
[ -1, -7, 0, 0, -2, 3, 0, -1, 17 ]
[ 0, -1, 17, 1, 7, 0, 0, 0, 31 ]
[ 0, -2, 3, 1, 7, 0, 0, -1, 17 ]
[ -1, 4, -1, 0, -1, 17, 0, 0, 31 ]
[ -1, 4, -1, 0, -2, 3, 0, -1, 17 ]
[ 0, -1, 17, 1, -4, 1, 0, 0, 31 ]
[ -1, 2, 2, 0, -1, 17, 0, 0, 31 ]
[ -1, 2, 2, 1, -4, 1, 0, -1, 17 ]
[ 4, -3, 0, -1, 2, 2, -2, 2, 7 ]
[ -1, 1, 19, -4, 3, 0, 0, 0, 31 ]
[ 2, -1, 7, -1, 1, 19, 0, 0, 31 ]
[ 2, -1, 7, -4, 3, 0, -1, 1, 19 ]
[ 1, -1, -19, -1, 2, 2, 0, 0, 31 ]
[ 2, -2, -7, -1, 2, 2, -1, 1, 19 ]
[ 4, -3, 0, -1, 1, 19, 0, 0, 31 ]
[ 4, -3, 0, -2, 2, 7, -1, 1, 19 ]
[ 31, 0, 0, 3, 1, 0, 6, 0, 1 ]
[ 1, -10, 0, 0, 31, 0, 0, -2, 1 ]
[ 3, 1, 0, -1, 10, 0, 0, -2, 1 ]
[ 1, 0, -5, 3, 1, 0, 0, 0, 31 ]
[ 6, 0, 1, 3, 1, 0, -1, 0, 5 ]
[ -1, 10, 0, 0, -1, 16, 0, 0, 31 ]
[ -1, 10, 0, 0, -2, 1, 0, -1, 16 ]
[ 0, 1, -16, -1, 10, 0, 0, 0, 31 ]
[ 0, 2, -1, -1, 10, 0, 0, -1, 16 ]
[ 3, 1, 0, -1, 0, 5, 0, 0, 31 ]
[ -3, -1, 0, 0, -2, 1, -1, 0, 5 ]
[ -1, 0, 5, 0, -1, 16, 0, 0, 31 ]
[ -1, 0, 5, 0, -2, 1, 0, -1, 16 ]
[ 31, 0, 0, -3, 1, 0, 6, 0, 1 ]
[ 1, 10, 0, 0, 31, 0, 0, 2, 1 ]
[ 3, -1, 0, 1, 10, 0, 0, 2, 1 ]
[ 1, 0, -5, -3, 1, 0, 0, 0, 31 ]
[ 6, 0, 1, -3, 1, 0, -1, 0, 5 ]
[ 1, 10, 0, 0, 1, 16, 0, 0, 31 ]
[ 1, 10, 0, 0, 2, 1, 0, 1, 16 ]
[ 0, -1, -16, 1, 10, 0, 0, 0, 31 ]
[ 0, -2, -1, 1, 10, 0, 0, 1, 16 ]
[ -3, 1, 0, -1, 0, 5, 0, 0, 31 ]
[ 3, -1, 0, 0, 2, 1, -1, 0, 5 ]
[ 1, 0, -5, 0, 1, 16, 0, 0, 31 ]
[ 1, 0, -5, 0, 2, 1, 0, 1, 16 ]
[ 31, 0, 0, -9, 1, 0, 6, 0, 1 ]
[ 9, -1, 0, 4, 3, 0, -3, 1, 1 ]
[ 1, 0, -5, -9, 1, 0, 0, 0, 31 ]
[ 6, 0, 1, -9, 1, 0, -1, 0, 5 ]
[ 1, -7, 0, 0, 31, 0, 0, 11, 1 ]
[ 4, 3, 0, -1, 7, 0, 1, 4, 1 ]
[ 3, -1, -1, 4, 3, 0, 3, 1, 2 ]
[ 1, 0, -5, -3, 1, 1, 0, 0, 31 ]
[ -9, 1, 0, -1, 0, 5, 0, 0, 31 ]
[ 9, -1, 0, -3, 1, 1, -1, 0, 5 ]
[ 1, -7, 0, 0, 11, 1, 0, 2, 3 ]
[ 1, 4, 1, -1, 7, 0, 0, 2, 3 ]
[ 4, 3, 0, 1, 4, 1, -1, -2, 2 ]
[ 3, 1, 2, 2, 1, 7, 0, 0, 31 ]
[ 3, 1, 2, 4, 3, 0, 2, 1, 7 ]
[ 1, 0, -5, 3, 1, 2, 0, 0, 31 ]
[ -3, 1, 1, -1, 0, 5, 0, 0, 31 ]
[ 3, -1, -1, 3, 1, 2, -1, 0, 5 ]
[ 1, -7, 0, 0, 1, 17, 0, 0, 31 ]
[ 1, -7, 0, 0, 2, 3, 0, 1, 17 ]
[ 0, 1, 17, -1, 7, 0, 0, 0, 31 ]
[ 0, 2, 3, -1, 7, 0, 0, 1, 17 ]
[ 1, 4, 1, 0, 1, 17, 0, 0, 31 ]
[ 1, 4, 1, 0, 2, 3, 0, 1, 17 ]
[ 0, -1, -17, 1, 4, 1, 0, 0, 31 ]
[ 1, 2, -2, 0, 1, 17, 0, 0, 31 ]
[ 1, 2, -2, 1, 4, 1, 0, 1, 17 ]
[ -4, -3, 0, -1, -2, 2, -2, -2, 7 ]
[ 3, 2, 19, 4, 3, 0, 0, 0, 31 ]
[ 2, 1, 7, 3, 2, 19, 0, 0, 31 ]
[ 2, 1, 7, 4, 3, 0, 3, 2, 19 ]
[ -1, -1, 19, -1, -2, 2, 0, 0, 31 ]
[ -2, -2, 7, -1, -2, 2, -1, -1, 19 ]
[ -4, -3, 0, -1, -1, 19, 0, 0, 31 ]
[ -4, -3, 0, -2, -2, 7, -1, -1, 19 ]
[ 31, 0, 0, -15, 1, 0, 6, 0, 1 ]
[ 1, 2, 0, 0, 31, 0, 0, -12, 1 ]
[ 15, -1, 0, 1, 2, 0, 6, 0, 1 ]
[ 1, 0, -5, -15, 1, 0, 0, 0, 31 ]
[ 6, 0, 1, -15, 1, 0, -1, 0, 5 ]
[ -1, -2, 0, 0, -12, 1, 0, -5, 3 ]
[ 6, 0, 1, 1, 2, 0, 3, 1, 3 ]
[ -15, 1, 0, -1, 0, 5, 0, 0, 31 ]
[ 15, -1, 0, 6, 0, 1, -1, 0, 5 ]
[ -1, -2, 0, 0, -5, 3, 0, 2, 5 ]
[ 3, 1, 3, -1, 0, 5, 0, 0, 31 ]
[ 3, 1, 3, 1, 2, 0, -1, 0, 5 ]
[ 1, 0, -5, 3, 1, 3, 0, 0, 31 ]
[ 6, 0, 1, 3, 1, 3, -1, 0, 5 ]
[ 1, 2, 0, 0, 1, 18, 0, 0, 31 ]
[ 1, 2, 0, 0, 2, 5, 0, 1, 18 ]
[ 0, -1, -18, 1, 2, 0, 0, 0, 31 ]
[ 1, 0, -5, 0, 1, 18, 0, 0, 31 ]
[ 1, 0, -5, 1, 2, 0, 0, 1, 18 ]
[ 31, 0, 0, 10, 1, 0, 6, 0, 1 ]
[ 1, -3, 0, 0, 31, 0, 0, -13, 1 ]
[ 10, 1, 0, -1, 3, 0, -4, -1, 1 ]
[ 1, 0, -5, 10, 1, 0, 0, 0, 31 ]
[ 6, 0, 1, 10, 1, 0, -1, 0, 5 ]
[ -1, 3, 0, 0, -13, 1, 0, 5, 2 ]
[ 4, 1, -1, -1, 3, 0, 2, -1, 2 ]
[ -1, 0, 5, -4, -1, 1, 0, 0, 31 ]
[ 10, 1, 0, -1, 0, 5, 0, 0, 31 ]
[ -10, -1, 0, -4, -1, 1, -1, 0, 5 ]
[ 1, -3, 0, 0, 5, 2, 0, 2, 7 ]
[ -2, 1, -2, 1, -1, 7, 0, 0, 31 ]
[ 2, -1, 2, -1, 3, 0, 1, -1, 7 ]
[ -1, 0, 5, 2, -1, 2, 0, 0, 31 ]
[ 4, 1, -1, -1, 0, 5, 0, 0, 31 ]
[ -4, -1, 1, 2, -1, 2, -1, 0, 5 ]
[ 1, -3, 0, 0, 1, 19, 0, 0, 31 ]
[ 1, -3, 0, 0, 2, 7, 0, 1, 19 ]
[ 0, 1, 19, -1, 3, 0, 0, 0, 31 ]
[ 1, -1, 7, 0, 1, 19, 0, 0, 31 ]
[ 1, -1, 7, -1, 3, 0, 0, 1, 19 ]
[ 31, 0, 0, 4, 1, 0, 6, 0, 1 ]
[ 1, 8, 0, 0, 31, 0, 0, 14, 1 ]
[ 4, 1, 0, 1, 8, 0, -2, -2, 1 ]
[ 1, 0, -5, 4, 1, 0, 0, 0, 31 ]
[ 6, 0, 1, 4, 1, 0, -1, 0, 5 ]
[ 1, 8, 0, 0, 14, 1, 0, -3, 2 ]
[ 2, 2, -1, 1, 8, 0, 0, -3, 2 ]
[ 4, 1, 0, -1, 0, 5, 0, 0, 31 ]
[ -4, -1, 0, -2, -2, 1, -1, 0, 5 ]
[ -1, -8, 0, 0, -1, 11, 0, 0, 31 ]
[ -1, -8, 0, 0, -3, 2, 0, -1, 11 ]
[ 0, -1, 11, 1, 8, 0, 0, 0, 31 ]
[ 0, -3, 2, 1, 8, 0, 0, -1, 11 ]
[ -2, -2, 1, 0, -3, 2, -1, 0, 5 ]
[ -1, 0, 5, -1, -1, 16, 0, 0, 31 ]
[ -1, 0, 5, -2, -2, 1, -1, -1, 16 ]
[ -1, 0, 5, 0, -1, 11, 0, 0, 31 ]
[ -1, 0, 5, 0, -3, 2, 0, -1, 11 ]
[ 1, 1, -16, -1, 0, 5, 0, 0, 31 ]
[ 2, 2, -1, -1, 0, 5, -1, -1, 16 ]
[ 31, 0, 0, -2, 1, 0, 6, 0, 1 ]
[ 1, -16, 0, 0, 31, 0, 0, 3, 1 ]
[ 2, -1, 0, -1, 16, 0, 0, 3, 1 ]
[ 1, 0, -5, -2, 1, 0, 0, 0, 31 ]
[ 6, 0, 1, -2, 1, 0, -1, 0, 5 ]
[ -1, 16, 0, 0, -1, 10, 0, 0, 31 ]
[ 1, -16, 0, 0, 3, 1, 0, -1, 10 ]
[ 0, 1, -10, -1, 16, 0, 0, 0, 31 ]
[ 0, 3, 1, -1, 16, 0, 0, -1, 10 ]
[ -2, 1, 0, -1, 0, 5, 0, 0, 31 ]
[ 2, -1, 0, 0, 3, 1, -1, 0, 5 ]
[ -1, 0, 5, 0, -1, 10, 0, 0, 31 ]
[ 1, 0, -5, 0, 3, 1, 0, -1, 10 ]
[ 31, 0, 0, -8, 1, 0, 6, 0, 1 ]
[ 1, -4, 0, 0, 31, 0, 0, -7, 1 ]
[ 8, -1, 0, -1, 4, 0, -2, 1, 1 ]
[ 1, 0, -5, -8, 1, 0, 0, 0, 31 ]
[ 6, 0, 1, -8, 1, 0, -1, 0, 5 ]
[ -1, 4, 0, 0, -7, 1, 0, 3, 4 ]
[ -2, 1, 1, 1, -1, 4, 0, 0, 31 ]
[ 2, -1, -1, -1, 4, 0, 1, -1, 4 ]
[ 1, 0, -5, -2, 1, 1, 0, 0, 31 ]
[ -8, 1, 0, -1, 0, 5, 0, 0, 31 ]
[ 8, -1, 0, -2, 1, 1, -1, 0, 5 ]
[ -1, 4, 0, 0, -1, 9, 0, 0, 31 ]
[ 1, -4, 0, 0, 3, 4, 0, -1, 9 ]
[ 0, 1, -9, -1, 4, 0, 0, 0, 31 ]
[ -1, 1, -4, 0, -1, 9, 0, 0, 31 ]
[ 1, -1, 4, -1, 4, 0, 0, -1, 9 ]
[ 31, 0, 0, -14, 1, 0, 6, 0, 1 ]
[ 14, -1, 0, 3, 2, 0, 6, 0, 1 ]
[ 1, 0, -5, -14, 1, 0, 0, 0, 31 ]
[ 6, 0, 1, -14, 1, 0, -1, 0, 5 ]
[ 1, 11, 0, 0, 31, 0, 0, -4, 1 ]
[ 3, 2, 0, 1, 11, 0, 0, -4, 1 ]
[ 6, 0, 1, 3, 2, 0, 4, 1, 3 ]
[ -14, 1, 0, -1, 0, 5, 0, 0, 31 ]
[ 14, -1, 0, 6, 0, 1, -1, 0, 5 ]
[ -1, -11, 0, 0, -1, 8, 0, 0, 31 ]
[ -1, -11, 0, 0, -4, 1, 0, -1, 8 ]
[ 0, -1, 8, 1, 11, 0, 0, 0, 31 ]
[ 0, -4, 1, 1, 11, 0, 0, -1, 8 ]
[ -3, -2, 0, 0, -4, 1, 1, -1, 3 ]
[ 4, 1, 3, -1, 0, 5, 0, 0, 31 ]
[ 4, 1, 3, 3, 2, 0, -1, 0, 5 ]
[ 1, 0, -5, 4, 1, 3, 0, 0, 31 ]
[ 6, 0, 1, 4, 1, 3, -1, 0, 5 ]
[ -1, 1, -3, 0, -1, 8, 0, 0, 31 ]
[ -1, 1, -3, 0, -4, 1, 0, -1, 8 ]
[ -1, 0, 5, 1, -1, 3, 0, 0, 31 ]
[ -3, -2, 0, 1, -1, 3, -1, 0, 5 ]
[ -1, -1, -18, 3, 2, 0, 0, 0, 31 ]
[ 1, 0, -5, 1, 1, 18, 0, 0, 31 ]
[ 1, 0, -5, 3, 2, 0, 1, 1, 18 ]
[ 1, 1, 18, -1, 0, 5, 0, 0, 31 ]
[ 3, 2, 0, 1, 1, 18, 0, 0, 31 ]
[ 3, 2, 0, -1, 0, 5, 1, 1, 18 ]
[ 31, 0, 0, 11, 1, 0, 6, 0, 1 ]
[ 11, 1, 0, 2, 3, 0, -5, -1, 1 ]
[ 1, 0, -5, 11, 1, 0, 0, 0, 31 ]
[ 6, 0, 1, 11, 1, 0, -1, 0, 5 ]
[ 1, 17, 0, 0, 31, 0, 0, -9, 1 ]
[ 2, 3, 0, 1, 17, 0, 1, 8, 1 ]
[ 5, 1, -1, 2, 3, 0, 1, -1, 2 ]
[ -1, 0, 5, -5, -1, 1, 0, 0, 31 ]
[ 11, 1, 0, -1, 0, 5, 0, 0, 31 ]
[ -11, -1, 0, -5, -1, 1, -1, 0, 5 ]
[ -1, -17, 0, 0, -9, 1, 0, 4, 3 ]
[ 1, 8, 1, 1, 17, 0, 0, 4, 3 ]
[ 2, 3, 0, 1, 8, 1, -1, -4, 2 ]
[ -1, 1, -2, 0, -1, 7, 0, 0, 31 ]
[ 1, -1, 2, 2, 3, 0, 0, -1, 7 ]
[ -1, 0, 5, 1, -1, 2, 0, 0, 31 ]
[ 5, 1, -1, -1, 0, 5, 0, 0, 31 ]
[ -5, -1, 1, 1, -1, 2, -1, 0, 5 ]
[ -1, -17, 0, 0, -1, 7, 0, 0, 31 ]
[ 1, 17, 0, 0, 4, 3, 0, -1, 7 ]
[ 0, -1, 7, 1, 17, 0, 0, 0, 31 ]
[ 0, -4, -3, 1, 17, 0, 0, -1, 7 ]
[ -1, -8, -1, 0, -1, 7, 0, 0, 31 ]
[ 1, 8, 1, 0, 4, 3, 0, -1, 7 ]
[ 0, -1, 7, 1, 8, 1, 0, 0, 31 ]
[ -1, -4, 2, 0, -1, 7, 0, 0, 31 ]
[ 1, 4, -2, 1, 8, 1, 0, -1, 7 ]
[ 0, 1, -7, -1, -4, 2, 0, 0, 31 ]
[ -2, -3, 0, -1, -4, 2, 0, -1, 7 ]
[ 1, 1, 19, 2, 3, 0, 0, 0, 31 ]
[ 0, -1, 7, 1, 1, 19, 0, 0, 31 ]
[ 0, -1, 7, 2, 3, 0, 1, 1, 19 ]
[ -1, -1, -19, 0, -1, 7, 0, 0, 31 ]
[ -2, -3, 0, 1, 1, 19, 0, 0, 31 ]
[ -2, -3, 0, 0, -1, 7, 1, 1, 19 ]
[ 31, 0, 0, 5, 1, 0, 6, 0, 1 ]
[ 1, -6, 0, 0, 31, 0, 0, 5, 1 ]
[ 5, 1, 0, -1, 6, 0, 1, -1, 1 ]
[ 1, 0, -5, 5, 1, 0, 0, 0, 31 ]
[ 6, 0, 1, 5, 1, 0, -1, 0, 5 ]
[ -1, 6, 0, 0, -1, 6, 0, 0, 31 ]
[ 1, -6, 0, 0, 5, 1, 0, -1, 6 ]
[ 0, 1, -6, -1, 6, 0, 0, 0, 31 ]
[ -1, 1, -1, 0, -1, 6, 0, 0, 31 ]
[ 1, -1, 1, -1, 6, 0, 0, -1, 6 ]
[ -1, 0, 5, 1, -1, 1, 0, 0, 31 ]
[ 5, 1, 0, -1, 0, 5, 0, 0, 31 ]
[ -5, -1, 0, 1, -1, 1, -1, 0, 5 ]
[ 1, -1, 0, 0, 31, 0, 0, 6, 1 ]
[ 31, 0, 0, -1, 1, 0, 6, 0, 1 ]
[ -1, 1, 0, 0, -1, 5, 0, 0, 31 ]
[ 1, -1, 0, 0, 6, 1, 0, -1, 5 ]
[ 1, 0, -5, -1, 1, 0, 0, 0, 31 ]
[ 6, 0, 1, -1, 1, 0, -1, 0, 5 ]
[ 31, 0, 0, -7, 1, 0, 6, 0, 1 ]
[ 7, -1, 0, 3, 4, 0, -1, 1, 1 ]
[ 1, 0, -5, -7, 1, 0, 0, 0, 31 ]
[ 6, 0, 1, -7, 1, 0, -1, 0, 5 ]
[ 1, -9, 0, 0, 31, 0, 0, -8, 1 ]
[ 3, 4, 0, -1, 9, 0, -1, 1, 1 ]
[ -1, 1, 1, 0, -1, 4, 0, 0, 31 ]
[ 1, -1, -1, 3, 4, 0, 0, -1, 4 ]
[ 1, 0, -5, -1, 1, 1, 0, 0, 31 ]
[ -7, 1, 0, -1, 0, 5, 0, 0, 31 ]
[ 7, -1, 0, -1, 1, 1, -1, 0, 5 ]
[ -1, 9, 0, 0, -1, 4, 0, 0, 31 ]
[ -1, 9, 0, 0, -8, 1, 0, -1, 4 ]
[ 0, 1, -4, -1, 9, 0, 0, 0, 31 ]
[ 1, -1, -1, -1, 9, 0, 0, -1, 4 ]
[ 0, 1, -4, -1, 1, 1, 0, 0, 31 ]
[ 3, 4, 0, -1, 1, 1, 0, -1, 4 ]
[ 1, 1, -9, 3, 4, 0, 0, 0, 31 ]
[ 0, 1, -4, -1, -1, 9, 0, 0, 31 ]
[ 0, -1, 4, 3, 4, 0, -1, -1, 9 ]
[ -1, 1, 1, 0, -1, 4, 0, 0, 31 ]
[ -1, -1, 9, 0, -1, 4, 0, 0, 31 ]
[ 3, 4, 0, -1, -1, 9, 0, 0, 31 ]
[ -3, -4, 0, 0, -1, 4, -1, -1, 9 ]
[ 31, 0, 0, -13, 1, 0, 6, 0, 1 ]
[ 13, -1, 0, 5, 2, 0, 6, 0, 1 ]
[ 1, 0, -5, -13, 1, 0, 0, 0, 31 ]
[ 6, 0, 1, -13, 1, 0, -1, 0, 5 ]
[ 5, 2, 0, 2, 7, 0, 1, -2, 1 ]
[ 6, 0, 1, 5, 2, 0, 5, 1, 3 ]
[ -13, 1, 0, -1, 0, 5, 0, 0, 31 ]
[ 13, -1, 0, 6, 0, 1, -1, 0, 5 ]
[ 1, 19, 0, 0, 31, 0, 0, 10, 1 ]
[ 2, 7, 0, 1, 19, 0, -1, -9, 1 ]
[ -1, 2, -1, 0, -1, 3, 0, 0, 31 ]
[ 1, -2, 1, 2, 7, 0, 0, -1, 3 ]
[ 0, -1, 3, 1, -2, 1, 0, 0, 31 ]
[ -5, -2, 0, 1, -2, 1, 0, -1, 3 ]
[ 5, 1, 3, -1, 0, 5, 0, 0, 31 ]
[ 5, 1, 3, 5, 2, 0, -1, 0, 5 ]
[ 1, 0, -5, 5, 1, 3, 0, 0, 31 ]
[ 6, 0, 1, 5, 1, 3, -1, 0, 5 ]
[ -1, -19, 0, 0, -1, 3, 0, 0, 31 ]
[ 1, 19, 0, 0, 10, 1, 0, -1, 3 ]
[ 0, -1, 3, 1, 19, 0, 0, 0, 31 ]
[ -1, -9, 1, 0, -1, 3, 0, 0, 31 ]
[ 1, 9, -1, 1, 19, 0, 0, -1, 3 ]
[ 0, 1, -3, -1, -9, 1, 0, 0, 31 ]
[ -2, -7, 0, -1, -9, 1, 0, -1, 3 ]
[ 1, 3, 17, 2, 7, 0, 0, 0, 31 ]
[ 0, -1, 3, 1, 3, 17, 0, 0, 31 ]
[ 0, -1, 3, 2, 7, 0, 1, 3, 17 ]
[ -1, 0, 5, 0, -1, 3, 0, 0, 31 ]
[ -5, -2, 0, 0, -1, 3, -1, 0, 5 ]
[ -2, -1, -18, 5, 2, 0, 0, 0, 31 ]
[ 1, 0, -5, 2, 1, 18, 0, 0, 31 ]
[ 1, 0, -5, 5, 2, 0, 2, 1, 18 ]
[ -1, -3, -17, 0, -1, 3, 0, 0, 31 ]
[ -2, -7, 0, 1, 3, 17, 0, 0, 31 ]
[ -2, -7, 0, 0, -1, 3, 1, 3, 17 ]
[ 2, 1, 18, -1, 0, 5, 0, 0, 31 ]
[ 5, 2, 0, 2, 1, 18, 0, 0, 31 ]
[ 5, 2, 0, -1, 0, 5, 2, 1, 18 ]
[ 31, 0, 0, 12, 1, 0, 6, 0, 1 ]
[ 12, 1, 0, 5, 3, 0, -6, -1, 1 ]
[ 1, 0, -5, 12, 1, 0, 0, 0, 31 ]
[ 6, 0, 1, 12, 1, 0, -1, 0, 5 ]
[ 1, -2, -1, -2, 5, 0, 0, 0, 31 ]
[ 5, 3, 0, -2, 5, 0, -1, 2, 1 ]
[ 6, 1, -1, 5, 3, 0, 0, -1, 2 ]
[ -1, 0, 5, -6, -1, 1, 0, 0, 31 ]
[ 12, 1, 0, -1, 0, 5, 0, 0, 31 ]
[ -12, -1, 0, -6, -1, 1, -1, 0, 5 ]
[ 1, -18, 0, 0, 31, 0, 0, 15, 1 ]
[ -2, 5, 0, 1, -3, 1, 0, 0, 31 ]
[ 2, -5, 0, -1, 18, 0, 1, -3, 1 ]
[ 0, 1, -2, -1, 2, 1, 0, 0, 31 ]
[ 5, 3, 0, -1, 2, 1, 0, -1, 2 ]
[ 0, 1, -2, -1, -1, 7, 0, 0, 31 ]
[ 0, -1, 2, 5, 3, 0, -1, -1, 7 ]
[ -1, 0, 5, 0, -1, 2, 0, 0, 31 ]
[ 6, 1, -1, -1, 0, 5, 0, 0, 31 ]
[ -6, -1, 1, 0, -1, 2, -1, 0, 5 ]
[ -1, 18, 0, 0, -1, 2, 0, 0, 31 ]
[ 1, -18, 0, 0, 15, 1, 0, -1, 2 ]
[ 0, 1, -2, -1, 18, 0, 0, 0, 31 ]
[ -1, 3, -1, 0, -1, 2, 0, 0, 31 ]
[ 1, -3, 1, -1, 18, 0, 0, -1, 2 ]
[ -1, -1, 7, 0, -1, 2, 0, 0, 31 ]
[ -5, -3, 0, 0, -1, 2, -1, -1, 7 ]
[ 2, 1, 19, 5, 3, 0, 0, 0, 31 ]
[ -1, -1, 7, 2, 1, 19, 0, 0, 31 ]
[ -1, -1, 7, 5, 3, 0, 2, 1, 19 ]
[ -2, -1, -19, -1, -1, 7, 0, 0, 31 ]
[ -5, -3, 0, 2, 1, 19, 0, 0, 31 ]
[ -5, -3, 0, -1, -1, 7, 2, 1, 19 ]
[ 31, 0, 0, 6, 1, 0, 6, 0, 1 ]
[ -1, 5, 0, 0, -1, 1, 0, 0, 31 ]
[ 1, -5, 0, 0, 31, 0, 0, -1, 1 ]
[ 0, 1, -1, -1, 5, 0, 0, 0, 31 ]
[ 6, 1, 0, -1, 5, 0, 0, -1, 1 ]
[ 1, 0, -5, 6, 1, 0, 0, 0, 31 ]
[ 6, 0, 1, 6, 1, 0, -1, 0, 5 ]
[ -1, 0, 5, 0, -1, 1, 0, 0, 31 ]
[ 6, 1, 0, -1, 0, 5, 0, 0, 31 ]
[ -6, -1, 0, 0, -1, 1, -1, 0, 5 ]
[ 31, 0, 0, 0, 1, 0, -8, 0, 1 ]
[ 1, 0, -4, 0, 1, 0, 0, 0, 31 ]
[ 8, 0, -1, 0, 1, 0, -1, 0, 4 ]
[ 31, 0, 0, 8, 1, 0, -8, 0, 1 ]
[ 1, 4, 0, 0, 1, 1, 0, 0, 31 ]
[ 1, 4, 0, 0, 31, 0, 0, 1, 1 ]
[ 0, -1, -1, 1, 4, 0, 0, 0, 31 ]
[ 8, 1, 0, 1, 4, 0, 0, 1, 1 ]
[ 1, 0, -4, 8, 1, 0, 0, 0, 31 ]
[ 8, 0, -1, 8, 1, 0, -1, 0, 4 ]
[ 1, 0, -4, 0, 1, 1, 0, 0, 31 ]
[ 8, 1, 0, -1, 0, 4, 0, 0, 31 ]
[ 8, 1, 0, 0, 1, 1, -1, 0, 4 ]
[ 31, 0, 0, -15, 1, 0, -8, 0, 1 ]
[ 1, 2, 0, 0, 31, 0, 0, -15, 1 ]
[ 15, -1, 0, 1, 2, 0, 7, -1, 1 ]
[ 1, 0, -4, -15, 1, 0, 0, 0, 31 ]
[ 8, 0, -1, -15, 1, 0, -1, 0, 4 ]
[ 1, 2, 0, 0, 1, 2, 0, 0, 31 ]
[ -1, -2, 0, 0, -15, 1, 0, 1, 2 ]
[ 0, -1, -2, 1, 2, 0, 0, 0, 31 ]
[ 7, -1, 1, 1, 2, 0, 0, 1, 2 ]
[ -1, 0, 4, 7, -1, 1, 0, 0, 31 ]
[ -15, 1, 0, -1, 0, 4, 0, 0, 31 ]
[ -15, 1, 0, 7, -1, 1, -1, 0, 4 ]
[ 1, 0, -4, 0, 1, 2, 0, 0, 31 ]
[ -7, 1, -1, -1, 0, 4, 0, 0, 31 ]
[ 7, -1, 1, 0, 1, 2, -1, 0, 4 ]
[ 31, 0, 0, -7, 1, 0, -8, 0, 1 ]
[ 1, 1, -1, 3, 4, 0, 0, 0, 31 ]
[ 7, -1, 0, 3, 4, 0, -1, -1, 1 ]
[ 1, 0, -4, -7, 1, 0, 0, 0, 31 ]
[ 8, 0, -1, -7, 1, 0, -1, 0, 4 ]
[ 1, -9, 0, 0, 31, 0, 0, -10, 1 ]
[ 3, 4, 0, -1, -1, 1, 0, 0, 31 ]
[ 3, 4, 0, -1, 9, 0, -1, -1, 1 ]
[ -1, 0, 4, -1, -1, 1, 0, 0, 31 ]
[ -7, 1, 0, -1, 0, 4, 0, 0, 31 ]
[ -7, 1, 0, -1, -1, 1, -1, 0, 4 ]
[ 1, -9, 0, 0, 1, 3, 0, 0, 31 ]
[ -1, 9, 0, 0, -10, 1, 0, 1, 3 ]
[ 0, 1, 3, -1, 9, 0, 0, 0, 31 ]
[ 1, 1, -1, 0, 1, 3, 0, 0, 31 ]
[ 1, 1, -1, -1, 9, 0, 0, 1, 3 ]
[ 1, 1, 0, 0, 31, 0, 0, 8, 1 ]
[ 31, 0, 0, 1, 1, 0, -8, 0, 1 ]
[ 1, 1, 0, 0, 1, 4, 0, 0, 31 ]
[ 1, 1, 0, 0, 8, 1, 0, 1, 4 ]
[ 1, 0, -4, 1, 1, 0, 0, 0, 31 ]
[ 8, 0, -1, 1, 1, 0, -1, 0, 4 ]
[ 31, 0, 0, 9, 1, 0, -8, 0, 1 ]
[ 9, 1, 0, -4, 3, 0, 1, 1, 1 ]
[ 1, 0, -4, 9, 1, 0, 0, 0, 31 ]
[ 8, 0, -1, 9, 1, 0, -1, 0, 4 ]
[ 1, 7, 0, 0, 31, 0, 0, -6, 1 ]
[ 4, -3, 0, 1, 7, 0, 1, 1, 1 ]
[ 1, 1, 1, -1, 0, 4, 0, 0, 31 ]
[ 1, 1, 1, -4, 3, 0, -1, 0, 4 ]
[ 1, 0, -4, 1, 1, 1, 0, 0, 31 ]
[ 9, 1, 0, -1, 0, 4, 0, 0, 31 ]
[ 9, 1, 0, 1, 1, 1, -1, 0, 4 ]
[ 1, 7, 0, 0, 1, 5, 0, 0, 31 ]
[ -1, -7, 0, 0, -6, 1, 0, 1, 5 ]
[ 0, -1, -5, 1, 7, 0, 0, 0, 31 ]
[ 1, 1, 1, 0, 1, 5, 0, 0, 31 ]
[ 1, 1, 1, 1, 7, 0, 0, 1, 5 ]
[ 4, -3, 0, 1, 1, 1, -1, 0, 4 ]
[ -1, 1, 9, -4, 3, 0, 0, 0, 31 ]
[ 1, 0, -4, -1, 1, 9, 0, 0, 31 ]
[ 1, 0, -4, -4, 3, 0, -1, 1, 9 ]
[ 1, 0, -4, 1, 1, 1, 0, 0, 31 ]
[ -1, 1, 9, -1, 0, 4, 0, 0, 31 ]
[ 4, -3, 0, -1, 1, 9, 0, 0, 31 ]
[ -4, 3, 0, -1, 0, 4, -1, 1, 9 ]
[ 31, 0, 0, -14, 1, 0, -8, 0, 1 ]
[ 14, -1, 0, 3, 2, 0, 6, -1, 1 ]
[ 1, 0, -4, -14, 1, 0, 0, 0, 31 ]
[ 8, 0, -1, -14, 1, 0, -1, 0, 4 ]
[ 1, 11, 0, 0, 31, 0, 0, -5, 1 ]
[ 3, 2, 0, 1, 11, 0, 0, -5, 1 ]
[ -1, -1, -2, 3, 2, 0, 0, 0, 31 ]
[ 6, -1, 1, 3, 2, 0, 1, 1, 2 ]
[ -1, 0, 4, 6, -1, 1, 0, 0, 31 ]
[ -14, 1, 0, -1, 0, 4, 0, 0, 31 ]
[ -14, 1, 0, 6, -1, 1, -1, 0, 4 ]
[ 1, 11, 0, 0, 1, 6, 0, 0, 31 ]
[ -1, -11, 0, 0, -5, 1, 0, 1, 6 ]
[ 0, -1, -6, 1, 11, 0, 0, 0, 31 ]
[ 0, -5, 1, 1, 11, 0, 0, 1, 6 ]
[ 3, 2, 0, 1, 1, 2, 0, 0, 31 ]
[ -3, -2, 0, 0, -5, 1, 1, 1, 2 ]
[ 1, 0, -4, 1, 1, 2, 0, 0, 31 ]
[ -6, 1, -1, -1, 0, 4, 0, 0, 31 ]
[ 6, -1, 1, 1, 1, 2, -1, 0, 4 ]
[ 1, 1, 2, 0, 1, 6, 0, 0, 31 ]
[ -1, -1, -2, 0, -5, 1, 0, 1, 6 ]
[ 31, 0, 0, -6, 1, 0, -8, 0, 1 ]
[ 1, 5, 0, 0, 31, 0, 0, 9, 1 ]
[ 6, -1, 0, 1, 5, 0, -2, -1, 1 ]
[ 1, 0, -4, -6, 1, 0, 0, 0, 31 ]
[ 8, 0, -1, -6, 1, 0, -1, 0, 4 ]
[ 1, 5, 0, 0, 9, 1, 0, -4, 3 ]
[ 2, 1, -1, 1, 1, 3, 0, 0, 31 ]
[ 2, 1, -1, 1, 5, 0, 1, 1, 3 ]
[ -1, 0, 4, -2, -1, 1, 0, 0, 31 ]
[ -6, 1, 0, -1, 0, 4, 0, 0, 31 ]
[ -6, 1, 0, -2, -1, 1, -1, 0, 4 ]
[ 1, 5, 0, 0, 1, 7, 0, 0, 31 ]
[ -1, -5, 0, 0, -4, 3, 0, 1, 7 ]
[ 0, -1, -7, 1, 5, 0, 0, 0, 31 ]
[ 1, 1, 3, 0, 1, 7, 0, 0, 31 ]
[ 1, 1, 3, 1, 5, 0, 0, 1, 7 ]
[ 31, 0, 0, 2, 1, 0, -8, 0, 1 ]
[ 1, 16, 0, 0, 31, 0, 0, 4, 1 ]
[ 2, 1, 0, 1, 16, 0, 0, 4, 1 ]
[ 1, 0, -4, 2, 1, 0, 0, 0, 31 ]
[ 8, 0, -1, 2, 1, 0, -1, 0, 4 ]
[ 1, 16, 0, 0, 1, 8, 0, 0, 31 ]
[ 1, 16, 0, 0, 4, 1, 0, 1, 8 ]
[ 0, -1, -8, 1, 16, 0, 0, 0, 31 ]
[ 0, -4, -1, 1, 16, 0, 0, 1, 8 ]
[ 2, 1, 0, 1, 1, 4, 0, 0, 31 ]
[ 2, 1, 0, 0, 4, 1, 1, 1, 4 ]
[ 1, 1, 4, 0, 1, 8, 0, 0, 31 ]
[ 1, 1, 4, 0, 4, 1, 0, 1, 8 ]
[ 31, 0, 0, 10, 1, 0, -8, 0, 1 ]
[ 1, -3, 0, 0, 31, 0, 0, 7, 1 ]
[ 10, 1, 0, -1, 3, 0, 2, 1, 1 ]
[ 1, 0, -4, 10, 1, 0, 0, 0, 31 ]
[ 8, 0, -1, 10, 1, 0, -1, 0, 4 ]
[ 1, -3, 0, 0, 7, 1, 0, -3, 4 ]
[ 2, 1, 1, -1, 0, 4, 0, 0, 31 ]
[ 2, 1, 1, -1, 3, 0, -1, 0, 4 ]
[ 1, 0, -4, 2, 1, 1, 0, 0, 31 ]
[ 10, 1, 0, -1, 0, 4, 0, 0, 31 ]
[ 10, 1, 0, 2, 1, 1, -1, 0, 4 ]
[ 1, -3, 0, 0, 1, 9, 0, 0, 31 ]
[ -1, 3, 0, 0, -3, 4, 0, 1, 9 ]
[ 0, 1, 9, -1, 3, 0, 0, 0, 31 ]
[ 1, 0, -4, 0, 1, 9, 0, 0, 31 ]
[ 1, 0, -4, -1, 3, 0, 0, 1, 9 ]
[ 31, 0, 0, -13, 1, 0, -8, 0, 1 ]
[ 13, -1, 0, 5, 2, 0, 5, -1, 1 ]
[ 1, 0, -4, -13, 1, 0, 0, 0, 31 ]
[ 8, 0, -1, -13, 1, 0, -1, 0, 4 ]
[ 5, 2, 0, 2, 7, 0, 0, -3, 1 ]
[ -2, -1, -2, 5, 2, 0, 0, 0, 31 ]
[ 5, -1, 1, 5, 2, 0, 2, 1, 2 ]
[ -1, 0, 4, 5, -1, 1, 0, 0, 31 ]
[ -13, 1, 0, -1, 0, 4, 0, 0, 31 ]
[ -13, 1, 0, 5, -1, 1, -1, 0, 4 ]
[ 1, 19, 0, 0, 31, 0, 0, -3, 1 ]
[ 2, 7, 0, 1, 19, 0, 0, -3, 1 ]
[ -1, -4, -5, 2, 7, 0, 0, 0, 31 ]
[ 0, -3, 1, 2, 7, 0, 1, 4, 5 ]
[ 5, 2, 0, 2, 1, 2, 0, 0, 31 ]
[ -5, -2, 0, 0, -3, 1, 2, 1, 2 ]
[ 1, 0, -4, 2, 1, 2, 0, 0, 31 ]
[ -5, 1, -1, -1, 0, 4, 0, 0, 31 ]
[ 5, -1, 1, 2, 1, 2, -1, 0, 4 ]
[ 1, 19, 0, 0, 1, 10, 0, 0, 31 ]
[ -1, -19, 0, 0, -3, 1, 0, 1, 10 ]
[ 0, -1, -10, 1, 19, 0, 0, 0, 31 ]
[ 0, -3, 1, 1, 19, 0, 0, 1, 10 ]
[ 2, 7, 0, 1, 4, 5, 0, 0, 31 ]
[ -2, -7, 0, 0, -3, 1, 1, 4, 5 ]
[ 0, -1, -10, 1, 4, 5, 0, 0, 31 ]
[ 0, -3, 1, 1, 4, 5, 0, 1, 10 ]
[ 2, 1, 2, 1, 1, 6, 0, 0, 31 ]
[ -2, -1, -2, 0, -3, 1, 1, 1, 6 ]
[ 1, 4, 5, 0, 1, 10, 0, 0, 31 ]
[ -1, -4, -5, 0, -3, 1, 0, 1, 10 ]
[ 1, 1, 6, 0, 1, 10, 0, 0, 31 ]
[ -1, -1, -6, 0, -3, 1, 0, 1, 10 ]
[ 31, 0, 0, -5, 1, 0, -8, 0, 1 ]
[ 1, 6, 0, 0, 31, 0, 0, -14, 1 ]
[ 5, -1, 0, 1, 6, 0, 2, -2, 1 ]
[ 1, 0, -4, -5, 1, 0, 0, 0, 31 ]
[ 8, 0, -1, -5, 1, 0, -1, 0, 4 ]
[ -1, -6, 0, 0, -14, 1, 0, 3, 2 ]
[ 2, -2, 1, 1, 6, 0, 0, 3, 2 ]
[ -5, 1, 0, -1, 0, 4, 0, 0, 31 ]
[ -5, 1, 0, 2, -2, 1, -1, 0, 4 ]
[ 1, 6, 0, 0, 1, 11, 0, 0, 31 ]
[ 1, 6, 0, 0, 3, 2, 0, 1, 11 ]
[ 0, -1, -11, 1, 6, 0, 0, 0, 31 ]
[ 0, -3, -2, 1, 6, 0, 0, 1, 11 ]
[ 2, -2, 1, 0, 3, 2, 1, -2, 5 ]
[ -1, 0, 4, 1, -1, 16, 0, 0, 31 ]
[ -1, 0, 4, 2, -2, 1, 1, -1, 16 ]
[ 1, -2, 5, 0, 1, 11, 0, 0, 31 ]
[ 1, -2, 5, 0, 3, 2, 0, 1, 11 ]
[ -1, 1, -16, 1, -2, 5, 0, 0, 31 ]
[ -2, 2, -1, 1, -2, 5, 1, -1, 16 ]
[ 31, 0, 0, 3, 1, 0, -8, 0, 1 ]
[ 1, -10, 0, 0, 31, 0, 0, 13, 1 ]
[ 3, 1, 0, -1, 10, 0, 1, 3, 1 ]
[ 1, 0, -4, 3, 1, 0, 0, 0, 31 ]
[ 8, 0, -1, 3, 1, 0, -1, 0, 4 ]
[ 1, -10, 0, 0, 13, 1, 0, -5, 2 ]
[ 1, 3, 1, -1, 10, 0, 0, -5, 2 ]
[ 3, 1, 0, -1, 0, 4, 0, 0, 31 ]
[ 3, 1, 0, 1, 3, 1, -1, 0, 4 ]
[ -1, 10, 0, 0, -5, 2, 0, -2, 7 ]
[ 0, 5, -2, -1, 10, 0, 0, -2, 7 ]
[ -1, -3, -1, 0, -5, 2, 0, -2, 7 ]
[ 0, -1, -12, 1, 3, 1, 0, 0, 31 ]
[ 1, 0, -4, 0, 1, 12, 0, 0, 31 ]
[ 1, 0, -4, 1, 3, 1, 0, 1, 12 ]
[ -1, 10, 0, 0, -1, 19, 0, 0, 31 ]
[ -1, 10, 0, 0, -2, 7, 0, -1, 19 ]
[ 0, 1, -19, -1, 10, 0, 0, 0, 31 ]
[ 0, 2, -7, -1, 10, 0, 0, -1, 19 ]
[ -1, -3, -1, 0, -1, 19, 0, 0, 31 ]
[ -1, -3, -1, 0, -2, 7, 0, -1, 19 ]
[ 31, 0, 0, 11, 1, 0, -8, 0, 1 ]
[ 11, 1, 0, 2, 3, 0, 3, 1, 1 ]
[ 1, 0, -4, 11, 1, 0, 0, 0, 31 ]
[ 8, 0, -1, 11, 1, 0, -1, 0, 4 ]
[ 1, 17, 0, 0, 31, 0, 0, 12, 1 ]
[ 2, 3, 0, 1, 17, 0, -1, -5, 1 ]
[ 3, 1, 1, -1, 0, 4, 0, 0, 31 ]
[ 3, 1, 1, 2, 3, 0, -1, 0, 4 ]
[ 1, 0, -4, 3, 1, 1, 0, 0, 31 ]
[ 11, 1, 0, -1, 0, 4, 0, 0, 31 ]
[ 11, 1, 0, 3, 1, 1, -1, 0, 4 ]
[ 1, 17, 0, 0, 12, 1, 0, 5, 3 ]
[ 1, 5, -1, 1, 17, 0, 0, 5, 3 ]
[ -2, -3, 0, -1, -5, 1, 1, 3, 4 ]
[ 1, 1, 9, 2, 3, 0, 0, 0, 31 ]
[ 1, 0, -4, 1, 1, 9, 0, 0, 31 ]
[ 1, 0, -4, 2, 3, 0, 1, 1, 9 ]
[ 1, 17, 0, 0, 5, 3, 0, -2, 5 ]
[ 0, -5, -3, 1, 17, 0, 0, -2, 5 ]
[ 1, 5, -1, 0, 5, 3, 0, -2, 5 ]
[ 0, 1, -18, -1, -5, 1, 0, 0, 31 ]
[ -1, -3, -4, 0, -1, 18, 0, 0, 31 ]
[ -1, -3, -4, -1, -5, 1, 0, -1, 18 ]
[ 1, 2, -9, 1, 3, 4, 0, 0, 31 ]
[ -2, -3, 0, -1, -2, 9, 0, 0, 31 ]
[ 2, 3, 0, 1, 3, 4, -1, -2, 9 ]
[ -1, -17, 0, 0, -1, 18, 0, 0, 31 ]
[ -1, -17, 0, 0, -2, 5, 0, -1, 18 ]
[ 0, -1, 18, 1, 17, 0, 0, 0, 31 ]
[ 0, -2, 5, 1, 17, 0, 0, -1, 18 ]
[ -1, -5, 1, 0, -1, 18, 0, 0, 31 ]
[ -1, -5, 1, 0, -2, 5, 0, -1, 18 ]
[ 31, 0, 0, -12, 1, 0, -8, 0, 1 ]
[ 12, -1, 0, -5, 3, 0, 4, -1, 1 ]
[ 1, 0, -4, -12, 1, 0, 0, 0, 31 ]
[ 8, 0, -1, -12, 1, 0, -1, 0, 4 ]
[ 5, -3, 0, 2, 5, 0, -1, 2, 1 ]
[ -4, 1, -1, -1, 0, 4, 0, 0, 31 ]
[ 4, -1, 1, -5, 3, 0, -1, 0, 4 ]
[ -1, 0, 4, 4, -1, 1, 0, 0, 31 ]
[ -12, 1, 0, -1, 0, 4, 0, 0, 31 ]
[ -12, 1, 0, 4, -1, 1, -1, 0, 4 ]
[ 1, 18, 0, 0, 31, 0, 0, -11, 1 ]
[ 2, 5, 0, 1, 18, 0, 1, 7, 1 ]
[ 1, -2, -1, 2, 5, 0, 0, -2, 3 ]
[ 5, -3, 0, -1, 2, 1, -1, 0, 4 ]
[ 2, -1, 9, -5, 3, 0, 0, 0, 31 ]
[ -1, 0, 4, 2, -1, 9, 0, 0, 31 ]
[ 1, 0, -4, -5, 3, 0, 2, -1, 9 ]
[ -1, -18, 0, 0, -11, 1, 0, -2, 3 ]
[ 1, 7, 1, 1, 18, 0, 0, -2, 3 ]
[ 2, 5, 0, 1, 7, 1, 0, -2, 3 ]
[ -1, -3, -7, 2, 5, 0, 0, 0, 31 ]
[ 0, -2, 3, 2, 5, 0, 1, 3, 7 ]
[ -1, 2, 1, 0, -1, 17, 0, 0, 31 ]
[ -1, 2, 1, 0, -2, 3, 0, -1, 17 ]
[ 1, -1, -18, -1, 2, 1, 0, 0, 31 ]
[ 1, 0, -4, -1, 1, 18, 0, 0, 31 ]
[ 1, 0, -4, -1, 2, 1, -1, 1, 18 ]
[ -2, 1, -9, -1, 0, 4, 0, 0, 31 ]
[ 5, -3, 0, 2, -1, 9, 0, 0, 31 ]
[ -5, 3, 0, -1, 0, 4, 2, -1, 9 ]
[ -1, -18, 0, 0, -1, 17, 0, 0, 31 ]
[ -1, -18, 0, 0, -2, 3, 0, -1, 17 ]
[ 0, -1, 17, 1, 18, 0, 0, 0, 31 ]
[ 0, -2, 3, 1, 18, 0, 0, -1, 17 ]
[ -1, -7, -1, 0, -1, 17, 0, 0, 31 ]
[ -1, -7, -1, 0, -2, 3, 0, -1, 17 ]
[ 0, -1, 17, 1, 7, 1, 0, 0, 31 ]
[ 0, -2, 3, 1, 7, 1, 0, -1, 17 ]
[ 2, 5, 0, 1, 3, 7, 0, 0, 31 ]
[ -2, -5, 0, 0, -2, 3, 1, 3, 7 ]
[ 0, -1, 17, 1, 3, 7, 0, 0, 31 ]
[ 0, -2, 3, 1, 3, 7, 0, -1, 17 ]
[ -1, -3, -7, 0, -1, 17, 0, 0, 31 ]
[ -1, -3, -7, 0, -2, 3, 0, -1, 17 ]
[ 31, 0, 0, -4, 1, 0, -8, 0, 1 ]
[ 1, -8, 0, 0, 31, 0, 0, -2, 1 ]
[ 4, -1, 0, -1, 8, 0, 0, -2, 1 ]
[ 1, 0, -4, -4, 1, 0, 0, 0, 31 ]
[ 8, 0, -1, -4, 1, 0, -1, 0, 4 ]
[ -1, 8, 0, 0, -1, 16, 0, 0, 31 ]
[ -1, 8, 0, 0, -2, 1, 0, -1, 16 ]
[ 0, 1, -16, -1, 8, 0, 0, 0, 31 ]
[ 0, 2, -1, -1, 8, 0, 0, -1, 16 ]
[ -4, 1, 0, -1, 0, 4, 0, 0, 31 ]
[ -4, 1, 0, 0, -2, 1, -1, 0, 4 ]
[ -1, 0, 4, 0, -1, 16, 0, 0, 31 ]
[ -1, 0, 4, 0, -2, 1, 0, -1, 16 ]
[ 31, 0, 0, 4, 1, 0, -8, 0, 1 ]
[ 1, 8, 0, 0, 31, 0, 0, 2, 1 ]
[ 4, 1, 0, 1, 8, 0, 0, 2, 1 ]
[ 1, 0, -4, 4, 1, 0, 0, 0, 31 ]
[ 8, 0, -1, 4, 1, 0, -1, 0, 4 ]
[ 1, 8, 0, 0, 1, 16, 0, 0, 31 ]
[ 1, 8, 0, 0, 2, 1, 0, 1, 16 ]
[ 0, -1, -16, 1, 8, 0, 0, 0, 31 ]
[ 0, -2, -1, 1, 8, 0, 0, 1, 16 ]
[ 4, 1, 0, -1, 0, 4, 0, 0, 31 ]
[ 4, 1, 0, 0, 2, 1, -1, 0, 4 ]
[ 1, 0, -4, 0, 1, 16, 0, 0, 31 ]
[ 1, 0, -4, 0, 2, 1, 0, 1, 16 ]
[ 31, 0, 0, 12, 1, 0, -8, 0, 1 ]
[ 12, 1, 0, 5, 3, 0, 4, 1, 1 ]
[ 1, 0, -4, 12, 1, 0, 0, 0, 31 ]
[ 8, 0, -1, 12, 1, 0, -1, 0, 4 ]
[ 5, 3, 0, -2, 5, 0, -1, -2, 1 ]
[ 4, 1, 1, -1, 0, 4, 0, 0, 31 ]
[ 4, 1, 1, 5, 3, 0, -1, 0, 4 ]
[ 1, 0, -4, 4, 1, 1, 0, 0, 31 ]
[ 12, 1, 0, -1, 0, 4, 0, 0, 31 ]
[ 12, 1, 0, 4, 1, 1, -1, 0, 4 ]
[ 1, -18, 0, 0, 31, 0, 0, 11, 1 ]
[ 2, -5, 0, -1, 18, 0, 1, -7, 1 ]
[ 1, 2, -1, -2, 5, 0, 0, 2, 3 ]
[ -5, -3, 0, -1, -2, 1, -1, 0, 4 ]
[ 2, 1, 9, 5, 3, 0, 0, 0, 31 ]
[ 1, 0, -4, 2, 1, 9, 0, 0, 31 ]
[ 1, 0, -4, 5, 3, 0, 2, 1, 9 ]
[ 1, -18, 0, 0, 11, 1, 0, 2, 3 ]
[ 1, -7, 1, -1, 18, 0, 0, 2, 3 ]
[ -2, 5, 0, 1, -7, 1, 0, 2, 3 ]
[ 1, -2, -7, -2, 5, 0, 0, 0, 31 ]
[ 0, 2, 3, -2, 5, 0, -1, 2, 7 ]
[ 1, 2, -1, 0, 1, 17, 0, 0, 31 ]
[ 1, 2, -1, 0, 2, 3, 0, 1, 17 ]
[ -1, -1, 18, -1, -2, 1, 0, 0, 31 ]
[ -1, 0, 4, -1, -1, 18, 0, 0, 31 ]
[ -1, 0, 4, -1, -2, 1, -1, -1, 18 ]
[ 2, 1, 9, -1, 0, 4, 0, 0, 31 ]
[ -5, -3, 0, 2, 1, 9, 0, 0, 31 ]
[ 5, 3, 0, -1, 0, 4, 2, 1, 9 ]
[ 1, -18, 0, 0, 1, 17, 0, 0, 31 ]
[ 1, -18, 0, 0, 2, 3, 0, 1, 17 ]
[ 0, 1, 17, -1, 18, 0, 0, 0, 31 ]
[ 0, 2, 3, -1, 18, 0, 0, 1, 17 ]
[ 1, -7, 1, 0, 1, 17, 0, 0, 31 ]
[ 1, -7, 1, 0, 2, 3, 0, 1, 17 ]
[ 0, -1, -17, 1, -7, 1, 0, 0, 31 ]
[ 0, -2, -3, 1, -7, 1, 0, 1, 17 ]
[ -2, 5, 0, -1, 2, 7, 0, 0, 31 ]
[ 2, -5, 0, 0, 2, 3, -1, 2, 7 ]
[ 0, 1, 17, -1, 2, 7, 0, 0, 31 ]
[ 0, 2, 3, -1, 2, 7, 0, 1, 17 ]
[ 1, -2, -7, 0, 1, 17, 0, 0, 31 ]
[ 1, -2, -7, 0, 2, 3, 0, 1, 17 ]
[ 31, 0, 0, -11, 1, 0, -8, 0, 1 ]
[ 11, -1, 0, -2, 3, 0, 3, -1, 1 ]
[ 1, 0, -4, -11, 1, 0, 0, 0, 31 ]
[ 8, 0, -1, -11, 1, 0, -1, 0, 4 ]
[ 1, -17, 0, 0, 31, 0, 0, -12, 1 ]
[ 2, -3, 0, -1, 17, 0, -1, 5, 1 ]
[ -3, 1, -1, -1, 0, 4, 0, 0, 31 ]
[ 3, -1, 1, -2, 3, 0, -1, 0, 4 ]
[ -1, 0, 4, 3, -1, 1, 0, 0, 31 ]
[ -11, 1, 0, -1, 0, 4, 0, 0, 31 ]
[ -11, 1, 0, 3, -1, 1, -1, 0, 4 ]
[ -1, 17, 0, 0, -12, 1, 0, -5, 3 ]
[ 1, -5, -1, -1, 17, 0, 0, -5, 3 ]
[ 2, -3, 0, -1, 5, 1, 1, -3, 4 ]
[ 1, -1, 9, -2, 3, 0, 0, 0, 31 ]
[ -1, 0, 4, 1, -1, 9, 0, 0, 31 ]
[ 1, 0, -4, -2, 3, 0, 1, -1, 9 ]
[ -1, 17, 0, 0, -5, 3, 0, 2, 5 ]
[ 0, 5, -3, -1, 17, 0, 0, 2, 5 ]
[ -1, 5, 1, 0, -5, 3, 0, 2, 5 ]
[ 0, 1, 18, -1, 5, 1, 0, 0, 31 ]
[ 1, -3, 4, 0, 1, 18, 0, 0, 31 ]
[ 1, -3, 4, -1, 5, 1, 0, 1, 18 ]
[ -1, 2, 9, 1, -3, 4, 0, 0, 31 ]
[ 2, -3, 0, -1, 2, 9, 0, 0, 31 ]
[ -2, 3, 0, 1, -3, 4, -1, 2, 9 ]
[ 1, -17, 0, 0, 1, 18, 0, 0, 31 ]
[ 1, -17, 0, 0, 2, 5, 0, 1, 18 ]
[ 0, 1, 18, -1, 17, 0, 0, 0, 31 ]
[ 0, 2, 5, -1, 17, 0, 0, 1, 18 ]
[ 1, -5, -1, 0, 1, 18, 0, 0, 31 ]
[ 1, -5, -1, 0, 2, 5, 0, 1, 18 ]
[ 31, 0, 0, -3, 1, 0, -8, 0, 1 ]
[ 1, 10, 0, 0, 31, 0, 0, -13, 1 ]
[ 3, -1, 0, 1, 10, 0, 1, -3, 1 ]
[ 1, 0, -4, -3, 1, 0, 0, 0, 31 ]
[ 8, 0, -1, -3, 1, 0, -1, 0, 4 ]
[ -1, -10, 0, 0, -13, 1, 0, 5, 2 ]
[ 1, -3, 1, 1, 10, 0, 0, 5, 2 ]
[ -3, 1, 0, -1, 0, 4, 0, 0, 31 ]
[ -3, 1, 0, 1, -3, 1, -1, 0, 4 ]
[ 1, 10, 0, 0, 5, 2, 0, 2, 7 ]
[ 0, -5, -2, 1, 10, 0, 0, 2, 7 ]
[ 1, -3, 1, 0, 5, 2, 0, 2, 7 ]
[ 0, -1, 12, 1, -3, 1, 0, 0, 31 ]
[ -1, 0, 4, 0, -1, 12, 0, 0, 31 ]
[ -1, 0, 4, 1, -3, 1, 0, -1, 12 ]
[ 1, 10, 0, 0, 1, 19, 0, 0, 31 ]
[ 1, 10, 0, 0, 2, 7, 0, 1, 19 ]
[ 0, -1, -19, 1, 10, 0, 0, 0, 31 ]
[ 0, -2, -7, 1, 10, 0, 0, 1, 19 ]
[ 1, -3, 1, 0, 1, 19, 0, 0, 31 ]
[ 1, -3, 1, 0, 2, 7, 0, 1, 19 ]
[ 31, 0, 0, 5, 1, 0, -8, 0, 1 ]
[ 1, -6, 0, 0, 31, 0, 0, 14, 1 ]
[ 5, 1, 0, -1, 6, 0, 2, 2, 1 ]
[ 1, 0, -4, 5, 1, 0, 0, 0, 31 ]
[ 8, 0, -1, 5, 1, 0, -1, 0, 4 ]
[ 1, -6, 0, 0, 14, 1, 0, -3, 2 ]
[ 2, 2, 1, -1, 6, 0, 0, -3, 2 ]
[ 5, 1, 0, -1, 0, 4, 0, 0, 31 ]
[ 5, 1, 0, 2, 2, 1, -1, 0, 4 ]
[ -1, 6, 0, 0, -1, 11, 0, 0, 31 ]
[ -1, 6, 0, 0, -3, 2, 0, -1, 11 ]
[ 0, 1, -11, -1, 6, 0, 0, 0, 31 ]
[ 0, 3, -2, -1, 6, 0, 0, -1, 11 ]
[ -2, -2, -1, 0, -3, 2, 1, 2, 5 ]
[ 1, 0, -4, 1, 1, 16, 0, 0, 31 ]
[ 1, 0, -4, 2, 2, 1, 1, 1, 16 ]
[ -1, -2, -5, 0, -1, 11, 0, 0, 31 ]
[ -1, -2, -5, 0, -3, 2, 0, -1, 11 ]
[ 1, 1, 16, 1, 2, 5, 0, 0, 31 ]
[ 2, 2, 1, 1, 2, 5, 1, 1, 16 ]
[ 31, 0, 0, 13, 1, 0, -8, 0, 1 ]
[ 13, 1, 0, -5, 2, 0, 5, 1, 1 ]
[ 1, 0, -4, 13, 1, 0, 0, 0, 31 ]
[ 8, 0, -1, 13, 1, 0, -1, 0, 4 ]
[ 5, -2, 0, -2, 7, 0, 0, 3, 1 ]
[ -2, 1, -2, -5, 2, 0, 0, 0, 31 ]
[ 5, 1, 1, -5, 2, 0, 2, -1, 2 ]
[ 1, 0, -4, 5, 1, 1, 0, 0, 31 ]
[ 13, 1, 0, -1, 0, 4, 0, 0, 31 ]
[ 13, 1, 0, 5, 1, 1, -1, 0, 4 ]
[ 1, -19, 0, 0, 31, 0, 0, 3, 1 ]
[ 2, -7, 0, -1, 19, 0, 0, 3, 1 ]
[ 1, -3, -5, -2, 7, 0, 0, 0, 31 ]
[ 0, 3, 1, -2, 7, 0, -1, 3, 5 ]
[ -5, 2, 0, 2, -1, 2, 0, 0, 31 ]
[ 5, -2, 0, 0, 3, 1, 2, -1, 2 ]
[ -1, 0, 4, 2, -1, 2, 0, 0, 31 ]
[ 5, 1, 1, -1, 0, 4, 0, 0, 31 ]
[ -5, -1, -1, 2, -1, 2, -1, 0, 4 ]
[ -1, 19, 0, 0, -1, 10, 0, 0, 31 ]
[ 1, -19, 0, 0, 3, 1, 0, -1, 10 ]
[ 0, 1, -10, -1, 19, 0, 0, 0, 31 ]
[ 0, 3, 1, -1, 19, 0, 0, -1, 10 ]
[ -2, 7, 0, -1, 3, 5, 0, 0, 31 ]
[ 2, -7, 0, 0, 3, 1, -1, 3, 5 ]
[ 0, 1, -10, -1, 3, 5, 0, 0, 31 ]
[ 0, 3, 1, -1, 3, 5, 0, -1, 10 ]
[ -2, 1, -2, 1, -1, 6, 0, 0, 31 ]
[ 2, -1, 2, 0, 3, 1, 1, -1, 6 ]
[ -1, 3, 5, 0, -1, 10, 0, 0, 31 ]
[ 1, -3, -5, 0, 3, 1, 0, -1, 10 ]
[ -1, 1, -6, 0, -1, 10, 0, 0, 31 ]
[ 1, -1, 6, 0, 3, 1, 0, -1, 10 ]
[ 31, 0, 0, -10, 1, 0, -8, 0, 1 ]
[ 1, 3, 0, 0, 31, 0, 0, -7, 1 ]
[ 10, -1, 0, 1, 3, 0, 2, -1, 1 ]
[ 1, 0, -4, -10, 1, 0, 0, 0, 31 ]
[ 8, 0, -1, -10, 1, 0, -1, 0, 4 ]
[ -1, -3, 0, 0, -7, 1, 0, 3, 4 ]
[ -2, 1, -1, -1, 0, 4, 0, 0, 31 ]
[ 2, -1, 1, 1, 3, 0, -1, 0, 4 ]
[ -1, 0, 4, 2, -1, 1, 0, 0, 31 ]
[ -10, 1, 0, -1, 0, 4, 0, 0, 31 ]
[ -10, 1, 0, 2, -1, 1, -1, 0, 4 ]
[ -1, -3, 0, 0, -1, 9, 0, 0, 31 ]
[ 1, 3, 0, 0, 3, 4, 0, -1, 9 ]
[ 0, -1, 9, 1, 3, 0, 0, 0, 31 ]
[ -1, 0, 4, 0, -1, 9, 0, 0, 31 ]
[ 1, 0, -4, 1, 3, 0, 0, -1, 9 ]
[ 31, 0, 0, -2, 1, 0, -8, 0, 1 ]
[ 1, -16, 0, 0, 31, 0, 0, -4, 1 ]
[ 2, -1, 0, -1, 16, 0, 0, -4, 1 ]
[ 1, 0, -4, -2, 1, 0, 0, 0, 31 ]
[ 8, 0, -1, -2, 1, 0, -1, 0, 4 ]
[ -1, 16, 0, 0, -1, 8, 0, 0, 31 ]
[ -1, 16, 0, 0, -4, 1, 0, -1, 8 ]
[ 0, 1, -8, -1, 16, 0, 0, 0, 31 ]
[ 0, 4, -1, -1, 16, 0, 0, -1, 8 ]
[ -2, 1, 0, -1, 0, 4, 0, 0, 31 ]
[ -2, 1, 0, 0, -4, 1, -1, 0, 4 ]
[ -1, 0, 4, 0, -1, 8, 0, 0, 31 ]
[ -1, 0, 4, 0, -4, 1, 0, -1, 8 ]
[ 31, 0, 0, 6, 1, 0, -8, 0, 1 ]
[ 1, -5, 0, 0, 31, 0, 0, -9, 1 ]
[ 6, 1, 0, -1, 5, 0, -2, 1, 1 ]
[ 1, 0, -4, 6, 1, 0, 0, 0, 31 ]
[ 8, 0, -1, 6, 1, 0, -1, 0, 4 ]
[ -1, 5, 0, 0, -9, 1, 0, 4, 3 ]
[ -2, 1, 1, 1, -1, 3, 0, 0, 31 ]
[ 2, -1, -1, -1, 5, 0, 1, -1, 3 ]
[ 1, 0, -4, -2, 1, 1, 0, 0, 31 ]
[ 6, 1, 0, -1, 0, 4, 0, 0, 31 ]
[ 6, 1, 0, -2, 1, 1, -1, 0, 4 ]
[ -1, 5, 0, 0, -1, 7, 0, 0, 31 ]
[ 1, -5, 0, 0, 4, 3, 0, -1, 7 ]
[ 0, 1, -7, -1, 5, 0, 0, 0, 31 ]
[ -1, 1, -3, 0, -1, 7, 0, 0, 31 ]
[ 1, -1, 3, -1, 5, 0, 0, -1, 7 ]
[ 31, 0, 0, 14, 1, 0, -8, 0, 1 ]
[ 14, 1, 0, -3, 2, 0, 6, 1, 1 ]
[ 1, 0, -4, 14, 1, 0, 0, 0, 31 ]
[ 8, 0, -1, 14, 1, 0, -1, 0, 4 ]
[ 1, -11, 0, 0, 31, 0, 0, 5, 1 ]
[ 3, -2, 0, -1, 11, 0, 0, 5, 1 ]
[ -1, 1, -2, -3, 2, 0, 0, 0, 31 ]
[ 6, 1, 1, -3, 2, 0, 1, -1, 2 ]
[ 1, 0, -4, 6, 1, 1, 0, 0, 31 ]
[ 14, 1, 0, -1, 0, 4, 0, 0, 31 ]
[ 14, 1, 0, 6, 1, 1, -1, 0, 4 ]
[ -1, 11, 0, 0, -1, 6, 0, 0, 31 ]
[ 1, -11, 0, 0, 5, 1, 0, -1, 6 ]
[ 0, 1, -6, -1, 11, 0, 0, 0, 31 ]
[ 0, 5, 1, -1, 11, 0, 0, -1, 6 ]
[ -3, 2, 0, 1, -1, 2, 0, 0, 31 ]
[ 3, -2, 0, 0, 5, 1, 1, -1, 2 ]
[ -1, 0, 4, 1, -1, 2, 0, 0, 31 ]
[ 6, 1, 1, -1, 0, 4, 0, 0, 31 ]
[ -6, -1, -1, 1, -1, 2, -1, 0, 4 ]
[ -1, 1, -2, 0, -1, 6, 0, 0, 31 ]
[ 1, -1, 2, 0, 5, 1, 0, -1, 6 ]
[ 31, 0, 0, -9, 1, 0, -8, 0, 1 ]
[ 9, -1, 0, 4, 3, 0, 1, -1, 1 ]
[ 1, 0, -4, -9, 1, 0, 0, 0, 31 ]
[ 8, 0, -1, -9, 1, 0, -1, 0, 4 ]
[ 1, -7, 0, 0, 31, 0, 0, 6, 1 ]
[ 4, 3, 0, -1, 7, 0, 1, -1, 1 ]
[ -1, 1, -1, -1, 0, 4, 0, 0, 31 ]
[ 1, -1, 1, 4, 3, 0, -1, 0, 4 ]
[ -1, 0, 4, 1, -1, 1, 0, 0, 31 ]
[ -9, 1, 0, -1, 0, 4, 0, 0, 31 ]
[ -9, 1, 0, 1, -1, 1, -1, 0, 4 ]
[ -1, 7, 0, 0, -1, 5, 0, 0, 31 ]
[ 1, -7, 0, 0, 6, 1, 0, -1, 5 ]
[ 0, 1, -5, -1, 7, 0, 0, 0, 31 ]
[ -1, 1, -1, 0, -1, 5, 0, 0, 31 ]
[ 1, -1, 1, -1, 7, 0, 0, -1, 5 ]
[ -4, -3, 0, 1, -1, 1, -1, 0, 4 ]
[ -1, -1, 9, 4, 3, 0, 0, 0, 31 ]
[ -1, 0, 4, -1, -1, 9, 0, 0, 31 ]
[ 1, 0, -4, 4, 3, 0, -1, -1, 9 ]
[ -1, 0, 4, 1, -1, 1, 0, 0, 31 ]
[ 1, 1, -9, -1, 0, 4, 0, 0, 31 ]
[ -4, -3, 0, -1, -1, 9, 0, 0, 31 ]
[ 4, 3, 0, -1, 0, 4, -1, -1, 9 ]
[ 1, -1, 0, 0, 31, 0, 0, -8, 1 ]
[ 31, 0, 0, -1, 1, 0, -8, 0, 1 ]
[ -1, 1, 0, 0, -1, 4, 0, 0, 31 ]
[ -1, 1, 0, 0, -8, 1, 0, -1, 4 ]
[ 1, 0, -4, -1, 1, 0, 0, 0, 31 ]
[ 8, 0, -1, -1, 1, 0, -1, 0, 4 ]
[ 31, 0, 0, 7, 1, 0, -8, 0, 1 ]
[ 1, -1, -1, -3, 4, 0, 0, 0, 31 ]
[ 7, 1, 0, -3, 4, 0, -1, 1, 1 ]
[ 1, 0, -4, 7, 1, 0, 0, 0, 31 ]
[ 8, 0, -1, 7, 1, 0, -1, 0, 4 ]
[ 1, 9, 0, 0, 31, 0, 0, 10, 1 ]
[ -3, 4, 0, -1, 1, 1, 0, 0, 31 ]
[ 3, -4, 0, 1, 9, 0, -1, 1, 1 ]
[ 1, 0, -4, -1, 1, 1, 0, 0, 31 ]
[ 7, 1, 0, -1, 0, 4, 0, 0, 31 ]
[ 7, 1, 0, -1, 1, 1, -1, 0, 4 ]
[ -1, -9, 0, 0, -1, 3, 0, 0, 31 ]
[ 1, 9, 0, 0, 10, 1, 0, -1, 3 ]
[ 0, -1, 3, 1, 9, 0, 0, 0, 31 ]
[ -1, 1, 1, 0, -1, 3, 0, 0, 31 ]
[ 1, -1, -1, 1, 9, 0, 0, -1, 3 ]
[ 31, 0, 0, 15, 1, 0, -8, 0, 1 ]
[ 1, -2, 0, 0, 31, 0, 0, 15, 1 ]
[ 15, 1, 0, -1, 2, 0, 7, 1, 1 ]
[ 1, 0, -4, 15, 1, 0, 0, 0, 31 ]
[ 8, 0, -1, 15, 1, 0, -1, 0, 4 ]
[ -1, 2, 0, 0, -1, 2, 0, 0, 31 ]
[ 1, -2, 0, 0, 15, 1, 0, -1, 2 ]
[ 0, 1, -2, -1, 2, 0, 0, 0, 31 ]
[ 7, 1, 1, -1, 2, 0, 0, -1, 2 ]
[ 1, 0, -4, 7, 1, 1, 0, 0, 31 ]
[ 15, 1, 0, -1, 0, 4, 0, 0, 31 ]
[ 15, 1, 0, 7, 1, 1, -1, 0, 4 ]
[ -1, 0, 4, 0, -1, 2, 0, 0, 31 ]
[ 7, 1, 1, -1, 0, 4, 0, 0, 31 ]
[ -7, -1, -1, 0, -1, 2, -1, 0, 4 ]
[ 31, 0, 0, -8, 1, 0, -8, 0, 1 ]
[ -1, 4, 0, 0, -1, 1, 0, 0, 31 ]
[ 1, -4, 0, 0, 31, 0, 0, -1, 1 ]
[ 0, 1, -1, -1, 4, 0, 0, 0, 31 ]
[ 8, -1, 0, -1, 4, 0, 0, -1, 1 ]
[ 1, 0, -4, -8, 1, 0, 0, 0, 31 ]
[ 8, 0, -1, -8, 1, 0, -1, 0, 4 ]
[ -1, 0, 4, 0, -1, 1, 0, 0, 31 ]
[ -8, 1, 0, -1, 0, 4, 0, 0, 31 ]
[ -8, 1, 0, 0, -1, 1, -1, 0, 4 ]
[ 31, 0, 0, 0, 1, 0, 10, 0, 1 ]
[ 1, 0, -3, 0, 1, 0, 0, 0, 31 ]
[ 10, 0, 1, 0, 1, 0, -1, 0, 3 ]
[ 31, 0, 0, -10, 1, 0, 10, 0, 1 ]
[ 1, 3, 0, 0, 1, 1, 0, 0, 31 ]
[ 1, 3, 0, 0, 31, 0, 0, 1, 1 ]
[ 0, -1, -1, 1, 3, 0, 0, 0, 31 ]
[ 10, -1, 0, 1, 3, 0, 0, 1, 1 ]
[ 1, 0, -3, -10, 1, 0, 0, 0, 31 ]
[ 10, 0, 1, -10, 1, 0, -1, 0, 3 ]
[ 1, 0, -3, 0, 1, 1, 0, 0, 31 ]
[ -10, 1, 0, -1, 0, 3, 0, 0, 31 ]
[ 10, -1, 0, 0, 1, 1, -1, 0, 3 ]
[ 31, 0, 0, 11, 1, 0, 10, 0, 1 ]
[ 1, 1, -1, 2, 3, 0, 0, 0, 31 ]
[ 11, 1, 0, 2, 3, 0, -1, -1, 1 ]
[ 1, 0, -3, 11, 1, 0, 0, 0, 31 ]
[ 10, 0, 1, 11, 1, 0, -1, 0, 3 ]
[ 1, 17, 0, 0, 31, 0, 0, -15, 1 ]
[ 2, 3, 0, 1, 2, 1, 0, 0, 31 ]
[ 2, 3, 0, 1, 17, 0, 1, 2, 1 ]
[ -1, 0, 3, -1, -1, 1, 0, 0, 31 ]
[ 11, 1, 0, -1, 0, 3, 0, 0, 31 ]
[ -11, -1, 0, -1, -1, 1, -1, 0, 3 ]
[ 1, 17, 0, 0, 1, 2, 0, 0, 31 ]
[ -1, -17, 0, 0, -15, 1, 0, 1, 2 ]
[ 0, -1, -2, 1, 17, 0, 0, 0, 31 ]
[ 1, 2, 1, 0, 1, 2, 0, 0, 31 ]
[ 1, 2, 1, 1, 17, 0, 0, 1, 2 ]
[ 1, 1, 0, 0, 31, 0, 0, -10, 1 ]
[ 31, 0, 0, 1, 1, 0, 10, 0, 1 ]
[ 1, 1, 0, 0, 1, 3, 0, 0, 31 ]
[ -1, -1, 0, 0, -10, 1, 0, 1, 3 ]
[ 1, 0, -3, 1, 1, 0, 0, 0, 31 ]
[ 10, 0, 1, 1, 1, 0, -1, 0, 3 ]
[ 31, 0, 0, -9, 1, 0, 10, 0, 1 ]
[ -1, -1, -1, 4, 3, 0, 0, 0, 31 ]
[ 9, -1, 0, 4, 3, 0, 1, 1, 1 ]
[ 1, 0, -3, -9, 1, 0, 0, 0, 31 ]
[ 10, 0, 1, -9, 1, 0, -1, 0, 3 ]
[ 1, -7, 0, 0, 31, 0, 0, 8, 1 ]
[ 4, 3, 0, 1, 1, 1, 0, 0, 31 ]
[ 4, 3, 0, -1, 7, 0, 1, 1, 1 ]
[ 1, 0, -3, 1, 1, 1, 0, 0, 31 ]
[ -9, 1, 0, -1, 0, 3, 0, 0, 31 ]
[ 9, -1, 0, 1, 1, 1, -1, 0, 3 ]
[ 1, -7, 0, 0, 1, 4, 0, 0, 31 ]
[ 1, -7, 0, 0, 8, 1, 0, 1, 4 ]
[ 0, 1, 4, -1, 7, 0, 0, 0, 31 ]
[ 1, 1, 1, 0, 1, 4, 0, 0, 31 ]
[ 1, 1, 1, -1, 7, 0, 0, 1, 4 ]
[ 31, 0, 0, 12, 1, 0, 10, 0, 1 ]
[ 2, 1, -1, 5, 3, 0, 0, 0, 31 ]
[ 12, 1, 0, 5, 3, 0, -2, -1, 1 ]
[ 1, 0, -3, 12, 1, 0, 0, 0, 31 ]
[ 10, 0, 1, 12, 1, 0, -1, 0, 3 ]
[ 5, 3, 0, -2, -1, 1, 0, 0, 31 ]
[ 5, 3, 0, -2, 5, 0, -2, -1, 1 ]
[ -1, 0, 3, -2, -1, 1, 0, 0, 31 ]
[ 12, 1, 0, -1, 0, 3, 0, 0, 31 ]
[ -12, -1, 0, -2, -1, 1, -1, 0, 3 ]
[ 1, -18, 0, 0, 31, 0, 0, -6, 1 ]
[ 2, -5, 0, -1, 18, 0, 0, -6, 1 ]
[ 2, 1, -1, -1, 0, 3, 0, 0, 31 ]
[ 2, 1, -1, -2, 5, 0, -1, 0, 3 ]
[ 1, -18, 0, 0, 1, 5, 0, 0, 31 ]
[ -1, 18, 0, 0, -6, 1, 0, 1, 5 ]
[ 0, 1, 5, -1, 18, 0, 0, 0, 31 ]
[ 0, 6, -1, -1, 18, 0, 0, 1, 5 ]
[ -2, 5, 0, 0, -6, 1, -1, 0, 3 ]
[ 1, 0, -3, 0, 1, 5, 0, 0, 31 ]
[ 1, 0, -3, -2, 5, 0, 0, 1, 5 ]
[ -1, 0, 3, 0, -6, 1, 0, 1, 5 ]
[ 0, 1, 5, -1, 0, 3, 0, 0, 31 ]
[ -2, 5, 0, -1, 0, 3, 0, 1, 5 ]
[ -1, 3, 18, -2, 5, 0, 0, 0, 31 ]
[ 0, 1, 5, -1, 3, 18, 0, 0, 31 ]
[ 0, 1, 5, -2, 5, 0, -1, 3, 18 ]
[ 1, 0, -3, 0, 1, 5, 0, 0, 31 ]
[ 1, -3, -18, 0, 1, 5, 0, 0, 31 ]
[ 2, -5, 0, -1, 3, 18, 0, 0, 31 ]
[ 2, -5, 0, 0, 1, 5, -1, 3, 18 ]
[ 31, 0, 0, 2, 1, 0, 10, 0, 1 ]
[ 1, 16, 0, 0, 31, 0, 0, -5, 1 ]
[ 2, 1, 0, 1, 16, 0, 0, -5, 1 ]
[ 1, 0, -3, 2, 1, 0, 0, 0, 31 ]
[ 10, 0, 1, 2, 1, 0, -1, 0, 3 ]
[ 1, 16, 0, 0, 1, 6, 0, 0, 31 ]
[ -1, -16, 0, 0, -5, 1, 0, 1, 6 ]
[ 0, -1, -6, 1, 16, 0, 0, 0, 31 ]
[ 0, -5, 1, 1, 16, 0, 0, 1, 6 ]
[ 2, 1, 0, 1, 1, 3, 0, 0, 31 ]
[ -2, -1, 0, 0, -5, 1, 1, 1, 3 ]
[ 1, 1, 3, 0, 1, 6, 0, 0, 31 ]
[ -1, -1, -3, 0, -5, 1, 0, 1, 6 ]
[ 31, 0, 0, -8, 1, 0, 10, 0, 1 ]
[ 1, -4, 0, 0, 31, 0, 0, 9, 1 ]
[ 8, -1, 0, -1, 4, 0, 2, 1, 1 ]
[ 1, 0, -3, -8, 1, 0, 0, 0, 31 ]
[ 10, 0, 1, -8, 1, 0, -1, 0, 3 ]
[ 1, -4, 0, 0, 9, 1, 0, -4, 3 ]
[ 2, 1, 1, -1, 0, 3, 0, 0, 31 ]
[ 2, 1, 1, -1, 4, 0, -1, 0, 3 ]
[ 1, 0, -3, 2, 1, 1, 0, 0, 31 ]
[ -8, 1, 0, -1, 0, 3, 0, 0, 31 ]
[ 8, -1, 0, 2, 1, 1, -1, 0, 3 ]
[ 1, -4, 0, 0, 1, 7, 0, 0, 31 ]
[ -1, 4, 0, 0, -4, 3, 0, 1, 7 ]
[ 0, 1, 7, -1, 4, 0, 0, 0, 31 ]
[ 1, 0, -3, 0, 1, 7, 0, 0, 31 ]
[ 1, 0, -3, -1, 4, 0, 0, 1, 7 ]
[ 31, 0, 0, 13, 1, 0, 10, 0, 1 ]
[ 13, 1, 0, -5, 2, 0, -3, -1, 1 ]
[ 1, 0, -3, 13, 1, 0, 0, 0, 31 ]
[ 10, 0, 1, 13, 1, 0, -1, 0, 3 ]
[ 5, -2, 0, -2, 7, 0, 2, -3, 1 ]
[ 3, 1, -1, -1, 0, 3, 0, 0, 31 ]
[ 3, 1, -1, -5, 2, 0, -1, 0, 3 ]
[ -1, 0, 3, -3, -1, 1, 0, 0, 31 ]
[ 13, 1, 0, -1, 0, 3, 0, 0, 31 ]
[ -13, -1, 0, -3, -1, 1, -1, 0, 3 ]
[ 1, -19, 0, 0, 31, 0, 0, 4, 1 ]
[ 2, -7, 0, -1, 19, 0, 0, 4, 1 ]
[ 1, -3, 4, -2, 7, 0, 0, 0, 31 ]
[ 2, -3, 1, -2, 7, 0, 1, -3, 4 ]
[ -5, 2, 0, 2, -3, 1, -1, 0, 3 ]
[ 3, -1, -17, -5, 2, 0, 0, 0, 31 ]
[ 1, 0, -3, -3, 1, 17, 0, 0, 31 ]
[ 1, 0, -3, -5, 2, 0, -3, 1, 17 ]
[ 1, -19, 0, 0, 1, 8, 0, 0, 31 ]
[ 1, -19, 0, 0, 4, 1, 0, 1, 8 ]
[ 0, 1, 8, -1, 19, 0, 0, 0, 31 ]
[ 0, 4, 1, -1, 19, 0, 0, 1, 8 ]
[ 2, -7, 0, -1, 4, 4, 0, 0, 31 ]
[ 2, -7, 0, 0, 4, 1, -1, 4, 4 ]
[ -1, 2, -12, 1, -3, 4, 0, 0, 31 ]
[ -2, 3, -1, 1, -2, 12, 0, 0, 31 ]
[ -2, 3, -1, 1, -3, 4, 1, -2, 12 ]
[ -1, 1, 11, 2, -3, 1, 0, 0, 31 ]
[ 1, 0, -3, -1, 1, 11, 0, 0, 31 ]
[ -1, 0, 3, 2, -3, 1, -1, 1, 11 ]
[ -3, 1, 17, -1, 0, 3, 0, 0, 31 ]
[ -5, 2, 0, -3, 1, 17, 0, 0, 31 ]
[ -5, 2, 0, -1, 0, 3, -3, 1, 17 ]
[ 1, -4, -4, 0, 1, 8, 0, 0, 31 ]
[ 1, -4, -4, 0, 4, 1, 0, 1, 8 ]
[ 31, 0, 0, 3, 1, 0, 10, 0, 1 ]
[ 1, -10, 0, 0, 31, 0, 0, 7, 1 ]
[ 3, 1, 0, -1, 10, 0, 1, -3, 1 ]
[ 1, 0, -3, 3, 1, 0, 0, 0, 31 ]
[ 10, 0, 1, 3, 1, 0, -1, 0, 3 ]
[ 1, -10, 0, 0, 7, 1, 0, -3, 4 ]
[ 1, -3, 1, -1, 10, 0, 0, -3, 4 ]
[ 3, 1, 0, -1, 0, 3, 0, 0, 31 ]
[ -3, -1, 0, 1, -3, 1, -1, 0, 3 ]
[ 1, -10, 0, 0, 1, 9, 0, 0, 31 ]
[ -1, 10, 0, 0, -3, 4, 0, 1, 9 ]
[ 0, 1, 9, -1, 10, 0, 0, 0, 31 ]
[ 0, 3, -4, -1, 10, 0, 0, 1, 9 ]
[ 1, -3, 1, 0, 1, 9, 0, 0, 31 ]
[ -1, 3, -1, 0, -3, 4, 0, 1, 9 ]
[ 0, -1, -9, 1, -3, 1, 0, 0, 31 ]
[ 1, 0, -3, 0, 1, 9, 0, 0, 31 ]
[ -1, 0, 3, 1, -3, 1, 0, 1, 9 ]
[ 31, 0, 0, -7, 1, 0, 10, 0, 1 ]
[ 7, -1, 0, 3, 4, 0, 3, 1, 1 ]
[ 1, 0, -3, -7, 1, 0, 0, 0, 31 ]
[ 10, 0, 1, -7, 1, 0, -1, 0, 3 ]
[ 1, -9, 0, 0, 31, 0, 0, -3, 1 ]
[ 3, 4, 0, -1, 9, 0, 0, -3, 1 ]
[ 3, 1, 1, -1, 0, 3, 0, 0, 31 ]
[ 3, 1, 1, 3, 4, 0, -1, 0, 3 ]
[ 1, 0, -3, 3, 1, 1, 0, 0, 31 ]
[ -7, 1, 0, -1, 0, 3, 0, 0, 31 ]
[ 7, -1, 0, 3, 1, 1, -1, 0, 3 ]
[ 1, -9, 0, 0, 1, 10, 0, 0, 31 ]
[ -1, 9, 0, 0, -3, 1, 0, 1, 10 ]
[ 0, 1, 10, -1, 9, 0, 0, 0, 31 ]
[ 0, 3, -1, -1, 9, 0, 0, 1, 10 ]
[ -3, -4, 0, 0, -3, 1, -1, 0, 3 ]
[ 1, 1, 7, 3, 4, 0, 0, 0, 31 ]
[ 1, 0, -3, 1, 1, 7, 0, 0, 31 ]
[ 1, 0, -3, 3, 4, 0, 1, 1, 7 ]
[ 1, 0, -3, 0, 1, 10, 0, 0, 31 ]
[ -1, 0, 3, 0, -3, 1, 0, 1, 10 ]
[ 1, 1, 7, -1, 0, 3, 0, 0, 31 ]
[ -3, -4, 0, 1, 1, 7, 0, 0, 31 ]
[ 3, 4, 0, -1, 0, 3, 1, 1, 7 ]
[ 31, 0, 0, 14, 1, 0, 10, 0, 1 ]
[ 14, 1, 0, -3, 2, 0, -4, -1, 1 ]
[ 1, 0, -3, 14, 1, 0, 0, 0, 31 ]
[ 10, 0, 1, 14, 1, 0, -1, 0, 3 ]
[ 1, -11, 0, 0, 31, 0, 0, -14, 1 ]
[ 3, -2, 0, -1, 11, 0, -1, -3, 1 ]
[ 4, 1, -1, -1, 0, 3, 0, 0, 31 ]
[ 4, 1, -1, -3, 2, 0, -1, 0, 3 ]
[ -1, 0, 3, -4, -1, 1, 0, 0, 31 ]
[ 14, 1, 0, -1, 0, 3, 0, 0, 31 ]
[ -14, -1, 0, -4, -1, 1, -1, 0, 3 ]
[ -1, 11, 0, 0, -14, 1, 0, 3, 2 ]
[ 1, 3, -1, -1, 11, 0, 0, 3, 2 ]
[ -3, 2, 0, -1, -3, 1, -1, 0, 3 ]
[ 2, -1, -17, -3, 2, 0, 0, 0, 31 ]
[ 1, 0, -3, -2, 1, 17, 0, 0, 31 ]
[ 1, 0, -3, -3, 2, 0, -2, 1, 17 ]
[ 1, -11, 0, 0, 1, 11, 0, 0, 31 ]
[ 1, -11, 0, 0, 3, 2, 0, 1, 11 ]
[ 0, 1, 11, -1, 11, 0, 0, 0, 31 ]
[ 0, 3, 2, -1, 11, 0, 0, 1, 11 ]
[ 1, 3, -1, 0, 1, 11, 0, 0, 31 ]
[ 1, 3, -1, 0, 3, 2, 0, 1, 11 ]
[ 0, 1, 11, -1, -3, 1, 0, 0, 31 ]
[ 1, 0, -3, 0, 1, 11, 0, 0, 31 ]
[ -1, 0, 3, -1, -3, 1, 0, 1, 11 ]
[ -2, 1, 17, -1, 0, 3, 0, 0, 31 ]
[ -3, 2, 0, -2, 1, 17, 0, 0, 31 ]
[ -3, 2, 0, -1, 0, 3, -2, 1, 17 ]
[ 31, 0, 0, 4, 1, 0, 10, 0, 1 ]
[ 1, 8, 0, 0, 31, 0, 0, 13, 1 ]
[ 4, 1, 0, 1, 8, 0, -2, -3, 1 ]
[ 1, 0, -3, 4, 1, 0, 0, 0, 31 ]
[ 10, 0, 1, 4, 1, 0, -1, 0, 3 ]
[ 1, 8, 0, 0, 13, 1, 0, -5, 2 ]
[ 2, 3, -1, 1, 8, 0, 1, 3, 2 ]
[ 4, 1, 0, -1, 0, 3, 0, 0, 31 ]
[ -4, -1, 0, -2, -3, 1, -1, 0, 3 ]
[ -1, -8, 0, 0, -5, 2, 0, -2, 7 ]
[ 1, 3, 2, 1, 8, 0, 0, -2, 7 ]
[ 1, 2, -10, 1, 3, 2, 0, 0, 31 ]
[ -2, -3, 1, -1, -2, 10, 0, 0, 31 ]
[ 2, 3, -1, 1, 3, 2, -1, -2, 10 ]
[ -1, -1, -9, -2, -3, 1, 0, 0, 31 ]
[ 1, 0, -3, 1, 1, 9, 0, 0, 31 ]
[ -1, 0, 3, -2, -3, 1, 1, 1, 9 ]
[ -1, -8, 0, 0, -1, 19, 0, 0, 31 ]
[ -1, -8, 0, 0, -2, 7, 0, -1, 19 ]
[ 0, -1, 19, 1, 8, 0, 0, 0, 31 ]
[ 0, -2, 7, 1, 8, 0, 0, -1, 19 ]
[ -1, -3, -2, 0, -1, 19, 0, 0, 31 ]
[ -1, -3, -2, 0, -2, 7, 0, -1, 19 ]
[ 31, 0, 0, -6, 1, 0, 10, 0, 1 ]
[ 1, 5, 0, 0, 31, 0, 0, 12, 1 ]
[ 6, -1, 0, 1, 5, 0, -2, 2, 1 ]
[ 1, 0, -3, -6, 1, 0, 0, 0, 31 ]
[ 10, 0, 1, -6, 1, 0, -1, 0, 3 ]
[ 1, 5, 0, 0, 12, 1, 0, 5, 3 ]
[ 2, -2, -1, 1, 5, 0, -1, 0, 3 ]
[ -6, 1, 0, -1, 0, 3, 0, 0, 31 ]
[ 6, -1, 0, -2, 2, 1, -1, 0, 3 ]
[ 1, 5, 0, 0, 5, 3, 0, -2, 5 ]
[ 1, 0, -3, 1, 5, 0, 0, -2, 5 ]
[ -1, 1, 16, -1, 0, 3, 0, 0, 31 ]
[ -2, 2, 1, -1, 0, 3, -1, 1, 16 ]
[ 1, 0, -3, -1, 1, 16, 0, 0, 31 ]
[ 1, 0, -3, -2, 2, 1, -1, 1, 16 ]
[ -1, -5, 0, 0, -1, 18, 0, 0, 31 ]
[ -1, -5, 0, 0, -2, 5, 0, -1, 18 ]
[ 0, -1, 18, 1, 5, 0, 0, 0, 31 ]
[ 0, -2, 5, 1, 5, 0, 0, -1, 18 ]
[ -1, 0, 3, 0, -1, 18, 0, 0, 31 ]
[ -1, 0, 3, 0, -2, 5, 0, -1, 18 ]
[ 31, 0, 0, 15, 1, 0, 10, 0, 1 ]
[ 1, -2, 0, 0, 31, 0, 0, -11, 1 ]
[ 15, 1, 0, -1, 2, 0, -5, -1, 1 ]
[ 1, 0, -3, 15, 1, 0, 0, 0, 31 ]
[ 10, 0, 1, 15, 1, 0, -1, 0, 3 ]
[ -1, 2, 0, 0, -11, 1, 0, -2, 3 ]
[ 5, 1, -1, -1, 0, 3, 0, 0, 31 ]
[ 5, 1, -1, -1, 2, 0, -1, 0, 3 ]
[ -1, 0, 3, -5, -1, 1, 0, 0, 31 ]
[ 15, 1, 0, -1, 0, 3, 0, 0, 31 ]
[ -15, -1, 0, -5, -1, 1, -1, 0, 3 ]
[ -1, 2, 0, 0, -1, 17, 0, 0, 31 ]
[ -1, 2, 0, 0, -2, 3, 0, -1, 17 ]
[ 1, -1, -17, -1, 2, 0, 0, 0, 31 ]
[ 1, 0, -3, -1, 1, 17, 0, 0, 31 ]
[ 1, 0, -3, -1, 2, 0, -1, 1, 17 ]
[ 31, 0, 0, 5, 1, 0, 10, 0, 1 ]
[ 1, -6, 0, 0, 31, 0, 0, -2, 1 ]
[ 5, 1, 0, -1, 6, 0, 0, -2, 1 ]
[ 1, 0, -3, 5, 1, 0, 0, 0, 31 ]
[ 10, 0, 1, 5, 1, 0, -1, 0, 3 ]
[ -1, 6, 0, 0, -1, 16, 0, 0, 31 ]
[ -1, 6, 0, 0, -2, 1, 0, -1, 16 ]
[ 0, 1, -16, -1, 6, 0, 0, 0, 31 ]
[ 0, 2, -1, -1, 6, 0, 0, -1, 16 ]
[ 5, 1, 0, -1, 0, 3, 0, 0, 31 ]
[ -5, -1, 0, 0, -2, 1, -1, 0, 3 ]
[ -1, 0, 3, 0, -1, 16, 0, 0, 31 ]
[ -1, 0, 3, 0, -2, 1, 0, -1, 16 ]
[ 31, 0, 0, -5, 1, 0, 10, 0, 1 ]
[ 1, 6, 0, 0, 31, 0, 0, 2, 1 ]
[ 5, -1, 0, 1, 6, 0, 0, 2, 1 ]
[ 1, 0, -3, -5, 1, 0, 0, 0, 31 ]
[ 10, 0, 1, -5, 1, 0, -1, 0, 3 ]
[ 1, 6, 0, 0, 1, 16, 0, 0, 31 ]
[ 1, 6, 0, 0, 2, 1, 0, 1, 16 ]
[ 0, -1, -16, 1, 6, 0, 0, 0, 31 ]
[ 0, -2, -1, 1, 6, 0, 0, 1, 16 ]
[ -5, 1, 0, -1, 0, 3, 0, 0, 31 ]
[ 5, -1, 0, 0, 2, 1, -1, 0, 3 ]
[ 1, 0, -3, 0, 1, 16, 0, 0, 31 ]
[ 1, 0, -3, 0, 2, 1, 0, 1, 16 ]
[ 31, 0, 0, -15, 1, 0, 10, 0, 1 ]
[ 1, 2, 0, 0, 31, 0, 0, 11, 1 ]
[ 15, -1, 0, 1, 2, 0, -5, 1, 1 ]
[ 1, 0, -3, -15, 1, 0, 0, 0, 31 ]
[ 10, 0, 1, -15, 1, 0, -1, 0, 3 ]
[ 1, 2, 0, 0, 11, 1, 0, 2, 3 ]
[ -5, 1, 1, -1, 0, 3, 0, 0, 31 ]
[ 5, -1, -1, 1, 2, 0, -1, 0, 3 ]
[ 1, 0, -3, -5, 1, 1, 0, 0, 31 ]
[ -15, 1, 0, -1, 0, 3, 0, 0, 31 ]
[ 15, -1, 0, -5, 1, 1, -1, 0, 3 ]
[ 1, 2, 0, 0, 1, 17, 0, 0, 31 ]
[ 1, 2, 0, 0, 2, 3, 0, 1, 17 ]
[ 0, -1, -17, 1, 2, 0, 0, 0, 31 ]
[ 1, 0, -3, 0, 1, 17, 0, 0, 31 ]
[ 1, 0, -3, 1, 2, 0, 0, 1, 17 ]
[ 31, 0, 0, 6, 1, 0, 10, 0, 1 ]
[ 1, -5, 0, 0, 31, 0, 0, -12, 1 ]
[ 6, 1, 0, -1, 5, 0, -2, -2, 1 ]
[ 1, 0, -3, 6, 1, 0, 0, 0, 31 ]
[ 10, 0, 1, 6, 1, 0, -1, 0, 3 ]
[ -1, 5, 0, 0, -12, 1, 0, -5, 3 ]
[ 2, 2, -1, -1, 5, 0, -1, 0, 3 ]
[ 6, 1, 0, -1, 0, 3, 0, 0, 31 ]
[ -6, -1, 0, -2, -2, 1, -1, 0, 3 ]
[ -1, 5, 0, 0, -5, 3, 0, 2, 5 ]
[ 1, 0, -3, -1, 5, 0, 0, 2, 5 ]
[ 1, 1, -16, -1, 0, 3, 0, 0, 31 ]
[ 2, 2, -1, -1, 0, 3, -1, -1, 16 ]
[ -1, 0, 3, -1, -1, 16, 0, 0, 31 ]
[ -1, 0, 3, -2, -2, 1, -1, -1, 16 ]
[ 1, -5, 0, 0, 1, 18, 0, 0, 31 ]
[ 1, -5, 0, 0, 2, 5, 0, 1, 18 ]
[ 0, 1, 18, -1, 5, 0, 0, 0, 31 ]
[ 0, 2, 5, -1, 5, 0, 0, 1, 18 ]
[ 1, 0, -3, 0, 1, 18, 0, 0, 31 ]
[ 1, 0, -3, 0, 2, 5, 0, 1, 18 ]
[ 31, 0, 0, -4, 1, 0, 10, 0, 1 ]
[ 1, -8, 0, 0, 31, 0, 0, -13, 1 ]
[ 4, -1, 0, -1, 8, 0, -2, 3, 1 ]
[ 1, 0, -3, -4, 1, 0, 0, 0, 31 ]
[ 10, 0, 1, -4, 1, 0, -1, 0, 3 ]
[ -1, 8, 0, 0, -13, 1, 0, 5, 2 ]
[ 2, -3, -1, -1, 8, 0, 1, -3, 2 ]
[ -4, 1, 0, -1, 0, 3, 0, 0, 31 ]
[ 4, -1, 0, -2, 3, 1, -1, 0, 3 ]
[ 1, -8, 0, 0, 5, 2, 0, 2, 7 ]
[ 1, -3, 2, -1, 8, 0, 0, 2, 7 ]
[ -1, 2, 10, 1, -3, 2, 0, 0, 31 ]
[ 2, -3, -1, -1, 2, 10, 0, 0, 31 ]
[ -2, 3, 1, 1, -3, 2, -1, 2, 10 ]
[ 1, -1, 9, -2, 3, 1, 0, 0, 31 ]
[ -1, 0, 3, 1, -1, 9, 0, 0, 31 ]
[ 1, 0, -3, -2, 3, 1, 1, -1, 9 ]
[ 1, -8, 0, 0, 1, 19, 0, 0, 31 ]
[ 1, -8, 0, 0, 2, 7, 0, 1, 19 ]
[ 0, 1, 19, -1, 8, 0, 0, 0, 31 ]
[ 0, 2, 7, -1, 8, 0, 0, 1, 19 ]
[ 1, -3, 2, 0, 1, 19, 0, 0, 31 ]
[ 1, -3, 2, 0, 2, 7, 0, 1, 19 ]
[ 31, 0, 0, -14, 1, 0, 10, 0, 1 ]
[ 14, -1, 0, 3, 2, 0, -4, 1, 1 ]
[ 1, 0, -3, -14, 1, 0, 0, 0, 31 ]
[ 10, 0, 1, -14, 1, 0, -1, 0, 3 ]
[ 1, 11, 0, 0, 31, 0, 0, 14, 1 ]
[ 3, 2, 0, 1, 11, 0, -1, 3, 1 ]
[ -4, 1, 1, -1, 0, 3, 0, 0, 31 ]
[ 4, -1, -1, 3, 2, 0, -1, 0, 3 ]
[ 1, 0, -3, -4, 1, 1, 0, 0, 31 ]
[ -14, 1, 0, -1, 0, 3, 0, 0, 31 ]
[ 14, -1, 0, -4, 1, 1, -1, 0, 3 ]
[ 1, 11, 0, 0, 14, 1, 0, -3, 2 ]
[ 1, -3, -1, 1, 11, 0, 0, -3, 2 ]
[ 3, 2, 0, -1, 3, 1, -1, 0, 3 ]
[ -1, -1, -17, 3, 2, 0, 0, 0, 31 ]
[ 1, 0, -3, 1, 1, 17, 0, 0, 31 ]
[ 1, 0, -3, 3, 2, 0, 1, 1, 17 ]
[ -1, -11, 0, 0, -1, 11, 0, 0, 31 ]
[ -1, -11, 0, 0, -3, 2, 0, -1, 11 ]
[ 0, -1, 11, 1, 11, 0, 0, 0, 31 ]
[ 0, -3, 2, 1, 11, 0, 0, -1, 11 ]
[ -1, 3, 1, 0, -1, 11, 0, 0, 31 ]
[ -1, 3, 1, 0, -3, 2, 0, -1, 11 ]
[ 0, 1, -11, -1, 3, 1, 0, 0, 31 ]
[ -1, 0, 3, 0, -1, 11, 0, 0, 31 ]
[ 1, 0, -3, -1, 3, 1, 0, -1, 11 ]
[ 1, 1, 17, -1, 0, 3, 0, 0, 31 ]
[ 3, 2, 0, 1, 1, 17, 0, 0, 31 ]
[ 3, 2, 0, -1, 0, 3, 1, 1, 17 ]
[ 31, 0, 0, 7, 1, 0, 10, 0, 1 ]
[ 7, 1, 0, -3, 4, 0, 3, -1, 1 ]
[ 1, 0, -3, 7, 1, 0, 0, 0, 31 ]
[ 10, 0, 1, 7, 1, 0, -1, 0, 3 ]
[ 1, 9, 0, 0, 31, 0, 0, 3, 1 ]
[ 3, -4, 0, 1, 9, 0, 0, 3, 1 ]
[ -3, 1, -1, -1, 0, 3, 0, 0, 31 ]
[ 3, -1, 1, -3, 4, 0, -1, 0, 3 ]
[ -1, 0, 3, 3, -1, 1, 0, 0, 31 ]
[ 7, 1, 0, -1, 0, 3, 0, 0, 31 ]
[ -7, -1, 0, 3, -1, 1, -1, 0, 3 ]
[ -1, -9, 0, 0, -1, 10, 0, 0, 31 ]
[ 1, 9, 0, 0, 3, 1, 0, -1, 10 ]
[ 0, -1, 10, 1, 9, 0, 0, 0, 31 ]
[ 0, -3, -1, 1, 9, 0, 0, -1, 10 ]
[ 3, -4, 0, 0, 3, 1, -1, 0, 3 ]
[ 1, -1, 7, -3, 4, 0, 0, 0, 31 ]
[ -1, 0, 3, 1, -1, 7, 0, 0, 31 ]
[ 1, 0, -3, -3, 4, 0, 1, -1, 7 ]
[ -1, 0, 3, 0, -1, 10, 0, 0, 31 ]
[ 1, 0, -3, 0, 3, 1, 0, -1, 10 ]
[ -1, 1, -7, -1, 0, 3, 0, 0, 31 ]
[ 3, -4, 0, 1, -1, 7, 0, 0, 31 ]
[ -3, 4, 0, -1, 0, 3, 1, -1, 7 ]
[ 31, 0, 0, -3, 1, 0, 10, 0, 1 ]
[ 1, 10, 0, 0, 31, 0, 0, -7, 1 ]
[ 3, -1, 0, 1, 10, 0, 1, 3, 1 ]
[ 1, 0, -3, -3, 1, 0, 0, 0, 31 ]
[ 10, 0, 1, -3, 1, 0, -1, 0, 3 ]
[ -1, -10, 0, 0, -7, 1, 0, 3, 4 ]
[ 1, 3, 1, 1, 10, 0, 0, 3, 4 ]
[ -3, 1, 0, -1, 0, 3, 0, 0, 31 ]
[ 3, -1, 0, 1, 3, 1, -1, 0, 3 ]
[ -1, -10, 0, 0, -1, 9, 0, 0, 31 ]
[ 1, 10, 0, 0, 3, 4, 0, -1, 9 ]
[ 0, -1, 9, 1, 10, 0, 0, 0, 31 ]
[ 0, -3, -4, 1, 10, 0, 0, -1, 9 ]
[ -1, -3, -1, 0, -1, 9, 0, 0, 31 ]
[ 1, 3, 1, 0, 3, 4, 0, -1, 9 ]
[ 0, -1, 9, 1, 3, 1, 0, 0, 31 ]
[ -1, 0, 3, 0, -1, 9, 0, 0, 31 ]
[ 1, 0, -3, 1, 3, 1, 0, -1, 9 ]
[ 31, 0, 0, -13, 1, 0, 10, 0, 1 ]
[ 13, -1, 0, 5, 2, 0, -3, 1, 1 ]
[ 1, 0, -3, -13, 1, 0, 0, 0, 31 ]
[ 10, 0, 1, -13, 1, 0, -1, 0, 3 ]
[ 5, 2, 0, 2, 7, 0, 2, 3, 1 ]
[ -3, 1, 1, -1, 0, 3, 0, 0, 31 ]
[ 3, -1, -1, 5, 2, 0, -1, 0, 3 ]
[ 1, 0, -3, -3, 1, 1, 0, 0, 31 ]
[ -13, 1, 0, -1, 0, 3, 0, 0, 31 ]
[ 13, -1, 0, -3, 1, 1, -1, 0, 3 ]
[ 1, 19, 0, 0, 31, 0, 0, -4, 1 ]
[ 2, 7, 0, 1, 19, 0, 0, -4, 1 ]
[ 1, 3, 4, 2, 7, 0, 0, 0, 31 ]
[ 2, 3, 1, 2, 7, 0, 1, 3, 4 ]
[ 5, 2, 0, 2, 3, 1, -1, 0, 3 ]
[ -2, -1, -17, 5, 2, 0, 0, 0, 31 ]
[ 1, 0, -3, 2, 1, 17, 0, 0, 31 ]
[ 1, 0, -3, 5, 2, 0, 2, 1, 17 ]
[ -1, -19, 0, 0, -1, 8, 0, 0, 31 ]
[ -1, -19, 0, 0, -4, 1, 0, -1, 8 ]
[ 0, -1, 8, 1, 19, 0, 0, 0, 31 ]
[ 0, -4, 1, 1, 19, 0, 0, -1, 8 ]
[ -2, -7, 0, 1, 3, 4, 0, 0, 31 ]
[ -2, -7, 0, 0, -4, 1, 1, 3, 4 ]
[ 1, 2, 12, 1, 3, 4, 0, 0, 31 ]
[ 2, 3, 1, 1, 2, 12, 0, 0, 31 ]
[ 2, 3, 1, 1, 3, 4, 1, 2, 12 ]
[ 1, 1, -11, 2, 3, 1, 0, 0, 31 ]
[ -1, 0, 3, -1, -1, 11, 0, 0, 31 ]
[ 1, 0, -3, 2, 3, 1, -1, -1, 11 ]
[ 2, 1, 17, -1, 0, 3, 0, 0, 31 ]
[ 5, 2, 0, 2, 1, 17, 0, 0, 31 ]
[ 5, 2, 0, -1, 0, 3, 2, 1, 17 ]
[ -1, -3, -4, 0, -1, 8, 0, 0, 31 ]
[ -1, -3, -4, 0, -4, 1, 0, -1, 8 ]
[ 31, 0, 0, 8, 1, 0, 10, 0, 1 ]
[ 1, 4, 0, 0, 31, 0, 0, -9, 1 ]
[ 8, 1, 0, 1, 4, 0, 2, -1, 1 ]
[ 1, 0, -3, 8, 1, 0, 0, 0, 31 ]
[ 10, 0, 1, 8, 1, 0, -1, 0, 3 ]
[ -1, -4, 0, 0, -9, 1, 0, 4, 3 ]
[ -2, 1, -1, -1, 0, 3, 0, 0, 31 ]
[ 2, -1, 1, 1, 4, 0, -1, 0, 3 ]
[ -1, 0, 3, 2, -1, 1, 0, 0, 31 ]
[ 8, 1, 0, -1, 0, 3, 0, 0, 31 ]
[ -8, -1, 0, 2, -1, 1, -1, 0, 3 ]
[ -1, -4, 0, 0, -1, 7, 0, 0, 31 ]
[ 1, 4, 0, 0, 4, 3, 0, -1, 7 ]
[ 0, -1, 7, 1, 4, 0, 0, 0, 31 ]
[ -1, 0, 3, 0, -1, 7, 0, 0, 31 ]
[ 1, 0, -3, 1, 4, 0, 0, -1, 7 ]
[ 31, 0, 0, -2, 1, 0, 10, 0, 1 ]
[ 1, -16, 0, 0, 31, 0, 0, 5, 1 ]
[ 2, -1, 0, -1, 16, 0, 0, 5, 1 ]
[ 1, 0, -3, -2, 1, 0, 0, 0, 31 ]
[ 10, 0, 1, -2, 1, 0, -1, 0, 3 ]
[ -1, 16, 0, 0, -1, 6, 0, 0, 31 ]
[ 1, -16, 0, 0, 5, 1, 0, -1, 6 ]
[ 0, 1, -6, -1, 16, 0, 0, 0, 31 ]
[ 0, 5, 1, -1, 16, 0, 0, -1, 6 ]
[ -2, 1, 0, -1, 0, 3, 0, 0, 31 ]
[ 2, -1, 0, 0, 5, 1, -1, 0, 3 ]
[ -1, 0, 3, 0, -1, 6, 0, 0, 31 ]
[ 1, 0, -3, 0, 5, 1, 0, -1, 6 ]
[ 31, 0, 0, -12, 1, 0, 10, 0, 1 ]
[ 2, -1, -1, -5, 3, 0, 0, 0, 31 ]
[ 12, -1, 0, -5, 3, 0, -2, 1, 1 ]
[ 1, 0, -3, -12, 1, 0, 0, 0, 31 ]
[ 10, 0, 1, -12, 1, 0, -1, 0, 3 ]
[ -5, 3, 0, -2, 1, 1, 0, 0, 31 ]
[ 5, -3, 0, 2, 5, 0, -2, 1, 1 ]
[ 1, 0, -3, -2, 1, 1, 0, 0, 31 ]
[ -12, 1, 0, -1, 0, 3, 0, 0, 31 ]
[ 12, -1, 0, -2, 1, 1, -1, 0, 3 ]
[ 1, 18, 0, 0, 31, 0, 0, 6, 1 ]
[ 2, 5, 0, 1, 18, 0, 0, 6, 1 ]
[ -2, 1, 1, -1, 0, 3, 0, 0, 31 ]
[ 2, -1, -1, 2, 5, 0, -1, 0, 3 ]
[ -1, -18, 0, 0, -1, 5, 0, 0, 31 ]
[ 1, 18, 0, 0, 6, 1, 0, -1, 5 ]
[ 0, -1, 5, 1, 18, 0, 0, 0, 31 ]
[ 0, -6, -1, 1, 18, 0, 0, -1, 5 ]
[ 2, 5, 0, 0, 6, 1, 1, 5, 3 ]
[ -1, 0, 3, 0, -1, 5, 0, 0, 31 ]
[ 1, 0, -3, 2, 5, 0, 0, -1, 5 ]
[ -1, -5, -3, 0, -1, 5, 0, 0, 31 ]
[ 1, 5, 3, 0, 6, 1, 0, -1, 5 ]
[ 0, -1, 5, 1, 5, 3, 0, 0, 31 ]
[ 2, 5, 0, 1, 5, 3, 0, -1, 5 ]
[ 1, 2, 18, 2, 5, 0, 0, 0, 31 ]
[ 0, -1, 5, 1, 2, 18, 0, 0, 31 ]
[ 0, -1, 5, 2, 5, 0, 1, 2, 18 ]
[ -1, -2, -18, 0, -1, 5, 0, 0, 31 ]
[ -2, -5, 0, 1, 2, 18, 0, 0, 31 ]
[ -2, -5, 0, 0, -1, 5, 1, 2, 18 ]
[ 31, 0, 0, 9, 1, 0, 10, 0, 1 ]
[ -1, 1, -1, -4, 3, 0, 0, 0, 31 ]
[ 9, 1, 0, -4, 3, 0, 1, -1, 1 ]
[ 1, 0, -3, 9, 1, 0, 0, 0, 31 ]
[ 10, 0, 1, 9, 1, 0, -1, 0, 3 ]
[ 1, 7, 0, 0, 31, 0, 0, -8, 1 ]
[ -4, 3, 0, 1, -1, 1, 0, 0, 31 ]
[ 4, -3, 0, 1, 7, 0, 1, -1, 1 ]
[ -1, 0, 3, 1, -1, 1, 0, 0, 31 ]
[ 9, 1, 0, -1, 0, 3, 0, 0, 31 ]
[ -9, -1, 0, 1, -1, 1, -1, 0, 3 ]
[ -1, -7, 0, 0, -1, 4, 0, 0, 31 ]
[ -1, -7, 0, 0, -8, 1, 0, -1, 4 ]
[ 0, -1, 4, 1, 7, 0, 0, 0, 31 ]
[ -1, 1, -1, 0, -1, 4, 0, 0, 31 ]
[ 1, -1, 1, 1, 7, 0, 0, -1, 4 ]
[ 1, -1, 0, 0, 31, 0, 0, 10, 1 ]
[ 31, 0, 0, -1, 1, 0, 10, 0, 1 ]
[ -1, 1, 0, 0, -1, 3, 0, 0, 31 ]
[ 1, -1, 0, 0, 10, 1, 0, -1, 3 ]
[ 1, 0, -3, -1, 1, 0, 0, 0, 31 ]
[ 10, 0, 1, -1, 1, 0, -1, 0, 3 ]
[ 31, 0, 0, -11, 1, 0, 10, 0, 1 ]
[ 1, -1, -1, -2, 3, 0, 0, 0, 31 ]
[ 11, -1, 0, -2, 3, 0, -1, 1, 1 ]
[ 1, 0, -3, -11, 1, 0, 0, 0, 31 ]
[ 10, 0, 1, -11, 1, 0, -1, 0, 3 ]
[ 1, -17, 0, 0, 31, 0, 0, 15, 1 ]
[ -2, 3, 0, 1, -2, 1, 0, 0, 31 ]
[ 2, -3, 0, -1, 17, 0, 1, -2, 1 ]
[ 1, 0, -3, -1, 1, 1, 0, 0, 31 ]
[ -11, 1, 0, -1, 0, 3, 0, 0, 31 ]
[ 11, -1, 0, -1, 1, 1, -1, 0, 3 ]
[ -1, 17, 0, 0, -1, 2, 0, 0, 31 ]
[ 1, -17, 0, 0, 15, 1, 0, -1, 2 ]
[ 0, 1, -2, -1, 17, 0, 0, 0, 31 ]
[ -1, 2, -1, 0, -1, 2, 0, 0, 31 ]
[ 1, -2, 1, -1, 17, 0, 0, -1, 2 ]
[ 31, 0, 0, 10, 1, 0, 10, 0, 1 ]
[ -1, 3, 0, 0, -1, 1, 0, 0, 31 ]
[ 1, -3, 0, 0, 31, 0, 0, -1, 1 ]
[ 0, 1, -1, -1, 3, 0, 0, 0, 31 ]
[ 10, 1, 0, -1, 3, 0, 0, -1, 1 ]
[ 1, 0, -3, 10, 1, 0, 0, 0, 31 ]
[ 10, 0, 1, 10, 1, 0, -1, 0, 3 ]
[ -1, 0, 3, 0, -1, 1, 0, 0, 31 ]
[ 10, 1, 0, -1, 0, 3, 0, 0, 31 ]
[ -10, -1, 0, 0, -1, 1, -1, 0, 3 ]
[ 31, 0, 0, 0, 1, 0, 15, 0, 1 ]
[ 1, 0, -2, 0, 1, 0, 0, 0, 31 ]
[ 15, 0, 1, 0, 1, 0, -1, 0, 2 ]
[ 31, 0, 0, -15, 1, 0, 15, 0, 1 ]
[ 1, 2, 0, 0, 1, 1, 0, 0, 31 ]
[ 1, 2, 0, 0, 31, 0, 0, 1, 1 ]
[ 0, -1, -1, 1, 2, 0, 0, 0, 31 ]
[ 15, -1, 0, 1, 2, 0, 0, 1, 1 ]
[ 1, 0, -2, -15, 1, 0, 0, 0, 31 ]
[ 15, 0, 1, -15, 1, 0, -1, 0, 2 ]
[ 1, 0, -2, 0, 1, 1, 0, 0, 31 ]
[ -15, 1, 0, -1, 0, 2, 0, 0, 31 ]
[ 15, -1, 0, 0, 1, 1, -1, 0, 2 ]
[ 1, 1, 0, 0, 31, 0, 0, -15, 1 ]
[ 31, 0, 0, 1, 1, 0, 15, 0, 1 ]
[ 1, 1, 0, 0, 1, 2, 0, 0, 31 ]
[ -1, -1, 0, 0, -15, 1, 0, 1, 2 ]
[ 1, 0, -2, 1, 1, 0, 0, 0, 31 ]
[ 15, 0, 1, 1, 1, 0, -1, 0, 2 ]
[ 31, 0, 0, -14, 1, 0, 15, 0, 1 ]
[ -1, -1, -1, 3, 2, 0, 0, 0, 31 ]
[ 14, -1, 0, 3, 2, 0, 1, 1, 1 ]
[ 1, 0, -2, -14, 1, 0, 0, 0, 31 ]
[ 15, 0, 1, -14, 1, 0, -1, 0, 2 ]
[ 1, 11, 0, 0, 31, 0, 0, -10, 1 ]
[ 3, 2, 0, 1, 1, 1, 0, 0, 31 ]
[ 3, 2, 0, 1, 11, 0, 1, 1, 1 ]
[ 1, 0, -2, 1, 1, 1, 0, 0, 31 ]
[ -14, 1, 0, -1, 0, 2, 0, 0, 31 ]
[ 14, -1, 0, 1, 1, 1, -1, 0, 2 ]
[ 1, 11, 0, 0, 1, 3, 0, 0, 31 ]
[ -1, -11, 0, 0, -10, 1, 0, 1, 3 ]
[ 0, -1, -3, 1, 11, 0, 0, 0, 31 ]
[ 1, 1, 1, 0, 1, 3, 0, 0, 31 ]
[ 1, 1, 1, 1, 11, 0, 0, 1, 3 ]
[ 31, 0, 0, 2, 1, 0, 15, 0, 1 ]
[ 1, 16, 0, 0, 31, 0, 0, 8, 1 ]
[ 2, 1, 0, 1, 16, 0, -1, -8, 1 ]
[ 1, 0, -2, 2, 1, 0, 0, 0, 31 ]
[ 15, 0, 1, 2, 1, 0, -1, 0, 2 ]
[ 1, 16, 0, 0, 1, 4, 0, 0, 31 ]
[ 1, 16, 0, 0, 8, 1, 0, 1, 4 ]
[ 0, -1, -4, 1, 16, 0, 0, 0, 31 ]
[ 1, 8, -1, 0, 1, 4, 0, 0, 31 ]
[ 1, 8, -1, 1, 16, 0, 0, 1, 4 ]
[ 2, 1, 0, 1, 1, 2, 0, 0, 31 ]
[ -2, -1, 0, -1, -8, 1, 1, 1, 2 ]
[ 0, 1, 4, -1, -8, 1, 0, 0, 31 ]
[ 1, 1, 2, 0, 1, 4, 0, 0, 31 ]
[ -1, -1, -2, -1, -8, 1, 0, 1, 4 ]
[ 31, 0, 0, -13, 1, 0, 15, 0, 1 ]
[ -2, -1, -1, 5, 2, 0, 0, 0, 31 ]
[ 13, -1, 0, 5, 2, 0, 2, 1, 1 ]
[ 1, 0, -2, -13, 1, 0, 0, 0, 31 ]
[ 15, 0, 1, -13, 1, 0, -1, 0, 2 ]
[ 5, 2, 0, 2, 1, 1, 0, 0, 31 ]
[ 5, 2, 0, 2, 7, 0, 2, 1, 1 ]
[ 1, 0, -2, 2, 1, 1, 0, 0, 31 ]
[ -13, 1, 0, -1, 0, 2, 0, 0, 31 ]
[ 13, -1, 0, 2, 1, 1, -1, 0, 2 ]
[ 1, 19, 0, 0, 31, 0, 0, -6, 1 ]
[ 2, 7, 0, 1, 19, 0, 0, -6, 1 ]
[ 2, 1, 1, 1, 1, 3, 0, 0, 31 ]
[ 2, 1, 1, 2, 7, 0, 1, 1, 3 ]
[ 1, 19, 0, 0, 1, 5, 0, 0, 31 ]
[ -1, -19, 0, 0, -6, 1, 0, 1, 5 ]
[ 0, -1, -5, 1, 19, 0, 0, 0, 31 ]
[ 0, -6, 1, 1, 19, 0, 0, 1, 5 ]
[ -2, -7, 0, 0, -6, 1, 1, 1, 3 ]
[ 1, 1, 3, 0, 1, 5, 0, 0, 31 ]
[ 1, 1, 3, 2, 7, 0, 0, 1, 5 ]
[ -1, -1, -3, 0, -6, 1, 0, 1, 5 ]
[ 0, -1, -5, 1, 1, 3, 0, 0, 31 ]
[ -2, -7, 0, 1, 1, 3, 0, 1, 5 ]
[ -1, -4, -18, 2, 7, 0, 0, 0, 31 ]
[ 0, -1, -5, 1, 4, 18, 0, 0, 31 ]
[ 0, -1, -5, 2, 7, 0, 1, 4, 18 ]
[ 1, 1, 3, 0, 1, 5, 0, 0, 31 ]
[ 1, 4, 18, 0, 1, 5, 0, 0, 31 ]
[ 2, 7, 0, 1, 4, 18, 0, 0, 31 ]
[ 2, 7, 0, 0, 1, 5, 1, 4, 18 ]
[ 31, 0, 0, 3, 1, 0, 15, 0, 1 ]
[ 1, -10, 0, 0, 31, 0, 0, -5, 1 ]
[ 3, 1, 0, -1, 10, 0, 0, -5, 1 ]
[ 1, 0, -2, 3, 1, 0, 0, 0, 31 ]
[ 15, 0, 1, 3, 1, 0, -1, 0, 2 ]
[ 1, -10, 0, 0, 1, 6, 0, 0, 31 ]
[ -1, 10, 0, 0, -5, 1, 0, 1, 6 ]
[ 0, 1, 6, -1, 10, 0, 0, 0, 31 ]
[ 0, 5, -1, -1, 10, 0, 0, 1, 6 ]
[ 3, 1, 0, -1, 0, 2, 0, 0, 31 ]
[ -3, -1, 0, 0, -5, 1, -1, 0, 2 ]
[ 1, 0, -2, 0, 1, 6, 0, 0, 31 ]
[ -1, 0, 2, 0, -5, 1, 0, 1, 6 ]
[ 31, 0, 0, -12, 1, 0, 15, 0, 1 ]
[ 12, -1, 0, -5, 3, 0, 3, 1, 1 ]
[ 1, 0, -2, -12, 1, 0, 0, 0, 31 ]
[ 15, 0, 1, -12, 1, 0, -1, 0, 2 ]
[ 5, -3, 0, 2, 5, 0, 3, 1, 1 ]
[ 3, 1, 1, -1, 0, 2, 0, 0, 31 ]
[ 3, 1, 1, -5, 3, 0, -1, 0, 2 ]
[ 1, 0, -2, 3, 1, 1, 0, 0, 31 ]
[ -12, 1, 0, -1, 0, 2, 0, 0, 31 ]
[ 12, -1, 0, 3, 1, 1, -1, 0, 2 ]
[ 1, 18, 0, 0, 31, 0, 0, 9, 1 ]
[ 2, 5, 0, 1, 18, 0, -1, -9, 1 ]
[ 3, 1, 1, 2, 5, 0, -1, 0, 2 ]
[ 5, -3, 0, 3, 1, 1, -1, 0, 2 ]
[ 2, -1, -11, -5, 3, 0, 0, 0, 31 ]
[ 1, 0, -2, -2, 1, 11, 0, 0, 31 ]
[ 1, 0, -2, -5, 3, 0, -2, 1, 11 ]
[ 3, 1, 1, -1, 0, 2, 0, 0, 31 ]
[ 1, 0, -2, 3, 1, 1, 0, 0, 31 ]
[ 1, 18, 0, 0, 9, 1, 0, -4, 3 ]
[ 1, 9, -1, 1, 18, 0, 0, -4, 3 ]
[ -2, -5, 0, -1, -9, 1, 1, 5, 2 ]
[ 1, 0, -2, 0, 1, 7, 0, 0, 31 ]
[ 1, 0, -2, 2, 5, 0, 0, 1, 7 ]
[ -2, 1, 11, -1, 0, 2, 0, 0, 31 ]
[ -5, 3, 0, -2, 1, 11, 0, 0, 31 ]
[ -5, 3, 0, -1, 0, 2, -2, 1, 11 ]
[ 1, 18, 0, 0, 1, 7, 0, 0, 31 ]
[ -1, -18, 0, 0, -4, 3, 0, 1, 7 ]
[ 0, -1, -7, 1, 18, 0, 0, 0, 31 ]
[ 0, -4, 3, 1, 18, 0, 0, 1, 7 ]
[ 1, 9, -1, 0, 1, 7, 0, 0, 31 ]
[ -1, -9, 1, 0, -4, 3, 0, 1, 7 ]
[ 0, 1, 7, -1, -9, 1, 0, 0, 31 ]
[ 1, 5, 2, 0, 1, 7, 0, 0, 31 ]
[ -1, -5, -2, -1, -9, 1, 0, 1, 7 ]
[ 0, -1, -7, 1, 5, 2, 0, 0, 31 ]
[ 2, 5, 0, 1, 5, 2, 0, 1, 7 ]
[ -1, -3, -19, 2, 5, 0, 0, 0, 31 ]
[ 0, -1, -7, 1, 3, 19, 0, 0, 31 ]
[ 0, -1, -7, 2, 5, 0, 1, 3, 19 ]
[ 1, 3, 19, 0, 1, 7, 0, 0, 31 ]
[ 2, 5, 0, 1, 3, 19, 0, 0, 31 ]
[ 2, 5, 0, 0, 1, 7, 1, 3, 19 ]
[ 31, 0, 0, 4, 1, 0, 15, 0, 1 ]
[ 1, 8, 0, 0, 31, 0, 0, 4, 1 ]
[ 4, 1, 0, 1, 8, 0, -1, -4, 1 ]
[ 1, 0, -2, 4, 1, 0, 0, 0, 31 ]
[ 15, 0, 1, 4, 1, 0, -1, 0, 2 ]
[ 1, 8, 0, 0, 1, 8, 0, 0, 31 ]
[ 1, 8, 0, 0, 4, 1, 0, 1, 8 ]
[ 0, -1, -8, 1, 8, 0, 0, 0, 31 ]
[ 1, 4, -1, 0, 1, 8, 0, 0, 31 ]
[ 1, 4, -1, 1, 8, 0, 0, 1, 8 ]
[ 4, 1, 0, -1, 0, 2, 0, 0, 31 ]
[ -4, -1, 0, -1, -4, 1, -1, 0, 2 ]
[ 0, 1, 8, -1, -4, 1, 0, 0, 31 ]
[ 1, 0, -2, 0, 1, 8, 0, 0, 31 ]
[ -1, 0, 2, -1, -4, 1, 0, 1, 8 ]
[ 31, 0, 0, -11, 1, 0, 15, 0, 1 ]
[ 11, -1, 0, -2, 3, 0, 4, 1, 1 ]
[ 1, 0, -2, -11, 1, 0, 0, 0, 31 ]
[ 15, 0, 1, -11, 1, 0, -1, 0, 2 ]
[ 1, -17, 0, 0, 31, 0, 0, 7, 1 ]
[ 2, -3, 0, -1, 17, 0, 0, 7, 1 ]
[ 4, 1, 1, -1, 0, 2, 0, 0, 31 ]
[ 4, 1, 1, -2, 3, 0, -1, 0, 2 ]
[ 1, 0, -2, 4, 1, 1, 0, 0, 31 ]
[ -11, 1, 0, -1, 0, 2, 0, 0, 31 ]
[ 11, -1, 0, 4, 1, 1, -1, 0, 2 ]
[ 1, -17, 0, 0, 7, 1, 0, -3, 4 ]
[ 0, 7, 1, -1, 17, 0, 0, -3, 4 ]
[ 2, -3, 0, 0, 7, 1, -1, 0, 2 ]
[ 1, -1, -11, -2, 3, 0, 0, 0, 31 ]
[ 1, 0, -2, -1, 1, 11, 0, 0, 31 ]
[ 1, 0, -2, -2, 3, 0, -1, 1, 11 ]
[ 1, -17, 0, 0, 1, 9, 0, 0, 31 ]
[ -1, 17, 0, 0, -3, 4, 0, 1, 9 ]
[ 0, 1, 9, -1, 17, 0, 0, 0, 31 ]
[ 0, 3, -4, -1, 17, 0, 0, 1, 9 ]
[ 1, 0, -2, 0, 7, 1, 0, -3, 4 ]
[ -1, 1, 11, -1, 0, 2, 0, 0, 31 ]
[ -2, 3, 0, -1, 1, 11, 0, 0, 31 ]
[ -2, 3, 0, -1, 0, 2, -1, 1, 11 ]
[ 1, 0, -2, 0, 1, 9, 0, 0, 31 ]
[ -1, 0, 2, 0, -3, 4, 0, 1, 9 ]
[ 31, 0, 0, 5, 1, 0, 15, 0, 1 ]
[ 1, -6, 0, 0, 31, 0, 0, -3, 1 ]
[ 5, 1, 0, -1, 6, 0, 0, -3, 1 ]
[ 1, 0, -2, 5, 1, 0, 0, 0, 31 ]
[ 15, 0, 1, 5, 1, 0, -1, 0, 2 ]
[ 1, -6, 0, 0, 1, 10, 0, 0, 31 ]
[ -1, 6, 0, 0, -3, 1, 0, 1, 10 ]
[ 0, 1, 10, -1, 6, 0, 0, 0, 31 ]
[ 0, 3, -1, -1, 6, 0, 0, 1, 10 ]
[ 5, 1, 0, -1, 0, 2, 0, 0, 31 ]
[ -5, -1, 0, 0, -3, 1, -1, 0, 2 ]
[ 1, 0, -2, 0, 1, 10, 0, 0, 31 ]
[ -1, 0, 2, 0, -3, 1, 0, 1, 10 ]
[ 31, 0, 0, -10, 1, 0, 15, 0, 1 ]
[ 1, 3, 0, 0, 31, 0, 0, -14, 1 ]
[ 10, -1, 0, 1, 3, 0, 5, 1, 1 ]
[ 1, 0, -2, -10, 1, 0, 0, 0, 31 ]
[ 15, 0, 1, -10, 1, 0, -1, 0, 2 ]
[ -1, -3, 0, 0, -14, 1, 0, 3, 2 ]
[ 5, 1, 1, -1, 0, 2, 0, 0, 31 ]
[ 5, 1, 1, 1, 3, 0, -1, 0, 2 ]
[ 1, 0, -2, 5, 1, 1, 0, 0, 31 ]
[ -10, 1, 0, -1, 0, 2, 0, 0, 31 ]
[ 10, -1, 0, 5, 1, 1, -1, 0, 2 ]
[ 1, 3, 0, 0, 1, 11, 0, 0, 31 ]
[ 1, 3, 0, 0, 3, 2, 0, 1, 11 ]
[ 0, -1, -11, 1, 3, 0, 0, 0, 31 ]
[ 1, 0, -2, 0, 1, 11, 0, 0, 31 ]
[ 1, 0, -2, 1, 3, 0, 0, 1, 11 ]
[ 31, 0, 0, 6, 1, 0, 15, 0, 1 ]
[ 1, -5, 0, 0, 31, 0, 0, 13, 1 ]
[ 6, 1, 0, -1, 5, 0, 3, -2, 1 ]
[ 1, 0, -2, 6, 1, 0, 0, 0, 31 ]
[ 15, 0, 1, 6, 1, 0, -1, 0, 2 ]
[ 1, -5, 0, 0, 13, 1, 0, -5, 2 ]
[ 3, -2, 1, -1, 5, 0, -1, 0, 2 ]
[ 6, 1, 0, -1, 0, 2, 0, 0, 31 ]
[ -6, -1, 0, 3, -2, 1, -1, 0, 2 ]
[ -1, 5, 0, 0, -5, 2, 0, -2, 7 ]
[ 1, 0, -2, -1, 5, 0, 0, -2, 7 ]
[ -1, 1, -17, -1, 0, 2, 0, 0, 31 ]
[ -3, 2, -1, 1, -1, 17, 0, 0, 31 ]
[ -3, 2, -1, -1, 0, 2, 1, -1, 17 ]
[ 1, -1, 17, 3, -2, 1, 0, 0, 31 ]
[ -1, 0, 2, 1, -1, 17, 0, 0, 31 ]
[ -1, 0, 2, 3, -2, 1, 1, -1, 17 ]
[ -1, 5, 0, 0, -1, 19, 0, 0, 31 ]
[ -1, 5, 0, 0, -2, 7, 0, -1, 19 ]
[ 0, 1, -19, -1, 5, 0, 0, 0, 31 ]
[ 0, 2, -7, -1, 5, 0, 0, -1, 19 ]
[ -1, 0, 2, 0, -1, 19, 0, 0, 31 ]
[ -1, 0, 2, 0, -2, 7, 0, -1, 19 ]
[ 31, 0, 0, -9, 1, 0, 15, 0, 1 ]
[ 9, -1, 0, 4, 3, 0, 6, 1, 1 ]
[ 1, 0, -2, -9, 1, 0, 0, 0, 31 ]
[ 15, 0, 1, -9, 1, 0, -1, 0, 2 ]
[ 1, -7, 0, 0, 31, 0, 0, 12, 1 ]
[ 4, 3, 0, -1, 7, 0, 2, -2, 1 ]
[ 6, 1, 1, -1, 0, 2, 0, 0, 31 ]
[ 6, 1, 1, 4, 3, 0, -1, 0, 2 ]
[ 1, 0, -2, 6, 1, 1, 0, 0, 31 ]
[ -9, 1, 0, -1, 0, 2, 0, 0, 31 ]
[ 9, -1, 0, 6, 1, 1, -1, 0, 2 ]
[ 1, -7, 0, 0, 12, 1, 0, 5, 3 ]
[ 2, -2, 1, -1, 7, 0, 1, -2, 3 ]
[ -4, -3, 0, 2, -2, 1, -1, 0, 2 ]
[ -1, -1, -11, 4, 3, 0, 0, 0, 31 ]
[ 1, 0, -2, 1, 1, 11, 0, 0, 31 ]
[ 1, 0, -2, 4, 3, 0, 1, 1, 11 ]
[ 1, -7, 0, 0, 5, 3, 0, -2, 5 ]
[ 1, -2, 3, -1, 7, 0, 0, -2, 5 ]
[ -1, 1, -16, 1, -2, 3, 0, 0, 31 ]
[ -2, 2, -1, 1, -2, 3, 1, -1, 16 ]
[ -1, 0, 2, 1, -1, 16, 0, 0, 31 ]
[ -1, 0, 2, 2, -2, 1, 1, -1, 16 ]
[ 1, 1, 11, -1, 0, 2, 0, 0, 31 ]
[ 4, 3, 0, 1, 1, 11, 0, 0, 31 ]
[ 4, 3, 0, -1, 0, 2, 1, 1, 11 ]
[ -1, 7, 0, 0, -1, 18, 0, 0, 31 ]
[ -1, 7, 0, 0, -2, 5, 0, -1, 18 ]
[ 0, 1, -18, -1, 7, 0, 0, 0, 31 ]
[ 0, 2, -5, -1, 7, 0, 0, -1, 18 ]
[ -1, 2, -3, 0, -1, 18, 0, 0, 31 ]
[ -1, 2, -3, 0, -2, 5, 0, -1, 18 ]
[ 31, 0, 0, 7, 1, 0, 15, 0, 1 ]
[ 7, 1, 0, -3, 4, 0, 1, -2, 1 ]
[ 1, 0, -2, 7, 1, 0, 0, 0, 31 ]
[ 15, 0, 1, 7, 1, 0, -1, 0, 2 ]
[ 1, 9, 0, 0, 31, 0, 0, -11, 1 ]
[ 3, -4, 0, 1, 9, 0, 1, -2, 1 ]
[ 1, -1, -16, -3, 4, 0, 0, 0, 31 ]
[ -1, 2, -1, -1, 1, 16, 0, 0, 31 ]
[ -1, 2, -1, -3, 4, 0, -1, 1, 16 ]
[ 7, 1, 0, -1, 0, 2, 0, 0, 31 ]
[ -7, -1, 0, 1, -2, 1, -1, 0, 2 ]
[ -1, -9, 0, 0, -11, 1, 0, -2, 3 ]
[ 1, -2, 1, 1, 9, 0, 0, -2, 3 ]
[ -1, 1, 16, 1, -2, 1, 0, 0, 31 ]
[ -3, 4, 0, -1, 1, 16, 0, 0, 31 ]
[ -3, 4, 0, 1, -2, 1, -1, 1, 16 ]
[ 0, -1, 17, 1, -2, 1, 0, 0, 31 ]
[ -1, 0, 2, 0, -1, 17, 0, 0, 31 ]
[ -1, 0, 2, 1, -2, 1, 0, -1, 17 ]
[ -1, -9, 0, 0, -1, 17, 0, 0, 31 ]
[ -1, -9, 0, 0, -2, 3, 0, -1, 17 ]
[ 0, -1, 17, 1, 9, 0, 0, 0, 31 ]
[ 0, -2, 3, 1, 9, 0, 0, -1, 17 ]
[ -1, 2, -1, 0, -1, 17, 0, 0, 31 ]
[ -1, 2, -1, 0, -2, 3, 0, -1, 17 ]
[ 31, 0, 0, -8, 1, 0, 15, 0, 1 ]
[ 1, -4, 0, 0, 31, 0, 0, -2, 1 ]
[ 8, -1, 0, -1, 4, 0, -1, 2, 1 ]
[ 1, 0, -2, -8, 1, 0, 0, 0, 31 ]
[ 15, 0, 1, -8, 1, 0, -1, 0, 2 ]
[ -1, 4, 0, 0, -1, 16, 0, 0, 31 ]
[ -1, 4, 0, 0, -2, 1, 0, -1, 16 ]
[ 1, -3, -16, -1, 4, 0, 0, 0, 31 ]
[ 1, -2, -1, -1, 3, 16, 0, 0, 31 ]
[ 1, -2, -1, -1, 4, 0, -1, 3, 16 ]
[ -8, 1, 0, -1, 0, 2, 0, 0, 31 ]
[ 8, -1, 0, -1, 2, 1, -1, 0, 2 ]
[ 1, -1, -17, -1, 2, 1, 0, 0, 31 ]
[ 1, 0, -2, -1, 1, 17, 0, 0, 31 ]
[ 1, 0, -2, -1, 2, 1, -1, 1, 17 ]
[ 31, 0, 0, 8, 1, 0, 15, 0, 1 ]
[ 1, 4, 0, 0, 31, 0, 0, 2, 1 ]
[ 8, 1, 0, 1, 4, 0, -1, -2, 1 ]
[ 1, 0, -2, 8, 1, 0, 0, 0, 31 ]
[ 15, 0, 1, 8, 1, 0, -1, 0, 2 ]
[ 1, 4, 0, 0, 1, 16, 0, 0, 31 ]
[ 1, 4, 0, 0, 2, 1, 0, 1, 16 ]
[ 0, -1, -16, 1, 4, 0, 0, 0, 31 ]
[ 1, 2, -1, 0, 1, 16, 0, 0, 31 ]
[ 1, 2, -1, 1, 4, 0, 0, 1, 16 ]
[ 8, 1, 0, -1, 0, 2, 0, 0, 31 ]
[ -8, -1, 0, -1, -2, 1, -1, 0, 2 ]
[ -1, -1, 17, -1, -2, 1, 0, 0, 31 ]
[ -1, 0, 2, -1, -1, 17, 0, 0, 31 ]
[ -1, 0, 2, -1, -2, 1, -1, -1, 17 ]
[ 31, 0, 0, -7, 1, 0, 15, 0, 1 ]
[ 7, -1, 0, 3, 4, 0, 1, 2, 1 ]
[ 1, 0, -2, -7, 1, 0, 0, 0, 31 ]
[ 15, 0, 1, -7, 1, 0, -1, 0, 2 ]
[ 1, -9, 0, 0, 31, 0, 0, 11, 1 ]
[ 3, 4, 0, -1, 9, 0, 1, 2, 1 ]
[ -2, -3, -16, 3, 4, 0, 0, 0, 31 ]
[ -1, -2, -1, 2, 3, 16, 0, 0, 31 ]
[ -1, -2, -1, 3, 4, 0, 2, 3, 16 ]
[ -7, 1, 0, -1, 0, 2, 0, 0, 31 ]
[ 7, -1, 0, 1, 2, 1, -1, 0, 2 ]
[ 1, -9, 0, 0, 11, 1, 0, 2, 3 ]
[ 1, 2, 1, -1, 9, 0, 0, 2, 3 ]
[ 2, 3, 16, 1, 2, 1, 0, 0, 31 ]
[ 3, 4, 0, 2, 3, 16, 0, 0, 31 ]
[ 3, 4, 0, 1, 2, 1, 2, 3, 16 ]
[ 0, -1, -17, 1, 2, 1, 0, 0, 31 ]
[ 1, 0, -2, 0, 1, 17, 0, 0, 31 ]
[ 1, 0, -2, 1, 2, 1, 0, 1, 17 ]
[ 1, -9, 0, 0, 1, 17, 0, 0, 31 ]
[ 1, -9, 0, 0, 2, 3, 0, 1, 17 ]
[ 0, 1, 17, -1, 9, 0, 0, 0, 31 ]
[ 0, 2, 3, -1, 9, 0, 0, 1, 17 ]
[ 1, 2, 1, 0, 1, 17, 0, 0, 31 ]
[ 1, 2, 1, 0, 2, 3, 0, 1, 17 ]
[ 31, 0, 0, 9, 1, 0, 15, 0, 1 ]
[ 9, 1, 0, -4, 3, 0, 6, -1, 1 ]
[ 1, 0, -2, 9, 1, 0, 0, 0, 31 ]
[ 15, 0, 1, 9, 1, 0, -1, 0, 2 ]
[ 1, 7, 0, 0, 31, 0, 0, -12, 1 ]
[ 4, -3, 0, 1, 7, 0, 2, 2, 1 ]
[ -6, 1, -1, -1, 0, 2, 0, 0, 31 ]
[ 6, -1, 1, -4, 3, 0, -1, 0, 2 ]
[ -1, 0, 2, 6, -1, 1, 0, 0, 31 ]
[ 9, 1, 0, -1, 0, 2, 0, 0, 31 ]
[ -9, -1, 0, 6, -1, 1, -1, 0, 2 ]
[ -1, -7, 0, 0, -12, 1, 0, -5, 3 ]
[ 2, 2, 1, 1, 7, 0, 1, 2, 3 ]
[ 4, -3, 0, 2, 2, 1, -1, 0, 2 ]
[ -1, 1, -11, -4, 3, 0, 0, 0, 31 ]
[ -1, 0, 2, 1, -1, 11, 0, 0, 31 ]
[ 1, 0, -2, -4, 3, 0, 1, -1, 11 ]
[ -1, -7, 0, 0, -5, 3, 0, 2, 5 ]
[ 1, 2, 3, 1, 7, 0, 0, 2, 5 ]
[ 1, 1, 16, 1, 2, 3, 0, 0, 31 ]
[ 2, 2, 1, 1, 2, 3, 1, 1, 16 ]
[ 1, 0, -2, 1, 1, 16, 0, 0, 31 ]
[ 1, 0, -2, 2, 2, 1, 1, 1, 16 ]
[ -1, 1, -11, -1, 0, 2, 0, 0, 31 ]
[ -4, 3, 0, 1, -1, 11, 0, 0, 31 ]
[ -4, 3, 0, -1, 0, 2, 1, -1, 11 ]
[ 1, 7, 0, 0, 1, 18, 0, 0, 31 ]
[ 1, 7, 0, 0, 2, 5, 0, 1, 18 ]
[ 0, -1, -18, 1, 7, 0, 0, 0, 31 ]
[ 0, -2, -5, 1, 7, 0, 0, 1, 18 ]
[ 1, 2, 3, 0, 1, 18, 0, 0, 31 ]
[ 1, 2, 3, 0, 2, 5, 0, 1, 18 ]
[ 31, 0, 0, -6, 1, 0, 15, 0, 1 ]
[ 1, 5, 0, 0, 31, 0, 0, -13, 1 ]
[ 6, -1, 0, 1, 5, 0, 3, 2, 1 ]
[ 1, 0, -2, -6, 1, 0, 0, 0, 31 ]
[ 15, 0, 1, -6, 1, 0, -1, 0, 2 ]
[ -1, -5, 0, 0, -13, 1, 0, 5, 2 ]
[ 3, 2, 1, 1, 5, 0, -1, 0, 2 ]
[ -6, 1, 0, -1, 0, 2, 0, 0, 31 ]
[ 6, -1, 0, 3, 2, 1, -1, 0, 2 ]
[ 1, 5, 0, 0, 5, 2, 0, 2, 7 ]
[ 1, 0, -2, 1, 5, 0, 0, 2, 7 ]
[ 1, 1, 17, -1, 0, 2, 0, 0, 31 ]
[ 3, 2, 1, 1, 1, 17, 0, 0, 31 ]
[ 3, 2, 1, -1, 0, 2, 1, 1, 17 ]
[ -1, -1, -17, 3, 2, 1, 0, 0, 31 ]
[ 1, 0, -2, 1, 1, 17, 0, 0, 31 ]
[ 1, 0, -2, 3, 2, 1, 1, 1, 17 ]
[ 1, 5, 0, 0, 1, 19, 0, 0, 31 ]
[ 1, 5, 0, 0, 2, 7, 0, 1, 19 ]
[ 0, -1, -19, 1, 5, 0, 0, 0, 31 ]
[ 0, -2, -7, 1, 5, 0, 0, 1, 19 ]
[ 1, 0, -2, 0, 1, 19, 0, 0, 31 ]
[ 1, 0, -2, 0, 2, 7, 0, 1, 19 ]
[ 31, 0, 0, 10, 1, 0, 15, 0, 1 ]
[ 1, -3, 0, 0, 31, 0, 0, 14, 1 ]
[ 10, 1, 0, -1, 3, 0, 5, -1, 1 ]
[ 1, 0, -2, 10, 1, 0, 0, 0, 31 ]
[ 15, 0, 1, 10, 1, 0, -1, 0, 2 ]
[ 1, -3, 0, 0, 14, 1, 0, -3, 2 ]
[ -5, 1, -1, -1, 0, 2, 0, 0, 31 ]
[ 5, -1, 1, -1, 3, 0, -1, 0, 2 ]
[ -1, 0, 2, 5, -1, 1, 0, 0, 31 ]
[ 10, 1, 0, -1, 0, 2, 0, 0, 31 ]
[ -10, -1, 0, 5, -1, 1, -1, 0, 2 ]
[ -1, 3, 0, 0, -1, 11, 0, 0, 31 ]
[ -1, 3, 0, 0, -3, 2, 0, -1, 11 ]
[ 0, 1, -11, -1, 3, 0, 0, 0, 31 ]
[ -1, 0, 2, 0, -1, 11, 0, 0, 31 ]
[ 1, 0, -2, -1, 3, 0, 0, -1, 11 ]
[ 31, 0, 0, -5, 1, 0, 15, 0, 1 ]
[ 1, 6, 0, 0, 31, 0, 0, 3, 1 ]
[ 5, -1, 0, 1, 6, 0, 0, 3, 1 ]
[ 1, 0, -2, -5, 1, 0, 0, 0, 31 ]
[ 15, 0, 1, -5, 1, 0, -1, 0, 2 ]
[ -1, -6, 0, 0, -1, 10, 0, 0, 31 ]
[ 1, 6, 0, 0, 3, 1, 0, -1, 10 ]
[ 0, -1, 10, 1, 6, 0, 0, 0, 31 ]
[ 0, -3, -1, 1, 6, 0, 0, -1, 10 ]
[ -5, 1, 0, -1, 0, 2, 0, 0, 31 ]
[ 5, -1, 0, 0, 3, 1, -1, 0, 2 ]
[ -1, 0, 2, 0, -1, 10, 0, 0, 31 ]
[ 1, 0, -2, 0, 3, 1, 0, -1, 10 ]
[ 31, 0, 0, 11, 1, 0, 15, 0, 1 ]
[ 11, 1, 0, 2, 3, 0, 4, -1, 1 ]
[ 1, 0, -2, 11, 1, 0, 0, 0, 31 ]
[ 15, 0, 1, 11, 1, 0, -1, 0, 2 ]
[ 1, 17, 0, 0, 31, 0, 0, -7, 1 ]
[ 2, 3, 0, 1, 17, 0, 0, -7, 1 ]
[ -4, 1, -1, -1, 0, 2, 0, 0, 31 ]
[ 4, -1, 1, 2, 3, 0, -1, 0, 2 ]
[ -1, 0, 2, 4, -1, 1, 0, 0, 31 ]
[ 11, 1, 0, -1, 0, 2, 0, 0, 31 ]
[ -11, -1, 0, 4, -1, 1, -1, 0, 2 ]
[ -1, -17, 0, 0, -7, 1, 0, 3, 4 ]
[ 0, -7, 1, 1, 17, 0, 0, 3, 4 ]
[ -2, -3, 0, 0, -7, 1, 1, 3, 2 ]
[ 1, 1, -11, 2, 3, 0, 0, 0, 31 ]
[ -1, 0, 2, -1, -1, 11, 0, 0, 31 ]
[ 1, 0, -2, 2, 3, 0, -1, -1, 11 ]
[ -1, -17, 0, 0, -1, 9, 0, 0, 31 ]
[ 1, 17, 0, 0, 3, 4, 0, -1, 9 ]
[ 0, -1, 9, 1, 17, 0, 0, 0, 31 ]
[ 0, -3, -4, 1, 17, 0, 0, -1, 9 ]
[ -1, -3, -2, 0, -7, 1, 0, 3, 4 ]
[ 1, 2, 11, 1, 3, 2, 0, 0, 31 ]
[ 2, 3, 0, 1, 2, 11, 0, 0, 31 ]
[ 2, 3, 0, 1, 3, 2, 1, 2, 11 ]
[ -1, -3, -2, 0, -1, 9, 0, 0, 31 ]
[ 1, 3, 2, 0, 3, 4, 0, -1, 9 ]
[ 31, 0, 0, -4, 1, 0, 15, 0, 1 ]
[ 1, -8, 0, 0, 31, 0, 0, -4, 1 ]
[ 4, -1, 0, -1, 8, 0, -1, 4, 1 ]
[ 1, 0, -2, -4, 1, 0, 0, 0, 31 ]
[ 15, 0, 1, -4, 1, 0, -1, 0, 2 ]
[ -1, 8, 0, 0, -1, 8, 0, 0, 31 ]
[ -1, 8, 0, 0, -4, 1, 0, -1, 8 ]
[ 0, 1, -8, -1, 8, 0, 0, 0, 31 ]
[ -1, 4, 1, 0, -1, 8, 0, 0, 31 ]
[ 1, -4, -1, -1, 8, 0, 0, -1, 8 ]
[ -4, 1, 0, -1, 0, 2, 0, 0, 31 ]
[ 4, -1, 0, -1, 4, 1, -1, 0, 2 ]
[ 0, 1, -8, -1, 4, 1, 0, 0, 31 ]
[ -1, 0, 2, 0, -1, 8, 0, 0, 31 ]
[ 1, 0, -2, -1, 4, 1, 0, -1, 8 ]
[ 31, 0, 0, 12, 1, 0, 15, 0, 1 ]
[ 12, 1, 0, 5, 3, 0, 3, -1, 1 ]
[ 1, 0, -2, 12, 1, 0, 0, 0, 31 ]
[ 15, 0, 1, 12, 1, 0, -1, 0, 2 ]
[ 5, 3, 0, -2, 5, 0, 3, -1, 1 ]
[ -3, 1, -1, -1, 0, 2, 0, 0, 31 ]
[ 3, -1, 1, 5, 3, 0, -1, 0, 2 ]
[ -1, 0, 2, 3, -1, 1, 0, 0, 31 ]
[ 12, 1, 0, -1, 0, 2, 0, 0, 31 ]
[ -12, -1, 0, 3, -1, 1, -1, 0, 2 ]
[ 1, -18, 0, 0, 31, 0, 0, -9, 1 ]
[ 2, -5, 0, -1, 18, 0, -1, 9, 1 ]
[ 3, -1, 1, -2, 5, 0, -1, 0, 2 ]
[ -5, -3, 0, 3, -1, 1, -1, 0, 2 ]
[ 2, 1, -11, 5, 3, 0, 0, 0, 31 ]
[ -1, 0, 2, -2, -1, 11, 0, 0, 31 ]
[ 1, 0, -2, 5, 3, 0, -2, -1, 11 ]
[ -3, 1, -1, -1, 0, 2, 0, 0, 31 ]
[ -1, 0, 2, 3, -1, 1, 0, 0, 31 ]
[ -1, 18, 0, 0, -9, 1, 0, 4, 3 ]
[ 1, -9, -1, -1, 18, 0, 0, 4, 3 ]
[ 2, -5, 0, -1, 9, 1, 1, -5, 2 ]
[ -1, 0, 2, 0, -1, 7, 0, 0, 31 ]
[ 1, 0, -2, -2, 5, 0, 0, -1, 7 ]
[ 2, 1, -11, -1, 0, 2, 0, 0, 31 ]
[ 5, 3, 0, -2, -1, 11, 0, 0, 31 ]
[ 5, 3, 0, -1, 0, 2, -2, -1, 11 ]
[ -1, 18, 0, 0, -1, 7, 0, 0, 31 ]
[ 1, -18, 0, 0, 4, 3, 0, -1, 7 ]
[ 0, 1, -7, -1, 18, 0, 0, 0, 31 ]
[ 0, 4, 3, -1, 18, 0, 0, -1, 7 ]
[ -1, 9, 1, 0, -1, 7, 0, 0, 31 ]
[ 1, -9, -1, 0, 4, 3, 0, -1, 7 ]
[ 0, 1, -7, -1, 9, 1, 0, 0, 31 ]
[ -1, 5, -2, 0, -1, 7, 0, 0, 31 ]
[ 1, -5, 2, -1, 9, 1, 0, -1, 7 ]
[ 0, -1, 7, 1, -5, 2, 0, 0, 31 ]
[ -2, 5, 0, 1, -5, 2, 0, -1, 7 ]
[ 1, -2, -19, -2, 5, 0, 0, 0, 31 ]
[ 0, 1, -7, -1, 2, 19, 0, 0, 31 ]
[ 0, 1, -7, -2, 5, 0, -1, 2, 19 ]
[ -1, 2, 19, 0, -1, 7, 0, 0, 31 ]
[ -2, 5, 0, -1, 2, 19, 0, 0, 31 ]
[ -2, 5, 0, 0, -1, 7, -1, 2, 19 ]
[ 31, 0, 0, -3, 1, 0, 15, 0, 1 ]
[ 1, 10, 0, 0, 31, 0, 0, 5, 1 ]
[ 3, -1, 0, 1, 10, 0, 0, 5, 1 ]
[ 1, 0, -2, -3, 1, 0, 0, 0, 31 ]
[ 15, 0, 1, -3, 1, 0, -1, 0, 2 ]
[ -1, -10, 0, 0, -1, 6, 0, 0, 31 ]
[ 1, 10, 0, 0, 5, 1, 0, -1, 6 ]
[ 0, -1, 6, 1, 10, 0, 0, 0, 31 ]
[ 0, -5, -1, 1, 10, 0, 0, -1, 6 ]
[ -3, 1, 0, -1, 0, 2, 0, 0, 31 ]
[ 3, -1, 0, 0, 5, 1, -1, 0, 2 ]
[ -1, 0, 2, 0, -1, 6, 0, 0, 31 ]
[ 1, 0, -2, 0, 5, 1, 0, -1, 6 ]
[ 31, 0, 0, 13, 1, 0, 15, 0, 1 ]
[ -2, 1, -1, -5, 2, 0, 0, 0, 31 ]
[ 13, 1, 0, -5, 2, 0, 2, -1, 1 ]
[ 1, 0, -2, 13, 1, 0, 0, 0, 31 ]
[ 15, 0, 1, 13, 1, 0, -1, 0, 2 ]
[ -5, 2, 0, 2, -1, 1, 0, 0, 31 ]
[ 5, -2, 0, -2, 7, 0, 2, -1, 1 ]
[ -1, 0, 2, 2, -1, 1, 0, 0, 31 ]
[ 13, 1, 0, -1, 0, 2, 0, 0, 31 ]
[ -13, -1, 0, 2, -1, 1, -1, 0, 2 ]
[ 1, -19, 0, 0, 31, 0, 0, 6, 1 ]
[ 2, -7, 0, -1, 19, 0, 0, 6, 1 ]
[ -2, 1, -1, 1, -1, 3, 0, 0, 31 ]
[ 2, -1, 1, -2, 7, 0, 1, -1, 3 ]
[ -1, 19, 0, 0, -1, 5, 0, 0, 31 ]
[ 1, -19, 0, 0, 6, 1, 0, -1, 5 ]
[ 0, 1, -5, -1, 19, 0, 0, 0, 31 ]
[ 0, 6, 1, -1, 19, 0, 0, -1, 5 ]
[ 2, -7, 0, 0, 6, 1, -1, 6, 3 ]
[ -1, 1, -3, 0, -1, 5, 0, 0, 31 ]
[ 1, -1, 3, -2, 7, 0, 0, -1, 5 ]
[ -1, 6, 3, 0, -1, 5, 0, 0, 31 ]
[ 1, -6, -3, 0, 6, 1, 0, -1, 5 ]
[ 0, 1, -5, -1, 6, 3, 0, 0, 31 ]
[ 2, -7, 0, -1, 6, 3, 0, -1, 5 ]
[ 1, -3, -18, -2, 7, 0, 0, 0, 31 ]
[ 0, 1, -5, -1, 3, 18, 0, 0, 31 ]
[ 0, 1, -5, -2, 7, 0, -1, 3, 18 ]
[ -1, 3, 18, 0, -1, 5, 0, 0, 31 ]
[ -2, 7, 0, -1, 3, 18, 0, 0, 31 ]
[ -2, 7, 0, 0, -1, 5, -1, 3, 18 ]
[ 31, 0, 0, -2, 1, 0, 15, 0, 1 ]
[ 1, -16, 0, 0, 31, 0, 0, -8, 1 ]
[ 2, -1, 0, -1, 16, 0, -1, 8, 1 ]
[ 1, 0, -2, -2, 1, 0, 0, 0, 31 ]
[ 15, 0, 1, -2, 1, 0, -1, 0, 2 ]
[ -1, 16, 0, 0, -1, 4, 0, 0, 31 ]
[ -1, 16, 0, 0, -8, 1, 0, -1, 4 ]
[ 0, 1, -4, -1, 16, 0, 0, 0, 31 ]
[ -1, 8, 1, 0, -1, 4, 0, 0, 31 ]
[ 1, -8, -1, -1, 16, 0, 0, -1, 4 ]
[ -2, 1, 0, 1, -1, 2, 0, 0, 31 ]
[ 2, -1, 0, -1, 8, 1, 1, -1, 2 ]
[ 0, 1, -4, -1, 8, 1, 0, 0, 31 ]
[ -1, 1, -2, 0, -1, 4, 0, 0, 31 ]
[ 1, -1, 2, -1, 8, 1, 0, -1, 4 ]
[ 31, 0, 0, 14, 1, 0, 15, 0, 1 ]
[ -1, 1, -1, -3, 2, 0, 0, 0, 31 ]
[ 14, 1, 0, -3, 2, 0, 1, -1, 1 ]
[ 1, 0, -2, 14, 1, 0, 0, 0, 31 ]
[ 15, 0, 1, 14, 1, 0, -1, 0, 2 ]
[ 1, -11, 0, 0, 31, 0, 0, 10, 1 ]
[ -3, 2, 0, 1, -1, 1, 0, 0, 31 ]
[ 3, -2, 0, -1, 11, 0, 1, -1, 1 ]
[ -1, 0, 2, 1, -1, 1, 0, 0, 31 ]
[ 14, 1, 0, -1, 0, 2, 0, 0, 31 ]
[ -14, -1, 0, 1, -1, 1, -1, 0, 2 ]
[ -1, 11, 0, 0, -1, 3, 0, 0, 31 ]
[ 1, -11, 0, 0, 10, 1, 0, -1, 3 ]
[ 0, 1, -3, -1, 11, 0, 0, 0, 31 ]
[ -1, 1, -1, 0, -1, 3, 0, 0, 31 ]
[ 1, -1, 1, -1, 11, 0, 0, -1, 3 ]
[ 1, -1, 0, 0, 31, 0, 0, 15, 1 ]
[ 31, 0, 0, -1, 1, 0, 15, 0, 1 ]
[ -1, 1, 0, 0, -1, 2, 0, 0, 31 ]
[ 1, -1, 0, 0, 15, 1, 0, -1, 2 ]
[ 1, 0, -2, -1, 1, 0, 0, 0, 31 ]
[ 15, 0, 1, -1, 1, 0, -1, 0, 2 ]
[ 31, 0, 0, 15, 1, 0, 15, 0, 1 ]
[ -1, 2, 0, 0, -1, 1, 0, 0, 31 ]
[ 1, -2, 0, 0, 31, 0, 0, -1, 1 ]
[ 0, 1, -1, -1, 2, 0, 0, 0, 31 ]
[ 15, 1, 0, -1, 2, 0, 0, -1, 1 ]
[ 1, 0, -2, 15, 1, 0, 0, 0, 31 ]
[ 15, 0, 1, 15, 1, 0, -1, 0, 2 ]
[ -1, 0, 2, 0, -1, 1, 0, 0, 31 ]
[ 15, 1, 0, -1, 0, 2, 0, 0, 31 ]
[ -15, -1, 0, 0, -1, 1, -1, 0, 2 ]
[ 1, 0, -1, 0, 1, 0, 0, 0, 31 ]
[ 31, 0, 0, 0, 1, 0, -1, 0, 1 ]
[ 1, 1, 0, 0, 1, 1, 0, 0, 31 ]
[ 1, 1, 0, 0, 31, 0, 0, 1, 1 ]
[ 1, 0, -1, 1, 1, 0, 0, 0, 31 ]
[ 31, 0, 0, 1, 1, 0, -1, 0, 1 ]
[ 1, 0, -1, 2, 1, 0, 0, 0, 31 ]
[ 31, 0, 0, 2, 1, 0, -1, 0, 1 ]
[ 1, 16, 0, 0, 31, 0, 0, -15, 1 ]
[ 2, 1, 0, 1, 1, 1, 0, 0, 31 ]
[ 2, 1, 0, 1, 16, 0, 1, 1, 1 ]
[ 1, 16, 0, 0, 1, 2, 0, 0, 31 ]
[ -1, -16, 0, 0, -15, 1, 0, 1, 2 ]
[ 0, -1, -2, 1, 16, 0, 0, 0, 31 ]
[ 1, 1, 1, 0, 1, 2, 0, 0, 31 ]
[ 1, 1, 1, 1, 16, 0, 0, 1, 2 ]
[ 1, 0, -1, 3, 1, 0, 0, 0, 31 ]
[ 31, 0, 0, 3, 1, 0, -1, 0, 1 ]
[ 1, -10, 0, 0, 31, 0, 0, -10, 1 ]
[ 3, 1, 0, -1, 0, 1, 0, 0, 31 ]
[ 3, 1, 0, -1, 10, 0, -1, 0, 1 ]
[ 1, -10, 0, 0, 1, 3, 0, 0, 31 ]
[ -1, 10, 0, 0, -10, 1, 0, 1, 3 ]
[ 0, 1, 3, -1, 10, 0, 0, 0, 31 ]
[ 1, 0, -1, 0, 1, 3, 0, 0, 31 ]
[ 1, 0, -1, -1, 10, 0, 0, 1, 3 ]
[ 1, 0, -1, 4, 1, 0, 0, 0, 31 ]
[ 31, 0, 0, 4, 1, 0, -1, 0, 1 ]
[ 1, 8, 0, 0, 31, 0, 0, 8, 1 ]
[ 4, 1, 0, -1, 0, 1, 0, 0, 31 ]
[ 4, 1, 0, 1, 8, 0, -1, 0, 1 ]
[ 1, 8, 0, 0, 1, 4, 0, 0, 31 ]
[ 1, 8, 0, 0, 8, 1, 0, 1, 4 ]
[ 0, -1, -4, 1, 8, 0, 0, 0, 31 ]
[ 1, 0, -1, 0, 1, 4, 0, 0, 31 ]
[ 1, 0, -1, 1, 8, 0, 0, 1, 4 ]
[ 1, 0, -1, 5, 1, 0, 0, 0, 31 ]
[ 31, 0, 0, 5, 1, 0, -1, 0, 1 ]
[ 1, -6, 0, 0, 31, 0, 0, -6, 1 ]
[ 5, 1, 0, -1, 0, 1, 0, 0, 31 ]
[ 5, 1, 0, -1, 6, 0, -1, 0, 1 ]
[ 1, -6, 0, 0, 1, 5, 0, 0, 31 ]
[ -1, 6, 0, 0, -6, 1, 0, 1, 5 ]
[ 0, 1, 5, -1, 6, 0, 0, 0, 31 ]
[ 1, 0, -1, 0, 1, 5, 0, 0, 31 ]
[ 1, 0, -1, -1, 6, 0, 0, 1, 5 ]
[ 1, 0, -1, 6, 1, 0, 0, 0, 31 ]
[ 31, 0, 0, 6, 1, 0, -1, 0, 1 ]
[ 1, -5, 0, 0, 31, 0, 0, -5, 1 ]
[ 6, 1, 0, -1, 0, 1, 0, 0, 31 ]
[ 6, 1, 0, -1, 5, 0, -1, 0, 1 ]
[ 1, -5, 0, 0, 1, 6, 0, 0, 31 ]
[ -1, 5, 0, 0, -5, 1, 0, 1, 6 ]
[ 0, 1, 6, -1, 5, 0, 0, 0, 31 ]
[ 1, 0, -1, 0, 1, 6, 0, 0, 31 ]
[ 1, 0, -1, -1, 5, 0, 0, 1, 6 ]
[ 1, 0, -1, 7, 1, 0, 0, 0, 31 ]
[ 31, 0, 0, 7, 1, 0, -1, 0, 1 ]
[ 7, 1, 0, -1, 0, 1, 0, 0, 31 ]
[ 7, 1, 0, -3, 4, 0, -1, 0, 1 ]
[ 1, 9, 0, 0, 31, 0, 0, 9, 1 ]
[ 3, -4, 0, 1, 9, 0, -1, 0, 1 ]
[ 1, -1, -8, -3, 4, 0, 0, 0, 31 ]
[ 1, 0, -1, -1, 1, 8, 0, 0, 31 ]
[ 1, 0, -1, -3, 4, 0, -1, 1, 8 ]
[ 1, 9, 0, 0, 9, 1, 0, -4, 3 ]
[ 1, 0, -1, 1, 9, 0, 0, -4, 3 ]
[ -1, 1, 8, -1, 0, 1, 0, 0, 31 ]
[ -3, 4, 0, -1, 1, 8, 0, 0, 31 ]
[ -3, 4, 0, -1, 0, 1, -1, 1, 8 ]
[ 1, 9, 0, 0, 1, 7, 0, 0, 31 ]
[ -1, -9, 0, 0, -4, 3, 0, 1, 7 ]
[ 0, -1, -7, 1, 9, 0, 0, 0, 31 ]
[ 0, -4, 3, 1, 9, 0, 0, 1, 7 ]
[ 1, 0, -1, 0, 1, 7, 0, 0, 31 ]
[ -1, 0, 1, 0, -4, 3, 0, 1, 7 ]
[ 1, 0, -1, 8, 1, 0, 0, 0, 31 ]
[ 31, 0, 0, 8, 1, 0, -1, 0, 1 ]
[ 1, 4, 0, 0, 31, 0, 0, 4, 1 ]
[ 8, 1, 0, -1, 0, 1, 0, 0, 31 ]
[ 8, 1, 0, 1, 4, 0, -1, 0, 1 ]
[ 1, 4, 0, 0, 1, 8, 0, 0, 31 ]
[ 1, 4, 0, 0, 4, 1, 0, 1, 8 ]
[ 0, -1, -8, 1, 4, 0, 0, 0, 31 ]
[ 1, 0, -1, 0, 1, 8, 0, 0, 31 ]
[ 1, 0, -1, 1, 4, 0, 0, 1, 8 ]
[ 1, 0, -1, 9, 1, 0, 0, 0, 31 ]
[ 31, 0, 0, 9, 1, 0, -1, 0, 1 ]
[ 9, 1, 0, -1, 0, 1, 0, 0, 31 ]
[ 9, 1, 0, -4, 3, 0, -1, 0, 1 ]
[ 1, 7, 0, 0, 31, 0, 0, 7, 1 ]
[ 4, -3, 0, 1, 7, 0, -1, 0, 1 ]
[ -1, 1, 10, -4, 3, 0, 0, 0, 31 ]
[ 1, 0, -1, -1, 1, 10, 0, 0, 31 ]
[ 1, 0, -1, -4, 3, 0, -1, 1, 10 ]
[ 1, 7, 0, 0, 7, 1, 0, -3, 4 ]
[ 1, 0, -1, 1, 7, 0, 0, -3, 4 ]
[ -1, 1, 10, -1, 0, 1, 0, 0, 31 ]
[ 4, -3, 0, -1, 1, 10, 0, 0, 31 ]
[ -4, 3, 0, -1, 0, 1, -1, 1, 10 ]
[ 1, 7, 0, 0, 1, 9, 0, 0, 31 ]
[ -1, -7, 0, 0, -3, 4, 0, 1, 9 ]
[ 0, -1, -9, 1, 7, 0, 0, 0, 31 ]
[ 0, -3, 4, 1, 7, 0, 0, 1, 9 ]
[ 1, 0, -1, 0, 1, 9, 0, 0, 31 ]
[ -1, 0, 1, 0, -3, 4, 0, 1, 9 ]
[ 1, 0, -1, 10, 1, 0, 0, 0, 31 ]
[ 31, 0, 0, 10, 1, 0, -1, 0, 1 ]
[ 1, -3, 0, 0, 31, 0, 0, -3, 1 ]
[ 10, 1, 0, -1, 0, 1, 0, 0, 31 ]
[ 10, 1, 0, -1, 3, 0, -1, 0, 1 ]
[ 1, -3, 0, 0, 1, 10, 0, 0, 31 ]
[ -1, 3, 0, 0, -3, 1, 0, 1, 10 ]
[ 0, 1, 10, -1, 3, 0, 0, 0, 31 ]
[ 1, 0, -1, 0, 1, 10, 0, 0, 31 ]
[ 1, 0, -1, -1, 3, 0, 0, 1, 10 ]
[ 1, 0, -1, 11, 1, 0, 0, 0, 31 ]
[ 31, 0, 0, 11, 1, 0, -1, 0, 1 ]
[ 11, 1, 0, -1, 0, 1, 0, 0, 31 ]
[ 11, 1, 0, 2, 3, 0, -1, 0, 1 ]
[ 1, 17, 0, 0, 31, 0, 0, -14, 1 ]
[ 2, 3, 0, 1, 17, 0, 1, 3, 1 ]
[ 1, 1, 10, 2, 3, 0, 0, 0, 31 ]
[ 1, 0, -1, 1, 1, 10, 0, 0, 31 ]
[ 1, 0, -1, 2, 3, 0, 1, 1, 10 ]
[ -1, -17, 0, 0, -14, 1, 0, 3, 2 ]
[ 1, 3, 1, 1, 17, 0, 0, 3, 2 ]
[ 1, 2, -10, 1, 3, 1, 0, 0, 31 ]
[ -2, -3, 0, -1, -2, 10, 0, 0, 31 ]
[ 2, 3, 0, 1, 3, 1, -1, -2, 10 ]
[ 1, 17, 0, 0, 1, 11, 0, 0, 31 ]
[ 1, 17, 0, 0, 3, 2, 0, 1, 11 ]
[ 0, -1, -11, 1, 17, 0, 0, 0, 31 ]
[ 0, -3, -2, 1, 17, 0, 0, 1, 11 ]
[ 1, 3, 1, 0, 1, 11, 0, 0, 31 ]
[ 1, 3, 1, 0, 3, 2, 0, 1, 11 ]
[ 1, 0, -1, 12, 1, 0, 0, 0, 31 ]
[ 31, 0, 0, 12, 1, 0, -1, 0, 1 ]
[ 12, 1, 0, -1, 0, 1, 0, 0, 31 ]
[ 12, 1, 0, 5, 3, 0, -1, 0, 1 ]
[ 5, 3, 0, -2, 5, 0, -1, 0, 1 ]
[ 2, 1, 10, 5, 3, 0, 0, 0, 31 ]
[ 1, 0, -1, 2, 1, 10, 0, 0, 31 ]
[ 1, 0, -1, 5, 3, 0, 2, 1, 10 ]
[ 1, -18, 0, 0, 31, 0, 0, 13, 1 ]
[ 2, -5, 0, -1, 18, 0, 1, -5, 1 ]
[ 1, -2, 6, -2, 5, 0, 0, 0, 31 ]
[ 1, 0, -1, -2, 5, 0, 1, -2, 6 ]
[ 2, 1, 10, -1, 0, 1, 0, 0, 31 ]
[ -5, -3, 0, 2, 1, 10, 0, 0, 31 ]
[ 5, 3, 0, -1, 0, 1, 2, 1, 10 ]
[ 1, -18, 0, 0, 13, 1, 0, -5, 2 ]
[ 1, -5, 1, -1, 18, 0, 0, -5, 2 ]
[ 2, -5, 0, -1, 3, 6, 0, 0, 31 ]
[ -2, 5, 0, 1, -5, 1, -1, 3, 6 ]
[ 0, -1, 19, 1, -2, 6, 0, 0, 31 ]
[ -1, 0, 1, 0, -1, 19, 0, 0, 31 ]
[ -1, 0, 1, 1, -2, 6, 0, -1, 19 ]
[ -1, 18, 0, 0, -5, 2, 0, -2, 7 ]
[ 0, 5, -2, -1, 18, 0, 0, -2, 7 ]
[ -1, 5, -1, 0, -5, 2, 0, -2, 7 ]
[ 0, -1, 19, 1, -5, 1, 0, 0, 31 ]
[ -1, 3, 6, 0, -1, 19, 0, 0, 31 ]
[ -1, 3, 6, 1, -5, 1, 0, -1, 19 ]
[ -1, 18, 0, 0, -1, 19, 0, 0, 31 ]
[ -1, 18, 0, 0, -2, 7, 0, -1, 19 ]
[ 0, 1, -19, -1, 18, 0, 0, 0, 31 ]
[ 0, 2, -7, -1, 18, 0, 0, -1, 19 ]
[ -1, 5, -1, 0, -1, 19, 0, 0, 31 ]
[ -1, 5, -1, 0, -2, 7, 0, -1, 19 ]
[ 1, 0, -1, 13, 1, 0, 0, 0, 31 ]
[ 31, 0, 0, 13, 1, 0, -1, 0, 1 ]
[ 13, 1, 0, -1, 0, 1, 0, 0, 31 ]
[ 13, 1, 0, -5, 2, 0, -1, 0, 1 ]
[ 5, -2, 0, -2, 7, 0, -1, 0, 1 ]
[ 3, -1, -16, -5, 2, 0, 0, 0, 31 ]
[ 1, 0, -1, -3, 1, 16, 0, 0, 31 ]
[ 1, 0, -1, -5, 2, 0, -3, 1, 16 ]
[ 1, -19, 0, 0, 31, 0, 0, 12, 1 ]
[ 2, -7, 0, -1, 19, 0, 1, -7, 1 ]
[ 1, 0, -1, -2, 7, 0, 1, -2, 4 ]
[ -3, 1, 16, -1, 0, 1, 0, 0, 31 ]
[ -5, 2, 0, -3, 1, 16, 0, 0, 31 ]
[ -5, 2, 0, -1, 0, 1, -3, 1, 16 ]
[ 1, -19, 0, 0, 12, 1, 0, 5, 3 ]
[ 1, -7, 1, -1, 19, 0, 0, 5, 3 ]
[ -2, 7, 0, 1, -7, 1, -1, 5, 4 ]
[ 1, -3, -9, -2, 7, 0, 0, 0, 31 ]
[ 1, -2, 4, -1, 3, 9, 0, 0, 31 ]
[ 1, -2, 4, -2, 7, 0, -1, 3, 9 ]
[ 0, -1, 18, 1, -2, 4, 0, 0, 31 ]
[ -1, 0, 1, 0, -1, 18, 0, 0, 31 ]
[ -1, 0, 1, 1, -2, 4, 0, -1, 18 ]
[ 1, -19, 0, 0, 5, 3, 0, -2, 5 ]
[ 0, 5, 3, -1, 19, 0, 0, -2, 5 ]
[ 1, -7, 1, 0, 5, 3, 0, -2, 5 ]
[ 0, -1, 18, 1, -7, 1, 0, 0, 31 ]
[ -1, 5, 4, 0, -1, 18, 0, 0, 31 ]
[ -1, 5, 4, 1, -7, 1, 0, -1, 18 ]
[ 1, -4, 9, -1, 5, 4, 0, 0, 31 ]
[ -2, 7, 0, 1, -4, 9, 0, 0, 31 ]
[ 2, -7, 0, -1, 5, 4, 1, -4, 9 ]
[ -1, 19, 0, 0, -1, 18, 0, 0, 31 ]
[ -1, 19, 0, 0, -2, 5, 0, -1, 18 ]
[ 0, 1, -18, -1, 19, 0, 0, 0, 31 ]
[ 0, 2, -5, -1, 19, 0, 0, -1, 18 ]
[ -1, 7, -1, 0, -1, 18, 0, 0, 31 ]
[ -1, 7, -1, 0, -2, 5, 0, -1, 18 ]
[ 1, 0, -1, 14, 1, 0, 0, 0, 31 ]
[ 31, 0, 0, 14, 1, 0, -1, 0, 1 ]
[ 14, 1, 0, -1, 0, 1, 0, 0, 31 ]
[ 14, 1, 0, -3, 2, 0, -1, 0, 1 ]
[ 1, -11, 0, 0, 31, 0, 0, -11, 1 ]
[ 3, -2, 0, -1, 11, 0, -1, 0, 1 ]
[ 2, -1, -16, -3, 2, 0, 0, 0, 31 ]
[ 1, 0, -1, -2, 1, 16, 0, 0, 31 ]
[ 1, 0, -1, -3, 2, 0, -2, 1, 16 ]
[ -1, 11, 0, 0, -11, 1, 0, -2, 3 ]
[ 1, 0, -1, -1, 11, 0, 0, -2, 3 ]
[ -2, 1, 16, -1, 0, 1, 0, 0, 31 ]
[ -3, 2, 0, -2, 1, 16, 0, 0, 31 ]
[ -3, 2, 0, -1, 0, 1, -2, 1, 16 ]
[ -1, 11, 0, 0, -1, 17, 0, 0, 31 ]
[ -1, 11, 0, 0, -2, 3, 0, -1, 17 ]
[ 0, 1, -17, -1, 11, 0, 0, 0, 31 ]
[ 0, 2, -3, -1, 11, 0, 0, -1, 17 ]
[ -1, 0, 1, 0, -1, 17, 0, 0, 31 ]
[ -1, 0, 1, 0, -2, 3, 0, -1, 17 ]
[ 1, 0, -1, 15, 1, 0, 0, 0, 31 ]
[ 31, 0, 0, 15, 1, 0, -1, 0, 1 ]
[ 1, -2, 0, 0, 31, 0, 0, -2, 1 ]
[ 15, 1, 0, -1, 0, 1, 0, 0, 31 ]
[ 15, 1, 0, -1, 2, 0, -1, 0, 1 ]
[ -1, 2, 0, 0, -1, 16, 0, 0, 31 ]
[ -1, 2, 0, 0, -2, 1, 0, -1, 16 ]
[ 1, -1, -16, -1, 2, 0, 0, 0, 31 ]
[ 1, 0, -1, -1, 1, 16, 0, 0, 31 ]
[ 1, 0, -1, -1, 2, 0, -1, 1, 16 ]
[ 1, 0, -1, -15, 1, 0, 0, 0, 31 ]
[ 31, 0, 0, -15, 1, 0, -1, 0, 1 ]
[ 1, 2, 0, 0, 31, 0, 0, 2, 1 ]
[ -15, 1, 0, -1, 0, 1, 0, 0, 31 ]
[ 15, -1, 0, 1, 2, 0, -1, 0, 1 ]
[ 1, 2, 0, 0, 1, 16, 0, 0, 31 ]
[ 1, 2, 0, 0, 2, 1, 0, 1, 16 ]
[ 0, -1, -16, 1, 2, 0, 0, 0, 31 ]
[ 1, 0, -1, 0, 1, 16, 0, 0, 31 ]
[ 1, 0, -1, 1, 2, 0, 0, 1, 16 ]
[ 1, 0, -1, -14, 1, 0, 0, 0, 31 ]
[ 31, 0, 0, -14, 1, 0, -1, 0, 1 ]
[ -14, 1, 0, -1, 0, 1, 0, 0, 31 ]
[ 14, -1, 0, 3, 2, 0, -1, 0, 1 ]
[ 1, 11, 0, 0, 31, 0, 0, 11, 1 ]
[ 3, 2, 0, 1, 11, 0, -1, 0, 1 ]
[ -1, -1, -16, 3, 2, 0, 0, 0, 31 ]
[ 1, 0, -1, 1, 1, 16, 0, 0, 31 ]
[ 1, 0, -1, 3, 2, 0, 1, 1, 16 ]
[ 1, 11, 0, 0, 11, 1, 0, 2, 3 ]
[ 1, 0, -1, 1, 11, 0, 0, 2, 3 ]
[ 1, 1, 16, -1, 0, 1, 0, 0, 31 ]
[ 3, 2, 0, 1, 1, 16, 0, 0, 31 ]
[ 3, 2, 0, -1, 0, 1, 1, 1, 16 ]
[ 1, 11, 0, 0, 1, 17, 0, 0, 31 ]
[ 1, 11, 0, 0, 2, 3, 0, 1, 17 ]
[ 0, -1, -17, 1, 11, 0, 0, 0, 31 ]
[ 0, -2, -3, 1, 11, 0, 0, 1, 17 ]
[ 1, 0, -1, 0, 1, 17, 0, 0, 31 ]
[ 1, 0, -1, 0, 2, 3, 0, 1, 17 ]
[ 1, 0, -1, -13, 1, 0, 0, 0, 31 ]
[ 31, 0, 0, -13, 1, 0, -1, 0, 1 ]
[ -13, 1, 0, -1, 0, 1, 0, 0, 31 ]
[ 13, -1, 0, 5, 2, 0, -1, 0, 1 ]
[ 5, 2, 0, 2, 7, 0, -1, 0, 1 ]
[ -2, -1, -16, 5, 2, 0, 0, 0, 31 ]
[ 1, 0, -1, 2, 1, 16, 0, 0, 31 ]
[ 1, 0, -1, 5, 2, 0, 2, 1, 16 ]
[ 1, 19, 0, 0, 31, 0, 0, -12, 1 ]
[ 2, 7, 0, 1, 19, 0, 1, 7, 1 ]
[ 1, 0, -1, 2, 7, 0, 1, 2, 4 ]
[ 2, 1, 16, -1, 0, 1, 0, 0, 31 ]
[ 5, 2, 0, 2, 1, 16, 0, 0, 31 ]
[ 5, 2, 0, -1, 0, 1, 2, 1, 16 ]
[ -1, -19, 0, 0, -12, 1, 0, -5, 3 ]
[ 1, 7, 1, 1, 19, 0, 0, -5, 3 ]
[ 2, 7, 0, 1, 7, 1, -1, -5, 4 ]
[ 1, 3, -9, 2, 7, 0, 0, 0, 31 ]
[ -1, -2, -4, -1, -3, 9, 0, 0, 31 ]
[ 1, 2, 4, 2, 7, 0, -1, -3, 9 ]
[ 0, -1, -18, 1, 2, 4, 0, 0, 31 ]
[ 1, 0, -1, 0, 1, 18, 0, 0, 31 ]
[ 1, 0, -1, 1, 2, 4, 0, 1, 18 ]
[ -1, -19, 0, 0, -5, 3, 0, 2, 5 ]
[ 0, -5, 3, 1, 19, 0, 0, 2, 5 ]
[ -1, -7, -1, 0, -5, 3, 0, 2, 5 ]
[ 0, -1, -18, 1, 7, 1, 0, 0, 31 ]
[ 1, 5, -4, 0, 1, 18, 0, 0, 31 ]
[ 1, 5, -4, 1, 7, 1, 0, 1, 18 ]
[ -1, -4, -9, -1, -5, 4, 0, 0, 31 ]
[ 2, 7, 0, 1, 4, 9, 0, 0, 31 ]
[ -2, -7, 0, -1, -5, 4, 1, 4, 9 ]
[ 1, 19, 0, 0, 1, 18, 0, 0, 31 ]
[ 1, 19, 0, 0, 2, 5, 0, 1, 18 ]
[ 0, -1, -18, 1, 19, 0, 0, 0, 31 ]
[ 0, -2, -5, 1, 19, 0, 0, 1, 18 ]
[ 1, 7, 1, 0, 1, 18, 0, 0, 31 ]
[ 1, 7, 1, 0, 2, 5, 0, 1, 18 ]
[ 1, 0, -1, -12, 1, 0, 0, 0, 31 ]
[ 31, 0, 0, -12, 1, 0, -1, 0, 1 ]
[ -12, 1, 0, -1, 0, 1, 0, 0, 31 ]
[ 12, -1, 0, -5, 3, 0, -1, 0, 1 ]
[ 5, -3, 0, 2, 5, 0, -1, 0, 1 ]
[ 2, -1, 10, -5, 3, 0, 0, 0, 31 ]
[ -1, 0, 1, 2, -1, 10, 0, 0, 31 ]
[ 1, 0, -1, -5, 3, 0, 2, -1, 10 ]
[ 1, 18, 0, 0, 31, 0, 0, -13, 1 ]
[ 2, 5, 0, 1, 18, 0, 1, 5, 1 ]
[ 1, 2, 6, 2, 5, 0, 0, 0, 31 ]
[ 1, 0, -1, 2, 5, 0, 1, 2, 6 ]
[ -2, 1, -10, -1, 0, 1, 0, 0, 31 ]
[ 5, -3, 0, 2, -1, 10, 0, 0, 31 ]
[ -5, 3, 0, -1, 0, 1, 2, -1, 10 ]
[ -1, -18, 0, 0, -13, 1, 0, 5, 2 ]
[ 1, 5, 1, 1, 18, 0, 0, 5, 2 ]
[ -2, -5, 0, -1, -3, 6, 0, 0, 31 ]
[ 2, 5, 0, 1, 5, 1, -1, -3, 6 ]
[ 0, -1, -19, 1, 2, 6, 0, 0, 31 ]
[ 1, 0, -1, 0, 1, 19, 0, 0, 31 ]
[ 1, 0, -1, 1, 2, 6, 0, 1, 19 ]
[ 1, 18, 0, 0, 5, 2, 0, 2, 7 ]
[ 0, -5, -2, 1, 18, 0, 0, 2, 7 ]
[ 1, 5, 1, 0, 5, 2, 0, 2, 7 ]
[ 0, -1, -19, 1, 5, 1, 0, 0, 31 ]
[ 1, 3, -6, 0, 1, 19, 0, 0, 31 ]
[ 1, 3, -6, 1, 5, 1, 0, 1, 19 ]
[ 1, 18, 0, 0, 1, 19, 0, 0, 31 ]
[ 1, 18, 0, 0, 2, 7, 0, 1, 19 ]
[ 0, -1, -19, 1, 18, 0, 0, 0, 31 ]
[ 0, -2, -7, 1, 18, 0, 0, 1, 19 ]
[ 1, 5, 1, 0, 1, 19, 0, 0, 31 ]
[ 1, 5, 1, 0, 2, 7, 0, 1, 19 ]
[ 1, 0, -1, -11, 1, 0, 0, 0, 31 ]
[ 31, 0, 0, -11, 1, 0, -1, 0, 1 ]
[ -11, 1, 0, -1, 0, 1, 0, 0, 31 ]
[ 11, -1, 0, -2, 3, 0, -1, 0, 1 ]
[ 1, -17, 0, 0, 31, 0, 0, 14, 1 ]
[ 2, -3, 0, -1, 17, 0, 1, -3, 1 ]
[ 1, -1, 10, -2, 3, 0, 0, 0, 31 ]
[ -1, 0, 1, 1, -1, 10, 0, 0, 31 ]
[ 1, 0, -1, -2, 3, 0, 1, -1, 10 ]
[ 1, -17, 0, 0, 14, 1, 0, -3, 2 ]
[ 1, -3, 1, -1, 17, 0, 0, -3, 2 ]
[ -1, 2, 10, 1, -3, 1, 0, 0, 31 ]
[ 2, -3, 0, -1, 2, 10, 0, 0, 31 ]
[ -2, 3, 0, 1, -3, 1, -1, 2, 10 ]
[ -1, 17, 0, 0, -1, 11, 0, 0, 31 ]
[ -1, 17, 0, 0, -3, 2, 0, -1, 11 ]
[ 0, 1, -11, -1, 17, 0, 0, 0, 31 ]
[ 0, 3, -2, -1, 17, 0, 0, -1, 11 ]
[ -1, 3, -1, 0, -1, 11, 0, 0, 31 ]
[ -1, 3, -1, 0, -3, 2, 0, -1, 11 ]
[ 1, 0, -1, -10, 1, 0, 0, 0, 31 ]
[ 31, 0, 0, -10, 1, 0, -1, 0, 1 ]
[ 1, 3, 0, 0, 31, 0, 0, 3, 1 ]
[ -10, 1, 0, -1, 0, 1, 0, 0, 31 ]
[ 10, -1, 0, 1, 3, 0, -1, 0, 1 ]
[ -1, -3, 0, 0, -1, 10, 0, 0, 31 ]
[ 1, 3, 0, 0, 3, 1, 0, -1, 10 ]
[ 0, -1, 10, 1, 3, 0, 0, 0, 31 ]
[ -1, 0, 1, 0, -1, 10, 0, 0, 31 ]
[ 1, 0, -1, 1, 3, 0, 0, -1, 10 ]
[ 1, 0, -1, -9, 1, 0, 0, 0, 31 ]
[ 31, 0, 0, -9, 1, 0, -1, 0, 1 ]
[ -9, 1, 0, -1, 0, 1, 0, 0, 31 ]
[ 9, -1, 0, 4, 3, 0, -1, 0, 1 ]
[ 1, -7, 0, 0, 31, 0, 0, -7, 1 ]
[ 4, 3, 0, -1, 7, 0, -1, 0, 1 ]
[ -1, -1, 10, 4, 3, 0, 0, 0, 31 ]
[ -1, 0, 1, -1, -1, 10, 0, 0, 31 ]
[ 1, 0, -1, 4, 3, 0, -1, -1, 10 ]
[ -1, 7, 0, 0, -7, 1, 0, 3, 4 ]
[ 1, 0, -1, -1, 7, 0, 0, 3, 4 ]
[ 1, 1, -10, -1, 0, 1, 0, 0, 31 ]
[ -4, -3, 0, -1, -1, 10, 0, 0, 31 ]
[ 4, 3, 0, -1, 0, 1, -1, -1, 10 ]
[ -1, 7, 0, 0, -1, 9, 0, 0, 31 ]
[ 1, -7, 0, 0, 3, 4, 0, -1, 9 ]
[ 0, 1, -9, -1, 7, 0, 0, 0, 31 ]
[ 0, 3, 4, -1, 7, 0, 0, -1, 9 ]
[ -1, 0, 1, 0, -1, 9, 0, 0, 31 ]
[ 1, 0, -1, 0, 3, 4, 0, -1, 9 ]
[ 1, 0, -1, -8, 1, 0, 0, 0, 31 ]
[ 31, 0, 0, -8, 1, 0, -1, 0, 1 ]
[ 1, -4, 0, 0, 31, 0, 0, -4, 1 ]
[ -8, 1, 0, -1, 0, 1, 0, 0, 31 ]
[ 8, -1, 0, -1, 4, 0, -1, 0, 1 ]
[ -1, 4, 0, 0, -1, 8, 0, 0, 31 ]
[ -1, 4, 0, 0, -4, 1, 0, -1, 8 ]
[ 0, 1, -8, -1, 4, 0, 0, 0, 31 ]
[ -1, 0, 1, 0, -1, 8, 0, 0, 31 ]
[ 1, 0, -1, -1, 4, 0, 0, -1, 8 ]
[ 1, 0, -1, -7, 1, 0, 0, 0, 31 ]
[ 31, 0, 0, -7, 1, 0, -1, 0, 1 ]
[ -7, 1, 0, -1, 0, 1, 0, 0, 31 ]
[ 7, -1, 0, 3, 4, 0, -1, 0, 1 ]
[ 1, -9, 0, 0, 31, 0, 0, -9, 1 ]
[ 3, 4, 0, -1, 9, 0, -1, 0, 1 ]
[ 1, 1, -8, 3, 4, 0, 0, 0, 31 ]
[ -1, 0, 1, -1, -1, 8, 0, 0, 31 ]
[ 1, 0, -1, 3, 4, 0, -1, -1, 8 ]
[ -1, 9, 0, 0, -9, 1, 0, 4, 3 ]
[ 1, 0, -1, -1, 9, 0, 0, 4, 3 ]
[ 1, 1, -8, -1, 0, 1, 0, 0, 31 ]
[ 3, 4, 0, -1, -1, 8, 0, 0, 31 ]
[ 3, 4, 0, -1, 0, 1, -1, -1, 8 ]
[ -1, 9, 0, 0, -1, 7, 0, 0, 31 ]
[ 1, -9, 0, 0, 4, 3, 0, -1, 7 ]
[ 0, 1, -7, -1, 9, 0, 0, 0, 31 ]
[ 0, 4, 3, -1, 9, 0, 0, -1, 7 ]
[ -1, 0, 1, 0, -1, 7, 0, 0, 31 ]
[ 1, 0, -1, 0, 4, 3, 0, -1, 7 ]
[ 1, 0, -1, -6, 1, 0, 0, 0, 31 ]
[ 31, 0, 0, -6, 1, 0, -1, 0, 1 ]
[ 1, 5, 0, 0, 31, 0, 0, 5, 1 ]
[ -6, 1, 0, -1, 0, 1, 0, 0, 31 ]
[ 6, -1, 0, 1, 5, 0, -1, 0, 1 ]
[ -1, -5, 0, 0, -1, 6, 0, 0, 31 ]
[ 1, 5, 0, 0, 5, 1, 0, -1, 6 ]
[ 0, -1, 6, 1, 5, 0, 0, 0, 31 ]
[ -1, 0, 1, 0, -1, 6, 0, 0, 31 ]
[ 1, 0, -1, 1, 5, 0, 0, -1, 6 ]
[ 1, 0, -1, -5, 1, 0, 0, 0, 31 ]
[ 31, 0, 0, -5, 1, 0, -1, 0, 1 ]
[ 1, 6, 0, 0, 31, 0, 0, 6, 1 ]
[ -5, 1, 0, -1, 0, 1, 0, 0, 31 ]
[ 5, -1, 0, 1, 6, 0, -1, 0, 1 ]
[ -1, -6, 0, 0, -1, 5, 0, 0, 31 ]
[ 1, 6, 0, 0, 6, 1, 0, -1, 5 ]
[ 0, -1, 5, 1, 6, 0, 0, 0, 31 ]
[ -1, 0, 1, 0, -1, 5, 0, 0, 31 ]
[ 1, 0, -1, 1, 6, 0, 0, -1, 5 ]
[ 1, 0, -1, -4, 1, 0, 0, 0, 31 ]
[ 31, 0, 0, -4, 1, 0, -1, 0, 1 ]
[ 1, -8, 0, 0, 31, 0, 0, -8, 1 ]
[ -4, 1, 0, -1, 0, 1, 0, 0, 31 ]
[ 4, -1, 0, -1, 8, 0, -1, 0, 1 ]
[ -1, 8, 0, 0, -1, 4, 0, 0, 31 ]
[ -1, 8, 0, 0, -8, 1, 0, -1, 4 ]
[ 0, 1, -4, -1, 8, 0, 0, 0, 31 ]
[ -1, 0, 1, 0, -1, 4, 0, 0, 31 ]
[ 1, 0, -1, -1, 8, 0, 0, -1, 4 ]
[ 1, 0, -1, -3, 1, 0, 0, 0, 31 ]
[ 31, 0, 0, -3, 1, 0, -1, 0, 1 ]
[ 1, 10, 0, 0, 31, 0, 0, 10, 1 ]
[ -3, 1, 0, -1, 0, 1, 0, 0, 31 ]
[ 3, -1, 0, 1, 10, 0, -1, 0, 1 ]
[ -1, -10, 0, 0, -1, 3, 0, 0, 31 ]
[ 1, 10, 0, 0, 10, 1, 0, -1, 3 ]
[ 0, -1, 3, 1, 10, 0, 0, 0, 31 ]
[ -1, 0, 1, 0, -1, 3, 0, 0, 31 ]
[ 1, 0, -1, 1, 10, 0, 0, -1, 3 ]
[ 1, 0, -1, -2, 1, 0, 0, 0, 31 ]
[ 31, 0, 0, -2, 1, 0, -1, 0, 1 ]
[ 1, -16, 0, 0, 31, 0, 0, 15, 1 ]
[ -2, 1, 0, 1, -1, 1, 0, 0, 31 ]
[ 2, -1, 0, -1, 16, 0, 1, -1, 1 ]
[ -1, 16, 0, 0, -1, 2, 0, 0, 31 ]
[ 1, -16, 0, 0, 15, 1, 0, -1, 2 ]
[ 0, 1, -2, -1, 16, 0, 0, 0, 31 ]
[ -1, 1, -1, 0, -1, 2, 0, 0, 31 ]
[ 1, -1, 1, -1, 16, 0, 0, -1, 2 ]
[ -1, 1, 0, 0, -1, 1, 0, 0, 31 ]
[ 1, -1, 0, 0, 31, 0, 0, -1, 1 ]
[ 1, 0, -1, -1, 1, 0, 0, 0, 31 ]
[ 31, 0, 0, -1, 1, 0, -1, 0, 1 ]
[ 1, 0, 0, 0, 31, 0, 0, 0, 1 ]
[ 1, 1, 0, 0, 31, 0, 0, 0, 1 ]
[ 31, 0, 0, 1, 1, 0, 0, 0, 1 ]
[ 31, 0, 0, -15, 1, 0, 0, 0, 1 ]
[ 1, 2, 0, 0, 31, 0, 0, 0, 1 ]
[ 15, -1, 0, 1, 2, 0, 0, 0, 1 ]
[ 31, 0, 0, -10, 1, 0, 0, 0, 1 ]
[ 1, 3, 0, 0, 31, 0, 0, 0, 1 ]
[ 10, -1, 0, 1, 3, 0, 0, 0, 1 ]
[ 31, 0, 0, 8, 1, 0, 0, 0, 1 ]
[ 1, 4, 0, 0, 31, 0, 0, 0, 1 ]
[ 8, 1, 0, 1, 4, 0, 0, 0, 1 ]
[ 31, 0, 0, -6, 1, 0, 0, 0, 1 ]
[ 1, 5, 0, 0, 31, 0, 0, 0, 1 ]
[ 6, -1, 0, 1, 5, 0, 0, 0, 1 ]
[ 31, 0, 0, -5, 1, 0, 0, 0, 1 ]
[ 1, 6, 0, 0, 31, 0, 0, 0, 1 ]
[ 5, -1, 0, 1, 6, 0, 0, 0, 1 ]
[ 31, 0, 0, 9, 1, 0, 0, 0, 1 ]
[ 9, 1, 0, -4, 3, 0, 0, 0, 1 ]
[ 1, 7, 0, 0, 31, 0, 0, 0, 1 ]
[ 4, -3, 0, 1, 7, 0, 0, 0, 1 ]
[ 31, 0, 0, 4, 1, 0, 0, 0, 1 ]
[ 1, 8, 0, 0, 31, 0, 0, 0, 1 ]
[ 4, 1, 0, 1, 8, 0, 0, 0, 1 ]
[ 31, 0, 0, 7, 1, 0, 0, 0, 1 ]
[ 7, 1, 0, -3, 4, 0, 0, 0, 1 ]
[ 1, 9, 0, 0, 31, 0, 0, 0, 1 ]
[ 3, -4, 0, 1, 9, 0, 0, 0, 1 ]
[ 31, 0, 0, -3, 1, 0, 0, 0, 1 ]
[ 1, 10, 0, 0, 31, 0, 0, 0, 1 ]
[ 3, -1, 0, 1, 10, 0, 0, 0, 1 ]
[ 31, 0, 0, -14, 1, 0, 0, 0, 1 ]
[ 14, -1, 0, 3, 2, 0, 0, 0, 1 ]
[ 1, 11, 0, 0, 31, 0, 0, 0, 1 ]
[ 3, 2, 0, 1, 11, 0, 0, 0, 1 ]
[ 31, 0, 0, 13, 1, 0, 0, 0, 1 ]
[ 13, 1, 0, -5, 2, 0, 0, 0, 1 ]
[ 5, -2, 0, -2, 7, 0, 0, 0, 1 ]
[ 1, -19, 0, 0, 31, 0, 0, 0, 1 ]
[ 2, -7, 0, -1, 19, 0, 0, 0, 1 ]
[ 31, 0, 0, 12, 1, 0, 0, 0, 1 ]
[ 12, 1, 0, 5, 3, 0, 0, 0, 1 ]
[ 5, 3, 0, -2, 5, 0, 0, 0, 1 ]
[ 1, -18, 0, 0, 31, 0, 0, 0, 1 ]
[ 2, -5, 0, -1, 18, 0, 0, 0, 1 ]
[ 31, 0, 0, -11, 1, 0, 0, 0, 1 ]
[ 11, -1, 0, -2, 3, 0, 0, 0, 1 ]
[ 1, -17, 0, 0, 31, 0, 0, 0, 1 ]
[ 2, -3, 0, -1, 17, 0, 0, 0, 1 ]
[ 31, 0, 0, -2, 1, 0, 0, 0, 1 ]
[ 1, -16, 0, 0, 31, 0, 0, 0, 1 ]
[ 2, -1, 0, -1, 16, 0, 0, 0, 1 ]
[ 31, 0, 0, 2, 1, 0, 0, 0, 1 ]
[ 1, 16, 0, 0, 31, 0, 0, 0, 1 ]
[ 2, 1, 0, 1, 16, 0, 0, 0, 1 ]
[ 31, 0, 0, 11, 1, 0, 0, 0, 1 ]
[ 11, 1, 0, 2, 3, 0, 0, 0, 1 ]
[ 1, 17, 0, 0, 31, 0, 0, 0, 1 ]
[ 2, 3, 0, 1, 17, 0, 0, 0, 1 ]
[ 31, 0, 0, -12, 1, 0, 0, 0, 1 ]
[ 12, -1, 0, -5, 3, 0, 0, 0, 1 ]
[ 5, -3, 0, 2, 5, 0, 0, 0, 1 ]
[ 1, 18, 0, 0, 31, 0, 0, 0, 1 ]
[ 2, 5, 0, 1, 18, 0, 0, 0, 1 ]
[ 31, 0, 0, -13, 1, 0, 0, 0, 1 ]
[ 13, -1, 0, 5, 2, 0, 0, 0, 1 ]
[ 5, 2, 0, 2, 7, 0, 0, 0, 1 ]
[ 1, 19, 0, 0, 31, 0, 0, 0, 1 ]
[ 2, 7, 0, 1, 19, 0, 0, 0, 1 ]
[ 31, 0, 0, 14, 1, 0, 0, 0, 1 ]
[ 14, 1, 0, -3, 2, 0, 0, 0, 1 ]
[ 1, -11, 0, 0, 31, 0, 0, 0, 1 ]
[ 3, -2, 0, -1, 11, 0, 0, 0, 1 ]
[ 31, 0, 0, 3, 1, 0, 0, 0, 1 ]
[ 1, -10, 0, 0, 31, 0, 0, 0, 1 ]
[ 3, 1, 0, -1, 10, 0, 0, 0, 1 ]
[ 31, 0, 0, -7, 1, 0, 0, 0, 1 ]
[ 7, -1, 0, 3, 4, 0, 0, 0, 1 ]
[ 1, -9, 0, 0, 31, 0, 0, 0, 1 ]
[ 3, 4, 0, -1, 9, 0, 0, 0, 1 ]
[ 31, 0, 0, -4, 1, 0, 0, 0, 1 ]
[ 1, -8, 0, 0, 31, 0, 0, 0, 1 ]
[ 4, -1, 0, -1, 8, 0, 0, 0, 1 ]
[ 31, 0, 0, -9, 1, 0, 0, 0, 1 ]
[ 9, -1, 0, 4, 3, 0, 0, 0, 1 ]
[ 1, -7, 0, 0, 31, 0, 0, 0, 1 ]
[ 4, 3, 0, -1, 7, 0, 0, 0, 1 ]
[ 31, 0, 0, 5, 1, 0, 0, 0, 1 ]
[ 1, -6, 0, 0, 31, 0, 0, 0, 1 ]
[ 5, 1, 0, -1, 6, 0, 0, 0, 1 ]
[ 31, 0, 0, 6, 1, 0, 0, 0, 1 ]
[ 1, -5, 0, 0, 31, 0, 0, 0, 1 ]
[ 6, 1, 0, -1, 5, 0, 0, 0, 1 ]
[ 31, 0, 0, -8, 1, 0, 0, 0, 1 ]
[ 1, -4, 0, 0, 31, 0, 0, 0, 1 ]
[ 8, -1, 0, -1, 4, 0, 0, 0, 1 ]
[ 31, 0, 0, 10, 1, 0, 0, 0, 1 ]
[ 1, -3, 0, 0, 31, 0, 0, 0, 1 ]
[ 10, 1, 0, -1, 3, 0, 0, 0, 1 ]
[ 31, 0, 0, 15, 1, 0, 0, 0, 1 ]
[ 1, -2, 0, 0, 31, 0, 0, 0, 1 ]
[ 15, 1, 0, -1, 2, 0, 0, 0, 1 ]
[ 1, -1, 0, 0, 31, 0, 0, 0, 1 ]
[ 31, 0, 0, -1, 1, 0, 0, 0, 1 ]
[ 31, 0, 0, 0, 1, 0, 0, 0, 1 ]
