[ 1, 0, 0, 0, 1, 0, 0, 0, 37 ]
[ 1, 0, 0, 0, 1, 1, 0, 0, 37 ]
[ 1, 0, 0, 0, 37, 0, 0, 1, 1 ]
[ 1, 0, 0, 0, 37, 0, 0, -18, 1 ]
[ 1, 0, 0, 0, 1, 2, 0, 0, 37 ]
[ -1, 0, 0, 0, -18, 1, 0, 1, 2 ]
[ 1, 0, 0, 0, 37, 0, 0, -12, 1 ]
[ 1, 0, 0, 0, 1, 3, 0, 0, 37 ]
[ -1, 0, 0, 0, -12, 1, 0, 1, 3 ]
[ 1, 0, 0, 0, 37, 0, 0, -9, 1 ]
[ 1, 0, 0, 0, 1, 4, 0, 0, 37 ]
[ -1, 0, 0, 0, -9, 1, 0, 1, 4 ]
[ 1, 0, 0, 0, 37, 0, 0, 15, 1 ]
[ 1, 0, 0, 0, 15, 1, 0, -7, 2 ]
[ 1, 0, 0, 0, 1, 5, 0, 0, 37 ]
[ -1, 0, 0, 0, -7, 2, 0, 1, 5 ]
[ 1, 0, 0, 0, 37, 0, 0, -6, 1 ]
[ 1, 0, 0, 0, 1, 6, 0, 0, 37 ]
[ -1, 0, 0, 0, -6, 1, 0, 1, 6 ]
[ 1, 0, 0, 0, 37, 0, 0, 16, 1 ]
[ 1, 0, 0, 0, 16, 1, 0, -5, 2 ]
[ 1, 0, 0, 0, 1, 7, 0, 0, 37 ]
[ -1, 0, 0, 0, -5, 2, 0, 1, 7 ]
[ 1, 0, 0, 0, 37, 0, 0, 14, 1 ]
[ 1, 0, 0, 0, 14, 1, 0, 5, 3 ]
[ 1, 0, 0, 0, 1, 8, 0, 0, 37 ]
[ 1, 0, 0, 0, 5, 3, 0, 1, 8 ]
[ 1, 0, 0, 0, 37, 0, 0, -4, 1 ]
[ 1, 0, 0, 0, 1, 9, 0, 0, 37 ]
[ -1, 0, 0, 0, -4, 1, 0, 1, 9 ]
[ 1, 0, 0, 0, 37, 0, 0, -11, 1 ]
[ -1, 0, 0, 0, -11, 1, 0, 4, 3 ]
[ 1, 0, 0, 0, 1, 10, 0, 0, 37 ]
[ 1, 0, 0, 0, 4, 3, 0, 1, 10 ]
[ 1, 0, 0, 0, 37, 0, 0, -10, 1 ]
[ -1, 0, 0, 0, -10, 1, 0, -3, 4 ]
[ 1, 0, 0, 0, 1, 11, 0, 0, 37 ]
[ -1, 0, 0, 0, -3, 4, 0, 1, 11 ]
[ 1, 0, 0, 0, 37, 0, 0, -3, 1 ]
[ 1, 0, 0, 0, 1, 12, 0, 0, 37 ]
[ -1, 0, 0, 0, -3, 1, 0, 1, 12 ]
[ 1, 0, 0, 0, 37, 0, 0, -17, 1 ]
[ -1, 0, 0, 0, -17, 1, 0, 3, 2 ]
[ 1, 0, 0, 0, 1, 13, 0, 0, 37 ]
[ 1, 0, 0, 0, 3, 2, 0, 1, 13 ]
[ 1, 0, 0, 0, 37, 0, 0, 8, 1 ]
[ 1, 0, 0, 0, 8, 1, 0, 3, 5 ]
[ 1, 0, 0, 0, 1, 14, 0, 0, 37 ]
[ 1, 0, 0, 0, 3, 5, 0, 1, 14 ]
[ 1, 0, 0, 0, 37, 0, 0, 5, 1 ]
[ 1, 0, 0, 0, 5, 1, 0, -2, 7 ]
[ -1, 0, 0, 0, -1, 22, 0, 0, 37 ]
[ -1, 0, 0, 0, -2, 7, 0, -1, 22 ]
[ 1, 0, 0, 0, 37, 0, 0, 7, 1 ]
[ 1, 0, 0, 0, 7, 1, 0, -2, 5 ]
[ -1, 0, 0, 0, -1, 21, 0, 0, 37 ]
[ -1, 0, 0, 0, -2, 5, 0, -1, 21 ]
[ 1, 0, 0, 0, 37, 0, 0, -13, 1 ]
[ -1, 0, 0, 0, -13, 1, 0, -2, 3 ]
[ -1, 0, 0, 0, -1, 20, 0, 0, 37 ]
[ -1, 0, 0, 0, -2, 3, 0, -1, 20 ]
[ 1, 0, 0, 0, 37, 0, 0, -2, 1 ]
[ -1, 0, 0, 0, -1, 19, 0, 0, 37 ]
[ -1, 0, 0, 0, -2, 1, 0, -1, 19 ]
[ 1, 0, 0, 0, 37, 0, 0, 2, 1 ]
[ 1, 0, 0, 0, 1, 19, 0, 0, 37 ]
[ 1, 0, 0, 0, 2, 1, 0, 1, 19 ]
[ 1, 0, 0, 0, 37, 0, 0, 13, 1 ]
[ 1, 0, 0, 0, 13, 1, 0, 2, 3 ]
[ 1, 0, 0, 0, 1, 20, 0, 0, 37 ]
[ 1, 0, 0, 0, 2, 3, 0, 1, 20 ]
[ 1, 0, 0, 0, 37, 0, 0, -7, 1 ]
[ -1, 0, 0, 0, -7, 1, 0, 2, 5 ]
[ 1, 0, 0, 0, 1, 21, 0, 0, 37 ]
[ 1, 0, 0, 0, 2, 5, 0, 1, 21 ]
[ 1, 0, 0, 0, 37, 0, 0, -5, 1 ]
[ -1, 0, 0, 0, -5, 1, 0, 2, 7 ]
[ 1, 0, 0, 0, 1, 22, 0, 0, 37 ]
[ 1, 0, 0, 0, 2, 7, 0, 1, 22 ]
[ 1, 0, 0, 0, 37, 0, 0, -8, 1 ]
[ -1, 0, 0, 0, -8, 1, 0, -3, 5 ]
[ -1, 0, 0, 0, -1, 14, 0, 0, 37 ]
[ -1, 0, 0, 0, -3, 5, 0, -1, 14 ]
[ 1, 0, 0, 0, 37, 0, 0, 17, 1 ]
[ 1, 0, 0, 0, 17, 1, 0, -3, 2 ]
[ -1, 0, 0, 0, -1, 13, 0, 0, 37 ]
[ -1, 0, 0, 0, -3, 2, 0, -1, 13 ]
[ 1, 0, 0, 0, 37, 0, 0, 3, 1 ]
[ -1, 0, 0, 0, -1, 12, 0, 0, 37 ]
[ 1, 0, 0, 0, 3, 1, 0, -1, 12 ]
[ 1, 0, 0, 0, 37, 0, 0, 10, 1 ]
[ 1, 0, 0, 0, 10, 1, 0, 3, 4 ]
[ -1, 0, 0, 0, -1, 11, 0, 0, 37 ]
[ 1, 0, 0, 0, 3, 4, 0, -1, 11 ]
[ 1, 0, 0, 0, 37, 0, 0, 11, 1 ]
[ 1, 0, 0, 0, 11, 1, 0, -4, 3 ]
[ -1, 0, 0, 0, -1, 10, 0, 0, 37 ]
[ -1, 0, 0, 0, -4, 3, 0, -1, 10 ]
[ 1, 0, 0, 0, 37, 0, 0, 4, 1 ]
[ -1, 0, 0, 0, -1, 9, 0, 0, 37 ]
[ 1, 0, 0, 0, 4, 1, 0, -1, 9 ]
[ 1, 0, 0, 0, 37, 0, 0, -14, 1 ]
[ -1, 0, 0, 0, -14, 1, 0, -5, 3 ]
[ -1, 0, 0, 0, -1, 8, 0, 0, 37 ]
[ -1, 0, 0, 0, -5, 3, 0, -1, 8 ]
[ 1, 0, 0, 0, 37, 0, 0, -16, 1 ]
[ -1, 0, 0, 0, -16, 1, 0, 5, 2 ]
[ -1, 0, 0, 0, -1, 7, 0, 0, 37 ]
[ 1, 0, 0, 0, 5, 2, 0, -1, 7 ]
[ 1, 0, 0, 0, 37, 0, 0, 6, 1 ]
[ -1, 0, 0, 0, -1, 6, 0, 0, 37 ]
[ 1, 0, 0, 0, 6, 1, 0, -1, 6 ]
[ 1, 0, 0, 0, 37, 0, 0, -15, 1 ]
[ -1, 0, 0, 0, -15, 1, 0, 7, 2 ]
[ -1, 0, 0, 0, -1, 5, 0, 0, 37 ]
[ 1, 0, 0, 0, 7, 2, 0, -1, 5 ]
[ 1, 0, 0, 0, 37, 0, 0, 9, 1 ]
[ -1, 0, 0, 0, -1, 4, 0, 0, 37 ]
[ 1, 0, 0, 0, 9, 1, 0, -1, 4 ]
[ 1, 0, 0, 0, 37, 0, 0, 12, 1 ]
[ -1, 0, 0, 0, -1, 3, 0, 0, 37 ]
[ 1, 0, 0, 0, 12, 1, 0, -1, 3 ]
[ 1, 0, 0, 0, 37, 0, 0, 18, 1 ]
[ -1, 0, 0, 0, -1, 2, 0, 0, 37 ]
[ 1, 0, 0, 0, 18, 1, 0, -1, 2 ]
[ -1, 0, 0, 0, -1, 1, 0, 0, 37 ]
[ 1, 0, 0, 0, 37, 0, 0, -1, 1 ]
[ 1, 0, 1, 0, 1, 0, 0, 0, 37 ]
[ 37, 0, 0, 0, 1, 0, 1, 0, 1 ]
[ 1, -1, 0, 0, 1, 1, 0, 0, 37 ]
[ 1, -1, 0, 0, 37, 0, 0, 1, 1 ]
[ 1, 0, 1, -1, 1, 0, 0, 0, 37 ]
[ 37, 0, 0, -1, 1, 0, 1, 0, 1 ]
[ 1, 0, 1, -2, 1, 0, 0, 0, 37 ]
[ 37, 0, 0, -2, 1, 0, 1, 0, 1 ]
[ 1, -19, 0, 0, 37, 0, 0, -18, 1 ]
[ 2, -1, 0, -1, 1, 1, 0, 0, 37 ]
[ 2, -1, 0, -1, 19, 0, -1, 1, 1 ]
[ 1, -19, 0, 0, 1, 2, 0, 0, 37 ]
[ -1, 19, 0, 0, -18, 1, 0, 1, 2 ]
[ 0, 1, 2, -1, 19, 0, 0, 0, 37 ]
[ 1, -1, -1, 0, 1, 2, 0, 0, 37 ]
[ 1, -1, -1, -1, 19, 0, 0, 1, 2 ]
[ 1, 0, 1, -3, 1, 0, 0, 0, 37 ]
[ 37, 0, 0, -3, 1, 0, 1, 0, 1 ]
[ 1, 12, 0, 0, 37, 0, 0, -12, 1 ]
[ 3, -1, 0, 1, 0, 1, 0, 0, 37 ]
[ 3, -1, 0, 1, 12, 0, 1, 0, 1 ]
[ 1, 12, 0, 0, 1, 3, 0, 0, 37 ]
[ -1, -12, 0, 0, -12, 1, 0, 1, 3 ]
[ 0, -1, -3, 1, 12, 0, 0, 0, 37 ]
[ 1, 0, 1, 0, 1, 3, 0, 0, 37 ]
[ 1, 0, 1, 1, 12, 0, 0, 1, 3 ]
[ 1, 0, 1, -4, 1, 0, 0, 0, 37 ]
[ 37, 0, 0, -4, 1, 0, 1, 0, 1 ]
[ 1, 9, 0, 0, 37, 0, 0, -9, 1 ]
[ 4, -1, 0, 1, 0, 1, 0, 0, 37 ]
[ 4, -1, 0, 1, 9, 0, 1, 0, 1 ]
[ 1, 9, 0, 0, 1, 4, 0, 0, 37 ]
[ -1, -9, 0, 0, -9, 1, 0, 1, 4 ]
[ 0, -1, -4, 1, 9, 0, 0, 0, 37 ]
[ 1, 0, 1, 0, 1, 4, 0, 0, 37 ]
[ 1, 0, 1, 1, 9, 0, 0, 1, 4 ]
[ 1, 0, 1, -5, 1, 0, 0, 0, 37 ]
[ 37, 0, 0, -5, 1, 0, 1, 0, 1 ]
[ 5, -1, 0, 1, 0, 1, 0, 0, 37 ]
[ 5, -1, 0, 2, 7, 0, 1, 0, 1 ]
[ 1, 22, 0, 0, 37, 0, 0, 15, 1 ]
[ 2, 7, 0, 1, 22, 0, -1, -7, 1 ]
[ 1, 0, 1, 0, 1, 5, 0, 0, 37 ]
[ 1, 0, 1, 2, 7, 0, 0, 1, 5 ]
[ 1, 22, 0, 0, 15, 1, 0, -7, 2 ]
[ 1, 7, -1, 1, 22, 0, 0, -7, 2 ]
[ 0, 1, 5, -1, -7, 1, 0, 0, 37 ]
[ -2, -7, 0, -1, -7, 1, 0, 1, 5 ]
[ -1, -4, -21, 2, 7, 0, 0, 0, 37 ]
[ 0, -1, -5, 1, 4, 21, 0, 0, 37 ]
[ 0, -1, -5, 2, 7, 0, 1, 4, 21 ]
[ 1, 22, 0, 0, 1, 5, 0, 0, 37 ]
[ -1, -22, 0, 0, -7, 2, 0, 1, 5 ]
[ 0, -1, -5, 1, 22, 0, 0, 0, 37 ]
[ 0, -7, 2, 1, 22, 0, 0, 1, 5 ]
[ 1, 7, -1, 0, 1, 5, 0, 0, 37 ]
[ -1, -7, 1, 0, -7, 2, 0, 1, 5 ]
[ 1, 4, 21, 0, 1, 5, 0, 0, 37 ]
[ 2, 7, 0, 1, 4, 21, 0, 0, 37 ]
[ 2, 7, 0, 0, 1, 5, 1, 4, 21 ]
[ 1, 0, 1, -6, 1, 0, 0, 0, 37 ]
[ 37, 0, 0, -6, 1, 0, 1, 0, 1 ]
[ 1, 6, 0, 0, 37, 0, 0, -6, 1 ]
[ 6, -1, 0, 1, 0, 1, 0, 0, 37 ]
[ 6, -1, 0, 1, 6, 0, 1, 0, 1 ]
[ 1, 6, 0, 0, 1, 6, 0, 0, 37 ]
[ -1, -6, 0, 0, -6, 1, 0, 1, 6 ]
[ 0, -1, -6, 1, 6, 0, 0, 0, 37 ]
[ 1, 0, 1, 0, 1, 6, 0, 0, 37 ]
[ 1, 0, 1, 1, 6, 0, 0, 1, 6 ]
[ 1, 0, 1, -7, 1, 0, 0, 0, 37 ]
[ 37, 0, 0, -7, 1, 0, 1, 0, 1 ]
[ 7, -1, 0, 1, 0, 1, 0, 0, 37 ]
[ 7, -1, 0, 2, 5, 0, 1, 0, 1 ]
[ 1, 21, 0, 0, 37, 0, 0, 16, 1 ]
[ 2, 5, 0, 1, 21, 0, -1, -5, 1 ]
[ 1, 0, 1, 0, 1, 7, 0, 0, 37 ]
[ 1, 0, 1, 2, 5, 0, 0, 1, 7 ]
[ 1, 21, 0, 0, 16, 1, 0, -5, 2 ]
[ 1, 5, -1, 1, 21, 0, 0, -5, 2 ]
[ 0, 1, 7, -1, -5, 1, 0, 0, 37 ]
[ -2, -5, 0, -1, -5, 1, 0, 1, 7 ]
[ -1, -3, -22, 2, 5, 0, 0, 0, 37 ]
[ 0, -1, -7, 1, 3, 22, 0, 0, 37 ]
[ 0, -1, -7, 2, 5, 0, 1, 3, 22 ]
[ 1, 21, 0, 0, 1, 7, 0, 0, 37 ]
[ -1, -21, 0, 0, -5, 2, 0, 1, 7 ]
[ 0, -1, -7, 1, 21, 0, 0, 0, 37 ]
[ 0, -5, 2, 1, 21, 0, 0, 1, 7 ]
[ 1, 5, -1, 0, 1, 7, 0, 0, 37 ]
[ -1, -5, 1, 0, -5, 2, 0, 1, 7 ]
[ 1, 3, 22, 0, 1, 7, 0, 0, 37 ]
[ 2, 5, 0, 1, 3, 22, 0, 0, 37 ]
[ 2, 5, 0, 0, 1, 7, 1, 3, 22 ]
[ 1, 0, 1, -8, 1, 0, 0, 0, 37 ]
[ 37, 0, 0, -8, 1, 0, 1, 0, 1 ]
[ 8, -1, 0, 1, 0, 1, 0, 0, 37 ]
[ 8, -1, 0, -3, 5, 0, 1, 0, 1 ]
[ 1, -14, 0, 0, 37, 0, 0, 14, 1 ]
[ 3, -5, 0, -1, 14, 0, 1, 0, 1 ]
[ 1, 0, 1, -1, 1, 7, 0, 0, 37 ]
[ 1, 0, 1, -3, 5, 0, -1, 1, 7 ]
[ 1, -14, 0, 0, 14, 1, 0, 5, 3 ]
[ 1, 0, 1, -1, 14, 0, 0, 5, 3 ]
[ 1, -1, -7, 1, 0, 1, 0, 0, 37 ]
[ 3, -5, 0, 1, 0, 1, -1, 1, 7 ]
[ 2, -3, -22, -3, 5, 0, 0, 0, 37 ]
[ 1, -1, -7, -2, 3, 22, 0, 0, 37 ]
[ 1, -1, -7, -3, 5, 0, -2, 3, 22 ]
[ 1, -14, 0, 0, 1, 8, 0, 0, 37 ]
[ 1, -14, 0, 0, 5, 3, 0, 1, 8 ]
[ 0, 1, 8, -1, 14, 0, 0, 0, 37 ]
[ 0, 5, 3, -1, 14, 0, 0, 1, 8 ]
[ 1, 0, 1, 0, 1, 8, 0, 0, 37 ]
[ 1, 0, 1, 0, 5, 3, 0, 1, 8 ]
[ -2, 3, 22, -1, 1, 7, 0, 0, 37 ]
[ -3, 5, 0, -2, 3, 22, 0, 0, 37 ]
[ -3, 5, 0, -1, 1, 7, -2, 3, 22 ]
[ 1, 0, 1, -9, 1, 0, 0, 0, 37 ]
[ 37, 0, 0, -9, 1, 0, 1, 0, 1 ]
[ 1, 4, 0, 0, 37, 0, 0, -4, 1 ]
[ 9, -1, 0, 1, 0, 1, 0, 0, 37 ]
[ 9, -1, 0, 1, 4, 0, 1, 0, 1 ]
[ 1, 4, 0, 0, 1, 9, 0, 0, 37 ]
[ -1, -4, 0, 0, -4, 1, 0, 1, 9 ]
[ 0, -1, -9, 1, 4, 0, 0, 0, 37 ]
[ 1, 0, 1, 0, 1, 9, 0, 0, 37 ]
[ 1, 0, 1, 1, 4, 0, 0, 1, 9 ]
[ 1, 0, 1, -10, 1, 0, 0, 0, 37 ]
[ 37, 0, 0, -10, 1, 0, 1, 0, 1 ]
[ 10, -1, 0, 1, 0, 1, 0, 0, 37 ]
[ 10, -1, 0, -3, 4, 0, 1, 0, 1 ]
[ 1, 11, 0, 0, 37, 0, 0, -11, 1 ]
[ 3, -4, 0, 1, 11, 0, 1, 0, 1 ]
[ 1, -1, -9, -3, 4, 0, 0, 0, 37 ]
[ 1, 0, 1, -1, 1, 9, 0, 0, 37 ]
[ 1, 0, 1, -3, 4, 0, -1, 1, 9 ]
[ -1, -11, 0, 0, -11, 1, 0, 4, 3 ]
[ 1, 0, 1, 1, 11, 0, 0, 4, 3 ]
[ 1, -1, -9, 1, 0, 1, 0, 0, 37 ]
[ -3, 4, 0, -1, 1, 9, 0, 0, 37 ]
[ 3, -4, 0, 1, 0, 1, -1, 1, 9 ]
[ 1, 11, 0, 0, 1, 10, 0, 0, 37 ]
[ 1, 11, 0, 0, 4, 3, 0, 1, 10 ]
[ 0, -1, -10, 1, 11, 0, 0, 0, 37 ]
[ 0, -4, -3, 1, 11, 0, 0, 1, 10 ]
[ 1, 0, 1, 0, 1, 10, 0, 0, 37 ]
[ 1, 0, 1, 0, 4, 3, 0, 1, 10 ]
[ 1, 0, 1, -11, 1, 0, 0, 0, 37 ]
[ 37, 0, 0, -11, 1, 0, 1, 0, 1 ]
[ 11, -1, 0, 1, 0, 1, 0, 0, 37 ]
[ 11, -1, 0, 4, 3, 0, 1, 0, 1 ]
[ 1, 10, 0, 0, 37, 0, 0, -10, 1 ]
[ 4, 3, 0, 1, 10, 0, 1, 0, 1 ]
[ -1, -1, -12, 4, 3, 0, 0, 0, 37 ]
[ 1, 0, 1, 1, 1, 12, 0, 0, 37 ]
[ 1, 0, 1, 4, 3, 0, 1, 1, 12 ]
[ -1, -10, 0, 0, -10, 1, 0, -3, 4 ]
[ 1, 0, 1, 1, 10, 0, 0, -3, 4 ]
[ -1, -1, -12, 1, 0, 1, 0, 0, 37 ]
[ 4, 3, 0, 1, 1, 12, 0, 0, 37 ]
[ -4, -3, 0, 1, 0, 1, 1, 1, 12 ]
[ 1, 10, 0, 0, 1, 11, 0, 0, 37 ]
[ -1, -10, 0, 0, -3, 4, 0, 1, 11 ]
[ 0, -1, -11, 1, 10, 0, 0, 0, 37 ]
[ 0, -3, 4, 1, 10, 0, 0, 1, 11 ]
[ 1, 0, 1, 0, 1, 11, 0, 0, 37 ]
[ -1, 0, -1, 0, -3, 4, 0, 1, 11 ]
[ 1, 0, 1, -12, 1, 0, 0, 0, 37 ]
[ 37, 0, 0, -12, 1, 0, 1, 0, 1 ]
[ 1, 3, 0, 0, 37, 0, 0, -3, 1 ]
[ 12, -1, 0, 1, 0, 1, 0, 0, 37 ]
[ 12, -1, 0, 1, 3, 0, 1, 0, 1 ]
[ 1, 3, 0, 0, 1, 12, 0, 0, 37 ]
[ -1, -3, 0, 0, -3, 1, 0, 1, 12 ]
[ 0, -1, -12, 1, 3, 0, 0, 0, 37 ]
[ 1, 0, 1, 0, 1, 12, 0, 0, 37 ]
[ 1, 0, 1, 1, 3, 0, 0, 1, 12 ]
[ 1, 0, 1, -13, 1, 0, 0, 0, 37 ]
[ 37, 0, 0, -13, 1, 0, 1, 0, 1 ]
[ 13, -1, 0, 1, 0, 1, 0, 0, 37 ]
[ 13, -1, 0, -2, 3, 0, 1, 0, 1 ]
[ 1, -20, 0, 0, 37, 0, 0, -17, 1 ]
[ 2, -3, 0, -1, 20, 0, -1, 3, 1 ]
[ 1, -1, -12, -2, 3, 0, 0, 0, 37 ]
[ 1, 0, 1, -1, 1, 12, 0, 0, 37 ]
[ 1, 0, 1, -2, 3, 0, -1, 1, 12 ]
[ -1, 20, 0, 0, -17, 1, 0, 3, 2 ]
[ 1, -3, -1, -1, 20, 0, 0, 3, 2 ]
[ 1, -2, 12, -1, 3, 1, 0, 0, 37 ]
[ -2, 3, 0, 1, -2, 12, 0, 0, 37 ]
[ 2, -3, 0, -1, 3, 1, 1, -2, 12 ]
[ 1, -20, 0, 0, 1, 13, 0, 0, 37 ]
[ 1, -20, 0, 0, 3, 2, 0, 1, 13 ]
[ 0, 1, 13, -1, 20, 0, 0, 0, 37 ]
[ 0, 3, 2, -1, 20, 0, 0, 1, 13 ]
[ 1, -3, -1, 0, 1, 13, 0, 0, 37 ]
[ 1, -3, -1, 0, 3, 2, 0, 1, 13 ]
[ 1, 0, 1, -14, 1, 0, 0, 0, 37 ]
[ 37, 0, 0, -14, 1, 0, 1, 0, 1 ]
[ 14, -1, 0, 1, 0, 1, 0, 0, 37 ]
[ 14, -1, 0, -5, 3, 0, 1, 0, 1 ]
[ 1, -8, 0, 0, 37, 0, 0, 8, 1 ]
[ 5, -3, 0, -1, 8, 0, 1, 0, 1 ]
[ 2, -1, -12, -5, 3, 0, 0, 0, 37 ]
[ 1, 0, 1, -2, 1, 12, 0, 0, 37 ]
[ 1, 0, 1, -5, 3, 0, -2, 1, 12 ]
[ 1, -8, 0, 0, 8, 1, 0, 3, 5 ]
[ 1, 0, 1, -1, 8, 0, 0, 3, 5 ]
[ 2, -1, -12, 1, 0, 1, 0, 0, 37 ]
[ -5, 3, 0, -2, 1, 12, 0, 0, 37 ]
[ 5, -3, 0, 1, 0, 1, -2, 1, 12 ]
[ 1, -8, 0, 0, 1, 14, 0, 0, 37 ]
[ 1, -8, 0, 0, 3, 5, 0, 1, 14 ]
[ 0, 1, 14, -1, 8, 0, 0, 0, 37 ]
[ 0, 3, 5, -1, 8, 0, 0, 1, 14 ]
[ 1, 0, 1, 0, 1, 14, 0, 0, 37 ]
[ 1, 0, 1, 0, 3, 5, 0, 1, 14 ]
[ 1, 0, 1, -15, 1, 0, 0, 0, 37 ]
[ 37, 0, 0, -15, 1, 0, 1, 0, 1 ]
[ 15, -1, 0, 1, 0, 1, 0, 0, 37 ]
[ 15, -1, 0, 7, 2, 0, 1, 0, 1 ]
[ 1, -5, 0, 0, 37, 0, 0, 5, 1 ]
[ 7, 2, 0, -1, 5, 0, 1, 0, 1 ]
[ 4, 1, 19, 7, 2, 0, 0, 0, 37 ]
[ 1, 0, 1, 4, 1, 19, 0, 0, 37 ]
[ 1, 0, 1, 7, 2, 0, 4, 1, 19 ]
[ 1, -5, 0, 0, 5, 1, 0, -2, 7 ]
[ 1, 0, 1, -1, 5, 0, 0, -2, 7 ]
[ -4, -1, -19, 1, 0, 1, 0, 0, 37 ]
[ -7, -2, 0, 4, 1, 19, 0, 0, 37 ]
[ -7, -2, 0, 1, 0, 1, 4, 1, 19 ]
[ -1, 5, 0, 0, -1, 22, 0, 0, 37 ]
[ -1, 5, 0, 0, -2, 7, 0, -1, 22 ]
[ 0, 1, -22, -1, 5, 0, 0, 0, 37 ]
[ 0, 2, -7, -1, 5, 0, 0, -1, 22 ]
[ -1, 0, -1, 0, -1, 22, 0, 0, 37 ]
[ -1, 0, -1, 0, -2, 7, 0, -1, 22 ]
[ 1, 0, 1, -16, 1, 0, 0, 0, 37 ]
[ 37, 0, 0, -16, 1, 0, 1, 0, 1 ]
[ 16, -1, 0, 1, 0, 1, 0, 0, 37 ]
[ 16, -1, 0, 5, 2, 0, 1, 0, 1 ]
[ 1, -7, 0, 0, 37, 0, 0, 7, 1 ]
[ 5, 2, 0, -1, 7, 0, 1, 0, 1 ]
[ 3, 1, 19, 5, 2, 0, 0, 0, 37 ]
[ 1, 0, 1, 3, 1, 19, 0, 0, 37 ]
[ 1, 0, 1, 5, 2, 0, 3, 1, 19 ]
[ 1, -7, 0, 0, 7, 1, 0, -2, 5 ]
[ 1, 0, 1, -1, 7, 0, 0, -2, 5 ]
[ -3, -1, -19, 1, 0, 1, 0, 0, 37 ]
[ -5, -2, 0, 3, 1, 19, 0, 0, 37 ]
[ -5, -2, 0, 1, 0, 1, 3, 1, 19 ]
[ -1, 7, 0, 0, -1, 21, 0, 0, 37 ]
[ -1, 7, 0, 0, -2, 5, 0, -1, 21 ]
[ 0, 1, -21, -1, 7, 0, 0, 0, 37 ]
[ 0, 2, -5, -1, 7, 0, 0, -1, 21 ]
[ -1, 0, -1, 0, -1, 21, 0, 0, 37 ]
[ -1, 0, -1, 0, -2, 5, 0, -1, 21 ]
[ 1, 0, 1, -17, 1, 0, 0, 0, 37 ]
[ 37, 0, 0, -17, 1, 0, 1, 0, 1 ]
[ 17, -1, 0, 1, 0, 1, 0, 0, 37 ]
[ 17, -1, 0, 3, 2, 0, 1, 0, 1 ]
[ 1, 13, 0, 0, 37, 0, 0, -13, 1 ]
[ 3, 2, 0, 1, 13, 0, 1, 0, 1 ]
[ 2, 1, 19, 3, 2, 0, 0, 0, 37 ]
[ 1, 0, 1, 2, 1, 19, 0, 0, 37 ]
[ 1, 0, 1, 3, 2, 0, 2, 1, 19 ]
[ -1, -13, 0, 0, -13, 1, 0, -2, 3 ]
[ 1, 0, 1, 1, 13, 0, 0, -2, 3 ]
[ -2, -1, -19, 1, 0, 1, 0, 0, 37 ]
[ -3, -2, 0, 2, 1, 19, 0, 0, 37 ]
[ -3, -2, 0, 1, 0, 1, 2, 1, 19 ]
[ -1, -13, 0, 0, -1, 20, 0, 0, 37 ]
[ -1, -13, 0, 0, -2, 3, 0, -1, 20 ]
[ 0, -1, 20, 1, 13, 0, 0, 0, 37 ]
[ 0, -2, 3, 1, 13, 0, 0, -1, 20 ]
[ -1, 0, -1, 0, -1, 20, 0, 0, 37 ]
[ -1, 0, -1, 0, -2, 3, 0, -1, 20 ]
[ 1, 0, 1, -18, 1, 0, 0, 0, 37 ]
[ 37, 0, 0, -18, 1, 0, 1, 0, 1 ]
[ 1, 2, 0, 0, 37, 0, 0, -2, 1 ]
[ 18, -1, 0, 1, 0, 1, 0, 0, 37 ]
[ 18, -1, 0, 1, 2, 0, 1, 0, 1 ]
[ -1, -2, 0, 0, -1, 19, 0, 0, 37 ]
[ -1, -2, 0, 0, -2, 1, 0, -1, 19 ]
[ 1, 1, 19, 1, 2, 0, 0, 0, 37 ]
[ 1, 0, 1, 1, 1, 19, 0, 0, 37 ]
[ 1, 0, 1, 1, 2, 0, 1, 1, 19 ]
[ 1, 0, 1, 18, 1, 0, 0, 0, 37 ]
[ 37, 0, 0, 18, 1, 0, 1, 0, 1 ]
[ 1, -2, 0, 0, 37, 0, 0, 2, 1 ]
[ -18, -1, 0, 1, 0, 1, 0, 0, 37 ]
[ 18, 1, 0, -1, 2, 0, 1, 0, 1 ]
[ 1, -2, 0, 0, 1, 19, 0, 0, 37 ]
[ 1, -2, 0, 0, 2, 1, 0, 1, 19 ]
[ 0, 1, 19, -1, 2, 0, 0, 0, 37 ]
[ 1, 0, 1, 0, 1, 19, 0, 0, 37 ]
[ 1, 0, 1, -1, 2, 0, 0, 1, 19 ]
[ 1, 0, 1, 17, 1, 0, 0, 0, 37 ]
[ 37, 0, 0, 17, 1, 0, 1, 0, 1 ]
[ -17, -1, 0, 1, 0, 1, 0, 0, 37 ]
[ 17, 1, 0, -3, 2, 0, 1, 0, 1 ]
[ 1, -13, 0, 0, 37, 0, 0, 13, 1 ]
[ 3, -2, 0, -1, 13, 0, 1, 0, 1 ]
[ -1, 1, 19, -3, 2, 0, 0, 0, 37 ]
[ 1, 0, 1, -1, 1, 19, 0, 0, 37 ]
[ 1, 0, 1, -3, 2, 0, -1, 1, 19 ]
[ 1, -13, 0, 0, 13, 1, 0, 2, 3 ]
[ 1, 0, 1, -1, 13, 0, 0, 2, 3 ]
[ 1, -1, -19, 1, 0, 1, 0, 0, 37 ]
[ 3, -2, 0, -1, 1, 19, 0, 0, 37 ]
[ 3, -2, 0, 1, 0, 1, -1, 1, 19 ]
[ 1, -13, 0, 0, 1, 20, 0, 0, 37 ]
[ 1, -13, 0, 0, 2, 3, 0, 1, 20 ]
[ 0, 1, 20, -1, 13, 0, 0, 0, 37 ]
[ 0, 2, 3, -1, 13, 0, 0, 1, 20 ]
[ 1, 0, 1, 0, 1, 20, 0, 0, 37 ]
[ 1, 0, 1, 0, 2, 3, 0, 1, 20 ]
[ 1, 0, 1, 16, 1, 0, 0, 0, 37 ]
[ 37, 0, 0, 16, 1, 0, 1, 0, 1 ]
[ -16, -1, 0, 1, 0, 1, 0, 0, 37 ]
[ 16, 1, 0, -5, 2, 0, 1, 0, 1 ]
[ 1, 7, 0, 0, 37, 0, 0, -7, 1 ]
[ 5, -2, 0, 1, 7, 0, 1, 0, 1 ]
[ -2, 1, 19, -5, 2, 0, 0, 0, 37 ]
[ 1, 0, 1, -2, 1, 19, 0, 0, 37 ]
[ 1, 0, 1, -5, 2, 0, -2, 1, 19 ]
[ -1, -7, 0, 0, -7, 1, 0, 2, 5 ]
[ 1, 0, 1, 1, 7, 0, 0, 2, 5 ]
[ 2, -1, -19, 1, 0, 1, 0, 0, 37 ]
[ 5, -2, 0, -2, 1, 19, 0, 0, 37 ]
[ 5, -2, 0, 1, 0, 1, -2, 1, 19 ]
[ 1, 7, 0, 0, 1, 21, 0, 0, 37 ]
[ 1, 7, 0, 0, 2, 5, 0, 1, 21 ]
[ 0, -1, -21, 1, 7, 0, 0, 0, 37 ]
[ 0, -2, -5, 1, 7, 0, 0, 1, 21 ]
[ 1, 0, 1, 0, 1, 21, 0, 0, 37 ]
[ 1, 0, 1, 0, 2, 5, 0, 1, 21 ]
[ 1, 0, 1, 15, 1, 0, 0, 0, 37 ]
[ 37, 0, 0, 15, 1, 0, 1, 0, 1 ]
[ -15, -1, 0, 1, 0, 1, 0, 0, 37 ]
[ 15, 1, 0, -7, 2, 0, 1, 0, 1 ]
[ 1, 5, 0, 0, 37, 0, 0, -5, 1 ]
[ 7, -2, 0, 1, 5, 0, 1, 0, 1 ]
[ -3, 1, 19, -7, 2, 0, 0, 0, 37 ]
[ 1, 0, 1, -3, 1, 19, 0, 0, 37 ]
[ 1, 0, 1, -7, 2, 0, -3, 1, 19 ]
[ -1, -5, 0, 0, -5, 1, 0, 2, 7 ]
[ 1, 0, 1, 1, 5, 0, 0, 2, 7 ]
[ 3, -1, -19, 1, 0, 1, 0, 0, 37 ]
[ 7, -2, 0, -3, 1, 19, 0, 0, 37 ]
[ 7, -2, 0, 1, 0, 1, -3, 1, 19 ]
[ 1, 5, 0, 0, 1, 22, 0, 0, 37 ]
[ 1, 5, 0, 0, 2, 7, 0, 1, 22 ]
[ 0, -1, -22, 1, 5, 0, 0, 0, 37 ]
[ 0, -2, -7, 1, 5, 0, 0, 1, 22 ]
[ 1, 0, 1, 0, 1, 22, 0, 0, 37 ]
[ 1, 0, 1, 0, 2, 7, 0, 1, 22 ]
[ 1, 0, 1, 14, 1, 0, 0, 0, 37 ]
[ 37, 0, 0, 14, 1, 0, 1, 0, 1 ]
[ -14, -1, 0, 1, 0, 1, 0, 0, 37 ]
[ 14, 1, 0, 5, 3, 0, 1, 0, 1 ]
[ 1, 8, 0, 0, 37, 0, 0, -8, 1 ]
[ 5, 3, 0, 1, 8, 0, 1, 0, 1 ]
[ 2, 1, -12, 5, 3, 0, 0, 0, 37 ]
[ -1, 0, -1, -2, -1, 12, 0, 0, 37 ]
[ 1, 0, 1, 5, 3, 0, -2, -1, 12 ]
[ -1, -8, 0, 0, -8, 1, 0, -3, 5 ]
[ 1, 0, 1, 1, 8, 0, 0, -3, 5 ]
[ -2, -1, 12, 1, 0, 1, 0, 0, 37 ]
[ 5, 3, 0, -2, -1, 12, 0, 0, 37 ]
[ -5, -3, 0, 1, 0, 1, -2, -1, 12 ]
[ -1, -8, 0, 0, -1, 14, 0, 0, 37 ]
[ -1, -8, 0, 0, -3, 5, 0, -1, 14 ]
[ 0, -1, 14, 1, 8, 0, 0, 0, 37 ]
[ 0, -3, 5, 1, 8, 0, 0, -1, 14 ]
[ -1, 0, -1, 0, -1, 14, 0, 0, 37 ]
[ -1, 0, -1, 0, -3, 5, 0, -1, 14 ]
[ 1, 0, 1, 13, 1, 0, 0, 0, 37 ]
[ 37, 0, 0, 13, 1, 0, 1, 0, 1 ]
[ -13, -1, 0, 1, 0, 1, 0, 0, 37 ]
[ 13, 1, 0, 2, 3, 0, 1, 0, 1 ]
[ 1, 20, 0, 0, 37, 0, 0, 17, 1 ]
[ 2, 3, 0, 1, 20, 0, -1, -3, 1 ]
[ 1, 1, -12, 2, 3, 0, 0, 0, 37 ]
[ -1, 0, -1, -1, -1, 12, 0, 0, 37 ]
[ 1, 0, 1, 2, 3, 0, -1, -1, 12 ]
[ 1, 20, 0, 0, 17, 1, 0, -3, 2 ]
[ 1, 3, -1, 1, 20, 0, 0, -3, 2 ]
[ -1, -2, -12, -1, -3, 1, 0, 0, 37 ]
[ 2, 3, 0, 1, 2, 12, 0, 0, 37 ]
[ -2, -3, 0, -1, -3, 1, 1, 2, 12 ]
[ -1, -20, 0, 0, -1, 13, 0, 0, 37 ]
[ -1, -20, 0, 0, -3, 2, 0, -1, 13 ]
[ 0, -1, 13, 1, 20, 0, 0, 0, 37 ]
[ 0, -3, 2, 1, 20, 0, 0, -1, 13 ]
[ -1, -3, 1, 0, -1, 13, 0, 0, 37 ]
[ -1, -3, 1, 0, -3, 2, 0, -1, 13 ]
[ 1, 0, 1, 12, 1, 0, 0, 0, 37 ]
[ 37, 0, 0, 12, 1, 0, 1, 0, 1 ]
[ 1, -3, 0, 0, 37, 0, 0, 3, 1 ]
[ -12, -1, 0, 1, 0, 1, 0, 0, 37 ]
[ 12, 1, 0, -1, 3, 0, 1, 0, 1 ]
[ -1, 3, 0, 0, -1, 12, 0, 0, 37 ]
[ 1, -3, 0, 0, 3, 1, 0, -1, 12 ]
[ 0, 1, -12, -1, 3, 0, 0, 0, 37 ]
[ -1, 0, -1, 0, -1, 12, 0, 0, 37 ]
[ 1, 0, 1, -1, 3, 0, 0, -1, 12 ]
[ 1, 0, 1, 11, 1, 0, 0, 0, 37 ]
[ 37, 0, 0, 11, 1, 0, 1, 0, 1 ]
[ -11, -1, 0, 1, 0, 1, 0, 0, 37 ]
[ 11, 1, 0, -4, 3, 0, 1, 0, 1 ]
[ 1, -10, 0, 0, 37, 0, 0, 10, 1 ]
[ 4, -3, 0, -1, 10, 0, 1, 0, 1 ]
[ -1, 1, -12, -4, 3, 0, 0, 0, 37 ]
[ -1, 0, -1, 1, -1, 12, 0, 0, 37 ]
[ 1, 0, 1, -4, 3, 0, 1, -1, 12 ]
[ 1, -10, 0, 0, 10, 1, 0, 3, 4 ]
[ 1, 0, 1, -1, 10, 0, 0, 3, 4 ]
[ 1, -1, 12, 1, 0, 1, 0, 0, 37 ]
[ -4, 3, 0, 1, -1, 12, 0, 0, 37 ]
[ 4, -3, 0, 1, 0, 1, 1, -1, 12 ]
[ -1, 10, 0, 0, -1, 11, 0, 0, 37 ]
[ 1, -10, 0, 0, 3, 4, 0, -1, 11 ]
[ 0, 1, -11, -1, 10, 0, 0, 0, 37 ]
[ 0, 3, 4, -1, 10, 0, 0, -1, 11 ]
[ -1, 0, -1, 0, -1, 11, 0, 0, 37 ]
[ 1, 0, 1, 0, 3, 4, 0, -1, 11 ]
[ 1, 0, 1, 10, 1, 0, 0, 0, 37 ]
[ 37, 0, 0, 10, 1, 0, 1, 0, 1 ]
[ -10, -1, 0, 1, 0, 1, 0, 0, 37 ]
[ 10, 1, 0, 3, 4, 0, 1, 0, 1 ]
[ 1, -11, 0, 0, 37, 0, 0, 11, 1 ]
[ 3, 4, 0, -1, 11, 0, 1, 0, 1 ]
[ 1, 1, -9, 3, 4, 0, 0, 0, 37 ]
[ -1, 0, -1, -1, -1, 9, 0, 0, 37 ]
[ 1, 0, 1, 3, 4, 0, -1, -1, 9 ]
[ 1, -11, 0, 0, 11, 1, 0, -4, 3 ]
[ 1, 0, 1, -1, 11, 0, 0, -4, 3 ]
[ -1, -1, 9, 1, 0, 1, 0, 0, 37 ]
[ 3, 4, 0, -1, -1, 9, 0, 0, 37 ]
[ -3, -4, 0, 1, 0, 1, -1, -1, 9 ]
[ -1, 11, 0, 0, -1, 10, 0, 0, 37 ]
[ -1, 11, 0, 0, -4, 3, 0, -1, 10 ]
[ 0, 1, -10, -1, 11, 0, 0, 0, 37 ]
[ 0, 4, -3, -1, 11, 0, 0, -1, 10 ]
[ -1, 0, -1, 0, -1, 10, 0, 0, 37 ]
[ -1, 0, -1, 0, -4, 3, 0, -1, 10 ]
[ 1, 0, 1, 9, 1, 0, 0, 0, 37 ]
[ 37, 0, 0, 9, 1, 0, 1, 0, 1 ]
[ 1, -4, 0, 0, 37, 0, 0, 4, 1 ]
[ -9, -1, 0, 1, 0, 1, 0, 0, 37 ]
[ 9, 1, 0, -1, 4, 0, 1, 0, 1 ]
[ -1, 4, 0, 0, -1, 9, 0, 0, 37 ]
[ 1, -4, 0, 0, 4, 1, 0, -1, 9 ]
[ 0, 1, -9, -1, 4, 0, 0, 0, 37 ]
[ -1, 0, -1, 0, -1, 9, 0, 0, 37 ]
[ 1, 0, 1, -1, 4, 0, 0, -1, 9 ]
[ 1, 0, 1, 8, 1, 0, 0, 0, 37 ]
[ 37, 0, 0, 8, 1, 0, 1, 0, 1 ]
[ -8, -1, 0, 1, 0, 1, 0, 0, 37 ]
[ 8, 1, 0, 3, 5, 0, 1, 0, 1 ]
[ 1, 14, 0, 0, 37, 0, 0, -14, 1 ]
[ 3, 5, 0, 1, 14, 0, 1, 0, 1 ]
[ -1, 0, -1, -1, -1, 7, 0, 0, 37 ]
[ 1, 0, 1, 3, 5, 0, -1, -1, 7 ]
[ -1, -14, 0, 0, -14, 1, 0, -5, 3 ]
[ 1, 0, 1, 1, 14, 0, 0, -5, 3 ]
[ -1, -1, 7, 1, 0, 1, 0, 0, 37 ]
[ -3, -5, 0, 1, 0, 1, -1, -1, 7 ]
[ -1, -2, -22, 3, 5, 0, 0, 0, 37 ]
[ 1, 1, -7, 1, 2, 22, 0, 0, 37 ]
[ 1, 1, -7, 3, 5, 0, 1, 2, 22 ]
[ -1, -14, 0, 0, -1, 8, 0, 0, 37 ]
[ -1, -14, 0, 0, -5, 3, 0, -1, 8 ]
[ 0, -1, 8, 1, 14, 0, 0, 0, 37 ]
[ 0, -5, 3, 1, 14, 0, 0, -1, 8 ]
[ -1, 0, -1, 0, -1, 8, 0, 0, 37 ]
[ -1, 0, -1, 0, -5, 3, 0, -1, 8 ]
[ 1, 2, 22, -1, -1, 7, 0, 0, 37 ]
[ 3, 5, 0, 1, 2, 22, 0, 0, 37 ]
[ 3, 5, 0, -1, -1, 7, 1, 2, 22 ]
[ 1, 0, 1, 7, 1, 0, 0, 0, 37 ]
[ 37, 0, 0, 7, 1, 0, 1, 0, 1 ]
[ -7, -1, 0, 1, 0, 1, 0, 0, 37 ]
[ 7, 1, 0, -2, 5, 0, 1, 0, 1 ]
[ 1, -21, 0, 0, 37, 0, 0, -16, 1 ]
[ 2, -5, 0, -1, 21, 0, -1, 5, 1 ]
[ -1, 0, -1, 0, -1, 7, 0, 0, 37 ]
[ 1, 0, 1, -2, 5, 0, 0, -1, 7 ]
[ -1, 21, 0, 0, -16, 1, 0, 5, 2 ]
[ 1, -5, -1, -1, 21, 0, 0, 5, 2 ]
[ 0, 1, -7, -1, 5, 1, 0, 0, 37 ]
[ 2, -5, 0, -1, 5, 1, 0, -1, 7 ]
[ 1, -2, -22, -2, 5, 0, 0, 0, 37 ]
[ 0, 1, -7, -1, 2, 22, 0, 0, 37 ]
[ 0, 1, -7, -2, 5, 0, -1, 2, 22 ]
[ -1, 21, 0, 0, -1, 7, 0, 0, 37 ]
[ 1, -21, 0, 0, 5, 2, 0, -1, 7 ]
[ 0, 1, -7, -1, 21, 0, 0, 0, 37 ]
[ 0, 5, 2, -1, 21, 0, 0, -1, 7 ]
[ -1, 5, 1, 0, -1, 7, 0, 0, 37 ]
[ 1, -5, -1, 0, 5, 2, 0, -1, 7 ]
[ -1, 2, 22, 0, -1, 7, 0, 0, 37 ]
[ -2, 5, 0, -1, 2, 22, 0, 0, 37 ]
[ -2, 5, 0, 0, -1, 7, -1, 2, 22 ]
[ 1, 0, 1, 6, 1, 0, 0, 0, 37 ]
[ 37, 0, 0, 6, 1, 0, 1, 0, 1 ]
[ 1, -6, 0, 0, 37, 0, 0, 6, 1 ]
[ -6, -1, 0, 1, 0, 1, 0, 0, 37 ]
[ 6, 1, 0, -1, 6, 0, 1, 0, 1 ]
[ -1, 6, 0, 0, -1, 6, 0, 0, 37 ]
[ 1, -6, 0, 0, 6, 1, 0, -1, 6 ]
[ 0, 1, -6, -1, 6, 0, 0, 0, 37 ]
[ -1, 0, -1, 0, -1, 6, 0, 0, 37 ]
[ 1, 0, 1, -1, 6, 0, 0, -1, 6 ]
[ 1, 0, 1, 5, 1, 0, 0, 0, 37 ]
[ 37, 0, 0, 5, 1, 0, 1, 0, 1 ]
[ -5, -1, 0, 1, 0, 1, 0, 0, 37 ]
[ 5, 1, 0, -2, 7, 0, 1, 0, 1 ]
[ 1, -22, 0, 0, 37, 0, 0, -15, 1 ]
[ 2, -7, 0, -1, 22, 0, -1, 7, 1 ]
[ -1, 0, -1, 0, -1, 5, 0, 0, 37 ]
[ 1, 0, 1, -2, 7, 0, 0, -1, 5 ]
[ -1, 22, 0, 0, -15, 1, 0, 7, 2 ]
[ 1, -7, -1, -1, 22, 0, 0, 7, 2 ]
[ 0, 1, -5, -1, 7, 1, 0, 0, 37 ]
[ 2, -7, 0, -1, 7, 1, 0, -1, 5 ]
[ 1, -3, -21, -2, 7, 0, 0, 0, 37 ]
[ 0, 1, -5, -1, 3, 21, 0, 0, 37 ]
[ 0, 1, -5, -2, 7, 0, -1, 3, 21 ]
[ -1, 22, 0, 0, -1, 5, 0, 0, 37 ]
[ 1, -22, 0, 0, 7, 2, 0, -1, 5 ]
[ 0, 1, -5, -1, 22, 0, 0, 0, 37 ]
[ 0, 7, 2, -1, 22, 0, 0, -1, 5 ]
[ -1, 7, 1, 0, -1, 5, 0, 0, 37 ]
[ 1, -7, -1, 0, 7, 2, 0, -1, 5 ]
[ -1, 3, 21, 0, -1, 5, 0, 0, 37 ]
[ -2, 7, 0, -1, 3, 21, 0, 0, 37 ]
[ -2, 7, 0, 0, -1, 5, -1, 3, 21 ]
[ 1, 0, 1, 4, 1, 0, 0, 0, 37 ]
[ 37, 0, 0, 4, 1, 0, 1, 0, 1 ]
[ 1, -9, 0, 0, 37, 0, 0, 9, 1 ]
[ -4, -1, 0, 1, 0, 1, 0, 0, 37 ]
[ 4, 1, 0, -1, 9, 0, 1, 0, 1 ]
[ -1, 9, 0, 0, -1, 4, 0, 0, 37 ]
[ 1, -9, 0, 0, 9, 1, 0, -1, 4 ]
[ 0, 1, -4, -1, 9, 0, 0, 0, 37 ]
[ -1, 0, -1, 0, -1, 4, 0, 0, 37 ]
[ 1, 0, 1, -1, 9, 0, 0, -1, 4 ]
[ 1, 0, 1, 3, 1, 0, 0, 0, 37 ]
[ 37, 0, 0, 3, 1, 0, 1, 0, 1 ]
[ 1, -12, 0, 0, 37, 0, 0, 12, 1 ]
[ -3, -1, 0, 1, 0, 1, 0, 0, 37 ]
[ 3, 1, 0, -1, 12, 0, 1, 0, 1 ]
[ -1, 12, 0, 0, -1, 3, 0, 0, 37 ]
[ 1, -12, 0, 0, 12, 1, 0, -1, 3 ]
[ 0, 1, -3, -1, 12, 0, 0, 0, 37 ]
[ -1, 0, -1, 0, -1, 3, 0, 0, 37 ]
[ 1, 0, 1, -1, 12, 0, 0, -1, 3 ]
[ 1, 0, 1, 2, 1, 0, 0, 0, 37 ]
[ 37, 0, 0, 2, 1, 0, 1, 0, 1 ]
[ 1, 19, 0, 0, 37, 0, 0, 18, 1 ]
[ -2, -1, 0, -1, -1, 1, 0, 0, 37 ]
[ 2, 1, 0, 1, 19, 0, -1, -1, 1 ]
[ -1, -19, 0, 0, -1, 2, 0, 0, 37 ]
[ 1, 19, 0, 0, 18, 1, 0, -1, 2 ]
[ 0, -1, 2, 1, 19, 0, 0, 0, 37 ]
[ -1, -1, 1, 0, -1, 2, 0, 0, 37 ]
[ 1, 1, -1, 1, 19, 0, 0, -1, 2 ]
[ -1, -1, 0, 0, -1, 1, 0, 0, 37 ]
[ 1, 1, 0, 0, 37, 0, 0, -1, 1 ]
[ 1, 0, 1, 1, 1, 0, 0, 0, 37 ]
[ 37, 0, 0, 1, 1, 0, 1, 0, 1 ]
[ 37, 0, 0, 0, 1, 0, -18, 0, 1 ]
[ 1, 0, 2, 0, 1, 0, 0, 0, 37 ]
[ 18, 0, -1, 0, 1, 0, 1, 0, 2 ]
[ 37, 0, 0, 18, 1, 0, -18, 0, 1 ]
[ 1, -2, 0, 0, 1, 1, 0, 0, 37 ]
[ 1, -2, 0, 0, 37, 0, 0, 1, 1 ]
[ 0, 1, 1, -1, 2, 0, 0, 0, 37 ]
[ 18, 1, 0, -1, 2, 0, 0, 1, 1 ]
[ 1, 0, 2, 18, 1, 0, 0, 0, 37 ]
[ 18, 0, -1, 18, 1, 0, 1, 0, 2 ]
[ 1, 0, 2, 0, 1, 1, 0, 0, 37 ]
[ -18, -1, 0, 1, 0, 2, 0, 0, 37 ]
[ 18, 1, 0, 0, 1, 1, 1, 0, 2 ]
[ 1, -1, 0, 0, 37, 0, 0, -18, 1 ]
[ 37, 0, 0, -1, 1, 0, -18, 0, 1 ]
[ 1, -1, 0, 0, 1, 2, 0, 0, 37 ]
[ -1, 1, 0, 0, -18, 1, 0, 1, 2 ]
[ 1, 0, 2, -1, 1, 0, 0, 0, 37 ]
[ 18, 0, -1, -1, 1, 0, 1, 0, 2 ]
[ 37, 0, 0, 17, 1, 0, -18, 0, 1 ]
[ -1, 1, 1, -3, 2, 0, 0, 0, 37 ]
[ 17, 1, 0, -3, 2, 0, -1, 1, 1 ]
[ 1, 0, 2, 17, 1, 0, 0, 0, 37 ]
[ 18, 0, -1, 17, 1, 0, 1, 0, 2 ]
[ 1, -13, 0, 0, 37, 0, 0, -12, 1 ]
[ 3, -2, 0, -1, 1, 1, 0, 0, 37 ]
[ 3, -2, 0, -1, 13, 0, -1, 1, 1 ]
[ 1, 0, 2, -1, 1, 1, 0, 0, 37 ]
[ -17, -1, 0, 1, 0, 2, 0, 0, 37 ]
[ 17, 1, 0, -1, 1, 1, 1, 0, 2 ]
[ 1, -13, 0, 0, 1, 3, 0, 0, 37 ]
[ -1, 13, 0, 0, -12, 1, 0, 1, 3 ]
[ 0, 1, 3, -1, 13, 0, 0, 0, 37 ]
[ 1, -1, -1, 0, 1, 3, 0, 0, 37 ]
[ 1, -1, -1, -1, 13, 0, 0, 1, 3 ]
[ 37, 0, 0, -2, 1, 0, -18, 0, 1 ]
[ 1, -19, 0, 0, 37, 0, 0, -9, 1 ]
[ 2, -1, 0, -1, 19, 0, 0, -9, 1 ]
[ 1, 0, 2, -2, 1, 0, 0, 0, 37 ]
[ 18, 0, -1, -2, 1, 0, 1, 0, 2 ]
[ 1, -19, 0, 0, 1, 4, 0, 0, 37 ]
[ -1, 19, 0, 0, -9, 1, 0, 1, 4 ]
[ 0, 1, 4, -1, 19, 0, 0, 0, 37 ]
[ 0, 9, -1, -1, 19, 0, 0, 1, 4 ]
[ 2, -1, 0, -1, 1, 2, 0, 0, 37 ]
[ -2, 1, 0, 0, -9, 1, -1, 1, 2 ]
[ 1, -1, -2, 0, 1, 4, 0, 0, 37 ]
[ -1, 1, 2, 0, -9, 1, 0, 1, 4 ]
[ 37, 0, 0, 16, 1, 0, -18, 0, 1 ]
[ -2, 1, 1, -5, 2, 0, 0, 0, 37 ]
[ 16, 1, 0, -5, 2, 0, -2, 1, 1 ]
[ 1, 0, 2, 16, 1, 0, 0, 0, 37 ]
[ 18, 0, -1, 16, 1, 0, 1, 0, 2 ]
[ 1, 7, 0, 0, 37, 0, 0, 15, 1 ]
[ 5, -2, 0, -2, 1, 1, 0, 0, 37 ]
[ 5, -2, 0, 1, 7, 0, -2, 1, 1 ]
[ 1, 0, 2, -2, 1, 1, 0, 0, 37 ]
[ -16, -1, 0, 1, 0, 2, 0, 0, 37 ]
[ 16, 1, 0, -2, 1, 1, 1, 0, 2 ]
[ 1, 7, 0, 0, 15, 1, 0, -7, 2 ]
[ 2, -1, -1, 1, 0, 2, 0, 0, 37 ]
[ 2, -1, -1, 1, 7, 0, 1, 0, 2 ]
[ 1, 7, 0, 0, 1, 5, 0, 0, 37 ]
[ -1, -7, 0, 0, -7, 2, 0, 1, 5 ]
[ 0, -1, -5, 1, 7, 0, 0, 0, 37 ]
[ 1, 0, 2, 0, 1, 5, 0, 0, 37 ]
[ 1, 0, 2, 1, 7, 0, 0, 1, 5 ]
[ 37, 0, 0, -3, 1, 0, -18, 0, 1 ]
[ 1, 12, 0, 0, 37, 0, 0, -6, 1 ]
[ 3, -1, 0, 1, 12, 0, 0, -6, 1 ]
[ 1, 0, 2, -3, 1, 0, 0, 0, 37 ]
[ 18, 0, -1, -3, 1, 0, 1, 0, 2 ]
[ 1, 12, 0, 0, 1, 6, 0, 0, 37 ]
[ -1, -12, 0, 0, -6, 1, 0, 1, 6 ]
[ 0, -1, -6, 1, 12, 0, 0, 0, 37 ]
[ 0, -6, 1, 1, 12, 0, 0, 1, 6 ]
[ 3, -1, 0, 1, 0, 2, 0, 0, 37 ]
[ -3, 1, 0, 0, -6, 1, 1, 0, 2 ]
[ 1, 0, 2, 0, 1, 6, 0, 0, 37 ]
[ -1, 0, -2, 0, -6, 1, 0, 1, 6 ]
[ 37, 0, 0, 15, 1, 0, -18, 0, 1 ]
[ -3, 1, 1, -7, 2, 0, 0, 0, 37 ]
[ 15, 1, 0, -7, 2, 0, -3, 1, 1 ]
[ 1, 0, 2, 15, 1, 0, 0, 0, 37 ]
[ 18, 0, -1, 15, 1, 0, 1, 0, 2 ]
[ 1, 5, 0, 0, 37, 0, 0, 16, 1 ]
[ 7, -2, 0, -3, 1, 1, 0, 0, 37 ]
[ 7, -2, 0, 1, 5, 0, -3, 1, 1 ]
[ 1, 0, 2, -3, 1, 1, 0, 0, 37 ]
[ -15, -1, 0, 1, 0, 2, 0, 0, 37 ]
[ 15, 1, 0, -3, 1, 1, 1, 0, 2 ]
[ 1, 5, 0, 0, 16, 1, 0, -5, 2 ]
[ 3, -1, -1, 1, 0, 2, 0, 0, 37 ]
[ 3, -1, -1, 1, 5, 0, 1, 0, 2 ]
[ 1, 5, 0, 0, 1, 7, 0, 0, 37 ]
[ -1, -5, 0, 0, -5, 2, 0, 1, 7 ]
[ 0, -1, -7, 1, 5, 0, 0, 0, 37 ]
[ 1, 0, 2, 0, 1, 7, 0, 0, 37 ]
[ 1, 0, 2, 1, 5, 0, 0, 1, 7 ]
[ 37, 0, 0, -4, 1, 0, -18, 0, 1 ]
[ 1, 9, 0, 0, 37, 0, 0, 14, 1 ]
[ 4, -1, 0, 1, 9, 0, -2, -4, 1 ]
[ 1, 0, 2, -4, 1, 0, 0, 0, 37 ]
[ 18, 0, -1, -4, 1, 0, 1, 0, 2 ]
[ 1, 9, 0, 0, 14, 1, 0, 5, 3 ]
[ 2, 4, -1, 1, 9, 0, -1, -4, 3 ]
[ 4, -1, 0, 1, 0, 2, 0, 0, 37 ]
[ -4, 1, 0, -2, -4, 1, 1, 0, 2 ]
[ 1, 9, 0, 0, 1, 8, 0, 0, 37 ]
[ 1, 9, 0, 0, 5, 3, 0, 1, 8 ]
[ 0, -1, -8, 1, 9, 0, 0, 0, 37 ]
[ 1, 4, -3, 0, 1, 8, 0, 0, 37 ]
[ 1, 4, -3, 1, 9, 0, 0, 1, 8 ]
[ -1, -3, 11, -1, -4, 3, 0, 0, 37 ]
[ -2, -4, 1, -1, -4, 3, -1, -3, 11 ]
[ 1, 0, 2, 1, 1, 10, 0, 0, 37 ]
[ -1, 0, -2, -2, -4, 1, 1, 1, 10 ]
[ -1, -2, 19, -1, -3, 11, 0, 0, 37 ]
[ -2, -4, 1, -1, -3, 11, -1, -2, 19 ]
[ -1, -1, -10, -1, -2, 19, 0, 0, 37 ]
[ -1, -1, -10, -2, -4, 1, -1, -2, 19 ]
[ 37, 0, 0, 14, 1, 0, -18, 0, 1 ]
[ 14, 1, 0, 5, 3, 0, -4, 1, 1 ]
[ 1, 0, 2, 14, 1, 0, 0, 0, 37 ]
[ 18, 0, -1, 14, 1, 0, 1, 0, 2 ]
[ 1, 8, 0, 0, 37, 0, 0, -4, 1 ]
[ 5, 3, 0, 1, 8, 0, 1, 4, 1 ]
[ 4, -1, -1, 1, 0, 2, 0, 0, 37 ]
[ 4, -1, -1, 5, 3, 0, 1, 0, 2 ]
[ 1, 0, 2, -4, 1, 1, 0, 0, 37 ]
[ -14, -1, 0, 1, 0, 2, 0, 0, 37 ]
[ 14, 1, 0, -4, 1, 1, 1, 0, 2 ]
[ 1, 8, 0, 0, 1, 9, 0, 0, 37 ]
[ -1, -8, 0, 0, -4, 1, 0, 1, 9 ]
[ 0, -1, -9, 1, 8, 0, 0, 0, 37 ]
[ 1, 4, 1, 0, 1, 9, 0, 0, 37 ]
[ 1, 4, 1, 1, 8, 0, 0, 1, 9 ]
[ 5, 3, 0, 1, 4, 1, 1, 0, 2 ]
[ 2, 1, 13, 5, 3, 0, 0, 0, 37 ]
[ 1, 0, 2, 2, 1, 13, 0, 0, 37 ]
[ 1, 0, 2, 5, 3, 0, 2, 1, 13 ]
[ 0, -1, -9, 1, 4, 1, 0, 0, 37 ]
[ 1, 0, 2, 0, 1, 9, 0, 0, 37 ]
[ 1, 0, 2, 1, 4, 1, 0, 1, 9 ]
[ -2, -1, -13, 1, 0, 2, 0, 0, 37 ]
[ -5, -3, 0, 2, 1, 13, 0, 0, 37 ]
[ -5, -3, 0, 1, 0, 2, 2, 1, 13 ]
[ 37, 0, 0, -5, 1, 0, -18, 0, 1 ]
[ 5, -1, 0, 2, 7, 0, -3, -3, 1 ]
[ 1, 0, 2, -5, 1, 0, 0, 0, 37 ]
[ 18, 0, -1, -5, 1, 0, 1, 0, 2 ]
[ 1, 22, 0, 0, 37, 0, 0, -11, 1 ]
[ 2, 7, 0, 1, 22, 0, 1, 11, 1 ]
[ 3, 3, -1, 2, 7, 0, 1, 0, 2 ]
[ 5, -1, 0, 1, 0, 2, 0, 0, 37 ]
[ -5, 1, 0, -3, -3, 1, 1, 0, 2 ]
[ -1, -22, 0, 0, -11, 1, 0, 4, 3 ]
[ 1, 11, 1, 1, 22, 0, 0, 4, 3 ]
[ 2, 7, 0, 1, 11, 1, -1, -7, 2 ]
[ 1, 3, -5, 2, 7, 0, 0, 0, 37 ]
[ 1, 0, 2, 2, 7, 0, -1, -3, 5 ]
[ -1, -1, -12, 1, 0, 2, 0, 0, 37 ]
[ -3, -3, 1, 1, 0, 2, 1, 1, 12 ]
[ 1, 0, 2, 1, 1, 12, 0, 0, 37 ]
[ -1, 0, -2, -3, -3, 1, 1, 1, 12 ]
[ 1, 22, 0, 0, 1, 10, 0, 0, 37 ]
[ 1, 22, 0, 0, 4, 3, 0, 1, 10 ]
[ 0, -1, -10, 1, 22, 0, 0, 0, 37 ]
[ 0, -4, -3, 1, 22, 0, 0, 1, 10 ]
[ 1, 11, 1, 0, 1, 10, 0, 0, 37 ]
[ 1, 11, 1, 0, 4, 3, 0, 1, 10 ]
[ 0, -1, -10, 1, 11, 1, 0, 0, 37 ]
[ 1, 7, -2, 0, 1, 10, 0, 0, 37 ]
[ 1, 7, -2, 1, 11, 1, 0, 1, 10 ]
[ 2, 7, 0, 1, 4, 5, 0, 0, 37 ]
[ -2, -7, 0, -1, -7, 2, 1, 4, 5 ]
[ 0, 1, 10, -1, -3, 5, 0, 0, 37 ]
[ 1, 0, 2, 0, 1, 10, 0, 0, 37 ]
[ -1, 0, -2, -1, -3, 5, 0, 1, 10 ]
[ 0, 1, 10, -1, -7, 2, 0, 0, 37 ]
[ 1, 4, 5, 0, 1, 10, 0, 0, 37 ]
[ -1, -4, -5, -1, -7, 2, 0, 1, 10 ]
[ 37, 0, 0, 13, 1, 0, -18, 0, 1 ]
[ 13, 1, 0, 2, 3, 0, -5, 1, 1 ]
[ 1, 0, 2, 13, 1, 0, 0, 0, 37 ]
[ 18, 0, -1, 13, 1, 0, 1, 0, 2 ]
[ 1, 20, 0, 0, 37, 0, 0, -10, 1 ]
[ 2, 3, 0, 1, 20, 0, 1, 10, 1 ]
[ 5, -1, -1, 1, 0, 2, 0, 0, 37 ]
[ 5, -1, -1, 2, 3, 0, 1, 0, 2 ]
[ 1, 0, 2, -5, 1, 1, 0, 0, 37 ]
[ -13, -1, 0, 1, 0, 2, 0, 0, 37 ]
[ 13, 1, 0, -5, 1, 1, 1, 0, 2 ]
[ -1, -20, 0, 0, -10, 1, 0, -3, 4 ]
[ 1, 10, 1, 1, 20, 0, 0, -3, 4 ]
[ 2, 3, 0, 1, 10, 1, -1, -3, 2 ]
[ 1, 1, 13, 2, 3, 0, 0, 0, 37 ]
[ 1, 0, 2, 1, 1, 13, 0, 0, 37 ]
[ 1, 0, 2, 2, 3, 0, 1, 1, 13 ]
[ 1, 20, 0, 0, 1, 11, 0, 0, 37 ]
[ -1, -20, 0, 0, -3, 4, 0, 1, 11 ]
[ 0, -1, -11, 1, 20, 0, 0, 0, 37 ]
[ 0, -3, 4, 1, 20, 0, 0, 1, 11 ]
[ 1, 10, 1, 0, 1, 11, 0, 0, 37 ]
[ -1, -10, -1, 0, -3, 4, 0, 1, 11 ]
[ 1, 3, -2, 1, 10, 1, 0, -3, 4 ]
[ -1, -2, 13, -1, -3, 2, 0, 0, 37 ]
[ -2, -3, 0, -1, -2, 13, 0, 0, 37 ]
[ -2, -3, 0, -1, -3, 2, -1, -2, 13 ]
[ 0, -1, -11, 1, 10, 1, 0, 0, 37 ]
[ 0, -3, 4, 1, 10, 1, 0, 1, 11 ]
[ 1, 3, -2, 0, 1, 11, 0, 0, 37 ]
[ -1, -3, 2, 0, -3, 4, 0, 1, 11 ]
[ 37, 0, 0, -6, 1, 0, -18, 0, 1 ]
[ 1, 6, 0, 0, 37, 0, 0, -3, 1 ]
[ 6, -1, 0, 1, 6, 0, 0, -3, 1 ]
[ 1, 0, 2, -6, 1, 0, 0, 0, 37 ]
[ 18, 0, -1, -6, 1, 0, 1, 0, 2 ]
[ 1, 6, 0, 0, 1, 12, 0, 0, 37 ]
[ -1, -6, 0, 0, -3, 1, 0, 1, 12 ]
[ 0, -1, -12, 1, 6, 0, 0, 0, 37 ]
[ 0, -3, 1, 1, 6, 0, 0, 1, 12 ]
[ 6, -1, 0, 1, 0, 2, 0, 0, 37 ]
[ -6, 1, 0, 0, -3, 1, 1, 0, 2 ]
[ 1, 0, 2, 0, 1, 12, 0, 0, 37 ]
[ -1, 0, -2, 0, -3, 1, 0, 1, 12 ]
[ 37, 0, 0, 12, 1, 0, -18, 0, 1 ]
[ 1, -3, 0, 0, 37, 0, 0, -17, 1 ]
[ 12, 1, 0, -1, 3, 0, -6, 1, 1 ]
[ 1, 0, 2, 12, 1, 0, 0, 0, 37 ]
[ 18, 0, -1, 12, 1, 0, 1, 0, 2 ]
[ -1, 3, 0, 0, -17, 1, 0, 3, 2 ]
[ 6, -1, -1, 1, 0, 2, 0, 0, 37 ]
[ 6, -1, -1, -1, 3, 0, 1, 0, 2 ]
[ 1, 0, 2, -6, 1, 1, 0, 0, 37 ]
[ -12, -1, 0, 1, 0, 2, 0, 0, 37 ]
[ 12, 1, 0, -6, 1, 1, 1, 0, 2 ]
[ 1, -3, 0, 0, 1, 13, 0, 0, 37 ]
[ 1, -3, 0, 0, 3, 2, 0, 1, 13 ]
[ 0, 1, 13, -1, 3, 0, 0, 0, 37 ]
[ 1, 0, 2, 0, 1, 13, 0, 0, 37 ]
[ 1, 0, 2, -1, 3, 0, 0, 1, 13 ]
[ 37, 0, 0, -7, 1, 0, -18, 0, 1 ]
[ 7, -1, 0, 2, 5, 0, -4, -2, 1 ]
[ 1, 0, 2, -7, 1, 0, 0, 0, 37 ]
[ 18, 0, -1, -7, 1, 0, 1, 0, 2 ]
[ 1, 21, 0, 0, 37, 0, 0, 8, 1 ]
[ 2, 5, 0, 1, 21, 0, 0, 8, 1 ]
[ 4, 2, -1, 2, 5, 0, 1, 0, 2 ]
[ 7, -1, 0, 1, 0, 2, 0, 0, 37 ]
[ -7, 1, 0, -4, -2, 1, 1, 0, 2 ]
[ 1, 21, 0, 0, 8, 1, 0, 3, 5 ]
[ 0, -8, -1, 1, 21, 0, 0, 3, 5 ]
[ 2, 5, 0, 0, 8, 1, 1, 0, 2 ]
[ 1, 2, -7, 2, 5, 0, 0, 0, 37 ]
[ 1, 0, 2, 2, 5, 0, -1, -2, 7 ]
[ -2, -1, 19, 1, 0, 2, 0, 0, 37 ]
[ -4, -2, 1, 1, 0, 2, -2, -1, 19 ]
[ -1, 0, -2, -2, -1, 19, 0, 0, 37 ]
[ -1, 0, -2, -4, -2, 1, -2, -1, 19 ]
[ 1, 21, 0, 0, 1, 14, 0, 0, 37 ]
[ 1, 21, 0, 0, 3, 5, 0, 1, 14 ]
[ 0, -1, -14, 1, 21, 0, 0, 0, 37 ]
[ 0, -3, -5, 1, 21, 0, 0, 1, 14 ]
[ 1, 0, 2, 0, 8, 1, 0, 3, 5 ]
[ 2, 5, 0, -1, -2, 7, 0, 0, 37 ]
[ -2, -5, 0, 1, 0, 2, -1, -2, 7 ]
[ 0, 1, -23, -1, -2, 7, 0, 0, 37 ]
[ -1, 0, -2, 0, -1, 23, 0, 0, 37 ]
[ -1, 0, -2, -1, -2, 7, 0, -1, 23 ]
[ 1, 0, 2, 0, 1, 14, 0, 0, 37 ]
[ 1, 0, 2, 0, 3, 5, 0, 1, 14 ]
[ 0, -1, 23, 1, 0, 2, 0, 0, 37 ]
[ -1, -2, 7, 0, -1, 23, 0, 0, 37 ]
[ -1, -2, 7, 1, 0, 2, 0, -1, 23 ]
[ 37, 0, 0, 11, 1, 0, -18, 0, 1 ]
[ 11, 1, 0, -4, 3, 0, -7, 1, 1 ]
[ 1, 0, 2, 11, 1, 0, 0, 0, 37 ]
[ 18, 0, -1, 11, 1, 0, 1, 0, 2 ]
[ 1, -10, 0, 0, 37, 0, 0, 5, 1 ]
[ 4, -3, 0, -1, 10, 0, 1, -5, 1 ]
[ 7, -1, -1, 1, 0, 2, 0, 0, 37 ]
[ 7, -1, -1, -4, 3, 0, 1, 0, 2 ]
[ 1, 0, 2, -7, 1, 1, 0, 0, 37 ]
[ -11, -1, 0, 1, 0, 2, 0, 0, 37 ]
[ 11, 1, 0, -7, 1, 1, 1, 0, 2 ]
[ 1, -10, 0, 0, 5, 1, 0, -2, 7 ]
[ 1, -5, 1, -1, 10, 0, 0, -2, 7 ]
[ -4, 3, 0, 1, -5, 1, 1, 0, 2 ]
[ -1, 1, 13, -4, 3, 0, 0, 0, 37 ]
[ 1, 0, 2, -1, 1, 13, 0, 0, 37 ]
[ 1, 0, 2, -4, 3, 0, -1, 1, 13 ]
[ -1, 10, 0, 0, -1, 22, 0, 0, 37 ]
[ -1, 10, 0, 0, -2, 7, 0, -1, 22 ]
[ 0, 1, -22, -1, 10, 0, 0, 0, 37 ]
[ 0, 2, -7, -1, 10, 0, 0, -1, 22 ]
[ -1, 5, -1, 0, -1, 22, 0, 0, 37 ]
[ -1, 5, -1, 0, -2, 7, 0, -1, 22 ]
[ -1, 0, -2, 1, -5, 1, 0, -2, 7 ]
[ 1, -1, -13, 1, 0, 2, 0, 0, 37 ]
[ 4, -3, 0, -1, 1, 13, 0, 0, 37 ]
[ 4, -3, 0, 1, 0, 2, -1, 1, 13 ]
[ 0, -1, 22, 1, -5, 1, 0, 0, 37 ]
[ 0, -2, 7, 1, -5, 1, 0, -1, 22 ]
[ -1, 0, -2, 0, -1, 22, 0, 0, 37 ]
[ -1, 0, -2, 0, -2, 7, 0, -1, 22 ]
[ 37, 0, 0, -8, 1, 0, -18, 0, 1 ]
[ 8, -1, 0, -3, 5, 0, -2, -2, 1 ]
[ 1, 0, 2, -8, 1, 0, 0, 0, 37 ]
[ 18, 0, -1, -8, 1, 0, 1, 0, 2 ]
[ 1, -14, 0, 0, 37, 0, 0, 7, 1 ]
[ 3, -5, 0, -1, 14, 0, 1, -7, 1 ]
[ 2, 2, -1, -3, 5, 0, 1, 0, 2 ]
[ 8, -1, 0, 1, 0, 2, 0, 0, 37 ]
[ -8, 1, 0, -2, -2, 1, 1, 0, 2 ]
[ 1, -14, 0, 0, 7, 1, 0, -2, 5 ]
[ 1, -7, 1, -1, 14, 0, 0, -2, 5 ]
[ -3, 5, 0, 1, -7, 1, 1, 0, 2 ]
[ -1, 2, -7, -3, 5, 0, 0, 0, 37 ]
[ 1, 0, 2, -3, 5, 0, 1, -2, 7 ]
[ -1, -1, 19, 1, 0, 2, 0, 0, 37 ]
[ -2, -2, 1, 1, 0, 2, -1, -1, 19 ]
[ -1, 0, -2, -1, -1, 19, 0, 0, 37 ]
[ -1, 0, -2, -2, -2, 1, -1, -1, 19 ]
[ -1, 14, 0, 0, -1, 21, 0, 0, 37 ]
[ -1, 14, 0, 0, -2, 5, 0, -1, 21 ]
[ 0, 1, -21, -1, 14, 0, 0, 0, 37 ]
[ 0, 2, -5, -1, 14, 0, 0, -1, 21 ]
[ -1, 7, -1, 0, -1, 21, 0, 0, 37 ]
[ -1, 7, -1, 0, -2, 5, 0, -1, 21 ]
[ -1, 0, -2, 1, -7, 1, 0, -2, 5 ]
[ -3, 5, 0, 1, -2, 7, 0, 0, 37 ]
[ 3, -5, 0, 1, 0, 2, 1, -2, 7 ]
[ -1, 1, -23, 1, -2, 7, 0, 0, 37 ]
[ -1, 0, -2, 1, -1, 23, 0, 0, 37 ]
[ -1, 0, -2, 1, -2, 7, 1, -1, 23 ]
[ 0, -1, 21, 1, -7, 1, 0, 0, 37 ]
[ 0, -2, 5, 1, -7, 1, 0, -1, 21 ]
[ -1, 0, -2, 0, -1, 21, 0, 0, 37 ]
[ -1, 0, -2, 0, -2, 5, 0, -1, 21 ]
[ 1, -1, 23, 1, 0, 2, 0, 0, 37 ]
[ 1, -2, 7, 1, -1, 23, 0, 0, 37 ]
[ 1, -2, 7, 1, 0, 2, 1, -1, 23 ]
[ 37, 0, 0, 10, 1, 0, -18, 0, 1 ]
[ 10, 1, 0, 3, 4, 0, 2, 2, 1 ]
[ 1, 0, 2, 10, 1, 0, 0, 0, 37 ]
[ 18, 0, -1, 10, 1, 0, 1, 0, 2 ]
[ 1, -11, 0, 0, 37, 0, 0, -13, 1 ]
[ 3, 4, 0, -1, 11, 0, -1, -2, 1 ]
[ 1, 1, 19, 3, 4, 0, 0, 0, 37 ]
[ 2, 2, 1, 3, 4, 0, 1, 1, 19 ]
[ -10, -1, 0, 1, 0, 2, 0, 0, 37 ]
[ 10, 1, 0, 2, 2, 1, 1, 0, 2 ]
[ -1, 11, 0, 0, -13, 1, 0, -2, 3 ]
[ 1, 2, -1, -1, 11, 0, 0, -2, 3 ]
[ -1, -1, -19, -1, -2, 1, 0, 0, 37 ]
[ -3, -4, 0, 1, 1, 19, 0, 0, 37 ]
[ -3, -4, 0, -1, -2, 1, 1, 1, 19 ]
[ 1, 0, 2, 1, 1, 19, 0, 0, 37 ]
[ 1, 0, 2, 2, 2, 1, 1, 1, 19 ]
[ -1, 11, 0, 0, -1, 20, 0, 0, 37 ]
[ -1, 11, 0, 0, -2, 3, 0, -1, 20 ]
[ 0, 1, -20, -1, 11, 0, 0, 0, 37 ]
[ 0, 2, -3, -1, 11, 0, 0, -1, 20 ]
[ -1, -2, 1, 0, -1, 20, 0, 0, 37 ]
[ -1, -2, 1, 0, -2, 3, 0, -1, 20 ]
[ 37, 0, 0, -9, 1, 0, -18, 0, 1 ]
[ 1, 4, 0, 0, 37, 0, 0, -2, 1 ]
[ 9, -1, 0, 1, 4, 0, 0, -2, 1 ]
[ 1, 0, 2, -9, 1, 0, 0, 0, 37 ]
[ 18, 0, -1, -9, 1, 0, 1, 0, 2 ]
[ -1, -4, 0, 0, -1, 19, 0, 0, 37 ]
[ -1, -4, 0, 0, -2, 1, 0, -1, 19 ]
[ 0, -1, 19, 1, 4, 0, 0, 0, 37 ]
[ 0, -2, 1, 1, 4, 0, 0, -1, 19 ]
[ 9, -1, 0, 1, 0, 2, 0, 0, 37 ]
[ -9, 1, 0, 0, -2, 1, 1, 0, 2 ]
[ -1, 0, -2, 0, -1, 19, 0, 0, 37 ]
[ -1, 0, -2, 0, -2, 1, 0, -1, 19 ]
[ 37, 0, 0, 9, 1, 0, -18, 0, 1 ]
[ 1, -4, 0, 0, 37, 0, 0, 2, 1 ]
[ 9, 1, 0, -1, 4, 0, 0, 2, 1 ]
[ 1, 0, 2, 9, 1, 0, 0, 0, 37 ]
[ 18, 0, -1, 9, 1, 0, 1, 0, 2 ]
[ 1, -4, 0, 0, 1, 19, 0, 0, 37 ]
[ 1, -4, 0, 0, 2, 1, 0, 1, 19 ]
[ 0, 1, 19, -1, 4, 0, 0, 0, 37 ]
[ 0, 2, 1, -1, 4, 0, 0, 1, 19 ]
[ -9, -1, 0, 1, 0, 2, 0, 0, 37 ]
[ 9, 1, 0, 0, 2, 1, 1, 0, 2 ]
[ 1, 0, 2, 0, 1, 19, 0, 0, 37 ]
[ 1, 0, 2, 0, 2, 1, 0, 1, 19 ]
[ 37, 0, 0, -10, 1, 0, -18, 0, 1 ]
[ 10, -1, 0, -3, 4, 0, 2, -2, 1 ]
[ 1, 0, 2, -10, 1, 0, 0, 0, 37 ]
[ 18, 0, -1, -10, 1, 0, 1, 0, 2 ]
[ 1, 11, 0, 0, 37, 0, 0, 13, 1 ]
[ 3, -4, 0, 1, 11, 0, -1, 2, 1 ]
[ 1, -1, 19, -3, 4, 0, 0, 0, 37 ]
[ 2, -2, 1, -3, 4, 0, 1, -1, 19 ]
[ 10, -1, 0, 1, 0, 2, 0, 0, 37 ]
[ -10, 1, 0, 2, -2, 1, 1, 0, 2 ]
[ 1, 11, 0, 0, 13, 1, 0, 2, 3 ]
[ 1, -2, -1, 1, 11, 0, 0, 2, 3 ]
[ 2, -3, -19, -1, 2, 1, 0, 0, 37 ]
[ 3, -4, 0, -2, 3, 19, 0, 0, 37 ]
[ 3, -4, 0, -1, 2, 1, -2, 3, 19 ]
[ -1, 0, -2, 1, -1, 19, 0, 0, 37 ]
[ -1, 0, -2, 2, -2, 1, 1, -1, 19 ]
[ 1, 11, 0, 0, 1, 20, 0, 0, 37 ]
[ 1, 11, 0, 0, 2, 3, 0, 1, 20 ]
[ 0, -1, -20, 1, 11, 0, 0, 0, 37 ]
[ 0, -2, -3, 1, 11, 0, 0, 1, 20 ]
[ 1, -2, -1, 0, 1, 20, 0, 0, 37 ]
[ 1, -2, -1, 0, 2, 3, 0, 1, 20 ]
[ 37, 0, 0, 8, 1, 0, -18, 0, 1 ]
[ 8, 1, 0, 3, 5, 0, -2, 2, 1 ]
[ 1, 0, 2, 8, 1, 0, 0, 0, 37 ]
[ 18, 0, -1, 8, 1, 0, 1, 0, 2 ]
[ 1, 14, 0, 0, 37, 0, 0, -7, 1 ]
[ 3, 5, 0, 1, 14, 0, 1, 7, 1 ]
[ 2, -2, -1, 3, 5, 0, 1, 0, 2 ]
[ -8, -1, 0, 1, 0, 2, 0, 0, 37 ]
[ 8, 1, 0, -2, 2, 1, 1, 0, 2 ]
[ -1, -14, 0, 0, -7, 1, 0, 2, 5 ]
[ 1, 7, 1, 1, 14, 0, 0, 2, 5 ]
[ 3, 5, 0, 1, 7, 1, 1, 0, 2 ]
[ -1, -2, -7, 3, 5, 0, 0, 0, 37 ]
[ 1, 0, 2, 3, 5, 0, 1, 2, 7 ]
[ 1, -1, -19, 1, 0, 2, 0, 0, 37 ]
[ 2, -2, -1, 1, 0, 2, -1, 1, 19 ]
[ 1, 0, 2, -1, 1, 19, 0, 0, 37 ]
[ 1, 0, 2, -2, 2, 1, -1, 1, 19 ]
[ 1, 14, 0, 0, 1, 21, 0, 0, 37 ]
[ 1, 14, 0, 0, 2, 5, 0, 1, 21 ]
[ 0, -1, -21, 1, 14, 0, 0, 0, 37 ]
[ 0, -2, -5, 1, 14, 0, 0, 1, 21 ]
[ 1, 7, 1, 0, 1, 21, 0, 0, 37 ]
[ 1, 7, 1, 0, 2, 5, 0, 1, 21 ]
[ 1, 0, 2, 1, 7, 1, 0, 2, 5 ]
[ 3, 5, 0, 1, 2, 7, 0, 0, 37 ]
[ -3, -5, 0, 1, 0, 2, 1, 2, 7 ]
[ 1, 1, 23, 1, 2, 7, 0, 0, 37 ]
[ 1, 0, 2, 1, 1, 23, 0, 0, 37 ]
[ 1, 0, 2, 1, 2, 7, 1, 1, 23 ]
[ 0, -1, -21, 1, 7, 1, 0, 0, 37 ]
[ 0, -2, -5, 1, 7, 1, 0, 1, 21 ]
[ 1, 0, 2, 0, 1, 21, 0, 0, 37 ]
[ 1, 0, 2, 0, 2, 5, 0, 1, 21 ]
[ -1, -1, -23, 1, 0, 2, 0, 0, 37 ]
[ -1, -2, -7, 1, 1, 23, 0, 0, 37 ]
[ -1, -2, -7, 1, 0, 2, 1, 1, 23 ]
[ 37, 0, 0, -11, 1, 0, -18, 0, 1 ]
[ 11, -1, 0, 4, 3, 0, -7, -1, 1 ]
[ 1, 0, 2, -11, 1, 0, 0, 0, 37 ]
[ 18, 0, -1, -11, 1, 0, 1, 0, 2 ]
[ 1, 10, 0, 0, 37, 0, 0, -5, 1 ]
[ 4, 3, 0, 1, 10, 0, 1, 5, 1 ]
[ -7, -1, 1, 1, 0, 2, 0, 0, 37 ]
[ 7, 1, -1, 4, 3, 0, 1, 0, 2 ]
[ -1, 0, -2, -7, -1, 1, 0, 0, 37 ]
[ 11, -1, 0, 1, 0, 2, 0, 0, 37 ]
[ -11, 1, 0, -7, -1, 1, 1, 0, 2 ]
[ -1, -10, 0, 0, -5, 1, 0, 2, 7 ]
[ 1, 5, 1, 1, 10, 0, 0, 2, 7 ]
[ 4, 3, 0, 1, 5, 1, 1, 0, 2 ]
[ -1, -1, 13, 4, 3, 0, 0, 0, 37 ]
[ -1, 0, -2, -1, -1, 13, 0, 0, 37 ]
[ 1, 0, 2, 4, 3, 0, -1, -1, 13 ]
[ 1, 10, 0, 0, 1, 22, 0, 0, 37 ]
[ 1, 10, 0, 0, 2, 7, 0, 1, 22 ]
[ 0, -1, -22, 1, 10, 0, 0, 0, 37 ]
[ 0, -2, -7, 1, 10, 0, 0, 1, 22 ]
[ 1, 5, 1, 0, 1, 22, 0, 0, 37 ]
[ 1, 5, 1, 0, 2, 7, 0, 1, 22 ]
[ 1, 0, 2, 1, 5, 1, 0, 2, 7 ]
[ -1, -1, 13, 1, 0, 2, 0, 0, 37 ]
[ -4, -3, 0, -1, -1, 13, 0, 0, 37 ]
[ -4, -3, 0, 1, 0, 2, -1, -1, 13 ]
[ 0, -1, -22, 1, 5, 1, 0, 0, 37 ]
[ 0, -2, -7, 1, 5, 1, 0, 1, 22 ]
[ 1, 0, 2, 0, 1, 22, 0, 0, 37 ]
[ 1, 0, 2, 0, 2, 7, 0, 1, 22 ]
[ 37, 0, 0, 7, 1, 0, -18, 0, 1 ]
[ 7, 1, 0, -2, 5, 0, -4, 2, 1 ]
[ 1, 0, 2, 7, 1, 0, 0, 0, 37 ]
[ 18, 0, -1, 7, 1, 0, 1, 0, 2 ]
[ 1, -21, 0, 0, 37, 0, 0, -8, 1 ]
[ 2, -5, 0, -1, 21, 0, 0, -8, 1 ]
[ 4, -2, -1, -2, 5, 0, 1, 0, 2 ]
[ -7, -1, 0, 1, 0, 2, 0, 0, 37 ]
[ 7, 1, 0, -4, 2, 1, 1, 0, 2 ]
[ -1, 21, 0, 0, -8, 1, 0, -3, 5 ]
[ 0, 8, -1, -1, 21, 0, 0, -3, 5 ]
[ -2, 5, 0, 0, -8, 1, -1, 5, 2 ]
[ 1, -2, -7, -2, 5, 0, 0, 0, 37 ]
[ 1, 0, 2, -2, 5, 0, -1, 2, 7 ]
[ 2, -1, -19, 1, 0, 2, 0, 0, 37 ]
[ 4, -2, -1, 1, 0, 2, -2, 1, 19 ]
[ 1, 0, 2, -2, 1, 19, 0, 0, 37 ]
[ 1, 0, 2, -4, 2, 1, -2, 1, 19 ]
[ -1, 21, 0, 0, -1, 14, 0, 0, 37 ]
[ -1, 21, 0, 0, -3, 5, 0, -1, 14 ]
[ 0, 1, -14, -1, 21, 0, 0, 0, 37 ]
[ 0, 3, -5, -1, 21, 0, 0, -1, 14 ]
[ -1, 5, 2, 0, -8, 1, 0, -3, 5 ]
[ -2, 5, 0, 1, -3, 7, 0, 0, 37 ]
[ 2, -5, 0, -1, 5, 2, 1, -3, 7 ]
[ 0, 1, 23, -1, 2, 7, 0, 0, 37 ]
[ 1, 0, 2, 0, 1, 23, 0, 0, 37 ]
[ 1, 0, 2, -1, 2, 7, 0, 1, 23 ]
[ -1, 5, 2, 0, -1, 14, 0, 0, 37 ]
[ -1, 5, 2, 0, -3, 5, 0, -1, 14 ]
[ 0, 1, 23, -1, 5, 2, 0, 0, 37 ]
[ 1, -3, 7, 0, 1, 23, 0, 0, 37 ]
[ 1, -3, 7, -1, 5, 2, 0, 1, 23 ]
[ 37, 0, 0, -12, 1, 0, -18, 0, 1 ]
[ 1, 3, 0, 0, 37, 0, 0, 17, 1 ]
[ 12, -1, 0, 1, 3, 0, -6, -1, 1 ]
[ 1, 0, 2, -12, 1, 0, 0, 0, 37 ]
[ 18, 0, -1, -12, 1, 0, 1, 0, 2 ]
[ 1, 3, 0, 0, 17, 1, 0, -3, 2 ]
[ -6, -1, 1, 1, 0, 2, 0, 0, 37 ]
[ 6, 1, -1, 1, 3, 0, 1, 0, 2 ]
[ -1, 0, -2, -6, -1, 1, 0, 0, 37 ]
[ 12, -1, 0, 1, 0, 2, 0, 0, 37 ]
[ -12, 1, 0, -6, -1, 1, 1, 0, 2 ]
[ -1, -3, 0, 0, -1, 13, 0, 0, 37 ]
[ -1, -3, 0, 0, -3, 2, 0, -1, 13 ]
[ 0, -1, 13, 1, 3, 0, 0, 0, 37 ]
[ -1, 0, -2, 0, -1, 13, 0, 0, 37 ]
[ 1, 0, 2, 1, 3, 0, 0, -1, 13 ]
[ 37, 0, 0, 6, 1, 0, -18, 0, 1 ]
[ 1, -6, 0, 0, 37, 0, 0, 3, 1 ]
[ 6, 1, 0, -1, 6, 0, 0, 3, 1 ]
[ 1, 0, 2, 6, 1, 0, 0, 0, 37 ]
[ 18, 0, -1, 6, 1, 0, 1, 0, 2 ]
[ -1, 6, 0, 0, -1, 12, 0, 0, 37 ]
[ 1, -6, 0, 0, 3, 1, 0, -1, 12 ]
[ 0, 1, -12, -1, 6, 0, 0, 0, 37 ]
[ 0, 3, 1, -1, 6, 0, 0, -1, 12 ]
[ -6, -1, 0, 1, 0, 2, 0, 0, 37 ]
[ 6, 1, 0, 0, 3, 1, 1, 0, 2 ]
[ -1, 0, -2, 0, -1, 12, 0, 0, 37 ]
[ 1, 0, 2, 0, 3, 1, 0, -1, 12 ]
[ 37, 0, 0, -13, 1, 0, -18, 0, 1 ]
[ 13, -1, 0, -2, 3, 0, -5, -1, 1 ]
[ 1, 0, 2, -13, 1, 0, 0, 0, 37 ]
[ 18, 0, -1, -13, 1, 0, 1, 0, 2 ]
[ 1, -20, 0, 0, 37, 0, 0, 10, 1 ]
[ 2, -3, 0, -1, 20, 0, 1, -10, 1 ]
[ -5, -1, 1, 1, 0, 2, 0, 0, 37 ]
[ 5, 1, -1, -2, 3, 0, 1, 0, 2 ]
[ -1, 0, -2, -5, -1, 1, 0, 0, 37 ]
[ 13, -1, 0, 1, 0, 2, 0, 0, 37 ]
[ -13, 1, 0, -5, -1, 1, 1, 0, 2 ]
[ 1, -20, 0, 0, 10, 1, 0, 3, 4 ]
[ 1, -10, 1, -1, 20, 0, 0, 3, 4 ]
[ -2, 3, 0, 1, -10, 1, -1, 3, 2 ]
[ 1, -1, 13, -2, 3, 0, 0, 0, 37 ]
[ -1, 0, -2, 1, -1, 13, 0, 0, 37 ]
[ 1, 0, 2, -2, 3, 0, 1, -1, 13 ]
[ -1, 20, 0, 0, -1, 11, 0, 0, 37 ]
[ 1, -20, 0, 0, 3, 4, 0, -1, 11 ]
[ 0, 1, -11, -1, 20, 0, 0, 0, 37 ]
[ 0, 3, 4, -1, 20, 0, 0, -1, 11 ]
[ -1, 10, -1, 0, -1, 11, 0, 0, 37 ]
[ 1, -10, 1, 0, 3, 4, 0, -1, 11 ]
[ -1, 3, 2, 1, -10, 1, 0, 3, 4 ]
[ 1, -2, -13, -1, 3, 2, 0, 0, 37 ]
[ 2, -3, 0, -1, 2, 13, 0, 0, 37 ]
[ 2, -3, 0, -1, 3, 2, -1, 2, 13 ]
[ 0, -1, 11, 1, -10, 1, 0, 0, 37 ]
[ 0, -3, -4, 1, -10, 1, 0, -1, 11 ]
[ -1, 3, 2, 0, -1, 11, 0, 0, 37 ]
[ 1, -3, -2, 0, 3, 4, 0, -1, 11 ]
[ 37, 0, 0, 5, 1, 0, -18, 0, 1 ]
[ 5, 1, 0, -2, 7, 0, -3, 3, 1 ]
[ 1, 0, 2, 5, 1, 0, 0, 0, 37 ]
[ 18, 0, -1, 5, 1, 0, 1, 0, 2 ]
[ 1, -22, 0, 0, 37, 0, 0, 11, 1 ]
[ 2, -7, 0, -1, 22, 0, 1, -11, 1 ]
[ 3, -3, -1, -2, 7, 0, 1, 0, 2 ]
[ -5, -1, 0, 1, 0, 2, 0, 0, 37 ]
[ 5, 1, 0, -3, 3, 1, 1, 0, 2 ]
[ 1, -22, 0, 0, 11, 1, 0, -4, 3 ]
[ 1, -11, 1, -1, 22, 0, 0, -4, 3 ]
[ -2, 7, 0, 1, -11, 1, -1, 7, 2 ]
[ 1, -3, -5, -2, 7, 0, 0, 0, 37 ]
[ 1, 0, 2, -2, 7, 0, -1, 3, 5 ]
[ 1, -1, 12, 1, 0, 2, 0, 0, 37 ]
[ 3, -3, -1, 1, 0, 2, 1, -1, 12 ]
[ -1, 0, -2, 1, -1, 12, 0, 0, 37 ]
[ 1, 0, 2, -3, 3, 1, 1, -1, 12 ]
[ -1, 22, 0, 0, -1, 10, 0, 0, 37 ]
[ -1, 22, 0, 0, -4, 3, 0, -1, 10 ]
[ 0, 1, -10, -1, 22, 0, 0, 0, 37 ]
[ 0, 4, -3, -1, 22, 0, 0, -1, 10 ]
[ -1, 11, -1, 0, -1, 10, 0, 0, 37 ]
[ -1, 11, -1, 0, -4, 3, 0, -1, 10 ]
[ 0, -1, 10, 1, -11, 1, 0, 0, 37 ]
[ -1, 7, 2, 0, -1, 10, 0, 0, 37 ]
[ -1, 7, 2, 1, -11, 1, 0, -1, 10 ]
[ -2, 7, 0, 1, -4, 5, 0, 0, 37 ]
[ 2, -7, 0, -1, 7, 2, 1, -4, 5 ]
[ 0, 1, -10, -1, 3, 5, 0, 0, 37 ]
[ -1, 0, -2, 0, -1, 10, 0, 0, 37 ]
[ 1, 0, 2, -1, 3, 5, 0, -1, 10 ]
[ 0, 1, -10, -1, 7, 2, 0, 0, 37 ]
[ -1, 4, -5, 0, -1, 10, 0, 0, 37 ]
[ 1, -4, 5, -1, 7, 2, 0, -1, 10 ]
[ 37, 0, 0, -14, 1, 0, -18, 0, 1 ]
[ 14, -1, 0, -5, 3, 0, -4, -1, 1 ]
[ 1, 0, 2, -14, 1, 0, 0, 0, 37 ]
[ 18, 0, -1, -14, 1, 0, 1, 0, 2 ]
[ 1, -8, 0, 0, 37, 0, 0, 4, 1 ]
[ 5, -3, 0, -1, 8, 0, 1, -4, 1 ]
[ -4, -1, 1, 1, 0, 2, 0, 0, 37 ]
[ 4, 1, -1, -5, 3, 0, 1, 0, 2 ]
[ -1, 0, -2, -4, -1, 1, 0, 0, 37 ]
[ 14, -1, 0, 1, 0, 2, 0, 0, 37 ]
[ -14, 1, 0, -4, -1, 1, 1, 0, 2 ]
[ -1, 8, 0, 0, -1, 9, 0, 0, 37 ]
[ 1, -8, 0, 0, 4, 1, 0, -1, 9 ]
[ 0, 1, -9, -1, 8, 0, 0, 0, 37 ]
[ -1, 4, -1, 0, -1, 9, 0, 0, 37 ]
[ 1, -4, 1, -1, 8, 0, 0, -1, 9 ]
[ -5, 3, 0, 1, -4, 1, 1, 0, 2 ]
[ 2, -1, 13, -5, 3, 0, 0, 0, 37 ]
[ -1, 0, -2, 2, -1, 13, 0, 0, 37 ]
[ 1, 0, 2, -5, 3, 0, 2, -1, 13 ]
[ 0, -1, 9, 1, -4, 1, 0, 0, 37 ]
[ -1, 0, -2, 0, -1, 9, 0, 0, 37 ]
[ -1, 0, -2, 1, -4, 1, 0, -1, 9 ]
[ 2, -1, 13, 1, 0, 2, 0, 0, 37 ]
[ 5, -3, 0, 2, -1, 13, 0, 0, 37 ]
[ 5, -3, 0, 1, 0, 2, 2, -1, 13 ]
[ 37, 0, 0, 4, 1, 0, -18, 0, 1 ]
[ 1, -9, 0, 0, 37, 0, 0, -14, 1 ]
[ 4, 1, 0, -1, 9, 0, -2, 4, 1 ]
[ 1, 0, 2, 4, 1, 0, 0, 0, 37 ]
[ 18, 0, -1, 4, 1, 0, 1, 0, 2 ]
[ -1, 9, 0, 0, -14, 1, 0, -5, 3 ]
[ 2, -4, -1, -1, 9, 0, -1, 4, 3 ]
[ -4, -1, 0, 1, 0, 2, 0, 0, 37 ]
[ 4, 1, 0, -2, 4, 1, 1, 0, 2 ]
[ -1, 9, 0, 0, -1, 8, 0, 0, 37 ]
[ -1, 9, 0, 0, -5, 3, 0, -1, 8 ]
[ 0, 1, -8, -1, 9, 0, 0, 0, 37 ]
[ -1, 4, 3, 0, -1, 8, 0, 0, 37 ]
[ 1, -4, -3, -1, 9, 0, 0, -1, 8 ]
[ 1, -3, -11, -1, 4, 3, 0, 0, 37 ]
[ 2, -4, -1, -1, 4, 3, -1, 3, 11 ]
[ -1, 0, -2, 1, -1, 10, 0, 0, 37 ]
[ 1, 0, 2, -2, 4, 1, 1, -1, 10 ]
[ 1, -2, -19, -1, 3, 11, 0, 0, 37 ]
[ 2, -4, -1, -1, 3, 11, -1, 2, 19 ]
[ 1, -1, 10, -1, 2, 19, 0, 0, 37 ]
[ 1, -1, 10, -2, 4, 1, -1, 2, 19 ]
[ 37, 0, 0, -15, 1, 0, -18, 0, 1 ]
[ -3, -1, 1, 7, 2, 0, 0, 0, 37 ]
[ 15, -1, 0, 7, 2, 0, -3, -1, 1 ]
[ 1, 0, 2, -15, 1, 0, 0, 0, 37 ]
[ 18, 0, -1, -15, 1, 0, 1, 0, 2 ]
[ 1, -5, 0, 0, 37, 0, 0, -16, 1 ]
[ -7, -2, 0, -3, -1, 1, 0, 0, 37 ]
[ 7, 2, 0, -1, 5, 0, -3, -1, 1 ]
[ -1, 0, -2, -3, -1, 1, 0, 0, 37 ]
[ 15, -1, 0, 1, 0, 2, 0, 0, 37 ]
[ -15, 1, 0, -3, -1, 1, 1, 0, 2 ]
[ -1, 5, 0, 0, -16, 1, 0, 5, 2 ]
[ -3, -1, 1, 1, 0, 2, 0, 0, 37 ]
[ 3, 1, -1, -1, 5, 0, 1, 0, 2 ]
[ -1, 5, 0, 0, -1, 7, 0, 0, 37 ]
[ 1, -5, 0, 0, 5, 2, 0, -1, 7 ]
[ 0, 1, -7, -1, 5, 0, 0, 0, 37 ]
[ -1, 0, -2, 0, -1, 7, 0, 0, 37 ]
[ 1, 0, 2, -1, 5, 0, 0, -1, 7 ]
[ 37, 0, 0, 3, 1, 0, -18, 0, 1 ]
[ 1, -12, 0, 0, 37, 0, 0, 6, 1 ]
[ 3, 1, 0, -1, 12, 0, 0, 6, 1 ]
[ 1, 0, 2, 3, 1, 0, 0, 0, 37 ]
[ 18, 0, -1, 3, 1, 0, 1, 0, 2 ]
[ -1, 12, 0, 0, -1, 6, 0, 0, 37 ]
[ 1, -12, 0, 0, 6, 1, 0, -1, 6 ]
[ 0, 1, -6, -1, 12, 0, 0, 0, 37 ]
[ 0, 6, 1, -1, 12, 0, 0, -1, 6 ]
[ -3, -1, 0, 1, 0, 2, 0, 0, 37 ]
[ 3, 1, 0, 0, 6, 1, 1, 0, 2 ]
[ -1, 0, -2, 0, -1, 6, 0, 0, 37 ]
[ 1, 0, 2, 0, 6, 1, 0, -1, 6 ]
[ 37, 0, 0, -16, 1, 0, -18, 0, 1 ]
[ -2, -1, 1, 5, 2, 0, 0, 0, 37 ]
[ 16, -1, 0, 5, 2, 0, -2, -1, 1 ]
[ 1, 0, 2, -16, 1, 0, 0, 0, 37 ]
[ 18, 0, -1, -16, 1, 0, 1, 0, 2 ]
[ 1, -7, 0, 0, 37, 0, 0, -15, 1 ]
[ -5, -2, 0, -2, -1, 1, 0, 0, 37 ]
[ 5, 2, 0, -1, 7, 0, -2, -1, 1 ]
[ -1, 0, -2, -2, -1, 1, 0, 0, 37 ]
[ 16, -1, 0, 1, 0, 2, 0, 0, 37 ]
[ -16, 1, 0, -2, -1, 1, 1, 0, 2 ]
[ -1, 7, 0, 0, -15, 1, 0, 7, 2 ]
[ -2, -1, 1, 1, 0, 2, 0, 0, 37 ]
[ 2, 1, -1, -1, 7, 0, 1, 0, 2 ]
[ -1, 7, 0, 0, -1, 5, 0, 0, 37 ]
[ 1, -7, 0, 0, 7, 2, 0, -1, 5 ]
[ 0, 1, -5, -1, 7, 0, 0, 0, 37 ]
[ -1, 0, -2, 0, -1, 5, 0, 0, 37 ]
[ 1, 0, 2, -1, 7, 0, 0, -1, 5 ]
[ 37, 0, 0, 2, 1, 0, -18, 0, 1 ]
[ 1, 19, 0, 0, 37, 0, 0, 9, 1 ]
[ 2, 1, 0, 1, 19, 0, 0, 9, 1 ]
[ 1, 0, 2, 2, 1, 0, 0, 0, 37 ]
[ 18, 0, -1, 2, 1, 0, 1, 0, 2 ]
[ -1, -19, 0, 0, -1, 4, 0, 0, 37 ]
[ 1, 19, 0, 0, 9, 1, 0, -1, 4 ]
[ 0, -1, 4, 1, 19, 0, 0, 0, 37 ]
[ 0, -9, -1, 1, 19, 0, 0, -1, 4 ]
[ -2, -1, 0, 1, 0, 2, 0, 0, 37 ]
[ 2, 1, 0, 0, 9, 1, 1, 0, 2 ]
[ -1, 0, -2, 0, -1, 4, 0, 0, 37 ]
[ 1, 0, 2, 0, 9, 1, 0, -1, 4 ]
[ 37, 0, 0, -17, 1, 0, -18, 0, 1 ]
[ -1, -1, 1, 3, 2, 0, 0, 0, 37 ]
[ 17, -1, 0, 3, 2, 0, -1, -1, 1 ]
[ 1, 0, 2, -17, 1, 0, 0, 0, 37 ]
[ 18, 0, -1, -17, 1, 0, 1, 0, 2 ]
[ 1, 13, 0, 0, 37, 0, 0, 12, 1 ]
[ -3, -2, 0, -1, -1, 1, 0, 0, 37 ]
[ 3, 2, 0, 1, 13, 0, -1, -1, 1 ]
[ -1, 0, -2, -1, -1, 1, 0, 0, 37 ]
[ 17, -1, 0, 1, 0, 2, 0, 0, 37 ]
[ -17, 1, 0, -1, -1, 1, 1, 0, 2 ]
[ -1, -13, 0, 0, -1, 3, 0, 0, 37 ]
[ 1, 13, 0, 0, 12, 1, 0, -1, 3 ]
[ 0, -1, 3, 1, 13, 0, 0, 0, 37 ]
[ -1, -1, 1, 0, -1, 3, 0, 0, 37 ]
[ 1, 1, -1, 1, 13, 0, 0, -1, 3 ]
[ 1, 1, 0, 0, 37, 0, 0, 18, 1 ]
[ 37, 0, 0, 1, 1, 0, -18, 0, 1 ]
[ -1, -1, 0, 0, -1, 2, 0, 0, 37 ]
[ 1, 1, 0, 0, 18, 1, 0, -1, 2 ]
[ 1, 0, 2, 1, 1, 0, 0, 0, 37 ]
[ 18, 0, -1, 1, 1, 0, 1, 0, 2 ]
[ 37, 0, 0, -18, 1, 0, -18, 0, 1 ]
[ -1, -2, 0, 0, -1, 1, 0, 0, 37 ]
[ 1, 2, 0, 0, 37, 0, 0, -1, 1 ]
[ 0, -1, 1, 1, 2, 0, 0, 0, 37 ]
[ 18, -1, 0, 1, 2, 0, 0, -1, 1 ]
[ 1, 0, 2, -18, 1, 0, 0, 0, 37 ]
[ 18, 0, -1, -18, 1, 0, 1, 0, 2 ]
[ -1, 0, -2, 0, -1, 1, 0, 0, 37 ]
[ 18, -1, 0, 1, 0, 2, 0, 0, 37 ]
[ -18, 1, 0, 0, -1, 1, 1, 0, 2 ]
[ 37, 0, 0, 0, 1, 0, -12, 0, 1 ]
[ 1, 0, 3, 0, 1, 0, 0, 0, 37 ]
[ 12, 0, -1, 0, 1, 0, 1, 0, 3 ]
[ 37, 0, 0, 12, 1, 0, -12, 0, 1 ]
[ 1, -3, 0, 0, 1, 1, 0, 0, 37 ]
[ 1, -3, 0, 0, 37, 0, 0, 1, 1 ]
[ 0, 1, 1, -1, 3, 0, 0, 0, 37 ]
[ 12, 1, 0, -1, 3, 0, 0, 1, 1 ]
[ 1, 0, 3, 12, 1, 0, 0, 0, 37 ]
[ 12, 0, -1, 12, 1, 0, 1, 0, 3 ]
[ 1, 0, 3, 0, 1, 1, 0, 0, 37 ]
[ -12, -1, 0, 1, 0, 3, 0, 0, 37 ]
[ 12, 1, 0, 0, 1, 1, 1, 0, 3 ]
[ 37, 0, 0, -13, 1, 0, -12, 0, 1 ]
[ 1, -1, 1, -2, 3, 0, 0, 0, 37 ]
[ 13, -1, 0, -2, 3, 0, 1, -1, 1 ]
[ 1, 0, 3, -13, 1, 0, 0, 0, 37 ]
[ 12, 0, -1, -13, 1, 0, 1, 0, 3 ]
[ 1, -20, 0, 0, 37, 0, 0, -18, 1 ]
[ 2, -3, 0, -1, 2, 1, 0, 0, 37 ]
[ 2, -3, 0, -1, 20, 0, -1, 2, 1 ]
[ -1, 0, -3, 1, -1, 1, 0, 0, 37 ]
[ 13, -1, 0, 1, 0, 3, 0, 0, 37 ]
[ -13, 1, 0, 1, -1, 1, 1, 0, 3 ]
[ 1, -20, 0, 0, 1, 2, 0, 0, 37 ]
[ -1, 20, 0, 0, -18, 1, 0, 1, 2 ]
[ 0, 1, 2, -1, 20, 0, 0, 0, 37 ]
[ 1, -2, -1, 0, 1, 2, 0, 0, 37 ]
[ 1, -2, -1, -1, 20, 0, 0, 1, 2 ]
[ 1, -1, 0, 0, 37, 0, 0, -12, 1 ]
[ 37, 0, 0, -1, 1, 0, -12, 0, 1 ]
[ 1, -1, 0, 0, 1, 3, 0, 0, 37 ]
[ -1, 1, 0, 0, -12, 1, 0, 1, 3 ]
[ 1, 0, 3, -1, 1, 0, 0, 0, 37 ]
[ 12, 0, -1, -1, 1, 0, 1, 0, 3 ]
[ 37, 0, 0, 11, 1, 0, -12, 0, 1 ]
[ -1, 1, 1, -4, 3, 0, 0, 0, 37 ]
[ 11, 1, 0, -4, 3, 0, -1, 1, 1 ]
[ 1, 0, 3, 11, 1, 0, 0, 0, 37 ]
[ 12, 0, -1, 11, 1, 0, 1, 0, 3 ]
[ 1, -10, 0, 0, 37, 0, 0, -9, 1 ]
[ 4, -3, 0, -1, 1, 1, 0, 0, 37 ]
[ 4, -3, 0, -1, 10, 0, -1, 1, 1 ]
[ 1, 0, 3, -1, 1, 1, 0, 0, 37 ]
[ -11, -1, 0, 1, 0, 3, 0, 0, 37 ]
[ 11, 1, 0, -1, 1, 1, 1, 0, 3 ]
[ 1, -10, 0, 0, 1, 4, 0, 0, 37 ]
[ -1, 10, 0, 0, -9, 1, 0, 1, 4 ]
[ 0, 1, 4, -1, 10, 0, 0, 0, 37 ]
[ 1, -1, -1, 0, 1, 4, 0, 0, 37 ]
[ 1, -1, -1, -1, 10, 0, 0, 1, 4 ]
[ 37, 0, 0, -14, 1, 0, -12, 0, 1 ]
[ 2, -1, 1, -5, 3, 0, 0, 0, 37 ]
[ 14, -1, 0, -5, 3, 0, 2, -1, 1 ]
[ 1, 0, 3, -14, 1, 0, 0, 0, 37 ]
[ 12, 0, -1, -14, 1, 0, 1, 0, 3 ]
[ 1, -8, 0, 0, 37, 0, 0, 15, 1 ]
[ 5, -3, 0, 2, -1, 1, 0, 0, 37 ]
[ 5, -3, 0, -1, 8, 0, 2, -1, 1 ]
[ -1, 0, -3, 2, -1, 1, 0, 0, 37 ]
[ 14, -1, 0, 1, 0, 3, 0, 0, 37 ]
[ -14, 1, 0, 2, -1, 1, 1, 0, 3 ]
[ 1, -8, 0, 0, 15, 1, 0, -7, 2 ]
[ 2, -1, 1, -1, 1, 2, 0, 0, 37 ]
[ 2, -1, 1, -1, 8, 0, -1, 1, 2 ]
[ 1, -8, 0, 0, 1, 5, 0, 0, 37 ]
[ -1, 8, 0, 0, -7, 2, 0, 1, 5 ]
[ 0, 1, 5, -1, 8, 0, 0, 0, 37 ]
[ 1, -1, -2, 0, 1, 5, 0, 0, 37 ]
[ 1, -1, -2, -1, 8, 0, 0, 1, 5 ]
[ 37, 0, 0, -2, 1, 0, -12, 0, 1 ]
[ 1, -19, 0, 0, 37, 0, 0, -6, 1 ]
[ 2, -1, 0, -1, 19, 0, 0, -6, 1 ]
[ 1, 0, 3, -2, 1, 0, 0, 0, 37 ]
[ 12, 0, -1, -2, 1, 0, 1, 0, 3 ]
[ 1, -19, 0, 0, 1, 6, 0, 0, 37 ]
[ -1, 19, 0, 0, -6, 1, 0, 1, 6 ]
[ 0, 1, 6, -1, 19, 0, 0, 0, 37 ]
[ 0, 6, -1, -1, 19, 0, 0, 1, 6 ]
[ 2, -1, 0, -1, 1, 3, 0, 0, 37 ]
[ -2, 1, 0, 0, -6, 1, -1, 1, 3 ]
[ 1, -1, -3, 0, 1, 6, 0, 0, 37 ]
[ -1, 1, 3, 0, -6, 1, 0, 1, 6 ]
[ 37, 0, 0, 10, 1, 0, -12, 0, 1 ]
[ 10, 1, 0, 3, 4, 0, -2, 1, 1 ]
[ 1, 0, 3, 10, 1, 0, 0, 0, 37 ]
[ 12, 0, -1, 10, 1, 0, 1, 0, 3 ]
[ 1, -11, 0, 0, 37, 0, 0, 16, 1 ]
[ 3, 4, 0, -1, 11, 0, 1, 5, 1 ]
[ 2, -1, -1, 1, 0, 3, 0, 0, 37 ]
[ 2, -1, -1, 3, 4, 0, 1, 0, 3 ]
[ 1, 0, 3, -2, 1, 1, 0, 0, 37 ]
[ -10, -1, 0, 1, 0, 3, 0, 0, 37 ]
[ 10, 1, 0, -2, 1, 1, 1, 0, 3 ]
[ 1, -11, 0, 0, 16, 1, 0, -5, 2 ]
[ 1, 5, 1, -1, 11, 0, 0, -5, 2 ]
[ 3, 4, 0, 1, 5, 1, 1, 0, 3 ]
[ 1, 1, 10, 3, 4, 0, 0, 0, 37 ]
[ 1, 0, 3, 1, 1, 10, 0, 0, 37 ]
[ 1, 0, 3, 3, 4, 0, 1, 1, 10 ]
[ 1, -11, 0, 0, 1, 7, 0, 0, 37 ]
[ -1, 11, 0, 0, -5, 2, 0, 1, 7 ]
[ 0, 1, 7, -1, 11, 0, 0, 0, 37 ]
[ 0, 5, -2, -1, 11, 0, 0, 1, 7 ]
[ 1, 5, 1, 0, 1, 7, 0, 0, 37 ]
[ -1, -5, -1, 0, -5, 2, 0, 1, 7 ]
[ 0, -1, -7, 1, 5, 1, 0, 0, 37 ]
[ 1, 0, 3, 0, 1, 7, 0, 0, 37 ]
[ 1, 0, 3, 1, 5, 1, 0, 1, 7 ]
[ -1, -1, -10, 1, 0, 3, 0, 0, 37 ]
[ -3, -4, 0, 1, 1, 10, 0, 0, 37 ]
[ -3, -4, 0, 1, 0, 3, 1, 1, 10 ]
[ 37, 0, 0, -15, 1, 0, -12, 0, 1 ]
[ 15, -1, 0, 7, 2, 0, 3, -1, 1 ]
[ 1, 0, 3, -15, 1, 0, 0, 0, 37 ]
[ 12, 0, -1, -15, 1, 0, 1, 0, 3 ]
[ 1, -5, 0, 0, 37, 0, 0, 14, 1 ]
[ 7, 2, 0, -1, 5, 0, 3, -1, 1 ]
[ 3, -1, 1, 1, 0, 3, 0, 0, 37 ]
[ 3, -1, 1, 7, 2, 0, 1, 0, 3 ]
[ -1, 0, -3, 3, -1, 1, 0, 0, 37 ]
[ 15, -1, 0, 1, 0, 3, 0, 0, 37 ]
[ -15, 1, 0, 3, -1, 1, 1, 0, 3 ]
[ 1, -5, 0, 0, 14, 1, 0, 5, 3 ]
[ 3, -1, 1, -1, 5, 0, 1, 0, 3 ]
[ -7, -2, 0, 3, -1, 1, 1, 0, 3 ]
[ 4, 1, 20, 7, 2, 0, 0, 0, 37 ]
[ 1, 0, 3, 4, 1, 20, 0, 0, 37 ]
[ 1, 0, 3, 7, 2, 0, 4, 1, 20 ]
[ 3, -1, 1, 1, 0, 3, 0, 0, 37 ]
[ -1, 0, -3, 3, -1, 1, 0, 0, 37 ]
[ 1, -5, 0, 0, 1, 8, 0, 0, 37 ]
[ 1, -5, 0, 0, 5, 3, 0, 1, 8 ]
[ 0, 1, 8, -1, 5, 0, 0, 0, 37 ]
[ 1, 0, 3, 0, 1, 8, 0, 0, 37 ]
[ 1, 0, 3, -1, 5, 0, 0, 1, 8 ]
[ -4, -1, -20, 1, 0, 3, 0, 0, 37 ]
[ -7, -2, 0, 4, 1, 20, 0, 0, 37 ]
[ -7, -2, 0, 1, 0, 3, 4, 1, 20 ]
[ 37, 0, 0, -3, 1, 0, -12, 0, 1 ]
[ 1, 12, 0, 0, 37, 0, 0, -4, 1 ]
[ 3, -1, 0, 1, 12, 0, 0, -4, 1 ]
[ 1, 0, 3, -3, 1, 0, 0, 0, 37 ]
[ 12, 0, -1, -3, 1, 0, 1, 0, 3 ]
[ 1, 12, 0, 0, 1, 9, 0, 0, 37 ]
[ -1, -12, 0, 0, -4, 1, 0, 1, 9 ]
[ 0, -1, -9, 1, 12, 0, 0, 0, 37 ]
[ 0, -4, 1, 1, 12, 0, 0, 1, 9 ]
[ 3, -1, 0, 1, 0, 3, 0, 0, 37 ]
[ -3, 1, 0, 0, -4, 1, 1, 0, 3 ]
[ 1, 0, 3, 0, 1, 9, 0, 0, 37 ]
[ -1, 0, -3, 0, -4, 1, 0, 1, 9 ]
[ 37, 0, 0, 9, 1, 0, -12, 0, 1 ]
[ 1, -4, 0, 0, 37, 0, 0, -11, 1 ]
[ 9, 1, 0, -1, 4, 0, -3, 1, 1 ]
[ 1, 0, 3, 9, 1, 0, 0, 0, 37 ]
[ 12, 0, -1, 9, 1, 0, 1, 0, 3 ]
[ -1, 4, 0, 0, -11, 1, 0, 4, 3 ]
[ 3, -1, -1, 1, 0, 3, 0, 0, 37 ]
[ 3, -1, -1, -1, 4, 0, 1, 0, 3 ]
[ 1, 0, 3, -3, 1, 1, 0, 0, 37 ]
[ -9, -1, 0, 1, 0, 3, 0, 0, 37 ]
[ 9, 1, 0, -3, 1, 1, 1, 0, 3 ]
[ 1, -4, 0, 0, 1, 10, 0, 0, 37 ]
[ 1, -4, 0, 0, 4, 3, 0, 1, 10 ]
[ 0, 1, 10, -1, 4, 0, 0, 0, 37 ]
[ 1, 0, 3, 0, 1, 10, 0, 0, 37 ]
[ 1, 0, 3, -1, 4, 0, 0, 1, 10 ]
[ 37, 0, 0, -16, 1, 0, -12, 0, 1 ]
[ 16, -1, 0, 5, 2, 0, 4, -1, 1 ]
[ 1, 0, 3, -16, 1, 0, 0, 0, 37 ]
[ 12, 0, -1, -16, 1, 0, 1, 0, 3 ]
[ 1, -7, 0, 0, 37, 0, 0, -10, 1 ]
[ 5, 2, 0, -1, 7, 0, -1, -3, 1 ]
[ 4, -1, 1, 1, 0, 3, 0, 0, 37 ]
[ 4, -1, 1, 5, 2, 0, 1, 0, 3 ]
[ -1, 0, -3, 4, -1, 1, 0, 0, 37 ]
[ 16, -1, 0, 1, 0, 3, 0, 0, 37 ]
[ -16, 1, 0, 4, -1, 1, 1, 0, 3 ]
[ -1, 7, 0, 0, -10, 1, 0, -3, 4 ]
[ 1, 3, -1, -1, 7, 0, 0, -3, 4 ]
[ -5, -2, 0, -1, -3, 1, 1, 0, 3 ]
[ 3, 1, 20, 5, 2, 0, 0, 0, 37 ]
[ 1, 0, 3, 3, 1, 20, 0, 0, 37 ]
[ 1, 0, 3, 5, 2, 0, 3, 1, 20 ]
[ 1, -7, 0, 0, 1, 11, 0, 0, 37 ]
[ -1, 7, 0, 0, -3, 4, 0, 1, 11 ]
[ 0, 1, 11, -1, 7, 0, 0, 0, 37 ]
[ 0, 3, -4, -1, 7, 0, 0, 1, 11 ]
[ 1, 3, -1, 0, 1, 11, 0, 0, 37 ]
[ -1, -3, 1, 0, -3, 4, 0, 1, 11 ]
[ 0, 1, 11, -1, -3, 1, 0, 0, 37 ]
[ 1, 0, 3, 0, 1, 11, 0, 0, 37 ]
[ -1, 0, -3, -1, -3, 1, 0, 1, 11 ]
[ -3, -1, -20, 1, 0, 3, 0, 0, 37 ]
[ -5, -2, 0, 3, 1, 20, 0, 0, 37 ]
[ -5, -2, 0, 1, 0, 3, 3, 1, 20 ]
[ 37, 0, 0, -4, 1, 0, -12, 0, 1 ]
[ 1, 9, 0, 0, 37, 0, 0, -3, 1 ]
[ 4, -1, 0, 1, 9, 0, 0, -3, 1 ]
[ 1, 0, 3, -4, 1, 0, 0, 0, 37 ]
[ 12, 0, -1, -4, 1, 0, 1, 0, 3 ]
[ 1, 9, 0, 0, 1, 12, 0, 0, 37 ]
[ -1, -9, 0, 0, -3, 1, 0, 1, 12 ]
[ 0, -1, -12, 1, 9, 0, 0, 0, 37 ]
[ 0, -3, 1, 1, 9, 0, 0, 1, 12 ]
[ 4, -1, 0, 1, 0, 3, 0, 0, 37 ]
[ -4, 1, 0, 0, -3, 1, 1, 0, 3 ]
[ 1, 0, 3, 0, 1, 12, 0, 0, 37 ]
[ -1, 0, -3, 0, -3, 1, 0, 1, 12 ]
[ 37, 0, 0, 8, 1, 0, -12, 0, 1 ]
[ 8, 1, 0, 3, 5, 0, 4, 2, 1 ]
[ 1, 0, 3, 8, 1, 0, 0, 0, 37 ]
[ 12, 0, -1, 8, 1, 0, 1, 0, 3 ]
[ 1, 14, 0, 0, 37, 0, 0, -17, 1 ]
[ 3, 5, 0, 1, 14, 0, 1, -3, 1 ]
[ 4, 2, 1, 3, 5, 0, 1, 0, 3 ]
[ -8, -1, 0, 1, 0, 3, 0, 0, 37 ]
[ 8, 1, 0, 4, 2, 1, 1, 0, 3 ]
[ -1, -14, 0, 0, -17, 1, 0, 3, 2 ]
[ 1, -3, 1, 1, 14, 0, 0, 3, 2 ]
[ -3, -5, 0, 1, -3, 1, 1, 0, 3 ]
[ -1, -2, 8, 3, 5, 0, 0, 0, 37 ]
[ 1, 0, 3, 3, 5, 0, -1, -2, 8 ]
[ -2, -1, -19, 1, 0, 3, 0, 0, 37 ]
[ -4, -2, -1, 1, 0, 3, 2, 1, 19 ]
[ 1, 0, 3, 2, 1, 19, 0, 0, 37 ]
[ 1, 0, 3, 4, 2, 1, 2, 1, 19 ]
[ 1, 14, 0, 0, 1, 13, 0, 0, 37 ]
[ 1, 14, 0, 0, 3, 2, 0, 1, 13 ]
[ 0, -1, -13, 1, 14, 0, 0, 0, 37 ]
[ 0, -3, -2, 1, 14, 0, 0, 1, 13 ]
[ 1, -3, 1, 0, 1, 13, 0, 0, 37 ]
[ 1, -3, 1, 0, 3, 2, 0, 1, 13 ]
[ 0, -1, -13, 1, -3, 1, 0, 0, 37 ]
[ 1, 0, 3, 0, 1, 13, 0, 0, 37 ]
[ -1, 0, -3, 1, -3, 1, 0, 1, 13 ]
[ -3, -5, 0, -1, -2, 8, 0, 0, 37 ]
[ -3, -5, 0, 1, 0, 3, -1, -2, 8 ]
[ 0, 1, -24, -1, -2, 8, 0, 0, 37 ]
[ -1, 0, -3, 0, -1, 24, 0, 0, 37 ]
[ -1, 0, -3, -1, -2, 8, 0, -1, 24 ]
[ 0, -1, 24, 1, 0, 3, 0, 0, 37 ]
[ -1, -2, 8, 0, -1, 24, 0, 0, 37 ]
[ -1, -2, 8, 1, 0, 3, 0, -1, 24 ]
[ 37, 0, 0, -17, 1, 0, -12, 0, 1 ]
[ 17, -1, 0, 3, 2, 0, 5, -1, 1 ]
[ 1, 0, 3, -17, 1, 0, 0, 0, 37 ]
[ 12, 0, -1, -17, 1, 0, 1, 0, 3 ]
[ 1, 13, 0, 0, 37, 0, 0, 8, 1 ]
[ 3, 2, 0, 1, 13, 0, -1, -5, 1 ]
[ 5, -1, 1, 1, 0, 3, 0, 0, 37 ]
[ 5, -1, 1, 3, 2, 0, 1, 0, 3 ]
[ -1, 0, -3, 5, -1, 1, 0, 0, 37 ]
[ 17, -1, 0, 1, 0, 3, 0, 0, 37 ]
[ -17, 1, 0, 5, -1, 1, 1, 0, 3 ]
[ 1, 13, 0, 0, 8, 1, 0, 3, 5 ]
[ 1, 5, -1, 1, 13, 0, 0, 3, 5 ]
[ -3, -2, 0, -1, -5, 1, 1, 0, 3 ]
[ 2, 1, 20, 3, 2, 0, 0, 0, 37 ]
[ 1, 0, 3, 2, 1, 20, 0, 0, 37 ]
[ 1, 0, 3, 3, 2, 0, 2, 1, 20 ]
[ 1, 13, 0, 0, 1, 14, 0, 0, 37 ]
[ 1, 13, 0, 0, 3, 5, 0, 1, 14 ]
[ 0, -1, -14, 1, 13, 0, 0, 0, 37 ]
[ 0, -3, -5, 1, 13, 0, 0, 1, 14 ]
[ 1, 5, -1, 0, 1, 14, 0, 0, 37 ]
[ 1, 5, -1, 0, 3, 5, 0, 1, 14 ]
[ -1, 0, -3, -1, -5, 1, 0, -2, 9 ]
[ -2, -1, -20, 1, 0, 3, 0, 0, 37 ]
[ -3, -2, 0, 2, 1, 20, 0, 0, 37 ]
[ -3, -2, 0, 1, 0, 3, 2, 1, 20 ]
[ 0, 1, -23, -1, -5, 1, 0, 0, 37 ]
[ 0, 2, -9, -1, -5, 1, 0, -1, 23 ]
[ -1, 0, -3, 0, -1, 23, 0, 0, 37 ]
[ -1, 0, -3, 0, -2, 9, 0, -1, 23 ]
[ 37, 0, 0, -5, 1, 0, -12, 0, 1 ]
[ 5, -1, 0, 2, 7, 0, -2, -2, 1 ]
[ 1, 0, 3, -5, 1, 0, 0, 0, 37 ]
[ 12, 0, -1, -5, 1, 0, 1, 0, 3 ]
[ 1, 22, 0, 0, 37, 0, 0, 5, 1 ]
[ 2, 7, 0, 1, 22, 0, 0, 5, 1 ]
[ 2, 2, -1, 2, 7, 0, -1, -2, 4 ]
[ 5, -1, 0, 1, 0, 3, 0, 0, 37 ]
[ -5, 1, 0, -2, -2, 1, 1, 0, 3 ]
[ 1, 22, 0, 0, 5, 1, 0, -2, 7 ]
[ 0, -5, -1, 1, 22, 0, 0, -2, 7 ]
[ 2, 7, 0, 0, 5, 1, 1, 5, 4 ]
[ 1, 3, 11, 2, 7, 0, 0, 0, 37 ]
[ 1, 2, -4, 1, 3, 11, 0, 0, 37 ]
[ 1, 2, -4, 2, 7, 0, 1, 3, 11 ]
[ -1, -1, 19, -1, -2, 4, 0, 0, 37 ]
[ -2, -2, 1, -1, -2, 4, -1, -1, 19 ]
[ -1, 0, -3, -1, -1, 19, 0, 0, 37 ]
[ -1, 0, -3, -2, -2, 1, -1, -1, 19 ]
[ -1, -22, 0, 0, -1, 22, 0, 0, 37 ]
[ -1, -22, 0, 0, -2, 7, 0, -1, 22 ]
[ 0, -1, 22, 1, 22, 0, 0, 0, 37 ]
[ 0, -2, 7, 1, 22, 0, 0, -1, 22 ]
[ 1, 5, 4, 0, 5, 1, 0, -2, 7 ]
[ 1, 4, -11, 1, 5, 4, 0, 0, 37 ]
[ -2, -7, 0, -1, -4, 11, 0, 0, 37 ]
[ 2, 7, 0, 1, 5, 4, -1, -4, 11 ]
[ -1, -5, -4, 0, -1, 22, 0, 0, 37 ]
[ -1, -5, -4, 0, -2, 7, 0, -1, 22 ]
[ 37, 0, 0, 7, 1, 0, -12, 0, 1 ]
[ 7, 1, 0, -2, 5, 0, 2, 2, 1 ]
[ 1, 0, 3, 7, 1, 0, 0, 0, 37 ]
[ 12, 0, -1, 7, 1, 0, 1, 0, 3 ]
[ 1, -21, 0, 0, 37, 0, 0, 7, 1 ]
[ 2, -5, 0, -1, 21, 0, 0, 7, 1 ]
[ 2, 2, 1, -2, 5, 0, 1, 0, 3 ]
[ -7, -1, 0, 1, 0, 3, 0, 0, 37 ]
[ 7, 1, 0, 2, 2, 1, 1, 0, 3 ]
[ 1, -21, 0, 0, 7, 1, 0, -2, 5 ]
[ 0, 7, 1, -1, 21, 0, 0, -2, 5 ]
[ 2, -5, 0, 0, 7, 1, -1, 5, 3 ]
[ 1, -2, 8, -2, 5, 0, 0, 0, 37 ]
[ 1, 0, 3, -2, 5, 0, 1, -2, 8 ]
[ -1, -1, -19, 1, 0, 3, 0, 0, 37 ]
[ -2, -2, -1, 1, 0, 3, 1, 1, 19 ]
[ 1, 0, 3, 1, 1, 19, 0, 0, 37 ]
[ 1, 0, 3, 2, 2, 1, 1, 1, 19 ]
[ -1, 21, 0, 0, -1, 21, 0, 0, 37 ]
[ -1, 21, 0, 0, -2, 5, 0, -1, 21 ]
[ 0, 1, -21, -1, 21, 0, 0, 0, 37 ]
[ 0, 2, -5, -1, 21, 0, 0, -1, 21 ]
[ 1, -5, -3, 0, 7, 1, 0, -2, 5 ]
[ 2, -5, 0, -1, 3, 8, 0, 0, 37 ]
[ 2, -5, 0, -1, 5, 3, -1, 3, 8 ]
[ -1, 1, -24, 1, -2, 8, 0, 0, 37 ]
[ -1, 0, -3, 1, -1, 24, 0, 0, 37 ]
[ -1, 0, -3, 1, -2, 8, 1, -1, 24 ]
[ -1, 5, 3, 0, -1, 21, 0, 0, 37 ]
[ -1, 5, 3, 0, -2, 5, 0, -1, 21 ]
[ 1, -4, -24, -1, 5, 3, 0, 0, 37 ]
[ 1, -3, -8, -1, 4, 24, 0, 0, 37 ]
[ 1, -3, -8, -1, 5, 3, -1, 4, 24 ]
[ 37, 0, 0, -18, 1, 0, -12, 0, 1 ]
[ 1, 2, 0, 0, 37, 0, 0, -13, 1 ]
[ 18, -1, 0, 1, 2, 0, 6, -1, 1 ]
[ 1, 0, 3, -18, 1, 0, 0, 0, 37 ]
[ 12, 0, -1, -18, 1, 0, 1, 0, 3 ]
[ -1, -2, 0, 0, -13, 1, 0, -2, 3 ]
[ 6, -1, 1, 1, 0, 3, 0, 0, 37 ]
[ 6, -1, 1, 1, 2, 0, 1, 0, 3 ]
[ -1, 0, -3, 6, -1, 1, 0, 0, 37 ]
[ 18, -1, 0, 1, 0, 3, 0, 0, 37 ]
[ -18, 1, 0, 6, -1, 1, 1, 0, 3 ]
[ -1, -2, 0, 0, -1, 20, 0, 0, 37 ]
[ -1, -2, 0, 0, -2, 3, 0, -1, 20 ]
[ 1, 1, 20, 1, 2, 0, 0, 0, 37 ]
[ 1, 0, 3, 1, 1, 20, 0, 0, 37 ]
[ 1, 0, 3, 1, 2, 0, 1, 1, 20 ]
[ 37, 0, 0, -6, 1, 0, -12, 0, 1 ]
[ 1, 6, 0, 0, 37, 0, 0, -2, 1 ]
[ 6, -1, 0, 1, 6, 0, 0, -2, 1 ]
[ 1, 0, 3, -6, 1, 0, 0, 0, 37 ]
[ 12, 0, -1, -6, 1, 0, 1, 0, 3 ]
[ -1, -6, 0, 0, -1, 19, 0, 0, 37 ]
[ -1, -6, 0, 0, -2, 1, 0, -1, 19 ]
[ 0, -1, 19, 1, 6, 0, 0, 0, 37 ]
[ 0, -2, 1, 1, 6, 0, 0, -1, 19 ]
[ 6, -1, 0, 1, 0, 3, 0, 0, 37 ]
[ -6, 1, 0, 0, -2, 1, 1, 0, 3 ]
[ -1, 0, -3, 0, -1, 19, 0, 0, 37 ]
[ -1, 0, -3, 0, -2, 1, 0, -1, 19 ]
[ 37, 0, 0, 6, 1, 0, -12, 0, 1 ]
[ 1, -6, 0, 0, 37, 0, 0, 2, 1 ]
[ 6, 1, 0, -1, 6, 0, 0, 2, 1 ]
[ 1, 0, 3, 6, 1, 0, 0, 0, 37 ]
[ 12, 0, -1, 6, 1, 0, 1, 0, 3 ]
[ 1, -6, 0, 0, 1, 19, 0, 0, 37 ]
[ 1, -6, 0, 0, 2, 1, 0, 1, 19 ]
[ 0, 1, 19, -1, 6, 0, 0, 0, 37 ]
[ 0, 2, 1, -1, 6, 0, 0, 1, 19 ]
[ -6, -1, 0, 1, 0, 3, 0, 0, 37 ]
[ 6, 1, 0, 0, 2, 1, 1, 0, 3 ]
[ 1, 0, 3, 0, 1, 19, 0, 0, 37 ]
[ 1, 0, 3, 0, 2, 1, 0, 1, 19 ]
[ 37, 0, 0, 18, 1, 0, -12, 0, 1 ]
[ 1, -2, 0, 0, 37, 0, 0, 13, 1 ]
[ 18, 1, 0, -1, 2, 0, 6, 1, 1 ]
[ 1, 0, 3, 18, 1, 0, 0, 0, 37 ]
[ 12, 0, -1, 18, 1, 0, 1, 0, 3 ]
[ 1, -2, 0, 0, 13, 1, 0, 2, 3 ]
[ -6, -1, -1, 1, 0, 3, 0, 0, 37 ]
[ 6, 1, 1, -1, 2, 0, 1, 0, 3 ]
[ 1, 0, 3, 6, 1, 1, 0, 0, 37 ]
[ -18, -1, 0, 1, 0, 3, 0, 0, 37 ]
[ 18, 1, 0, 6, 1, 1, 1, 0, 3 ]
[ 1, -2, 0, 0, 1, 20, 0, 0, 37 ]
[ 1, -2, 0, 0, 2, 3, 0, 1, 20 ]
[ 0, 1, 20, -1, 2, 0, 0, 0, 37 ]
[ 1, 0, 3, 0, 1, 20, 0, 0, 37 ]
[ 1, 0, 3, -1, 2, 0, 0, 1, 20 ]
[ 37, 0, 0, -7, 1, 0, -12, 0, 1 ]
[ 7, -1, 0, 2, 5, 0, 2, -2, 1 ]
[ 1, 0, 3, -7, 1, 0, 0, 0, 37 ]
[ 12, 0, -1, -7, 1, 0, 1, 0, 3 ]
[ 1, 21, 0, 0, 37, 0, 0, -7, 1 ]
[ 2, 5, 0, 1, 21, 0, 0, -7, 1 ]
[ 2, -2, 1, 2, 5, 0, 1, 0, 3 ]
[ 7, -1, 0, 1, 0, 3, 0, 0, 37 ]
[ -7, 1, 0, 2, -2, 1, 1, 0, 3 ]
[ -1, -21, 0, 0, -7, 1, 0, 2, 5 ]
[ 0, -7, 1, 1, 21, 0, 0, 2, 5 ]
[ -2, -5, 0, 0, -7, 1, 1, 0, 3 ]
[ 1, 2, 8, 2, 5, 0, 0, 0, 37 ]
[ 1, 0, 3, 2, 5, 0, 1, 2, 8 ]
[ 1, -1, 19, 1, 0, 3, 0, 0, 37 ]
[ 2, -2, 1, 1, 0, 3, 1, -1, 19 ]
[ -1, 0, -3, 1, -1, 19, 0, 0, 37 ]
[ -1, 0, -3, 2, -2, 1, 1, -1, 19 ]
[ 1, 21, 0, 0, 1, 21, 0, 0, 37 ]
[ 1, 21, 0, 0, 2, 5, 0, 1, 21 ]
[ 0, -1, -21, 1, 21, 0, 0, 0, 37 ]
[ 0, -2, -5, 1, 21, 0, 0, 1, 21 ]
[ -1, 0, -3, 0, -7, 1, 0, 2, 5 ]
[ -2, -5, 0, 1, 2, 8, 0, 0, 37 ]
[ -2, -5, 0, 1, 0, 3, 1, 2, 8 ]
[ 1, 1, 24, 1, 2, 8, 0, 0, 37 ]
[ 1, 0, 3, 1, 1, 24, 0, 0, 37 ]
[ 1, 0, 3, 1, 2, 8, 1, 1, 24 ]
[ 1, 0, 3, 0, 1, 21, 0, 0, 37 ]
[ 1, 0, 3, 0, 2, 5, 0, 1, 21 ]
[ -1, -1, -24, 1, 0, 3, 0, 0, 37 ]
[ -1, -2, -8, 1, 1, 24, 0, 0, 37 ]
[ -1, -2, -8, 1, 0, 3, 1, 1, 24 ]
[ 37, 0, 0, 5, 1, 0, -12, 0, 1 ]
[ 5, 1, 0, -2, 7, 0, -2, 2, 1 ]
[ 1, 0, 3, 5, 1, 0, 0, 0, 37 ]
[ 12, 0, -1, 5, 1, 0, 1, 0, 3 ]
[ 1, -22, 0, 0, 37, 0, 0, -5, 1 ]
[ 2, -7, 0, -1, 22, 0, 0, -5, 1 ]
[ 2, -2, -1, -2, 7, 0, -1, 2, 4 ]
[ -5, -1, 0, 1, 0, 3, 0, 0, 37 ]
[ 5, 1, 0, -2, 2, 1, 1, 0, 3 ]
[ -1, 22, 0, 0, -5, 1, 0, 2, 7 ]
[ 0, 5, -1, -1, 22, 0, 0, 2, 7 ]
[ -2, 7, 0, 0, -5, 1, -1, 2, 4 ]
[ 1, -3, 11, -2, 7, 0, 0, 0, 37 ]
[ -1, 2, 4, 1, -3, 11, 0, 0, 37 ]
[ 1, -2, -4, -2, 7, 0, 1, -3, 11 ]
[ 1, -1, -19, -1, 2, 4, 0, 0, 37 ]
[ 2, -2, -1, -1, 2, 4, -1, 1, 19 ]
[ 1, 0, 3, -1, 1, 19, 0, 0, 37 ]
[ 1, 0, 3, -2, 2, 1, -1, 1, 19 ]
[ 1, -22, 0, 0, 1, 22, 0, 0, 37 ]
[ 1, -22, 0, 0, 2, 7, 0, 1, 22 ]
[ 0, 1, 22, -1, 22, 0, 0, 0, 37 ]
[ 0, 2, 7, -1, 22, 0, 0, 1, 22 ]
[ -1, 2, 4, 0, -5, 1, 0, 2, 7 ]
[ -1, 3, -11, -1, 2, 4, 0, 0, 37 ]
[ 2, -7, 0, 1, -3, 11, 0, 0, 37 ]
[ -2, 7, 0, -1, 2, 4, 1, -3, 11 ]
[ 1, -2, -4, 0, 1, 22, 0, 0, 37 ]
[ 1, -2, -4, 0, 2, 7, 0, 1, 22 ]
[ 37, 0, 0, 17, 1, 0, -12, 0, 1 ]
[ 17, 1, 0, -3, 2, 0, 5, 1, 1 ]
[ 1, 0, 3, 17, 1, 0, 0, 0, 37 ]
[ 12, 0, -1, 17, 1, 0, 1, 0, 3 ]
[ 1, -13, 0, 0, 37, 0, 0, -8, 1 ]
[ 3, -2, 0, -1, 13, 0, -1, 5, 1 ]
[ -5, -1, -1, 1, 0, 3, 0, 0, 37 ]
[ 5, 1, 1, -3, 2, 0, 1, 0, 3 ]
[ 1, 0, 3, 5, 1, 1, 0, 0, 37 ]
[ -17, -1, 0, 1, 0, 3, 0, 0, 37 ]
[ 17, 1, 0, 5, 1, 1, 1, 0, 3 ]
[ -1, 13, 0, 0, -8, 1, 0, -3, 5 ]
[ 1, -5, -1, -1, 13, 0, 0, -3, 5 ]
[ 3, -2, 0, -1, 5, 1, 1, 0, 3 ]
[ -1, 1, 20, -3, 2, 0, 0, 0, 37 ]
[ 1, 0, 3, -1, 1, 20, 0, 0, 37 ]
[ 1, 0, 3, -3, 2, 0, -1, 1, 20 ]
[ -1, 13, 0, 0, -1, 14, 0, 0, 37 ]
[ -1, 13, 0, 0, -3, 5, 0, -1, 14 ]
[ 0, 1, -14, -1, 13, 0, 0, 0, 37 ]
[ 0, 3, -5, -1, 13, 0, 0, -1, 14 ]
[ -1, 5, 1, 0, -1, 14, 0, 0, 37 ]
[ -1, 5, 1, 0, -3, 5, 0, -1, 14 ]
[ 1, 0, 3, -1, 5, 1, 0, 2, 9 ]
[ 1, -1, -20, 1, 0, 3, 0, 0, 37 ]
[ 3, -2, 0, -1, 1, 20, 0, 0, 37 ]
[ 3, -2, 0, 1, 0, 3, -1, 1, 20 ]
[ 0, 1, 23, -1, 5, 1, 0, 0, 37 ]
[ 0, 2, 9, -1, 5, 1, 0, 1, 23 ]
[ 1, 0, 3, 0, 1, 23, 0, 0, 37 ]
[ 1, 0, 3, 0, 2, 9, 0, 1, 23 ]
[ 37, 0, 0, -8, 1, 0, -12, 0, 1 ]
[ 8, -1, 0, -3, 5, 0, 4, -2, 1 ]
[ 1, 0, 3, -8, 1, 0, 0, 0, 37 ]
[ 12, 0, -1, -8, 1, 0, 1, 0, 3 ]
[ 1, -14, 0, 0, 37, 0, 0, 17, 1 ]
[ 3, -5, 0, -1, 14, 0, 1, 3, 1 ]
[ 4, -2, 1, -3, 5, 0, 1, 0, 3 ]
[ 8, -1, 0, 1, 0, 3, 0, 0, 37 ]
[ -8, 1, 0, 4, -2, 1, 1, 0, 3 ]
[ 1, -14, 0, 0, 17, 1, 0, -3, 2 ]
[ 1, 3, 1, -1, 14, 0, 0, -3, 2 ]
[ 3, -5, 0, 1, 3, 1, 1, 0, 3 ]
[ -1, 2, 8, -3, 5, 0, 0, 0, 37 ]
[ 1, 0, 3, -3, 5, 0, -1, 2, 8 ]
[ 2, -1, 19, 1, 0, 3, 0, 0, 37 ]
[ 4, -2, 1, 1, 0, 3, 2, -1, 19 ]
[ -1, 0, -3, 2, -1, 19, 0, 0, 37 ]
[ -1, 0, -3, 4, -2, 1, 2, -1, 19 ]
[ -1, 14, 0, 0, -1, 13, 0, 0, 37 ]
[ -1, 14, 0, 0, -3, 2, 0, -1, 13 ]
[ 0, 1, -13, -1, 14, 0, 0, 0, 37 ]
[ 0, 3, -2, -1, 14, 0, 0, -1, 13 ]
[ -1, -3, -1, 0, -1, 13, 0, 0, 37 ]
[ -1, -3, -1, 0, -3, 2, 0, -1, 13 ]
[ 0, -1, 13, 1, 3, 1, 0, 0, 37 ]
[ -1, 0, -3, 0, -1, 13, 0, 0, 37 ]
[ 1, 0, 3, 1, 3, 1, 0, -1, 13 ]
[ 3, -5, 0, -1, 2, 8, 0, 0, 37 ]
[ 3, -5, 0, 1, 0, 3, -1, 2, 8 ]
[ 0, 1, 24, -1, 2, 8, 0, 0, 37 ]
[ 1, 0, 3, 0, 1, 24, 0, 0, 37 ]
[ 1, 0, 3, -1, 2, 8, 0, 1, 24 ]
[ 0, -1, -24, 1, 0, 3, 0, 0, 37 ]
[ 1, -2, -8, 0, 1, 24, 0, 0, 37 ]
[ 1, -2, -8, 1, 0, 3, 0, 1, 24 ]
[ 37, 0, 0, 4, 1, 0, -12, 0, 1 ]
[ 1, -9, 0, 0, 37, 0, 0, 3, 1 ]
[ 4, 1, 0, -1, 9, 0, 0, 3, 1 ]
[ 1, 0, 3, 4, 1, 0, 0, 0, 37 ]
[ 12, 0, -1, 4, 1, 0, 1, 0, 3 ]
[ -1, 9, 0, 0, -1, 12, 0, 0, 37 ]
[ 1, -9, 0, 0, 3, 1, 0, -1, 12 ]
[ 0, 1, -12, -1, 9, 0, 0, 0, 37 ]
[ 0, 3, 1, -1, 9, 0, 0, -1, 12 ]
[ -4, -1, 0, 1, 0, 3, 0, 0, 37 ]
[ 4, 1, 0, 0, 3, 1, 1, 0, 3 ]
[ -1, 0, -3, 0, -1, 12, 0, 0, 37 ]
[ 1, 0, 3, 0, 3, 1, 0, -1, 12 ]
[ 37, 0, 0, 16, 1, 0, -12, 0, 1 ]
[ 16, 1, 0, -5, 2, 0, 4, 1, 1 ]
[ 1, 0, 3, 16, 1, 0, 0, 0, 37 ]
[ 12, 0, -1, 16, 1, 0, 1, 0, 3 ]
[ 1, 7, 0, 0, 37, 0, 0, 10, 1 ]
[ 5, -2, 0, 1, 7, 0, -1, 3, 1 ]
[ -4, -1, -1, 1, 0, 3, 0, 0, 37 ]
[ 4, 1, 1, -5, 2, 0, 1, 0, 3 ]
[ 1, 0, 3, 4, 1, 1, 0, 0, 37 ]
[ -16, -1, 0, 1, 0, 3, 0, 0, 37 ]
[ 16, 1, 0, 4, 1, 1, 1, 0, 3 ]
[ 1, 7, 0, 0, 10, 1, 0, 3, 4 ]
[ 1, -3, -1, 1, 7, 0, 0, 3, 4 ]
[ 5, -2, 0, -1, 3, 1, 1, 0, 3 ]
[ -2, 1, 20, -5, 2, 0, 0, 0, 37 ]
[ 1, 0, 3, -2, 1, 20, 0, 0, 37 ]
[ 1, 0, 3, -5, 2, 0, -2, 1, 20 ]
[ -1, -7, 0, 0, -1, 11, 0, 0, 37 ]
[ 1, 7, 0, 0, 3, 4, 0, -1, 11 ]
[ 0, -1, 11, 1, 7, 0, 0, 0, 37 ]
[ 0, -3, -4, 1, 7, 0, 0, -1, 11 ]
[ -1, 3, 1, 0, -1, 11, 0, 0, 37 ]
[ 1, -3, -1, 0, 3, 4, 0, -1, 11 ]
[ 0, 1, -11, -1, 3, 1, 0, 0, 37 ]
[ -1, 0, -3, 0, -1, 11, 0, 0, 37 ]
[ 1, 0, 3, -1, 3, 1, 0, -1, 11 ]
[ 2, -1, -20, 1, 0, 3, 0, 0, 37 ]
[ 5, -2, 0, -2, 1, 20, 0, 0, 37 ]
[ 5, -2, 0, 1, 0, 3, -2, 1, 20 ]
[ 37, 0, 0, -9, 1, 0, -12, 0, 1 ]
[ 1, 4, 0, 0, 37, 0, 0, 11, 1 ]
[ 9, -1, 0, 1, 4, 0, -3, -1, 1 ]
[ 1, 0, 3, -9, 1, 0, 0, 0, 37 ]
[ 12, 0, -1, -9, 1, 0, 1, 0, 3 ]
[ 1, 4, 0, 0, 11, 1, 0, -4, 3 ]
[ -3, -1, 1, 1, 0, 3, 0, 0, 37 ]
[ 3, 1, -1, 1, 4, 0, 1, 0, 3 ]
[ -1, 0, -3, -3, -1, 1, 0, 0, 37 ]
[ 9, -1, 0, 1, 0, 3, 0, 0, 37 ]
[ -9, 1, 0, -3, -1, 1, 1, 0, 3 ]
[ -1, -4, 0, 0, -1, 10, 0, 0, 37 ]
[ -1, -4, 0, 0, -4, 3, 0, -1, 10 ]
[ 0, -1, 10, 1, 4, 0, 0, 0, 37 ]
[ -1, 0, -3, 0, -1, 10, 0, 0, 37 ]
[ 1, 0, 3, 1, 4, 0, 0, -1, 10 ]
[ 37, 0, 0, 3, 1, 0, -12, 0, 1 ]
[ 1, -12, 0, 0, 37, 0, 0, 4, 1 ]
[ 3, 1, 0, -1, 12, 0, 0, 4, 1 ]
[ 1, 0, 3, 3, 1, 0, 0, 0, 37 ]
[ 12, 0, -1, 3, 1, 0, 1, 0, 3 ]
[ -1, 12, 0, 0, -1, 9, 0, 0, 37 ]
[ 1, -12, 0, 0, 4, 1, 0, -1, 9 ]
[ 0, 1, -9, -1, 12, 0, 0, 0, 37 ]
[ 0, 4, 1, -1, 12, 0, 0, -1, 9 ]
[ -3, -1, 0, 1, 0, 3, 0, 0, 37 ]
[ 3, 1, 0, 0, 4, 1, 1, 0, 3 ]
[ -1, 0, -3, 0, -1, 9, 0, 0, 37 ]
[ 1, 0, 3, 0, 4, 1, 0, -1, 9 ]
[ 37, 0, 0, 15, 1, 0, -12, 0, 1 ]
[ 15, 1, 0, -7, 2, 0, 3, 1, 1 ]
[ 1, 0, 3, 15, 1, 0, 0, 0, 37 ]
[ 12, 0, -1, 15, 1, 0, 1, 0, 3 ]
[ 1, 5, 0, 0, 37, 0, 0, -14, 1 ]
[ 7, -2, 0, 1, 5, 0, 3, 1, 1 ]
[ -3, -1, -1, 1, 0, 3, 0, 0, 37 ]
[ 3, 1, 1, -7, 2, 0, 1, 0, 3 ]
[ 1, 0, 3, 3, 1, 1, 0, 0, 37 ]
[ -15, -1, 0, 1, 0, 3, 0, 0, 37 ]
[ 15, 1, 0, 3, 1, 1, 1, 0, 3 ]
[ -1, -5, 0, 0, -14, 1, 0, -5, 3 ]
[ 3, 1, 1, 1, 5, 0, 1, 0, 3 ]
[ 7, -2, 0, 3, 1, 1, 1, 0, 3 ]
[ -3, 1, 20, -7, 2, 0, 0, 0, 37 ]
[ 1, 0, 3, -3, 1, 20, 0, 0, 37 ]
[ 1, 0, 3, -7, 2, 0, -3, 1, 20 ]
[ -3, -1, -1, 1, 0, 3, 0, 0, 37 ]
[ 1, 0, 3, 3, 1, 1, 0, 0, 37 ]
[ -1, -5, 0, 0, -1, 8, 0, 0, 37 ]
[ -1, -5, 0, 0, -5, 3, 0, -1, 8 ]
[ 0, -1, 8, 1, 5, 0, 0, 0, 37 ]
[ -1, 0, -3, 0, -1, 8, 0, 0, 37 ]
[ 1, 0, 3, 1, 5, 0, 0, -1, 8 ]
[ 3, -1, -20, 1, 0, 3, 0, 0, 37 ]
[ 7, -2, 0, -3, 1, 20, 0, 0, 37 ]
[ 7, -2, 0, 1, 0, 3, -3, 1, 20 ]
[ 37, 0, 0, -10, 1, 0, -12, 0, 1 ]
[ 10, -1, 0, -3, 4, 0, -2, -1, 1 ]
[ 1, 0, 3, -10, 1, 0, 0, 0, 37 ]
[ 12, 0, -1, -10, 1, 0, 1, 0, 3 ]
[ 1, 11, 0, 0, 37, 0, 0, -16, 1 ]
[ 3, -4, 0, 1, 11, 0, 1, -5, 1 ]
[ -2, -1, 1, 1, 0, 3, 0, 0, 37 ]
[ 2, 1, -1, -3, 4, 0, 1, 0, 3 ]
[ -1, 0, -3, -2, -1, 1, 0, 0, 37 ]
[ 10, -1, 0, 1, 0, 3, 0, 0, 37 ]
[ -10, 1, 0, -2, -1, 1, 1, 0, 3 ]
[ -1, -11, 0, 0, -16, 1, 0, 5, 2 ]
[ 1, -5, 1, 1, 11, 0, 0, 5, 2 ]
[ -3, 4, 0, 1, -5, 1, 1, 0, 3 ]
[ 1, -1, 10, -3, 4, 0, 0, 0, 37 ]
[ -1, 0, -3, 1, -1, 10, 0, 0, 37 ]
[ 1, 0, 3, -3, 4, 0, 1, -1, 10 ]
[ -1, -11, 0, 0, -1, 7, 0, 0, 37 ]
[ 1, 11, 0, 0, 5, 2, 0, -1, 7 ]
[ 0, -1, 7, 1, 11, 0, 0, 0, 37 ]
[ 0, -5, -2, 1, 11, 0, 0, -1, 7 ]
[ -1, 5, -1, 0, -1, 7, 0, 0, 37 ]
[ 1, -5, 1, 0, 5, 2, 0, -1, 7 ]
[ 0, -1, 7, 1, -5, 1, 0, 0, 37 ]
[ -1, 0, -3, 0, -1, 7, 0, 0, 37 ]
[ -1, 0, -3, 1, -5, 1, 0, -1, 7 ]
[ 1, -1, 10, 1, 0, 3, 0, 0, 37 ]
[ 3, -4, 0, 1, -1, 10, 0, 0, 37 ]
[ 3, -4, 0, 1, 0, 3, 1, -1, 10 ]
[ 37, 0, 0, 2, 1, 0, -12, 0, 1 ]
[ 1, 19, 0, 0, 37, 0, 0, 6, 1 ]
[ 2, 1, 0, 1, 19, 0, 0, 6, 1 ]
[ 1, 0, 3, 2, 1, 0, 0, 0, 37 ]
[ 12, 0, -1, 2, 1, 0, 1, 0, 3 ]
[ -1, -19, 0, 0, -1, 6, 0, 0, 37 ]
[ 1, 19, 0, 0, 6, 1, 0, -1, 6 ]
[ 0, -1, 6, 1, 19, 0, 0, 0, 37 ]
[ 0, -6, -1, 1, 19, 0, 0, -1, 6 ]
[ -2, -1, 0, 1, 0, 3, 0, 0, 37 ]
[ 2, 1, 0, 0, 6, 1, 1, 0, 3 ]
[ -1, 0, -3, 0, -1, 6, 0, 0, 37 ]
[ 1, 0, 3, 0, 6, 1, 0, -1, 6 ]
[ 37, 0, 0, 14, 1, 0, -12, 0, 1 ]
[ 2, 1, 1, 5, 3, 0, 0, 0, 37 ]
[ 14, 1, 0, 5, 3, 0, 2, 1, 1 ]
[ 1, 0, 3, 14, 1, 0, 0, 0, 37 ]
[ 12, 0, -1, 14, 1, 0, 1, 0, 3 ]
[ 1, 8, 0, 0, 37, 0, 0, -15, 1 ]
[ -5, -3, 0, 2, 1, 1, 0, 0, 37 ]
[ 5, 3, 0, 1, 8, 0, 2, 1, 1 ]
[ 1, 0, 3, 2, 1, 1, 0, 0, 37 ]
[ -14, -1, 0, 1, 0, 3, 0, 0, 37 ]
[ 14, 1, 0, 2, 1, 1, 1, 0, 3 ]
[ -1, -8, 0, 0, -15, 1, 0, 7, 2 ]
[ -2, -1, -1, -1, -1, 2, 0, 0, 37 ]
[ 2, 1, 1, 1, 8, 0, -1, -1, 2 ]
[ -1, -8, 0, 0, -1, 5, 0, 0, 37 ]
[ 1, 8, 0, 0, 7, 2, 0, -1, 5 ]
[ 0, -1, 5, 1, 8, 0, 0, 0, 37 ]
[ -1, -1, 2, 0, -1, 5, 0, 0, 37 ]
[ 1, 1, -2, 1, 8, 0, 0, -1, 5 ]
[ 37, 0, 0, -11, 1, 0, -12, 0, 1 ]
[ -1, -1, 1, 4, 3, 0, 0, 0, 37 ]
[ 11, -1, 0, 4, 3, 0, -1, -1, 1 ]
[ 1, 0, 3, -11, 1, 0, 0, 0, 37 ]
[ 12, 0, -1, -11, 1, 0, 1, 0, 3 ]
[ 1, 10, 0, 0, 37, 0, 0, 9, 1 ]
[ -4, -3, 0, -1, -1, 1, 0, 0, 37 ]
[ 4, 3, 0, 1, 10, 0, -1, -1, 1 ]
[ -1, 0, -3, -1, -1, 1, 0, 0, 37 ]
[ 11, -1, 0, 1, 0, 3, 0, 0, 37 ]
[ -11, 1, 0, -1, -1, 1, 1, 0, 3 ]
[ -1, -10, 0, 0, -1, 4, 0, 0, 37 ]
[ 1, 10, 0, 0, 9, 1, 0, -1, 4 ]
[ 0, -1, 4, 1, 10, 0, 0, 0, 37 ]
[ -1, -1, 1, 0, -1, 4, 0, 0, 37 ]
[ 1, 1, -1, 1, 10, 0, 0, -1, 4 ]
[ 1, 1, 0, 0, 37, 0, 0, 12, 1 ]
[ 37, 0, 0, 1, 1, 0, -12, 0, 1 ]
[ -1, -1, 0, 0, -1, 3, 0, 0, 37 ]
[ 1, 1, 0, 0, 12, 1, 0, -1, 3 ]
[ 1, 0, 3, 1, 1, 0, 0, 0, 37 ]
[ 12, 0, -1, 1, 1, 0, 1, 0, 3 ]
[ 37, 0, 0, 13, 1, 0, -12, 0, 1 ]
[ 1, 1, 1, 2, 3, 0, 0, 0, 37 ]
[ 13, 1, 0, 2, 3, 0, 1, 1, 1 ]
[ 1, 0, 3, 13, 1, 0, 0, 0, 37 ]
[ 12, 0, -1, 13, 1, 0, 1, 0, 3 ]
[ 1, 20, 0, 0, 37, 0, 0, 18, 1 ]
[ -2, -3, 0, -1, -2, 1, 0, 0, 37 ]
[ 2, 3, 0, 1, 20, 0, -1, -2, 1 ]
[ 1, 0, 3, 1, 1, 1, 0, 0, 37 ]
[ -13, -1, 0, 1, 0, 3, 0, 0, 37 ]
[ 13, 1, 0, 1, 1, 1, 1, 0, 3 ]
[ -1, -20, 0, 0, -1, 2, 0, 0, 37 ]
[ 1, 20, 0, 0, 18, 1, 0, -1, 2 ]
[ 0, -1, 2, 1, 20, 0, 0, 0, 37 ]
[ -1, -2, 1, 0, -1, 2, 0, 0, 37 ]
[ 1, 2, -1, 1, 20, 0, 0, -1, 2 ]
[ 37, 0, 0, -12, 1, 0, -12, 0, 1 ]
[ -1, -3, 0, 0, -1, 1, 0, 0, 37 ]
[ 1, 3, 0, 0, 37, 0, 0, -1, 1 ]
[ 0, -1, 1, 1, 3, 0, 0, 0, 37 ]
[ 12, -1, 0, 1, 3, 0, 0, -1, 1 ]
[ 1, 0, 3, -12, 1, 0, 0, 0, 37 ]
[ 12, 0, -1, -12, 1, 0, 1, 0, 3 ]
[ -1, 0, -3, 0, -1, 1, 0, 0, 37 ]
[ 12, -1, 0, 1, 0, 3, 0, 0, 37 ]
[ -12, 1, 0, 0, -1, 1, 1, 0, 3 ]
[ 37, 0, 0, 0, 1, 0, -9, 0, 1 ]
[ 1, 0, 4, 0, 1, 0, 0, 0, 37 ]
[ 9, 0, -1, 0, 1, 0, 1, 0, 4 ]
[ 37, 0, 0, 9, 1, 0, -9, 0, 1 ]
[ 1, -4, 0, 0, 1, 1, 0, 0, 37 ]
[ 1, -4, 0, 0, 37, 0, 0, 1, 1 ]
[ 0, 1, 1, -1, 4, 0, 0, 0, 37 ]
[ 9, 1, 0, -1, 4, 0, 0, 1, 1 ]
[ 1, 0, 4, 9, 1, 0, 0, 0, 37 ]
[ 9, 0, -1, 9, 1, 0, 1, 0, 4 ]
[ 1, 0, 4, 0, 1, 1, 0, 0, 37 ]
[ -9, -1, 0, 1, 0, 4, 0, 0, 37 ]
[ 9, 1, 0, 0, 1, 1, 1, 0, 4 ]
[ 37, 0, 0, 18, 1, 0, -9, 0, 1 ]
[ 1, -2, 0, 0, 37, 0, 0, -18, 1 ]
[ 18, 1, 0, -1, 2, 0, -9, 0, 1 ]
[ 1, 0, 4, 18, 1, 0, 0, 0, 37 ]
[ 9, 0, -1, 18, 1, 0, 1, 0, 4 ]
[ 1, -2, 0, 0, 1, 2, 0, 0, 37 ]
[ -1, 2, 0, 0, -18, 1, 0, 1, 2 ]
[ 0, 1, 2, -1, 2, 0, 0, 0, 37 ]
[ 9, 0, -1, -1, 2, 0, 0, 1, 2 ]
[ -18, -1, 0, 1, 0, 4, 0, 0, 37 ]
[ 18, 1, 0, -9, 0, 1, 1, 0, 4 ]
[ 1, 0, 4, 0, 1, 2, 0, 0, 37 ]
[ 9, 0, -1, 0, 1, 2, 1, 0, 4 ]
[ 37, 0, 0, -10, 1, 0, -9, 0, 1 ]
[ 1, -1, 1, -3, 4, 0, 0, 0, 37 ]
[ 10, -1, 0, -3, 4, 0, 1, -1, 1 ]
[ 1, 0, 4, -10, 1, 0, 0, 0, 37 ]
[ 9, 0, -1, -10, 1, 0, 1, 0, 4 ]
[ 1, 11, 0, 0, 37, 0, 0, -12, 1 ]
[ 3, -4, 0, 1, -1, 1, 0, 0, 37 ]
[ 3, -4, 0, 1, 11, 0, 1, -1, 1 ]
[ -1, 0, -4, 1, -1, 1, 0, 0, 37 ]
[ 10, -1, 0, 1, 0, 4, 0, 0, 37 ]
[ -10, 1, 0, 1, -1, 1, 1, 0, 4 ]
[ 1, 11, 0, 0, 1, 3, 0, 0, 37 ]
[ -1, -11, 0, 0, -12, 1, 0, 1, 3 ]
[ 0, -1, -3, 1, 11, 0, 0, 0, 37 ]
[ 1, -1, 1, 0, 1, 3, 0, 0, 37 ]
[ 1, -1, 1, 1, 11, 0, 0, 1, 3 ]
[ 1, -1, 0, 0, 37, 0, 0, -9, 1 ]
[ 37, 0, 0, -1, 1, 0, -9, 0, 1 ]
[ 1, -1, 0, 0, 1, 4, 0, 0, 37 ]
[ -1, 1, 0, 0, -9, 1, 0, 1, 4 ]
[ 1, 0, 4, -1, 1, 0, 0, 0, 37 ]
[ 9, 0, -1, -1, 1, 0, 1, 0, 4 ]
[ 37, 0, 0, 8, 1, 0, -9, 0, 1 ]
[ 8, 1, 0, 3, 5, 0, -1, 1, 1 ]
[ 1, 0, 4, 8, 1, 0, 0, 0, 37 ]
[ 9, 0, -1, 8, 1, 0, 1, 0, 4 ]
[ 1, 14, 0, 0, 37, 0, 0, 15, 1 ]
[ 3, 5, 0, 1, 14, 0, -1, 1, 1 ]
[ 1, -1, -1, 0, 1, 5, 0, 0, 37 ]
[ 1, -1, -1, 3, 5, 0, 0, 1, 5 ]
[ 1, 0, 4, -1, 1, 1, 0, 0, 37 ]
[ -8, -1, 0, 1, 0, 4, 0, 0, 37 ]
[ 8, 1, 0, -1, 1, 1, 1, 0, 4 ]
[ 1, 14, 0, 0, 15, 1, 0, -7, 2 ]
[ 1, -1, -1, 1, 14, 0, 0, -7, 2 ]
[ 0, 1, 5, -1, 1, 1, 0, 0, 37 ]
[ 3, 5, 0, -1, 1, 1, 0, 1, 5 ]
[ -1, -2, -14, 3, 5, 0, 0, 0, 37 ]
[ 0, -1, -5, 1, 2, 14, 0, 0, 37 ]
[ 0, -1, -5, 3, 5, 0, 1, 2, 14 ]
[ 1, 14, 0, 0, 1, 5, 0, 0, 37 ]
[ -1, -14, 0, 0, -7, 2, 0, 1, 5 ]
[ 0, -1, -5, 1, 14, 0, 0, 0, 37 ]
[ 0, -7, 2, 1, 14, 0, 0, 1, 5 ]
[ 1, -1, -1, 0, 1, 5, 0, 0, 37 ]
[ -1, 1, 1, 0, -7, 2, 0, 1, 5 ]
[ 1, 2, 14, 0, 1, 5, 0, 0, 37 ]
[ 3, 5, 0, 1, 2, 14, 0, 0, 37 ]
[ 3, 5, 0, 0, 1, 5, 1, 2, 14 ]
[ 37, 0, 0, 17, 1, 0, -9, 0, 1 ]
[ 17, 1, 0, -3, 2, 0, -9, 0, 1 ]
[ 1, 0, 4, 17, 1, 0, 0, 0, 37 ]
[ 9, 0, -1, 17, 1, 0, 1, 0, 4 ]
[ 1, -13, 0, 0, 37, 0, 0, -6, 1 ]
[ 3, -2, 0, -1, 13, 0, 0, -6, 1 ]
[ -1, 1, 2, -3, 2, 0, 0, 0, 37 ]
[ 9, 0, -1, -3, 2, 0, -1, 1, 2 ]
[ -17, -1, 0, 1, 0, 4, 0, 0, 37 ]
[ 17, 1, 0, -9, 0, 1, 1, 0, 4 ]
[ 1, -13, 0, 0, 1, 6, 0, 0, 37 ]
[ -1, 13, 0, 0, -6, 1, 0, 1, 6 ]
[ 0, 1, 6, -1, 13, 0, 0, 0, 37 ]
[ 0, 6, -1, -1, 13, 0, 0, 1, 6 ]
[ 3, -2, 0, -1, 1, 2, 0, 0, 37 ]
[ -3, 2, 0, 0, -6, 1, -1, 1, 2 ]
[ 1, 0, 4, -1, 1, 2, 0, 0, 37 ]
[ 9, 0, -1, -1, 1, 2, 1, 0, 4 ]
[ 1, -1, -2, 0, 1, 6, 0, 0, 37 ]
[ -1, 1, 2, 0, -6, 1, 0, 1, 6 ]
[ 37, 0, 0, -11, 1, 0, -9, 0, 1 ]
[ 11, -1, 0, 4, 3, 0, 2, -1, 1 ]
[ 1, 0, 4, -11, 1, 0, 0, 0, 37 ]
[ 9, 0, -1, -11, 1, 0, 1, 0, 4 ]
[ 1, 10, 0, 0, 37, 0, 0, 16, 1 ]
[ 4, 3, 0, 1, 10, 0, -2, -4, 1 ]
[ 2, -1, 1, 1, 0, 4, 0, 0, 37 ]
[ 2, -1, 1, 4, 3, 0, 1, 0, 4 ]
[ -1, 0, -4, 2, -1, 1, 0, 0, 37 ]
[ 11, -1, 0, 1, 0, 4, 0, 0, 37 ]
[ -11, 1, 0, 2, -1, 1, 1, 0, 4 ]
[ 1, 10, 0, 0, 16, 1, 0, -5, 2 ]
[ 2, 4, -1, 1, 10, 0, 1, 5, 2 ]
[ -4, -3, 0, -2, -4, 1, 1, 0, 4 ]
[ -1, -1, -11, 4, 3, 0, 0, 0, 37 ]
[ 1, 0, 4, 1, 1, 11, 0, 0, 37 ]
[ 1, 0, 4, 4, 3, 0, 1, 1, 11 ]
[ 1, 10, 0, 0, 1, 7, 0, 0, 37 ]
[ -1, -10, 0, 0, -5, 2, 0, 1, 7 ]
[ 0, -1, -7, 1, 10, 0, 0, 0, 37 ]
[ 1, 5, 2, 0, 1, 7, 0, 0, 37 ]
[ 1, 5, 2, 1, 10, 0, 0, 1, 7 ]
[ 0, -1, -7, 1, 5, 2, 0, 0, 37 ]
[ 2, 4, -1, 1, 5, 2, 0, 1, 7 ]
[ -1, 0, -4, -2, -4, 1, 1, 1, 11 ]
[ -1, -1, -11, 1, 0, 4, 0, 0, 37 ]
[ 4, 3, 0, 1, 1, 11, 0, 0, 37 ]
[ -4, -3, 0, 1, 0, 4, 1, 1, 11 ]
[ 1, 0, 4, 1, 1, 11, 0, 0, 37 ]
[ 1, 2, -19, 0, 1, 7, 0, 0, 37 ]
[ 2, 4, -1, 0, 1, 7, -1, -2, 19 ]
[ -1, -1, -11, -1, -2, 19, 0, 0, 37 ]
[ -1, -1, -11, -2, -4, 1, -1, -2, 19 ]
[ 37, 0, 0, -2, 1, 0, -9, 0, 1 ]
[ 1, -19, 0, 0, 37, 0, 0, 14, 1 ]
[ 2, -1, 0, -1, 19, 0, 1, -5, 1 ]
[ 1, 0, 4, -2, 1, 0, 0, 0, 37 ]
[ 9, 0, -1, -2, 1, 0, 1, 0, 4 ]
[ 1, -19, 0, 0, 14, 1, 0, 5, 3 ]
[ 1, -5, 1, -1, 19, 0, 0, 5, 3 ]
[ 2, -1, 0, -1, 1, 4, 0, 0, 37 ]
[ -2, 1, 0, 1, -5, 1, -1, 1, 4 ]
[ 1, -19, 0, 0, 1, 8, 0, 0, 37 ]
[ 1, -19, 0, 0, 5, 3, 0, 1, 8 ]
[ 0, 1, 8, -1, 19, 0, 0, 0, 37 ]
[ 0, 5, 3, -1, 19, 0, 0, 1, 8 ]
[ 1, -5, 1, 0, 1, 8, 0, 0, 37 ]
[ 1, -5, 1, 0, 5, 3, 0, 1, 8 ]
[ 0, -1, -8, 1, -5, 1, 0, 0, 37 ]
[ 1, -1, -4, 0, 1, 8, 0, 0, 37 ]
[ -1, 1, 4, 1, -5, 1, 0, 1, 8 ]
[ 37, 0, 0, 7, 1, 0, -9, 0, 1 ]
[ 7, 1, 0, -2, 5, 0, -2, 1, 1 ]
[ 1, 0, 4, 7, 1, 0, 0, 0, 37 ]
[ 9, 0, -1, 7, 1, 0, 1, 0, 4 ]
[ 1, -21, 0, 0, 37, 0, 0, -4, 1 ]
[ 2, -5, 0, -1, 21, 0, 0, -4, 1 ]
[ 2, -1, -1, -1, 1, 5, 0, 0, 37 ]
[ 2, -1, -1, -2, 5, 0, -1, 1, 5 ]
[ 1, 0, 4, -2, 1, 1, 0, 0, 37 ]
[ -7, -1, 0, 1, 0, 4, 0, 0, 37 ]
[ 7, 1, 0, -2, 1, 1, 1, 0, 4 ]
[ 1, -21, 0, 0, 1, 9, 0, 0, 37 ]
[ -1, 21, 0, 0, -4, 1, 0, 1, 9 ]
[ 0, 1, 9, -1, 21, 0, 0, 0, 37 ]
[ 0, 4, -1, -1, 21, 0, 0, 1, 9 ]
[ -2, 5, 0, 0, -4, 1, -1, 1, 5 ]
[ 1, -2, -14, -2, 5, 0, 0, 0, 37 ]
[ 1, -1, -5, -1, 2, 14, 0, 0, 37 ]
[ 1, -1, -5, -2, 5, 0, -1, 2, 14 ]
[ 1, -1, -5, 0, 1, 9, 0, 0, 37 ]
[ -1, 1, 5, 0, -4, 1, 0, 1, 9 ]
[ -1, 2, 14, -1, 1, 5, 0, 0, 37 ]
[ -2, 5, 0, -1, 2, 14, 0, 0, 37 ]
[ -2, 5, 0, -1, 1, 5, -1, 2, 14 ]
[ 37, 0, 0, 16, 1, 0, -9, 0, 1 ]
[ 16, 1, 0, -5, 2, 0, -9, 0, 1 ]
[ 1, 0, 4, 16, 1, 0, 0, 0, 37 ]
[ 9, 0, -1, 16, 1, 0, 1, 0, 4 ]
[ 1, 7, 0, 0, 37, 0, 0, -11, 1 ]
[ 5, -2, 0, 1, 7, 0, 1, -4, 1 ]
[ -2, 1, 2, -5, 2, 0, 0, 0, 37 ]
[ 9, 0, -1, -5, 2, 0, -2, 1, 2 ]
[ -16, -1, 0, 1, 0, 4, 0, 0, 37 ]
[ 16, 1, 0, -9, 0, 1, 1, 0, 4 ]
[ -1, -7, 0, 0, -11, 1, 0, 4, 3 ]
[ 1, -4, 1, 1, 7, 0, 0, 4, 3 ]
[ 5, -2, 0, -2, 1, 2, 0, 0, 37 ]
[ -5, 2, 0, 1, -4, 1, -2, 1, 2 ]
[ 1, 0, 4, -2, 1, 2, 0, 0, 37 ]
[ 9, 0, -1, -2, 1, 2, 1, 0, 4 ]
[ 1, 7, 0, 0, 1, 10, 0, 0, 37 ]
[ 1, 7, 0, 0, 4, 3, 0, 1, 10 ]
[ 0, -1, -10, 1, 7, 0, 0, 0, 37 ]
[ 0, -4, -3, 1, 7, 0, 0, 1, 10 ]
[ 1, -4, 1, 0, 1, 10, 0, 0, 37 ]
[ 1, -4, 1, 0, 4, 3, 0, 1, 10 ]
[ 2, -1, -2, -1, 1, 6, 0, 0, 37 ]
[ -2, 1, 2, 1, -4, 1, -1, 1, 6 ]
[ 0, -1, -10, 1, -4, 1, 0, 0, 37 ]
[ 1, -1, -6, 0, 1, 10, 0, 0, 37 ]
[ -1, 1, 6, 1, -4, 1, 0, 1, 10 ]
[ 37, 0, 0, -12, 1, 0, -9, 0, 1 ]
[ 1, 3, 0, 0, 37, 0, 0, -10, 1 ]
[ 12, -1, 0, 1, 3, 0, 3, -1, 1 ]
[ 1, 0, 4, -12, 1, 0, 0, 0, 37 ]
[ 9, 0, -1, -12, 1, 0, 1, 0, 4 ]
[ -1, -3, 0, 0, -10, 1, 0, -3, 4 ]
[ 3, -1, 1, 1, 0, 4, 0, 0, 37 ]
[ 3, -1, 1, 1, 3, 0, 1, 0, 4 ]
[ -1, 0, -4, 3, -1, 1, 0, 0, 37 ]
[ 12, -1, 0, 1, 0, 4, 0, 0, 37 ]
[ -12, 1, 0, 3, -1, 1, 1, 0, 4 ]
[ 1, 3, 0, 0, 1, 11, 0, 0, 37 ]
[ -1, -3, 0, 0, -3, 4, 0, 1, 11 ]
[ 0, -1, -11, 1, 3, 0, 0, 0, 37 ]
[ 1, 0, 4, 0, 1, 11, 0, 0, 37 ]
[ 1, 0, 4, 1, 3, 0, 0, 1, 11 ]
[ 37, 0, 0, -3, 1, 0, -9, 0, 1 ]
[ 1, 12, 0, 0, 37, 0, 0, -3, 1 ]
[ 3, -1, 0, 1, 12, 0, 0, -3, 1 ]
[ 1, 0, 4, -3, 1, 0, 0, 0, 37 ]
[ 9, 0, -1, -3, 1, 0, 1, 0, 4 ]
[ 1, 12, 0, 0, 1, 12, 0, 0, 37 ]
[ -1, -12, 0, 0, -3, 1, 0, 1, 12 ]
[ 0, -1, -12, 1, 12, 0, 0, 0, 37 ]
[ 0, -3, 1, 1, 12, 0, 0, 1, 12 ]
[ 3, -1, 0, 1, 0, 4, 0, 0, 37 ]
[ -3, 1, 0, 0, -3, 1, 1, 0, 4 ]
[ 1, 0, 4, 0, 1, 12, 0, 0, 37 ]
[ -1, 0, -4, 0, -3, 1, 0, 1, 12 ]
[ 37, 0, 0, 6, 1, 0, -9, 0, 1 ]
[ 1, -6, 0, 0, 37, 0, 0, -17, 1 ]
[ 6, 1, 0, -1, 6, 0, -3, 1, 1 ]
[ 1, 0, 4, 6, 1, 0, 0, 0, 37 ]
[ 9, 0, -1, 6, 1, 0, 1, 0, 4 ]
[ -1, 6, 0, 0, -17, 1, 0, 3, 2 ]
[ 3, -1, -1, -1, 6, 0, 1, -3, 2 ]
[ 1, 0, 4, -3, 1, 1, 0, 0, 37 ]
[ -6, -1, 0, 1, 0, 4, 0, 0, 37 ]
[ 6, 1, 0, -3, 1, 1, 1, 0, 4 ]
[ 1, -6, 0, 0, 1, 13, 0, 0, 37 ]
[ 1, -6, 0, 0, 3, 2, 0, 1, 13 ]
[ 0, 1, 13, -1, 6, 0, 0, 0, 37 ]
[ 1, -3, 2, 0, 1, 13, 0, 0, 37 ]
[ 1, -3, 2, -1, 6, 0, 0, 1, 13 ]
[ 3, -1, -1, 1, 0, 4, 0, 0, 37 ]
[ -3, 1, 1, 1, -3, 2, 1, 0, 4 ]
[ 0, -1, -13, 1, -3, 2, 0, 0, 37 ]
[ 1, 0, 4, 0, 1, 13, 0, 0, 37 ]
[ -1, 0, -4, 1, -3, 2, 0, 1, 13 ]
[ 37, 0, 0, 15, 1, 0, -9, 0, 1 ]
[ 15, 1, 0, -7, 2, 0, -9, 0, 1 ]
[ 1, 0, 4, 15, 1, 0, 0, 0, 37 ]
[ 9, 0, -1, 15, 1, 0, 1, 0, 4 ]
[ 1, 5, 0, 0, 37, 0, 0, 8, 1 ]
[ 7, -2, 0, 1, 5, 0, -2, -2, 1 ]
[ -3, 1, 2, -7, 2, 0, 0, 0, 37 ]
[ 9, 0, -1, -7, 2, 0, -3, 1, 2 ]
[ -15, -1, 0, 1, 0, 4, 0, 0, 37 ]
[ 15, 1, 0, -9, 0, 1, 1, 0, 4 ]
[ 1, 5, 0, 0, 8, 1, 0, 3, 5 ]
[ 2, 2, -1, 1, 5, 0, -1, -2, 5 ]
[ 7, -2, 0, -3, 1, 2, 0, 0, 37 ]
[ -7, 2, 0, -2, -2, 1, -3, 1, 2 ]
[ 1, 0, 4, -3, 1, 2, 0, 0, 37 ]
[ 9, 0, -1, -3, 1, 2, 1, 0, 4 ]
[ 1, 5, 0, 0, 1, 14, 0, 0, 37 ]
[ 1, 5, 0, 0, 3, 5, 0, 1, 14 ]
[ 0, -1, -14, 1, 5, 0, 0, 0, 37 ]
[ 1, 2, -5, 0, 1, 14, 0, 0, 37 ]
[ 1, 2, -5, 1, 5, 0, 0, 1, 14 ]
[ -1, -1, 19, -1, -2, 5, 0, 0, 37 ]
[ -2, -2, 1, -1, -2, 5, -1, -1, 19 ]
[ 3, -1, -2, 1, 0, 4, 0, 0, 37 ]
[ -3, 1, 2, -2, -2, 1, 1, 0, 4 ]
[ -1, 0, -4, -1, -1, 19, 0, 0, 37 ]
[ -1, 0, -4, -2, -2, 1, -1, -1, 19 ]
[ 37, 0, 0, -13, 1, 0, -9, 0, 1 ]
[ 13, -1, 0, -2, 3, 0, 4, -1, 1 ]
[ 1, 0, 4, -13, 1, 0, 0, 0, 37 ]
[ 9, 0, -1, -13, 1, 0, 1, 0, 4 ]
[ 1, -20, 0, 0, 37, 0, 0, 5, 1 ]
[ 2, -3, 0, -1, 20, 0, 0, 5, 1 ]
[ 4, -1, 1, 1, 0, 4, 0, 0, 37 ]
[ 4, -1, 1, -2, 3, 0, 1, 0, 4 ]
[ -1, 0, -4, 4, -1, 1, 0, 0, 37 ]
[ 13, -1, 0, 1, 0, 4, 0, 0, 37 ]
[ -13, 1, 0, 4, -1, 1, 1, 0, 4 ]
[ 1, -20, 0, 0, 5, 1, 0, -2, 7 ]
[ 0, 5, 1, -1, 20, 0, 0, -2, 7 ]
[ 2, -3, 0, 0, 5, 1, -1, 3, 4 ]
[ 1, -1, -11, -2, 3, 0, 0, 0, 37 ]
[ 1, 0, 4, -1, 1, 11, 0, 0, 37 ]
[ 1, 0, 4, -2, 3, 0, -1, 1, 11 ]
[ -1, 20, 0, 0, -1, 22, 0, 0, 37 ]
[ -1, 20, 0, 0, -2, 7, 0, -1, 22 ]
[ 0, 1, -22, -1, 20, 0, 0, 0, 37 ]
[ 0, 2, -7, -1, 20, 0, 0, -1, 22 ]
[ 1, -3, -4, 0, 5, 1, 0, -2, 7 ]
[ 1, -2, 11, -1, 3, 4, 0, 0, 37 ]
[ -2, 3, 0, 1, -2, 11, 0, 0, 37 ]
[ 2, -3, 0, -1, 3, 4, 1, -2, 11 ]
[ -1, 3, 4, 0, -1, 22, 0, 0, 37 ]
[ -1, 3, 4, 0, -2, 7, 0, -1, 22 ]
[ 37, 0, 0, -4, 1, 0, -9, 0, 1 ]
[ 1, 9, 0, 0, 37, 0, 0, 7, 1 ]
[ 4, -1, 0, 1, 9, 0, -1, -2, 1 ]
[ 1, 0, 4, -4, 1, 0, 0, 0, 37 ]
[ 9, 0, -1, -4, 1, 0, 1, 0, 4 ]
[ 1, 9, 0, 0, 7, 1, 0, -2, 5 ]
[ 1, 2, -1, 1, 9, 0, 0, -2, 5 ]
[ 4, -1, 0, 1, 0, 4, 0, 0, 37 ]
[ -4, 1, 0, -1, -2, 1, 1, 0, 4 ]
[ -1, -9, 0, 0, -1, 21, 0, 0, 37 ]
[ -1, -9, 0, 0, -2, 5, 0, -1, 21 ]
[ 0, -1, 21, 1, 9, 0, 0, 0, 37 ]
[ 0, -2, 5, 1, 9, 0, 0, -1, 21 ]
[ -1, -2, 1, 0, -1, 21, 0, 0, 37 ]
[ -1, -2, 1, 0, -2, 5, 0, -1, 21 ]
[ 0, 1, -21, -1, -2, 1, 0, 0, 37 ]
[ -1, 0, -4, 0, -1, 21, 0, 0, 37 ]
[ -1, 0, -4, -1, -2, 1, 0, -1, 21 ]
[ 37, 0, 0, 5, 1, 0, -9, 0, 1 ]
[ 5, 1, 0, -2, 7, 0, 1, 2, 1 ]
[ 1, 0, 4, 5, 1, 0, 0, 0, 37 ]
[ 9, 0, -1, 5, 1, 0, 1, 0, 4 ]
[ 1, -22, 0, 0, 37, 0, 0, -13, 1 ]
[ 2, -7, 0, -1, 22, 0, -1, 9, 1 ]
[ 1, 2, 1, -2, 7, 0, 0, -2, 3 ]
[ -5, -1, 0, 1, 0, 4, 0, 0, 37 ]
[ 5, 1, 0, 1, 2, 1, 1, 0, 4 ]
[ -1, 22, 0, 0, -13, 1, 0, -2, 3 ]
[ 1, -9, -1, -1, 22, 0, 0, -2, 3 ]
[ 2, -7, 0, -1, 9, 1, 0, -2, 3 ]
[ 1, -3, -10, -2, 7, 0, 0, 0, 37 ]
[ 0, 2, -3, -2, 7, 0, -1, 3, 10 ]
[ -1, -2, -1, 0, -1, 20, 0, 0, 37 ]
[ -1, -2, -1, 0, -2, 3, 0, -1, 20 ]
[ 1, 1, 21, 1, 2, 1, 0, 0, 37 ]
[ 1, 0, 4, 1, 1, 21, 0, 0, 37 ]
[ 1, 0, 4, 1, 2, 1, 1, 1, 21 ]
[ -1, 22, 0, 0, -1, 20, 0, 0, 37 ]
[ -1, 22, 0, 0, -2, 3, 0, -1, 20 ]
[ 0, 1, -20, -1, 22, 0, 0, 0, 37 ]
[ 0, 2, -3, -1, 22, 0, 0, -1, 20 ]
[ -1, 9, 1, 0, -1, 20, 0, 0, 37 ]
[ -1, 9, 1, 0, -2, 3, 0, -1, 20 ]
[ 0, 1, -20, -1, 9, 1, 0, 0, 37 ]
[ 0, 2, -3, -1, 9, 1, 0, -1, 20 ]
[ -2, 7, 0, -1, 3, 10, 0, 0, 37 ]
[ -2, 7, 0, 0, -2, 3, -1, 3, 10 ]
[ 0, 1, -20, -1, 3, 10, 0, 0, 37 ]
[ 0, 2, -3, -1, 3, 10, 0, -1, 20 ]
[ -1, 3, 10, 0, -1, 20, 0, 0, 37 ]
[ -1, 3, 10, 0, -2, 3, 0, -1, 20 ]
[ 37, 0, 0, 14, 1, 0, -9, 0, 1 ]
[ 14, 1, 0, 5, 3, 0, 5, 1, 1 ]
[ 1, 0, 4, 14, 1, 0, 0, 0, 37 ]
[ 9, 0, -1, 14, 1, 0, 1, 0, 4 ]
[ 1, 8, 0, 0, 37, 0, 0, -2, 1 ]
[ 5, 3, 0, 1, 8, 0, 0, -2, 1 ]
[ -5, -1, -1, 1, 0, 4, 0, 0, 37 ]
[ 5, 1, 1, 5, 3, 0, 1, 0, 4 ]
[ 1, 0, 4, 5, 1, 1, 0, 0, 37 ]
[ -14, -1, 0, 1, 0, 4, 0, 0, 37 ]
[ 14, 1, 0, 5, 1, 1, 1, 0, 4 ]
[ -1, -8, 0, 0, -1, 19, 0, 0, 37 ]
[ -1, -8, 0, 0, -2, 1, 0, -1, 19 ]
[ 0, -1, 19, 1, 8, 0, 0, 0, 37 ]
[ 0, -2, 1, 1, 8, 0, 0, -1, 19 ]
[ -5, -3, 0, 0, -2, 1, 1, 0, 4 ]
[ 2, 1, -11, 5, 3, 0, 0, 0, 37 ]
[ -1, 0, -4, -2, -1, 11, 0, 0, 37 ]
[ 1, 0, 4, 5, 3, 0, -2, -1, 11 ]
[ -1, 0, -4, 0, -1, 19, 0, 0, 37 ]
[ -1, 0, -4, 0, -2, 1, 0, -1, 19 ]
[ -2, -1, 11, 1, 0, 4, 0, 0, 37 ]
[ 5, 3, 0, -2, -1, 11, 0, 0, 37 ]
[ -5, -3, 0, 1, 0, 4, -2, -1, 11 ]
[ 37, 0, 0, -14, 1, 0, -9, 0, 1 ]
[ 14, -1, 0, -5, 3, 0, 5, -1, 1 ]
[ 1, 0, 4, -14, 1, 0, 0, 0, 37 ]
[ 9, 0, -1, -14, 1, 0, 1, 0, 4 ]
[ 1, -8, 0, 0, 37, 0, 0, 2, 1 ]
[ 5, -3, 0, -1, 8, 0, 0, 2, 1 ]
[ 5, -1, 1, 1, 0, 4, 0, 0, 37 ]
[ 5, -1, 1, -5, 3, 0, 1, 0, 4 ]
[ -1, 0, -4, 5, -1, 1, 0, 0, 37 ]
[ 14, -1, 0, 1, 0, 4, 0, 0, 37 ]
[ -14, 1, 0, 5, -1, 1, 1, 0, 4 ]
[ 1, -8, 0, 0, 1, 19, 0, 0, 37 ]
[ 1, -8, 0, 0, 2, 1, 0, 1, 19 ]
[ 0, 1, 19, -1, 8, 0, 0, 0, 37 ]
[ 0, 2, 1, -1, 8, 0, 0, 1, 19 ]
[ 5, -3, 0, 0, 2, 1, 1, 0, 4 ]
[ 2, -1, -11, -5, 3, 0, 0, 0, 37 ]
[ 1, 0, 4, -2, 1, 11, 0, 0, 37 ]
[ 1, 0, 4, -5, 3, 0, -2, 1, 11 ]
[ 1, 0, 4, 0, 1, 19, 0, 0, 37 ]
[ 1, 0, 4, 0, 2, 1, 0, 1, 19 ]
[ 2, -1, -11, 1, 0, 4, 0, 0, 37 ]
[ -5, 3, 0, -2, 1, 11, 0, 0, 37 ]
[ 5, -3, 0, 1, 0, 4, -2, 1, 11 ]
[ 37, 0, 0, -5, 1, 0, -9, 0, 1 ]
[ 5, -1, 0, 2, 7, 0, 1, -2, 1 ]
[ 1, 0, 4, -5, 1, 0, 0, 0, 37 ]
[ 9, 0, -1, -5, 1, 0, 1, 0, 4 ]
[ 1, 22, 0, 0, 37, 0, 0, 13, 1 ]
[ 2, 7, 0, 1, 22, 0, -1, -9, 1 ]
[ 1, -2, 1, 2, 7, 0, 0, 2, 3 ]
[ 5, -1, 0, 1, 0, 4, 0, 0, 37 ]
[ -5, 1, 0, 1, -2, 1, 1, 0, 4 ]
[ 1, 22, 0, 0, 13, 1, 0, 2, 3 ]
[ 1, 9, -1, 1, 22, 0, 0, 2, 3 ]
[ -2, -7, 0, -1, -9, 1, 0, 2, 3 ]
[ -1, -4, -10, 2, 7, 0, 0, 0, 37 ]
[ 0, -2, -3, 2, 7, 0, 1, 4, 10 ]
[ 1, -2, 1, 0, 1, 20, 0, 0, 37 ]
[ 1, -2, 1, 0, 2, 3, 0, 1, 20 ]
[ -1, 1, -21, 1, -2, 1, 0, 0, 37 ]
[ -1, 0, -4, 1, -1, 21, 0, 0, 37 ]
[ -1, 0, -4, 1, -2, 1, 1, -1, 21 ]
[ 1, 22, 0, 0, 1, 20, 0, 0, 37 ]
[ 1, 22, 0, 0, 2, 3, 0, 1, 20 ]
[ 0, -1, -20, 1, 22, 0, 0, 0, 37 ]
[ 0, -2, -3, 1, 22, 0, 0, 1, 20 ]
[ 1, 9, -1, 0, 1, 20, 0, 0, 37 ]
[ 1, 9, -1, 0, 2, 3, 0, 1, 20 ]
[ 0, 1, 20, -1, -9, 1, 0, 0, 37 ]
[ 0, 2, 3, -1, -9, 1, 0, 1, 20 ]
[ 2, 7, 0, 1, 4, 10, 0, 0, 37 ]
[ 2, 7, 0, 0, 2, 3, 1, 4, 10 ]
[ 0, -1, -20, 1, 4, 10, 0, 0, 37 ]
[ 0, -2, -3, 1, 4, 10, 0, 1, 20 ]
[ 1, 4, 10, 0, 1, 20, 0, 0, 37 ]
[ 1, 4, 10, 0, 2, 3, 0, 1, 20 ]
[ 37, 0, 0, 4, 1, 0, -9, 0, 1 ]
[ 1, -9, 0, 0, 37, 0, 0, -7, 1 ]
[ 4, 1, 0, -1, 9, 0, -1, 2, 1 ]
[ 1, 0, 4, 4, 1, 0, 0, 0, 37 ]
[ 9, 0, -1, 4, 1, 0, 1, 0, 4 ]
[ -1, 9, 0, 0, -7, 1, 0, 2, 5 ]
[ 1, -2, -1, -1, 9, 0, 0, 2, 5 ]
[ -4, -1, 0, 1, 0, 4, 0, 0, 37 ]
[ 4, 1, 0, -1, 2, 1, 1, 0, 4 ]
[ 1, -9, 0, 0, 1, 21, 0, 0, 37 ]
[ 1, -9, 0, 0, 2, 5, 0, 1, 21 ]
[ 0, 1, 21, -1, 9, 0, 0, 0, 37 ]
[ 0, 2, 5, -1, 9, 0, 0, 1, 21 ]
[ 1, -2, -1, 0, 1, 21, 0, 0, 37 ]
[ 1, -2, -1, 0, 2, 5, 0, 1, 21 ]
[ 0, 1, 21, -1, 2, 1, 0, 0, 37 ]
[ 1, 0, 4, 0, 1, 21, 0, 0, 37 ]
[ 1, 0, 4, -1, 2, 1, 0, 1, 21 ]
[ 37, 0, 0, 13, 1, 0, -9, 0, 1 ]
[ 13, 1, 0, 2, 3, 0, 4, 1, 1 ]
[ 1, 0, 4, 13, 1, 0, 0, 0, 37 ]
[ 9, 0, -1, 13, 1, 0, 1, 0, 4 ]
[ 1, 20, 0, 0, 37, 0, 0, -5, 1 ]
[ 2, 3, 0, 1, 20, 0, 0, -5, 1 ]
[ -4, -1, -1, 1, 0, 4, 0, 0, 37 ]
[ 4, 1, 1, 2, 3, 0, 1, 0, 4 ]
[ 1, 0, 4, 4, 1, 1, 0, 0, 37 ]
[ -13, -1, 0, 1, 0, 4, 0, 0, 37 ]
[ 13, 1, 0, 4, 1, 1, 1, 0, 4 ]
[ -1, -20, 0, 0, -5, 1, 0, 2, 7 ]
[ 0, -5, 1, 1, 20, 0, 0, 2, 7 ]
[ -2, -3, 0, 0, -5, 1, 1, 0, 4 ]
[ 1, 1, -11, 2, 3, 0, 0, 0, 37 ]
[ -1, 0, -4, -1, -1, 11, 0, 0, 37 ]
[ 1, 0, 4, 2, 3, 0, -1, -1, 11 ]
[ 1, 20, 0, 0, 1, 22, 0, 0, 37 ]
[ 1, 20, 0, 0, 2, 7, 0, 1, 22 ]
[ 0, -1, -22, 1, 20, 0, 0, 0, 37 ]
[ 0, -2, -7, 1, 20, 0, 0, 1, 22 ]
[ -1, 0, -4, 0, -5, 1, 0, 2, 7 ]
[ -1, -1, 11, 1, 0, 4, 0, 0, 37 ]
[ 2, 3, 0, -1, -1, 11, 0, 0, 37 ]
[ -2, -3, 0, 1, 0, 4, -1, -1, 11 ]
[ 1, 0, 4, 0, 1, 22, 0, 0, 37 ]
[ 1, 0, 4, 0, 2, 7, 0, 1, 22 ]
[ 37, 0, 0, -15, 1, 0, -9, 0, 1 ]
[ 15, -1, 0, 7, 2, 0, -9, 0, 1 ]
[ 1, 0, 4, -15, 1, 0, 0, 0, 37 ]
[ 9, 0, -1, -15, 1, 0, 1, 0, 4 ]
[ 1, -5, 0, 0, 37, 0, 0, -8, 1 ]
[ 7, 2, 0, -1, 5, 0, -2, 2, 1 ]
[ 4, 1, 2, 7, 2, 0, 0, 0, 37 ]
[ 9, 0, -1, 7, 2, 0, 4, 1, 2 ]
[ 15, -1, 0, 1, 0, 4, 0, 0, 37 ]
[ -15, 1, 0, -9, 0, 1, 1, 0, 4 ]
[ -1, 5, 0, 0, -8, 1, 0, -3, 5 ]
[ 2, -2, -1, -1, 5, 0, -1, 2, 5 ]
[ -7, -2, 0, -3, -1, 2, 0, 0, 37 ]
[ 7, 2, 0, -2, 2, 1, -3, -1, 2 ]
[ 1, 0, 4, 4, 1, 2, 0, 0, 37 ]
[ 9, 0, -1, 4, 1, 2, 1, 0, 4 ]
[ -1, 5, 0, 0, -1, 14, 0, 0, 37 ]
[ -1, 5, 0, 0, -3, 5, 0, -1, 14 ]
[ 0, 1, -14, -1, 5, 0, 0, 0, 37 ]
[ -1, 2, 5, 0, -1, 14, 0, 0, 37 ]
[ 1, -2, -5, -1, 5, 0, 0, -1, 14 ]
[ 1, -1, -19, -1, 2, 5, 0, 0, 37 ]
[ 2, -2, -1, -1, 2, 5, -1, 1, 19 ]
[ -3, -1, 2, 1, 0, 4, 0, 0, 37 ]
[ 3, 1, -2, -2, 2, 1, 1, 0, 4 ]
[ 1, 0, 4, -1, 1, 19, 0, 0, 37 ]
[ 1, 0, 4, -2, 2, 1, -1, 1, 19 ]
[ 37, 0, 0, -6, 1, 0, -9, 0, 1 ]
[ 1, 6, 0, 0, 37, 0, 0, 17, 1 ]
[ 6, -1, 0, 1, 6, 0, -3, -1, 1 ]
[ 1, 0, 4, -6, 1, 0, 0, 0, 37 ]
[ 9, 0, -1, -6, 1, 0, 1, 0, 4 ]
[ 1, 6, 0, 0, 17, 1, 0, -3, 2 ]
[ 3, 1, -1, 1, 6, 0, 1, 3, 2 ]
[ -1, 0, -4, -3, -1, 1, 0, 0, 37 ]
[ 6, -1, 0, 1, 0, 4, 0, 0, 37 ]
[ -6, 1, 0, -3, -1, 1, 1, 0, 4 ]
[ -1, -6, 0, 0, -1, 13, 0, 0, 37 ]
[ -1, -6, 0, 0, -3, 2, 0, -1, 13 ]
[ 0, -1, 13, 1, 6, 0, 0, 0, 37 ]
[ -1, -3, -2, 0, -1, 13, 0, 0, 37 ]
[ 1, 3, 2, 1, 6, 0, 0, -1, 13 ]
[ -3, -1, 1, 1, 0, 4, 0, 0, 37 ]
[ 3, 1, -1, 1, 3, 2, 1, 0, 4 ]
[ 0, -1, 13, 1, 3, 2, 0, 0, 37 ]
[ -1, 0, -4, 0, -1, 13, 0, 0, 37 ]
[ 1, 0, 4, 1, 3, 2, 0, -1, 13 ]
[ 37, 0, 0, 3, 1, 0, -9, 0, 1 ]
[ 1, -12, 0, 0, 37, 0, 0, 3, 1 ]
[ 3, 1, 0, -1, 12, 0, 0, 3, 1 ]
[ 1, 0, 4, 3, 1, 0, 0, 0, 37 ]
[ 9, 0, -1, 3, 1, 0, 1, 0, 4 ]
[ -1, 12, 0, 0, -1, 12, 0, 0, 37 ]
[ 1, -12, 0, 0, 3, 1, 0, -1, 12 ]
[ 0, 1, -12, -1, 12, 0, 0, 0, 37 ]
[ 0, 3, 1, -1, 12, 0, 0, -1, 12 ]
[ -3, -1, 0, 1, 0, 4, 0, 0, 37 ]
[ 3, 1, 0, 0, 3, 1, 1, 0, 4 ]
[ -1, 0, -4, 0, -1, 12, 0, 0, 37 ]
[ 1, 0, 4, 0, 3, 1, 0, -1, 12 ]
[ 37, 0, 0, 12, 1, 0, -9, 0, 1 ]
[ 1, -3, 0, 0, 37, 0, 0, 10, 1 ]
[ 12, 1, 0, -1, 3, 0, 3, 1, 1 ]
[ 1, 0, 4, 12, 1, 0, 0, 0, 37 ]
[ 9, 0, -1, 12, 1, 0, 1, 0, 4 ]
[ 1, -3, 0, 0, 10, 1, 0, 3, 4 ]
[ -3, -1, -1, 1, 0, 4, 0, 0, 37 ]
[ 3, 1, 1, -1, 3, 0, 1, 0, 4 ]
[ 1, 0, 4, 3, 1, 1, 0, 0, 37 ]
[ -12, -1, 0, 1, 0, 4, 0, 0, 37 ]
[ 12, 1, 0, 3, 1, 1, 1, 0, 4 ]
[ -1, 3, 0, 0, -1, 11, 0, 0, 37 ]
[ 1, -3, 0, 0, 3, 4, 0, -1, 11 ]
[ 0, 1, -11, -1, 3, 0, 0, 0, 37 ]
[ -1, 0, -4, 0, -1, 11, 0, 0, 37 ]
[ 1, 0, 4, -1, 3, 0, 0, -1, 11 ]
[ 37, 0, 0, -16, 1, 0, -9, 0, 1 ]
[ 16, -1, 0, 5, 2, 0, -9, 0, 1 ]
[ 1, 0, 4, -16, 1, 0, 0, 0, 37 ]
[ 9, 0, -1, -16, 1, 0, 1, 0, 4 ]
[ 1, -7, 0, 0, 37, 0, 0, 11, 1 ]
[ 5, 2, 0, -1, 7, 0, 1, 4, 1 ]
[ 3, 1, 2, 5, 2, 0, 0, 0, 37 ]
[ 9, 0, -1, 5, 2, 0, 3, 1, 2 ]
[ 16, -1, 0, 1, 0, 4, 0, 0, 37 ]
[ -16, 1, 0, -9, 0, 1, 1, 0, 4 ]
[ 1, -7, 0, 0, 11, 1, 0, -4, 3 ]
[ 1, 4, 1, -1, 7, 0, 0, -4, 3 ]
[ -5, -2, 0, -2, -1, 2, 0, 0, 37 ]
[ 5, 2, 0, 1, 4, 1, -2, -1, 2 ]
[ 1, 0, 4, 3, 1, 2, 0, 0, 37 ]
[ 9, 0, -1, 3, 1, 2, 1, 0, 4 ]
[ -1, 7, 0, 0, -1, 10, 0, 0, 37 ]
[ -1, 7, 0, 0, -4, 3, 0, -1, 10 ]
[ 0, 1, -10, -1, 7, 0, 0, 0, 37 ]
[ 0, 4, -3, -1, 7, 0, 0, -1, 10 ]
[ -1, -4, -1, 0, -1, 10, 0, 0, 37 ]
[ -1, -4, -1, 0, -4, 3, 0, -1, 10 ]
[ -2, -1, 2, -1, -1, 6, 0, 0, 37 ]
[ 2, 1, -2, 1, 4, 1, -1, -1, 6 ]
[ 0, -1, 10, 1, 4, 1, 0, 0, 37 ]
[ -1, -1, 6, 0, -1, 10, 0, 0, 37 ]
[ 1, 1, -6, 1, 4, 1, 0, -1, 10 ]
[ 37, 0, 0, -7, 1, 0, -9, 0, 1 ]
[ 7, -1, 0, 2, 5, 0, -2, -1, 1 ]
[ 1, 0, 4, -7, 1, 0, 0, 0, 37 ]
[ 9, 0, -1, -7, 1, 0, 1, 0, 4 ]
[ 1, 21, 0, 0, 37, 0, 0, 4, 1 ]
[ 2, 5, 0, 1, 21, 0, 0, 4, 1 ]
[ -2, -1, 1, -1, -1, 5, 0, 0, 37 ]
[ 2, 1, -1, 2, 5, 0, -1, -1, 5 ]
[ -1, 0, -4, -2, -1, 1, 0, 0, 37 ]
[ 7, -1, 0, 1, 0, 4, 0, 0, 37 ]
[ -7, 1, 0, -2, -1, 1, 1, 0, 4 ]
[ -1, -21, 0, 0, -1, 9, 0, 0, 37 ]
[ 1, 21, 0, 0, 4, 1, 0, -1, 9 ]
[ 0, -1, 9, 1, 21, 0, 0, 0, 37 ]
[ 0, -4, -1, 1, 21, 0, 0, -1, 9 ]
[ 2, 5, 0, 0, 4, 1, 1, 4, 5 ]
[ 1, 2, -14, 2, 5, 0, 0, 0, 37 ]
[ -1, -1, 5, -1, -2, 14, 0, 0, 37 ]
[ 1, 1, -5, 2, 5, 0, -1, -2, 14 ]
[ -1, -4, -5, 0, -1, 9, 0, 0, 37 ]
[ 1, 4, 5, 0, 4, 1, 0, -1, 9 ]
[ 1, 3, 14, 1, 4, 5, 0, 0, 37 ]
[ 2, 5, 0, 1, 3, 14, 0, 0, 37 ]
[ 2, 5, 0, 1, 4, 5, 1, 3, 14 ]
[ 37, 0, 0, 2, 1, 0, -9, 0, 1 ]
[ 1, 19, 0, 0, 37, 0, 0, -14, 1 ]
[ 2, 1, 0, 1, 19, 0, 1, 5, 1 ]
[ 1, 0, 4, 2, 1, 0, 0, 0, 37 ]
[ 9, 0, -1, 2, 1, 0, 1, 0, 4 ]
[ -1, -19, 0, 0, -14, 1, 0, -5, 3 ]
[ 1, 5, 1, 1, 19, 0, 0, -5, 3 ]
[ -2, -1, 0, -1, -1, 4, 0, 0, 37 ]
[ 2, 1, 0, 1, 5, 1, -1, -1, 4 ]
[ -1, -19, 0, 0, -1, 8, 0, 0, 37 ]
[ -1, -19, 0, 0, -5, 3, 0, -1, 8 ]
[ 0, -1, 8, 1, 19, 0, 0, 0, 37 ]
[ 0, -5, 3, 1, 19, 0, 0, -1, 8 ]
[ -1, -5, -1, 0, -1, 8, 0, 0, 37 ]
[ -1, -5, -1, 0, -5, 3, 0, -1, 8 ]
[ 0, -1, 8, 1, 5, 1, 0, 0, 37 ]
[ -1, -1, 4, 0, -1, 8, 0, 0, 37 ]
[ 1, 1, -4, 1, 5, 1, 0, -1, 8 ]
[ 37, 0, 0, 11, 1, 0, -9, 0, 1 ]
[ 11, 1, 0, -4, 3, 0, 2, 1, 1 ]
[ 1, 0, 4, 11, 1, 0, 0, 0, 37 ]
[ 9, 0, -1, 11, 1, 0, 1, 0, 4 ]
[ 1, -10, 0, 0, 37, 0, 0, -16, 1 ]
[ 4, -3, 0, -1, 10, 0, -2, 4, 1 ]
[ -2, -1, -1, 1, 0, 4, 0, 0, 37 ]
[ 2, 1, 1, -4, 3, 0, 1, 0, 4 ]
[ 1, 0, 4, 2, 1, 1, 0, 0, 37 ]
[ -11, -1, 0, 1, 0, 4, 0, 0, 37 ]
[ 11, 1, 0, 2, 1, 1, 1, 0, 4 ]
[ -1, 10, 0, 0, -16, 1, 0, 5, 2 ]
[ 2, -4, -1, -1, 10, 0, 1, -5, 2 ]
[ 4, -3, 0, -2, 4, 1, 1, 0, 4 ]
[ -1, 1, -11, -4, 3, 0, 0, 0, 37 ]
[ -1, 0, -4, 1, -1, 11, 0, 0, 37 ]
[ 1, 0, 4, -4, 3, 0, 1, -1, 11 ]
[ -1, 10, 0, 0, -1, 7, 0, 0, 37 ]
[ 1, -10, 0, 0, 5, 2, 0, -1, 7 ]
[ 0, 1, -7, -1, 10, 0, 0, 0, 37 ]
[ -1, 5, -2, 0, -1, 7, 0, 0, 37 ]
[ 1, -5, 2, -1, 10, 0, 0, -1, 7 ]
[ 0, -1, 7, 1, -5, 2, 0, 0, 37 ]
[ -2, 4, 1, 1, -5, 2, 0, -1, 7 ]
[ 1, 0, 4, -2, 4, 1, 1, -1, 11 ]
[ 1, -1, 11, 1, 0, 4, 0, 0, 37 ]
[ -4, 3, 0, 1, -1, 11, 0, 0, 37 ]
[ 4, -3, 0, 1, 0, 4, 1, -1, 11 ]
[ -1, 0, -4, 1, -1, 11, 0, 0, 37 ]
[ -1, 2, 19, 0, -1, 7, 0, 0, 37 ]
[ -2, 4, 1, 0, -1, 7, -1, 2, 19 ]
[ 1, -1, 11, -1, 2, 19, 0, 0, 37 ]
[ 1, -1, 11, -2, 4, 1, -1, 2, 19 ]
[ 37, 0, 0, -17, 1, 0, -9, 0, 1 ]
[ 17, -1, 0, 3, 2, 0, -9, 0, 1 ]
[ 1, 0, 4, -17, 1, 0, 0, 0, 37 ]
[ 9, 0, -1, -17, 1, 0, 1, 0, 4 ]
[ 1, 13, 0, 0, 37, 0, 0, 6, 1 ]
[ 3, 2, 0, 1, 13, 0, 0, 6, 1 ]
[ 2, 1, 2, 3, 2, 0, 0, 0, 37 ]
[ 9, 0, -1, 3, 2, 0, 2, 1, 2 ]
[ 17, -1, 0, 1, 0, 4, 0, 0, 37 ]
[ -17, 1, 0, -9, 0, 1, 1, 0, 4 ]
[ -1, -13, 0, 0, -1, 6, 0, 0, 37 ]
[ 1, 13, 0, 0, 6, 1, 0, -1, 6 ]
[ 0, -1, 6, 1, 13, 0, 0, 0, 37 ]
[ 0, -6, -1, 1, 13, 0, 0, -1, 6 ]
[ -3, -2, 0, -1, -1, 2, 0, 0, 37 ]
[ 3, 2, 0, 0, 6, 1, -1, -1, 2 ]
[ 1, 0, 4, 2, 1, 2, 0, 0, 37 ]
[ 9, 0, -1, 2, 1, 2, 1, 0, 4 ]
[ -1, -1, 2, 0, -1, 6, 0, 0, 37 ]
[ 1, 1, -2, 0, 6, 1, 0, -1, 6 ]
[ 37, 0, 0, -8, 1, 0, -9, 0, 1 ]
[ 8, -1, 0, -3, 5, 0, -1, -1, 1 ]
[ 1, 0, 4, -8, 1, 0, 0, 0, 37 ]
[ 9, 0, -1, -8, 1, 0, 1, 0, 4 ]
[ 1, -14, 0, 0, 37, 0, 0, -15, 1 ]
[ 3, -5, 0, -1, 14, 0, -1, -1, 1 ]
[ -1, -1, 1, 0, -1, 5, 0, 0, 37 ]
[ 1, 1, -1, -3, 5, 0, 0, -1, 5 ]
[ -1, 0, -4, -1, -1, 1, 0, 0, 37 ]
[ 8, -1, 0, 1, 0, 4, 0, 0, 37 ]
[ -8, 1, 0, -1, -1, 1, 1, 0, 4 ]
[ -1, 14, 0, 0, -15, 1, 0, 7, 2 ]
[ 1, 1, -1, -1, 14, 0, 0, 7, 2 ]
[ 0, 1, -5, -1, -1, 1, 0, 0, 37 ]
[ -3, 5, 0, -1, -1, 1, 0, -1, 5 ]
[ -1, 2, -14, -3, 5, 0, 0, 0, 37 ]
[ 0, -1, 5, 1, -2, 14, 0, 0, 37 ]
[ 0, 1, -5, -3, 5, 0, 1, -2, 14 ]
[ -1, 14, 0, 0, -1, 5, 0, 0, 37 ]
[ 1, -14, 0, 0, 7, 2, 0, -1, 5 ]
[ 0, 1, -5, -1, 14, 0, 0, 0, 37 ]
[ 0, 7, 2, -1, 14, 0, 0, -1, 5 ]
[ -1, -1, 1, 0, -1, 5, 0, 0, 37 ]
[ 1, 1, -1, 0, 7, 2, 0, -1, 5 ]
[ -1, 2, -14, 0, -1, 5, 0, 0, 37 ]
[ -3, 5, 0, 1, -2, 14, 0, 0, 37 ]
[ -3, 5, 0, 0, -1, 5, 1, -2, 14 ]
[ 1, 1, 0, 0, 37, 0, 0, 9, 1 ]
[ 37, 0, 0, 1, 1, 0, -9, 0, 1 ]
[ -1, -1, 0, 0, -1, 4, 0, 0, 37 ]
[ 1, 1, 0, 0, 9, 1, 0, -1, 4 ]
[ 1, 0, 4, 1, 1, 0, 0, 0, 37 ]
[ 9, 0, -1, 1, 1, 0, 1, 0, 4 ]
[ 37, 0, 0, 10, 1, 0, -9, 0, 1 ]
[ 1, 1, 1, 3, 4, 0, 0, 0, 37 ]
[ 10, 1, 0, 3, 4, 0, 1, 1, 1 ]
[ 1, 0, 4, 10, 1, 0, 0, 0, 37 ]
[ 9, 0, -1, 10, 1, 0, 1, 0, 4 ]
[ 1, -11, 0, 0, 37, 0, 0, 12, 1 ]
[ -3, -4, 0, 1, 1, 1, 0, 0, 37 ]
[ 3, 4, 0, -1, 11, 0, 1, 1, 1 ]
[ 1, 0, 4, 1, 1, 1, 0, 0, 37 ]
[ -10, -1, 0, 1, 0, 4, 0, 0, 37 ]
[ 10, 1, 0, 1, 1, 1, 1, 0, 4 ]
[ -1, 11, 0, 0, -1, 3, 0, 0, 37 ]
[ 1, -11, 0, 0, 12, 1, 0, -1, 3 ]
[ 0, 1, -3, -1, 11, 0, 0, 0, 37 ]
[ -1, -1, -1, 0, -1, 3, 0, 0, 37 ]
[ 1, 1, 1, -1, 11, 0, 0, -1, 3 ]
[ 37, 0, 0, -18, 1, 0, -9, 0, 1 ]
[ 1, 2, 0, 0, 37, 0, 0, 18, 1 ]
[ 18, -1, 0, 1, 2, 0, -9, 0, 1 ]
[ 1, 0, 4, -18, 1, 0, 0, 0, 37 ]
[ 9, 0, -1, -18, 1, 0, 1, 0, 4 ]
[ -1, -2, 0, 0, -1, 2, 0, 0, 37 ]
[ 1, 2, 0, 0, 18, 1, 0, -1, 2 ]
[ 1, 1, 2, 1, 2, 0, 0, 0, 37 ]
[ 9, 0, -1, 1, 2, 0, 1, 1, 2 ]
[ 18, -1, 0, 1, 0, 4, 0, 0, 37 ]
[ -18, 1, 0, -9, 0, 1, 1, 0, 4 ]
[ 1, 0, 4, 1, 1, 2, 0, 0, 37 ]
[ 9, 0, -1, 1, 1, 2, 1, 0, 4 ]
[ 37, 0, 0, -9, 1, 0, -9, 0, 1 ]
[ -1, -4, 0, 0, -1, 1, 0, 0, 37 ]
[ 1, 4, 0, 0, 37, 0, 0, -1, 1 ]
[ 0, -1, 1, 1, 4, 0, 0, 0, 37 ]
[ 9, -1, 0, 1, 4, 0, 0, -1, 1 ]
[ 1, 0, 4, -9, 1, 0, 0, 0, 37 ]
[ 9, 0, -1, -9, 1, 0, 1, 0, 4 ]
[ -1, 0, -4, 0, -1, 1, 0, 0, 37 ]
[ 9, -1, 0, 1, 0, 4, 0, 0, 37 ]
[ -9, 1, 0, 0, -1, 1, 1, 0, 4 ]
[ 37, 0, 0, 0, 1, 0, 15, 0, 1 ]
[ 15, 0, 1, 0, 1, 0, -7, 0, 2 ]
[ 1, 0, 5, 0, 1, 0, 0, 0, 37 ]
[ 7, 0, -2, 0, 1, 0, 1, 0, 5 ]
[ 37, 0, 0, -15, 1, 0, 15, 0, 1 ]
[ 15, -1, 0, 7, 2, 0, 0, 1, 1 ]
[ 15, 0, 1, -15, 1, 0, -7, 0, 2 ]
[ 1, -5, 0, 0, 1, 1, 0, 0, 37 ]
[ 1, -5, 0, 0, 37, 0, 0, 1, 1 ]
[ 0, 1, 1, -1, 5, 0, 0, 0, 37 ]
[ 7, 2, 0, -1, 5, 0, 0, 1, 1 ]
[ 0, -1, -1, 1, 0, 5, 0, 0, 37 ]
[ 0, -1, -1, 7, 2, 0, 1, 0, 5 ]
[ 15, -1, 0, 0, 1, 1, -7, 0, 2 ]
[ 1, 0, 5, -15, 1, 0, 0, 0, 37 ]
[ 7, 0, -2, -15, 1, 0, 1, 0, 5 ]
[ 1, 0, 5, 0, 1, 1, 0, 0, 37 ]
[ 7, 2, 0, 0, 1, 1, 1, 0, 5 ]
[ 4, 1, 21, 7, 2, 0, 0, 0, 37 ]
[ 1, 0, 5, 4, 1, 21, 0, 0, 37 ]
[ 1, 0, 5, 7, 2, 0, 4, 1, 21 ]
[ 1, 0, 5, 0, 1, 1, 0, 0, 37 ]
[ 7, 0, -2, 0, 1, 1, 1, 0, 5 ]
[ 15, -1, 0, 1, 0, 5, 0, 0, 37 ]
[ -15, 1, 0, -7, 0, 2, 1, 0, 5 ]
[ -4, -1, -21, 1, 0, 5, 0, 0, 37 ]
[ -7, -2, 0, 4, 1, 21, 0, 0, 37 ]
[ -7, -2, 0, 1, 0, 5, 4, 1, 21 ]
[ 37, 0, 0, 7, 1, 0, 15, 0, 1 ]
[ 1, -2, 1, -2, 5, 0, 0, 0, 37 ]
[ 7, 1, 0, -2, 5, 0, 1, -2, 1 ]
[ 15, 0, 1, 7, 1, 0, -7, 0, 2 ]
[ 1, -21, 0, 0, 37, 0, 0, -18, 1 ]
[ 2, -5, 0, -1, 3, 1, 0, 0, 37 ]
[ 2, -5, 0, -1, 21, 0, -1, 3, 1 ]
[ 0, -1, -2, 1, -2, 1, 0, 0, 37 ]
[ -7, -1, 0, 1, -2, 1, 0, 1, 2 ]
[ 1, 0, 5, 7, 1, 0, 0, 0, 37 ]
[ 7, 0, -2, 7, 1, 0, 1, 0, 5 ]
[ 1, -21, 0, 0, 1, 2, 0, 0, 37 ]
[ -1, 21, 0, 0, -18, 1, 0, 1, 2 ]
[ 0, 1, 2, -1, 21, 0, 0, 0, 37 ]
[ 1, -3, -1, 0, 1, 2, 0, 0, 37 ]
[ 1, -3, -1, -1, 21, 0, 0, 1, 2 ]
[ 1, 0, 5, 0, 1, 2, 0, 0, 37 ]
[ -7, -1, 0, 1, 0, 5, 0, 0, 37 ]
[ 7, 1, 0, 0, 1, 2, 1, 0, 5 ]
[ 37, 0, 0, -8, 1, 0, 15, 0, 1 ]
[ -1, 2, 1, -3, 5, 0, 0, 0, 37 ]
[ 8, -1, 0, -3, 5, 0, -1, 2, 1 ]
[ 15, 0, 1, -8, 1, 0, -7, 0, 2 ]
[ 1, -14, 0, 0, 37, 0, 0, -12, 1 ]
[ 3, -5, 0, -1, 2, 1, 0, 0, 37 ]
[ 3, -5, 0, -1, 14, 0, -1, 2, 1 ]
[ 1, -1, 2, -1, 2, 1, 0, 0, 37 ]
[ 8, -1, 0, -1, 2, 1, 1, -1, 2 ]
[ 1, 0, 5, -8, 1, 0, 0, 0, 37 ]
[ 7, 0, -2, -8, 1, 0, 1, 0, 5 ]
[ 1, -14, 0, 0, 1, 3, 0, 0, 37 ]
[ -1, 14, 0, 0, -12, 1, 0, 1, 3 ]
[ 0, 1, 3, -1, 14, 0, 0, 0, 37 ]
[ 1, -2, -1, 0, 1, 3, 0, 0, 37 ]
[ 1, -2, -1, -1, 14, 0, 0, 1, 3 ]
[ -1, 0, -5, 1, -1, 2, 0, 0, 37 ]
[ 8, -1, 0, 1, 0, 5, 0, 0, 37 ]
[ -8, 1, 0, 1, -1, 2, 1, 0, 5 ]
[ 37, 0, 0, 14, 1, 0, 15, 0, 1 ]
[ 14, 1, 0, 5, 3, 0, 1, -1, 1 ]
[ 15, 0, 1, 14, 1, 0, -7, 0, 2 ]
[ 1, 8, 0, 0, 37, 0, 0, -9, 1 ]
[ 5, 3, 0, 1, 8, 0, 1, -1, 1 ]
[ 1, -1, 1, 1, 0, 5, 0, 0, 37 ]
[ 1, -1, 1, 5, 3, 0, 1, 0, 5 ]
[ -14, -1, 0, 1, -1, 1, -7, 0, 2 ]
[ 1, 0, 5, 14, 1, 0, 0, 0, 37 ]
[ 7, 0, -2, 14, 1, 0, 1, 0, 5 ]
[ 1, 8, 0, 0, 1, 4, 0, 0, 37 ]
[ -1, -8, 0, 0, -9, 1, 0, 1, 4 ]
[ 0, -1, -4, 1, 8, 0, 0, 0, 37 ]
[ 1, -1, 1, 0, 1, 4, 0, 0, 37 ]
[ 1, -1, 1, 1, 8, 0, 0, 1, 4 ]
[ -1, 0, -5, 1, -1, 1, 0, 0, 37 ]
[ -5, -3, 0, 1, -1, 1, 1, 0, 5 ]
[ 2, 1, 14, 5, 3, 0, 0, 0, 37 ]
[ 1, 0, 5, 2, 1, 14, 0, 0, 37 ]
[ 1, 0, 5, 5, 3, 0, 2, 1, 14 ]
[ -1, 0, -5, 1, -1, 1, 0, 0, 37 ]
[ -7, 0, 2, 1, -1, 1, 1, 0, 5 ]
[ -14, -1, 0, 1, 0, 5, 0, 0, 37 ]
[ 14, 1, 0, -7, 0, 2, 1, 0, 5 ]
[ -2, -1, -14, 1, 0, 5, 0, 0, 37 ]
[ -5, -3, 0, 2, 1, 14, 0, 0, 37 ]
[ -5, -3, 0, 1, 0, 5, 2, 1, 14 ]
[ 1, -1, 0, 0, 37, 0, 0, 15, 1 ]
[ 37, 0, 0, -1, 1, 0, 15, 0, 1 ]
[ 1, -1, 0, 0, 15, 1, 0, -7, 2 ]
[ 15, 0, 1, -1, 1, 0, -7, 0, 2 ]
[ 1, -1, 0, 0, 1, 5, 0, 0, 37 ]
[ -1, 1, 0, 0, -7, 2, 0, 1, 5 ]
[ 1, 0, 5, -1, 1, 0, 0, 0, 37 ]
[ 7, 0, -2, -1, 1, 0, 1, 0, 5 ]
[ 37, 0, 0, -16, 1, 0, 15, 0, 1 ]
[ 16, -1, 0, 5, 2, 0, -1, 1, 1 ]
[ 15, 0, 1, -16, 1, 0, -7, 0, 2 ]
[ 1, -7, 0, 0, 37, 0, 0, -6, 1 ]
[ 5, 2, 0, -1, 7, 0, -1, 1, 1 ]
[ 1, -1, -1, 1, 0, 5, 0, 0, 37 ]
[ 1, -1, -1, 5, 2, 0, 1, 0, 5 ]
[ 16, -1, 0, -1, 1, 1, -7, 0, 2 ]
[ 1, 0, 5, -16, 1, 0, 0, 0, 37 ]
[ 7, 0, -2, -16, 1, 0, 1, 0, 5 ]
[ 1, -7, 0, 0, 1, 6, 0, 0, 37 ]
[ -1, 7, 0, 0, -6, 1, 0, 1, 6 ]
[ 0, 1, 6, -1, 7, 0, 0, 0, 37 ]
[ 1, -1, -1, 0, 1, 6, 0, 0, 37 ]
[ 1, -1, -1, -1, 7, 0, 0, 1, 6 ]
[ 1, 0, 5, -1, 1, 1, 0, 0, 37 ]
[ 5, 2, 0, -1, 1, 1, 1, 0, 5 ]
[ 3, 1, 21, 5, 2, 0, 0, 0, 37 ]
[ 1, 0, 5, 3, 1, 21, 0, 0, 37 ]
[ 1, 0, 5, 5, 2, 0, 3, 1, 21 ]
[ 1, 0, 5, -1, 1, 1, 0, 0, 37 ]
[ 7, 0, -2, -1, 1, 1, 1, 0, 5 ]
[ 16, -1, 0, 1, 0, 5, 0, 0, 37 ]
[ -16, 1, 0, -7, 0, 2, 1, 0, 5 ]
[ -3, -1, -21, 1, 0, 5, 0, 0, 37 ]
[ -5, -2, 0, 3, 1, 21, 0, 0, 37 ]
[ -5, -2, 0, 1, 0, 5, 3, 1, 21 ]
[ 37, 0, 0, 6, 1, 0, 15, 0, 1 ]
[ 1, -6, 0, 0, 37, 0, 0, 16, 1 ]
[ 6, 1, 0, -1, 6, 0, 3, -2, 1 ]
[ 15, 0, 1, 6, 1, 0, -7, 0, 2 ]
[ 1, -6, 0, 0, 16, 1, 0, -5, 2 ]
[ 3, -2, 1, -1, 1, 2, 0, 0, 37 ]
[ 3, -2, 1, -1, 6, 0, -1, 1, 2 ]
[ 1, -1, -2, 3, -2, 1, 0, 0, 37 ]
[ -6, -1, 0, 3, -2, 1, -1, 1, 2 ]
[ 1, 0, 5, 6, 1, 0, 0, 0, 37 ]
[ 7, 0, -2, 6, 1, 0, 1, 0, 5 ]
[ 1, -6, 0, 0, 1, 7, 0, 0, 37 ]
[ -1, 6, 0, 0, -5, 2, 0, 1, 7 ]
[ 0, 1, 7, -1, 6, 0, 0, 0, 37 ]
[ 1, -1, -2, 0, 1, 7, 0, 0, 37 ]
[ 1, -1, -2, -1, 6, 0, 0, 1, 7 ]
[ 1, 0, 5, -1, 1, 2, 0, 0, 37 ]
[ -6, -1, 0, 1, 0, 5, 0, 0, 37 ]
[ 6, 1, 0, -1, 1, 2, 1, 0, 5 ]
[ 37, 0, 0, -9, 1, 0, 15, 0, 1 ]
[ 1, 4, 0, 0, 37, 0, 0, 14, 1 ]
[ 9, -1, 0, 1, 4, 0, -3, 2, 1 ]
[ 15, 0, 1, -9, 1, 0, -7, 0, 2 ]
[ 1, 4, 0, 0, 14, 1, 0, 5, 3 ]
[ 3, -2, -1, -1, 1, 3, 0, 0, 37 ]
[ 3, -2, -1, 1, 4, 0, -1, 1, 3 ]
[ 2, -1, 2, -3, 2, 1, 0, 0, 37 ]
[ 9, -1, 0, -3, 2, 1, 2, -1, 2 ]
[ 1, 0, 5, -9, 1, 0, 0, 0, 37 ]
[ 7, 0, -2, -9, 1, 0, 1, 0, 5 ]
[ 1, 4, 0, 0, 1, 8, 0, 0, 37 ]
[ 1, 4, 0, 0, 5, 3, 0, 1, 8 ]
[ 0, -1, -8, 1, 4, 0, 0, 0, 37 ]
[ 1, -1, -3, 0, 1, 8, 0, 0, 37 ]
[ 1, -1, -3, 1, 4, 0, 0, 1, 8 ]
[ -1, 0, -5, 2, -1, 2, 0, 0, 37 ]
[ 9, -1, 0, 1, 0, 5, 0, 0, 37 ]
[ -9, 1, 0, 2, -1, 2, 1, 0, 5 ]
[ 37, 0, 0, 13, 1, 0, 15, 0, 1 ]
[ 13, 1, 0, 2, 3, 0, 2, -1, 1 ]
[ 15, 0, 1, 13, 1, 0, -7, 0, 2 ]
[ 1, 20, 0, 0, 37, 0, 0, -4, 1 ]
[ 2, 3, 0, 1, 20, 0, 0, -4, 1 ]
[ 2, -1, 1, 1, 0, 5, 0, 0, 37 ]
[ 2, -1, 1, 2, 3, 0, 1, 0, 5 ]
[ -13, -1, 0, 2, -1, 1, -7, 0, 2 ]
[ 1, 0, 5, 13, 1, 0, 0, 0, 37 ]
[ 7, 0, -2, 13, 1, 0, 1, 0, 5 ]
[ 1, 20, 0, 0, 1, 9, 0, 0, 37 ]
[ -1, -20, 0, 0, -4, 1, 0, 1, 9 ]
[ 0, -1, -9, 1, 20, 0, 0, 0, 37 ]
[ 0, -4, 1, 1, 20, 0, 0, 1, 9 ]
[ -2, -3, 0, 0, -4, 1, 1, 0, 5 ]
[ 1, 1, 14, 2, 3, 0, 0, 0, 37 ]
[ 1, 0, 5, 1, 1, 14, 0, 0, 37 ]
[ 1, 0, 5, 2, 3, 0, 1, 1, 14 ]
[ -1, 0, -5, 2, -1, 1, 0, 0, 37 ]
[ -7, 0, 2, 2, -1, 1, 1, 0, 5 ]
[ -13, -1, 0, 1, 0, 5, 0, 0, 37 ]
[ 13, 1, 0, -7, 0, 2, 1, 0, 5 ]
[ 1, 0, 5, 0, 1, 9, 0, 0, 37 ]
[ -1, 0, -5, 0, -4, 1, 0, 1, 9 ]
[ -1, -1, -14, 1, 0, 5, 0, 0, 37 ]
[ -2, -3, 0, 1, 1, 14, 0, 0, 37 ]
[ -2, -3, 0, 1, 0, 5, 1, 1, 14 ]
[ 37, 0, 0, -2, 1, 0, 15, 0, 1 ]
[ 1, -19, 0, 0, 37, 0, 0, -11, 1 ]
[ 2, -1, 0, -1, 19, 0, -1, 8, 1 ]
[ 15, 0, 1, -2, 1, 0, -7, 0, 2 ]
[ -1, 19, 0, 0, -11, 1, 0, 4, 3 ]
[ 1, -8, -1, -1, 19, 0, 0, 4, 3 ]
[ 2, -1, 0, -1, 8, 1, 1, -4, 2 ]
[ 1, 0, 5, -2, 1, 0, 0, 0, 37 ]
[ 7, 0, -2, -2, 1, 0, 1, 0, 5 ]
[ 1, -19, 0, 0, 1, 10, 0, 0, 37 ]
[ 1, -19, 0, 0, 4, 3, 0, 1, 10 ]
[ 0, 1, 10, -1, 19, 0, 0, 0, 37 ]
[ 0, 4, 3, -1, 19, 0, 0, 1, 10 ]
[ 1, -8, -1, 0, 1, 10, 0, 0, 37 ]
[ 1, -8, -1, 0, 4, 3, 0, 1, 10 ]
[ 0, 1, 10, -1, 8, 1, 0, 0, 37 ]
[ 1, -4, 2, 0, 1, 10, 0, 0, 37 ]
[ 1, -4, 2, -1, 8, 1, 0, 1, 10 ]
[ 2, -1, 0, -1, 1, 5, 0, 0, 37 ]
[ -2, 1, 0, 1, -4, 2, -1, 1, 5 ]
[ 0, -1, -10, 1, -4, 2, 0, 0, 37 ]
[ 1, -1, -5, 0, 1, 10, 0, 0, 37 ]
[ -1, 1, 5, 1, -4, 2, 0, 1, 10 ]
[ 37, 0, 0, -17, 1, 0, 15, 0, 1 ]
[ 17, -1, 0, 3, 2, 0, -2, 1, 1 ]
[ 15, 0, 1, -17, 1, 0, -7, 0, 2 ]
[ 1, 13, 0, 0, 37, 0, 0, -10, 1 ]
[ 3, 2, 0, 1, 13, 0, 1, 3, 1 ]
[ 2, -1, -1, 1, 0, 5, 0, 0, 37 ]
[ 2, -1, -1, 3, 2, 0, 1, 0, 5 ]
[ 17, -1, 0, -2, 1, 1, -7, 0, 2 ]
[ 1, 0, 5, -17, 1, 0, 0, 0, 37 ]
[ 7, 0, -2, -17, 1, 0, 1, 0, 5 ]
[ -1, -13, 0, 0, -10, 1, 0, -3, 4 ]
[ 1, 3, 1, 1, 13, 0, 0, -3, 4 ]
[ 3, 2, 0, 1, 3, 1, 1, 0, 5 ]
[ 2, 1, 21, 3, 2, 0, 0, 0, 37 ]
[ 1, 0, 5, 2, 1, 21, 0, 0, 37 ]
[ 1, 0, 5, 3, 2, 0, 2, 1, 21 ]
[ 1, 0, 5, -2, 1, 1, 0, 0, 37 ]
[ 7, 0, -2, -2, 1, 1, 1, 0, 5 ]
[ 17, -1, 0, 1, 0, 5, 0, 0, 37 ]
[ -17, 1, 0, -7, 0, 2, 1, 0, 5 ]
[ 1, 13, 0, 0, 1, 11, 0, 0, 37 ]
[ -1, -13, 0, 0, -3, 4, 0, 1, 11 ]
[ 0, -1, -11, 1, 13, 0, 0, 0, 37 ]
[ 0, -3, 4, 1, 13, 0, 0, 1, 11 ]
[ 1, 3, 1, 0, 1, 11, 0, 0, 37 ]
[ -1, -3, -1, 0, -3, 4, 0, 1, 11 ]
[ 0, -1, -11, 1, 3, 1, 0, 0, 37 ]
[ 1, 0, 5, 0, 1, 11, 0, 0, 37 ]
[ 1, 0, 5, 1, 3, 1, 0, 1, 11 ]
[ -2, -1, -21, 1, 0, 5, 0, 0, 37 ]
[ -3, -2, 0, 2, 1, 21, 0, 0, 37 ]
[ -3, -2, 0, 1, 0, 5, 2, 1, 21 ]
[ 37, 0, 0, 5, 1, 0, 15, 0, 1 ]
[ 5, 1, 0, -2, 7, 0, 0, -3, 1 ]
[ 15, 0, 1, 5, 1, 0, -7, 0, 2 ]
[ 1, -22, 0, 0, 37, 0, 0, -3, 1 ]
[ 2, -7, 0, -1, 22, 0, 0, -3, 1 ]
[ -1, 4, 6, -2, 7, 0, 0, 0, 37 ]
[ 0, 3, -1, -2, 7, 0, -1, 4, 6 ]
[ -5, -1, 0, 0, -3, 1, -2, 1, 2 ]
[ 1, 0, 5, 5, 1, 0, 0, 0, 37 ]
[ 7, 0, -2, 5, 1, 0, 1, 0, 5 ]
[ 1, -22, 0, 0, 1, 12, 0, 0, 37 ]
[ -1, 22, 0, 0, -3, 1, 0, 1, 12 ]
[ 0, 1, 12, -1, 22, 0, 0, 0, 37 ]
[ 0, 3, -1, -1, 22, 0, 0, 1, 12 ]
[ 2, -7, 0, -1, 4, 6, 0, 0, 37 ]
[ -2, 7, 0, 0, -3, 1, -1, 4, 6 ]
[ 0, 1, 12, -1, 4, 6, 0, 0, 37 ]
[ 0, 3, -1, -1, 4, 6, 0, 1, 12 ]
[ 2, -1, -2, -1, 1, 7, 0, 0, 37 ]
[ -2, 1, 2, 0, -3, 1, -1, 1, 7 ]
[ 1, 0, 5, -2, 1, 2, 0, 0, 37 ]
[ -5, -1, 0, 1, 0, 5, 0, 0, 37 ]
[ 5, 1, 0, -2, 1, 2, 1, 0, 5 ]
[ 1, -4, -6, 0, 1, 12, 0, 0, 37 ]
[ -1, 4, 6, 0, -3, 1, 0, 1, 12 ]
[ 1, -1, -7, 0, 1, 12, 0, 0, 37 ]
[ -1, 1, 7, 0, -3, 1, 0, 1, 12 ]
[ 37, 0, 0, -10, 1, 0, 15, 0, 1 ]
[ 10, -1, 0, -3, 4, 0, -5, 2, 1 ]
[ 15, 0, 1, -10, 1, 0, -7, 0, 2 ]
[ 1, 11, 0, 0, 37, 0, 0, -17, 1 ]
[ 3, -4, 0, 1, 11, 0, 1, -6, 1 ]
[ 5, -2, -1, -2, 1, 3, 0, 0, 37 ]
[ 5, -2, -1, -3, 4, 0, -2, 1, 3 ]
[ 3, -1, 2, -5, 2, 1, 0, 0, 37 ]
[ 10, -1, 0, -5, 2, 1, 3, -1, 2 ]
[ 1, 0, 5, -10, 1, 0, 0, 0, 37 ]
[ 7, 0, -2, -10, 1, 0, 1, 0, 5 ]
[ -1, -11, 0, 0, -17, 1, 0, 3, 2 ]
[ 1, -6, 1, 1, 11, 0, 0, 3, 2 ]
[ -3, 4, 0, 1, -6, 1, 1, -3, 3 ]
[ 1, -1, -8, -3, 4, 0, 0, 0, 37 ]
[ 2, -1, -3, -1, 1, 8, 0, 0, 37 ]
[ 2, -1, -3, -3, 4, 0, -1, 1, 8 ]
[ -1, 0, -5, 3, -1, 2, 0, 0, 37 ]
[ 10, -1, 0, 1, 0, 5, 0, 0, 37 ]
[ -10, 1, 0, 3, -1, 2, 1, 0, 5 ]
[ 1, 11, 0, 0, 1, 13, 0, 0, 37 ]
[ 1, 11, 0, 0, 3, 2, 0, 1, 13 ]
[ 0, -1, -13, 1, 11, 0, 0, 0, 37 ]
[ 0, -3, -2, 1, 11, 0, 0, 1, 13 ]
[ 1, -6, 1, 0, 1, 13, 0, 0, 37 ]
[ 1, -6, 1, 0, 3, 2, 0, 1, 13 ]
[ 0, -1, -13, 1, -6, 1, 0, 0, 37 ]
[ 1, -3, 3, 0, 1, 13, 0, 0, 37 ]
[ -1, 3, -3, 1, -6, 1, 0, 1, 13 ]
[ -3, 4, 0, -1, 1, 8, 0, 0, 37 ]
[ -3, 4, 0, 1, -3, 3, -1, 1, 8 ]
[ 0, -1, 24, 1, -3, 3, 0, 0, 37 ]
[ -1, 1, 8, 0, -1, 24, 0, 0, 37 ]
[ -1, 1, 8, 1, -3, 3, 0, -1, 24 ]
[ 37, 0, 0, 12, 1, 0, 15, 0, 1 ]
[ 1, -3, 0, 0, 37, 0, 0, 8, 1 ]
[ 12, 1, 0, -1, 3, 0, 3, -1, 1 ]
[ 15, 0, 1, 12, 1, 0, -7, 0, 2 ]
[ 1, -3, 0, 0, 8, 1, 0, 3, 5 ]
[ 3, -1, 1, 1, 0, 5, 0, 0, 37 ]
[ 3, -1, 1, -1, 3, 0, 1, 0, 5 ]
[ -12, -1, 0, 3, -1, 1, -7, 0, 2 ]
[ 1, 0, 5, 12, 1, 0, 0, 0, 37 ]
[ 7, 0, -2, 12, 1, 0, 1, 0, 5 ]
[ 1, -3, 0, 0, 1, 14, 0, 0, 37 ]
[ 1, -3, 0, 0, 3, 5, 0, 1, 14 ]
[ 0, 1, 14, -1, 3, 0, 0, 0, 37 ]
[ 1, 0, 5, 0, 1, 14, 0, 0, 37 ]
[ 1, 0, 5, -1, 3, 0, 0, 1, 14 ]
[ -1, 0, -5, 3, -1, 1, 0, 0, 37 ]
[ -7, 0, 2, 3, -1, 1, 1, 0, 5 ]
[ -12, -1, 0, 1, 0, 5, 0, 0, 37 ]
[ 12, 1, 0, -7, 0, 2, 1, 0, 5 ]
[ 37, 0, 0, -3, 1, 0, 15, 0, 1 ]
[ 1, 12, 0, 0, 37, 0, 0, 5, 1 ]
[ 3, -1, 0, 1, 12, 0, 0, 5, 1 ]
[ 15, 0, 1, -3, 1, 0, -7, 0, 2 ]
[ 1, 12, 0, 0, 5, 1, 0, -2, 7 ]
[ 0, -5, -1, 1, 12, 0, 0, -2, 7 ]
[ 3, -1, 0, 0, 5, 1, -1, -2, 2 ]
[ 1, 0, 5, -3, 1, 0, 0, 0, 37 ]
[ 7, 0, -2, -3, 1, 0, 1, 0, 5 ]
[ -1, -12, 0, 0, -1, 22, 0, 0, 37 ]
[ -1, -12, 0, 0, -2, 7, 0, -1, 22 ]
[ 0, -1, 22, 1, 12, 0, 0, 0, 37 ]
[ 0, -2, 7, 1, 12, 0, 0, -1, 22 ]
[ 1, 2, -2, 0, 5, 1, 0, -2, 7 ]
[ 3, -1, 0, 1, 0, 5, 0, 0, 37 ]
[ -3, 1, 0, -1, -2, 2, 1, 0, 5 ]
[ -1, -2, 2, 0, -1, 22, 0, 0, 37 ]
[ -1, -2, 2, 0, -2, 7, 0, -1, 22 ]
[ 0, 1, -22, -1, -2, 2, 0, 0, 37 ]
[ -1, 0, -5, 0, -1, 22, 0, 0, 37 ]
[ -1, 0, -5, -1, -2, 2, 0, -1, 22 ]
[ 37, 0, 0, -18, 1, 0, 15, 0, 1 ]
[ 1, 2, 0, 0, 37, 0, 0, 7, 1 ]
[ 18, -1, 0, 1, 2, 0, -3, 1, 1 ]
[ 15, 0, 1, -18, 1, 0, -7, 0, 2 ]
[ 1, 2, 0, 0, 7, 1, 0, -2, 5 ]
[ 3, -1, -1, 1, 0, 5, 0, 0, 37 ]
[ 3, -1, -1, 1, 2, 0, 1, 0, 5 ]
[ 18, -1, 0, -3, 1, 1, -7, 0, 2 ]
[ 1, 0, 5, -18, 1, 0, 0, 0, 37 ]
[ 7, 0, -2, -18, 1, 0, 1, 0, 5 ]
[ -1, -2, 0, 0, -1, 21, 0, 0, 37 ]
[ -1, -2, 0, 0, -2, 5, 0, -1, 21 ]
[ 1, 1, 21, 1, 2, 0, 0, 0, 37 ]
[ 1, 0, 5, 1, 1, 21, 0, 0, 37 ]
[ 1, 0, 5, 1, 2, 0, 1, 1, 21 ]
[ 1, 0, 5, -3, 1, 1, 0, 0, 37 ]
[ 7, 0, -2, -3, 1, 1, 1, 0, 5 ]
[ 18, -1, 0, 1, 0, 5, 0, 0, 37 ]
[ -18, 1, 0, -7, 0, 2, 1, 0, 5 ]
[ 37, 0, 0, 4, 1, 0, 15, 0, 1 ]
[ 1, -9, 0, 0, 37, 0, 0, -13, 1 ]
[ 4, 1, 0, -1, 9, 0, -1, -4, 1 ]
[ 15, 0, 1, 4, 1, 0, -7, 0, 2 ]
[ -1, 9, 0, 0, -13, 1, 0, -2, 3 ]
[ 1, 4, -1, -1, 9, 0, 0, -2, 3 ]
[ -4, -1, 0, -1, -4, 1, 1, 2, 2 ]
[ 1, 0, 5, 4, 1, 0, 0, 0, 37 ]
[ 7, 0, -2, 4, 1, 0, 1, 0, 5 ]
[ -1, 9, 0, 0, -1, 20, 0, 0, 37 ]
[ -1, 9, 0, 0, -2, 3, 0, -1, 20 ]
[ 0, 1, -20, -1, 9, 0, 0, 0, 37 ]
[ 0, 2, -3, -1, 9, 0, 0, -1, 20 ]
[ -1, -4, 1, 0, -1, 20, 0, 0, 37 ]
[ -1, -4, 1, 0, -2, 3, 0, -1, 20 ]
[ 0, 1, -20, -1, -4, 1, 0, 0, 37 ]
[ -1, -2, -2, 0, -1, 20, 0, 0, 37 ]
[ -1, -2, -2, -1, -4, 1, 0, -1, 20 ]
[ -4, -1, 0, 1, 0, 5, 0, 0, 37 ]
[ 4, 1, 0, 1, 2, 2, 1, 0, 5 ]
[ 1, 1, 22, 1, 2, 2, 0, 0, 37 ]
[ 1, 0, 5, 1, 1, 22, 0, 0, 37 ]
[ 1, 0, 5, 1, 2, 2, 1, 1, 22 ]
[ 37, 0, 0, -11, 1, 0, 15, 0, 1 ]
[ 11, -1, 0, 4, 3, 0, 4, 1, 1 ]
[ 15, 0, 1, -11, 1, 0, -7, 0, 2 ]
[ 1, 10, 0, 0, 37, 0, 0, -2, 1 ]
[ 4, 3, 0, 1, 10, 0, 0, -2, 1 ]
[ -4, -1, -1, 1, 0, 5, 0, 0, 37 ]
[ 4, 1, 1, 4, 3, 0, 1, 0, 5 ]
[ 11, -1, 0, 4, 1, 1, -7, 0, 2 ]
[ 1, 0, 5, -11, 1, 0, 0, 0, 37 ]
[ 7, 0, -2, -11, 1, 0, 1, 0, 5 ]
[ -1, -10, 0, 0, -1, 19, 0, 0, 37 ]
[ -1, -10, 0, 0, -2, 1, 0, -1, 19 ]
[ 0, -1, 19, 1, 10, 0, 0, 0, 37 ]
[ 0, -2, 1, 1, 10, 0, 0, -1, 19 ]
[ -4, -3, 0, 0, -2, 1, 1, 0, 5 ]
[ -1, -1, 14, 4, 3, 0, 0, 0, 37 ]
[ -1, 0, -5, -1, -1, 14, 0, 0, 37 ]
[ 1, 0, 5, 4, 3, 0, -1, -1, 14 ]
[ 1, 0, 5, 4, 1, 1, 0, 0, 37 ]
[ 7, 0, -2, 4, 1, 1, 1, 0, 5 ]
[ 11, -1, 0, 1, 0, 5, 0, 0, 37 ]
[ -11, 1, 0, -7, 0, 2, 1, 0, 5 ]
[ -1, 0, -5, 0, -1, 19, 0, 0, 37 ]
[ -1, 0, -5, 0, -2, 1, 0, -1, 19 ]
[ -1, -1, 14, 1, 0, 5, 0, 0, 37 ]
[ -4, -3, 0, -1, -1, 14, 0, 0, 37 ]
[ -4, -3, 0, 1, 0, 5, -1, -1, 14 ]
[ 37, 0, 0, 11, 1, 0, 15, 0, 1 ]
[ 11, 1, 0, -4, 3, 0, 4, -1, 1 ]
[ 15, 0, 1, 11, 1, 0, -7, 0, 2 ]
[ 1, -10, 0, 0, 37, 0, 0, 2, 1 ]
[ 4, -3, 0, -1, 10, 0, 0, 2, 1 ]
[ 4, -1, 1, 1, 0, 5, 0, 0, 37 ]
[ 4, -1, 1, -4, 3, 0, 1, 0, 5 ]
[ -11, -1, 0, 4, -1, 1, -7, 0, 2 ]
[ 1, 0, 5, 11, 1, 0, 0, 0, 37 ]
[ 7, 0, -2, 11, 1, 0, 1, 0, 5 ]
[ 1, -10, 0, 0, 1, 19, 0, 0, 37 ]
[ 1, -10, 0, 0, 2, 1, 0, 1, 19 ]
[ 0, 1, 19, -1, 10, 0, 0, 0, 37 ]
[ 0, 2, 1, -1, 10, 0, 0, 1, 19 ]
[ 4, -3, 0, 0, 2, 1, 1, 0, 5 ]
[ -1, 1, 14, -4, 3, 0, 0, 0, 37 ]
[ 1, 0, 5, -1, 1, 14, 0, 0, 37 ]
[ 1, 0, 5, -4, 3, 0, -1, 1, 14 ]
[ -1, 0, -5, 4, -1, 1, 0, 0, 37 ]
[ -7, 0, 2, 4, -1, 1, 1, 0, 5 ]
[ -11, -1, 0, 1, 0, 5, 0, 0, 37 ]
[ 11, 1, 0, -7, 0, 2, 1, 0, 5 ]
[ 1, 0, 5, 0, 1, 19, 0, 0, 37 ]
[ 1, 0, 5, 0, 2, 1, 0, 1, 19 ]
[ 1, -1, -14, 1, 0, 5, 0, 0, 37 ]
[ 4, -3, 0, -1, 1, 14, 0, 0, 37 ]
[ 4, -3, 0, 1, 0, 5, -1, 1, 14 ]
[ 37, 0, 0, -4, 1, 0, 15, 0, 1 ]
[ 1, 9, 0, 0, 37, 0, 0, 13, 1 ]
[ 4, -1, 0, 1, 9, 0, -1, 4, 1 ]
[ 15, 0, 1, -4, 1, 0, -7, 0, 2 ]
[ 1, 9, 0, 0, 13, 1, 0, 2, 3 ]
[ 1, -4, -1, 1, 9, 0, 0, 2, 3 ]
[ 4, -1, 0, -1, 4, 1, 1, -2, 2 ]
[ 1, 0, 5, -4, 1, 0, 0, 0, 37 ]
[ 7, 0, -2, -4, 1, 0, 1, 0, 5 ]
[ 1, 9, 0, 0, 1, 20, 0, 0, 37 ]
[ 1, 9, 0, 0, 2, 3, 0, 1, 20 ]
[ 0, -1, -20, 1, 9, 0, 0, 0, 37 ]
[ 0, -2, -3, 1, 9, 0, 0, 1, 20 ]
[ 1, -4, -1, 0, 1, 20, 0, 0, 37 ]
[ 1, -4, -1, 0, 2, 3, 0, 1, 20 ]
[ 0, 1, 20, -1, 4, 1, 0, 0, 37 ]
[ 1, -2, 2, 0, 1, 20, 0, 0, 37 ]
[ 1, -2, 2, -1, 4, 1, 0, 1, 20 ]
[ 4, -1, 0, 1, 0, 5, 0, 0, 37 ]
[ -4, 1, 0, 1, -2, 2, 1, 0, 5 ]
[ -1, 1, -22, 1, -2, 2, 0, 0, 37 ]
[ -1, 0, -5, 1, -1, 22, 0, 0, 37 ]
[ -1, 0, -5, 1, -2, 2, 1, -1, 22 ]
[ 37, 0, 0, 18, 1, 0, 15, 0, 1 ]
[ 1, -2, 0, 0, 37, 0, 0, -7, 1 ]
[ 18, 1, 0, -1, 2, 0, -3, -1, 1 ]
[ 15, 0, 1, 18, 1, 0, -7, 0, 2 ]
[ -1, 2, 0, 0, -7, 1, 0, 2, 5 ]
[ -3, -1, 1, 1, 0, 5, 0, 0, 37 ]
[ 3, 1, -1, -1, 2, 0, 1, 0, 5 ]
[ -18, -1, 0, -3, -1, 1, -7, 0, 2 ]
[ 1, 0, 5, 18, 1, 0, 0, 0, 37 ]
[ 7, 0, -2, 18, 1, 0, 1, 0, 5 ]
[ 1, -2, 0, 0, 1, 21, 0, 0, 37 ]
[ 1, -2, 0, 0, 2, 5, 0, 1, 21 ]
[ 0, 1, 21, -1, 2, 0, 0, 0, 37 ]
[ 1, 0, 5, 0, 1, 21, 0, 0, 37 ]
[ 1, 0, 5, -1, 2, 0, 0, 1, 21 ]
[ -1, 0, -5, -3, -1, 1, 0, 0, 37 ]
[ -7, 0, 2, -3, -1, 1, 1, 0, 5 ]
[ -18, -1, 0, 1, 0, 5, 0, 0, 37 ]
[ 18, 1, 0, -7, 0, 2, 1, 0, 5 ]
[ 37, 0, 0, 3, 1, 0, 15, 0, 1 ]
[ 1, -12, 0, 0, 37, 0, 0, -5, 1 ]
[ 3, 1, 0, -1, 12, 0, 0, -5, 1 ]
[ 15, 0, 1, 3, 1, 0, -7, 0, 2 ]
[ -1, 12, 0, 0, -5, 1, 0, 2, 7 ]
[ 0, 5, -1, -1, 12, 0, 0, 2, 7 ]
[ -3, -1, 0, 0, -5, 1, -1, 2, 2 ]
[ 1, 0, 5, 3, 1, 0, 0, 0, 37 ]
[ 7, 0, -2, 3, 1, 0, 1, 0, 5 ]
[ 1, -12, 0, 0, 1, 22, 0, 0, 37 ]
[ 1, -12, 0, 0, 2, 7, 0, 1, 22 ]
[ 0, 1, 22, -1, 12, 0, 0, 0, 37 ]
[ 0, 2, 7, -1, 12, 0, 0, 1, 22 ]
[ -1, 2, 2, 0, -5, 1, 0, 2, 7 ]
[ -3, -1, 0, 1, 0, 5, 0, 0, 37 ]
[ 3, 1, 0, -1, 2, 2, 1, 0, 5 ]
[ 1, -2, -2, 0, 1, 22, 0, 0, 37 ]
[ 1, -2, -2, 0, 2, 7, 0, 1, 22 ]
[ 0, 1, 22, -1, 2, 2, 0, 0, 37 ]
[ 1, 0, 5, 0, 1, 22, 0, 0, 37 ]
[ 1, 0, 5, -1, 2, 2, 0, 1, 22 ]
[ 37, 0, 0, -12, 1, 0, 15, 0, 1 ]
[ 1, 3, 0, 0, 37, 0, 0, -8, 1 ]
[ 12, -1, 0, 1, 3, 0, 3, 1, 1 ]
[ 15, 0, 1, -12, 1, 0, -7, 0, 2 ]
[ -1, -3, 0, 0, -8, 1, 0, -3, 5 ]
[ -3, -1, -1, 1, 0, 5, 0, 0, 37 ]
[ 3, 1, 1, 1, 3, 0, 1, 0, 5 ]
[ 12, -1, 0, 3, 1, 1, -7, 0, 2 ]
[ 1, 0, 5, -12, 1, 0, 0, 0, 37 ]
[ 7, 0, -2, -12, 1, 0, 1, 0, 5 ]
[ -1, -3, 0, 0, -1, 14, 0, 0, 37 ]
[ -1, -3, 0, 0, -3, 5, 0, -1, 14 ]
[ 0, -1, 14, 1, 3, 0, 0, 0, 37 ]
[ -1, 0, -5, 0, -1, 14, 0, 0, 37 ]
[ 1, 0, 5, 1, 3, 0, 0, -1, 14 ]
[ 1, 0, 5, 3, 1, 1, 0, 0, 37 ]
[ 7, 0, -2, 3, 1, 1, 1, 0, 5 ]
[ 12, -1, 0, 1, 0, 5, 0, 0, 37 ]
[ -12, 1, 0, -7, 0, 2, 1, 0, 5 ]
[ 37, 0, 0, 10, 1, 0, 15, 0, 1 ]
[ 10, 1, 0, 3, 4, 0, -5, -2, 1 ]
[ 15, 0, 1, 10, 1, 0, -7, 0, 2 ]
[ 1, -11, 0, 0, 37, 0, 0, 17, 1 ]
[ 3, 4, 0, -1, 11, 0, 1, 6, 1 ]
[ -5, -2, 1, -2, -1, 3, 0, 0, 37 ]
[ 5, 2, -1, 3, 4, 0, -2, -1, 3 ]
[ -3, -1, -2, -5, -2, 1, 0, 0, 37 ]
[ -10, -1, 0, -5, -2, 1, 3, 1, 2 ]
[ 1, 0, 5, 10, 1, 0, 0, 0, 37 ]
[ 7, 0, -2, 10, 1, 0, 1, 0, 5 ]
[ 1, -11, 0, 0, 17, 1, 0, -3, 2 ]
[ 1, 6, 1, -1, 11, 0, 0, -3, 2 ]
[ 3, 4, 0, 1, 6, 1, 1, 3, 3 ]
[ 1, 1, -8, 3, 4, 0, 0, 0, 37 ]
[ -2, -1, 3, -1, -1, 8, 0, 0, 37 ]
[ 2, 1, -3, 3, 4, 0, -1, -1, 8 ]
[ 1, 0, 5, 3, 1, 2, 0, 0, 37 ]
[ -10, -1, 0, 1, 0, 5, 0, 0, 37 ]
[ 10, 1, 0, 3, 1, 2, 1, 0, 5 ]
[ -1, 11, 0, 0, -1, 13, 0, 0, 37 ]
[ -1, 11, 0, 0, -3, 2, 0, -1, 13 ]
[ 0, 1, -13, -1, 11, 0, 0, 0, 37 ]
[ 0, 3, -2, -1, 11, 0, 0, -1, 13 ]
[ -1, -6, -1, 0, -1, 13, 0, 0, 37 ]
[ -1, -6, -1, 0, -3, 2, 0, -1, 13 ]
[ 0, -1, 13, 1, 6, 1, 0, 0, 37 ]
[ -1, -3, -3, 0, -1, 13, 0, 0, 37 ]
[ 1, 3, 3, 1, 6, 1, 0, -1, 13 ]
[ 3, 4, 0, -1, -1, 8, 0, 0, 37 ]
[ 3, 4, 0, 1, 3, 3, -1, -1, 8 ]
[ 0, -1, -24, 1, 3, 3, 0, 0, 37 ]
[ 1, 1, -8, 0, 1, 24, 0, 0, 37 ]
[ 1, 1, -8, 1, 3, 3, 0, 1, 24 ]
[ 37, 0, 0, -5, 1, 0, 15, 0, 1 ]
[ 5, -1, 0, 2, 7, 0, 0, 3, 1 ]
[ 15, 0, 1, -5, 1, 0, -7, 0, 2 ]
[ 1, 22, 0, 0, 37, 0, 0, 3, 1 ]
[ 2, 7, 0, 1, 22, 0, 0, 3, 1 ]
[ 1, 3, 6, 2, 7, 0, 0, 0, 37 ]
[ 0, -3, -1, 2, 7, 0, 1, 3, 6 ]
[ 5, -1, 0, 0, 3, 1, -2, -1, 2 ]
[ 1, 0, 5, -5, 1, 0, 0, 0, 37 ]
[ 7, 0, -2, -5, 1, 0, 1, 0, 5 ]
[ -1, -22, 0, 0, -1, 12, 0, 0, 37 ]
[ 1, 22, 0, 0, 3, 1, 0, -1, 12 ]
[ 0, -1, 12, 1, 22, 0, 0, 0, 37 ]
[ 0, -3, -1, 1, 22, 0, 0, -1, 12 ]
[ -2, -7, 0, 1, 3, 6, 0, 0, 37 ]
[ 2, 7, 0, 0, 3, 1, 1, 3, 6 ]
[ 0, -1, 12, 1, 3, 6, 0, 0, 37 ]
[ 0, -3, -1, 1, 3, 6, 0, -1, 12 ]
[ -2, -1, 2, -1, -1, 7, 0, 0, 37 ]
[ 2, 1, -2, 0, 3, 1, -1, -1, 7 ]
[ -1, 0, -5, -2, -1, 2, 0, 0, 37 ]
[ 5, -1, 0, 1, 0, 5, 0, 0, 37 ]
[ -5, 1, 0, -2, -1, 2, 1, 0, 5 ]
[ -1, -3, -6, 0, -1, 12, 0, 0, 37 ]
[ 1, 3, 6, 0, 3, 1, 0, -1, 12 ]
[ -1, -1, 7, 0, -1, 12, 0, 0, 37 ]
[ 1, 1, -7, 0, 3, 1, 0, -1, 12 ]
[ 37, 0, 0, 17, 1, 0, 15, 0, 1 ]
[ 17, 1, 0, -3, 2, 0, -2, -1, 1 ]
[ 15, 0, 1, 17, 1, 0, -7, 0, 2 ]
[ 1, -13, 0, 0, 37, 0, 0, 10, 1 ]
[ 3, -2, 0, -1, 13, 0, 1, -3, 1 ]
[ -2, -1, 1, 1, 0, 5, 0, 0, 37 ]
[ 2, 1, -1, -3, 2, 0, 1, 0, 5 ]
[ -17, -1, 0, -2, -1, 1, -7, 0, 2 ]
[ 1, 0, 5, 17, 1, 0, 0, 0, 37 ]
[ 7, 0, -2, 17, 1, 0, 1, 0, 5 ]
[ 1, -13, 0, 0, 10, 1, 0, 3, 4 ]
[ 1, -3, 1, -1, 13, 0, 0, 3, 4 ]
[ -3, 2, 0, 1, -3, 1, 1, 0, 5 ]
[ -1, 1, 21, -3, 2, 0, 0, 0, 37 ]
[ 1, 0, 5, -1, 1, 21, 0, 0, 37 ]
[ 1, 0, 5, -3, 2, 0, -1, 1, 21 ]
[ -1, 0, -5, -2, -1, 1, 0, 0, 37 ]
[ -7, 0, 2, -2, -1, 1, 1, 0, 5 ]
[ -17, -1, 0, 1, 0, 5, 0, 0, 37 ]
[ 17, 1, 0, -7, 0, 2, 1, 0, 5 ]
[ -1, 13, 0, 0, -1, 11, 0, 0, 37 ]
[ 1, -13, 0, 0, 3, 4, 0, -1, 11 ]
[ 0, 1, -11, -1, 13, 0, 0, 0, 37 ]
[ 0, 3, 4, -1, 13, 0, 0, -1, 11 ]
[ -1, 3, -1, 0, -1, 11, 0, 0, 37 ]
[ 1, -3, 1, 0, 3, 4, 0, -1, 11 ]
[ 0, -1, 11, 1, -3, 1, 0, 0, 37 ]
[ -1, 0, -5, 0, -1, 11, 0, 0, 37 ]
[ -1, 0, -5, 1, -3, 1, 0, -1, 11 ]
[ 1, -1, -21, 1, 0, 5, 0, 0, 37 ]
[ 3, -2, 0, -1, 1, 21, 0, 0, 37 ]
[ 3, -2, 0, 1, 0, 5, -1, 1, 21 ]
[ 37, 0, 0, 2, 1, 0, 15, 0, 1 ]
[ 1, 19, 0, 0, 37, 0, 0, 11, 1 ]
[ 2, 1, 0, 1, 19, 0, -1, -8, 1 ]
[ 15, 0, 1, 2, 1, 0, -7, 0, 2 ]
[ 1, 19, 0, 0, 11, 1, 0, -4, 3 ]
[ 1, 8, -1, 1, 19, 0, 0, -4, 3 ]
[ -2, -1, 0, -1, -8, 1, 1, 4, 2 ]
[ 1, 0, 5, 2, 1, 0, 0, 0, 37 ]
[ 7, 0, -2, 2, 1, 0, 1, 0, 5 ]
[ -1, -19, 0, 0, -1, 10, 0, 0, 37 ]
[ -1, -19, 0, 0, -4, 3, 0, -1, 10 ]
[ 0, -1, 10, 1, 19, 0, 0, 0, 37 ]
[ 0, -4, 3, 1, 19, 0, 0, -1, 10 ]
[ -1, -8, 1, 0, -1, 10, 0, 0, 37 ]
[ -1, -8, 1, 0, -4, 3, 0, -1, 10 ]
[ 0, 1, -10, -1, -8, 1, 0, 0, 37 ]
[ -1, -4, -2, 0, -1, 10, 0, 0, 37 ]
[ -1, -4, -2, -1, -8, 1, 0, -1, 10 ]
[ -2, -1, 0, -1, -1, 5, 0, 0, 37 ]
[ 2, 1, 0, 1, 4, 2, -1, -1, 5 ]
[ 0, -1, 10, 1, 4, 2, 0, 0, 37 ]
[ -1, -1, 5, 0, -1, 10, 0, 0, 37 ]
[ 1, 1, -5, 1, 4, 2, 0, -1, 10 ]
[ 37, 0, 0, -13, 1, 0, 15, 0, 1 ]
[ 13, -1, 0, -2, 3, 0, 2, 1, 1 ]
[ 15, 0, 1, -13, 1, 0, -7, 0, 2 ]
[ 1, -20, 0, 0, 37, 0, 0, 4, 1 ]
[ 2, -3, 0, -1, 20, 0, 0, 4, 1 ]
[ -2, -1, -1, 1, 0, 5, 0, 0, 37 ]
[ 2, 1, 1, -2, 3, 0, 1, 0, 5 ]
[ 13, -1, 0, 2, 1, 1, -7, 0, 2 ]
[ 1, 0, 5, -13, 1, 0, 0, 0, 37 ]
[ 7, 0, -2, -13, 1, 0, 1, 0, 5 ]
[ -1, 20, 0, 0, -1, 9, 0, 0, 37 ]
[ 1, -20, 0, 0, 4, 1, 0, -1, 9 ]
[ 0, 1, -9, -1, 20, 0, 0, 0, 37 ]
[ 0, 4, 1, -1, 20, 0, 0, -1, 9 ]
[ 2, -3, 0, 0, 4, 1, -1, 3, 5 ]
[ 1, -1, 14, -2, 3, 0, 0, 0, 37 ]
[ -1, 0, -5, 1, -1, 14, 0, 0, 37 ]
[ 1, 0, 5, -2, 3, 0, 1, -1, 14 ]
[ 1, 0, 5, 2, 1, 1, 0, 0, 37 ]
[ 7, 0, -2, 2, 1, 1, 1, 0, 5 ]
[ 13, -1, 0, 1, 0, 5, 0, 0, 37 ]
[ -13, 1, 0, -7, 0, 2, 1, 0, 5 ]
[ -1, 3, 5, 0, -1, 9, 0, 0, 37 ]
[ 1, -3, -5, 0, 4, 1, 0, -1, 9 ]
[ 1, -2, -14, -1, 3, 5, 0, 0, 37 ]
[ 2, -3, 0, -1, 2, 14, 0, 0, 37 ]
[ 2, -3, 0, -1, 3, 5, -1, 2, 14 ]
[ 37, 0, 0, 9, 1, 0, 15, 0, 1 ]
[ 1, -4, 0, 0, 37, 0, 0, -14, 1 ]
[ 9, 1, 0, -1, 4, 0, -3, -2, 1 ]
[ 15, 0, 1, 9, 1, 0, -7, 0, 2 ]
[ -1, 4, 0, 0, -14, 1, 0, -5, 3 ]
[ -3, -2, 1, -1, -1, 3, 0, 0, 37 ]
[ 3, 2, -1, -1, 4, 0, -1, -1, 3 ]
[ -2, -1, -2, -3, -2, 1, 0, 0, 37 ]
[ -9, -1, 0, -3, -2, 1, 2, 1, 2 ]
[ 1, 0, 5, 9, 1, 0, 0, 0, 37 ]
[ 7, 0, -2, 9, 1, 0, 1, 0, 5 ]
[ -1, 4, 0, 0, -1, 8, 0, 0, 37 ]
[ -1, 4, 0, 0, -5, 3, 0, -1, 8 ]
[ 0, 1, -8, -1, 4, 0, 0, 0, 37 ]
[ -1, -1, 3, 0, -1, 8, 0, 0, 37 ]
[ 1, 1, -3, -1, 4, 0, 0, -1, 8 ]
[ 1, 0, 5, 2, 1, 2, 0, 0, 37 ]
[ -9, -1, 0, 1, 0, 5, 0, 0, 37 ]
[ 9, 1, 0, 2, 1, 2, 1, 0, 5 ]
[ 37, 0, 0, -6, 1, 0, 15, 0, 1 ]
[ 1, 6, 0, 0, 37, 0, 0, -16, 1 ]
[ 6, -1, 0, 1, 6, 0, 3, 2, 1 ]
[ 15, 0, 1, -6, 1, 0, -7, 0, 2 ]
[ -1, -6, 0, 0, -16, 1, 0, 5, 2 ]
[ -3, -2, -1, -1, -1, 2, 0, 0, 37 ]
[ 3, 2, 1, 1, 6, 0, -1, -1, 2 ]
[ -1, -1, 2, 3, 2, 1, 0, 0, 37 ]
[ 6, -1, 0, 3, 2, 1, -1, -1, 2 ]
[ 1, 0, 5, -6, 1, 0, 0, 0, 37 ]
[ 7, 0, -2, -6, 1, 0, 1, 0, 5 ]
[ -1, -6, 0, 0, -1, 7, 0, 0, 37 ]
[ 1, 6, 0, 0, 5, 2, 0, -1, 7 ]
[ 0, -1, 7, 1, 6, 0, 0, 0, 37 ]
[ -1, -1, 2, 0, -1, 7, 0, 0, 37 ]
[ 1, 1, -2, 1, 6, 0, 0, -1, 7 ]
[ -1, 0, -5, -1, -1, 2, 0, 0, 37 ]
[ 6, -1, 0, 1, 0, 5, 0, 0, 37 ]
[ -6, 1, 0, -1, -1, 2, 1, 0, 5 ]
[ 37, 0, 0, 16, 1, 0, 15, 0, 1 ]
[ 16, 1, 0, -5, 2, 0, -1, -1, 1 ]
[ 15, 0, 1, 16, 1, 0, -7, 0, 2 ]
[ 1, 7, 0, 0, 37, 0, 0, 6, 1 ]
[ 5, -2, 0, 1, 7, 0, -1, -1, 1 ]
[ -1, -1, 1, 1, 0, 5, 0, 0, 37 ]
[ 1, 1, -1, -5, 2, 0, 1, 0, 5 ]
[ -16, -1, 0, -1, -1, 1, -7, 0, 2 ]
[ 1, 0, 5, 16, 1, 0, 0, 0, 37 ]
[ 7, 0, -2, 16, 1, 0, 1, 0, 5 ]
[ -1, -7, 0, 0, -1, 6, 0, 0, 37 ]
[ 1, 7, 0, 0, 6, 1, 0, -1, 6 ]
[ 0, -1, 6, 1, 7, 0, 0, 0, 37 ]
[ -1, -1, 1, 0, -1, 6, 0, 0, 37 ]
[ 1, 1, -1, 1, 7, 0, 0, -1, 6 ]
[ -1, 0, -5, -1, -1, 1, 0, 0, 37 ]
[ -5, 2, 0, -1, -1, 1, 1, 0, 5 ]
[ -2, 1, 21, -5, 2, 0, 0, 0, 37 ]
[ 1, 0, 5, -2, 1, 21, 0, 0, 37 ]
[ 1, 0, 5, -5, 2, 0, -2, 1, 21 ]
[ -1, 0, -5, -1, -1, 1, 0, 0, 37 ]
[ -7, 0, 2, -1, -1, 1, 1, 0, 5 ]
[ -16, -1, 0, 1, 0, 5, 0, 0, 37 ]
[ 16, 1, 0, -7, 0, 2, 1, 0, 5 ]
[ 2, -1, -21, 1, 0, 5, 0, 0, 37 ]
[ 5, -2, 0, -2, 1, 21, 0, 0, 37 ]
[ 5, -2, 0, 1, 0, 5, -2, 1, 21 ]
[ 1, 1, 0, 0, 37, 0, 0, -15, 1 ]
[ 37, 0, 0, 1, 1, 0, 15, 0, 1 ]
[ -1, -1, 0, 0, -15, 1, 0, 7, 2 ]
[ 15, 0, 1, 1, 1, 0, -7, 0, 2 ]
[ -1, -1, 0, 0, -1, 5, 0, 0, 37 ]
[ 1, 1, 0, 0, 7, 2, 0, -1, 5 ]
[ 1, 0, 5, 1, 1, 0, 0, 0, 37 ]
[ 7, 0, -2, 1, 1, 0, 1, 0, 5 ]
[ 37, 0, 0, -14, 1, 0, 15, 0, 1 ]
[ 14, -1, 0, -5, 3, 0, 1, 1, 1 ]
[ 15, 0, 1, -14, 1, 0, -7, 0, 2 ]
[ 1, -8, 0, 0, 37, 0, 0, 9, 1 ]
[ 5, -3, 0, -1, 8, 0, 1, 1, 1 ]
[ -1, -1, -1, 1, 0, 5, 0, 0, 37 ]
[ 1, 1, 1, -5, 3, 0, 1, 0, 5 ]
[ 14, -1, 0, 1, 1, 1, -7, 0, 2 ]
[ 1, 0, 5, -14, 1, 0, 0, 0, 37 ]
[ 7, 0, -2, -14, 1, 0, 1, 0, 5 ]
[ -1, 8, 0, 0, -1, 4, 0, 0, 37 ]
[ 1, -8, 0, 0, 9, 1, 0, -1, 4 ]
[ 0, 1, -4, -1, 8, 0, 0, 0, 37 ]
[ -1, -1, -1, 0, -1, 4, 0, 0, 37 ]
[ 1, 1, 1, -1, 8, 0, 0, -1, 4 ]
[ 1, 0, 5, 1, 1, 1, 0, 0, 37 ]
[ 5, -3, 0, 1, 1, 1, 1, 0, 5 ]
[ 2, -1, 14, -5, 3, 0, 0, 0, 37 ]
[ -1, 0, -5, 2, -1, 14, 0, 0, 37 ]
[ 1, 0, 5, -5, 3, 0, 2, -1, 14 ]
[ 1, 0, 5, 1, 1, 1, 0, 0, 37 ]
[ 7, 0, -2, 1, 1, 1, 1, 0, 5 ]
[ 14, -1, 0, 1, 0, 5, 0, 0, 37 ]
[ -14, 1, 0, -7, 0, 2, 1, 0, 5 ]
[ 2, -1, 14, 1, 0, 5, 0, 0, 37 ]
[ 5, -3, 0, 2, -1, 14, 0, 0, 37 ]
[ 5, -3, 0, 1, 0, 5, 2, -1, 14 ]
[ 37, 0, 0, 8, 1, 0, 15, 0, 1 ]
[ -1, -2, 1, 3, 5, 0, 0, 0, 37 ]
[ 8, 1, 0, 3, 5, 0, -1, -2, 1 ]
[ 15, 0, 1, 8, 1, 0, -7, 0, 2 ]
[ 1, 14, 0, 0, 37, 0, 0, 12, 1 ]
[ -3, -5, 0, -1, -2, 1, 0, 0, 37 ]
[ 3, 5, 0, 1, 14, 0, -1, -2, 1 ]
[ -1, -1, -2, -1, -2, 1, 0, 0, 37 ]
[ -8, -1, 0, -1, -2, 1, 1, 1, 2 ]
[ 1, 0, 5, 8, 1, 0, 0, 0, 37 ]
[ 7, 0, -2, 8, 1, 0, 1, 0, 5 ]
[ -1, -14, 0, 0, -1, 3, 0, 0, 37 ]
[ 1, 14, 0, 0, 12, 1, 0, -1, 3 ]
[ 0, -1, 3, 1, 14, 0, 0, 0, 37 ]
[ -1, -2, 1, 0, -1, 3, 0, 0, 37 ]
[ 1, 2, -1, 1, 14, 0, 0, -1, 3 ]
[ 1, 0, 5, 1, 1, 2, 0, 0, 37 ]
[ -8, -1, 0, 1, 0, 5, 0, 0, 37 ]
[ 8, 1, 0, 1, 1, 2, 1, 0, 5 ]
[ 37, 0, 0, -7, 1, 0, 15, 0, 1 ]
[ 1, 2, 1, 2, 5, 0, 0, 0, 37 ]
[ 7, -1, 0, 2, 5, 0, 1, 2, 1 ]
[ 15, 0, 1, -7, 1, 0, -7, 0, 2 ]
[ 1, 21, 0, 0, 37, 0, 0, 18, 1 ]
[ -2, -5, 0, -1, -3, 1, 0, 0, 37 ]
[ 2, 5, 0, 1, 21, 0, -1, -3, 1 ]
[ 0, -1, 2, 1, 2, 1, 0, 0, 37 ]
[ 7, -1, 0, 1, 2, 1, 0, -1, 2 ]
[ 1, 0, 5, -7, 1, 0, 0, 0, 37 ]
[ 7, 0, -2, -7, 1, 0, 1, 0, 5 ]
[ -1, -21, 0, 0, -1, 2, 0, 0, 37 ]
[ 1, 21, 0, 0, 18, 1, 0, -1, 2 ]
[ 0, -1, 2, 1, 21, 0, 0, 0, 37 ]
[ -1, -3, 1, 0, -1, 2, 0, 0, 37 ]
[ 1, 3, -1, 1, 21, 0, 0, -1, 2 ]
[ -1, 0, -5, 0, -1, 2, 0, 0, 37 ]
[ 7, -1, 0, 1, 0, 5, 0, 0, 37 ]
[ -7, 1, 0, 0, -1, 2, 1, 0, 5 ]
[ 37, 0, 0, 15, 1, 0, 15, 0, 1 ]
[ 15, 1, 0, -7, 2, 0, 0, -1, 1 ]
[ 15, 0, 1, 15, 1, 0, -7, 0, 2 ]
[ -1, -5, 0, 0, -1, 1, 0, 0, 37 ]
[ 1, 5, 0, 0, 37, 0, 0, -1, 1 ]
[ 0, -1, 1, 1, 5, 0, 0, 0, 37 ]
[ 7, -2, 0, 1, 5, 0, 0, -1, 1 ]
[ 0, -1, 1, 1, 0, 5, 0, 0, 37 ]
[ 0, 1, -1, -7, 2, 0, 1, 0, 5 ]
[ -15, -1, 0, 0, -1, 1, -7, 0, 2 ]
[ 1, 0, 5, 15, 1, 0, 0, 0, 37 ]
[ 7, 0, -2, 15, 1, 0, 1, 0, 5 ]
[ -1, 0, -5, 0, -1, 1, 0, 0, 37 ]
[ -7, 2, 0, 0, -1, 1, 1, 0, 5 ]
[ -3, 1, 21, -7, 2, 0, 0, 0, 37 ]
[ 1, 0, 5, -3, 1, 21, 0, 0, 37 ]
[ 1, 0, 5, -7, 2, 0, -3, 1, 21 ]
[ -1, 0, -5, 0, -1, 1, 0, 0, 37 ]
[ -7, 0, 2, 0, -1, 1, 1, 0, 5 ]
[ -15, -1, 0, 1, 0, 5, 0, 0, 37 ]
[ 15, 1, 0, -7, 0, 2, 1, 0, 5 ]
[ 3, -1, -21, 1, 0, 5, 0, 0, 37 ]
[ 7, -2, 0, -3, 1, 21, 0, 0, 37 ]
[ 7, -2, 0, 1, 0, 5, -3, 1, 21 ]
[ 37, 0, 0, 0, 1, 0, -6, 0, 1 ]
[ 1, 0, 6, 0, 1, 0, 0, 0, 37 ]
[ 6, 0, -1, 0, 1, 0, 1, 0, 6 ]
[ 37, 0, 0, 6, 1, 0, -6, 0, 1 ]
[ 1, -6, 0, 0, 1, 1, 0, 0, 37 ]
[ 1, -6, 0, 0, 37, 0, 0, 1, 1 ]
[ 0, 1, 1, -1, 6, 0, 0, 0, 37 ]
[ 6, 1, 0, -1, 6, 0, 0, 1, 1 ]
[ 1, 0, 6, 6, 1, 0, 0, 0, 37 ]
[ 6, 0, -1, 6, 1, 0, 1, 0, 6 ]
[ 1, 0, 6, 0, 1, 1, 0, 0, 37 ]
[ -6, -1, 0, 1, 0, 6, 0, 0, 37 ]
[ 6, 1, 0, 0, 1, 1, 1, 0, 6 ]
[ 37, 0, 0, 12, 1, 0, -6, 0, 1 ]
[ 1, -3, 0, 0, 37, 0, 0, -18, 1 ]
[ 12, 1, 0, -1, 3, 0, -6, 0, 1 ]
[ 1, 0, 6, 12, 1, 0, 0, 0, 37 ]
[ 6, 0, -1, 12, 1, 0, 1, 0, 6 ]
[ 1, -3, 0, 0, 1, 2, 0, 0, 37 ]
[ -1, 3, 0, 0, -18, 1, 0, 1, 2 ]
[ 0, 1, 2, -1, 3, 0, 0, 0, 37 ]
[ 6, 0, -1, -1, 3, 0, 0, 1, 2 ]
[ -12, -1, 0, 1, 0, 6, 0, 0, 37 ]
[ 12, 1, 0, -6, 0, 1, 1, 0, 6 ]
[ 1, 0, 6, 0, 1, 2, 0, 0, 37 ]
[ 6, 0, -1, 0, 1, 2, 1, 0, 6 ]
[ 37, 0, 0, 18, 1, 0, -6, 0, 1 ]
[ 1, -2, 0, 0, 37, 0, 0, -12, 1 ]
[ 18, 1, 0, -1, 2, 0, -6, 0, 1 ]
[ 1, 0, 6, 18, 1, 0, 0, 0, 37 ]
[ 6, 0, -1, 18, 1, 0, 1, 0, 6 ]
[ 1, -2, 0, 0, 1, 3, 0, 0, 37 ]
[ -1, 2, 0, 0, -12, 1, 0, 1, 3 ]
[ 0, 1, 3, -1, 2, 0, 0, 0, 37 ]
[ 6, 0, -1, -1, 2, 0, 0, 1, 3 ]
[ -18, -1, 0, 1, 0, 6, 0, 0, 37 ]
[ 18, 1, 0, -6, 0, 1, 1, 0, 6 ]
[ 1, 0, 6, 0, 1, 3, 0, 0, 37 ]
[ 6, 0, -1, 0, 1, 3, 1, 0, 6 ]
[ 37, 0, 0, -13, 1, 0, -6, 0, 1 ]
[ 13, -1, 0, -2, 3, 0, -6, 0, 1 ]
[ 1, 0, 6, -13, 1, 0, 0, 0, 37 ]
[ 6, 0, -1, -13, 1, 0, 1, 0, 6 ]
[ 1, -20, 0, 0, 37, 0, 0, -9, 1 ]
[ 2, -3, 0, -1, 20, 0, 0, -9, 1 ]
[ 1, -1, 2, -2, 3, 0, 0, 0, 37 ]
[ 6, 0, -1, -2, 3, 0, 1, -1, 2 ]
[ 13, -1, 0, 1, 0, 6, 0, 0, 37 ]
[ -13, 1, 0, -6, 0, 1, 1, 0, 6 ]
[ 1, -20, 0, 0, 1, 4, 0, 0, 37 ]
[ -1, 20, 0, 0, -9, 1, 0, 1, 4 ]
[ 0, 1, 4, -1, 20, 0, 0, 0, 37 ]
[ 0, 9, -1, -1, 20, 0, 0, 1, 4 ]
[ 2, -3, 0, -1, 2, 2, 0, 0, 37 ]
[ -2, 3, 0, 0, -9, 1, -1, 2, 2 ]
[ -1, 0, -6, 1, -1, 2, 0, 0, 37 ]
[ -6, 0, 1, 1, -1, 2, 1, 0, 6 ]
[ 1, -2, -2, 0, 1, 4, 0, 0, 37 ]
[ -1, 2, 2, 0, -9, 1, 0, 1, 4 ]
[ 37, 0, 0, -7, 1, 0, -6, 0, 1 ]
[ 7, -1, 0, 2, 5, 0, 1, -1, 1 ]
[ 1, 0, 6, -7, 1, 0, 0, 0, 37 ]
[ 6, 0, -1, -7, 1, 0, 1, 0, 6 ]
[ 1, 21, 0, 0, 37, 0, 0, 15, 1 ]
[ 2, 5, 0, 1, 21, 0, -1, -6, 1 ]
[ 1, -1, 1, 0, 1, 5, 0, 0, 37 ]
[ 1, -1, 1, 2, 5, 0, 0, 1, 5 ]
[ -1, 0, -6, 1, -1, 1, 0, 0, 37 ]
[ 7, -1, 0, 1, 0, 6, 0, 0, 37 ]
[ -7, 1, 0, 1, -1, 1, 1, 0, 6 ]
[ 1, 21, 0, 0, 15, 1, 0, -7, 2 ]
[ 1, 6, -1, 1, 21, 0, 0, -7, 2 ]
[ 0, 1, 5, -1, -6, 1, 0, 0, 37 ]
[ -2, -5, 0, -1, -6, 1, 0, 1, 5 ]
[ -1, -3, -21, 2, 5, 0, 0, 0, 37 ]
[ 0, -1, -5, 1, 3, 21, 0, 0, 37 ]
[ 0, -1, -5, 2, 5, 0, 1, 3, 21 ]
[ 1, 21, 0, 0, 1, 5, 0, 0, 37 ]
[ -1, -21, 0, 0, -7, 2, 0, 1, 5 ]
[ 0, -1, -5, 1, 21, 0, 0, 0, 37 ]
[ 0, -7, 2, 1, 21, 0, 0, 1, 5 ]
[ 1, 6, -1, 0, 1, 5, 0, 0, 37 ]
[ -1, -6, 1, 0, -7, 2, 0, 1, 5 ]
[ 1, 3, 21, 0, 1, 5, 0, 0, 37 ]
[ 2, 5, 0, 1, 3, 21, 0, 0, 37 ]
[ 2, 5, 0, 0, 1, 5, 1, 3, 21 ]
[ 1, -1, 0, 0, 37, 0, 0, -6, 1 ]
[ 37, 0, 0, -1, 1, 0, -6, 0, 1 ]
[ 1, -1, 0, 0, 1, 6, 0, 0, 37 ]
[ -1, 1, 0, 0, -6, 1, 0, 1, 6 ]
[ 1, 0, 6, -1, 1, 0, 0, 0, 37 ]
[ 6, 0, -1, -1, 1, 0, 1, 0, 6 ]
[ 37, 0, 0, 5, 1, 0, -6, 0, 1 ]
[ 5, 1, 0, -2, 7, 0, -1, 1, 1 ]
[ 1, 0, 6, 5, 1, 0, 0, 0, 37 ]
[ 6, 0, -1, 5, 1, 0, 1, 0, 6 ]
[ 1, -22, 0, 0, 37, 0, 0, 16, 1 ]
[ 2, -7, 0, -1, 22, 0, 1, -6, 1 ]
[ 1, -1, -1, 0, 1, 7, 0, 0, 37 ]
[ 1, -1, -1, -2, 7, 0, 0, 1, 7 ]
[ 1, 0, 6, -1, 1, 1, 0, 0, 37 ]
[ -5, -1, 0, 1, 0, 6, 0, 0, 37 ]
[ 5, 1, 0, -1, 1, 1, 1, 0, 6 ]
[ 1, -22, 0, 0, 16, 1, 0, -5, 2 ]
[ 1, -6, 1, -1, 22, 0, 0, -5, 2 ]
[ 0, -1, -7, 1, -6, 1, 0, 0, 37 ]
[ -2, 7, 0, 1, -6, 1, 0, 1, 7 ]
[ -1, 4, 22, -2, 7, 0, 0, 0, 37 ]
[ 0, 1, 7, -1, 4, 22, 0, 0, 37 ]
[ 0, 1, 7, -2, 7, 0, -1, 4, 22 ]
[ 1, -22, 0, 0, 1, 7, 0, 0, 37 ]
[ -1, 22, 0, 0, -5, 2, 0, 1, 7 ]
[ 0, 1, 7, -1, 22, 0, 0, 0, 37 ]
[ 0, 5, -2, -1, 22, 0, 0, 1, 7 ]
[ 1, -6, 1, 0, 1, 7, 0, 0, 37 ]
[ -1, 6, -1, 0, -5, 2, 0, 1, 7 ]
[ 1, -4, -22, 0, 1, 7, 0, 0, 37 ]
[ 2, -7, 0, -1, 4, 22, 0, 0, 37 ]
[ 2, -7, 0, 0, 1, 7, -1, 4, 22 ]
[ 37, 0, 0, 11, 1, 0, -6, 0, 1 ]
[ 11, 1, 0, -4, 3, 0, -6, 0, 1 ]
[ 1, 0, 6, 11, 1, 0, 0, 0, 37 ]
[ 6, 0, -1, 11, 1, 0, 1, 0, 6 ]
[ 1, -10, 0, 0, 37, 0, 0, 14, 1 ]
[ 4, -3, 0, -1, 10, 0, 2, -6, 1 ]
[ -1, 1, 2, -4, 3, 0, 0, 0, 37 ]
[ 6, 0, -1, -4, 3, 0, -1, 1, 2 ]
[ -11, -1, 0, 1, 0, 6, 0, 0, 37 ]
[ 11, 1, 0, -6, 0, 1, 1, 0, 6 ]
[ 1, -10, 0, 0, 14, 1, 0, 5, 3 ]
[ 2, -6, 1, -1, 10, 0, 1, -5, 3 ]
[ 4, -3, 0, -1, 1, 2, 0, 0, 37 ]
[ -4, 3, 0, 2, -6, 1, -1, 1, 2 ]
[ 1, 0, 6, -1, 1, 2, 0, 0, 37 ]
[ 6, 0, -1, -1, 1, 2, 1, 0, 6 ]
[ 1, -10, 0, 0, 1, 8, 0, 0, 37 ]
[ 1, -10, 0, 0, 5, 3, 0, 1, 8 ]
[ 0, 1, 8, -1, 10, 0, 0, 0, 37 ]
[ 1, -5, 3, 0, 1, 8, 0, 0, 37 ]
[ 1, -5, 3, -1, 10, 0, 0, 1, 8 ]
[ -1, 4, -11, 1, -5, 3, 0, 0, 37 ]
[ -2, 6, -1, 1, -5, 3, 1, -4, 11 ]
[ 1, -1, -2, -1, 2, 10, 0, 0, 37 ]
[ -1, 1, 2, 2, -6, 1, -1, 2, 10 ]
[ -1, 3, -19, 1, -4, 11, 0, 0, 37 ]
[ -2, 6, -1, 1, -4, 11, 1, -3, 19 ]
[ -1, 2, 10, 1, -3, 19, 0, 0, 37 ]
[ -1, 2, 10, 2, -6, 1, 1, -3, 19 ]
[ 37, 0, 0, 17, 1, 0, -6, 0, 1 ]
[ 17, 1, 0, -3, 2, 0, -6, 0, 1 ]
[ 1, 0, 6, 17, 1, 0, 0, 0, 37 ]
[ 6, 0, -1, 17, 1, 0, 1, 0, 6 ]
[ 1, -13, 0, 0, 37, 0, 0, -4, 1 ]
[ 3, -2, 0, -1, 13, 0, 0, -4, 1 ]
[ -1, 1, 3, -3, 2, 0, 0, 0, 37 ]
[ 6, 0, -1, -3, 2, 0, -1, 1, 3 ]
[ -17, -1, 0, 1, 0, 6, 0, 0, 37 ]
[ 17, 1, 0, -6, 0, 1, 1, 0, 6 ]
[ 1, -13, 0, 0, 1, 9, 0, 0, 37 ]
[ -1, 13, 0, 0, -4, 1, 0, 1, 9 ]
[ 0, 1, 9, -1, 13, 0, 0, 0, 37 ]
[ 0, 4, -1, -1, 13, 0, 0, 1, 9 ]
[ 3, -2, 0, -1, 1, 3, 0, 0, 37 ]
[ -3, 2, 0, 0, -4, 1, -1, 1, 3 ]
[ 1, 0, 6, -1, 1, 3, 0, 0, 37 ]
[ 6, 0, -1, -1, 1, 3, 1, 0, 6 ]
[ 1, -1, -3, 0, 1, 9, 0, 0, 37 ]
[ -1, 1, 3, 0, -4, 1, 0, 1, 9 ]
[ 37, 0, 0, -14, 1, 0, -6, 0, 1 ]
[ 14, -1, 0, -5, 3, 0, -6, 0, 1 ]
[ 1, 0, 6, -14, 1, 0, 0, 0, 37 ]
[ 6, 0, -1, -14, 1, 0, 1, 0, 6 ]
[ 1, -8, 0, 0, 37, 0, 0, -11, 1 ]
[ 5, -3, 0, -1, 8, 0, -1, -3, 1 ]
[ 2, -1, 2, -5, 3, 0, 0, 0, 37 ]
[ 6, 0, -1, -5, 3, 0, 2, -1, 2 ]
[ 14, -1, 0, 1, 0, 6, 0, 0, 37 ]
[ -14, 1, 0, -6, 0, 1, 1, 0, 6 ]
[ -1, 8, 0, 0, -11, 1, 0, 4, 3 ]
[ 1, 3, -1, -1, 8, 0, 0, 4, 3 ]
[ 5, -3, 0, 2, -1, 2, 0, 0, 37 ]
[ -5, 3, 0, -1, -3, 1, 2, -1, 2 ]
[ -1, 0, -6, 2, -1, 2, 0, 0, 37 ]
[ -6, 0, 1, 2, -1, 2, 1, 0, 6 ]
[ 1, -8, 0, 0, 1, 10, 0, 0, 37 ]
[ 1, -8, 0, 0, 4, 3, 0, 1, 10 ]
[ 0, 1, 10, -1, 8, 0, 0, 0, 37 ]
[ 0, 4, 3, -1, 8, 0, 0, 1, 10 ]
[ 1, 3, -1, 0, 1, 10, 0, 0, 37 ]
[ 1, 3, -1, 0, 4, 3, 0, 1, 10 ]
[ 2, -1, 2, 1, 0, 6, 0, 0, 37 ]
[ -2, 1, -2, -1, -3, 1, 1, 0, 6 ]
[ 0, 1, 10, -1, -3, 1, 0, 0, 37 ]
[ 1, 0, 6, 0, 1, 10, 0, 0, 37 ]
[ -1, 0, -6, -1, -3, 1, 0, 1, 10 ]
[ 37, 0, 0, -8, 1, 0, -6, 0, 1 ]
[ 8, -1, 0, -3, 5, 0, 2, -1, 1 ]
[ 1, 0, 6, -8, 1, 0, 0, 0, 37 ]
[ 6, 0, -1, -8, 1, 0, 1, 0, 6 ]
[ 1, -14, 0, 0, 37, 0, 0, -10, 1 ]
[ 3, -5, 0, -1, 14, 0, -1, 4, 1 ]
[ 2, -1, 1, -1, 1, 5, 0, 0, 37 ]
[ 2, -1, 1, -3, 5, 0, -1, 1, 5 ]
[ -1, 0, -6, 2, -1, 1, 0, 0, 37 ]
[ 8, -1, 0, 1, 0, 6, 0, 0, 37 ]
[ -8, 1, 0, 2, -1, 1, 1, 0, 6 ]
[ -1, 14, 0, 0, -10, 1, 0, -3, 4 ]
[ 1, -4, -1, -1, 14, 0, 0, -3, 4 ]
[ 3, -5, 0, -1, 4, 1, -1, 1, 5 ]
[ 2, -3, -21, -3, 5, 0, 0, 0, 37 ]
[ 1, -1, -5, -2, 3, 21, 0, 0, 37 ]
[ 1, -1, -5, -3, 5, 0, -2, 3, 21 ]
[ 1, -14, 0, 0, 1, 11, 0, 0, 37 ]
[ -1, 14, 0, 0, -3, 4, 0, 1, 11 ]
[ 0, 1, 11, -1, 14, 0, 0, 0, 37 ]
[ 0, 3, -4, -1, 14, 0, 0, 1, 11 ]
[ 1, -4, -1, 0, 1, 11, 0, 0, 37 ]
[ -1, 4, 1, 0, -3, 4, 0, 1, 11 ]
[ 0, 1, 11, -1, 4, 1, 0, 0, 37 ]
[ 1, -1, -5, 0, 1, 11, 0, 0, 37 ]
[ 1, -1, -5, -1, 4, 1, 0, 1, 11 ]
[ -2, 3, 21, -1, 1, 5, 0, 0, 37 ]
[ -3, 5, 0, -2, 3, 21, 0, 0, 37 ]
[ -3, 5, 0, -1, 1, 5, -2, 3, 21 ]
[ 37, 0, 0, -2, 1, 0, -6, 0, 1 ]
[ 1, -19, 0, 0, 37, 0, 0, -3, 1 ]
[ 2, -1, 0, -1, 19, 0, 0, -3, 1 ]
[ 1, 0, 6, -2, 1, 0, 0, 0, 37 ]
[ 6, 0, -1, -2, 1, 0, 1, 0, 6 ]
[ 1, -19, 0, 0, 1, 12, 0, 0, 37 ]
[ -1, 19, 0, 0, -3, 1, 0, 1, 12 ]
[ 0, 1, 12, -1, 19, 0, 0, 0, 37 ]
[ 0, 3, -1, -1, 19, 0, 0, 1, 12 ]
[ 2, -1, 0, -1, 1, 6, 0, 0, 37 ]
[ -2, 1, 0, 0, -3, 1, -1, 1, 6 ]
[ 1, -1, -6, 0, 1, 12, 0, 0, 37 ]
[ -1, 1, 6, 0, -3, 1, 0, 1, 12 ]
[ 37, 0, 0, 4, 1, 0, -6, 0, 1 ]
[ 1, -9, 0, 0, 37, 0, 0, -17, 1 ]
[ 4, 1, 0, -1, 9, 0, -2, 1, 1 ]
[ 1, 0, 6, 4, 1, 0, 0, 0, 37 ]
[ 6, 0, -1, 4, 1, 0, 1, 0, 6 ]
[ -1, 9, 0, 0, -17, 1, 0, 3, 2 ]
[ 2, -1, -1, -1, 9, 0, 0, 3, 2 ]
[ 1, 0, 6, -2, 1, 1, 0, 0, 37 ]
[ -4, -1, 0, 1, 0, 6, 0, 0, 37 ]
[ 4, 1, 0, -2, 1, 1, 1, 0, 6 ]
[ 1, -9, 0, 0, 1, 13, 0, 0, 37 ]
[ 1, -9, 0, 0, 3, 2, 0, 1, 13 ]
[ 0, 1, 13, -1, 9, 0, 0, 0, 37 ]
[ 0, 3, 2, -1, 9, 0, 0, 1, 13 ]
[ 2, -1, -1, -1, 1, 7, 0, 0, 37 ]
[ 2, -1, -1, 0, 3, 2, -1, 1, 7 ]
[ 1, -1, -7, 0, 1, 13, 0, 0, 37 ]
[ 1, -1, -7, 0, 3, 2, 0, 1, 13 ]
[ 37, 0, 0, 10, 1, 0, -6, 0, 1 ]
[ 10, 1, 0, 3, 4, 0, 4, 1, 1 ]
[ 1, 0, 6, 10, 1, 0, 0, 0, 37 ]
[ 6, 0, -1, 10, 1, 0, 1, 0, 6 ]
[ 1, -11, 0, 0, 37, 0, 0, 8, 1 ]
[ 3, 4, 0, -1, 11, 0, 1, -3, 1 ]
[ 4, 1, 1, 3, 4, 0, 2, 2, 3 ]
[ 1, 0, 6, 4, 1, 1, 0, 0, 37 ]
[ -10, -1, 0, 1, 0, 6, 0, 0, 37 ]
[ 10, 1, 0, 4, 1, 1, 1, 0, 6 ]
[ 1, -11, 0, 0, 8, 1, 0, 3, 5 ]
[ 1, -3, 1, -1, 11, 0, 0, 3, 5 ]
[ -3, -4, 0, 1, -3, 1, -1, -2, 3 ]
[ 1, 1, 20, 3, 4, 0, 0, 0, 37 ]
[ 2, 2, 3, 3, 4, 0, 1, 1, 20 ]
[ -4, -1, -1, 1, 0, 6, 0, 0, 37 ]
[ 4, 1, 1, 2, 2, 3, 1, 0, 6 ]
[ 1, -11, 0, 0, 1, 14, 0, 0, 37 ]
[ 1, -11, 0, 0, 3, 5, 0, 1, 14 ]
[ 0, 1, 14, -1, 11, 0, 0, 0, 37 ]
[ 0, 3, 5, -1, 11, 0, 0, 1, 14 ]
[ 1, -3, 1, 0, 1, 14, 0, 0, 37 ]
[ 1, -3, 1, 0, 3, 5, 0, 1, 14 ]
[ -1, -2, 3, 1, -3, 1, 0, -2, 9 ]
[ -1, -1, -20, -1, -2, 3, 0, 0, 37 ]
[ -3, -4, 0, 1, 1, 20, 0, 0, 37 ]
[ -3, -4, 0, -1, -2, 3, 1, 1, 20 ]
[ 1, 0, 6, 1, 1, 20, 0, 0, 37 ]
[ 1, 0, 6, 2, 2, 3, 1, 1, 20 ]
[ 0, -1, 23, 1, -3, 1, 0, 0, 37 ]
[ 0, -2, 9, 1, -3, 1, 0, -1, 23 ]
[ -1, -2, 3, 0, -1, 23, 0, 0, 37 ]
[ -1, -2, 3, 0, -2, 9, 0, -1, 23 ]
[ 37, 0, 0, 16, 1, 0, -6, 0, 1 ]
[ 16, 1, 0, -5, 2, 0, -6, 0, 1 ]
[ 1, 0, 6, 16, 1, 0, 0, 0, 37 ]
[ 6, 0, -1, 16, 1, 0, 1, 0, 6 ]
[ 1, 7, 0, 0, 37, 0, 0, 5, 1 ]
[ 5, -2, 0, 1, 7, 0, -1, -2, 1 ]
[ -2, 1, 3, -5, 2, 0, 0, 0, 37 ]
[ 6, 0, -1, -5, 2, 0, -2, 1, 3 ]
[ -16, -1, 0, 1, 0, 6, 0, 0, 37 ]
[ 16, 1, 0, -6, 0, 1, 1, 0, 6 ]
[ 1, 7, 0, 0, 5, 1, 0, -2, 7 ]
[ 1, 2, -1, 1, 7, 0, 0, -2, 7 ]
[ 5, -2, 0, -2, 1, 3, 0, 0, 37 ]
[ -5, 2, 0, -1, -2, 1, -2, 1, 3 ]
[ 1, 0, 6, -2, 1, 3, 0, 0, 37 ]
[ 6, 0, -1, -2, 1, 3, 1, 0, 6 ]
[ -1, -7, 0, 0, -1, 22, 0, 0, 37 ]
[ -1, -7, 0, 0, -2, 7, 0, -1, 22 ]
[ 0, -1, 22, 1, 7, 0, 0, 0, 37 ]
[ 0, -2, 7, 1, 7, 0, 0, -1, 22 ]
[ -1, -2, 1, 0, -1, 22, 0, 0, 37 ]
[ -1, -2, 1, 0, -2, 7, 0, -1, 22 ]
[ 2, -1, -3, 1, 0, 6, 0, 0, 37 ]
[ -2, 1, 3, -1, -2, 1, 1, 0, 6 ]
[ 0, 1, -22, -1, -2, 1, 0, 0, 37 ]
[ -1, 0, -6, 0, -1, 22, 0, 0, 37 ]
[ -1, 0, -6, -1, -2, 1, 0, -1, 22 ]
[ 37, 0, 0, -15, 1, 0, -6, 0, 1 ]
[ 15, -1, 0, 7, 2, 0, -6, 0, 1 ]
[ 1, 0, 6, -15, 1, 0, 0, 0, 37 ]
[ 6, 0, -1, -15, 1, 0, 1, 0, 6 ]
[ 1, -5, 0, 0, 37, 0, 0, 7, 1 ]
[ 7, 2, 0, -1, 5, 0, 1, 2, 1 ]
[ 4, 1, 3, 7, 2, 0, 0, 0, 37 ]
[ 6, 0, -1, 7, 2, 0, 4, 1, 3 ]
[ 15, -1, 0, 1, 0, 6, 0, 0, 37 ]
[ -15, 1, 0, -6, 0, 1, 1, 0, 6 ]
[ 1, -5, 0, 0, 7, 1, 0, -2, 5 ]
[ 1, 2, 1, -1, 5, 0, 0, -2, 5 ]
[ -7, -2, 0, -3, -1, 3, 0, 0, 37 ]
[ 7, 2, 0, 1, 2, 1, -3, -1, 3 ]
[ 1, 0, 6, 4, 1, 3, 0, 0, 37 ]
[ 6, 0, -1, 4, 1, 3, 1, 0, 6 ]
[ -1, 5, 0, 0, -1, 21, 0, 0, 37 ]
[ -1, 5, 0, 0, -2, 5, 0, -1, 21 ]
[ 0, 1, -21, -1, 5, 0, 0, 0, 37 ]
[ 0, 2, -5, -1, 5, 0, 0, -1, 21 ]
[ -1, -2, -1, 0, -1, 21, 0, 0, 37 ]
[ -1, -2, -1, 0, -2, 5, 0, -1, 21 ]
[ -3, -1, 3, 1, 0, 6, 0, 0, 37 ]
[ 3, 1, -3, 1, 2, 1, 1, 0, 6 ]
[ 1, 1, 22, 1, 2, 1, 0, 0, 37 ]
[ 1, 0, 6, 1, 1, 22, 0, 0, 37 ]
[ 1, 0, 6, 1, 2, 1, 1, 1, 22 ]
[ 37, 0, 0, -9, 1, 0, -6, 0, 1 ]
[ 1, 4, 0, 0, 37, 0, 0, -13, 1 ]
[ 9, -1, 0, 1, 4, 0, 3, -1, 1 ]
[ 1, 0, 6, -9, 1, 0, 0, 0, 37 ]
[ 6, 0, -1, -9, 1, 0, 1, 0, 6 ]
[ -1, -4, 0, 0, -13, 1, 0, -2, 3 ]
[ 3, -1, 1, 1, 4, 0, 0, -2, 3 ]
[ -1, 0, -6, 3, -1, 1, 0, 0, 37 ]
[ 9, -1, 0, 1, 0, 6, 0, 0, 37 ]
[ -9, 1, 0, 3, -1, 1, 1, 0, 6 ]
[ -1, -4, 0, 0, -1, 20, 0, 0, 37 ]
[ -1, -4, 0, 0, -2, 3, 0, -1, 20 ]
[ 0, -1, 20, 1, 4, 0, 0, 0, 37 ]
[ 0, -2, 3, 1, 4, 0, 0, -1, 20 ]
[ 3, -1, 1, 1, 0, 6, 0, 0, 37 ]
[ -3, 1, -1, 0, -2, 3, 1, 0, 6 ]
[ -1, 0, -6, 0, -1, 20, 0, 0, 37 ]
[ -1, 0, -6, 0, -2, 3, 0, -1, 20 ]
[ 37, 0, 0, -3, 1, 0, -6, 0, 1 ]
[ 1, 12, 0, 0, 37, 0, 0, -2, 1 ]
[ 3, -1, 0, 1, 12, 0, 0, -2, 1 ]
[ 1, 0, 6, -3, 1, 0, 0, 0, 37 ]
[ 6, 0, -1, -3, 1, 0, 1, 0, 6 ]
[ -1, -12, 0, 0, -1, 19, 0, 0, 37 ]
[ -1, -12, 0, 0, -2, 1, 0, -1, 19 ]
[ 0, -1, 19, 1, 12, 0, 0, 0, 37 ]
[ 0, -2, 1, 1, 12, 0, 0, -1, 19 ]
[ 3, -1, 0, 1, 0, 6, 0, 0, 37 ]
[ -3, 1, 0, 0, -2, 1, 1, 0, 6 ]
[ -1, 0, -6, 0, -1, 19, 0, 0, 37 ]
[ -1, 0, -6, 0, -2, 1, 0, -1, 19 ]
[ 37, 0, 0, 3, 1, 0, -6, 0, 1 ]
[ 1, -12, 0, 0, 37, 0, 0, 2, 1 ]
[ 3, 1, 0, -1, 12, 0, 0, 2, 1 ]
[ 1, 0, 6, 3, 1, 0, 0, 0, 37 ]
[ 6, 0, -1, 3, 1, 0, 1, 0, 6 ]
[ 1, -12, 0, 0, 1, 19, 0, 0, 37 ]
[ 1, -12, 0, 0, 2, 1, 0, 1, 19 ]
[ 0, 1, 19, -1, 12, 0, 0, 0, 37 ]
[ 0, 2, 1, -1, 12, 0, 0, 1, 19 ]
[ -3, -1, 0, 1, 0, 6, 0, 0, 37 ]
[ 3, 1, 0, 0, 2, 1, 1, 0, 6 ]
[ 1, 0, 6, 0, 1, 19, 0, 0, 37 ]
[ 1, 0, 6, 0, 2, 1, 0, 1, 19 ]
[ 37, 0, 0, 9, 1, 0, -6, 0, 1 ]
[ 1, -4, 0, 0, 37, 0, 0, 13, 1 ]
[ 9, 1, 0, -1, 4, 0, 3, 1, 1 ]
[ 1, 0, 6, 9, 1, 0, 0, 0, 37 ]
[ 6, 0, -1, 9, 1, 0, 1, 0, 6 ]
[ 1, -4, 0, 0, 13, 1, 0, 2, 3 ]
[ 3, 1, 1, -1, 4, 0, 0, 2, 3 ]
[ 1, 0, 6, 3, 1, 1, 0, 0, 37 ]
[ -9, -1, 0, 1, 0, 6, 0, 0, 37 ]
[ 9, 1, 0, 3, 1, 1, 1, 0, 6 ]
[ 1, -4, 0, 0, 1, 20, 0, 0, 37 ]
[ 1, -4, 0, 0, 2, 3, 0, 1, 20 ]
[ 0, 1, 20, -1, 4, 0, 0, 0, 37 ]
[ 0, 2, 3, -1, 4, 0, 0, 1, 20 ]
[ -3, -1, -1, 1, 0, 6, 0, 0, 37 ]
[ 3, 1, 1, 0, 2, 3, 1, 0, 6 ]
[ 1, 0, 6, 0, 1, 20, 0, 0, 37 ]
[ 1, 0, 6, 0, 2, 3, 0, 1, 20 ]
[ 37, 0, 0, 15, 1, 0, -6, 0, 1 ]
[ 15, 1, 0, -7, 2, 0, -6, 0, 1 ]
[ 1, 0, 6, 15, 1, 0, 0, 0, 37 ]
[ 6, 0, -1, 15, 1, 0, 1, 0, 6 ]
[ 1, 5, 0, 0, 37, 0, 0, -7, 1 ]
[ 7, -2, 0, 1, 5, 0, 1, -2, 1 ]
[ -3, 1, 3, -7, 2, 0, 0, 0, 37 ]
[ 6, 0, -1, -7, 2, 0, -3, 1, 3 ]
[ -15, -1, 0, 1, 0, 6, 0, 0, 37 ]
[ 15, 1, 0, -6, 0, 1, 1, 0, 6 ]
[ -1, -5, 0, 0, -7, 1, 0, 2, 5 ]
[ 1, -2, 1, 1, 5, 0, 0, 2, 5 ]
[ 7, -2, 0, -3, 1, 3, 0, 0, 37 ]
[ -7, 2, 0, 1, -2, 1, -3, 1, 3 ]
[ 1, 0, 6, -3, 1, 3, 0, 0, 37 ]
[ 6, 0, -1, -3, 1, 3, 1, 0, 6 ]
[ 1, 5, 0, 0, 1, 21, 0, 0, 37 ]
[ 1, 5, 0, 0, 2, 5, 0, 1, 21 ]
[ 0, -1, -21, 1, 5, 0, 0, 0, 37 ]
[ 0, -2, -5, 1, 5, 0, 0, 1, 21 ]
[ 1, -2, 1, 0, 1, 21, 0, 0, 37 ]
[ 1, -2, 1, 0, 2, 5, 0, 1, 21 ]
[ 3, -1, -3, 1, 0, 6, 0, 0, 37 ]
[ -3, 1, 3, 1, -2, 1, 1, 0, 6 ]
[ -1, 1, -22, 1, -2, 1, 0, 0, 37 ]
[ -1, 0, -6, 1, -1, 22, 0, 0, 37 ]
[ -1, 0, -6, 1, -2, 1, 1, -1, 22 ]
[ 37, 0, 0, -16, 1, 0, -6, 0, 1 ]
[ 16, -1, 0, 5, 2, 0, -6, 0, 1 ]
[ 1, 0, 6, -16, 1, 0, 0, 0, 37 ]
[ 6, 0, -1, -16, 1, 0, 1, 0, 6 ]
[ 1, -7, 0, 0, 37, 0, 0, -5, 1 ]
[ 5, 2, 0, -1, 7, 0, -1, 2, 1 ]
[ 3, 1, 3, 5, 2, 0, 0, 0, 37 ]
[ 6, 0, -1, 5, 2, 0, 3, 1, 3 ]
[ 16, -1, 0, 1, 0, 6, 0, 0, 37 ]
[ -16, 1, 0, -6, 0, 1, 1, 0, 6 ]
[ -1, 7, 0, 0, -5, 1, 0, 2, 7 ]
[ 1, -2, -1, -1, 7, 0, 0, 2, 7 ]
[ -5, -2, 0, -2, -1, 3, 0, 0, 37 ]
[ 5, 2, 0, -1, 2, 1, -2, -1, 3 ]
[ 1, 0, 6, 3, 1, 3, 0, 0, 37 ]
[ 6, 0, -1, 3, 1, 3, 1, 0, 6 ]
[ 1, -7, 0, 0, 1, 22, 0, 0, 37 ]
[ 1, -7, 0, 0, 2, 7, 0, 1, 22 ]
[ 0, 1, 22, -1, 7, 0, 0, 0, 37 ]
[ 0, 2, 7, -1, 7, 0, 0, 1, 22 ]
[ 1, -2, -1, 0, 1, 22, 0, 0, 37 ]
[ 1, -2, -1, 0, 2, 7, 0, 1, 22 ]
[ -2, -1, 3, 1, 0, 6, 0, 0, 37 ]
[ 2, 1, -3, -1, 2, 1, 1, 0, 6 ]
[ 0, 1, 22, -1, 2, 1, 0, 0, 37 ]
[ 1, 0, 6, 0, 1, 22, 0, 0, 37 ]
[ 1, 0, 6, -1, 2, 1, 0, 1, 22 ]
[ 37, 0, 0, -10, 1, 0, -6, 0, 1 ]
[ 10, -1, 0, -3, 4, 0, 4, -1, 1 ]
[ 1, 0, 6, -10, 1, 0, 0, 0, 37 ]
[ 6, 0, -1, -10, 1, 0, 1, 0, 6 ]
[ 1, 11, 0, 0, 37, 0, 0, -8, 1 ]
[ 3, -4, 0, 1, 11, 0, 1, 3, 1 ]
[ 4, -1, 1, -3, 4, 0, 2, -2, 3 ]
[ -1, 0, -6, 4, -1, 1, 0, 0, 37 ]
[ 10, -1, 0, 1, 0, 6, 0, 0, 37 ]
[ -10, 1, 0, 4, -1, 1, 1, 0, 6 ]
[ -1, -11, 0, 0, -8, 1, 0, -3, 5 ]
[ 1, 3, 1, 1, 11, 0, 0, -3, 5 ]
[ 3, -4, 0, 1, 3, 1, -1, 2, 3 ]
[ 1, -1, 20, -3, 4, 0, 0, 0, 37 ]
[ 2, -2, 3, -3, 4, 0, 1, -1, 20 ]
[ 4, -1, 1, 1, 0, 6, 0, 0, 37 ]
[ -4, 1, -1, 2, -2, 3, 1, 0, 6 ]
[ -1, -11, 0, 0, -1, 14, 0, 0, 37 ]
[ -1, -11, 0, 0, -3, 5, 0, -1, 14 ]
[ 0, -1, 14, 1, 11, 0, 0, 0, 37 ]
[ 0, -3, 5, 1, 11, 0, 0, -1, 14 ]
[ -1, -3, -1, 0, -1, 14, 0, 0, 37 ]
[ -1, -3, -1, 0, -3, 5, 0, -1, 14 ]
[ 1, -2, -3, 1, 3, 1, 0, 2, 9 ]
[ 2, -3, -20, -1, 2, 3, 0, 0, 37 ]
[ 3, -4, 0, -2, 3, 20, 0, 0, 37 ]
[ 3, -4, 0, -1, 2, 3, -2, 3, 20 ]
[ -1, 0, -6, 1, -1, 20, 0, 0, 37 ]
[ -1, 0, -6, 2, -2, 3, 1, -1, 20 ]
[ 0, -1, -23, 1, 3, 1, 0, 0, 37 ]
[ 0, -2, -9, 1, 3, 1, 0, 1, 23 ]
[ 1, -2, -3, 0, 1, 23, 0, 0, 37 ]
[ 1, -2, -3, 0, 2, 9, 0, 1, 23 ]
[ 37, 0, 0, -4, 1, 0, -6, 0, 1 ]
[ 1, 9, 0, 0, 37, 0, 0, 17, 1 ]
[ 4, -1, 0, 1, 9, 0, -2, -1, 1 ]
[ 1, 0, 6, -4, 1, 0, 0, 0, 37 ]
[ 6, 0, -1, -4, 1, 0, 1, 0, 6 ]
[ 1, 9, 0, 0, 17, 1, 0, -3, 2 ]
[ 2, 1, -1, 1, 9, 0, 0, -3, 2 ]
[ -1, 0, -6, -2, -1, 1, 0, 0, 37 ]
[ 4, -1, 0, 1, 0, 6, 0, 0, 37 ]
[ -4, 1, 0, -2, -1, 1, 1, 0, 6 ]
[ -1, -9, 0, 0, -1, 13, 0, 0, 37 ]
[ -1, -9, 0, 0, -3, 2, 0, -1, 13 ]
[ 0, -1, 13, 1, 9, 0, 0, 0, 37 ]
[ 0, -3, 2, 1, 9, 0, 0, -1, 13 ]
[ -2, -1, 1, -1, -1, 7, 0, 0, 37 ]
[ -2, -1, 1, 0, -3, 2, -1, -1, 7 ]
[ -1, -1, 7, 0, -1, 13, 0, 0, 37 ]
[ -1, -1, 7, 0, -3, 2, 0, -1, 13 ]
[ 37, 0, 0, 2, 1, 0, -6, 0, 1 ]
[ 1, 19, 0, 0, 37, 0, 0, 3, 1 ]
[ 2, 1, 0, 1, 19, 0, 0, 3, 1 ]
[ 1, 0, 6, 2, 1, 0, 0, 0, 37 ]
[ 6, 0, -1, 2, 1, 0, 1, 0, 6 ]
[ -1, -19, 0, 0, -1, 12, 0, 0, 37 ]
[ 1, 19, 0, 0, 3, 1, 0, -1, 12 ]
[ 0, -1, 12, 1, 19, 0, 0, 0, 37 ]
[ 0, -3, -1, 1, 19, 0, 0, -1, 12 ]
[ -2, -1, 0, 1, 0, 6, 0, 0, 37 ]
[ 2, 1, 0, 0, 3, 1, 1, 0, 6 ]
[ -1, 0, -6, 0, -1, 12, 0, 0, 37 ]
[ 1, 0, 6, 0, 3, 1, 0, -1, 12 ]
[ 37, 0, 0, 8, 1, 0, -6, 0, 1 ]
[ 8, 1, 0, 3, 5, 0, 2, 1, 1 ]
[ 1, 0, 6, 8, 1, 0, 0, 0, 37 ]
[ 6, 0, -1, 8, 1, 0, 1, 0, 6 ]
[ 1, 14, 0, 0, 37, 0, 0, 10, 1 ]
[ 3, 5, 0, 1, 14, 0, -1, -4, 1 ]
[ -2, -1, -1, -1, -1, 5, 0, 0, 37 ]
[ 2, 1, 1, 3, 5, 0, -1, -1, 5 ]
[ 1, 0, 6, 2, 1, 1, 0, 0, 37 ]
[ -8, -1, 0, 1, 0, 6, 0, 0, 37 ]
[ 8, 1, 0, 2, 1, 1, 1, 0, 6 ]
[ 1, 14, 0, 0, 10, 1, 0, 3, 4 ]
[ 1, 4, -1, 1, 14, 0, 0, 3, 4 ]
[ -3, -5, 0, -1, -4, 1, -1, -1, 5 ]
[ -1, -2, -21, 3, 5, 0, 0, 0, 37 ]
[ 1, 1, -5, 1, 2, 21, 0, 0, 37 ]
[ 1, 1, -5, 3, 5, 0, 1, 2, 21 ]
[ -1, -14, 0, 0, -1, 11, 0, 0, 37 ]
[ 1, 14, 0, 0, 3, 4, 0, -1, 11 ]
[ 0, -1, 11, 1, 14, 0, 0, 0, 37 ]
[ 0, -3, -4, 1, 14, 0, 0, -1, 11 ]
[ -1, -4, 1, 0, -1, 11, 0, 0, 37 ]
[ 1, 4, -1, 0, 3, 4, 0, -1, 11 ]
[ 0, 1, -11, -1, -4, 1, 0, 0, 37 ]
[ -1, -1, 5, 0, -1, 11, 0, 0, 37 ]
[ -1, -1, 5, -1, -4, 1, 0, -1, 11 ]
[ 1, 2, 21, -1, -1, 5, 0, 0, 37 ]
[ 3, 5, 0, 1, 2, 21, 0, 0, 37 ]
[ 3, 5, 0, -1, -1, 5, 1, 2, 21 ]
[ 37, 0, 0, 14, 1, 0, -6, 0, 1 ]
[ 14, 1, 0, 5, 3, 0, -6, 0, 1 ]
[ 1, 0, 6, 14, 1, 0, 0, 0, 37 ]
[ 6, 0, -1, 14, 1, 0, 1, 0, 6 ]
[ 1, 8, 0, 0, 37, 0, 0, 11, 1 ]
[ 5, 3, 0, 1, 8, 0, -1, 3, 1 ]
[ 2, 1, 2, 5, 3, 0, 0, 0, 37 ]
[ 6, 0, -1, 5, 3, 0, 2, 1, 2 ]
[ -14, -1, 0, 1, 0, 6, 0, 0, 37 ]
[ 14, 1, 0, -6, 0, 1, 1, 0, 6 ]
[ 1, 8, 0, 0, 11, 1, 0, -4, 3 ]
[ 1, -3, -1, 1, 8, 0, 0, -4, 3 ]
[ -5, -3, 0, 2, 1, 2, 0, 0, 37 ]
[ 5, 3, 0, -1, 3, 1, 2, 1, 2 ]
[ 1, 0, 6, 2, 1, 2, 0, 0, 37 ]
[ 6, 0, -1, 2, 1, 2, 1, 0, 6 ]
[ -1, -8, 0, 0, -1, 10, 0, 0, 37 ]
[ -1, -8, 0, 0, -4, 3, 0, -1, 10 ]
[ 0, -1, 10, 1, 8, 0, 0, 0, 37 ]
[ 0, -4, 3, 1, 8, 0, 0, -1, 10 ]
[ -1, 3, 1, 0, -1, 10, 0, 0, 37 ]
[ -1, 3, 1, 0, -4, 3, 0, -1, 10 ]
[ -2, -1, -2, 1, 0, 6, 0, 0, 37 ]
[ 2, 1, 2, -1, 3, 1, 1, 0, 6 ]
[ 0, 1, -10, -1, 3, 1, 0, 0, 37 ]
[ -1, 0, -6, 0, -1, 10, 0, 0, 37 ]
[ 1, 0, 6, -1, 3, 1, 0, -1, 10 ]
[ 37, 0, 0, -17, 1, 0, -6, 0, 1 ]
[ 17, -1, 0, 3, 2, 0, -6, 0, 1 ]
[ 1, 0, 6, -17, 1, 0, 0, 0, 37 ]
[ 6, 0, -1, -17, 1, 0, 1, 0, 6 ]
[ 1, 13, 0, 0, 37, 0, 0, 4, 1 ]
[ 3, 2, 0, 1, 13, 0, 0, 4, 1 ]
[ 2, 1, 3, 3, 2, 0, 0, 0, 37 ]
[ 6, 0, -1, 3, 2, 0, 2, 1, 3 ]
[ 17, -1, 0, 1, 0, 6, 0, 0, 37 ]
[ -17, 1, 0, -6, 0, 1, 1, 0, 6 ]
[ -1, -13, 0, 0, -1, 9, 0, 0, 37 ]
[ 1, 13, 0, 0, 4, 1, 0, -1, 9 ]
[ 0, -1, 9, 1, 13, 0, 0, 0, 37 ]
[ 0, -4, -1, 1, 13, 0, 0, -1, 9 ]
[ -3, -2, 0, -1, -1, 3, 0, 0, 37 ]
[ 3, 2, 0, 0, 4, 1, -1, -1, 3 ]
[ 1, 0, 6, 2, 1, 3, 0, 0, 37 ]
[ 6, 0, -1, 2, 1, 3, 1, 0, 6 ]
[ -1, -1, 3, 0, -1, 9, 0, 0, 37 ]
[ 1, 1, -3, 0, 4, 1, 0, -1, 9 ]
[ 37, 0, 0, -11, 1, 0, -6, 0, 1 ]
[ 11, -1, 0, 4, 3, 0, -6, 0, 1 ]
[ 1, 0, 6, -11, 1, 0, 0, 0, 37 ]
[ 6, 0, -1, -11, 1, 0, 1, 0, 6 ]
[ 1, 10, 0, 0, 37, 0, 0, -14, 1 ]
[ 4, 3, 0, 1, 10, 0, 2, 6, 1 ]
[ -1, -1, 2, 4, 3, 0, 0, 0, 37 ]
[ 6, 0, -1, 4, 3, 0, -1, -1, 2 ]
[ 11, -1, 0, 1, 0, 6, 0, 0, 37 ]
[ -11, 1, 0, -6, 0, 1, 1, 0, 6 ]
[ -1, -10, 0, 0, -14, 1, 0, -5, 3 ]
[ 2, 6, 1, 1, 10, 0, 1, 5, 3 ]
[ -4, -3, 0, -1, -1, 2, 0, 0, 37 ]
[ 4, 3, 0, 2, 6, 1, -1, -1, 2 ]
[ -1, 0, -6, -1, -1, 2, 0, 0, 37 ]
[ -6, 0, 1, -1, -1, 2, 1, 0, 6 ]
[ -1, -10, 0, 0, -1, 8, 0, 0, 37 ]
[ -1, -10, 0, 0, -5, 3, 0, -1, 8 ]
[ 0, -1, 8, 1, 10, 0, 0, 0, 37 ]
[ -1, -5, -3, 0, -1, 8, 0, 0, 37 ]
[ 1, 5, 3, 1, 10, 0, 0, -1, 8 ]
[ 1, 4, 11, 1, 5, 3, 0, 0, 37 ]
[ 2, 6, 1, 1, 5, 3, 1, 4, 11 ]
[ -1, -1, 2, -1, -2, 10, 0, 0, 37 ]
[ 1, 1, -2, 2, 6, 1, -1, -2, 10 ]
[ 1, 3, 19, 1, 4, 11, 0, 0, 37 ]
[ 2, 6, 1, 1, 4, 11, 1, 3, 19 ]
[ 1, 2, -10, 1, 3, 19, 0, 0, 37 ]
[ 1, 2, -10, 2, 6, 1, 1, 3, 19 ]
[ 37, 0, 0, -5, 1, 0, -6, 0, 1 ]
[ 5, -1, 0, 2, 7, 0, -1, -1, 1 ]
[ 1, 0, 6, -5, 1, 0, 0, 0, 37 ]
[ 6, 0, -1, -5, 1, 0, 1, 0, 6 ]
[ 1, 22, 0, 0, 37, 0, 0, -16, 1 ]
[ 2, 7, 0, 1, 22, 0, 1, 6, 1 ]
[ -1, -1, 1, 0, -1, 7, 0, 0, 37 ]
[ 1, 1, -1, 2, 7, 0, 0, -1, 7 ]
[ -1, 0, -6, -1, -1, 1, 0, 0, 37 ]
[ 5, -1, 0, 1, 0, 6, 0, 0, 37 ]
[ -5, 1, 0, -1, -1, 1, 1, 0, 6 ]
[ -1, -22, 0, 0, -16, 1, 0, 5, 2 ]
[ 1, 6, 1, 1, 22, 0, 0, 5, 2 ]
[ 0, -1, 7, 1, 6, 1, 0, 0, 37 ]
[ 2, 7, 0, 1, 6, 1, 0, -1, 7 ]
[ 1, 3, 22, 2, 7, 0, 0, 0, 37 ]
[ 0, -1, 7, 1, 3, 22, 0, 0, 37 ]
[ 0, -1, 7, 2, 7, 0, 1, 3, 22 ]
[ -1, -22, 0, 0, -1, 7, 0, 0, 37 ]
[ 1, 22, 0, 0, 5, 2, 0, -1, 7 ]
[ 0, -1, 7, 1, 22, 0, 0, 0, 37 ]
[ 0, -5, -2, 1, 22, 0, 0, -1, 7 ]
[ -1, -6, -1, 0, -1, 7, 0, 0, 37 ]
[ 1, 6, 1, 0, 5, 2, 0, -1, 7 ]
[ -1, -3, -22, 0, -1, 7, 0, 0, 37 ]
[ -2, -7, 0, 1, 3, 22, 0, 0, 37 ]
[ -2, -7, 0, 0, -1, 7, 1, 3, 22 ]
[ 1, 1, 0, 0, 37, 0, 0, 6, 1 ]
[ 37, 0, 0, 1, 1, 0, -6, 0, 1 ]
[ -1, -1, 0, 0, -1, 6, 0, 0, 37 ]
[ 1, 1, 0, 0, 6, 1, 0, -1, 6 ]
[ 1, 0, 6, 1, 1, 0, 0, 0, 37 ]
[ 6, 0, -1, 1, 1, 0, 1, 0, 6 ]
[ 37, 0, 0, 7, 1, 0, -6, 0, 1 ]
[ 7, 1, 0, -2, 5, 0, 1, 1, 1 ]
[ 1, 0, 6, 7, 1, 0, 0, 0, 37 ]
[ 6, 0, -1, 7, 1, 0, 1, 0, 6 ]
[ 1, -21, 0, 0, 37, 0, 0, -15, 1 ]
[ 2, -5, 0, -1, 21, 0, -1, 6, 1 ]
[ -1, -1, -1, 0, -1, 5, 0, 0, 37 ]
[ 1, 1, 1, -2, 5, 0, 0, -1, 5 ]
[ 1, 0, 6, 1, 1, 1, 0, 0, 37 ]
[ -7, -1, 0, 1, 0, 6, 0, 0, 37 ]
[ 7, 1, 0, 1, 1, 1, 1, 0, 6 ]
[ -1, 21, 0, 0, -15, 1, 0, 7, 2 ]
[ 1, -6, -1, -1, 21, 0, 0, 7, 2 ]
[ 0, 1, -5, -1, 6, 1, 0, 0, 37 ]
[ 2, -5, 0, -1, 6, 1, 0, -1, 5 ]
[ 1, -2, -21, -2, 5, 0, 0, 0, 37 ]
[ 0, 1, -5, -1, 2, 21, 0, 0, 37 ]
[ 0, 1, -5, -2, 5, 0, -1, 2, 21 ]
[ -1, 21, 0, 0, -1, 5, 0, 0, 37 ]
[ 1, -21, 0, 0, 7, 2, 0, -1, 5 ]
[ 0, 1, -5, -1, 21, 0, 0, 0, 37 ]
[ 0, 7, 2, -1, 21, 0, 0, -1, 5 ]
[ -1, 6, 1, 0, -1, 5, 0, 0, 37 ]
[ 1, -6, -1, 0, 7, 2, 0, -1, 5 ]
[ -1, 2, 21, 0, -1, 5, 0, 0, 37 ]
[ -2, 5, 0, -1, 2, 21, 0, 0, 37 ]
[ -2, 5, 0, 0, -1, 5, -1, 2, 21 ]
[ 37, 0, 0, 13, 1, 0, -6, 0, 1 ]
[ 13, 1, 0, 2, 3, 0, -6, 0, 1 ]
[ 1, 0, 6, 13, 1, 0, 0, 0, 37 ]
[ 6, 0, -1, 13, 1, 0, 1, 0, 6 ]
[ 1, 20, 0, 0, 37, 0, 0, 9, 1 ]
[ 2, 3, 0, 1, 20, 0, 0, 9, 1 ]
[ 1, 1, 2, 2, 3, 0, 0, 0, 37 ]
[ 6, 0, -1, 2, 3, 0, 1, 1, 2 ]
[ -13, -1, 0, 1, 0, 6, 0, 0, 37 ]
[ 13, 1, 0, -6, 0, 1, 1, 0, 6 ]
[ -1, -20, 0, 0, -1, 4, 0, 0, 37 ]
[ 1, 20, 0, 0, 9, 1, 0, -1, 4 ]
[ 0, -1, 4, 1, 20, 0, 0, 0, 37 ]
[ 0, -9, -1, 1, 20, 0, 0, -1, 4 ]
[ -2, -3, 0, 1, 1, 2, 0, 0, 37 ]
[ 2, 3, 0, 0, 9, 1, 1, 1, 2 ]
[ 1, 0, 6, 1, 1, 2, 0, 0, 37 ]
[ 6, 0, -1, 1, 1, 2, 1, 0, 6 ]
[ -1, -1, -2, 0, -1, 4, 0, 0, 37 ]
[ 1, 1, 2, 0, 9, 1, 0, -1, 4 ]
[ 37, 0, 0, -18, 1, 0, -6, 0, 1 ]
[ 1, 2, 0, 0, 37, 0, 0, 12, 1 ]
[ 18, -1, 0, 1, 2, 0, -6, 0, 1 ]
[ 1, 0, 6, -18, 1, 0, 0, 0, 37 ]
[ 6, 0, -1, -18, 1, 0, 1, 0, 6 ]
[ -1, -2, 0, 0, -1, 3, 0, 0, 37 ]
[ 1, 2, 0, 0, 12, 1, 0, -1, 3 ]
[ 1, 1, 3, 1, 2, 0, 0, 0, 37 ]
[ 6, 0, -1, 1, 2, 0, 1, 1, 3 ]
[ 18, -1, 0, 1, 0, 6, 0, 0, 37 ]
[ -18, 1, 0, -6, 0, 1, 1, 0, 6 ]
[ 1, 0, 6, 1, 1, 3, 0, 0, 37 ]
[ 6, 0, -1, 1, 1, 3, 1, 0, 6 ]
[ 37, 0, 0, -12, 1, 0, -6, 0, 1 ]
[ 1, 3, 0, 0, 37, 0, 0, 18, 1 ]
[ 12, -1, 0, 1, 3, 0, -6, 0, 1 ]
[ 1, 0, 6, -12, 1, 0, 0, 0, 37 ]
[ 6, 0, -1, -12, 1, 0, 1, 0, 6 ]
[ -1, -3, 0, 0, -1, 2, 0, 0, 37 ]
[ 1, 3, 0, 0, 18, 1, 0, -1, 2 ]
[ 0, -1, 2, 1, 3, 0, 0, 0, 37 ]
[ 6, 0, -1, 1, 3, 0, 0, -1, 2 ]
[ 12, -1, 0, 1, 0, 6, 0, 0, 37 ]
[ -12, 1, 0, -6, 0, 1, 1, 0, 6 ]
[ -1, 0, -6, 0, -1, 2, 0, 0, 37 ]
[ -6, 0, 1, 0, -1, 2, 1, 0, 6 ]
[ 37, 0, 0, -6, 1, 0, -6, 0, 1 ]
[ -1, -6, 0, 0, -1, 1, 0, 0, 37 ]
[ 1, 6, 0, 0, 37, 0, 0, -1, 1 ]
[ 0, -1, 1, 1, 6, 0, 0, 0, 37 ]
[ 6, -1, 0, 1, 6, 0, 0, -1, 1 ]
[ 1, 0, 6, -6, 1, 0, 0, 0, 37 ]
[ 6, 0, -1, -6, 1, 0, 1, 0, 6 ]
[ -1, 0, -6, 0, -1, 1, 0, 0, 37 ]
[ 6, -1, 0, 1, 0, 6, 0, 0, 37 ]
[ -6, 1, 0, 0, -1, 1, 1, 0, 6 ]
[ 37, 0, 0, 0, 1, 0, 16, 0, 1 ]
[ 16, 0, 1, 0, 1, 0, -5, 0, 2 ]
[ 1, 0, 7, 0, 1, 0, 0, 0, 37 ]
[ 5, 0, -2, 0, 1, 0, 1, 0, 7 ]
[ 37, 0, 0, -16, 1, 0, 16, 0, 1 ]
[ 16, -1, 0, 5, 2, 0, 0, 1, 1 ]
[ 16, 0, 1, -16, 1, 0, -5, 0, 2 ]
[ 1, -7, 0, 0, 1, 1, 0, 0, 37 ]
[ 1, -7, 0, 0, 37, 0, 0, 1, 1 ]
[ 0, 1, 1, -1, 7, 0, 0, 0, 37 ]
[ 5, 2, 0, -1, 7, 0, 0, 1, 1 ]
[ 0, -1, -1, 1, 0, 7, 0, 0, 37 ]
[ 0, -1, -1, 5, 2, 0, 1, 0, 7 ]
[ 16, -1, 0, 0, 1, 1, -5, 0, 2 ]
[ 1, 0, 7, -16, 1, 0, 0, 0, 37 ]
[ 5, 0, -2, -16, 1, 0, 1, 0, 7 ]
[ 1, 0, 7, 0, 1, 1, 0, 0, 37 ]
[ 5, 2, 0, 0, 1, 1, 1, 0, 7 ]
[ 3, 1, 22, 5, 2, 0, 0, 0, 37 ]
[ 1, 0, 7, 3, 1, 22, 0, 0, 37 ]
[ 1, 0, 7, 5, 2, 0, 3, 1, 22 ]
[ 1, 0, 7, 0, 1, 1, 0, 0, 37 ]
[ 5, 0, -2, 0, 1, 1, 1, 0, 7 ]
[ 16, -1, 0, 1, 0, 7, 0, 0, 37 ]
[ -16, 1, 0, -5, 0, 2, 1, 0, 7 ]
[ -3, -1, -22, 1, 0, 7, 0, 0, 37 ]
[ -5, -2, 0, 3, 1, 22, 0, 0, 37 ]
[ -5, -2, 0, 1, 0, 7, 3, 1, 22 ]
[ 37, 0, 0, 5, 1, 0, 16, 0, 1 ]
[ 1, -3, 1, -2, 7, 0, 0, 0, 37 ]
[ 5, 1, 0, -2, 7, 0, 1, -3, 1 ]
[ 16, 0, 1, 5, 1, 0, -5, 0, 2 ]
[ 1, -22, 0, 0, 37, 0, 0, -18, 1 ]
[ 2, -7, 0, -1, 4, 1, 0, 0, 37 ]
[ 2, -7, 0, -1, 22, 0, -1, 4, 1 ]
[ 0, -1, -2, 1, -3, 1, 0, 0, 37 ]
[ -5, -1, 0, 1, -3, 1, 0, 1, 2 ]
[ 1, 0, 7, 5, 1, 0, 0, 0, 37 ]
[ 5, 0, -2, 5, 1, 0, 1, 0, 7 ]
[ 1, -22, 0, 0, 1, 2, 0, 0, 37 ]
[ -1, 22, 0, 0, -18, 1, 0, 1, 2 ]
[ 0, 1, 2, -1, 22, 0, 0, 0, 37 ]
[ 1, -4, -1, 0, 1, 2, 0, 0, 37 ]
[ 1, -4, -1, -1, 22, 0, 0, 1, 2 ]
[ 1, 0, 7, 0, 1, 2, 0, 0, 37 ]
[ -5, -1, 0, 1, 0, 7, 0, 0, 37 ]
[ 5, 1, 0, 0, 1, 2, 1, 0, 7 ]
[ 37, 0, 0, -11, 1, 0, 16, 0, 1 ]
[ 11, -1, 0, 4, 3, 0, 5, 1, 1 ]
[ 16, 0, 1, -11, 1, 0, -5, 0, 2 ]
[ 1, 10, 0, 0, 37, 0, 0, -12, 1 ]
[ 4, 3, 0, 1, 10, 0, 1, -2, 1 ]
[ 5, 1, 1, 4, 3, 0, 0, 1, 3 ]
[ 11, -1, 0, 5, 1, 1, -5, 0, 2 ]
[ 1, 0, 7, -11, 1, 0, 0, 0, 37 ]
[ 5, 0, -2, -11, 1, 0, 1, 0, 7 ]
[ 1, 10, 0, 0, 1, 3, 0, 0, 37 ]
[ -1, -10, 0, 0, -12, 1, 0, 1, 3 ]
[ 0, -1, -3, 1, 10, 0, 0, 0, 37 ]
[ 1, -2, 1, 0, 1, 3, 0, 0, 37 ]
[ 1, -2, 1, 1, 10, 0, 0, 1, 3 ]
[ 0, -1, -3, 1, -2, 1, 0, 0, 37 ]
[ -4, -3, 0, 1, -2, 1, 0, 1, 3 ]
[ -1, -1, -10, 4, 3, 0, 0, 0, 37 ]
[ 0, -1, -3, 1, 1, 10, 0, 0, 37 ]
[ 0, -1, -3, 4, 3, 0, 1, 1, 10 ]
[ 1, 0, 7, 0, 1, 3, 0, 0, 37 ]
[ -5, -1, -1, 1, 0, 7, 0, 0, 37 ]
[ 5, 1, 1, 0, 1, 3, 1, 0, 7 ]
[ 1, 0, 7, 5, 1, 1, 0, 0, 37 ]
[ 5, 0, -2, 5, 1, 1, 1, 0, 7 ]
[ 11, -1, 0, 1, 0, 7, 0, 0, 37 ]
[ -11, 1, 0, -5, 0, 2, 1, 0, 7 ]
[ 1, 1, 10, 0, 1, 3, 0, 0, 37 ]
[ 4, 3, 0, 1, 1, 10, 0, 0, 37 ]
[ 4, 3, 0, 0, 1, 3, 1, 1, 10 ]
[ 37, 0, 0, 10, 1, 0, 16, 0, 1 ]
[ 10, 1, 0, 3, 4, 0, -4, -2, 1 ]
[ 16, 0, 1, 10, 1, 0, -5, 0, 2 ]
[ 1, -11, 0, 0, 37, 0, 0, -9, 1 ]
[ 3, 4, 0, -1, 11, 0, -1, 2, 1 ]
[ 4, 2, -1, 3, 4, 0, 0, 1, 4 ]
[ -10, -1, 0, -4, -2, 1, 5, 1, 2 ]
[ 1, 0, 7, 10, 1, 0, 0, 0, 37 ]
[ 5, 0, -2, 10, 1, 0, 1, 0, 7 ]
[ 1, -11, 0, 0, 1, 4, 0, 0, 37 ]
[ -1, 11, 0, 0, -9, 1, 0, 1, 4 ]
[ 0, 1, 4, -1, 11, 0, 0, 0, 37 ]
[ 1, -2, -1, 0, 1, 4, 0, 0, 37 ]
[ 1, -2, -1, -1, 11, 0, 0, 1, 4 ]
[ 0, 1, 4, -1, 2, 1, 0, 0, 37 ]
[ 3, 4, 0, -1, 2, 1, 0, 1, 4 ]
[ 1, 1, 11, 3, 4, 0, 0, 0, 37 ]
[ 0, -1, -4, 1, 1, 11, 0, 0, 37 ]
[ 0, -1, -4, 3, 4, 0, 1, 1, 11 ]
[ 1, 1, 11, 0, 1, 4, 0, 0, 37 ]
[ 4, 2, -1, 0, 1, 4, 1, 1, 11 ]
[ -5, -1, -2, 1, 0, 7, 0, 0, 37 ]
[ -5, -1, -2, -4, -2, 1, 1, 0, 7 ]
[ 1, 0, 7, 5, 1, 2, 0, 0, 37 ]
[ -10, -1, 0, 1, 0, 7, 0, 0, 37 ]
[ 10, 1, 0, 5, 1, 2, 1, 0, 7 ]
[ -3, -4, 0, 1, 1, 11, 0, 0, 37 ]
[ 3, 4, 0, 0, 1, 4, 1, 1, 11 ]
[ 1, 1, 11, 0, 1, 4, 0, 0, 37 ]
[ 2, 1, -19, 1, 1, 11, 0, 0, 37 ]
[ 4, 2, -1, 1, 1, 11, -2, -1, 19 ]
[ -1, 0, -7, -2, -1, 19, 0, 0, 37 ]
[ -1, 0, -7, -4, -2, 1, -2, -1, 19 ]
[ 37, 0, 0, -6, 1, 0, 16, 0, 1 ]
[ 1, 6, 0, 0, 37, 0, 0, 15, 1 ]
[ 6, -1, 0, 1, 6, 0, -2, 3, 1 ]
[ 16, 0, 1, -6, 1, 0, -5, 0, 2 ]
[ 1, 6, 0, 0, 15, 1, 0, -7, 2 ]
[ 2, -3, -1, 1, -1, 2, 0, 0, 37 ]
[ 2, -3, -1, 1, 6, 0, 1, -1, 2 ]
[ 1, -1, 2, -2, 3, 1, 0, 0, 37 ]
[ 6, -1, 0, -2, 3, 1, 1, -1, 2 ]
[ 1, 0, 7, -6, 1, 0, 0, 0, 37 ]
[ 5, 0, -2, -6, 1, 0, 1, 0, 7 ]
[ 1, 6, 0, 0, 1, 5, 0, 0, 37 ]
[ -1, -6, 0, 0, -7, 2, 0, 1, 5 ]
[ 0, -1, -5, 1, 6, 0, 0, 0, 37 ]
[ 1, -1, 2, 0, 1, 5, 0, 0, 37 ]
[ 1, -1, 2, 1, 6, 0, 0, 1, 5 ]
[ -1, 0, -7, 1, -1, 2, 0, 0, 37 ]
[ 6, -1, 0, 1, 0, 7, 0, 0, 37 ]
[ -6, 1, 0, 1, -1, 2, 1, 0, 7 ]
[ 37, 0, 0, 15, 1, 0, 16, 0, 1 ]
[ 15, 1, 0, -7, 2, 0, 1, -1, 1 ]
[ 16, 0, 1, 15, 1, 0, -5, 0, 2 ]
[ 1, 5, 0, 0, 37, 0, 0, -6, 1 ]
[ 7, -2, 0, 1, 5, 0, 1, -1, 1 ]
[ 1, -1, 1, 1, 0, 7, 0, 0, 37 ]
[ -1, 1, -1, -7, 2, 0, 1, 0, 7 ]
[ -15, -1, 0, 1, -1, 1, -5, 0, 2 ]
[ 1, 0, 7, 15, 1, 0, 0, 0, 37 ]
[ 5, 0, -2, 15, 1, 0, 1, 0, 7 ]
[ 1, 5, 0, 0, 1, 6, 0, 0, 37 ]
[ -1, -5, 0, 0, -6, 1, 0, 1, 6 ]
[ 0, -1, -6, 1, 5, 0, 0, 0, 37 ]
[ 1, -1, 1, 0, 1, 6, 0, 0, 37 ]
[ 1, -1, 1, 1, 5, 0, 0, 1, 6 ]
[ -1, 0, -7, 1, -1, 1, 0, 0, 37 ]
[ -7, 2, 0, 1, -1, 1, 1, 0, 7 ]
[ -3, 1, 22, -7, 2, 0, 0, 0, 37 ]
[ 1, 0, 7, -3, 1, 22, 0, 0, 37 ]
[ 1, 0, 7, -7, 2, 0, -3, 1, 22 ]
[ -1, 0, -7, 1, -1, 1, 0, 0, 37 ]
[ -5, 0, 2, 1, -1, 1, 1, 0, 7 ]
[ -15, -1, 0, 1, 0, 7, 0, 0, 37 ]
[ 15, 1, 0, -5, 0, 2, 1, 0, 7 ]
[ 3, -1, -22, 1, 0, 7, 0, 0, 37 ]
[ 7, -2, 0, -3, 1, 22, 0, 0, 37 ]
[ 7, -2, 0, 1, 0, 7, -3, 1, 22 ]
[ 1, -1, 0, 0, 37, 0, 0, 16, 1 ]
[ 37, 0, 0, -1, 1, 0, 16, 0, 1 ]
[ 1, -1, 0, 0, 16, 1, 0, -5, 2 ]
[ 16, 0, 1, -1, 1, 0, -5, 0, 2 ]
[ 1, -1, 0, 0, 1, 7, 0, 0, 37 ]
[ -1, 1, 0, 0, -5, 2, 0, 1, 7 ]
[ 1, 0, 7, -1, 1, 0, 0, 0, 37 ]
[ 5, 0, -2, -1, 1, 0, 1, 0, 7 ]
[ 37, 0, 0, -17, 1, 0, 16, 0, 1 ]
[ 17, -1, 0, 3, 2, 0, -1, 1, 1 ]
[ 16, 0, 1, -17, 1, 0, -5, 0, 2 ]
[ 1, 13, 0, 0, 37, 0, 0, 14, 1 ]
[ 3, 2, 0, 1, 13, 0, -1, 1, 1 ]
[ 1, -1, -1, 1, 0, 7, 0, 0, 37 ]
[ 1, -1, -1, 3, 2, 0, 1, 0, 7 ]
[ 17, -1, 0, -1, 1, 1, -5, 0, 2 ]
[ 1, 0, 7, -17, 1, 0, 0, 0, 37 ]
[ 5, 0, -2, -17, 1, 0, 1, 0, 7 ]
[ 1, 13, 0, 0, 14, 1, 0, 5, 3 ]
[ 1, -1, -1, 1, 13, 0, 0, 5, 3 ]
[ 1, 0, 7, -1, 1, 1, 0, 0, 37 ]
[ 3, 2, 0, -1, 1, 1, 1, 0, 7 ]
[ 2, 1, 22, 3, 2, 0, 0, 0, 37 ]
[ 1, 0, 7, 2, 1, 22, 0, 0, 37 ]
[ 1, 0, 7, 3, 2, 0, 2, 1, 22 ]
[ 1, 0, 7, -1, 1, 1, 0, 0, 37 ]
[ 5, 0, -2, -1, 1, 1, 1, 0, 7 ]
[ 17, -1, 0, 1, 0, 7, 0, 0, 37 ]
[ -17, 1, 0, -5, 0, 2, 1, 0, 7 ]
[ 1, 13, 0, 0, 1, 8, 0, 0, 37 ]
[ 1, 13, 0, 0, 5, 3, 0, 1, 8 ]
[ 0, -1, -8, 1, 13, 0, 0, 0, 37 ]
[ 0, -5, -3, 1, 13, 0, 0, 1, 8 ]
[ 1, -1, -1, 0, 1, 8, 0, 0, 37 ]
[ 1, -1, -1, 0, 5, 3, 0, 1, 8 ]
[ -2, -1, -22, 1, 0, 7, 0, 0, 37 ]
[ -3, -2, 0, 2, 1, 22, 0, 0, 37 ]
[ -3, -2, 0, 1, 0, 7, 2, 1, 22 ]
[ 37, 0, 0, 4, 1, 0, 16, 0, 1 ]
[ 1, -9, 0, 0, 37, 0, 0, -4, 1 ]
[ 4, 1, 0, -1, 9, 0, 0, -4, 1 ]
[ 16, 0, 1, 4, 1, 0, -5, 0, 2 ]
[ 1, -9, 0, 0, 1, 9, 0, 0, 37 ]
[ -1, 9, 0, 0, -4, 1, 0, 1, 9 ]
[ 0, 1, 9, -1, 9, 0, 0, 0, 37 ]
[ 0, 4, -1, -1, 9, 0, 0, 1, 9 ]
[ -4, -1, 0, 0, -4, 1, -1, 1, 2 ]
[ 1, 0, 7, 4, 1, 0, 0, 0, 37 ]
[ 5, 0, -2, 4, 1, 0, 1, 0, 7 ]
[ 1, -1, -2, 0, 1, 9, 0, 0, 37 ]
[ -1, 1, 2, 0, -4, 1, 0, 1, 9 ]
[ 1, 0, 7, -1, 1, 2, 0, 0, 37 ]
[ -4, -1, 0, 1, 0, 7, 0, 0, 37 ]
[ 4, 1, 0, -1, 1, 2, 1, 0, 7 ]
[ 37, 0, 0, -12, 1, 0, 16, 0, 1 ]
[ 1, 3, 0, 0, 37, 0, 0, -11, 1 ]
[ 12, -1, 0, 1, 3, 0, 4, 1, 1 ]
[ 16, 0, 1, -12, 1, 0, -5, 0, 2 ]
[ -1, -3, 0, 0, -11, 1, 0, 4, 3 ]
[ 4, 1, 1, 1, 3, 0, -1, 1, 3 ]
[ 12, -1, 0, 4, 1, 1, -5, 0, 2 ]
[ 1, 0, 7, -12, 1, 0, 0, 0, 37 ]
[ 5, 0, -2, -12, 1, 0, 1, 0, 7 ]
[ 1, 3, 0, 0, 1, 10, 0, 0, 37 ]
[ 1, 3, 0, 0, 4, 3, 0, 1, 10 ]
[ 0, -1, -10, 1, 3, 0, 0, 0, 37 ]
[ 1, -1, -3, 0, 1, 10, 0, 0, 37 ]
[ 1, -1, -3, 1, 3, 0, 0, 1, 10 ]
[ 1, 0, 7, -1, 1, 3, 0, 0, 37 ]
[ -4, -1, -1, 1, 0, 7, 0, 0, 37 ]
[ 4, 1, 1, -1, 1, 3, 1, 0, 7 ]
[ 1, 0, 7, 4, 1, 1, 0, 0, 37 ]
[ 5, 0, -2, 4, 1, 1, 1, 0, 7 ]
[ 12, -1, 0, 1, 0, 7, 0, 0, 37 ]
[ -12, 1, 0, -5, 0, 2, 1, 0, 7 ]
[ 37, 0, 0, 9, 1, 0, 16, 0, 1 ]
[ 1, -4, 0, 0, 37, 0, 0, -10, 1 ]
[ 9, 1, 0, -1, 4, 0, -2, -2, 1 ]
[ 16, 0, 1, 9, 1, 0, -5, 0, 2 ]
[ -1, 4, 0, 0, -10, 1, 0, -3, 4 ]
[ 2, 2, -1, -1, 4, 0, -1, 1, 4 ]
[ -9, -1, 0, -2, -2, 1, 4, 1, 2 ]
[ 1, 0, 7, 9, 1, 0, 0, 0, 37 ]
[ 5, 0, -2, 9, 1, 0, 1, 0, 7 ]
[ 1, -4, 0, 0, 1, 11, 0, 0, 37 ]
[ -1, 4, 0, 0, -3, 4, 0, 1, 11 ]
[ 0, 1, 11, -1, 4, 0, 0, 0, 37 ]
[ 1, -1, -4, 0, 1, 11, 0, 0, 37 ]
[ 1, -1, -4, -1, 4, 0, 0, 1, 11 ]
[ 0, 1, 11, -1, 1, 4, 0, 0, 37 ]
[ 2, 2, -1, -1, 1, 4, 0, 1, 11 ]
[ -4, -1, -2, 1, 0, 7, 0, 0, 37 ]
[ -4, -1, -2, -2, -2, 1, 1, 0, 7 ]
[ 1, 0, 7, 4, 1, 2, 0, 0, 37 ]
[ -9, -1, 0, 1, 0, 7, 0, 0, 37 ]
[ 9, 1, 0, 4, 1, 2, 1, 0, 7 ]
[ 1, 1, -19, 0, 1, 11, 0, 0, 37 ]
[ 2, 2, -1, 0, 1, 11, -1, -1, 19 ]
[ -1, 0, -7, -1, -1, 19, 0, 0, 37 ]
[ -1, 0, -7, -2, -2, 1, -1, -1, 19 ]
[ 37, 0, 0, -7, 1, 0, 16, 0, 1 ]
[ 7, -1, 0, 2, 5, 0, 2, 2, 1 ]
[ 16, 0, 1, -7, 1, 0, -5, 0, 2 ]
[ 1, 21, 0, 0, 37, 0, 0, -3, 1 ]
[ 2, 5, 0, 1, 21, 0, 0, -3, 1 ]
[ 1, 2, -6, 2, 5, 0, 0, 0, 37 ]
[ 2, 2, 1, 2, 5, 0, -1, -2, 6 ]
[ 7, -1, 0, 2, 2, 1, 2, -1, 2 ]
[ 1, 0, 7, -7, 1, 0, 0, 0, 37 ]
[ 5, 0, -2, -7, 1, 0, 1, 0, 7 ]
[ 1, 21, 0, 0, 1, 12, 0, 0, 37 ]
[ -1, -21, 0, 0, -3, 1, 0, 1, 12 ]
[ 0, -1, -12, 1, 21, 0, 0, 0, 37 ]
[ 0, -3, 1, 1, 21, 0, 0, 1, 12 ]
[ 2, 5, 0, 1, 3, 6, 0, 0, 37 ]
[ -2, -5, 0, 0, -3, 1, 1, 3, 6 ]
[ -1, -1, -19, -1, -2, 6, 0, 0, 37 ]
[ -2, -2, -1, -1, -2, 6, 1, 1, 19 ]
[ 2, -1, 2, 1, 0, 7, 0, 0, 37 ]
[ 2, -1, 2, 2, 2, 1, 1, 0, 7 ]
[ -1, 0, -7, 2, -1, 2, 0, 0, 37 ]
[ 7, -1, 0, 1, 0, 7, 0, 0, 37 ]
[ -7, 1, 0, 2, -1, 2, 1, 0, 7 ]
[ 1, 3, 6, 0, 1, 12, 0, 0, 37 ]
[ -1, -3, -6, 0, -3, 1, 0, 1, 12 ]
[ 1, 0, 7, 1, 1, 19, 0, 0, 37 ]
[ 1, 0, 7, 2, 2, 1, 1, 1, 19 ]
[ 37, 0, 0, 14, 1, 0, 16, 0, 1 ]
[ 14, 1, 0, 5, 3, 0, 2, -1, 1 ]
[ 16, 0, 1, 14, 1, 0, -5, 0, 2 ]
[ 1, 8, 0, 0, 37, 0, 0, -17, 1 ]
[ 5, 3, 0, 1, 8, 0, 2, -1, 1 ]
[ 2, -1, 1, 5, 3, 0, -3, -1, 3 ]
[ -14, -1, 0, 2, -1, 1, -5, 0, 2 ]
[ 1, 0, 7, 14, 1, 0, 0, 0, 37 ]
[ 5, 0, -2, 14, 1, 0, 1, 0, 7 ]
[ -1, -8, 0, 0, -17, 1, 0, 3, 2 ]
[ 2, -1, 1, 1, 8, 0, 0, 3, 2 ]
[ -5, -3, 0, 2, -1, 1, -3, -1, 3 ]
[ 2, 1, -10, 5, 3, 0, 0, 0, 37 ]
[ -3, -1, 3, -2, -1, 10, 0, 0, 37 ]
[ 3, 1, -3, 5, 3, 0, -2, -1, 10 ]
[ -1, 0, -7, -3, -1, 3, 0, 0, 37 ]
[ 2, -1, 1, 1, 0, 7, 0, 0, 37 ]
[ -2, 1, -1, -3, -1, 3, 1, 0, 7 ]
[ -1, 0, -7, 2, -1, 1, 0, 0, 37 ]
[ -5, 0, 2, 2, -1, 1, 1, 0, 7 ]
[ -14, -1, 0, 1, 0, 7, 0, 0, 37 ]
[ 14, 1, 0, -5, 0, 2, 1, 0, 7 ]
[ 1, 8, 0, 0, 1, 13, 0, 0, 37 ]
[ 1, 8, 0, 0, 3, 2, 0, 1, 13 ]
[ 0, -1, -13, 1, 8, 0, 0, 0, 37 ]
[ 0, -3, -2, 1, 8, 0, 0, 1, 13 ]
[ 2, -1, 1, 0, 3, 2, 1, 0, 7 ]
[ -3, -1, 3, 1, 0, 7, 0, 0, 37 ]
[ -3, -1, 3, 2, -1, 1, 1, 0, 7 ]
[ 2, 1, -10, -3, -1, 3, 0, 0, 37 ]
[ 5, 3, 0, -2, -1, 10, 0, 0, 37 ]
[ 5, 3, 0, -3, -1, 3, -2, -1, 10 ]
[ 2, -1, 1, 1, 0, 7, 0, 0, 37 ]
[ -1, 0, -7, 2, -1, 1, 0, 0, 37 ]
[ 1, 0, 7, 0, 1, 13, 0, 0, 37 ]
[ 1, 0, 7, 0, 3, 2, 0, 1, 13 ]
[ 37, 0, 0, -2, 1, 0, 16, 0, 1 ]
[ 1, -19, 0, 0, 37, 0, 0, 8, 1 ]
[ 2, -1, 0, -1, 19, 0, 0, 8, 1 ]
[ 16, 0, 1, -2, 1, 0, -5, 0, 2 ]
[ 1, -19, 0, 0, 8, 1, 0, 3, 5 ]
[ 0, 8, 1, -1, 19, 0, 0, 3, 5 ]
[ 2, -1, 0, 0, 8, 1, -1, -2, 2 ]
[ 1, 0, 7, -2, 1, 0, 0, 0, 37 ]
[ 5, 0, -2, -2, 1, 0, 1, 0, 7 ]
[ 1, -19, 0, 0, 1, 14, 0, 0, 37 ]
[ 1, -19, 0, 0, 3, 5, 0, 1, 14 ]
[ 0, 1, 14, -1, 19, 0, 0, 0, 37 ]
[ 0, 3, 5, -1, 19, 0, 0, 1, 14 ]
[ 1, 2, -2, 0, 8, 1, 0, 3, 5 ]
[ 2, -1, 0, 1, 0, 7, 0, 0, 37 ]
[ -2, 1, 0, -1, -2, 2, 1, 0, 7 ]
[ 1, 2, -2, 0, 1, 14, 0, 0, 37 ]
[ 1, 2, -2, 0, 3, 5, 0, 1, 14 ]
[ 0, 1, -23, -1, -2, 2, 0, 0, 37 ]
[ -1, 0, -7, 0, -1, 23, 0, 0, 37 ]
[ -1, 0, -7, -1, -2, 2, 0, -1, 23 ]
[ 37, 0, 0, -18, 1, 0, 16, 0, 1 ]
[ 1, 2, 0, 0, 37, 0, 0, 5, 1 ]
[ 18, -1, 0, 1, 2, 0, -2, 1, 1 ]
[ 16, 0, 1, -18, 1, 0, -5, 0, 2 ]
[ 1, 2, 0, 0, 5, 1, 0, -2, 7 ]
[ 2, -1, -1, 1, 0, 7, 0, 0, 37 ]
[ 2, -1, -1, 1, 2, 0, 1, 0, 7 ]
[ 18, -1, 0, -2, 1, 1, -5, 0, 2 ]
[ 1, 0, 7, -18, 1, 0, 0, 0, 37 ]
[ 5, 0, -2, -18, 1, 0, 1, 0, 7 ]
[ -1, -2, 0, 0, -1, 22, 0, 0, 37 ]
[ -1, -2, 0, 0, -2, 7, 0, -1, 22 ]
[ 1, 1, 22, 1, 2, 0, 0, 0, 37 ]
[ 1, 0, 7, 1, 1, 22, 0, 0, 37 ]
[ 1, 0, 7, 1, 2, 0, 1, 1, 22 ]
[ 1, 0, 7, -2, 1, 1, 0, 0, 37 ]
[ 5, 0, -2, -2, 1, 1, 1, 0, 7 ]
[ 18, -1, 0, 1, 0, 7, 0, 0, 37 ]
[ -18, 1, 0, -5, 0, 2, 1, 0, 7 ]
[ 37, 0, 0, 3, 1, 0, 16, 0, 1 ]
[ 1, -12, 0, 0, 37, 0, 0, 7, 1 ]
[ 3, 1, 0, -1, 12, 0, 1, -5, 1 ]
[ 16, 0, 1, 3, 1, 0, -5, 0, 2 ]
[ 1, -12, 0, 0, 7, 1, 0, -2, 5 ]
[ 1, -5, 1, -1, 12, 0, 0, -2, 5 ]
[ -3, -1, 0, 1, -5, 1, 1, 2, 2 ]
[ 1, 0, 7, 3, 1, 0, 0, 0, 37 ]
[ 5, 0, -2, 3, 1, 0, 1, 0, 7 ]
[ -1, 12, 0, 0, -1, 21, 0, 0, 37 ]
[ -1, 12, 0, 0, -2, 5, 0, -1, 21 ]
[ 0, 1, -21, -1, 12, 0, 0, 0, 37 ]
[ 0, 2, -5, -1, 12, 0, 0, -1, 21 ]
[ -1, 5, -1, 0, -1, 21, 0, 0, 37 ]
[ -1, 5, -1, 0, -2, 5, 0, -1, 21 ]
[ -1, -2, -2, 1, -5, 1, 0, -2, 5 ]
[ -3, -1, 0, 1, 0, 7, 0, 0, 37 ]
[ 3, 1, 0, 1, 2, 2, 1, 0, 7 ]
[ 0, -1, 21, 1, -5, 1, 0, 0, 37 ]
[ 0, -2, 5, 1, -5, 1, 0, -1, 21 ]
[ -1, -2, -2, 0, -1, 21, 0, 0, 37 ]
[ -1, -2, -2, 0, -2, 5, 0, -1, 21 ]
[ 1, 1, 23, 1, 2, 2, 0, 0, 37 ]
[ 1, 0, 7, 1, 1, 23, 0, 0, 37 ]
[ 1, 0, 7, 1, 2, 2, 1, 1, 23 ]
[ 37, 0, 0, -13, 1, 0, 16, 0, 1 ]
[ 13, -1, 0, -2, 3, 0, 3, 1, 1 ]
[ 16, 0, 1, -13, 1, 0, -5, 0, 2 ]
[ 1, -20, 0, 0, 37, 0, 0, -13, 1 ]
[ 2, -3, 0, -1, 20, 0, -1, 7, 1 ]
[ 3, 1, 1, -2, 3, 0, -2, 1, 3 ]
[ 13, -1, 0, 3, 1, 1, -5, 0, 2 ]
[ 1, 0, 7, -13, 1, 0, 0, 0, 37 ]
[ 5, 0, -2, -13, 1, 0, 1, 0, 7 ]
[ -1, 20, 0, 0, -13, 1, 0, -2, 3 ]
[ 1, -7, -1, -1, 20, 0, 0, -2, 3 ]
[ 2, -3, 0, -1, 7, 1, 0, -2, 3 ]
[ 1, -1, -10, -2, 3, 0, 0, 0, 37 ]
[ 2, -1, -3, -1, 1, 10, 0, 0, 37 ]
[ 2, -1, -3, -2, 3, 0, -1, 1, 10 ]
[ 1, 0, 7, -2, 1, 3, 0, 0, 37 ]
[ -3, -1, -1, 1, 0, 7, 0, 0, 37 ]
[ 3, 1, 1, -2, 1, 3, 1, 0, 7 ]
[ 1, 0, 7, 3, 1, 1, 0, 0, 37 ]
[ 5, 0, -2, 3, 1, 1, 1, 0, 7 ]
[ 13, -1, 0, 1, 0, 7, 0, 0, 37 ]
[ -13, 1, 0, -5, 0, 2, 1, 0, 7 ]
[ -1, 20, 0, 0, -1, 20, 0, 0, 37 ]
[ -1, 20, 0, 0, -2, 3, 0, -1, 20 ]
[ 0, 1, -20, -1, 20, 0, 0, 0, 37 ]
[ 0, 2, -3, -1, 20, 0, 0, -1, 20 ]
[ -1, 7, 1, 0, -1, 20, 0, 0, 37 ]
[ -1, 7, 1, 0, -2, 3, 0, -1, 20 ]
[ 0, 1, -20, -1, 7, 1, 0, 0, 37 ]
[ 0, 2, -3, -1, 7, 1, 0, -1, 20 ]
[ -2, 3, 0, -1, 1, 10, 0, 0, 37 ]
[ -2, 3, 0, 0, -2, 3, -1, 1, 10 ]
[ -1, 1, 10, 0, -1, 20, 0, 0, 37 ]
[ -1, 1, 10, 0, -2, 3, 0, -1, 20 ]
[ 37, 0, 0, 8, 1, 0, 16, 0, 1 ]
[ 8, 1, 0, 3, 5, 0, 0, -2, 1 ]
[ 16, 0, 1, 8, 1, 0, -5, 0, 2 ]
[ 1, 14, 0, 0, 37, 0, 0, -2, 1 ]
[ 3, 5, 0, 1, 14, 0, 0, -2, 1 ]
[ -1, -2, -6, 3, 5, 0, 0, 0, 37 ]
[ 0, -2, 1, 3, 5, 0, 1, 2, 6 ]
[ -8, -1, 0, 0, -2, 1, 3, 1, 2 ]
[ 1, 0, 7, 8, 1, 0, 0, 0, 37 ]
[ 5, 0, -2, 8, 1, 0, 1, 0, 7 ]
[ -1, -14, 0, 0, -1, 19, 0, 0, 37 ]
[ -1, -14, 0, 0, -2, 1, 0, -1, 19 ]
[ 0, -1, 19, 1, 14, 0, 0, 0, 37 ]
[ 0, -2, 1, 1, 14, 0, 0, -1, 19 ]
[ 3, 5, 0, 1, 2, 6, 0, 0, 37 ]
[ -3, -5, 0, 0, -2, 1, 1, 2, 6 ]
[ 0, -1, 19, 1, 2, 6, 0, 0, 37 ]
[ 0, -2, 1, 1, 2, 6, 0, -1, 19 ]
[ -3, -1, -2, 1, 0, 7, 0, 0, 37 ]
[ -3, -1, -2, 0, -2, 1, 1, 0, 7 ]
[ 1, 0, 7, 3, 1, 2, 0, 0, 37 ]
[ -8, -1, 0, 1, 0, 7, 0, 0, 37 ]
[ 8, 1, 0, 3, 1, 2, 1, 0, 7 ]
[ -1, -2, -6, 0, -1, 19, 0, 0, 37 ]
[ -1, -2, -6, 0, -2, 1, 0, -1, 19 ]
[ -1, 0, -7, 0, -1, 19, 0, 0, 37 ]
[ -1, 0, -7, 0, -2, 1, 0, -1, 19 ]
[ 37, 0, 0, -8, 1, 0, 16, 0, 1 ]
[ 8, -1, 0, -3, 5, 0, 0, 2, 1 ]
[ 16, 0, 1, -8, 1, 0, -5, 0, 2 ]
[ 1, -14, 0, 0, 37, 0, 0, 2, 1 ]
[ 3, -5, 0, -1, 14, 0, 0, 2, 1 ]
[ -1, 2, -6, -3, 5, 0, 0, 0, 37 ]
[ 0, 2, 1, -3, 5, 0, 1, -2, 6 ]
[ 8, -1, 0, 0, 2, 1, 3, -1, 2 ]
[ 1, 0, 7, -8, 1, 0, 0, 0, 37 ]
[ 5, 0, -2, -8, 1, 0, 1, 0, 7 ]
[ 1, -14, 0, 0, 1, 19, 0, 0, 37 ]
[ 1, -14, 0, 0, 2, 1, 0, 1, 19 ]
[ 0, 1, 19, -1, 14, 0, 0, 0, 37 ]
[ 0, 2, 1, -1, 14, 0, 0, 1, 19 ]
[ -3, 5, 0, 1, -2, 6, 0, 0, 37 ]
[ 3, -5, 0, 0, 2, 1, 1, -2, 6 ]
[ 0, -1, -19, 1, -2, 6, 0, 0, 37 ]
[ 0, -2, -1, 1, -2, 6, 0, 1, 19 ]
[ 3, -1, 2, 1, 0, 7, 0, 0, 37 ]
[ 3, -1, 2, 0, 2, 1, 1, 0, 7 ]
[ -1, 0, -7, 3, -1, 2, 0, 0, 37 ]
[ 8, -1, 0, 1, 0, 7, 0, 0, 37 ]
[ -8, 1, 0, 3, -1, 2, 1, 0, 7 ]
[ 1, -2, 6, 0, 1, 19, 0, 0, 37 ]
[ 1, -2, 6, 0, 2, 1, 0, 1, 19 ]
[ 1, 0, 7, 0, 1, 19, 0, 0, 37 ]
[ 1, 0, 7, 0, 2, 1, 0, 1, 19 ]
[ 37, 0, 0, 13, 1, 0, 16, 0, 1 ]
[ 13, 1, 0, 2, 3, 0, 3, -1, 1 ]
[ 16, 0, 1, 13, 1, 0, -5, 0, 2 ]
[ 1, 20, 0, 0, 37, 0, 0, 13, 1 ]
[ 2, 3, 0, 1, 20, 0, -1, -7, 1 ]
[ 3, -1, 1, 2, 3, 0, -2, -1, 3 ]
[ -13, -1, 0, 3, -1, 1, -5, 0, 2 ]
[ 1, 0, 7, 13, 1, 0, 0, 0, 37 ]
[ 5, 0, -2, 13, 1, 0, 1, 0, 7 ]
[ 1, 20, 0, 0, 13, 1, 0, 2, 3 ]
[ 1, 7, -1, 1, 20, 0, 0, 2, 3 ]
[ -2, -3, 0, -1, -7, 1, 0, 2, 3 ]
[ 1, 1, -10, 2, 3, 0, 0, 0, 37 ]
[ -2, -1, 3, -1, -1, 10, 0, 0, 37 ]
[ 2, 1, -3, 2, 3, 0, -1, -1, 10 ]
[ -1, 0, -7, -2, -1, 3, 0, 0, 37 ]
[ 3, -1, 1, 1, 0, 7, 0, 0, 37 ]
[ -3, 1, -1, -2, -1, 3, 1, 0, 7 ]
[ -1, 0, -7, 3, -1, 1, 0, 0, 37 ]
[ -5, 0, 2, 3, -1, 1, 1, 0, 7 ]
[ -13, -1, 0, 1, 0, 7, 0, 0, 37 ]
[ 13, 1, 0, -5, 0, 2, 1, 0, 7 ]
[ 1, 20, 0, 0, 1, 20, 0, 0, 37 ]
[ 1, 20, 0, 0, 2, 3, 0, 1, 20 ]
[ 0, -1, -20, 1, 20, 0, 0, 0, 37 ]
[ 0, -2, -3, 1, 20, 0, 0, 1, 20 ]
[ 1, 7, -1, 0, 1, 20, 0, 0, 37 ]
[ 1, 7, -1, 0, 2, 3, 0, 1, 20 ]
[ 0, 1, 20, -1, -7, 1, 0, 0, 37 ]
[ 0, 2, 3, -1, -7, 1, 0, 1, 20 ]
[ 2, 3, 0, 1, 2, 10, 0, 0, 37 ]
[ 2, 3, 0, 0, 2, 3, 1, 2, 10 ]
[ 1, 2, 10, 0, 1, 20, 0, 0, 37 ]
[ 1, 2, 10, 0, 2, 3, 0, 1, 20 ]
[ 37, 0, 0, -3, 1, 0, 16, 0, 1 ]
[ 1, 12, 0, 0, 37, 0, 0, -7, 1 ]
[ 3, -1, 0, 1, 12, 0, 1, 5, 1 ]
[ 16, 0, 1, -3, 1, 0, -5, 0, 2 ]
[ -1, -12, 0, 0, -7, 1, 0, 2, 5 ]
[ 1, 5, 1, 1, 12, 0, 0, 2, 5 ]
[ 3, -1, 0, 1, 5, 1, 1, -2, 2 ]
[ 1, 0, 7, -3, 1, 0, 0, 0, 37 ]
[ 5, 0, -2, -3, 1, 0, 1, 0, 7 ]
[ 1, 12, 0, 0, 1, 21, 0, 0, 37 ]
[ 1, 12, 0, 0, 2, 5, 0, 1, 21 ]
[ 0, -1, -21, 1, 12, 0, 0, 0, 37 ]
[ 0, -2, -5, 1, 12, 0, 0, 1, 21 ]
[ 1, 5, 1, 0, 1, 21, 0, 0, 37 ]
[ 1, 5, 1, 0, 2, 5, 0, 1, 21 ]
[ 1, -2, 2, 1, 5, 1, 0, 2, 5 ]
[ 3, -1, 0, 1, 0, 7, 0, 0, 37 ]
[ -3, 1, 0, 1, -2, 2, 1, 0, 7 ]
[ 0, -1, -21, 1, 5, 1, 0, 0, 37 ]
[ 0, -2, -5, 1, 5, 1, 0, 1, 21 ]
[ 1, -2, 2, 0, 1, 21, 0, 0, 37 ]
[ 1, -2, 2, 0, 2, 5, 0, 1, 21 ]
[ -1, 1, -23, 1, -2, 2, 0, 0, 37 ]
[ -1, 0, -7, 1, -1, 23, 0, 0, 37 ]
[ -1, 0, -7, 1, -2, 2, 1, -1, 23 ]
[ 37, 0, 0, 18, 1, 0, 16, 0, 1 ]
[ 1, -2, 0, 0, 37, 0, 0, -5, 1 ]
[ 18, 1, 0, -1, 2, 0, -2, -1, 1 ]
[ 16, 0, 1, 18, 1, 0, -5, 0, 2 ]
[ -1, 2, 0, 0, -5, 1, 0, 2, 7 ]
[ -2, -1, 1, 1, 0, 7, 0, 0, 37 ]
[ 2, 1, -1, -1, 2, 0, 1, 0, 7 ]
[ -18, -1, 0, -2, -1, 1, -5, 0, 2 ]
[ 1, 0, 7, 18, 1, 0, 0, 0, 37 ]
[ 5, 0, -2, 18, 1, 0, 1, 0, 7 ]
[ 1, -2, 0, 0, 1, 22, 0, 0, 37 ]
[ 1, -2, 0, 0, 2, 7, 0, 1, 22 ]
[ 0, 1, 22, -1, 2, 0, 0, 0, 37 ]
[ 1, 0, 7, 0, 1, 22, 0, 0, 37 ]
[ 1, 0, 7, -1, 2, 0, 0, 1, 22 ]
[ -1, 0, -7, -2, -1, 1, 0, 0, 37 ]
[ -5, 0, 2, -2, -1, 1, 1, 0, 7 ]
[ -18, -1, 0, 1, 0, 7, 0, 0, 37 ]
[ 18, 1, 0, -5, 0, 2, 1, 0, 7 ]
[ 37, 0, 0, 2, 1, 0, 16, 0, 1 ]
[ 1, 19, 0, 0, 37, 0, 0, -8, 1 ]
[ 2, 1, 0, 1, 19, 0, 0, -8, 1 ]
[ 16, 0, 1, 2, 1, 0, -5, 0, 2 ]
[ -1, -19, 0, 0, -8, 1, 0, -3, 5 ]
[ 0, -8, 1, 1, 19, 0, 0, -3, 5 ]
[ -2, -1, 0, 0, -8, 1, 1, 3, 2 ]
[ 1, 0, 7, 2, 1, 0, 0, 0, 37 ]
[ 5, 0, -2, 2, 1, 0, 1, 0, 7 ]
[ -1, -19, 0, 0, -1, 14, 0, 0, 37 ]
[ -1, -19, 0, 0, -3, 5, 0, -1, 14 ]
[ 0, -1, 14, 1, 19, 0, 0, 0, 37 ]
[ 0, -3, 5, 1, 19, 0, 0, -1, 14 ]
[ -1, -3, -2, 0, -8, 1, 0, -3, 5 ]
[ -2, -1, 0, -1, -1, 7, 0, 0, 37 ]
[ 2, 1, 0, 1, 3, 2, -1, -1, 7 ]
[ -1, -3, -2, 0, -1, 14, 0, 0, 37 ]
[ -1, -3, -2, 0, -3, 5, 0, -1, 14 ]
[ 0, -1, -23, 1, 3, 2, 0, 0, 37 ]
[ 1, 1, -7, 0, 1, 23, 0, 0, 37 ]
[ 1, 1, -7, 1, 3, 2, 0, 1, 23 ]
[ 37, 0, 0, -14, 1, 0, 16, 0, 1 ]
[ 14, -1, 0, -5, 3, 0, 2, 1, 1 ]
[ 16, 0, 1, -14, 1, 0, -5, 0, 2 ]
[ 1, -8, 0, 0, 37, 0, 0, 17, 1 ]
[ 5, -3, 0, -1, 8, 0, 2, 1, 1 ]
[ 2, 1, 1, -5, 3, 0, -3, 1, 3 ]
[ 14, -1, 0, 2, 1, 1, -5, 0, 2 ]
[ 1, 0, 7, -14, 1, 0, 0, 0, 37 ]
[ 5, 0, -2, -14, 1, 0, 1, 0, 7 ]
[ 1, -8, 0, 0, 17, 1, 0, -3, 2 ]
[ 2, 1, 1, -1, 8, 0, 0, -3, 2 ]
[ 5, -3, 0, 2, 1, 1, -3, 1, 3 ]
[ 2, -1, -10, -5, 3, 0, 0, 0, 37 ]
[ 3, -1, -3, -2, 1, 10, 0, 0, 37 ]
[ 3, -1, -3, -5, 3, 0, -2, 1, 10 ]
[ 1, 0, 7, -3, 1, 3, 0, 0, 37 ]
[ -2, -1, -1, 1, 0, 7, 0, 0, 37 ]
[ 2, 1, 1, -3, 1, 3, 1, 0, 7 ]
[ 1, 0, 7, 2, 1, 1, 0, 0, 37 ]
[ 5, 0, -2, 2, 1, 1, 1, 0, 7 ]
[ 14, -1, 0, 1, 0, 7, 0, 0, 37 ]
[ -14, 1, 0, -5, 0, 2, 1, 0, 7 ]
[ -1, 8, 0, 0, -1, 13, 0, 0, 37 ]
[ -1, 8, 0, 0, -3, 2, 0, -1, 13 ]
[ 0, 1, -13, -1, 8, 0, 0, 0, 37 ]
[ 0, 3, -2, -1, 8, 0, 0, -1, 13 ]
[ -2, -1, -1, 0, -3, 2, 1, 0, 7 ]
[ 3, -1, -3, 1, 0, 7, 0, 0, 37 ]
[ 3, -1, -3, 2, 1, 1, 1, 0, 7 ]
[ -2, 1, 10, -3, 1, 3, 0, 0, 37 ]
[ -5, 3, 0, -2, 1, 10, 0, 0, 37 ]
[ -5, 3, 0, -3, 1, 3, -2, 1, 10 ]
[ -2, -1, -1, 1, 0, 7, 0, 0, 37 ]
[ 1, 0, 7, 2, 1, 1, 0, 0, 37 ]
[ -1, 0, -7, 0, -1, 13, 0, 0, 37 ]
[ -1, 0, -7, 0, -3, 2, 0, -1, 13 ]
[ 37, 0, 0, 7, 1, 0, 16, 0, 1 ]
[ 7, 1, 0, -2, 5, 0, 2, -2, 1 ]
[ 16, 0, 1, 7, 1, 0, -5, 0, 2 ]
[ 1, -21, 0, 0, 37, 0, 0, 3, 1 ]
[ 2, -5, 0, -1, 21, 0, 0, 3, 1 ]
[ 1, -2, -6, -2, 5, 0, 0, 0, 37 ]
[ 2, -2, 1, -2, 5, 0, -1, 2, 6 ]
[ -7, -1, 0, 2, -2, 1, 2, 1, 2 ]
[ 1, 0, 7, 7, 1, 0, 0, 0, 37 ]
[ 5, 0, -2, 7, 1, 0, 1, 0, 7 ]
[ -1, 21, 0, 0, -1, 12, 0, 0, 37 ]
[ 1, -21, 0, 0, 3, 1, 0, -1, 12 ]
[ 0, 1, -12, -1, 21, 0, 0, 0, 37 ]
[ 0, 3, 1, -1, 21, 0, 0, -1, 12 ]
[ -2, 5, 0, -1, 2, 6, 0, 0, 37 ]
[ 2, -5, 0, 0, 3, 1, -1, 2, 6 ]
[ 1, -1, 19, -1, 2, 6, 0, 0, 37 ]
[ 2, -2, 1, -1, 2, 6, 1, -1, 19 ]
[ -2, -1, -2, 1, 0, 7, 0, 0, 37 ]
[ -2, -1, -2, 2, -2, 1, 1, 0, 7 ]
[ 1, 0, 7, 2, 1, 2, 0, 0, 37 ]
[ -7, -1, 0, 1, 0, 7, 0, 0, 37 ]
[ 7, 1, 0, 2, 1, 2, 1, 0, 7 ]
[ -1, 2, 6, 0, -1, 12, 0, 0, 37 ]
[ 1, -2, -6, 0, 3, 1, 0, -1, 12 ]
[ -1, 0, -7, 1, -1, 19, 0, 0, 37 ]
[ -1, 0, -7, 2, -2, 1, 1, -1, 19 ]
[ 37, 0, 0, -9, 1, 0, 16, 0, 1 ]
[ 1, 4, 0, 0, 37, 0, 0, 10, 1 ]
[ 9, -1, 0, 1, 4, 0, -2, 2, 1 ]
[ 16, 0, 1, -9, 1, 0, -5, 0, 2 ]
[ 1, 4, 0, 0, 10, 1, 0, 3, 4 ]
[ 2, -2, -1, 1, 4, 0, -1, -1, 4 ]
[ 9, -1, 0, -2, 2, 1, 4, -1, 2 ]
[ 1, 0, 7, -9, 1, 0, 0, 0, 37 ]
[ 5, 0, -2, -9, 1, 0, 1, 0, 7 ]
[ -1, -4, 0, 0, -1, 11, 0, 0, 37 ]
[ 1, 4, 0, 0, 3, 4, 0, -1, 11 ]
[ 0, -1, 11, 1, 4, 0, 0, 0, 37 ]
[ -1, -1, 4, 0, -1, 11, 0, 0, 37 ]
[ 1, 1, -4, 1, 4, 0, 0, -1, 11 ]
[ 0, 1, -11, -1, -1, 4, 0, 0, 37 ]
[ -2, 2, 1, -1, -1, 4, 0, -1, 11 ]
[ 4, -1, 2, 1, 0, 7, 0, 0, 37 ]
[ 4, -1, 2, -2, 2, 1, 1, 0, 7 ]
[ -1, 0, -7, 4, -1, 2, 0, 0, 37 ]
[ 9, -1, 0, 1, 0, 7, 0, 0, 37 ]
[ -9, 1, 0, 4, -1, 2, 1, 0, 7 ]
[ -1, 1, 19, 0, -1, 11, 0, 0, 37 ]
[ -2, 2, 1, 0, -1, 11, -1, 1, 19 ]
[ 1, 0, 7, -1, 1, 19, 0, 0, 37 ]
[ 1, 0, 7, -2, 2, 1, -1, 1, 19 ]
[ 37, 0, 0, 12, 1, 0, 16, 0, 1 ]
[ 1, -3, 0, 0, 37, 0, 0, 11, 1 ]
[ 12, 1, 0, -1, 3, 0, 4, -1, 1 ]
[ 16, 0, 1, 12, 1, 0, -5, 0, 2 ]
[ 1, -3, 0, 0, 11, 1, 0, -4, 3 ]
[ 4, -1, 1, -1, 3, 0, -1, -1, 3 ]
[ -12, -1, 0, 4, -1, 1, -5, 0, 2 ]
[ 1, 0, 7, 12, 1, 0, 0, 0, 37 ]
[ 5, 0, -2, 12, 1, 0, 1, 0, 7 ]
[ -1, 3, 0, 0, -1, 10, 0, 0, 37 ]
[ -1, 3, 0, 0, -4, 3, 0, -1, 10 ]
[ 0, 1, -10, -1, 3, 0, 0, 0, 37 ]
[ -1, -1, 3, 0, -1, 10, 0, 0, 37 ]
[ 1, 1, -3, -1, 3, 0, 0, -1, 10 ]
[ -1, 0, -7, -1, -1, 3, 0, 0, 37 ]
[ 4, -1, 1, 1, 0, 7, 0, 0, 37 ]
[ -4, 1, -1, -1, -1, 3, 1, 0, 7 ]
[ -1, 0, -7, 4, -1, 1, 0, 0, 37 ]
[ -5, 0, 2, 4, -1, 1, 1, 0, 7 ]
[ -12, -1, 0, 1, 0, 7, 0, 0, 37 ]
[ 12, 1, 0, -5, 0, 2, 1, 0, 7 ]
[ 37, 0, 0, -4, 1, 0, 16, 0, 1 ]
[ 1, 9, 0, 0, 37, 0, 0, 4, 1 ]
[ 4, -1, 0, 1, 9, 0, 0, 4, 1 ]
[ 16, 0, 1, -4, 1, 0, -5, 0, 2 ]
[ -1, -9, 0, 0, -1, 9, 0, 0, 37 ]
[ 1, 9, 0, 0, 4, 1, 0, -1, 9 ]
[ 0, -1, 9, 1, 9, 0, 0, 0, 37 ]
[ 0, -4, -1, 1, 9, 0, 0, -1, 9 ]
[ 4, -1, 0, 0, 4, 1, -1, -1, 2 ]
[ 1, 0, 7, -4, 1, 0, 0, 0, 37 ]
[ 5, 0, -2, -4, 1, 0, 1, 0, 7 ]
[ -1, -1, 2, 0, -1, 9, 0, 0, 37 ]
[ 1, 1, -2, 0, 4, 1, 0, -1, 9 ]
[ -1, 0, -7, -1, -1, 2, 0, 0, 37 ]
[ 4, -1, 0, 1, 0, 7, 0, 0, 37 ]
[ -4, 1, 0, -1, -1, 2, 1, 0, 7 ]
[ 37, 0, 0, 17, 1, 0, 16, 0, 1 ]
[ 17, 1, 0, -3, 2, 0, -1, -1, 1 ]
[ 16, 0, 1, 17, 1, 0, -5, 0, 2 ]
[ 1, -13, 0, 0, 37, 0, 0, -14, 1 ]
[ 3, -2, 0, -1, 13, 0, -1, -1, 1 ]
[ -1, -1, 1, 1, 0, 7, 0, 0, 37 ]
[ 1, 1, -1, -3, 2, 0, 1, 0, 7 ]
[ -17, -1, 0, -1, -1, 1, -5, 0, 2 ]
[ 1, 0, 7, 17, 1, 0, 0, 0, 37 ]
[ 5, 0, -2, 17, 1, 0, 1, 0, 7 ]
[ -1, 13, 0, 0, -14, 1, 0, -5, 3 ]
[ 1, 1, -1, -1, 13, 0, 0, -5, 3 ]
[ -1, 0, -7, -1, -1, 1, 0, 0, 37 ]
[ -3, 2, 0, -1, -1, 1, 1, 0, 7 ]
[ -1, 1, 22, -3, 2, 0, 0, 0, 37 ]
[ 1, 0, 7, -1, 1, 22, 0, 0, 37 ]
[ 1, 0, 7, -3, 2, 0, -1, 1, 22 ]
[ -1, 0, -7, -1, -1, 1, 0, 0, 37 ]
[ -5, 0, 2, -1, -1, 1, 1, 0, 7 ]
[ -17, -1, 0, 1, 0, 7, 0, 0, 37 ]
[ 17, 1, 0, -5, 0, 2, 1, 0, 7 ]
[ -1, 13, 0, 0, -1, 8, 0, 0, 37 ]
[ -1, 13, 0, 0, -5, 3, 0, -1, 8 ]
[ 0, 1, -8, -1, 13, 0, 0, 0, 37 ]
[ 0, 5, -3, -1, 13, 0, 0, -1, 8 ]
[ -1, -1, 1, 0, -1, 8, 0, 0, 37 ]
[ -1, -1, 1, 0, -5, 3, 0, -1, 8 ]
[ 1, -1, -22, 1, 0, 7, 0, 0, 37 ]
[ 3, -2, 0, -1, 1, 22, 0, 0, 37 ]
[ 3, -2, 0, 1, 0, 7, -1, 1, 22 ]
[ 1, 1, 0, 0, 37, 0, 0, -16, 1 ]
[ 37, 0, 0, 1, 1, 0, 16, 0, 1 ]
[ -1, -1, 0, 0, -16, 1, 0, 5, 2 ]
[ 16, 0, 1, 1, 1, 0, -5, 0, 2 ]
[ -1, -1, 0, 0, -1, 7, 0, 0, 37 ]
[ 1, 1, 0, 0, 5, 2, 0, -1, 7 ]
[ 1, 0, 7, 1, 1, 0, 0, 0, 37 ]
[ 5, 0, -2, 1, 1, 0, 1, 0, 7 ]
[ 37, 0, 0, -15, 1, 0, 16, 0, 1 ]
[ 15, -1, 0, 7, 2, 0, 1, 1, 1 ]
[ 16, 0, 1, -15, 1, 0, -5, 0, 2 ]
[ 1, -5, 0, 0, 37, 0, 0, 6, 1 ]
[ 7, 2, 0, -1, 5, 0, 1, 1, 1 ]
[ -1, -1, -1, 1, 0, 7, 0, 0, 37 ]
[ -1, -1, -1, 7, 2, 0, 1, 0, 7 ]
[ 15, -1, 0, 1, 1, 1, -5, 0, 2 ]
[ 1, 0, 7, -15, 1, 0, 0, 0, 37 ]
[ 5, 0, -2, -15, 1, 0, 1, 0, 7 ]
[ -1, 5, 0, 0, -1, 6, 0, 0, 37 ]
[ 1, -5, 0, 0, 6, 1, 0, -1, 6 ]
[ 0, 1, -6, -1, 5, 0, 0, 0, 37 ]
[ -1, -1, -1, 0, -1, 6, 0, 0, 37 ]
[ 1, 1, 1, -1, 5, 0, 0, -1, 6 ]
[ 1, 0, 7, 1, 1, 1, 0, 0, 37 ]
[ 7, 2, 0, 1, 1, 1, 1, 0, 7 ]
[ 4, 1, 22, 7, 2, 0, 0, 0, 37 ]
[ 1, 0, 7, 4, 1, 22, 0, 0, 37 ]
[ 1, 0, 7, 7, 2, 0, 4, 1, 22 ]
[ 1, 0, 7, 1, 1, 1, 0, 0, 37 ]
[ 5, 0, -2, 1, 1, 1, 1, 0, 7 ]
[ 15, -1, 0, 1, 0, 7, 0, 0, 37 ]
[ -15, 1, 0, -5, 0, 2, 1, 0, 7 ]
[ -4, -1, -22, 1, 0, 7, 0, 0, 37 ]
[ -7, -2, 0, 4, 1, 22, 0, 0, 37 ]
[ -7, -2, 0, 1, 0, 7, 4, 1, 22 ]
[ 37, 0, 0, 6, 1, 0, 16, 0, 1 ]
[ 1, -6, 0, 0, 37, 0, 0, -15, 1 ]
[ 6, 1, 0, -1, 6, 0, -2, -3, 1 ]
[ 16, 0, 1, 6, 1, 0, -5, 0, 2 ]
[ -1, 6, 0, 0, -15, 1, 0, 7, 2 ]
[ -2, -3, 1, 1, 1, 2, 0, 0, 37 ]
[ 2, 3, -1, -1, 6, 0, 1, 1, 2 ]
[ -1, -1, -2, -2, -3, 1, 0, 0, 37 ]
[ -6, -1, 0, -2, -3, 1, 1, 1, 2 ]
[ 1, 0, 7, 6, 1, 0, 0, 0, 37 ]
[ 5, 0, -2, 6, 1, 0, 1, 0, 7 ]
[ -1, 6, 0, 0, -1, 5, 0, 0, 37 ]
[ 1, -6, 0, 0, 7, 2, 0, -1, 5 ]
[ 0, 1, -5, -1, 6, 0, 0, 0, 37 ]
[ -1, -1, -2, 0, -1, 5, 0, 0, 37 ]
[ 1, 1, 2, -1, 6, 0, 0, -1, 5 ]
[ 1, 0, 7, 1, 1, 2, 0, 0, 37 ]
[ -6, -1, 0, 1, 0, 7, 0, 0, 37 ]
[ 6, 1, 0, 1, 1, 2, 1, 0, 7 ]
[ 37, 0, 0, -10, 1, 0, 16, 0, 1 ]
[ 10, -1, 0, -3, 4, 0, -4, 2, 1 ]
[ 16, 0, 1, -10, 1, 0, -5, 0, 2 ]
[ 1, 11, 0, 0, 37, 0, 0, 9, 1 ]
[ 3, -4, 0, 1, 11, 0, -1, -2, 1 ]
[ 4, -2, -1, -3, 4, 0, 0, -1, 4 ]
[ 10, -1, 0, -4, 2, 1, 5, -1, 2 ]
[ 1, 0, 7, -10, 1, 0, 0, 0, 37 ]
[ 5, 0, -2, -10, 1, 0, 1, 0, 7 ]
[ -1, -11, 0, 0, -1, 4, 0, 0, 37 ]
[ 1, 11, 0, 0, 9, 1, 0, -1, 4 ]
[ 0, -1, 4, 1, 11, 0, 0, 0, 37 ]
[ -1, -2, 1, 0, -1, 4, 0, 0, 37 ]
[ 1, 2, -1, 1, 11, 0, 0, -1, 4 ]
[ 0, 1, -4, -1, -2, 1, 0, 0, 37 ]
[ -3, 4, 0, -1, -2, 1, 0, -1, 4 ]
[ 1, -1, 11, -3, 4, 0, 0, 0, 37 ]
[ 0, -1, 4, 1, -1, 11, 0, 0, 37 ]
[ 0, 1, -4, -3, 4, 0, 1, -1, 11 ]
[ -1, 1, -11, 0, -1, 4, 0, 0, 37 ]
[ -4, 2, 1, 0, -1, 4, 1, -1, 11 ]
[ 5, -1, 2, 1, 0, 7, 0, 0, 37 ]
[ 5, -1, 2, -4, 2, 1, 1, 0, 7 ]
[ -1, 0, -7, 5, -1, 2, 0, 0, 37 ]
[ 10, -1, 0, 1, 0, 7, 0, 0, 37 ]
[ -10, 1, 0, 5, -1, 2, 1, 0, 7 ]
[ 3, -4, 0, 1, -1, 11, 0, 0, 37 ]
[ -3, 4, 0, 0, -1, 4, 1, -1, 11 ]
[ -1, 1, -11, 0, -1, 4, 0, 0, 37 ]
[ -2, 1, 19, 1, -1, 11, 0, 0, 37 ]
[ -4, 2, 1, 1, -1, 11, -2, 1, 19 ]
[ 1, 0, 7, -2, 1, 19, 0, 0, 37 ]
[ 1, 0, 7, -4, 2, 1, -2, 1, 19 ]
[ 37, 0, 0, 11, 1, 0, 16, 0, 1 ]
[ 11, 1, 0, -4, 3, 0, 5, -1, 1 ]
[ 16, 0, 1, 11, 1, 0, -5, 0, 2 ]
[ 1, -10, 0, 0, 37, 0, 0, 12, 1 ]
[ 4, -3, 0, -1, 10, 0, 1, 2, 1 ]
[ 5, -1, 1, -4, 3, 0, 0, -1, 3 ]
[ -11, -1, 0, 5, -1, 1, -5, 0, 2 ]
[ 1, 0, 7, 11, 1, 0, 0, 0, 37 ]
[ 5, 0, -2, 11, 1, 0, 1, 0, 7 ]
[ -1, 10, 0, 0, -1, 3, 0, 0, 37 ]
[ 1, -10, 0, 0, 12, 1, 0, -1, 3 ]
[ 0, 1, -3, -1, 10, 0, 0, 0, 37 ]
[ -1, -2, -1, 0, -1, 3, 0, 0, 37 ]
[ 1, 2, 1, -1, 10, 0, 0, -1, 3 ]
[ 0, -1, 3, 1, 2, 1, 0, 0, 37 ]
[ 4, -3, 0, 1, 2, 1, 0, -1, 3 ]
[ -1, 1, -10, -4, 3, 0, 0, 0, 37 ]
[ 0, -1, 3, 1, -1, 10, 0, 0, 37 ]
[ 0, 1, -3, -4, 3, 0, 1, -1, 10 ]
[ -1, 0, -7, 0, -1, 3, 0, 0, 37 ]
[ 5, -1, 1, 1, 0, 7, 0, 0, 37 ]
[ -5, 1, -1, 0, -1, 3, 1, 0, 7 ]
[ -1, 0, -7, 5, -1, 1, 0, 0, 37 ]
[ -5, 0, 2, 5, -1, 1, 1, 0, 7 ]
[ -11, -1, 0, 1, 0, 7, 0, 0, 37 ]
[ 11, 1, 0, -5, 0, 2, 1, 0, 7 ]
[ -1, 1, -10, 0, -1, 3, 0, 0, 37 ]
[ -4, 3, 0, 1, -1, 10, 0, 0, 37 ]
[ -4, 3, 0, 0, -1, 3, 1, -1, 10 ]
[ 37, 0, 0, -5, 1, 0, 16, 0, 1 ]
[ 1, 3, 1, 2, 7, 0, 0, 0, 37 ]
[ 5, -1, 0, 2, 7, 0, 1, 3, 1 ]
[ 16, 0, 1, -5, 1, 0, -5, 0, 2 ]
[ 1, 22, 0, 0, 37, 0, 0, 18, 1 ]
[ -2, -7, 0, -1, -4, 1, 0, 0, 37 ]
[ 2, 7, 0, 1, 22, 0, -1, -4, 1 ]
[ 0, -1, 2, 1, 3, 1, 0, 0, 37 ]
[ 5, -1, 0, 1, 3, 1, 0, -1, 2 ]
[ 1, 0, 7, -5, 1, 0, 0, 0, 37 ]
[ 5, 0, -2, -5, 1, 0, 1, 0, 7 ]
[ -1, -22, 0, 0, -1, 2, 0, 0, 37 ]
[ 1, 22, 0, 0, 18, 1, 0, -1, 2 ]
[ 0, -1, 2, 1, 22, 0, 0, 0, 37 ]
[ -1, -4, 1, 0, -1, 2, 0, 0, 37 ]
[ 1, 4, -1, 1, 22, 0, 0, -1, 2 ]
[ -1, 0, -7, 0, -1, 2, 0, 0, 37 ]
[ 5, -1, 0, 1, 0, 7, 0, 0, 37 ]
[ -5, 1, 0, 0, -1, 2, 1, 0, 7 ]
[ 37, 0, 0, 16, 1, 0, 16, 0, 1 ]
[ 16, 1, 0, -5, 2, 0, 0, -1, 1 ]
[ 16, 0, 1, 16, 1, 0, -5, 0, 2 ]
[ -1, -7, 0, 0, -1, 1, 0, 0, 37 ]
[ 1, 7, 0, 0, 37, 0, 0, -1, 1 ]
[ 0, -1, 1, 1, 7, 0, 0, 0, 37 ]
[ 5, -2, 0, 1, 7, 0, 0, -1, 1 ]
[ 0, -1, 1, 1, 0, 7, 0, 0, 37 ]
[ 0, 1, -1, -5, 2, 0, 1, 0, 7 ]
[ -16, -1, 0, 0, -1, 1, -5, 0, 2 ]
[ 1, 0, 7, 16, 1, 0, 0, 0, 37 ]
[ 5, 0, -2, 16, 1, 0, 1, 0, 7 ]
[ -1, 0, -7, 0, -1, 1, 0, 0, 37 ]
[ -5, 2, 0, 0, -1, 1, 1, 0, 7 ]
[ -2, 1, 22, -5, 2, 0, 0, 0, 37 ]
[ 1, 0, 7, -2, 1, 22, 0, 0, 37 ]
[ 1, 0, 7, -5, 2, 0, -2, 1, 22 ]
[ -1, 0, -7, 0, -1, 1, 0, 0, 37 ]
[ -5, 0, 2, 0, -1, 1, 1, 0, 7 ]
[ -16, -1, 0, 1, 0, 7, 0, 0, 37 ]
[ 16, 1, 0, -5, 0, 2, 1, 0, 7 ]
[ 2, -1, -22, 1, 0, 7, 0, 0, 37 ]
[ 5, -2, 0, -2, 1, 22, 0, 0, 37 ]
[ 5, -2, 0, 1, 0, 7, -2, 1, 22 ]
[ 37, 0, 0, 0, 1, 0, 14, 0, 1 ]
[ 14, 0, 1, 0, 1, 0, 5, 0, 3 ]
[ 1, 0, 8, 0, 1, 0, 0, 0, 37 ]
[ 5, 0, 3, 0, 1, 0, 1, 0, 8 ]
[ 37, 0, 0, -14, 1, 0, 14, 0, 1 ]
[ 14, -1, 0, -5, 3, 0, 0, 1, 1 ]
[ 14, 0, 1, -14, 1, 0, 5, 0, 3 ]
[ 1, -8, 0, 0, 1, 1, 0, 0, 37 ]
[ 1, -8, 0, 0, 37, 0, 0, 1, 1 ]
[ 0, 1, 1, -1, 8, 0, 0, 0, 37 ]
[ 5, -3, 0, -1, 8, 0, 0, 1, 1 ]
[ 0, -1, -1, 1, -1, 7, 0, 0, 37 ]
[ 0, 1, 1, -5, 3, 0, 1, -1, 7 ]
[ 14, -1, 0, 0, 1, 1, 5, 0, 3 ]
[ 1, 0, 8, -14, 1, 0, 0, 0, 37 ]
[ 5, 0, 3, -14, 1, 0, 1, 0, 8 ]
[ 1, -1, 7, 0, 1, 1, 0, 0, 37 ]
[ 5, -3, 0, 0, 1, 1, 1, -1, 7 ]
[ 2, -1, -22, -5, 3, 0, 0, 0, 37 ]
[ -1, 1, -7, -2, 1, 22, 0, 0, 37 ]
[ -1, 1, -7, -5, 3, 0, -2, 1, 22 ]
[ 1, 0, 8, 0, 1, 1, 0, 0, 37 ]
[ 5, 0, 3, 0, 1, 1, 1, 0, 8 ]
[ 14, -1, 0, 1, 0, 8, 0, 0, 37 ]
[ 14, -1, 0, 5, 0, 3, 1, 0, 8 ]
[ -2, 1, 22, 1, -1, 7, 0, 0, 37 ]
[ -5, 3, 0, -2, 1, 22, 0, 0, 37 ]
[ -5, 3, 0, 1, -1, 7, -2, 1, 22 ]
[ 37, 0, 0, 9, 1, 0, 14, 0, 1 ]
[ 1, -4, 0, 0, 37, 0, 0, -18, 1 ]
[ 9, 1, 0, -1, 4, 0, -4, -2, 1 ]
[ 14, 0, 1, 9, 1, 0, 5, 0, 3 ]
[ 1, -4, 0, 0, 1, 2, 0, 0, 37 ]
[ -1, 4, 0, 0, -18, 1, 0, 1, 2 ]
[ 0, 1, 2, -1, 4, 0, 0, 0, 37 ]
[ 4, 2, -1, -1, 4, 0, 0, 1, 2 ]
[ -9, -1, 0, -4, -2, 1, -4, -1, 3 ]
[ 1, 0, 8, 9, 1, 0, 0, 0, 37 ]
[ 5, 0, 3, 9, 1, 0, 1, 0, 8 ]
[ 1, 1, 10, 0, 1, 2, 0, 0, 37 ]
[ 4, 2, -1, 0, 1, 2, 1, 1, 10 ]
[ -4, -1, 3, -3, -1, 11, 0, 0, 37 ]
[ -4, -1, 3, -4, -2, 1, -3, -1, 11 ]
[ -1, 0, -8, -4, -1, 3, 0, 0, 37 ]
[ -9, -1, 0, 1, 0, 8, 0, 0, 37 ]
[ -9, -1, 0, -4, -1, 3, 1, 0, 8 ]
[ 2, 1, -19, 1, 1, 10, 0, 0, 37 ]
[ 4, 2, -1, 1, 1, 10, -2, -1, 19 ]
[ -3, -1, 11, -2, -1, 19, 0, 0, 37 ]
[ -3, -1, 11, -4, -2, 1, -2, -1, 19 ]
[ 37, 0, 0, -5, 1, 0, 14, 0, 1 ]
[ 5, -1, 0, 2, 7, 0, -1, 3, 1 ]
[ 14, 0, 1, -5, 1, 0, 5, 0, 3 ]
[ 1, 22, 0, 0, 37, 0, 0, -12, 1 ]
[ 2, 7, 0, 1, 22, 0, 1, 10, 1 ]
[ 1, -3, -1, 0, 1, 3, 0, 0, 37 ]
[ 1, -3, -1, 2, 7, 0, 0, 1, 3 ]
[ 0, 1, 3, -1, 3, 1, 0, 0, 37 ]
[ 5, -1, 0, -1, 3, 1, 0, 1, 3 ]
[ 1, 0, 8, -5, 1, 0, 0, 0, 37 ]
[ 5, 0, 3, -5, 1, 0, 1, 0, 8 ]
[ 1, 22, 0, 0, 1, 3, 0, 0, 37 ]
[ -1, -22, 0, 0, -12, 1, 0, 1, 3 ]
[ 0, -1, -3, 1, 22, 0, 0, 0, 37 ]
[ 1, 10, 1, 0, 1, 3, 0, 0, 37 ]
[ 1, 10, 1, 1, 22, 0, 0, 1, 3 ]
[ 0, -1, -3, 1, 10, 1, 0, 0, 37 ]
[ 2, 7, 0, 1, 10, 1, 0, 1, 3 ]
[ -1, -4, -20, 2, 7, 0, 0, 0, 37 ]
[ 0, -1, -3, 1, 4, 20, 0, 0, 37 ]
[ 0, -1, -3, 2, 7, 0, 1, 4, 20 ]
[ 1, 0, 8, 0, 1, 3, 0, 0, 37 ]
[ 5, -1, 0, 1, 0, 8, 0, 0, 37 ]
[ 5, -1, 0, 0, 1, 3, 1, 0, 8 ]
[ 1, 4, 20, 0, 1, 3, 0, 0, 37 ]
[ 2, 7, 0, 1, 4, 20, 0, 0, 37 ]
[ 2, 7, 0, 0, 1, 3, 1, 4, 20 ]
[ 37, 0, 0, 18, 1, 0, 14, 0, 1 ]
[ 1, -2, 0, 0, 37, 0, 0, -9, 1 ]
[ 18, 1, 0, -1, 2, 0, -4, -1, 1 ]
[ 14, 0, 1, 18, 1, 0, 5, 0, 3 ]
[ 1, -2, 0, 0, 1, 4, 0, 0, 37 ]
[ -1, 2, 0, 0, -9, 1, 0, 1, 4 ]
[ 0, 1, 4, -1, 2, 0, 0, 0, 37 ]
[ 4, 1, -1, -1, 2, 0, 0, 1, 4 ]
[ -18, -1, 0, -4, -1, 1, 5, 0, 3 ]
[ 1, 0, 8, 18, 1, 0, 0, 0, 37 ]
[ 5, 0, 3, 18, 1, 0, 1, 0, 8 ]
[ 1, 0, 8, 0, 1, 4, 0, 0, 37 ]
[ -4, -1, 1, 1, 0, 8, 0, 0, 37 ]
[ 4, 1, -1, 0, 1, 4, 1, 0, 8 ]
[ -1, 0, -8, -4, -1, 1, 0, 0, 37 ]
[ -5, 0, -3, -4, -1, 1, 1, 0, 8 ]
[ -18, -1, 0, 1, 0, 8, 0, 0, 37 ]
[ -18, -1, 0, 5, 0, 3, 1, 0, 8 ]
[ 37, 0, 0, 4, 1, 0, 14, 0, 1 ]
[ 1, -9, 0, 0, 37, 0, 0, 15, 1 ]
[ 4, 1, 0, -1, 9, 0, 2, -3, 1 ]
[ 14, 0, 1, 4, 1, 0, 5, 0, 3 ]
[ 1, -9, 0, 0, 15, 1, 0, -7, 2 ]
[ 2, -3, 1, -1, 2, 2, 0, 0, 37 ]
[ 2, -3, 1, -1, 9, 0, -1, 2, 2 ]
[ -1, 1, -3, 2, -3, 1, 0, 0, 37 ]
[ -4, -1, 0, 2, -3, 1, 1, -1, 3 ]
[ 1, 0, 8, 4, 1, 0, 0, 0, 37 ]
[ 5, 0, 3, 4, 1, 0, 1, 0, 8 ]
[ 1, -9, 0, 0, 1, 5, 0, 0, 37 ]
[ -1, 9, 0, 0, -7, 2, 0, 1, 5 ]
[ 0, 1, 5, -1, 9, 0, 0, 0, 37 ]
[ 1, -2, -2, 0, 1, 5, 0, 0, 37 ]
[ 1, -2, -2, -1, 9, 0, 0, 1, 5 ]
[ -1, 0, -8, 1, -1, 3, 0, 0, 37 ]
[ -4, -1, 0, 1, 0, 8, 0, 0, 37 ]
[ -4, -1, 0, 1, -1, 3, 1, 0, 8 ]
[ 37, 0, 0, -10, 1, 0, 14, 0, 1 ]
[ 10, -1, 0, -3, 4, 0, -6, 2, 1 ]
[ 14, 0, 1, -10, 1, 0, 5, 0, 3 ]
[ 1, 11, 0, 0, 37, 0, 0, -6, 1 ]
[ 3, -4, 0, 1, 11, 0, 0, -6, 1 ]
[ 1, -1, 2, -3, 4, 0, 0, 0, 37 ]
[ 6, -2, -1, -3, 4, 0, 1, -1, 2 ]
[ 10, -1, 0, -6, 2, 1, -5, 1, 3 ]
[ 1, 0, 8, -10, 1, 0, 0, 0, 37 ]
[ 5, 0, 3, -10, 1, 0, 1, 0, 8 ]
[ 1, 11, 0, 0, 1, 6, 0, 0, 37 ]
[ -1, -11, 0, 0, -6, 1, 0, 1, 6 ]
[ 0, -1, -6, 1, 11, 0, 0, 0, 37 ]
[ 0, -6, 1, 1, 11, 0, 0, 1, 6 ]
[ 3, -4, 0, 1, -1, 2, 0, 0, 37 ]
[ -3, 4, 0, 0, -6, 1, 1, -1, 2 ]
[ -2, 1, -10, 1, -1, 2, 0, 0, 37 ]
[ -6, 2, 1, 1, -1, 2, 2, -1, 10 ]
[ 5, -1, -3, -4, 1, 11, 0, 0, 37 ]
[ 5, -1, -3, -6, 2, 1, -4, 1, 11 ]
[ 1, 0, 8, -5, 1, 3, 0, 0, 37 ]
[ 10, -1, 0, 1, 0, 8, 0, 0, 37 ]
[ 10, -1, 0, -5, 1, 3, 1, 0, 8 ]
[ 1, -1, 2, 0, 1, 6, 0, 0, 37 ]
[ -1, 1, -2, 0, -6, 1, 0, 1, 6 ]
[ -3, 1, 19, 2, -1, 10, 0, 0, 37 ]
[ -6, 2, 1, 2, -1, 10, -3, 1, 19 ]
[ 4, -1, -11, -3, 1, 19, 0, 0, 37 ]
[ 4, -1, -11, -6, 2, 1, -3, 1, 19 ]
[ 37, 0, 0, 13, 1, 0, 14, 0, 1 ]
[ 13, 1, 0, 2, 3, 0, 1, -1, 1 ]
[ 14, 0, 1, 13, 1, 0, 5, 0, 3 ]
[ 1, 20, 0, 0, 37, 0, 0, 16, 1 ]
[ 2, 3, 0, 1, 20, 0, -1, -4, 1 ]
[ 1, -1, 1, 0, 1, 7, 0, 0, 37 ]
[ 1, -1, 1, 2, 3, 0, 0, 1, 7 ]
[ -13, -1, 0, 1, -1, 1, 5, 0, 3 ]
[ 1, 0, 8, 13, 1, 0, 0, 0, 37 ]
[ 5, 0, 3, 13, 1, 0, 1, 0, 8 ]
[ 1, 20, 0, 0, 16, 1, 0, -5, 2 ]
[ 1, 4, -1, 1, 20, 0, 0, -5, 2 ]
[ 0, 1, 7, -1, -4, 1, 0, 0, 37 ]
[ -2, -3, 0, -1, -4, 1, 0, 1, 7 ]
[ -1, -2, -22, 2, 3, 0, 0, 0, 37 ]
[ 0, -1, -7, 1, 2, 22, 0, 0, 37 ]
[ 0, -1, -7, 2, 3, 0, 1, 2, 22 ]
[ -1, 0, -8, 1, -1, 1, 0, 0, 37 ]
[ -5, 0, -3, 1, -1, 1, 1, 0, 8 ]
[ -13, -1, 0, 1, 0, 8, 0, 0, 37 ]
[ -13, -1, 0, 5, 0, 3, 1, 0, 8 ]
[ 1, 20, 0, 0, 1, 7, 0, 0, 37 ]
[ -1, -20, 0, 0, -5, 2, 0, 1, 7 ]
[ 0, -1, -7, 1, 20, 0, 0, 0, 37 ]
[ 0, -5, 2, 1, 20, 0, 0, 1, 7 ]
[ 1, 4, -1, 0, 1, 7, 0, 0, 37 ]
[ -1, -4, 1, 0, -5, 2, 0, 1, 7 ]
[ 1, 2, 22, 0, 1, 7, 0, 0, 37 ]
[ 2, 3, 0, 1, 2, 22, 0, 0, 37 ]
[ 2, 3, 0, 0, 1, 7, 1, 2, 22 ]
[ 1, -1, 0, 0, 37, 0, 0, 14, 1 ]
[ 37, 0, 0, -1, 1, 0, 14, 0, 1 ]
[ 1, -1, 0, 0, 14, 1, 0, 5, 3 ]
[ 14, 0, 1, -1, 1, 0, 5, 0, 3 ]
[ 1, -1, 0, 0, 1, 8, 0, 0, 37 ]
[ 1, -1, 0, 0, 5, 3, 0, 1, 8 ]
[ 1, 0, 8, -1, 1, 0, 0, 0, 37 ]
[ 5, 0, 3, -1, 1, 0, 1, 0, 8 ]
[ 37, 0, 0, -15, 1, 0, 14, 0, 1 ]
[ 15, -1, 0, 7, 2, 0, -1, 1, 1 ]
[ 14, 0, 1, -15, 1, 0, 5, 0, 3 ]
[ 1, -5, 0, 0, 37, 0, 0, -4, 1 ]
[ 7, 2, 0, -1, 5, 0, -1, 1, 1 ]
[ -3, -1, 4, 7, 2, 0, 0, 0, 37 ]
[ 1, -1, -1, 7, 2, 0, -3, -1, 4 ]
[ 15, -1, 0, -1, 1, 1, 5, 0, 3 ]
[ 1, 0, 8, -15, 1, 0, 0, 0, 37 ]
[ 5, 0, 3, -15, 1, 0, 1, 0, 8 ]
[ 1, -5, 0, 0, 1, 9, 0, 0, 37 ]
[ -1, 5, 0, 0, -4, 1, 0, 1, 9 ]
[ 0, 1, 9, -1, 5, 0, 0, 0, 37 ]
[ 1, -1, -1, 0, 1, 9, 0, 0, 37 ]
[ 1, -1, -1, -1, 5, 0, 0, 1, 9 ]
[ -7, -2, 0, -3, -1, 4, 0, 0, 37 ]
[ 7, 2, 0, -1, 1, 1, -3, -1, 4 ]
[ -1, 0, -8, -3, -1, 4, 0, 0, 37 ]
[ 1, -1, -1, 1, 0, 8, 0, 0, 37 ]
[ -1, 1, 1, -3, -1, 4, 1, 0, 8 ]
[ 1, 0, 8, -1, 1, 1, 0, 0, 37 ]
[ 5, 0, 3, -1, 1, 1, 1, 0, 8 ]
[ 15, -1, 0, 1, 0, 8, 0, 0, 37 ]
[ 15, -1, 0, 5, 0, 3, 1, 0, 8 ]
[ -3, -1, 4, 1, 0, 8, 0, 0, 37 ]
[ 3, 1, -4, -1, 1, 1, 1, 0, 8 ]
[ 1, 0, 8, -1, 1, 1, 0, 0, 37 ]
[ 37, 0, 0, 8, 1, 0, 14, 0, 1 ]
[ 8, 1, 0, 3, 5, 0, -2, -2, 1 ]
[ 14, 0, 1, 8, 1, 0, 5, 0, 3 ]
[ 1, 14, 0, 0, 37, 0, 0, -11, 1 ]
[ 3, 5, 0, 1, 14, 0, 1, 3, 1 ]
[ 2, 3, 9, 3, 5, 0, 0, 0, 37 ]
[ 2, 2, -1, 3, 5, 0, 2, 3, 9 ]
[ -8, -1, 0, -2, -2, 1, -3, -1, 3 ]
[ 1, 0, 8, 8, 1, 0, 0, 0, 37 ]
[ 5, 0, 3, 8, 1, 0, 1, 0, 8 ]
[ -1, -14, 0, 0, -11, 1, 0, 4, 3 ]
[ 1, 3, 1, 1, 14, 0, 0, 4, 3 ]
[ 1, 2, -9, 1, 3, 1, 0, 0, 37 ]
[ -3, -5, 0, -1, -2, 9, 0, 0, 37 ]
[ 3, 5, 0, 1, 3, 1, -1, -2, 9 ]
[ 1, 1, -19, 2, 3, 9, 0, 0, 37 ]
[ 2, 2, -1, 2, 3, 9, -1, -1, 19 ]
[ -3, -1, 3, -2, -1, 11, 0, 0, 37 ]
[ -3, -1, 3, -2, -2, 1, -2, -1, 11 ]
[ -1, 0, -8, -3, -1, 3, 0, 0, 37 ]
[ -8, -1, 0, 1, 0, 8, 0, 0, 37 ]
[ -8, -1, 0, -3, -1, 3, 1, 0, 8 ]
[ 1, 14, 0, 0, 1, 10, 0, 0, 37 ]
[ 1, 14, 0, 0, 4, 3, 0, 1, 10 ]
[ 0, -1, -10, 1, 14, 0, 0, 0, 37 ]
[ 0, -4, -3, 1, 14, 0, 0, 1, 10 ]
[ 1, 3, 1, 0, 1, 10, 0, 0, 37 ]
[ 1, 3, 1, 0, 4, 3, 0, 1, 10 ]
[ -2, -1, 11, -1, -1, 19, 0, 0, 37 ]
[ -2, -1, 11, -2, -2, 1, -1, -1, 19 ]
[ 37, 0, 0, -6, 1, 0, 14, 0, 1 ]
[ 1, 6, 0, 0, 37, 0, 0, -10, 1 ]
[ 6, -1, 0, 1, 6, 0, 2, 2, 1 ]
[ 14, 0, 1, -6, 1, 0, 5, 0, 3 ]
[ -1, -6, 0, 0, -10, 1, 0, -3, 4 ]
[ 2, 2, 1, 1, 6, 0, 1, 3, 4 ]
[ 6, -1, 0, 2, 2, 1, -1, 1, 3 ]
[ 1, 0, 8, -6, 1, 0, 0, 0, 37 ]
[ 5, 0, 3, -6, 1, 0, 1, 0, 8 ]
[ 1, 6, 0, 0, 1, 11, 0, 0, 37 ]
[ -1, -6, 0, 0, -3, 4, 0, 1, 11 ]
[ 0, -1, -11, 1, 6, 0, 0, 0, 37 ]
[ 1, 3, 4, 0, 1, 11, 0, 0, 37 ]
[ 1, 3, 4, 1, 6, 0, 0, 1, 11 ]
[ 0, -1, -11, 1, 3, 4, 0, 0, 37 ]
[ 2, 2, 1, 1, 3, 4, 0, 1, 11 ]
[ 1, -1, -3, 0, 1, 11, 0, 0, 37 ]
[ 1, -1, -3, 2, 2, 1, 0, 1, 11 ]
[ 1, 0, 8, -1, 1, 3, 0, 0, 37 ]
[ 6, -1, 0, 1, 0, 8, 0, 0, 37 ]
[ 6, -1, 0, -1, 1, 3, 1, 0, 8 ]
[ 1, 1, 19, 0, 1, 11, 0, 0, 37 ]
[ 2, 2, 1, 0, 1, 11, 1, 1, 19 ]
[ 0, -1, -11, 1, 1, 19, 0, 0, 37 ]
[ 0, -1, -11, 2, 2, 1, 1, 1, 19 ]
[ 37, 0, 0, 17, 1, 0, 14, 0, 1 ]
[ 17, 1, 0, -3, 2, 0, -3, -1, 1 ]
[ 14, 0, 1, 17, 1, 0, 5, 0, 3 ]
[ 1, -13, 0, 0, 37, 0, 0, -3, 1 ]
[ 3, -2, 0, -1, 13, 0, 0, -3, 1 ]
[ -1, 1, 4, -3, 2, 0, 0, 0, 37 ]
[ 3, 1, -1, -3, 2, 0, -1, 1, 4 ]
[ -17, -1, 0, -3, -1, 1, 5, 0, 3 ]
[ 1, 0, 8, 17, 1, 0, 0, 0, 37 ]
[ 5, 0, 3, 17, 1, 0, 1, 0, 8 ]
[ 1, -13, 0, 0, 1, 12, 0, 0, 37 ]
[ -1, 13, 0, 0, -3, 1, 0, 1, 12 ]
[ 0, 1, 12, -1, 13, 0, 0, 0, 37 ]
[ 0, 3, -1, -1, 13, 0, 0, 1, 12 ]
[ 3, -2, 0, -1, 1, 4, 0, 0, 37 ]
[ -3, 2, 0, 0, -3, 1, -1, 1, 4 ]
[ 1, 0, 8, -1, 1, 4, 0, 0, 37 ]
[ -3, -1, 1, 1, 0, 8, 0, 0, 37 ]
[ 3, 1, -1, -1, 1, 4, 1, 0, 8 ]
[ -1, 0, -8, -3, -1, 1, 0, 0, 37 ]
[ -5, 0, -3, -3, -1, 1, 1, 0, 8 ]
[ -17, -1, 0, 1, 0, 8, 0, 0, 37 ]
[ -17, -1, 0, 5, 0, 3, 1, 0, 8 ]
[ 1, -1, -4, 0, 1, 12, 0, 0, 37 ]
[ -1, 1, 4, 0, -3, 1, 0, 1, 12 ]
[ 37, 0, 0, 3, 1, 0, 14, 0, 1 ]
[ 1, -12, 0, 0, 37, 0, 0, -17, 1 ]
[ 3, 1, 0, -1, 12, 0, -1, -5, 1 ]
[ 14, 0, 1, 3, 1, 0, 5, 0, 3 ]
[ -1, 12, 0, 0, -17, 1, 0, 3, 2 ]
[ 1, 5, -1, -1, 12, 0, 0, 3, 2 ]
[ -3, -1, 0, -1, -5, 1, -1, -2, 3 ]
[ 1, 0, 8, 3, 1, 0, 0, 0, 37 ]
[ 5, 0, 3, 3, 1, 0, 1, 0, 8 ]
[ 1, -12, 0, 0, 1, 13, 0, 0, 37 ]
[ 1, -12, 0, 0, 3, 2, 0, 1, 13 ]
[ 0, 1, 13, -1, 12, 0, 0, 0, 37 ]
[ 0, 3, 2, -1, 12, 0, 0, 1, 13 ]
[ 1, 5, -1, 0, 1, 13, 0, 0, 37 ]
[ 1, 5, -1, 0, 3, 2, 0, 1, 13 ]
[ 0, 1, 13, -1, -5, 1, 0, 0, 37 ]
[ 1, 2, -3, 0, 1, 13, 0, 0, 37 ]
[ -1, -2, 3, -1, -5, 1, 0, 1, 13 ]
[ -3, -1, 0, 1, 0, 8, 0, 0, 37 ]
[ -3, -1, 0, -1, -2, 3, 1, 0, 8 ]
[ 0, 1, -24, -1, -2, 3, 0, 0, 37 ]
[ -1, 0, -8, 0, -1, 24, 0, 0, 37 ]
[ -1, 0, -8, -1, -2, 3, 0, -1, 24 ]
[ 37, 0, 0, -11, 1, 0, 14, 0, 1 ]
[ 11, -1, 0, 4, 3, 0, 3, 1, 1 ]
[ 14, 0, 1, -11, 1, 0, 5, 0, 3 ]
[ 1, 10, 0, 0, 37, 0, 0, 8, 1 ]
[ 4, 3, 0, 1, 10, 0, -1, -2, 1 ]
[ -3, -1, -1, -2, -1, 7, 0, 0, 37 ]
[ 3, 1, 1, 4, 3, 0, -2, -1, 7 ]
[ 11, -1, 0, 3, 1, 1, 5, 0, 3 ]
[ 1, 0, 8, -11, 1, 0, 0, 0, 37 ]
[ 5, 0, 3, -11, 1, 0, 1, 0, 8 ]
[ 1, 10, 0, 0, 8, 1, 0, 3, 5 ]
[ 1, 2, -1, 1, 10, 0, 0, 3, 5 ]
[ -4, -3, 0, -1, -2, 1, 2, 2, 7 ]
[ -1, -1, -22, 4, 3, 0, 0, 0, 37 ]
[ 2, 1, -7, 1, 1, 22, 0, 0, 37 ]
[ 2, 1, -7, 4, 3, 0, 1, 1, 22 ]
[ 1, 0, 8, 3, 1, 1, 0, 0, 37 ]
[ 5, 0, 3, 3, 1, 1, 1, 0, 8 ]
[ 11, -1, 0, 1, 0, 8, 0, 0, 37 ]
[ 11, -1, 0, 5, 0, 3, 1, 0, 8 ]
[ 1, 10, 0, 0, 1, 14, 0, 0, 37 ]
[ 1, 10, 0, 0, 3, 5, 0, 1, 14 ]
[ 0, -1, -14, 1, 10, 0, 0, 0, 37 ]
[ 0, -3, -5, 1, 10, 0, 0, 1, 14 ]
[ 1, 2, -1, 0, 1, 14, 0, 0, 37 ]
[ 1, 2, -1, 0, 3, 5, 0, 1, 14 ]
[ -1, -1, -22, -1, -2, 1, 0, 0, 37 ]
[ -2, -2, -7, -1, -2, 1, 1, 1, 22 ]
[ 4, 3, 0, 1, 1, 22, 0, 0, 37 ]
[ 4, 3, 0, 2, 2, 7, 1, 1, 22 ]
[ 37, 0, 0, 12, 1, 0, 14, 0, 1 ]
[ 1, -3, 0, 0, 37, 0, 0, 5, 1 ]
[ 12, 1, 0, -1, 3, 0, 2, -1, 1 ]
[ 14, 0, 1, 12, 1, 0, 5, 0, 3 ]
[ 1, -3, 0, 0, 5, 1, 0, -2, 7 ]
[ 2, -1, 1, -1, 1, 7, 0, 0, 37 ]
[ 2, -1, 1, -1, 3, 0, -1, 1, 7 ]
[ -12, -1, 0, 2, -1, 1, 5, 0, 3 ]
[ 1, 0, 8, 12, 1, 0, 0, 0, 37 ]
[ 5, 0, 3, 12, 1, 0, 1, 0, 8 ]
[ -1, 3, 0, 0, -1, 22, 0, 0, 37 ]
[ -1, 3, 0, 0, -2, 7, 0, -1, 22 ]
[ 1, -2, -22, -1, 3, 0, 0, 0, 37 ]
[ 1, -1, -7, -1, 2, 22, 0, 0, 37 ]
[ 1, -1, -7, -1, 3, 0, -1, 2, 22 ]
[ -1, 0, -8, 2, -1, 1, 0, 0, 37 ]
[ -5, 0, -3, 2, -1, 1, 1, 0, 8 ]
[ -12, -1, 0, 1, 0, 8, 0, 0, 37 ]
[ -12, -1, 0, 5, 0, 3, 1, 0, 8 ]
[ 37, 0, 0, -2, 1, 0, 14, 0, 1 ]
[ 1, -19, 0, 0, 37, 0, 0, 7, 1 ]
[ 2, -1, 0, -1, 19, 0, 0, 7, 1 ]
[ 14, 0, 1, -2, 1, 0, 5, 0, 3 ]
[ 1, -19, 0, 0, 7, 1, 0, -2, 5 ]
[ 0, 7, 1, -1, 19, 0, 0, -2, 5 ]
[ 2, -1, 0, 0, 7, 1, -1, 3, 3 ]
[ 1, 0, 8, -2, 1, 0, 0, 0, 37 ]
[ 5, 0, 3, -2, 1, 0, 1, 0, 8 ]
[ -1, 19, 0, 0, -1, 21, 0, 0, 37 ]
[ -1, 19, 0, 0, -2, 5, 0, -1, 21 ]
[ 0, 1, -21, -1, 19, 0, 0, 0, 37 ]
[ 0, 2, -5, -1, 19, 0, 0, -1, 21 ]
[ 1, -3, -3, 0, 7, 1, 0, -2, 5 ]
[ 2, -1, 0, -1, 1, 8, 0, 0, 37 ]
[ 2, -1, 0, -1, 3, 3, -1, 1, 8 ]
[ -1, 3, 3, 0, -1, 21, 0, 0, 37 ]
[ -1, 3, 3, 0, -2, 5, 0, -1, 21 ]
[ 1, -2, -24, -1, 3, 3, 0, 0, 37 ]
[ 1, -1, -8, -1, 2, 24, 0, 0, 37 ]
[ 1, -1, -8, -1, 3, 3, -1, 2, 24 ]
[ 37, 0, 0, -16, 1, 0, 14, 0, 1 ]
[ 16, -1, 0, 5, 2, 0, -2, 1, 1 ]
[ 14, 0, 1, -16, 1, 0, 5, 0, 3 ]
[ 1, -7, 0, 0, 37, 0, 0, -13, 1 ]
[ 5, 2, 0, -1, 7, 0, -2, 1, 1 ]
[ -2, -1, 4, 5, 2, 0, 0, 0, 37 ]
[ 2, -1, -1, 5, 2, 0, -2, -1, 4 ]
[ 16, -1, 0, -2, 1, 1, 5, 0, 3 ]
[ 1, 0, 8, -16, 1, 0, 0, 0, 37 ]
[ 5, 0, 3, -16, 1, 0, 1, 0, 8 ]
[ -1, 7, 0, 0, -13, 1, 0, -2, 3 ]
[ 2, -1, -1, -1, 7, 0, 0, -2, 3 ]
[ -5, -2, 0, -2, -1, 4, 0, 0, 37 ]
[ 5, 2, 0, -2, 1, 1, -2, -1, 4 ]
[ -1, 0, -8, -2, -1, 4, 0, 0, 37 ]
[ 2, -1, -1, 1, 0, 8, 0, 0, 37 ]
[ -2, 1, 1, -2, -1, 4, 1, 0, 8 ]
[ 1, 0, 8, -2, 1, 1, 0, 0, 37 ]
[ 5, 0, 3, -2, 1, 1, 1, 0, 8 ]
[ 16, -1, 0, 1, 0, 8, 0, 0, 37 ]
[ 16, -1, 0, 5, 0, 3, 1, 0, 8 ]
[ -1, 7, 0, 0, -1, 20, 0, 0, 37 ]
[ -1, 7, 0, 0, -2, 3, 0, -1, 20 ]
[ 0, 1, -20, -1, 7, 0, 0, 0, 37 ]
[ 0, 2, -3, -1, 7, 0, 0, -1, 20 ]
[ 2, -1, -1, -1, 1, 9, 0, 0, 37 ]
[ -2, 1, 1, 0, -2, 3, -1, 1, 9 ]
[ -2, -1, 4, 1, 0, 8, 0, 0, 37 ]
[ 2, 1, -4, -2, 1, 1, 1, 0, 8 ]
[ 1, 0, 8, -2, 1, 1, 0, 0, 37 ]
[ -1, 1, 9, 0, -1, 20, 0, 0, 37 ]
[ -1, 1, 9, 0, -2, 3, 0, -1, 20 ]
[ 37, 0, 0, 7, 1, 0, 14, 0, 1 ]
[ 7, 1, 0, -2, 5, 0, 0, -2, 1 ]
[ 14, 0, 1, 7, 1, 0, 5, 0, 3 ]
[ 1, -21, 0, 0, 37, 0, 0, -2, 1 ]
[ 2, -5, 0, -1, 21, 0, 0, -2, 1 ]
[ -1, 3, 9, -2, 5, 0, 0, 0, 37 ]
[ 0, 2, -1, -2, 5, 0, -1, 3, 9 ]
[ -7, -1, 0, 0, -2, 1, -2, -1, 3 ]
[ 1, 0, 8, 7, 1, 0, 0, 0, 37 ]
[ 5, 0, 3, 7, 1, 0, 1, 0, 8 ]
[ -1, 21, 0, 0, -1, 19, 0, 0, 37 ]
[ -1, 21, 0, 0, -2, 1, 0, -1, 19 ]
[ 0, 1, -19, -1, 21, 0, 0, 0, 37 ]
[ 0, 2, -1, -1, 21, 0, 0, -1, 19 ]
[ 2, -5, 0, -1, 3, 9, 0, 0, 37 ]
[ -2, 5, 0, 0, -2, 1, -1, 3, 9 ]
[ 0, 1, -19, -1, 3, 9, 0, 0, 37 ]
[ 0, 2, -1, -1, 3, 9, 0, -1, 19 ]
[ -2, -1, 3, -1, -1, 11, 0, 0, 37 ]
[ -2, -1, 3, 0, -2, 1, -1, -1, 11 ]
[ -1, 0, -8, -2, -1, 3, 0, 0, 37 ]
[ -7, -1, 0, 1, 0, 8, 0, 0, 37 ]
[ -7, -1, 0, -2, -1, 3, 1, 0, 8 ]
[ -1, 3, 9, 0, -1, 19, 0, 0, 37 ]
[ -1, 3, 9, 0, -2, 1, 0, -1, 19 ]
[ -1, -1, 11, 0, -1, 19, 0, 0, 37 ]
[ -1, -1, 11, 0, -2, 1, 0, -1, 19 ]
[ 37, 0, 0, -7, 1, 0, 14, 0, 1 ]
[ 7, -1, 0, 2, 5, 0, 0, 2, 1 ]
[ 14, 0, 1, -7, 1, 0, 5, 0, 3 ]
[ 1, 21, 0, 0, 37, 0, 0, 2, 1 ]
[ 2, 5, 0, 1, 21, 0, 0, 2, 1 ]
[ 1, 2, 9, 2, 5, 0, 0, 0, 37 ]
[ 0, -2, -1, 2, 5, 0, 1, 2, 9 ]
[ 7, -1, 0, 0, 2, 1, -2, 1, 3 ]
[ 1, 0, 8, -7, 1, 0, 0, 0, 37 ]
[ 5, 0, 3, -7, 1, 0, 1, 0, 8 ]
[ 1, 21, 0, 0, 1, 19, 0, 0, 37 ]
[ 1, 21, 0, 0, 2, 1, 0, 1, 19 ]
[ 0, -1, -19, 1, 21, 0, 0, 0, 37 ]
[ 0, -2, -1, 1, 21, 0, 0, 1, 19 ]
[ -2, -5, 0, 1, 2, 9, 0, 0, 37 ]
[ 2, 5, 0, 0, 2, 1, 1, 2, 9 ]
[ 0, -1, -19, 1, 2, 9, 0, 0, 37 ]
[ 0, -2, -1, 1, 2, 9, 0, 1, 19 ]
[ 2, -1, -3, -1, 1, 11, 0, 0, 37 ]
[ 2, -1, -3, 0, 2, 1, -1, 1, 11 ]
[ 1, 0, 8, -2, 1, 3, 0, 0, 37 ]
[ 7, -1, 0, 1, 0, 8, 0, 0, 37 ]
[ 7, -1, 0, -2, 1, 3, 1, 0, 8 ]
[ 1, 2, 9, 0, 1, 19, 0, 0, 37 ]
[ 1, 2, 9, 0, 2, 1, 0, 1, 19 ]
[ 1, -1, -11, 0, 1, 19, 0, 0, 37 ]
[ 1, -1, -11, 0, 2, 1, 0, 1, 19 ]
[ 37, 0, 0, 16, 1, 0, 14, 0, 1 ]
[ 16, 1, 0, -5, 2, 0, -2, -1, 1 ]
[ 14, 0, 1, 16, 1, 0, 5, 0, 3 ]
[ 1, 7, 0, 0, 37, 0, 0, 13, 1 ]
[ 5, -2, 0, 1, 7, 0, -2, -1, 1 ]
[ -2, 1, 4, -5, 2, 0, 0, 0, 37 ]
[ 2, 1, -1, -5, 2, 0, -2, 1, 4 ]
[ -16, -1, 0, -2, -1, 1, 5, 0, 3 ]
[ 1, 0, 8, 16, 1, 0, 0, 0, 37 ]
[ 5, 0, 3, 16, 1, 0, 1, 0, 8 ]
[ 1, 7, 0, 0, 13, 1, 0, 2, 3 ]
[ 2, 1, -1, 1, 7, 0, 0, 2, 3 ]
[ 5, -2, 0, -2, 1, 4, 0, 0, 37 ]
[ -5, 2, 0, -2, -1, 1, -2, 1, 4 ]
[ 1, 0, 8, -2, 1, 4, 0, 0, 37 ]
[ -2, -1, 1, 1, 0, 8, 0, 0, 37 ]
[ 2, 1, -1, -2, 1, 4, 1, 0, 8 ]
[ -1, 0, -8, -2, -1, 1, 0, 0, 37 ]
[ -5, 0, -3, -2, -1, 1, 1, 0, 8 ]
[ -16, -1, 0, 1, 0, 8, 0, 0, 37 ]
[ -16, -1, 0, 5, 0, 3, 1, 0, 8 ]
[ 1, 7, 0, 0, 1, 20, 0, 0, 37 ]
[ 1, 7, 0, 0, 2, 3, 0, 1, 20 ]
[ 0, -1, -20, 1, 7, 0, 0, 0, 37 ]
[ 0, -2, -3, 1, 7, 0, 0, 1, 20 ]
[ -2, -1, 1, -1, -1, 9, 0, 0, 37 ]
[ 2, 1, -1, 0, 2, 3, -1, -1, 9 ]
[ 2, -1, -4, 1, 0, 8, 0, 0, 37 ]
[ -2, 1, 4, -2, -1, 1, 1, 0, 8 ]
[ -1, 0, -8, -2, -1, 1, 0, 0, 37 ]
[ 1, 1, -9, 0, 1, 20, 0, 0, 37 ]
[ 1, 1, -9, 0, 2, 3, 0, 1, 20 ]
[ 37, 0, 0, 2, 1, 0, 14, 0, 1 ]
[ 1, 19, 0, 0, 37, 0, 0, -7, 1 ]
[ 2, 1, 0, 1, 19, 0, 0, -7, 1 ]
[ 14, 0, 1, 2, 1, 0, 5, 0, 3 ]
[ -1, -19, 0, 0, -7, 1, 0, 2, 5 ]
[ 0, -7, 1, 1, 19, 0, 0, 2, 5 ]
[ -2, -1, 0, 0, -7, 1, 1, -2, 3 ]
[ 1, 0, 8, 2, 1, 0, 0, 0, 37 ]
[ 5, 0, 3, 2, 1, 0, 1, 0, 8 ]
[ 1, 19, 0, 0, 1, 21, 0, 0, 37 ]
[ 1, 19, 0, 0, 2, 5, 0, 1, 21 ]
[ 0, -1, -21, 1, 19, 0, 0, 0, 37 ]
[ 0, -2, -5, 1, 19, 0, 0, 1, 21 ]
[ -1, 2, -3, 0, -7, 1, 0, 2, 5 ]
[ -2, -1, 0, 1, 0, 8, 0, 0, 37 ]
[ -2, -1, 0, 1, -2, 3, 1, 0, 8 ]
[ 1, -2, 3, 0, 1, 21, 0, 0, 37 ]
[ 1, -2, 3, 0, 2, 5, 0, 1, 21 ]
[ -1, 1, -24, 1, -2, 3, 0, 0, 37 ]
[ -1, 0, -8, 1, -1, 24, 0, 0, 37 ]
[ -1, 0, -8, 1, -2, 3, 1, -1, 24 ]
[ 37, 0, 0, -12, 1, 0, 14, 0, 1 ]
[ 1, 3, 0, 0, 37, 0, 0, -5, 1 ]
[ 12, -1, 0, 1, 3, 0, 2, 1, 1 ]
[ 14, 0, 1, -12, 1, 0, 5, 0, 3 ]
[ -1, -3, 0, 0, -5, 1, 0, 2, 7 ]
[ -2, -1, -1, -1, -1, 7, 0, 0, 37 ]
[ 2, 1, 1, 1, 3, 0, -1, -1, 7 ]
[ 12, -1, 0, 2, 1, 1, 5, 0, 3 ]
[ 1, 0, 8, -12, 1, 0, 0, 0, 37 ]
[ 5, 0, 3, -12, 1, 0, 1, 0, 8 ]
[ 1, 3, 0, 0, 1, 22, 0, 0, 37 ]
[ 1, 3, 0, 0, 2, 7, 0, 1, 22 ]
[ 0, -1, -22, 1, 3, 0, 0, 0, 37 ]
[ 1, 1, -7, 0, 1, 22, 0, 0, 37 ]
[ 1, 1, -7, 1, 3, 0, 0, 1, 22 ]
[ 1, 0, 8, 2, 1, 1, 0, 0, 37 ]
[ 5, 0, 3, 2, 1, 1, 1, 0, 8 ]
[ 12, -1, 0, 1, 0, 8, 0, 0, 37 ]
[ 12, -1, 0, 5, 0, 3, 1, 0, 8 ]
[ 37, 0, 0, 11, 1, 0, 14, 0, 1 ]
[ 11, 1, 0, -4, 3, 0, 3, -1, 1 ]
[ 14, 0, 1, 11, 1, 0, 5, 0, 3 ]
[ 1, -10, 0, 0, 37, 0, 0, -8, 1 ]
[ 4, -3, 0, -1, 10, 0, -1, 2, 1 ]
[ 3, -1, 1, -2, 1, 7, 0, 0, 37 ]
[ 3, -1, 1, -4, 3, 0, -2, 1, 7 ]
[ -11, -1, 0, 3, -1, 1, 5, 0, 3 ]
[ 1, 0, 8, 11, 1, 0, 0, 0, 37 ]
[ 5, 0, 3, 11, 1, 0, 1, 0, 8 ]
[ -1, 10, 0, 0, -8, 1, 0, -3, 5 ]
[ 1, -2, -1, -1, 10, 0, 0, -3, 5 ]
[ 4, -3, 0, -1, 2, 1, 2, -2, 7 ]
[ 3, -2, -22, -4, 3, 0, 0, 0, 37 ]
[ 2, -1, -7, -3, 2, 22, 0, 0, 37 ]
[ 2, -1, -7, -4, 3, 0, -3, 2, 22 ]
[ -1, 0, -8, 3, -1, 1, 0, 0, 37 ]
[ -5, 0, -3, 3, -1, 1, 1, 0, 8 ]
[ -11, -1, 0, 1, 0, 8, 0, 0, 37 ]
[ -11, -1, 0, 5, 0, 3, 1, 0, 8 ]
[ -1, 10, 0, 0, -1, 14, 0, 0, 37 ]
[ -1, 10, 0, 0, -3, 5, 0, -1, 14 ]
[ 0, 1, -14, -1, 10, 0, 0, 0, 37 ]
[ 0, 3, -5, -1, 10, 0, 0, -1, 14 ]
[ -1, 2, 1, 0, -1, 14, 0, 0, 37 ]
[ -1, 2, 1, 0, -3, 5, 0, -1, 14 ]
[ 1, -1, 22, -1, 2, 1, 0, 0, 37 ]
[ 2, -2, 7, -1, 2, 1, 1, -1, 22 ]
[ -4, 3, 0, 1, -1, 22, 0, 0, 37 ]
[ -4, 3, 0, 2, -2, 7, 1, -1, 22 ]
[ 37, 0, 0, -3, 1, 0, 14, 0, 1 ]
[ 1, 12, 0, 0, 37, 0, 0, 17, 1 ]
[ 3, -1, 0, 1, 12, 0, -1, 5, 1 ]
[ 14, 0, 1, -3, 1, 0, 5, 0, 3 ]
[ 1, 12, 0, 0, 17, 1, 0, -3, 2 ]
[ 1, -5, -1, 1, 12, 0, 0, -3, 2 ]
[ 3, -1, 0, -1, 5, 1, -1, 2, 3 ]
[ 1, 0, 8, -3, 1, 0, 0, 0, 37 ]
[ 5, 0, 3, -3, 1, 0, 1, 0, 8 ]
[ -1, -12, 0, 0, -1, 13, 0, 0, 37 ]
[ -1, -12, 0, 0, -3, 2, 0, -1, 13 ]
[ 0, -1, 13, 1, 12, 0, 0, 0, 37 ]
[ 0, -3, 2, 1, 12, 0, 0, -1, 13 ]
[ -1, 5, 1, 0, -1, 13, 0, 0, 37 ]
[ -1, 5, 1, 0, -3, 2, 0, -1, 13 ]
[ 0, 1, -13, -1, 5, 1, 0, 0, 37 ]
[ -1, 2, 3, 0, -1, 13, 0, 0, 37 ]
[ 1, -2, -3, -1, 5, 1, 0, -1, 13 ]
[ 3, -1, 0, 1, 0, 8, 0, 0, 37 ]
[ 3, -1, 0, -1, 2, 3, 1, 0, 8 ]
[ 0, 1, 24, -1, 2, 3, 0, 0, 37 ]
[ 1, 0, 8, 0, 1, 24, 0, 0, 37 ]
[ 1, 0, 8, -1, 2, 3, 0, 1, 24 ]
[ 37, 0, 0, -17, 1, 0, 14, 0, 1 ]
[ 17, -1, 0, 3, 2, 0, -3, 1, 1 ]
[ 14, 0, 1, -17, 1, 0, 5, 0, 3 ]
[ 1, 13, 0, 0, 37, 0, 0, 3, 1 ]
[ 3, 2, 0, 1, 13, 0, 0, 3, 1 ]
[ -1, -1, 4, 3, 2, 0, 0, 0, 37 ]
[ 3, -1, -1, 3, 2, 0, -1, -1, 4 ]
[ 17, -1, 0, -3, 1, 1, 5, 0, 3 ]
[ 1, 0, 8, -17, 1, 0, 0, 0, 37 ]
[ 5, 0, 3, -17, 1, 0, 1, 0, 8 ]
[ -1, -13, 0, 0, -1, 12, 0, 0, 37 ]
[ 1, 13, 0, 0, 3, 1, 0, -1, 12 ]
[ 0, -1, 12, 1, 13, 0, 0, 0, 37 ]
[ 0, -3, -1, 1, 13, 0, 0, -1, 12 ]
[ -3, -2, 0, -1, -1, 4, 0, 0, 37 ]
[ 3, 2, 0, 0, 3, 1, -1, -1, 4 ]
[ -1, 0, -8, -1, -1, 4, 0, 0, 37 ]
[ 3, -1, -1, 1, 0, 8, 0, 0, 37 ]
[ -3, 1, 1, -1, -1, 4, 1, 0, 8 ]
[ 1, 0, 8, -3, 1, 1, 0, 0, 37 ]
[ 5, 0, 3, -3, 1, 1, 1, 0, 8 ]
[ 17, -1, 0, 1, 0, 8, 0, 0, 37 ]
[ 17, -1, 0, 5, 0, 3, 1, 0, 8 ]
[ -1, -1, 4, 0, -1, 12, 0, 0, 37 ]
[ 1, 1, -4, 0, 3, 1, 0, -1, 12 ]
[ 37, 0, 0, 6, 1, 0, 14, 0, 1 ]
[ 1, -6, 0, 0, 37, 0, 0, 10, 1 ]
[ 6, 1, 0, -1, 6, 0, 2, -2, 1 ]
[ 14, 0, 1, 6, 1, 0, 5, 0, 3 ]
[ 1, -6, 0, 0, 10, 1, 0, 3, 4 ]
[ 2, -2, 1, -1, 6, 0, 1, -3, 4 ]
[ -6, -1, 0, 2, -2, 1, -1, -1, 3 ]
[ 1, 0, 8, 6, 1, 0, 0, 0, 37 ]
[ 5, 0, 3, 6, 1, 0, 1, 0, 8 ]
[ -1, 6, 0, 0, -1, 11, 0, 0, 37 ]
[ 1, -6, 0, 0, 3, 4, 0, -1, 11 ]
[ 0, 1, -11, -1, 6, 0, 0, 0, 37 ]
[ -1, 3, -4, 0, -1, 11, 0, 0, 37 ]
[ 1, -3, 4, -1, 6, 0, 0, -1, 11 ]
[ 0, -1, 11, 1, -3, 4, 0, 0, 37 ]
[ -2, 2, -1, 1, -3, 4, 0, -1, 11 ]
[ -1, -1, 3, 0, -1, 11, 0, 0, 37 ]
[ -1, -1, 3, 2, -2, 1, 0, -1, 11 ]
[ -1, 0, -8, -1, -1, 3, 0, 0, 37 ]
[ -6, -1, 0, 1, 0, 8, 0, 0, 37 ]
[ -6, -1, 0, -1, -1, 3, 1, 0, 8 ]
[ -1, 1, -19, 0, -1, 11, 0, 0, 37 ]
[ -2, 2, -1, 0, -1, 11, 1, -1, 19 ]
[ 0, -1, 11, 1, -1, 19, 0, 0, 37 ]
[ 0, -1, 11, 2, -2, 1, 1, -1, 19 ]
[ 37, 0, 0, -8, 1, 0, 14, 0, 1 ]
[ 8, -1, 0, -3, 5, 0, -2, 2, 1 ]
[ 14, 0, 1, -8, 1, 0, 5, 0, 3 ]
[ 1, -14, 0, 0, 37, 0, 0, 11, 1 ]
[ 3, -5, 0, -1, 14, 0, 1, -3, 1 ]
[ -1, 2, 9, -3, 5, 0, 0, 0, 37 ]
[ 2, -2, -1, -3, 5, 0, -1, 2, 9 ]
[ 8, -1, 0, -2, 2, 1, -3, 1, 3 ]
[ 1, 0, 8, -8, 1, 0, 0, 0, 37 ]
[ 5, 0, 3, -8, 1, 0, 1, 0, 8 ]
[ 1, -14, 0, 0, 11, 1, 0, -4, 3 ]
[ 1, -3, 1, -1, 14, 0, 0, -4, 3 ]
[ -1, 2, 9, 1, -3, 1, 0, 0, 37 ]
[ 3, -5, 0, -1, 2, 9, 0, 0, 37 ]
[ -3, 5, 0, 1, -3, 1, -1, 2, 9 ]
[ 1, -1, -19, -1, 2, 9, 0, 0, 37 ]
[ 2, -2, -1, -1, 2, 9, -1, 1, 19 ]
[ 3, -1, -3, -2, 1, 11, 0, 0, 37 ]
[ 3, -1, -3, -2, 2, 1, -2, 1, 11 ]
[ 1, 0, 8, -3, 1, 3, 0, 0, 37 ]
[ 8, -1, 0, 1, 0, 8, 0, 0, 37 ]
[ 8, -1, 0, -3, 1, 3, 1, 0, 8 ]
[ -1, 14, 0, 0, -1, 10, 0, 0, 37 ]
[ -1, 14, 0, 0, -4, 3, 0, -1, 10 ]
[ 0, 1, -10, -1, 14, 0, 0, 0, 37 ]
[ 0, 4, -3, -1, 14, 0, 0, -1, 10 ]
[ -1, 3, -1, 0, -1, 10, 0, 0, 37 ]
[ -1, 3, -1, 0, -4, 3, 0, -1, 10 ]
[ 2, -1, -11, -1, 1, 19, 0, 0, 37 ]
[ 2, -1, -11, -2, 2, 1, -1, 1, 19 ]
[ 37, 0, 0, 15, 1, 0, 14, 0, 1 ]
[ 15, 1, 0, -7, 2, 0, -1, -1, 1 ]
[ 14, 0, 1, 15, 1, 0, 5, 0, 3 ]
[ 1, 5, 0, 0, 37, 0, 0, 4, 1 ]
[ 7, -2, 0, 1, 5, 0, -1, -1, 1 ]
[ -3, 1, 4, -7, 2, 0, 0, 0, 37 ]
[ 1, 1, -1, -7, 2, 0, -3, 1, 4 ]
[ -15, -1, 0, -1, -1, 1, 5, 0, 3 ]
[ 1, 0, 8, 15, 1, 0, 0, 0, 37 ]
[ 5, 0, 3, 15, 1, 0, 1, 0, 8 ]
[ -1, -5, 0, 0, -1, 9, 0, 0, 37 ]
[ 1, 5, 0, 0, 4, 1, 0, -1, 9 ]
[ 0, -1, 9, 1, 5, 0, 0, 0, 37 ]
[ -1, -1, 1, 0, -1, 9, 0, 0, 37 ]
[ 1, 1, -1, 1, 5, 0, 0, -1, 9 ]
[ 7, -2, 0, -3, 1, 4, 0, 0, 37 ]
[ -7, 2, 0, -1, -1, 1, -3, 1, 4 ]
[ 1, 0, 8, -3, 1, 4, 0, 0, 37 ]
[ -1, -1, 1, 1, 0, 8, 0, 0, 37 ]
[ 1, 1, -1, -3, 1, 4, 1, 0, 8 ]
[ -1, 0, -8, -1, -1, 1, 0, 0, 37 ]
[ -5, 0, -3, -1, -1, 1, 1, 0, 8 ]
[ -15, -1, 0, 1, 0, 8, 0, 0, 37 ]
[ -15, -1, 0, 5, 0, 3, 1, 0, 8 ]
[ 3, -1, -4, 1, 0, 8, 0, 0, 37 ]
[ -3, 1, 4, -1, -1, 1, 1, 0, 8 ]
[ -1, 0, -8, -1, -1, 1, 0, 0, 37 ]
[ 1, 1, 0, 0, 37, 0, 0, -14, 1 ]
[ 37, 0, 0, 1, 1, 0, 14, 0, 1 ]
[ -1, -1, 0, 0, -14, 1, 0, -5, 3 ]
[ 14, 0, 1, 1, 1, 0, 5, 0, 3 ]
[ -1, -1, 0, 0, -1, 8, 0, 0, 37 ]
[ -1, -1, 0, 0, -5, 3, 0, -1, 8 ]
[ 1, 0, 8, 1, 1, 0, 0, 0, 37 ]
[ 5, 0, 3, 1, 1, 0, 1, 0, 8 ]
[ 37, 0, 0, -13, 1, 0, 14, 0, 1 ]
[ 13, -1, 0, -2, 3, 0, 1, 1, 1 ]
[ 14, 0, 1, -13, 1, 0, 5, 0, 3 ]
[ 1, -20, 0, 0, 37, 0, 0, -16, 1 ]
[ 2, -3, 0, -1, 20, 0, -1, 4, 1 ]
[ -1, -1, -1, 0, -1, 7, 0, 0, 37 ]
[ 1, 1, 1, -2, 3, 0, 0, -1, 7 ]
[ 13, -1, 0, 1, 1, 1, 5, 0, 3 ]
[ 1, 0, 8, -13, 1, 0, 0, 0, 37 ]
[ 5, 0, 3, -13, 1, 0, 1, 0, 8 ]
[ -1, 20, 0, 0, -16, 1, 0, 5, 2 ]
[ 1, -4, -1, -1, 20, 0, 0, 5, 2 ]
[ 0, 1, -7, -1, 4, 1, 0, 0, 37 ]
[ 2, -3, 0, -1, 4, 1, 0, -1, 7 ]
[ 1, -1, -22, -2, 3, 0, 0, 0, 37 ]
[ 0, 1, -7, -1, 1, 22, 0, 0, 37 ]
[ 0, 1, -7, -2, 3, 0, -1, 1, 22 ]
[ 1, 0, 8, 1, 1, 1, 0, 0, 37 ]
[ 5, 0, 3, 1, 1, 1, 1, 0, 8 ]
[ 13, -1, 0, 1, 0, 8, 0, 0, 37 ]
[ 13, -1, 0, 5, 0, 3, 1, 0, 8 ]
[ -1, 20, 0, 0, -1, 7, 0, 0, 37 ]
[ 1, -20, 0, 0, 5, 2, 0, -1, 7 ]
[ 0, 1, -7, -1, 20, 0, 0, 0, 37 ]
[ 0, 5, 2, -1, 20, 0, 0, -1, 7 ]
[ -1, 4, 1, 0, -1, 7, 0, 0, 37 ]
[ 1, -4, -1, 0, 5, 2, 0, -1, 7 ]
[ -1, 1, 22, 0, -1, 7, 0, 0, 37 ]
[ -2, 3, 0, -1, 1, 22, 0, 0, 37 ]
[ -2, 3, 0, 0, -1, 7, -1, 1, 22 ]
[ 37, 0, 0, 10, 1, 0, 14, 0, 1 ]
[ 10, 1, 0, 3, 4, 0, -6, -2, 1 ]
[ 14, 0, 1, 10, 1, 0, 5, 0, 3 ]
[ 1, -11, 0, 0, 37, 0, 0, 6, 1 ]
[ 3, 4, 0, -1, 11, 0, 0, 6, 1 ]
[ 1, 1, 2, 3, 4, 0, 0, 0, 37 ]
[ 6, 2, -1, 3, 4, 0, 1, 1, 2 ]
[ -10, -1, 0, -6, -2, 1, -5, -1, 3 ]
[ 1, 0, 8, 10, 1, 0, 0, 0, 37 ]
[ 5, 0, 3, 10, 1, 0, 1, 0, 8 ]
[ -1, 11, 0, 0, -1, 6, 0, 0, 37 ]
[ 1, -11, 0, 0, 6, 1, 0, -1, 6 ]
[ 0, 1, -6, -1, 11, 0, 0, 0, 37 ]
[ 0, 6, 1, -1, 11, 0, 0, -1, 6 ]
[ -3, -4, 0, 1, 1, 2, 0, 0, 37 ]
[ 3, 4, 0, 0, 6, 1, 1, 1, 2 ]
[ 2, 1, 10, 1, 1, 2, 0, 0, 37 ]
[ 6, 2, -1, 1, 1, 2, 2, 1, 10 ]
[ -5, -1, 3, -4, -1, 11, 0, 0, 37 ]
[ -5, -1, 3, -6, -2, 1, -4, -1, 11 ]
[ -1, 0, -8, -5, -1, 3, 0, 0, 37 ]
[ -10, -1, 0, 1, 0, 8, 0, 0, 37 ]
[ -10, -1, 0, -5, -1, 3, 1, 0, 8 ]
[ -1, -1, -2, 0, -1, 6, 0, 0, 37 ]
[ 1, 1, 2, 0, 6, 1, 0, -1, 6 ]
[ 3, 1, -19, 2, 1, 10, 0, 0, 37 ]
[ 6, 2, -1, 2, 1, 10, -3, -1, 19 ]
[ -4, -1, 11, -3, -1, 19, 0, 0, 37 ]
[ -4, -1, 11, -6, -2, 1, -3, -1, 19 ]
[ 37, 0, 0, -4, 1, 0, 14, 0, 1 ]
[ 1, 9, 0, 0, 37, 0, 0, -15, 1 ]
[ 4, -1, 0, 1, 9, 0, 2, 3, 1 ]
[ 14, 0, 1, -4, 1, 0, 5, 0, 3 ]
[ -1, -9, 0, 0, -15, 1, 0, 7, 2 ]
[ -2, -3, -1, -1, -2, 2, 0, 0, 37 ]
[ 2, 3, 1, 1, 9, 0, -1, -2, 2 ]
[ 1, 1, 3, 2, 3, 1, 0, 0, 37 ]
[ 4, -1, 0, 2, 3, 1, 1, 1, 3 ]
[ 1, 0, 8, -4, 1, 0, 0, 0, 37 ]
[ 5, 0, 3, -4, 1, 0, 1, 0, 8 ]
[ -1, -9, 0, 0, -1, 5, 0, 0, 37 ]
[ 1, 9, 0, 0, 7, 2, 0, -1, 5 ]
[ 0, -1, 5, 1, 9, 0, 0, 0, 37 ]
[ -1, -2, 2, 0, -1, 5, 0, 0, 37 ]
[ 1, 2, -2, 1, 9, 0, 0, -1, 5 ]
[ 1, 0, 8, 1, 1, 3, 0, 0, 37 ]
[ 4, -1, 0, 1, 0, 8, 0, 0, 37 ]
[ 4, -1, 0, 1, 1, 3, 1, 0, 8 ]
[ 37, 0, 0, -18, 1, 0, 14, 0, 1 ]
[ 1, 2, 0, 0, 37, 0, 0, 9, 1 ]
[ 18, -1, 0, 1, 2, 0, -4, 1, 1 ]
[ 14, 0, 1, -18, 1, 0, 5, 0, 3 ]
[ -1, -2, 0, 0, -1, 4, 0, 0, 37 ]
[ 1, 2, 0, 0, 9, 1, 0, -1, 4 ]
[ 0, -1, 4, 1, 2, 0, 0, 0, 37 ]
[ 4, -1, -1, 1, 2, 0, 0, -1, 4 ]
[ 18, -1, 0, -4, 1, 1, 5, 0, 3 ]
[ 1, 0, 8, -18, 1, 0, 0, 0, 37 ]
[ 5, 0, 3, -18, 1, 0, 1, 0, 8 ]
[ -1, 0, -8, 0, -1, 4, 0, 0, 37 ]
[ 4, -1, -1, 1, 0, 8, 0, 0, 37 ]
[ -4, 1, 1, 0, -1, 4, 1, 0, 8 ]
[ 1, 0, 8, -4, 1, 1, 0, 0, 37 ]
[ 5, 0, 3, -4, 1, 1, 1, 0, 8 ]
[ 18, -1, 0, 1, 0, 8, 0, 0, 37 ]
[ 18, -1, 0, 5, 0, 3, 1, 0, 8 ]
[ 37, 0, 0, 5, 1, 0, 14, 0, 1 ]
[ 5, 1, 0, -2, 7, 0, -1, -3, 1 ]
[ 14, 0, 1, 5, 1, 0, 5, 0, 3 ]
[ 1, -22, 0, 0, 37, 0, 0, 12, 1 ]
[ 2, -7, 0, -1, 22, 0, 1, -10, 1 ]
[ -1, -3, 1, 0, -1, 3, 0, 0, 37 ]
[ 1, 3, -1, -2, 7, 0, 0, -1, 3 ]
[ 0, 1, -3, -1, -3, 1, 0, 0, 37 ]
[ -5, -1, 0, -1, -3, 1, 0, -1, 3 ]
[ 1, 0, 8, 5, 1, 0, 0, 0, 37 ]
[ 5, 0, 3, 5, 1, 0, 1, 0, 8 ]
[ -1, 22, 0, 0, -1, 3, 0, 0, 37 ]
[ 1, -22, 0, 0, 12, 1, 0, -1, 3 ]
[ 0, 1, -3, -1, 22, 0, 0, 0, 37 ]
[ -1, 10, -1, 0, -1, 3, 0, 0, 37 ]
[ 1, -10, 1, -1, 22, 0, 0, -1, 3 ]
[ 0, -1, 3, 1, -10, 1, 0, 0, 37 ]
[ -2, 7, 0, 1, -10, 1, 0, -1, 3 ]
[ 1, -3, -20, -2, 7, 0, 0, 0, 37 ]
[ 0, 1, -3, -1, 3, 20, 0, 0, 37 ]
[ 0, 1, -3, -2, 7, 0, -1, 3, 20 ]
[ -1, 0, -8, 0, -1, 3, 0, 0, 37 ]
[ -5, -1, 0, 1, 0, 8, 0, 0, 37 ]
[ -5, -1, 0, 0, -1, 3, 1, 0, 8 ]
[ -1, 3, 20, 0, -1, 3, 0, 0, 37 ]
[ -2, 7, 0, -1, 3, 20, 0, 0, 37 ]
[ -2, 7, 0, 0, -1, 3, -1, 3, 20 ]
[ 37, 0, 0, -9, 1, 0, 14, 0, 1 ]
[ 1, 4, 0, 0, 37, 0, 0, 18, 1 ]
[ 9, -1, 0, 1, 4, 0, -4, 2, 1 ]
[ 14, 0, 1, -9, 1, 0, 5, 0, 3 ]
[ -1, -4, 0, 0, -1, 2, 0, 0, 37 ]
[ 1, 4, 0, 0, 18, 1, 0, -1, 2 ]
[ 0, -1, 2, 1, 4, 0, 0, 0, 37 ]
[ 4, -2, -1, 1, 4, 0, 0, -1, 2 ]
[ 9, -1, 0, -4, 2, 1, -4, 1, 3 ]
[ 1, 0, 8, -9, 1, 0, 0, 0, 37 ]
[ 5, 0, 3, -9, 1, 0, 1, 0, 8 ]
[ -1, 1, -10, 0, -1, 2, 0, 0, 37 ]
[ -4, 2, 1, 0, -1, 2, 1, -1, 10 ]
[ 4, -1, -3, -3, 1, 11, 0, 0, 37 ]
[ 4, -1, -3, -4, 2, 1, -3, 1, 11 ]
[ 1, 0, 8, -4, 1, 3, 0, 0, 37 ]
[ 9, -1, 0, 1, 0, 8, 0, 0, 37 ]
[ 9, -1, 0, -4, 1, 3, 1, 0, 8 ]
[ -2, 1, 19, 1, -1, 10, 0, 0, 37 ]
[ -4, 2, 1, 1, -1, 10, -2, 1, 19 ]
[ 3, -1, -11, -2, 1, 19, 0, 0, 37 ]
[ 3, -1, -11, -4, 2, 1, -2, 1, 19 ]
[ 37, 0, 0, 14, 1, 0, 14, 0, 1 ]
[ 14, 1, 0, 5, 3, 0, 0, -1, 1 ]
[ 14, 0, 1, 14, 1, 0, 5, 0, 3 ]
[ -1, -8, 0, 0, -1, 1, 0, 0, 37 ]
[ 1, 8, 0, 0, 37, 0, 0, -1, 1 ]
[ 0, -1, 1, 1, 8, 0, 0, 0, 37 ]
[ 5, 3, 0, 1, 8, 0, 0, -1, 1 ]
[ 0, -1, 1, 1, 1, 7, 0, 0, 37 ]
[ 0, -1, 1, 5, 3, 0, 1, 1, 7 ]
[ -14, -1, 0, 0, -1, 1, 5, 0, 3 ]
[ 1, 0, 8, 14, 1, 0, 0, 0, 37 ]
[ 5, 0, 3, 14, 1, 0, 1, 0, 8 ]
[ -1, -1, -7, 0, -1, 1, 0, 0, 37 ]
[ -5, -3, 0, 0, -1, 1, 1, 1, 7 ]
[ -3, -2, -22, 5, 3, 0, 0, 0, 37 ]
[ -1, -1, -7, 3, 2, 22, 0, 0, 37 ]
[ -1, -1, -7, 5, 3, 0, 3, 2, 22 ]
[ -1, 0, -8, 0, -1, 1, 0, 0, 37 ]
[ -5, 0, -3, 0, -1, 1, 1, 0, 8 ]
[ -14, -1, 0, 1, 0, 8, 0, 0, 37 ]
[ -14, -1, 0, 5, 0, 3, 1, 0, 8 ]
[ 3, 2, 22, 1, 1, 7, 0, 0, 37 ]
[ 5, 3, 0, 3, 2, 22, 0, 0, 37 ]
[ 5, 3, 0, 1, 1, 7, 3, 2, 22 ]
[ 37, 0, 0, 0, 1, 0, -4, 0, 1 ]
[ 1, 0, 9, 0, 1, 0, 0, 0, 37 ]
[ 4, 0, -1, 0, 1, 0, 1, 0, 9 ]
[ 37, 0, 0, 4, 1, 0, -4, 0, 1 ]
[ 1, -9, 0, 0, 1, 1, 0, 0, 37 ]
[ 1, -9, 0, 0, 37, 0, 0, 1, 1 ]
[ 0, 1, 1, -1, 9, 0, 0, 0, 37 ]
[ 4, 1, 0, -1, 9, 0, 0, 1, 1 ]
[ 1, 0, 9, 4, 1, 0, 0, 0, 37 ]
[ 4, 0, -1, 4, 1, 0, 1, 0, 9 ]
[ 1, 0, 9, 0, 1, 1, 0, 0, 37 ]
[ -4, -1, 0, 1, 0, 9, 0, 0, 37 ]
[ 4, 1, 0, 0, 1, 1, 1, 0, 9 ]
[ 37, 0, 0, 8, 1, 0, -4, 0, 1 ]
[ 8, 1, 0, 3, 5, 0, 4, 1, 1 ]
[ 1, 0, 9, 8, 1, 0, 0, 0, 37 ]
[ 4, 0, -1, 8, 1, 0, 1, 0, 9 ]
[ 1, 14, 0, 0, 37, 0, 0, -18, 1 ]
[ 3, 5, 0, 1, 14, 0, 1, -4, 1 ]
[ 4, 1, 1, 3, 5, 0, 0, 1, 2 ]
[ 1, 0, 9, 4, 1, 1, 0, 0, 37 ]
[ -8, -1, 0, 1, 0, 9, 0, 0, 37 ]
[ 8, 1, 0, 4, 1, 1, 1, 0, 9 ]
[ 1, 14, 0, 0, 1, 2, 0, 0, 37 ]
[ -1, -14, 0, 0, -18, 1, 0, 1, 2 ]
[ 0, -1, -2, 1, 14, 0, 0, 0, 37 ]
[ 1, -4, 1, 0, 1, 2, 0, 0, 37 ]
[ 1, -4, 1, 1, 14, 0, 0, 1, 2 ]
[ 0, -1, -2, 1, -4, 1, 0, 0, 37 ]
[ -3, -5, 0, 1, -4, 1, 0, 1, 2 ]
[ -1, -2, -13, 3, 5, 0, 0, 0, 37 ]
[ 0, -1, -2, 1, 2, 13, 0, 0, 37 ]
[ 0, -1, -2, 3, 5, 0, 1, 2, 13 ]
[ 1, 0, 9, 0, 1, 2, 0, 0, 37 ]
[ -4, -1, -1, 1, 0, 9, 0, 0, 37 ]
[ 4, 1, 1, 0, 1, 2, 1, 0, 9 ]
[ 1, 2, 13, 0, 1, 2, 0, 0, 37 ]
[ 3, 5, 0, 1, 2, 13, 0, 0, 37 ]
[ 3, 5, 0, 0, 1, 2, 1, 2, 13 ]
[ 37, 0, 0, 12, 1, 0, -4, 0, 1 ]
[ 1, -3, 0, 0, 37, 0, 0, -12, 1 ]
[ 12, 1, 0, -1, 3, 0, -4, 0, 1 ]
[ 1, 0, 9, 12, 1, 0, 0, 0, 37 ]
[ 4, 0, -1, 12, 1, 0, 1, 0, 9 ]
[ 1, -3, 0, 0, 1, 3, 0, 0, 37 ]
[ -1, 3, 0, 0, -12, 1, 0, 1, 3 ]
[ 0, 1, 3, -1, 3, 0, 0, 0, 37 ]
[ 4, 0, -1, -1, 3, 0, 0, 1, 3 ]
[ -12, -1, 0, 1, 0, 9, 0, 0, 37 ]
[ 12, 1, 0, -4, 0, 1, 1, 0, 9 ]
[ 1, 0, 9, 0, 1, 3, 0, 0, 37 ]
[ 4, 0, -1, 0, 1, 3, 1, 0, 9 ]
[ 37, 0, 0, 16, 1, 0, -4, 0, 1 ]
[ 16, 1, 0, -5, 2, 0, -4, 0, 1 ]
[ 1, 0, 9, 16, 1, 0, 0, 0, 37 ]
[ 4, 0, -1, 16, 1, 0, 1, 0, 9 ]
[ 1, 7, 0, 0, 37, 0, 0, -9, 1 ]
[ 5, -2, 0, 1, 7, 0, 1, -2, 1 ]
[ 4, 0, -1, -5, 2, 0, -4, 1, 5 ]
[ -16, -1, 0, 1, 0, 9, 0, 0, 37 ]
[ 16, 1, 0, -4, 0, 1, 1, 0, 9 ]
[ 1, 7, 0, 0, 1, 4, 0, 0, 37 ]
[ -1, -7, 0, 0, -9, 1, 0, 1, 4 ]
[ 0, -1, -4, 1, 7, 0, 0, 0, 37 ]
[ 1, -2, 1, 0, 1, 4, 0, 0, 37 ]
[ 1, -2, 1, 1, 7, 0, 0, 1, 4 ]
[ -1, 1, -5, 1, -2, 1, 0, 0, 37 ]
[ -5, 2, 0, 1, -2, 1, 1, -1, 5 ]
[ 3, -1, -14, -5, 2, 0, 0, 0, 37 ]
[ 4, -1, -5, -3, 1, 14, 0, 0, 37 ]
[ 4, -1, -5, -5, 2, 0, -3, 1, 14 ]
[ 1, 0, 9, -4, 1, 5, 0, 0, 37 ]
[ 4, 0, -1, -4, 1, 5, 1, 0, 9 ]
[ -2, 1, -14, 1, -1, 5, 0, 0, 37 ]
[ -5, 2, 0, 2, -1, 14, 0, 0, 37 ]
[ -5, 2, 0, 1, -1, 5, 2, -1, 14 ]
[ 37, 0, 0, -17, 1, 0, -4, 0, 1 ]
[ 17, -1, 0, 3, 2, 0, -4, 0, 1 ]
[ 1, 0, 9, -17, 1, 0, 0, 0, 37 ]
[ 4, 0, -1, -17, 1, 0, 1, 0, 9 ]
[ 1, 13, 0, 0, 37, 0, 0, 15, 1 ]
[ 3, 2, 0, 1, 13, 0, -1, 2, 1 ]
[ 4, 0, -1, 3, 2, 0, 0, 1, 5 ]
[ 17, -1, 0, 1, 0, 9, 0, 0, 37 ]
[ -17, 1, 0, -4, 0, 1, 1, 0, 9 ]
[ 1, 13, 0, 0, 15, 1, 0, -7, 2 ]
[ 1, -2, -1, 1, 13, 0, 0, -7, 2 ]
[ 0, 1, 5, -1, 2, 1, 0, 0, 37 ]
[ 3, 2, 0, -1, 2, 1, 0, 1, 5 ]
[ -1, -1, -14, 3, 2, 0, 0, 0, 37 ]
[ 0, -1, -5, 1, 1, 14, 0, 0, 37 ]
[ 0, -1, -5, 3, 2, 0, 1, 1, 14 ]
[ 1, 0, 9, 0, 1, 5, 0, 0, 37 ]
[ 4, 0, -1, 0, 1, 5, 1, 0, 9 ]
[ 1, 13, 0, 0, 1, 5, 0, 0, 37 ]
[ -1, -13, 0, 0, -7, 2, 0, 1, 5 ]
[ 0, -1, -5, 1, 13, 0, 0, 0, 37 ]
[ 0, -7, 2, 1, 13, 0, 0, 1, 5 ]
[ 1, -2, -1, 0, 1, 5, 0, 0, 37 ]
[ -1, 2, 1, 0, -7, 2, 0, 1, 5 ]
[ 1, 1, 14, 0, 1, 5, 0, 0, 37 ]
[ 3, 2, 0, 1, 1, 14, 0, 0, 37 ]
[ 3, 2, 0, 0, 1, 5, 1, 1, 14 ]
[ 37, 0, 0, -13, 1, 0, -4, 0, 1 ]
[ 13, -1, 0, -2, 3, 0, -4, 0, 1 ]
[ 1, 0, 9, -13, 1, 0, 0, 0, 37 ]
[ 4, 0, -1, -13, 1, 0, 1, 0, 9 ]
[ 1, -20, 0, 0, 37, 0, 0, -6, 1 ]
[ 2, -3, 0, -1, 20, 0, 0, -6, 1 ]
[ 1, -1, 3, -2, 3, 0, 0, 0, 37 ]
[ 4, 0, -1, -2, 3, 0, 1, -1, 3 ]
[ 13, -1, 0, 1, 0, 9, 0, 0, 37 ]
[ -13, 1, 0, -4, 0, 1, 1, 0, 9 ]
[ 1, -20, 0, 0, 1, 6, 0, 0, 37 ]
[ -1, 20, 0, 0, -6, 1, 0, 1, 6 ]
[ 0, 1, 6, -1, 20, 0, 0, 0, 37 ]
[ 0, 6, -1, -1, 20, 0, 0, 1, 6 ]
[ 2, -3, 0, -1, 2, 3, 0, 0, 37 ]
[ -2, 3, 0, 0, -6, 1, -1, 2, 3 ]
[ -1, 0, -9, 1, -1, 3, 0, 0, 37 ]
[ -4, 0, 1, 1, -1, 3, 1, 0, 9 ]
[ 1, -2, -3, 0, 1, 6, 0, 0, 37 ]
[ -1, 2, 3, 0, -6, 1, 0, 1, 6 ]
[ 37, 0, 0, -9, 1, 0, -4, 0, 1 ]
[ 1, 4, 0, 0, 37, 0, 0, 16, 1 ]
[ 9, -1, 0, 1, 4, 0, -4, 0, 1 ]
[ 1, 0, 9, -9, 1, 0, 0, 0, 37 ]
[ 4, 0, -1, -9, 1, 0, 1, 0, 9 ]
[ 1, 4, 0, 0, 16, 1, 0, -5, 2 ]
[ 4, 0, -1, 1, 4, 0, 1, -1, 2 ]
[ 9, -1, 0, 1, 0, 9, 0, 0, 37 ]
[ -9, 1, 0, -4, 0, 1, 1, 0, 9 ]
[ 1, 4, 0, 0, 1, 7, 0, 0, 37 ]
[ -1, -4, 0, 0, -5, 2, 0, 1, 7 ]
[ 0, -1, -7, 1, 4, 0, 0, 0, 37 ]
[ 1, -1, 2, 0, 1, 7, 0, 0, 37 ]
[ 1, -1, 2, 1, 4, 0, 0, 1, 7 ]
[ -1, 0, -9, 1, -1, 2, 0, 0, 37 ]
[ -4, 0, 1, 1, -1, 2, 1, 0, 9 ]
[ 37, 0, 0, -5, 1, 0, -4, 0, 1 ]
[ 5, -1, 0, 2, 7, 0, 1, -1, 1 ]
[ 1, 0, 9, -5, 1, 0, 0, 0, 37 ]
[ 4, 0, -1, -5, 1, 0, 1, 0, 9 ]
[ 1, 22, 0, 0, 37, 0, 0, 14, 1 ]
[ 2, 7, 0, 1, 22, 0, -1, -8, 1 ]
[ 1, 3, -4, 2, 7, 0, 0, 0, 37 ]
[ 1, -1, 1, 2, 7, 0, -1, -3, 4 ]
[ -1, 0, -9, 1, -1, 1, 0, 0, 37 ]
[ 5, -1, 0, 1, 0, 9, 0, 0, 37 ]
[ -5, 1, 0, 1, -1, 1, 1, 0, 9 ]
[ 1, 22, 0, 0, 14, 1, 0, 5, 3 ]
[ 1, 8, -1, 1, 22, 0, 0, 5, 3 ]
[ 2, 7, 0, 1, 4, 4, 0, 0, 37 ]
[ -2, -7, 0, -1, -8, 1, 1, 4, 4 ]
[ 0, 1, 8, -1, -3, 4, 0, 0, 37 ]
[ 1, -1, 1, 0, 1, 8, 0, 0, 37 ]
[ -1, 1, -1, -1, -3, 4, 0, 1, 8 ]
[ 1, 22, 0, 0, 1, 8, 0, 0, 37 ]
[ 1, 22, 0, 0, 5, 3, 0, 1, 8 ]
[ 0, -1, -8, 1, 22, 0, 0, 0, 37 ]
[ 0, -5, -3, 1, 22, 0, 0, 1, 8 ]
[ 1, 8, -1, 0, 1, 8, 0, 0, 37 ]
[ 1, 8, -1, 0, 5, 3, 0, 1, 8 ]
[ 0, 1, 8, -1, -8, 1, 0, 0, 37 ]
[ 1, 4, 4, 0, 1, 8, 0, 0, 37 ]
[ -1, -4, -4, -1, -8, 1, 0, 1, 8 ]
[ 1, -1, 0, 0, 37, 0, 0, -4, 1 ]
[ 37, 0, 0, -1, 1, 0, -4, 0, 1 ]
[ 1, -1, 0, 0, 1, 9, 0, 0, 37 ]
[ -1, 1, 0, 0, -4, 1, 0, 1, 9 ]
[ 1, 0, 9, -1, 1, 0, 0, 0, 37 ]
[ 4, 0, -1, -1, 1, 0, 1, 0, 9 ]
[ 37, 0, 0, 3, 1, 0, -4, 0, 1 ]
[ 1, -12, 0, 0, 37, 0, 0, -11, 1 ]
[ 3, 1, 0, -1, 12, 0, -1, 1, 1 ]
[ 1, 0, 9, 3, 1, 0, 0, 0, 37 ]
[ 4, 0, -1, 3, 1, 0, 1, 0, 9 ]
[ -1, 12, 0, 0, -11, 1, 0, 4, 3 ]
[ 1, -1, -1, -1, 12, 0, 0, 4, 3 ]
[ 1, 0, 9, -1, 1, 1, 0, 0, 37 ]
[ -3, -1, 0, 1, 0, 9, 0, 0, 37 ]
[ 3, 1, 0, -1, 1, 1, 1, 0, 9 ]
[ 1, -12, 0, 0, 1, 10, 0, 0, 37 ]
[ 1, -12, 0, 0, 4, 3, 0, 1, 10 ]
[ 0, 1, 10, -1, 12, 0, 0, 0, 37 ]
[ 0, 4, 3, -1, 12, 0, 0, 1, 10 ]
[ 1, -1, -1, 0, 1, 10, 0, 0, 37 ]
[ 1, -1, -1, 0, 4, 3, 0, 1, 10 ]
[ 37, 0, 0, 7, 1, 0, -4, 0, 1 ]
[ 7, 1, 0, -2, 5, 0, 3, 1, 1 ]
[ 1, 0, 9, 7, 1, 0, 0, 0, 37 ]
[ 4, 0, -1, 7, 1, 0, 1, 0, 9 ]
[ 1, -21, 0, 0, 37, 0, 0, -10, 1 ]
[ 2, -5, 0, -1, 21, 0, -1, 11, 1 ]
[ 3, 1, 1, -2, 5, 0, -1, 1, 2 ]
[ 1, 0, 9, 3, 1, 1, 0, 0, 37 ]
[ -7, -1, 0, 1, 0, 9, 0, 0, 37 ]
[ 7, 1, 0, 3, 1, 1, 1, 0, 9 ]
[ -1, 21, 0, 0, -10, 1, 0, -3, 4 ]
[ 1, -11, -1, -1, 21, 0, 0, -3, 4 ]
[ 2, -5, 0, -1, 11, 1, 1, -4, 2 ]
[ 1, -2, -13, -2, 5, 0, 0, 0, 37 ]
[ 1, -1, -2, -1, 2, 13, 0, 0, 37 ]
[ 1, -1, -2, -2, 5, 0, -1, 2, 13 ]
[ 1, 0, 9, -1, 1, 2, 0, 0, 37 ]
[ -3, -1, -1, 1, 0, 9, 0, 0, 37 ]
[ 3, 1, 1, -1, 1, 2, 1, 0, 9 ]
[ 1, -21, 0, 0, 1, 11, 0, 0, 37 ]
[ -1, 21, 0, 0, -3, 4, 0, 1, 11 ]
[ 0, 1, 11, -1, 21, 0, 0, 0, 37 ]
[ 0, 3, -4, -1, 21, 0, 0, 1, 11 ]
[ 1, -11, -1, 0, 1, 11, 0, 0, 37 ]
[ -1, 11, 1, 0, -3, 4, 0, 1, 11 ]
[ 1, -4, 2, -1, 11, 1, 0, -3, 4 ]
[ -1, 3, -13, 1, -4, 2, 0, 0, 37 ]
[ -2, 5, 0, 1, -3, 13, 0, 0, 37 ]
[ -2, 5, 0, 1, -4, 2, 1, -3, 13 ]
[ 0, 1, 11, -1, 11, 1, 0, 0, 37 ]
[ 0, 3, -4, -1, 11, 1, 0, 1, 11 ]
[ 1, -4, 2, 0, 1, 11, 0, 0, 37 ]
[ -1, 4, -2, 0, -3, 4, 0, 1, 11 ]
[ 37, 0, 0, 11, 1, 0, -4, 0, 1 ]
[ 11, 1, 0, -4, 3, 0, -4, 0, 1 ]
[ 1, 0, 9, 11, 1, 0, 0, 0, 37 ]
[ 4, 0, -1, 11, 1, 0, 1, 0, 9 ]
[ 1, -10, 0, 0, 37, 0, 0, -3, 1 ]
[ 4, -3, 0, -1, 10, 0, 0, -3, 1 ]
[ -1, 1, 3, -4, 3, 0, 0, 0, 37 ]
[ 4, 0, -1, -4, 3, 0, -1, 1, 3 ]
[ -11, -1, 0, 1, 0, 9, 0, 0, 37 ]
[ 11, 1, 0, -4, 0, 1, 1, 0, 9 ]
[ 1, -10, 0, 0, 1, 12, 0, 0, 37 ]
[ -1, 10, 0, 0, -3, 1, 0, 1, 12 ]
[ 0, 1, 12, -1, 10, 0, 0, 0, 37 ]
[ 0, 3, -1, -1, 10, 0, 0, 1, 12 ]
[ 4, -3, 0, -1, 1, 3, 0, 0, 37 ]
[ -4, 3, 0, 0, -3, 1, -1, 1, 3 ]
[ 1, 0, 9, -1, 1, 3, 0, 0, 37 ]
[ 4, 0, -1, -1, 1, 3, 1, 0, 9 ]
[ 1, -1, -3, 0, 1, 12, 0, 0, 37 ]
[ -1, 1, 3, 0, -3, 1, 0, 1, 12 ]
[ 37, 0, 0, 15, 1, 0, -4, 0, 1 ]
[ 15, 1, 0, -7, 2, 0, -4, 0, 1 ]
[ 1, 0, 9, 15, 1, 0, 0, 0, 37 ]
[ 4, 0, -1, 15, 1, 0, 1, 0, 9 ]
[ 1, 5, 0, 0, 37, 0, 0, -17, 1 ]
[ 7, -2, 0, 1, 5, 0, 3, -2, 1 ]
[ 4, 0, -1, -7, 2, 0, -5, 1, 5 ]
[ -15, -1, 0, 1, 0, 9, 0, 0, 37 ]
[ 15, 1, 0, -4, 0, 1, 1, 0, 9 ]
[ -1, -5, 0, 0, -17, 1, 0, 3, 2 ]
[ 3, -2, 1, 1, 5, 0, -1, -2, 2 ]
[ -2, 1, -5, 3, -2, 1, 0, 0, 37 ]
[ -7, 2, 0, 3, -2, 1, 2, -1, 5 ]
[ 4, -1, -14, -7, 2, 0, 0, 0, 37 ]
[ 5, -1, -5, -4, 1, 14, 0, 0, 37 ]
[ 5, -1, -5, -7, 2, 0, -4, 1, 14 ]
[ 1, 0, 9, -5, 1, 5, 0, 0, 37 ]
[ 4, 0, -1, -5, 1, 5, 1, 0, 9 ]
[ 1, 5, 0, 0, 1, 13, 0, 0, 37 ]
[ 1, 5, 0, 0, 3, 2, 0, 1, 13 ]
[ 0, -1, -13, 1, 5, 0, 0, 0, 37 ]
[ 1, 2, -2, 0, 1, 13, 0, 0, 37 ]
[ 1, 2, -2, 1, 5, 0, 0, 1, 13 ]
[ 3, -2, 1, -1, 1, 4, 0, 0, 37 ]
[ -3, 2, -1, -1, -2, 2, -1, 1, 4 ]
[ -3, 1, -14, 2, -1, 5, 0, 0, 37 ]
[ -7, 2, 0, 3, -1, 14, 0, 0, 37 ]
[ -7, 2, 0, 2, -1, 5, 3, -1, 14 ]
[ 0, 1, 13, -1, -2, 2, 0, 0, 37 ]
[ 1, -1, -4, 0, 1, 13, 0, 0, 37 ]
[ -1, 1, 4, -1, -2, 2, 0, 1, 13 ]
[ 37, 0, 0, -18, 1, 0, -4, 0, 1 ]
[ 1, 2, 0, 0, 37, 0, 0, 8, 1 ]
[ 18, -1, 0, 1, 2, 0, -4, 0, 1 ]
[ 1, 0, 9, -18, 1, 0, 0, 0, 37 ]
[ 4, 0, -1, -18, 1, 0, 1, 0, 9 ]
[ 1, 2, 0, 0, 8, 1, 0, 3, 5 ]
[ 4, 0, -1, 1, 2, 0, -1, 1, 5 ]
[ 18, -1, 0, 1, 0, 9, 0, 0, 37 ]
[ -18, 1, 0, -4, 0, 1, 1, 0, 9 ]
[ 1, 2, 0, 0, 1, 14, 0, 0, 37 ]
[ 1, 2, 0, 0, 3, 5, 0, 1, 14 ]
[ 0, -1, -14, 1, 2, 0, 0, 0, 37 ]
[ 1, -1, -5, 0, 1, 14, 0, 0, 37 ]
[ 1, -1, -5, 1, 2, 0, 0, 1, 14 ]
[ 1, 0, 9, -1, 1, 5, 0, 0, 37 ]
[ 4, 0, -1, -1, 1, 5, 1, 0, 9 ]
[ 37, 0, 0, -14, 1, 0, -4, 0, 1 ]
[ 14, -1, 0, -5, 3, 0, -4, 0, 1 ]
[ 1, 0, 9, -14, 1, 0, 0, 0, 37 ]
[ 4, 0, -1, -14, 1, 0, 1, 0, 9 ]
[ 1, -8, 0, 0, 37, 0, 0, 5, 1 ]
[ 5, -3, 0, -1, 8, 0, 1, -3, 1 ]
[ 2, -1, 3, -5, 3, 0, 0, 0, 37 ]
[ 4, 0, -1, -5, 3, 0, 2, -1, 3 ]
[ 14, -1, 0, 1, 0, 9, 0, 0, 37 ]
[ -14, 1, 0, -4, 0, 1, 1, 0, 9 ]
[ 1, -8, 0, 0, 5, 1, 0, -2, 7 ]
[ 1, -3, 1, -1, 8, 0, 0, -2, 7 ]
[ 5, -3, 0, 2, -1, 3, 0, 0, 37 ]
[ -5, 3, 0, 1, -3, 1, 2, -1, 3 ]
[ -1, 0, -9, 2, -1, 3, 0, 0, 37 ]
[ -4, 0, 1, 2, -1, 3, 1, 0, 9 ]
[ -1, 8, 0, 0, -1, 22, 0, 0, 37 ]
[ -1, 8, 0, 0, -2, 7, 0, -1, 22 ]
[ 0, 1, -22, -1, 8, 0, 0, 0, 37 ]
[ 0, 2, -7, -1, 8, 0, 0, -1, 22 ]
[ -1, 3, -1, 0, -1, 22, 0, 0, 37 ]
[ -1, 3, -1, 0, -2, 7, 0, -1, 22 ]
[ 2, -1, 3, -1, 1, 6, 0, 0, 37 ]
[ -2, 1, -3, 1, -3, 1, -1, 1, 6 ]
[ 0, -1, 22, 1, -3, 1, 0, 0, 37 ]
[ -1, 1, 6, 0, -1, 22, 0, 0, 37 ]
[ -1, 1, 6, 1, -3, 1, 0, -1, 22 ]
[ 37, 0, 0, -10, 1, 0, -4, 0, 1 ]
[ 10, -1, 0, -3, 4, 0, -4, 0, 1 ]
[ 1, 0, 9, -10, 1, 0, 0, 0, 37 ]
[ 4, 0, -1, -10, 1, 0, 1, 0, 9 ]
[ 1, 11, 0, 0, 37, 0, 0, 7, 1 ]
[ 3, -4, 0, 1, 11, 0, -1, -4, 1 ]
[ 4, 0, -1, -3, 4, 0, 2, -1, 2 ]
[ 10, -1, 0, 1, 0, 9, 0, 0, 37 ]
[ -10, 1, 0, -4, 0, 1, 1, 0, 9 ]
[ 1, 11, 0, 0, 7, 1, 0, -2, 5 ]
[ 1, 4, -1, 1, 11, 0, 0, -2, 5 ]
[ -3, 4, 0, -1, -4, 1, -1, 3, 2 ]
[ 1, -1, -7, -3, 4, 0, 0, 0, 37 ]
[ 2, -1, 2, -1, 1, 7, 0, 0, 37 ]
[ 2, -1, 2, -3, 4, 0, -1, 1, 7 ]
[ -1, 0, -9, 2, -1, 2, 0, 0, 37 ]
[ -4, 0, 1, 2, -1, 2, 1, 0, 9 ]
[ -1, -11, 0, 0, -1, 21, 0, 0, 37 ]
[ -1, -11, 0, 0, -2, 5, 0, -1, 21 ]
[ 0, -1, 21, 1, 11, 0, 0, 0, 37 ]
[ 0, -2, 5, 1, 11, 0, 0, -1, 21 ]
[ -1, -4, 1, 0, -1, 21, 0, 0, 37 ]
[ -1, -4, 1, 0, -2, 5, 0, -1, 21 ]
[ -1, 3, 2, -1, -4, 1, 0, -2, 5 ]
[ -3, 4, 0, -1, 1, 7, 0, 0, 37 ]
[ 3, -4, 0, -1, 3, 2, -1, 1, 7 ]
[ 0, 1, -21, -1, -4, 1, 0, 0, 37 ]
[ 0, 2, -5, -1, -4, 1, 0, -1, 21 ]
[ -1, 3, 2, 0, -1, 21, 0, 0, 37 ]
[ -1, 3, 2, 0, -2, 5, 0, -1, 21 ]
[ 1, -2, -23, -1, 3, 2, 0, 0, 37 ]
[ 1, -1, -7, -1, 2, 23, 0, 0, 37 ]
[ 1, -1, -7, -1, 3, 2, -1, 2, 23 ]
[ 37, 0, 0, -6, 1, 0, -4, 0, 1 ]
[ 1, 6, 0, 0, 37, 0, 0, -13, 1 ]
[ 6, -1, 0, 1, 6, 0, 2, -1, 1 ]
[ 1, 0, 9, -6, 1, 0, 0, 0, 37 ]
[ 4, 0, -1, -6, 1, 0, 1, 0, 9 ]
[ -1, -6, 0, 0, -13, 1, 0, -2, 3 ]
[ 2, -1, 1, 1, 6, 0, 0, -2, 3 ]
[ -1, 0, -9, 2, -1, 1, 0, 0, 37 ]
[ 6, -1, 0, 1, 0, 9, 0, 0, 37 ]
[ -6, 1, 0, 2, -1, 1, 1, 0, 9 ]
[ -1, -6, 0, 0, -1, 20, 0, 0, 37 ]
[ -1, -6, 0, 0, -2, 3, 0, -1, 20 ]
[ 0, -1, 20, 1, 6, 0, 0, 0, 37 ]
[ 0, -2, 3, 1, 6, 0, 0, -1, 20 ]
[ 2, -1, 1, 1, 0, 9, 0, 0, 37 ]
[ -2, 1, -1, 0, -2, 3, 1, 0, 9 ]
[ -1, 0, -9, 0, -1, 20, 0, 0, 37 ]
[ -1, 0, -9, 0, -2, 3, 0, -1, 20 ]
[ 37, 0, 0, -2, 1, 0, -4, 0, 1 ]
[ 1, -19, 0, 0, 37, 0, 0, -2, 1 ]
[ 2, -1, 0, -1, 19, 0, 0, -2, 1 ]
[ 1, 0, 9, -2, 1, 0, 0, 0, 37 ]
[ 4, 0, -1, -2, 1, 0, 1, 0, 9 ]
[ -1, 19, 0, 0, -1, 19, 0, 0, 37 ]
[ -1, 19, 0, 0, -2, 1, 0, -1, 19 ]
[ 0, 1, -19, -1, 19, 0, 0, 0, 37 ]
[ 0, 2, -1, -1, 19, 0, 0, -1, 19 ]
[ 2, -1, 0, -1, 1, 9, 0, 0, 37 ]
[ -2, 1, 0, 0, -2, 1, -1, 1, 9 ]
[ -1, 1, 9, 0, -1, 19, 0, 0, 37 ]
[ -1, 1, 9, 0, -2, 1, 0, -1, 19 ]
[ 37, 0, 0, 2, 1, 0, -4, 0, 1 ]
[ 1, 19, 0, 0, 37, 0, 0, 2, 1 ]
[ 2, 1, 0, 1, 19, 0, 0, 2, 1 ]
[ 1, 0, 9, 2, 1, 0, 0, 0, 37 ]
[ 4, 0, -1, 2, 1, 0, 1, 0, 9 ]
[ 1, 19, 0, 0, 1, 19, 0, 0, 37 ]
[ 1, 19, 0, 0, 2, 1, 0, 1, 19 ]
[ 0, -1, -19, 1, 19, 0, 0, 0, 37 ]
[ 0, -2, -1, 1, 19, 0, 0, 1, 19 ]
[ -2, -1, 0, 1, 0, 9, 0, 0, 37 ]
[ 2, 1, 0, 0, 2, 1, 1, 0, 9 ]
[ 1, 0, 9, 0, 1, 19, 0, 0, 37 ]
[ 1, 0, 9, 0, 2, 1, 0, 1, 19 ]
[ 37, 0, 0, 6, 1, 0, -4, 0, 1 ]
[ 1, -6, 0, 0, 37, 0, 0, 13, 1 ]
[ 6, 1, 0, -1, 6, 0, 2, 1, 1 ]
[ 1, 0, 9, 6, 1, 0, 0, 0, 37 ]
[ 4, 0, -1, 6, 1, 0, 1, 0, 9 ]
[ 1, -6, 0, 0, 13, 1, 0, 2, 3 ]
[ 2, 1, 1, -1, 6, 0, 0, 2, 3 ]
[ 1, 0, 9, 2, 1, 1, 0, 0, 37 ]
[ -6, -1, 0, 1, 0, 9, 0, 0, 37 ]
[ 6, 1, 0, 2, 1, 1, 1, 0, 9 ]
[ 1, -6, 0, 0, 1, 20, 0, 0, 37 ]
[ 1, -6, 0, 0, 2, 3, 0, 1, 20 ]
[ 0, 1, 20, -1, 6, 0, 0, 0, 37 ]
[ 0, 2, 3, -1, 6, 0, 0, 1, 20 ]
[ -2, -1, -1, 1, 0, 9, 0, 0, 37 ]
[ 2, 1, 1, 0, 2, 3, 1, 0, 9 ]
[ 1, 0, 9, 0, 1, 20, 0, 0, 37 ]
[ 1, 0, 9, 0, 2, 3, 0, 1, 20 ]
[ 37, 0, 0, 10, 1, 0, -4, 0, 1 ]
[ 10, 1, 0, 3, 4, 0, -4, 0, 1 ]
[ 1, 0, 9, 10, 1, 0, 0, 0, 37 ]
[ 4, 0, -1, 10, 1, 0, 1, 0, 9 ]
[ 1, -11, 0, 0, 37, 0, 0, -7, 1 ]
[ 3, 4, 0, -1, 11, 0, -1, 4, 1 ]
[ 4, 0, -1, 3, 4, 0, 2, 1, 2 ]
[ -10, -1, 0, 1, 0, 9, 0, 0, 37 ]
[ 10, 1, 0, -4, 0, 1, 1, 0, 9 ]
[ -1, 11, 0, 0, -7, 1, 0, 2, 5 ]
[ 1, -4, -1, -1, 11, 0, 0, 2, 5 ]
[ 3, 4, 0, -1, 4, 1, -1, -3, 2 ]
[ 1, 1, -7, 3, 4, 0, 0, 0, 37 ]
[ -2, -1, -2, -1, -1, 7, 0, 0, 37 ]
[ 2, 1, 2, 3, 4, 0, -1, -1, 7 ]
[ 1, 0, 9, 2, 1, 2, 0, 0, 37 ]
[ 4, 0, -1, 2, 1, 2, 1, 0, 9 ]
[ 1, -11, 0, 0, 1, 21, 0, 0, 37 ]
[ 1, -11, 0, 0, 2, 5, 0, 1, 21 ]
[ 0, 1, 21, -1, 11, 0, 0, 0, 37 ]
[ 0, 2, 5, -1, 11, 0, 0, 1, 21 ]
[ 1, -4, -1, 0, 1, 21, 0, 0, 37 ]
[ 1, -4, -1, 0, 2, 5, 0, 1, 21 ]
[ 1, 3, -2, -1, 4, 1, 0, 2, 5 ]
[ 3, 4, 0, -1, -1, 7, 0, 0, 37 ]
[ -3, -4, 0, -1, -3, 2, -1, -1, 7 ]
[ 0, 1, 21, -1, 4, 1, 0, 0, 37 ]
[ 0, 2, 5, -1, 4, 1, 0, 1, 21 ]
[ 1, 3, -2, 0, 1, 21, 0, 0, 37 ]
[ 1, 3, -2, 0, 2, 5, 0, 1, 21 ]
[ -1, -2, 23, -1, -3, 2, 0, 0, 37 ]
[ -1, -1, 7, -1, -2, 23, 0, 0, 37 ]
[ -1, -1, 7, -1, -3, 2, -1, -2, 23 ]
[ 37, 0, 0, 14, 1, 0, -4, 0, 1 ]
[ 14, 1, 0, 5, 3, 0, -4, 0, 1 ]
[ 1, 0, 9, 14, 1, 0, 0, 0, 37 ]
[ 4, 0, -1, 14, 1, 0, 1, 0, 9 ]
[ 1, 8, 0, 0, 37, 0, 0, -5, 1 ]
[ 5, 3, 0, 1, 8, 0, 1, 3, 1 ]
[ 2, 1, 3, 5, 3, 0, 0, 0, 37 ]
[ 4, 0, -1, 5, 3, 0, 2, 1, 3 ]
[ -14, -1, 0, 1, 0, 9, 0, 0, 37 ]
[ 14, 1, 0, -4, 0, 1, 1, 0, 9 ]
[ -1, -8, 0, 0, -5, 1, 0, 2, 7 ]
[ 1, 3, 1, 1, 8, 0, 0, 2, 7 ]
[ -5, -3, 0, 2, 1, 3, 0, 0, 37 ]
[ 5, 3, 0, 1, 3, 1, 2, 1, 3 ]
[ 1, 0, 9, 2, 1, 3, 0, 0, 37 ]
[ 4, 0, -1, 2, 1, 3, 1, 0, 9 ]
[ 1, 8, 0, 0, 1, 22, 0, 0, 37 ]
[ 1, 8, 0, 0, 2, 7, 0, 1, 22 ]
[ 0, -1, -22, 1, 8, 0, 0, 0, 37 ]
[ 0, -2, -7, 1, 8, 0, 0, 1, 22 ]
[ 1, 3, 1, 0, 1, 22, 0, 0, 37 ]
[ 1, 3, 1, 0, 2, 7, 0, 1, 22 ]
[ -2, -1, -3, -1, -1, 6, 0, 0, 37 ]
[ 2, 1, 3, 1, 3, 1, -1, -1, 6 ]
[ 0, -1, -22, 1, 3, 1, 0, 0, 37 ]
[ 1, 1, -6, 0, 1, 22, 0, 0, 37 ]
[ 1, 1, -6, 1, 3, 1, 0, 1, 22 ]
[ 37, 0, 0, 18, 1, 0, -4, 0, 1 ]
[ 1, -2, 0, 0, 37, 0, 0, -8, 1 ]
[ 18, 1, 0, -1, 2, 0, -4, 0, 1 ]
[ 1, 0, 9, 18, 1, 0, 0, 0, 37 ]
[ 4, 0, -1, 18, 1, 0, 1, 0, 9 ]
[ -1, 2, 0, 0, -8, 1, 0, -3, 5 ]
[ 4, 0, -1, -1, 2, 0, -2, 1, 5 ]
[ -18, -1, 0, 1, 0, 9, 0, 0, 37 ]
[ 18, 1, 0, -4, 0, 1, 1, 0, 9 ]
[ -1, 2, 0, 0, -1, 14, 0, 0, 37 ]
[ -1, 2, 0, 0, -3, 5, 0, -1, 14 ]
[ 1, -1, -14, -1, 2, 0, 0, 0, 37 ]
[ 2, -1, -5, -1, 1, 14, 0, 0, 37 ]
[ 2, -1, -5, -1, 2, 0, -1, 1, 14 ]
[ 1, 0, 9, -2, 1, 5, 0, 0, 37 ]
[ 4, 0, -1, -2, 1, 5, 1, 0, 9 ]
[ 37, 0, 0, -15, 1, 0, -4, 0, 1 ]
[ 15, -1, 0, 7, 2, 0, -4, 0, 1 ]
[ 1, 0, 9, -15, 1, 0, 0, 0, 37 ]
[ 4, 0, -1, -15, 1, 0, 1, 0, 9 ]
[ 1, -5, 0, 0, 37, 0, 0, 17, 1 ]
[ 7, 2, 0, -1, 5, 0, 3, 2, 1 ]
[ 4, 0, -1, 7, 2, 0, 2, 1, 5 ]
[ 15, -1, 0, 1, 0, 9, 0, 0, 37 ]
[ -15, 1, 0, -4, 0, 1, 1, 0, 9 ]
[ 1, -5, 0, 0, 17, 1, 0, -3, 2 ]
[ 3, 2, 1, -1, 5, 0, -1, 2, 2 ]
[ 2, 1, 5, 3, 2, 1, 0, 0, 37 ]
[ 7, 2, 0, 3, 2, 1, 2, 1, 5 ]
[ -3, -1, -14, 7, 2, 0, 0, 0, 37 ]
[ -2, -1, -5, 3, 1, 14, 0, 0, 37 ]
[ -2, -1, -5, 7, 2, 0, 3, 1, 14 ]
[ 1, 0, 9, 2, 1, 5, 0, 0, 37 ]
[ 4, 0, -1, 2, 1, 5, 1, 0, 9 ]
[ -1, 5, 0, 0, -1, 13, 0, 0, 37 ]
[ -1, 5, 0, 0, -3, 2, 0, -1, 13 ]
[ 0, 1, -13, -1, 5, 0, 0, 0, 37 ]
[ -1, 2, 2, 0, -1, 13, 0, 0, 37 ]
[ 1, -2, -2, -1, 5, 0, 0, -1, 13 ]
[ -3, -2, -1, -1, -1, 4, 0, 0, 37 ]
[ 3, 2, 1, -1, 2, 2, -1, -1, 4 ]
[ 3, 1, 14, 2, 1, 5, 0, 0, 37 ]
[ 7, 2, 0, 3, 1, 14, 0, 0, 37 ]
[ 7, 2, 0, 2, 1, 5, 3, 1, 14 ]
[ 0, 1, -13, -1, 2, 2, 0, 0, 37 ]
[ -1, -1, 4, 0, -1, 13, 0, 0, 37 ]
[ 1, 1, -4, -1, 2, 2, 0, -1, 13 ]
[ 37, 0, 0, -11, 1, 0, -4, 0, 1 ]
[ 11, -1, 0, 4, 3, 0, -4, 0, 1 ]
[ 1, 0, 9, -11, 1, 0, 0, 0, 37 ]
[ 4, 0, -1, -11, 1, 0, 1, 0, 9 ]
[ 1, 10, 0, 0, 37, 0, 0, 3, 1 ]
[ 4, 3, 0, 1, 10, 0, 0, 3, 1 ]
[ -1, -1, 3, 4, 3, 0, 0, 0, 37 ]
[ 4, 0, -1, 4, 3, 0, -1, -1, 3 ]
[ 11, -1, 0, 1, 0, 9, 0, 0, 37 ]
[ -11, 1, 0, -4, 0, 1, 1, 0, 9 ]
[ -1, -10, 0, 0, -1, 12, 0, 0, 37 ]
[ 1, 10, 0, 0, 3, 1, 0, -1, 12 ]
[ 0, -1, 12, 1, 10, 0, 0, 0, 37 ]
[ 0, -3, -1, 1, 10, 0, 0, -1, 12 ]
[ -4, -3, 0, -1, -1, 3, 0, 0, 37 ]
[ 4, 3, 0, 0, 3, 1, -1, -1, 3 ]
[ -1, 0, -9, -1, -1, 3, 0, 0, 37 ]
[ -4, 0, 1, -1, -1, 3, 1, 0, 9 ]
[ -1, -1, 3, 0, -1, 12, 0, 0, 37 ]
[ 1, 1, -3, 0, 3, 1, 0, -1, 12 ]
[ 37, 0, 0, -7, 1, 0, -4, 0, 1 ]
[ 7, -1, 0, 2, 5, 0, 3, -1, 1 ]
[ 1, 0, 9, -7, 1, 0, 0, 0, 37 ]
[ 4, 0, -1, -7, 1, 0, 1, 0, 9 ]
[ 1, 21, 0, 0, 37, 0, 0, 10, 1 ]
[ 2, 5, 0, 1, 21, 0, -1, -11, 1 ]
[ 3, -1, 1, 2, 5, 0, -1, -1, 2 ]
[ -1, 0, -9, 3, -1, 1, 0, 0, 37 ]
[ 7, -1, 0, 1, 0, 9, 0, 0, 37 ]
[ -7, 1, 0, 3, -1, 1, 1, 0, 9 ]
[ 1, 21, 0, 0, 10, 1, 0, 3, 4 ]
[ 1, 11, -1, 1, 21, 0, 0, 3, 4 ]
[ -2, -5, 0, -1, -11, 1, 1, 4, 2 ]
[ 1, 2, -13, 2, 5, 0, 0, 0, 37 ]
[ -1, -1, 2, -1, -2, 13, 0, 0, 37 ]
[ 1, 1, -2, 2, 5, 0, -1, -2, 13 ]
[ -1, 0, -9, -1, -1, 2, 0, 0, 37 ]
[ 3, -1, 1, 1, 0, 9, 0, 0, 37 ]
[ -3, 1, -1, -1, -1, 2, 1, 0, 9 ]
[ -1, -21, 0, 0, -1, 11, 0, 0, 37 ]
[ 1, 21, 0, 0, 3, 4, 0, -1, 11 ]
[ 0, -1, 11, 1, 21, 0, 0, 0, 37 ]
[ 0, -3, -4, 1, 21, 0, 0, -1, 11 ]
[ -1, -11, 1, 0, -1, 11, 0, 0, 37 ]
[ 1, 11, -1, 0, 3, 4, 0, -1, 11 ]
[ -1, -4, -2, -1, -11, 1, 0, 3, 4 ]
[ 1, 3, 13, 1, 4, 2, 0, 0, 37 ]
[ 2, 5, 0, 1, 3, 13, 0, 0, 37 ]
[ 2, 5, 0, 1, 4, 2, 1, 3, 13 ]
[ 0, 1, -11, -1, -11, 1, 0, 0, 37 ]
[ 0, 3, 4, -1, -11, 1, 0, -1, 11 ]
[ -1, -4, -2, 0, -1, 11, 0, 0, 37 ]
[ 1, 4, 2, 0, 3, 4, 0, -1, 11 ]
[ 37, 0, 0, -3, 1, 0, -4, 0, 1 ]
[ 1, 12, 0, 0, 37, 0, 0, 11, 1 ]
[ 3, -1, 0, 1, 12, 0, -1, -1, 1 ]
[ 1, 0, 9, -3, 1, 0, 0, 0, 37 ]
[ 4, 0, -1, -3, 1, 0, 1, 0, 9 ]
[ 1, 12, 0, 0, 11, 1, 0, -4, 3 ]
[ 1, 1, -1, 1, 12, 0, 0, -4, 3 ]
[ -1, 0, -9, -1, -1, 1, 0, 0, 37 ]
[ 3, -1, 0, 1, 0, 9, 0, 0, 37 ]
[ -3, 1, 0, -1, -1, 1, 1, 0, 9 ]
[ -1, -12, 0, 0, -1, 10, 0, 0, 37 ]
[ -1, -12, 0, 0, -4, 3, 0, -1, 10 ]
[ 0, -1, 10, 1, 12, 0, 0, 0, 37 ]
[ 0, -4, 3, 1, 12, 0, 0, -1, 10 ]
[ -1, -1, 1, 0, -1, 10, 0, 0, 37 ]
[ -1, -1, 1, 0, -4, 3, 0, -1, 10 ]
[ 1, 1, 0, 0, 37, 0, 0, 4, 1 ]
[ 37, 0, 0, 1, 1, 0, -4, 0, 1 ]
[ -1, -1, 0, 0, -1, 9, 0, 0, 37 ]
[ 1, 1, 0, 0, 4, 1, 0, -1, 9 ]
[ 1, 0, 9, 1, 1, 0, 0, 0, 37 ]
[ 4, 0, -1, 1, 1, 0, 1, 0, 9 ]
[ 37, 0, 0, 5, 1, 0, -4, 0, 1 ]
[ 5, 1, 0, -2, 7, 0, 1, 1, 1 ]
[ 1, 0, 9, 5, 1, 0, 0, 0, 37 ]
[ 4, 0, -1, 5, 1, 0, 1, 0, 9 ]
[ 1, -22, 0, 0, 37, 0, 0, -14, 1 ]
[ 2, -7, 0, -1, 22, 0, -1, 8, 1 ]
[ 1, -3, -4, -2, 7, 0, 0, 0, 37 ]
[ 1, 1, 1, -2, 7, 0, -1, 3, 4 ]
[ 1, 0, 9, 1, 1, 1, 0, 0, 37 ]
[ -5, -1, 0, 1, 0, 9, 0, 0, 37 ]
[ 5, 1, 0, 1, 1, 1, 1, 0, 9 ]
[ -1, 22, 0, 0, -14, 1, 0, -5, 3 ]
[ 1, -8, -1, -1, 22, 0, 0, -5, 3 ]
[ -2, 7, 0, 1, -4, 4, 0, 0, 37 ]
[ 2, -7, 0, -1, 8, 1, 1, -4, 4 ]
[ 0, 1, -8, -1, 3, 4, 0, 0, 37 ]
[ -1, -1, -1, 0, -1, 8, 0, 0, 37 ]
[ 1, 1, 1, -1, 3, 4, 0, -1, 8 ]
[ -1, 22, 0, 0, -1, 8, 0, 0, 37 ]
[ -1, 22, 0, 0, -5, 3, 0, -1, 8 ]
[ 0, 1, -8, -1, 22, 0, 0, 0, 37 ]
[ 0, 5, -3, -1, 22, 0, 0, -1, 8 ]
[ -1, 8, 1, 0, -1, 8, 0, 0, 37 ]
[ -1, 8, 1, 0, -5, 3, 0, -1, 8 ]
[ 0, 1, -8, -1, 8, 1, 0, 0, 37 ]
[ -1, 4, -4, 0, -1, 8, 0, 0, 37 ]
[ 1, -4, 4, -1, 8, 1, 0, -1, 8 ]
[ 37, 0, 0, 9, 1, 0, -4, 0, 1 ]
[ 1, -4, 0, 0, 37, 0, 0, -16, 1 ]
[ 9, 1, 0, -1, 4, 0, -4, 0, 1 ]
[ 1, 0, 9, 9, 1, 0, 0, 0, 37 ]
[ 4, 0, -1, 9, 1, 0, 1, 0, 9 ]
[ -1, 4, 0, 0, -16, 1, 0, 5, 2 ]
[ 4, 0, -1, -1, 4, 0, 1, 1, 2 ]
[ -9, -1, 0, 1, 0, 9, 0, 0, 37 ]
[ 9, 1, 0, -4, 0, 1, 1, 0, 9 ]
[ -1, 4, 0, 0, -1, 7, 0, 0, 37 ]
[ 1, -4, 0, 0, 5, 2, 0, -1, 7 ]
[ 0, 1, -7, -1, 4, 0, 0, 0, 37 ]
[ -1, -1, -2, 0, -1, 7, 0, 0, 37 ]
[ 1, 1, 2, -1, 4, 0, 0, -1, 7 ]
[ 1, 0, 9, 1, 1, 2, 0, 0, 37 ]
[ 4, 0, -1, 1, 1, 2, 1, 0, 9 ]
[ 37, 0, 0, 13, 1, 0, -4, 0, 1 ]
[ 13, 1, 0, 2, 3, 0, -4, 0, 1 ]
[ 1, 0, 9, 13, 1, 0, 0, 0, 37 ]
[ 4, 0, -1, 13, 1, 0, 1, 0, 9 ]
[ 1, 20, 0, 0, 37, 0, 0, 6, 1 ]
[ 2, 3, 0, 1, 20, 0, 0, 6, 1 ]
[ 1, 1, 3, 2, 3, 0, 0, 0, 37 ]
[ 4, 0, -1, 2, 3, 0, 1, 1, 3 ]
[ -13, -1, 0, 1, 0, 9, 0, 0, 37 ]
[ 13, 1, 0, -4, 0, 1, 1, 0, 9 ]
[ -1, -20, 0, 0, -1, 6, 0, 0, 37 ]
[ 1, 20, 0, 0, 6, 1, 0, -1, 6 ]
[ 0, -1, 6, 1, 20, 0, 0, 0, 37 ]
[ 0, -6, -1, 1, 20, 0, 0, -1, 6 ]
[ -2, -3, 0, 1, 1, 3, 0, 0, 37 ]
[ 2, 3, 0, 0, 6, 1, 1, 1, 3 ]
[ 1, 0, 9, 1, 1, 3, 0, 0, 37 ]
[ 4, 0, -1, 1, 1, 3, 1, 0, 9 ]
[ -1, -1, -3, 0, -1, 6, 0, 0, 37 ]
[ 1, 1, 3, 0, 6, 1, 0, -1, 6 ]
[ 37, 0, 0, 17, 1, 0, -4, 0, 1 ]
[ 17, 1, 0, -3, 2, 0, -4, 0, 1 ]
[ 1, 0, 9, 17, 1, 0, 0, 0, 37 ]
[ 4, 0, -1, 17, 1, 0, 1, 0, 9 ]
[ 1, -13, 0, 0, 37, 0, 0, -15, 1 ]
[ 3, -2, 0, -1, 13, 0, -1, -2, 1 ]
[ 4, 0, -1, -3, 2, 0, -3, 1, 5 ]
[ -17, -1, 0, 1, 0, 9, 0, 0, 37 ]
[ 17, 1, 0, -4, 0, 1, 1, 0, 9 ]
[ -1, 13, 0, 0, -15, 1, 0, 7, 2 ]
[ 1, 2, -1, -1, 13, 0, 0, 7, 2 ]
[ 0, 1, -5, -1, -2, 1, 0, 0, 37 ]
[ -3, 2, 0, -1, -2, 1, 0, -1, 5 ]
[ 2, -1, -14, -3, 2, 0, 0, 0, 37 ]
[ 3, -1, -5, -2, 1, 14, 0, 0, 37 ]
[ 3, -1, -5, -3, 2, 0, -2, 1, 14 ]
[ 1, 0, 9, -3, 1, 5, 0, 0, 37 ]
[ 4, 0, -1, -3, 1, 5, 1, 0, 9 ]
[ -1, 13, 0, 0, -1, 5, 0, 0, 37 ]
[ 1, -13, 0, 0, 7, 2, 0, -1, 5 ]
[ 0, 1, -5, -1, 13, 0, 0, 0, 37 ]
[ 0, 7, 2, -1, 13, 0, 0, -1, 5 ]
[ -1, -2, 1, 0, -1, 5, 0, 0, 37 ]
[ 1, 2, -1, 0, 7, 2, 0, -1, 5 ]
[ -1, 1, -14, 0, -1, 5, 0, 0, 37 ]
[ -3, 2, 0, 1, -1, 14, 0, 0, 37 ]
[ -3, 2, 0, 0, -1, 5, 1, -1, 14 ]
[ 37, 0, 0, -16, 1, 0, -4, 0, 1 ]
[ 16, -1, 0, 5, 2, 0, -4, 0, 1 ]
[ 1, 0, 9, -16, 1, 0, 0, 0, 37 ]
[ 4, 0, -1, -16, 1, 0, 1, 0, 9 ]
[ 1, -7, 0, 0, 37, 0, 0, 9, 1 ]
[ 5, 2, 0, -1, 7, 0, 1, 2, 1 ]
[ 4, 0, -1, 5, 2, 0, 1, 1, 5 ]
[ 16, -1, 0, 1, 0, 9, 0, 0, 37 ]
[ -16, 1, 0, -4, 0, 1, 1, 0, 9 ]
[ -1, 7, 0, 0, -1, 4, 0, 0, 37 ]
[ 1, -7, 0, 0, 9, 1, 0, -1, 4 ]
[ 0, 1, -4, -1, 7, 0, 0, 0, 37 ]
[ -1, -2, -1, 0, -1, 4, 0, 0, 37 ]
[ 1, 2, 1, -1, 7, 0, 0, -1, 4 ]
[ 1, 1, 5, 1, 2, 1, 0, 0, 37 ]
[ 5, 2, 0, 1, 2, 1, 1, 1, 5 ]
[ -2, -1, -14, 5, 2, 0, 0, 0, 37 ]
[ -1, -1, -5, 2, 1, 14, 0, 0, 37 ]
[ -1, -1, -5, 5, 2, 0, 2, 1, 14 ]
[ 1, 0, 9, 1, 1, 5, 0, 0, 37 ]
[ 4, 0, -1, 1, 1, 5, 1, 0, 9 ]
[ 2, 1, 14, 1, 1, 5, 0, 0, 37 ]
[ 5, 2, 0, 2, 1, 14, 0, 0, 37 ]
[ 5, 2, 0, 1, 1, 5, 2, 1, 14 ]
[ 37, 0, 0, -12, 1, 0, -4, 0, 1 ]
[ 1, 3, 0, 0, 37, 0, 0, 12, 1 ]
[ 12, -1, 0, 1, 3, 0, -4, 0, 1 ]
[ 1, 0, 9, -12, 1, 0, 0, 0, 37 ]
[ 4, 0, -1, -12, 1, 0, 1, 0, 9 ]
[ -1, -3, 0, 0, -1, 3, 0, 0, 37 ]
[ 1, 3, 0, 0, 12, 1, 0, -1, 3 ]
[ 0, -1, 3, 1, 3, 0, 0, 0, 37 ]
[ 4, 0, -1, 1, 3, 0, 0, -1, 3 ]
[ 12, -1, 0, 1, 0, 9, 0, 0, 37 ]
[ -12, 1, 0, -4, 0, 1, 1, 0, 9 ]
[ -1, 0, -9, 0, -1, 3, 0, 0, 37 ]
[ -4, 0, 1, 0, -1, 3, 1, 0, 9 ]
[ 37, 0, 0, -8, 1, 0, -4, 0, 1 ]
[ 8, -1, 0, -3, 5, 0, 4, -1, 1 ]
[ 1, 0, 9, -8, 1, 0, 0, 0, 37 ]
[ 4, 0, -1, -8, 1, 0, 1, 0, 9 ]
[ 1, -14, 0, 0, 37, 0, 0, 18, 1 ]
[ 3, -5, 0, -1, 14, 0, 1, 4, 1 ]
[ 4, -1, 1, -3, 5, 0, 0, -1, 2 ]
[ -1, 0, -9, 4, -1, 1, 0, 0, 37 ]
[ 8, -1, 0, 1, 0, 9, 0, 0, 37 ]
[ -8, 1, 0, 4, -1, 1, 1, 0, 9 ]
[ -1, 14, 0, 0, -1, 2, 0, 0, 37 ]
[ 1, -14, 0, 0, 18, 1, 0, -1, 2 ]
[ 0, 1, -2, -1, 14, 0, 0, 0, 37 ]
[ -1, -4, -1, 0, -1, 2, 0, 0, 37 ]
[ 1, 4, 1, -1, 14, 0, 0, -1, 2 ]
[ 0, -1, 2, 1, 4, 1, 0, 0, 37 ]
[ 3, -5, 0, 1, 4, 1, 0, -1, 2 ]
[ -1, 2, -13, -3, 5, 0, 0, 0, 37 ]
[ 0, -1, 2, 1, -2, 13, 0, 0, 37 ]
[ 0, 1, -2, -3, 5, 0, 1, -2, 13 ]
[ -1, 0, -9, 0, -1, 2, 0, 0, 37 ]
[ 4, -1, 1, 1, 0, 9, 0, 0, 37 ]
[ -4, 1, -1, 0, -1, 2, 1, 0, 9 ]
[ -1, 2, -13, 0, -1, 2, 0, 0, 37 ]
[ -3, 5, 0, 1, -2, 13, 0, 0, 37 ]
[ -3, 5, 0, 0, -1, 2, 1, -2, 13 ]
[ 37, 0, 0, -4, 1, 0, -4, 0, 1 ]
[ -1, -9, 0, 0, -1, 1, 0, 0, 37 ]
[ 1, 9, 0, 0, 37, 0, 0, -1, 1 ]
[ 0, -1, 1, 1, 9, 0, 0, 0, 37 ]
[ 4, -1, 0, 1, 9, 0, 0, -1, 1 ]
[ 1, 0, 9, -4, 1, 0, 0, 0, 37 ]
[ 4, 0, -1, -4, 1, 0, 1, 0, 9 ]
[ -1, 0, -9, 0, -1, 1, 0, 0, 37 ]
[ 4, -1, 0, 1, 0, 9, 0, 0, 37 ]
[ -4, 1, 0, 0, -1, 1, 1, 0, 9 ]
[ 37, 0, 0, 0, 1, 0, -11, 0, 1 ]
[ 11, 0, -1, 0, 1, 0, 4, 0, 3 ]
[ 1, 0, 10, 0, 1, 0, 0, 0, 37 ]
[ 4, 0, 3, 0, 1, 0, 1, 0, 10 ]
[ 37, 0, 0, 11, 1, 0, -11, 0, 1 ]
[ 11, 1, 0, -4, 3, 0, 0, 1, 1 ]
[ 11, 0, -1, 11, 1, 0, 4, 0, 3 ]
[ 1, -10, 0, 0, 1, 1, 0, 0, 37 ]
[ 1, -10, 0, 0, 37, 0, 0, 1, 1 ]
[ 0, 1, 1, -1, 10, 0, 0, 0, 37 ]
[ 4, -3, 0, -1, 10, 0, 0, 1, 1 ]
[ -1, 1, -9, -4, 3, 0, 0, 0, 37 ]
[ 0, -1, -1, 1, -1, 9, 0, 0, 37 ]
[ 0, 1, 1, -4, 3, 0, 1, -1, 9 ]
[ 11, 1, 0, 0, 1, 1, 4, 0, 3 ]
[ 1, 0, 10, 11, 1, 0, 0, 0, 37 ]
[ 4, 0, 3, 11, 1, 0, 1, 0, 10 ]
[ 1, -1, 9, 0, 1, 1, 0, 0, 37 ]
[ -4, 3, 0, 1, -1, 9, 0, 0, 37 ]
[ 4, -3, 0, 0, 1, 1, 1, -1, 9 ]
[ 1, 0, 10, 0, 1, 1, 0, 0, 37 ]
[ 4, 0, 3, 0, 1, 1, 1, 0, 10 ]
[ -11, -1, 0, 1, 0, 10, 0, 0, 37 ]
[ -11, -1, 0, 4, 0, 3, 1, 0, 10 ]
[ 37, 0, 0, -15, 1, 0, -11, 0, 1 ]
[ 15, -1, 0, 7, 2, 0, 4, -1, 1 ]
[ 11, 0, -1, -15, 1, 0, 4, 0, 3 ]
[ 1, -5, 0, 0, 37, 0, 0, -18, 1 ]
[ 7, 2, 0, -1, 5, 0, -3, -3, 1 ]
[ 4, -1, 1, 7, 2, 0, 0, 1, 2 ]
[ -15, 1, 0, 4, -1, 1, 4, 0, 3 ]
[ 1, 0, 10, -15, 1, 0, 0, 0, 37 ]
[ 4, 0, 3, -15, 1, 0, 1, 0, 10 ]
[ 1, -5, 0, 0, 1, 2, 0, 0, 37 ]
[ -1, 5, 0, 0, -18, 1, 0, 1, 2 ]
[ 0, 1, 2, -1, 5, 0, 0, 0, 37 ]
[ 3, 3, -1, -1, 5, 0, 0, 1, 2 ]
[ -7, -2, 0, -3, -3, 1, 0, 1, 2 ]
[ -3, -1, 5, 7, 2, 0, 0, 0, 37 ]
[ 0, -1, -2, 7, 2, 0, -3, -1, 5 ]
[ 1, 0, 10, 0, 1, 2, 0, 0, 37 ]
[ 4, -1, 1, 1, 0, 10, 0, 0, 37 ]
[ 4, -1, 1, 0, 1, 2, 1, 0, 10 ]
[ -1, 0, -10, 4, -1, 1, 0, 0, 37 ]
[ -4, 0, -3, 4, -1, 1, 1, 0, 10 ]
[ 15, -1, 0, 1, 0, 10, 0, 0, 37 ]
[ 15, -1, 0, 4, 0, 3, 1, 0, 10 ]
[ 1, 1, 12, 0, 1, 2, 0, 0, 37 ]
[ 3, 3, -1, 0, 1, 2, 1, 1, 12 ]
[ 0, -1, -2, 1, 1, 12, 0, 0, 37 ]
[ 0, 1, 2, -3, -3, 1, 1, 1, 12 ]
[ -7, -2, 0, -3, -1, 5, 0, 0, 37 ]
[ 7, 2, 0, 0, 1, 2, -3, -1, 5 ]
[ -1, 0, -10, -3, -1, 5, 0, 0, 37 ]
[ 0, -1, -2, 1, 0, 10, 0, 0, 37 ]
[ 0, 1, 2, -3, -1, 5, 1, 0, 10 ]
[ 1, 0, 10, 0, 1, 2, 0, 0, 37 ]
[ -3, -1, 5, 1, 0, 10, 0, 0, 37 ]
[ 3, 1, -5, 0, 1, 2, 1, 0, 10 ]
[ 37, 0, 0, -4, 1, 0, -11, 0, 1 ]
[ 1, 9, 0, 0, 37, 0, 0, -12, 1 ]
[ 4, -1, 0, 1, 9, 0, 1, -3, 1 ]
[ 11, 0, -1, -4, 1, 0, 4, 0, 3 ]
[ 1, 9, 0, 0, 1, 3, 0, 0, 37 ]
[ -1, -9, 0, 0, -12, 1, 0, 1, 3 ]
[ 0, -1, -3, 1, 9, 0, 0, 0, 37 ]
[ 1, -3, 1, 0, 1, 3, 0, 0, 37 ]
[ 1, -3, 1, 1, 9, 0, 0, 1, 3 ]
[ 0, -1, -3, 1, -3, 1, 0, 0, 37 ]
[ -4, 1, 0, 1, -3, 1, 0, 1, 3 ]
[ 1, 0, 10, -4, 1, 0, 0, 0, 37 ]
[ 4, 0, 3, -4, 1, 0, 1, 0, 10 ]
[ 1, 0, 10, 0, 1, 3, 0, 0, 37 ]
[ 4, -1, 0, 1, 0, 10, 0, 0, 37 ]
[ 4, -1, 0, 0, 1, 3, 1, 0, 10 ]
[ 37, 0, 0, 7, 1, 0, -11, 0, 1 ]
[ 7, 1, 0, -2, 5, 0, -4, 1, 1 ]
[ 11, 0, -1, 7, 1, 0, 4, 0, 3 ]
[ 1, -21, 0, 0, 37, 0, 0, -9, 1 ]
[ 2, -5, 0, -1, 21, 0, 0, -9, 1 ]
[ 1, -2, 2, -2, 5, 0, 0, 0, 37 ]
[ 4, -1, -1, -2, 5, 0, 1, -2, 2 ]
[ 7, 1, 0, -4, 1, 1, 4, 0, 3 ]
[ 1, 0, 10, 7, 1, 0, 0, 0, 37 ]
[ 4, 0, 3, 7, 1, 0, 1, 0, 10 ]
[ 1, -21, 0, 0, 1, 4, 0, 0, 37 ]
[ -1, 21, 0, 0, -9, 1, 0, 1, 4 ]
[ 0, 1, 4, -1, 21, 0, 0, 0, 37 ]
[ 0, 9, -1, -1, 21, 0, 0, 1, 4 ]
[ 2, -5, 0, -1, 3, 2, 0, 0, 37 ]
[ -2, 5, 0, 0, -9, 1, -1, 3, 2 ]
[ -1, 1, -6, 1, -2, 2, 0, 0, 37 ]
[ -4, 1, 1, 1, -2, 2, 1, -1, 6 ]
[ 1, 0, 10, -4, 1, 1, 0, 0, 37 ]
[ 4, 0, 3, -4, 1, 1, 1, 0, 10 ]
[ -7, -1, 0, 1, 0, 10, 0, 0, 37 ]
[ -7, -1, 0, 4, 0, 3, 1, 0, 10 ]
[ 1, -3, -2, 0, 1, 4, 0, 0, 37 ]
[ -1, 3, 2, 0, -9, 1, 0, 1, 4 ]
[ -1, 0, -10, 1, -1, 6, 0, 0, 37 ]
[ 4, -1, -1, 1, 0, 10, 0, 0, 37 ]
[ -4, 1, 1, 1, -1, 6, 1, 0, 10 ]
[ 37, 0, 0, 18, 1, 0, -11, 0, 1 ]
[ 1, -2, 0, 0, 37, 0, 0, 15, 1 ]
[ 18, 1, 0, -1, 2, 0, 7, 1, 1 ]
[ 11, 0, -1, 18, 1, 0, 4, 0, 3 ]
[ 1, -2, 0, 0, 15, 1, 0, -7, 2 ]
[ 7, 1, 1, -1, 2, 0, -3, -1, 2 ]
[ 18, 1, 0, 7, 1, 1, 4, 0, 3 ]
[ 1, 0, 10, 18, 1, 0, 0, 0, 37 ]
[ 4, 0, 3, 18, 1, 0, 1, 0, 10 ]
[ 1, -2, 0, 0, 1, 5, 0, 0, 37 ]
[ -1, 2, 0, 0, -7, 2, 0, 1, 5 ]
[ 0, 1, 5, -1, 2, 0, 0, 0, 37 ]
[ 3, 1, -2, -1, 2, 0, 0, 1, 5 ]
[ -1, 0, -10, -3, -1, 2, 0, 0, 37 ]
[ -7, -1, -1, 1, 0, 10, 0, 0, 37 ]
[ -7, -1, -1, -3, -1, 2, 1, 0, 10 ]
[ 1, 0, 10, 7, 1, 1, 0, 0, 37 ]
[ 4, 0, 3, 7, 1, 1, 1, 0, 10 ]
[ -18, -1, 0, 1, 0, 10, 0, 0, 37 ]
[ -18, -1, 0, 4, 0, 3, 1, 0, 10 ]
[ 1, 0, 10, 0, 1, 5, 0, 0, 37 ]
[ -3, -1, 2, 1, 0, 10, 0, 0, 37 ]
[ 3, 1, -2, 0, 1, 5, 1, 0, 10 ]
[ 37, 0, 0, -8, 1, 0, -11, 0, 1 ]
[ 8, -1, 0, -3, 5, 0, -3, -1, 1 ]
[ 11, 0, -1, -8, 1, 0, 4, 0, 3 ]
[ 1, -14, 0, 0, 37, 0, 0, -6, 1 ]
[ 3, -5, 0, -1, 14, 0, 0, -6, 1 ]
[ -1, 2, 2, -3, 5, 0, 0, 0, 37 ]
[ 3, 1, -1, -3, 5, 0, -1, 2, 2 ]
[ -8, 1, 0, -3, -1, 1, 4, 0, 3 ]
[ 1, 0, 10, -8, 1, 0, 0, 0, 37 ]
[ 4, 0, 3, -8, 1, 0, 1, 0, 10 ]
[ 1, -14, 0, 0, 1, 6, 0, 0, 37 ]
[ -1, 14, 0, 0, -6, 1, 0, 1, 6 ]
[ 0, 1, 6, -1, 14, 0, 0, 0, 37 ]
[ 0, 6, -1, -1, 14, 0, 0, 1, 6 ]
[ 3, -5, 0, -1, 2, 2, 0, 0, 37 ]
[ -3, 5, 0, 0, -6, 1, -1, 2, 2 ]
[ 0, 1, 6, -1, 2, 2, 0, 0, 37 ]
[ 3, 1, -1, -1, 2, 2, 0, 1, 6 ]
[ -1, 0, -10, -3, -1, 1, 0, 0, 37 ]
[ -4, 0, -3, -3, -1, 1, 1, 0, 10 ]
[ 8, -1, 0, 1, 0, 10, 0, 0, 37 ]
[ 8, -1, 0, 4, 0, 3, 1, 0, 10 ]
[ 1, -2, -2, 0, 1, 6, 0, 0, 37 ]
[ -1, 2, 2, 0, -6, 1, 0, 1, 6 ]
[ 1, 0, 10, 0, 1, 6, 0, 0, 37 ]
[ -3, -1, 1, 1, 0, 10, 0, 0, 37 ]
[ 3, 1, -1, 0, 1, 6, 1, 0, 10 ]
[ 37, 0, 0, 3, 1, 0, -11, 0, 1 ]
[ 1, -12, 0, 0, 37, 0, 0, 16, 1 ]
[ 3, 1, 0, -1, 12, 0, 1, 4, 1 ]
[ 11, 0, -1, 3, 1, 0, 4, 0, 3 ]
[ 1, -12, 0, 0, 16, 1, 0, -5, 2 ]
[ 1, 4, 1, -1, 12, 0, 0, -5, 2 ]
[ 3, 1, 0, 1, 4, 1, 1, -1, 3 ]
[ 1, 0, 10, 3, 1, 0, 0, 0, 37 ]
[ 4, 0, 3, 3, 1, 0, 1, 0, 10 ]
[ 1, -12, 0, 0, 1, 7, 0, 0, 37 ]
[ -1, 12, 0, 0, -5, 2, 0, 1, 7 ]
[ 0, 1, 7, -1, 12, 0, 0, 0, 37 ]
[ 0, 5, -2, -1, 12, 0, 0, 1, 7 ]
[ 1, 4, 1, 0, 1, 7, 0, 0, 37 ]
[ -1, -4, -1, 0, -5, 2, 0, 1, 7 ]
[ 0, -1, -7, 1, 4, 1, 0, 0, 37 ]
[ 1, -1, 3, 0, 1, 7, 0, 0, 37 ]
[ 1, -1, 3, 1, 4, 1, 0, 1, 7 ]
[ -1, 0, -10, 1, -1, 3, 0, 0, 37 ]
[ -3, -1, 0, 1, 0, 10, 0, 0, 37 ]
[ -3, -1, 0, 1, -1, 3, 1, 0, 10 ]
[ 37, 0, 0, 14, 1, 0, -11, 0, 1 ]
[ 14, 1, 0, 5, 3, 0, 3, 1, 1 ]
[ 11, 0, -1, 14, 1, 0, 4, 0, 3 ]
[ 1, 8, 0, 0, 37, 0, 0, 14, 1 ]
[ 5, 3, 0, 1, 8, 0, -2, -2, 1 ]
[ 2, 1, -9, 5, 3, 0, 0, 0, 37 ]
[ -3, -1, -1, -2, -1, 9, 0, 0, 37 ]
[ 3, 1, 1, 5, 3, 0, -2, -1, 9 ]
[ 14, 1, 0, 3, 1, 1, 4, 0, 3 ]
[ 1, 0, 10, 14, 1, 0, 0, 0, 37 ]
[ 4, 0, 3, 14, 1, 0, 1, 0, 10 ]
[ 1, 8, 0, 0, 14, 1, 0, 5, 3 ]
[ 2, 2, -1, 1, 8, 0, -1, -3, 3 ]
[ 5, 3, 0, 3, 2, 9, 0, 0, 37 ]
[ -5, -3, 0, -2, -2, 1, 3, 2, 9 ]
[ 1, 0, 10, 3, 1, 1, 0, 0, 37 ]
[ 4, 0, 3, 3, 1, 1, 1, 0, 10 ]
[ -14, -1, 0, 1, 0, 10, 0, 0, 37 ]
[ -14, -1, 0, 4, 0, 3, 1, 0, 10 ]
[ 1, 8, 0, 0, 1, 8, 0, 0, 37 ]
[ 1, 8, 0, 0, 5, 3, 0, 1, 8 ]
[ 0, -1, -8, 1, 8, 0, 0, 0, 37 ]
[ 1, 3, -3, 0, 1, 8, 0, 0, 37 ]
[ 1, 3, -3, 1, 8, 0, 0, 1, 8 ]
[ -1, -2, 11, -1, -3, 3, 0, 0, 37 ]
[ -2, -2, 1, -1, -3, 3, -1, -2, 11 ]
[ -3, -2, -9, -1, -1, 19, 0, 0, 37 ]
[ -3, -2, -9, -2, -2, 1, -1, -1, 19 ]
[ -1, -1, 19, -1, -2, 11, 0, 0, 37 ]
[ -2, -2, 1, -1, -2, 11, -1, -1, 19 ]
[ 37, 0, 0, -12, 1, 0, -11, 0, 1 ]
[ 1, 3, 0, 0, 37, 0, 0, -4, 1 ]
[ 12, -1, 0, 1, 3, 0, 1, -1, 1 ]
[ 11, 0, -1, -12, 1, 0, 4, 0, 3 ]
[ 1, 3, 0, 0, 1, 9, 0, 0, 37 ]
[ -1, -3, 0, 0, -4, 1, 0, 1, 9 ]
[ 0, -1, -9, 1, 3, 0, 0, 0, 37 ]
[ 1, -1, 1, 0, 1, 9, 0, 0, 37 ]
[ 1, -1, 1, 1, 3, 0, 0, 1, 9 ]
[ -12, 1, 0, 1, -1, 1, 4, 0, 3 ]
[ 1, 0, 10, -12, 1, 0, 0, 0, 37 ]
[ 4, 0, 3, -12, 1, 0, 1, 0, 10 ]
[ -1, 0, -10, 1, -1, 1, 0, 0, 37 ]
[ -4, 0, -3, 1, -1, 1, 1, 0, 10 ]
[ 12, -1, 0, 1, 0, 10, 0, 0, 37 ]
[ 12, -1, 0, 4, 0, 3, 1, 0, 10 ]
[ 1, -1, 0, 0, 37, 0, 0, -11, 1 ]
[ 37, 0, 0, -1, 1, 0, -11, 0, 1 ]
[ -1, 1, 0, 0, -11, 1, 0, 4, 3 ]
[ 11, 0, -1, -1, 1, 0, 4, 0, 3 ]
[ 1, -1, 0, 0, 1, 10, 0, 0, 37 ]
[ 1, -1, 0, 0, 4, 3, 0, 1, 10 ]
[ 1, 0, 10, -1, 1, 0, 0, 0, 37 ]
[ 4, 0, 3, -1, 1, 0, 1, 0, 10 ]
[ 37, 0, 0, 10, 1, 0, -11, 0, 1 ]
[ 10, 1, 0, 3, 4, 0, -1, 1, 1 ]
[ 11, 0, -1, 10, 1, 0, 4, 0, 3 ]
[ 1, -11, 0, 0, 37, 0, 0, -10, 1 ]
[ 3, 4, 0, -1, 11, 0, -1, 1, 1 ]
[ 1, -1, -1, 3, 4, 0, -1, -2, 5 ]
[ 10, 1, 0, -1, 1, 1, 4, 0, 3 ]
[ 1, 0, 10, 10, 1, 0, 0, 0, 37 ]
[ 4, 0, 3, 10, 1, 0, 1, 0, 10 ]
[ -1, 11, 0, 0, -10, 1, 0, -3, 4 ]
[ 1, -1, -1, -1, 11, 0, 0, -3, 4 ]
[ 3, 4, 0, -1, 1, 1, -1, -2, 5 ]
[ 1, 1, 21, 3, 4, 0, 0, 0, 37 ]
[ -1, -2, 5, 1, 1, 21, 0, 0, 37 ]
[ -1, -2, 5, 3, 4, 0, 1, 1, 21 ]
[ 0, 1, 11, -1, -2, 5, 0, 0, 37 ]
[ 1, -1, -1, 0, 1, 11, 0, 0, 37 ]
[ -1, 1, 1, -1, -2, 5, 0, 1, 11 ]
[ 1, 0, 10, -1, 1, 1, 0, 0, 37 ]
[ 4, 0, 3, -1, 1, 1, 1, 0, 10 ]
[ -10, -1, 0, 1, 0, 10, 0, 0, 37 ]
[ -10, -1, 0, 4, 0, 3, 1, 0, 10 ]
[ 1, -11, 0, 0, 1, 11, 0, 0, 37 ]
[ -1, 11, 0, 0, -3, 4, 0, 1, 11 ]
[ 0, 1, 11, -1, 11, 0, 0, 0, 37 ]
[ 0, 3, -4, -1, 11, 0, 0, 1, 11 ]
[ -1, 1, 1, 0, -3, 4, 0, 1, 11 ]
[ 0, 1, 11, -1, 1, 1, 0, 0, 37 ]
[ 1, 2, -5, 0, 1, 11, 0, 0, 37 ]
[ 1, 2, -5, -1, 1, 1, 0, 1, 11 ]
[ -1, -1, -21, -1, -2, 5, 0, 0, 37 ]
[ -3, -4, 0, 1, 1, 21, 0, 0, 37 ]
[ -3, -4, 0, -1, -2, 5, 1, 1, 21 ]
[ 1, -1, -1, 0, 1, 11, 0, 0, 37 ]
[ 37, 0, 0, -16, 1, 0, -11, 0, 1 ]
[ 16, -1, 0, 5, 2, 0, 5, -1, 1 ]
[ 11, 0, -1, -16, 1, 0, 4, 0, 3 ]
[ 1, -7, 0, 0, 37, 0, 0, -3, 1 ]
[ 5, 2, 0, -1, 7, 0, 0, -3, 1 ]
[ 5, -1, 1, 5, 2, 0, -1, 1, 2 ]
[ -16, 1, 0, 5, -1, 1, 4, 0, 3 ]
[ 1, 0, 10, -16, 1, 0, 0, 0, 37 ]
[ 4, 0, 3, -16, 1, 0, 1, 0, 10 ]
[ 1, -7, 0, 0, 1, 12, 0, 0, 37 ]
[ -1, 7, 0, 0, -3, 1, 0, 1, 12 ]
[ 0, 1, 12, -1, 7, 0, 0, 0, 37 ]
[ 0, 3, -1, -1, 7, 0, 0, 1, 12 ]
[ -5, -2, 0, 0, -3, 1, -1, 1, 2 ]
[ -2, -1, 5, 5, 2, 0, 0, 0, 37 ]
[ 1, -1, -2, 5, 2, 0, -2, -1, 5 ]
[ 1, 0, 10, -1, 1, 2, 0, 0, 37 ]
[ 5, -1, 1, 1, 0, 10, 0, 0, 37 ]
[ 5, -1, 1, -1, 1, 2, 1, 0, 10 ]
[ -1, 0, -10, 5, -1, 1, 0, 0, 37 ]
[ -4, 0, -3, 5, -1, 1, 1, 0, 10 ]
[ 16, -1, 0, 1, 0, 10, 0, 0, 37 ]
[ 16, -1, 0, 4, 0, 3, 1, 0, 10 ]
[ 1, -1, -2, 0, 1, 12, 0, 0, 37 ]
[ -1, 1, 2, 0, -3, 1, 0, 1, 12 ]
[ -5, -2, 0, -2, -1, 5, 0, 0, 37 ]
[ 5, 2, 0, -1, 1, 2, -2, -1, 5 ]
[ -1, 0, -10, -2, -1, 5, 0, 0, 37 ]
[ 1, -1, -2, 1, 0, 10, 0, 0, 37 ]
[ -1, 1, 2, -2, -1, 5, 1, 0, 10 ]
[ 1, 0, 10, -1, 1, 2, 0, 0, 37 ]
[ -2, -1, 5, 1, 0, 10, 0, 0, 37 ]
[ 2, 1, -5, -1, 1, 2, 1, 0, 10 ]
[ 37, 0, 0, -5, 1, 0, -11, 0, 1 ]
[ 5, -1, 0, 2, 7, 0, -1, -2, 1 ]
[ 11, 0, -1, -5, 1, 0, 4, 0, 3 ]
[ 1, 22, 0, 0, 37, 0, 0, -17, 1 ]
[ 2, 7, 0, 1, 22, 0, 1, 5, 1 ]
[ 1, 3, 12, 2, 7, 0, 0, 0, 37 ]
[ 1, 2, -1, 1, 3, 12, 0, 0, 37 ]
[ 1, 2, -1, 2, 7, 0, 1, 3, 12 ]
[ -5, 1, 0, -1, -2, 1, -1, 1, 3 ]
[ 1, 0, 10, -5, 1, 0, 0, 0, 37 ]
[ 4, 0, 3, -5, 1, 0, 1, 0, 10 ]
[ -1, -22, 0, 0, -17, 1, 0, 3, 2 ]
[ 1, 5, 1, 1, 22, 0, 0, 3, 2 ]
[ 1, 4, -12, 1, 5, 1, 0, 0, 37 ]
[ -2, -7, 0, -1, -4, 12, 0, 0, 37 ]
[ 2, 7, 0, 1, 5, 1, -1, -4, 12 ]
[ 0, 1, 13, -1, -2, 1, 0, 0, 37 ]
[ 1, -1, -3, 0, 1, 13, 0, 0, 37 ]
[ -1, 1, 3, -1, -2, 1, 0, 1, 13 ]
[ 1, 0, 10, -1, 1, 3, 0, 0, 37 ]
[ 5, -1, 0, 1, 0, 10, 0, 0, 37 ]
[ 5, -1, 0, -1, 1, 3, 1, 0, 10 ]
[ 1, 22, 0, 0, 1, 13, 0, 0, 37 ]
[ 1, 22, 0, 0, 3, 2, 0, 1, 13 ]
[ 0, -1, -13, 1, 22, 0, 0, 0, 37 ]
[ 0, -3, -2, 1, 22, 0, 0, 1, 13 ]
[ 1, 5, 1, 0, 1, 13, 0, 0, 37 ]
[ 1, 5, 1, 0, 3, 2, 0, 1, 13 ]
[ 37, 0, 0, 6, 1, 0, -11, 0, 1 ]
[ 1, -6, 0, 0, 37, 0, 0, 8, 1 ]
[ 6, 1, 0, -1, 6, 0, 1, 2, 1 ]
[ 11, 0, -1, 6, 1, 0, 4, 0, 3 ]
[ 1, -6, 0, 0, 8, 1, 0, 3, 5 ]
[ 1, 2, 1, -1, 6, 0, 0, 3, 5 ]
[ 6, 1, 0, 1, 2, 1, -2, -1, 3 ]
[ 1, 0, 10, 6, 1, 0, 0, 0, 37 ]
[ 4, 0, 3, 6, 1, 0, 1, 0, 10 ]
[ 1, -6, 0, 0, 1, 14, 0, 0, 37 ]
[ 1, -6, 0, 0, 3, 5, 0, 1, 14 ]
[ 0, 1, 14, -1, 6, 0, 0, 0, 37 ]
[ 0, 3, 5, -1, 6, 0, 0, 1, 14 ]
[ 1, 2, 1, 0, 1, 14, 0, 0, 37 ]
[ 1, 2, 1, 0, 3, 5, 0, 1, 14 ]
[ 1, 1, -13, 1, 2, 1, 0, 0, 37 ]
[ -2, -1, 3, -1, -1, 13, 0, 0, 37 ]
[ 2, 1, -3, 1, 2, 1, -1, -1, 13 ]
[ -1, 0, -10, -2, -1, 3, 0, 0, 37 ]
[ -6, -1, 0, 1, 0, 10, 0, 0, 37 ]
[ -6, -1, 0, -2, -1, 3, 1, 0, 10 ]
[ 37, 0, 0, 17, 1, 0, -11, 0, 1 ]
[ 17, 1, 0, -3, 2, 0, 6, 1, 1 ]
[ 11, 0, -1, 17, 1, 0, 4, 0, 3 ]
[ 1, -13, 0, 0, 37, 0, 0, 5, 1 ]
[ 3, -2, 0, -1, 13, 0, 0, 5, 1 ]
[ 6, 1, 1, -3, 2, 0, -2, -1, 2 ]
[ 17, 1, 0, 6, 1, 1, 4, 0, 3 ]
[ 1, 0, 10, 17, 1, 0, 0, 0, 37 ]
[ 4, 0, 3, 17, 1, 0, 1, 0, 10 ]
[ 1, -13, 0, 0, 5, 1, 0, -2, 7 ]
[ 0, 5, 1, -1, 13, 0, 0, -2, 7 ]
[ 3, -2, 0, 0, 5, 1, 1, -3, 2 ]
[ -1, 1, 5, -3, 2, 0, 0, 0, 37 ]
[ 2, 1, -2, -3, 2, 0, -1, 1, 5 ]
[ -1, 0, -10, -2, -1, 2, 0, 0, 37 ]
[ -6, -1, -1, 1, 0, 10, 0, 0, 37 ]
[ -6, -1, -1, -2, -1, 2, 1, 0, 10 ]
[ 1, 0, 10, 6, 1, 1, 0, 0, 37 ]
[ 4, 0, 3, 6, 1, 1, 1, 0, 10 ]
[ -17, -1, 0, 1, 0, 10, 0, 0, 37 ]
[ -17, -1, 0, 4, 0, 3, 1, 0, 10 ]
[ -1, 13, 0, 0, -1, 22, 0, 0, 37 ]
[ -1, 13, 0, 0, -2, 7, 0, -1, 22 ]
[ 0, 1, -22, -1, 13, 0, 0, 0, 37 ]
[ 0, 2, -7, -1, 13, 0, 0, -1, 22 ]
[ 1, -3, 2, 0, 5, 1, 0, -2, 7 ]
[ 3, -2, 0, -1, 1, 5, 0, 0, 37 ]
[ -3, 2, 0, 1, -3, 2, -1, 1, 5 ]
[ 1, 0, 10, -1, 1, 5, 0, 0, 37 ]
[ -2, -1, 2, 1, 0, 10, 0, 0, 37 ]
[ 2, 1, -2, -1, 1, 5, 1, 0, 10 ]
[ -1, 3, -2, 0, -1, 22, 0, 0, 37 ]
[ -1, 3, -2, 0, -2, 7, 0, -1, 22 ]
[ 0, -1, 22, 1, -3, 2, 0, 0, 37 ]
[ -1, 1, 5, 0, -1, 22, 0, 0, 37 ]
[ -1, 1, 5, 1, -3, 2, 0, -1, 22 ]
[ 37, 0, 0, -9, 1, 0, -11, 0, 1 ]
[ 1, 4, 0, 0, 37, 0, 0, 7, 1 ]
[ 9, -1, 0, 1, 4, 0, -2, -1, 1 ]
[ 11, 0, -1, -9, 1, 0, 4, 0, 3 ]
[ 1, 4, 0, 0, 7, 1, 0, -2, 5 ]
[ 2, 1, -1, 1, 4, 0, 1, 2, 5 ]
[ -9, 1, 0, -2, -1, 1, 4, 0, 3 ]
[ 1, 0, 10, -9, 1, 0, 0, 0, 37 ]
[ 4, 0, 3, -9, 1, 0, 1, 0, 10 ]
[ -1, -4, 0, 0, -1, 21, 0, 0, 37 ]
[ -1, -4, 0, 0, -2, 5, 0, -1, 21 ]
[ 1, 3, 21, 1, 4, 0, 0, 0, 37 ]
[ 1, 2, 5, 1, 3, 21, 0, 0, 37 ]
[ 1, 2, 5, 1, 4, 0, 1, 3, 21 ]
[ 1, 1, -11, 1, 2, 5, 0, 0, 37 ]
[ -2, -1, 1, -1, -1, 11, 0, 0, 37 ]
[ 2, 1, -1, 1, 2, 5, -1, -1, 11 ]
[ -1, 0, -10, -2, -1, 1, 0, 0, 37 ]
[ -4, 0, -3, -2, -1, 1, 1, 0, 10 ]
[ 9, -1, 0, 1, 0, 10, 0, 0, 37 ]
[ 9, -1, 0, 4, 0, 3, 1, 0, 10 ]
[ 37, 0, 0, 2, 1, 0, -11, 0, 1 ]
[ 1, 19, 0, 0, 37, 0, 0, -13, 1 ]
[ 2, 1, 0, 1, 19, 0, 1, 6, 1 ]
[ 11, 0, -1, 2, 1, 0, 4, 0, 3 ]
[ -1, -19, 0, 0, -13, 1, 0, -2, 3 ]
[ 1, 6, 1, 1, 19, 0, 0, -2, 3 ]
[ 2, 1, 0, 1, 6, 1, 0, -2, 3 ]
[ 1, 0, 10, 2, 1, 0, 0, 0, 37 ]
[ 4, 0, 3, 2, 1, 0, 1, 0, 10 ]
[ -1, -19, 0, 0, -1, 20, 0, 0, 37 ]
[ -1, -19, 0, 0, -2, 3, 0, -1, 20 ]
[ 0, -1, 20, 1, 19, 0, 0, 0, 37 ]
[ 0, -2, 3, 1, 19, 0, 0, -1, 20 ]
[ -1, -6, -1, 0, -1, 20, 0, 0, 37 ]
[ -1, -6, -1, 0, -2, 3, 0, -1, 20 ]
[ 0, -1, 20, 1, 6, 1, 0, 0, 37 ]
[ 0, -2, 3, 1, 6, 1, 0, -1, 20 ]
[ -2, -1, 0, 1, 0, 10, 0, 0, 37 ]
[ -2, -1, 0, 0, -2, 3, 1, 0, 10 ]
[ -1, 0, -10, 0, -1, 20, 0, 0, 37 ]
[ -1, 0, -10, 0, -2, 3, 0, -1, 20 ]
[ 37, 0, 0, 13, 1, 0, -11, 0, 1 ]
[ 13, 1, 0, 2, 3, 0, 2, 1, 1 ]
[ 11, 0, -1, 13, 1, 0, 4, 0, 3 ]
[ 1, 20, 0, 0, 37, 0, 0, -2, 1 ]
[ 2, 3, 0, 1, 20, 0, 0, -2, 1 ]
[ 1, 1, -9, 2, 3, 0, 0, 0, 37 ]
[ -2, -1, -1, -1, -1, 9, 0, 0, 37 ]
[ 2, 1, 1, 2, 3, 0, -1, -1, 9 ]
[ 13, 1, 0, 2, 1, 1, 4, 0, 3 ]
[ 1, 0, 10, 13, 1, 0, 0, 0, 37 ]
[ 4, 0, 3, 13, 1, 0, 1, 0, 10 ]
[ -1, -20, 0, 0, -1, 19, 0, 0, 37 ]
[ -1, -20, 0, 0, -2, 1, 0, -1, 19 ]
[ 0, -1, 19, 1, 20, 0, 0, 0, 37 ]
[ 0, -2, 1, 1, 20, 0, 0, -1, 19 ]
[ 2, 3, 0, 1, 2, 9, 0, 0, 37 ]
[ -2, -3, 0, 0, -2, 1, 1, 2, 9 ]
[ 1, 0, 10, 2, 1, 1, 0, 0, 37 ]
[ 4, 0, 3, 2, 1, 1, 1, 0, 10 ]
[ -13, -1, 0, 1, 0, 10, 0, 0, 37 ]
[ -13, -1, 0, 4, 0, 3, 1, 0, 10 ]
[ -1, -2, -9, 0, -1, 19, 0, 0, 37 ]
[ -1, -2, -9, 0, -2, 1, 0, -1, 19 ]
[ 37, 0, 0, -13, 1, 0, -11, 0, 1 ]
[ 13, -1, 0, -2, 3, 0, 2, -1, 1 ]
[ 11, 0, -1, -13, 1, 0, 4, 0, 3 ]
[ 1, -20, 0, 0, 37, 0, 0, 2, 1 ]
[ 2, -3, 0, -1, 20, 0, 0, 2, 1 ]
[ 1, -1, -9, -2, 3, 0, 0, 0, 37 ]
[ 2, -1, 1, -1, 1, 9, 0, 0, 37 ]
[ 2, -1, 1, -2, 3, 0, -1, 1, 9 ]
[ -13, 1, 0, 2, -1, 1, 4, 0, 3 ]
[ 1, 0, 10, -13, 1, 0, 0, 0, 37 ]
[ 4, 0, 3, -13, 1, 0, 1, 0, 10 ]
[ 1, -20, 0, 0, 1, 19, 0, 0, 37 ]
[ 1, -20, 0, 0, 2, 1, 0, 1, 19 ]
[ 0, 1, 19, -1, 20, 0, 0, 0, 37 ]
[ 0, 2, 1, -1, 20, 0, 0, 1, 19 ]
[ -2, 3, 0, -1, 1, 9, 0, 0, 37 ]
[ 2, -3, 0, 0, 2, 1, -1, 1, 9 ]
[ -1, 0, -10, 2, -1, 1, 0, 0, 37 ]
[ -4, 0, -3, 2, -1, 1, 1, 0, 10 ]
[ 13, -1, 0, 1, 0, 10, 0, 0, 37 ]
[ 13, -1, 0, 4, 0, 3, 1, 0, 10 ]
[ 1, -1, -9, 0, 1, 19, 0, 0, 37 ]
[ 1, -1, -9, 0, 2, 1, 0, 1, 19 ]
[ 37, 0, 0, -2, 1, 0, -11, 0, 1 ]
[ 1, -19, 0, 0, 37, 0, 0, 13, 1 ]
[ 2, -1, 0, -1, 19, 0, 1, -6, 1 ]
[ 11, 0, -1, -2, 1, 0, 4, 0, 3 ]
[ 1, -19, 0, 0, 13, 1, 0, 2, 3 ]
[ 1, -6, 1, -1, 19, 0, 0, 2, 3 ]
[ -2, 1, 0, 1, -6, 1, 0, 2, 3 ]
[ 1, 0, 10, -2, 1, 0, 0, 0, 37 ]
[ 4, 0, 3, -2, 1, 0, 1, 0, 10 ]
[ 1, -19, 0, 0, 1, 20, 0, 0, 37 ]
[ 1, -19, 0, 0, 2, 3, 0, 1, 20 ]
[ 0, 1, 20, -1, 19, 0, 0, 0, 37 ]
[ 0, 2, 3, -1, 19, 0, 0, 1, 20 ]
[ 1, -6, 1, 0, 1, 20, 0, 0, 37 ]
[ 1, -6, 1, 0, 2, 3, 0, 1, 20 ]
[ 0, -1, -20, 1, -6, 1, 0, 0, 37 ]
[ 0, -2, -3, 1, -6, 1, 0, 1, 20 ]
[ 2, -1, 0, -1, 1, 10, 0, 0, 37 ]
[ 2, -1, 0, 0, 2, 3, -1, 1, 10 ]
[ 1, -1, -10, 0, 1, 20, 0, 0, 37 ]
[ 1, -1, -10, 0, 2, 3, 0, 1, 20 ]
[ 37, 0, 0, 9, 1, 0, -11, 0, 1 ]
[ 1, -4, 0, 0, 37, 0, 0, -7, 1 ]
[ 9, 1, 0, -1, 4, 0, -2, 1, 1 ]
[ 11, 0, -1, 9, 1, 0, 4, 0, 3 ]
[ -1, 4, 0, 0, -7, 1, 0, 2, 5 ]
[ 2, -1, -1, -1, 4, 0, 1, -2, 5 ]
[ 9, 1, 0, -2, 1, 1, 4, 0, 3 ]
[ 1, 0, 10, 9, 1, 0, 0, 0, 37 ]
[ 4, 0, 3, 9, 1, 0, 1, 0, 10 ]
[ 1, -4, 0, 0, 1, 21, 0, 0, 37 ]
[ 1, -4, 0, 0, 2, 5, 0, 1, 21 ]
[ 0, 1, 21, -1, 4, 0, 0, 0, 37 ]
[ 1, -2, 5, 0, 1, 21, 0, 0, 37 ]
[ 1, -2, 5, -1, 4, 0, 0, 1, 21 ]
[ -1, 1, 11, 1, -2, 5, 0, 0, 37 ]
[ 2, -1, -1, -1, 1, 11, 0, 0, 37 ]
[ -2, 1, 1, 1, -2, 5, -1, 1, 11 ]
[ 1, 0, 10, -2, 1, 1, 0, 0, 37 ]
[ 4, 0, 3, -2, 1, 1, 1, 0, 10 ]
[ -9, -1, 0, 1, 0, 10, 0, 0, 37 ]
[ -9, -1, 0, 4, 0, 3, 1, 0, 10 ]
[ 37, 0, 0, -17, 1, 0, -11, 0, 1 ]
[ 17, -1, 0, 3, 2, 0, 6, -1, 1 ]
[ 11, 0, -1, -17, 1, 0, 4, 0, 3 ]
[ 1, 13, 0, 0, 37, 0, 0, -5, 1 ]
[ 3, 2, 0, 1, 13, 0, 0, -5, 1 ]
[ 6, -1, 1, 3, 2, 0, -2, 1, 2 ]
[ -17, 1, 0, 6, -1, 1, 4, 0, 3 ]
[ 1, 0, 10, -17, 1, 0, 0, 0, 37 ]
[ 4, 0, 3, -17, 1, 0, 1, 0, 10 ]
[ -1, -13, 0, 0, -5, 1, 0, 2, 7 ]
[ 0, -5, 1, 1, 13, 0, 0, 2, 7 ]
[ -3, -2, 0, 0, -5, 1, 1, 3, 2 ]
[ -1, -1, 5, 3, 2, 0, 0, 0, 37 ]
[ 2, -1, -2, 3, 2, 0, -1, -1, 5 ]
[ 1, 0, 10, -2, 1, 2, 0, 0, 37 ]
[ 6, -1, 1, 1, 0, 10, 0, 0, 37 ]
[ 6, -1, 1, -2, 1, 2, 1, 0, 10 ]
[ -1, 0, -10, 6, -1, 1, 0, 0, 37 ]
[ -4, 0, -3, 6, -1, 1, 1, 0, 10 ]
[ 17, -1, 0, 1, 0, 10, 0, 0, 37 ]
[ 17, -1, 0, 4, 0, 3, 1, 0, 10 ]
[ 1, 13, 0, 0, 1, 22, 0, 0, 37 ]
[ 1, 13, 0, 0, 2, 7, 0, 1, 22 ]
[ 0, -1, -22, 1, 13, 0, 0, 0, 37 ]
[ 0, -2, -7, 1, 13, 0, 0, 1, 22 ]
[ -1, -3, -2, 0, -5, 1, 0, 2, 7 ]
[ -3, -2, 0, -1, -1, 5, 0, 0, 37 ]
[ 3, 2, 0, 1, 3, 2, -1, -1, 5 ]
[ -1, 0, -10, -1, -1, 5, 0, 0, 37 ]
[ 2, -1, -2, 1, 0, 10, 0, 0, 37 ]
[ -2, 1, 2, -1, -1, 5, 1, 0, 10 ]
[ 1, 3, 2, 0, 1, 22, 0, 0, 37 ]
[ 1, 3, 2, 0, 2, 7, 0, 1, 22 ]
[ 0, -1, -22, 1, 3, 2, 0, 0, 37 ]
[ 1, 1, -5, 0, 1, 22, 0, 0, 37 ]
[ 1, 1, -5, 1, 3, 2, 0, 1, 22 ]
[ 37, 0, 0, -6, 1, 0, -11, 0, 1 ]
[ 1, 6, 0, 0, 37, 0, 0, -8, 1 ]
[ 6, -1, 0, 1, 6, 0, 1, -2, 1 ]
[ 11, 0, -1, -6, 1, 0, 4, 0, 3 ]
[ -1, -6, 0, 0, -8, 1, 0, -3, 5 ]
[ 1, -2, 1, 1, 6, 0, 0, -3, 5 ]
[ -6, 1, 0, 1, -2, 1, -2, 1, 3 ]
[ 1, 0, 10, -6, 1, 0, 0, 0, 37 ]
[ 4, 0, 3, -6, 1, 0, 1, 0, 10 ]
[ -1, -6, 0, 0, -1, 14, 0, 0, 37 ]
[ -1, -6, 0, 0, -3, 5, 0, -1, 14 ]
[ 0, -1, 14, 1, 6, 0, 0, 0, 37 ]
[ 0, -3, 5, 1, 6, 0, 0, -1, 14 ]
[ -1, 2, -1, 0, -1, 14, 0, 0, 37 ]
[ -1, 2, -1, 0, -3, 5, 0, -1, 14 ]
[ -1, 1, 13, 1, -2, 1, 0, 0, 37 ]
[ 2, -1, -3, -1, 1, 13, 0, 0, 37 ]
[ -2, 1, 3, 1, -2, 1, -1, 1, 13 ]
[ 1, 0, 10, -2, 1, 3, 0, 0, 37 ]
[ 6, -1, 0, 1, 0, 10, 0, 0, 37 ]
[ 6, -1, 0, -2, 1, 3, 1, 0, 10 ]
[ 37, 0, 0, 5, 1, 0, -11, 0, 1 ]
[ 5, 1, 0, -2, 7, 0, -1, 2, 1 ]
[ 11, 0, -1, 5, 1, 0, 4, 0, 3 ]
[ 1, -22, 0, 0, 37, 0, 0, 17, 1 ]
[ 2, -7, 0, -1, 22, 0, 1, -5, 1 ]
[ 1, -3, 12, -2, 7, 0, 0, 0, 37 ]
[ -1, 2, 1, 1, -3, 12, 0, 0, 37 ]
[ 1, -2, -1, -2, 7, 0, 1, -3, 12 ]
[ 5, 1, 0, -1, 2, 1, -1, -1, 3 ]
[ 1, 0, 10, 5, 1, 0, 0, 0, 37 ]
[ 4, 0, 3, 5, 1, 0, 1, 0, 10 ]
[ 1, -22, 0, 0, 17, 1, 0, -3, 2 ]
[ 1, -5, 1, -1, 22, 0, 0, -3, 2 ]
[ -1, 4, 12, 1, -5, 1, 0, 0, 37 ]
[ 2, -7, 0, -1, 4, 12, 0, 0, 37 ]
[ -2, 7, 0, 1, -5, 1, -1, 4, 12 ]
[ 0, 1, -13, -1, 2, 1, 0, 0, 37 ]
[ -1, -1, 3, 0, -1, 13, 0, 0, 37 ]
[ 1, 1, -3, -1, 2, 1, 0, -1, 13 ]
[ -1, 0, -10, -1, -1, 3, 0, 0, 37 ]
[ -5, -1, 0, 1, 0, 10, 0, 0, 37 ]
[ -5, -1, 0, -1, -1, 3, 1, 0, 10 ]
[ -1, 22, 0, 0, -1, 13, 0, 0, 37 ]
[ -1, 22, 0, 0, -3, 2, 0, -1, 13 ]
[ 0, 1, -13, -1, 22, 0, 0, 0, 37 ]
[ 0, 3, -2, -1, 22, 0, 0, -1, 13 ]
[ -1, 5, -1, 0, -1, 13, 0, 0, 37 ]
[ -1, 5, -1, 0, -3, 2, 0, -1, 13 ]
[ 37, 0, 0, 16, 1, 0, -11, 0, 1 ]
[ 16, 1, 0, -5, 2, 0, 5, 1, 1 ]
[ 11, 0, -1, 16, 1, 0, 4, 0, 3 ]
[ 1, 7, 0, 0, 37, 0, 0, 3, 1 ]
[ 5, -2, 0, 1, 7, 0, 0, 3, 1 ]
[ 5, 1, 1, -5, 2, 0, -1, -1, 2 ]
[ 16, 1, 0, 5, 1, 1, 4, 0, 3 ]
[ 1, 0, 10, 16, 1, 0, 0, 0, 37 ]
[ 4, 0, 3, 16, 1, 0, 1, 0, 10 ]
[ -1, -7, 0, 0, -1, 12, 0, 0, 37 ]
[ 1, 7, 0, 0, 3, 1, 0, -1, 12 ]
[ 0, -1, 12, 1, 7, 0, 0, 0, 37 ]
[ 0, -3, -1, 1, 7, 0, 0, -1, 12 ]
[ 5, -2, 0, 0, 3, 1, -1, -1, 2 ]
[ -2, 1, 5, -5, 2, 0, 0, 0, 37 ]
[ 1, 1, -2, -5, 2, 0, -2, 1, 5 ]
[ -1, 0, -10, -1, -1, 2, 0, 0, 37 ]
[ -5, -1, -1, 1, 0, 10, 0, 0, 37 ]
[ -5, -1, -1, -1, -1, 2, 1, 0, 10 ]
[ 1, 0, 10, 5, 1, 1, 0, 0, 37 ]
[ 4, 0, 3, 5, 1, 1, 1, 0, 10 ]
[ -16, -1, 0, 1, 0, 10, 0, 0, 37 ]
[ -16, -1, 0, 4, 0, 3, 1, 0, 10 ]
[ -1, -1, 2, 0, -1, 12, 0, 0, 37 ]
[ 1, 1, -2, 0, 3, 1, 0, -1, 12 ]
[ 5, -2, 0, -2, 1, 5, 0, 0, 37 ]
[ -5, 2, 0, -1, -1, 2, -2, 1, 5 ]
[ 1, 0, 10, -2, 1, 5, 0, 0, 37 ]
[ -1, -1, 2, 1, 0, 10, 0, 0, 37 ]
[ 1, 1, -2, -2, 1, 5, 1, 0, 10 ]
[ -1, 0, -10, -1, -1, 2, 0, 0, 37 ]
[ 2, -1, -5, 1, 0, 10, 0, 0, 37 ]
[ -2, 1, 5, -1, -1, 2, 1, 0, 10 ]
[ 37, 0, 0, -10, 1, 0, -11, 0, 1 ]
[ 10, -1, 0, -3, 4, 0, -1, -1, 1 ]
[ 11, 0, -1, -10, 1, 0, 4, 0, 3 ]
[ 1, 11, 0, 0, 37, 0, 0, 10, 1 ]
[ 3, -4, 0, 1, 11, 0, -1, -1, 1 ]
[ 1, 1, -1, -3, 4, 0, -1, 2, 5 ]
[ -10, 1, 0, -1, -1, 1, 4, 0, 3 ]
[ 1, 0, 10, -10, 1, 0, 0, 0, 37 ]
[ 4, 0, 3, -10, 1, 0, 1, 0, 10 ]
[ 1, 11, 0, 0, 10, 1, 0, 3, 4 ]
[ 1, 1, -1, 1, 11, 0, 0, 3, 4 ]
[ -3, 4, 0, -1, -1, 1, -1, 2, 5 ]
[ -2, 3, 21, -3, 4, 0, 0, 0, 37 ]
[ -1, 2, 5, -2, 3, 21, 0, 0, 37 ]
[ -1, 2, 5, -3, 4, 0, -2, 3, 21 ]
[ 0, 1, -11, -1, 2, 5, 0, 0, 37 ]
[ -1, -1, 1, 0, -1, 11, 0, 0, 37 ]
[ 1, 1, -1, -1, 2, 5, 0, -1, 11 ]
[ -1, 0, -10, -1, -1, 1, 0, 0, 37 ]
[ -4, 0, -3, -1, -1, 1, 1, 0, 10 ]
[ 10, -1, 0, 1, 0, 10, 0, 0, 37 ]
[ 10, -1, 0, 4, 0, 3, 1, 0, 10 ]
[ -1, -11, 0, 0, -1, 11, 0, 0, 37 ]
[ 1, 11, 0, 0, 3, 4, 0, -1, 11 ]
[ 0, -1, 11, 1, 11, 0, 0, 0, 37 ]
[ 0, -3, -4, 1, 11, 0, 0, -1, 11 ]
[ 1, 1, -1, 0, 3, 4, 0, -1, 11 ]
[ 0, 1, -11, -1, -1, 1, 0, 0, 37 ]
[ -1, 2, 5, 0, -1, 11, 0, 0, 37 ]
[ -1, 2, 5, -1, -1, 1, 0, -1, 11 ]
[ 2, -3, -21, -1, 2, 5, 0, 0, 37 ]
[ 3, -4, 0, -2, 3, 21, 0, 0, 37 ]
[ 3, -4, 0, -1, 2, 5, -2, 3, 21 ]
[ -1, -1, 1, 0, -1, 11, 0, 0, 37 ]
[ 1, 1, 0, 0, 37, 0, 0, 11, 1 ]
[ 37, 0, 0, 1, 1, 0, -11, 0, 1 ]
[ 1, 1, 0, 0, 11, 1, 0, -4, 3 ]
[ 11, 0, -1, 1, 1, 0, 4, 0, 3 ]
[ -1, -1, 0, 0, -1, 10, 0, 0, 37 ]
[ -1, -1, 0, 0, -4, 3, 0, -1, 10 ]
[ 1, 0, 10, 1, 1, 0, 0, 0, 37 ]
[ 4, 0, 3, 1, 1, 0, 1, 0, 10 ]
[ 37, 0, 0, 12, 1, 0, -11, 0, 1 ]
[ 1, -3, 0, 0, 37, 0, 0, 4, 1 ]
[ 12, 1, 0, -1, 3, 0, 1, 1, 1 ]
[ 11, 0, -1, 12, 1, 0, 4, 0, 3 ]
[ -1, 3, 0, 0, -1, 9, 0, 0, 37 ]
[ 1, -3, 0, 0, 4, 1, 0, -1, 9 ]
[ 0, 1, -9, -1, 3, 0, 0, 0, 37 ]
[ -1, -1, -1, 0, -1, 9, 0, 0, 37 ]
[ 1, 1, 1, -1, 3, 0, 0, -1, 9 ]
[ 12, 1, 0, 1, 1, 1, 4, 0, 3 ]
[ 1, 0, 10, 12, 1, 0, 0, 0, 37 ]
[ 4, 0, 3, 12, 1, 0, 1, 0, 10 ]
[ 1, 0, 10, 1, 1, 1, 0, 0, 37 ]
[ 4, 0, 3, 1, 1, 1, 1, 0, 10 ]
[ -12, -1, 0, 1, 0, 10, 0, 0, 37 ]
[ -12, -1, 0, 4, 0, 3, 1, 0, 10 ]
[ 37, 0, 0, -14, 1, 0, -11, 0, 1 ]
[ 14, -1, 0, -5, 3, 0, 3, -1, 1 ]
[ 11, 0, -1, -14, 1, 0, 4, 0, 3 ]
[ 1, -8, 0, 0, 37, 0, 0, -14, 1 ]
[ 5, -3, 0, -1, 8, 0, -2, 2, 1 ]
[ 2, -1, -9, -5, 3, 0, 0, 0, 37 ]
[ 3, -1, 1, -2, 1, 9, 0, 0, 37 ]
[ 3, -1, 1, -5, 3, 0, -2, 1, 9 ]
[ -14, 1, 0, 3, -1, 1, 4, 0, 3 ]
[ 1, 0, 10, -14, 1, 0, 0, 0, 37 ]
[ 4, 0, 3, -14, 1, 0, 1, 0, 10 ]
[ -1, 8, 0, 0, -14, 1, 0, -5, 3 ]
[ 2, -2, -1, -1, 8, 0, -1, 3, 3 ]
[ -5, 3, 0, -2, 1, 9, 0, 0, 37 ]
[ 5, -3, 0, -2, 2, 1, -2, 1, 9 ]
[ -1, 0, -10, 3, -1, 1, 0, 0, 37 ]
[ -4, 0, -3, 3, -1, 1, 1, 0, 10 ]
[ 14, -1, 0, 1, 0, 10, 0, 0, 37 ]
[ 14, -1, 0, 4, 0, 3, 1, 0, 10 ]
[ -1, 8, 0, 0, -1, 8, 0, 0, 37 ]
[ -1, 8, 0, 0, -5, 3, 0, -1, 8 ]
[ 0, 1, -8, -1, 8, 0, 0, 0, 37 ]
[ -1, 3, 3, 0, -1, 8, 0, 0, 37 ]
[ 1, -3, -3, -1, 8, 0, 0, -1, 8 ]
[ 1, -2, -11, -1, 3, 3, 0, 0, 37 ]
[ 2, -2, -1, -1, 3, 3, -1, 2, 11 ]
[ 2, -1, -9, -1, 1, 19, 0, 0, 37 ]
[ 2, -1, -9, -2, 2, 1, -1, 1, 19 ]
[ 1, -1, -19, -1, 2, 11, 0, 0, 37 ]
[ 2, -2, -1, -1, 2, 11, -1, 1, 19 ]
[ 37, 0, 0, -3, 1, 0, -11, 0, 1 ]
[ 1, 12, 0, 0, 37, 0, 0, -16, 1 ]
[ 3, -1, 0, 1, 12, 0, 1, -4, 1 ]
[ 11, 0, -1, -3, 1, 0, 4, 0, 3 ]
[ -1, -12, 0, 0, -16, 1, 0, 5, 2 ]
[ 1, -4, 1, 1, 12, 0, 0, 5, 2 ]
[ -3, 1, 0, 1, -4, 1, 1, 1, 3 ]
[ 1, 0, 10, -3, 1, 0, 0, 0, 37 ]
[ 4, 0, 3, -3, 1, 0, 1, 0, 10 ]
[ -1, -12, 0, 0, -1, 7, 0, 0, 37 ]
[ 1, 12, 0, 0, 5, 2, 0, -1, 7 ]
[ 0, -1, 7, 1, 12, 0, 0, 0, 37 ]
[ 0, -5, -2, 1, 12, 0, 0, -1, 7 ]
[ -1, 4, -1, 0, -1, 7, 0, 0, 37 ]
[ 1, -4, 1, 0, 5, 2, 0, -1, 7 ]
[ 0, -1, 7, 1, -4, 1, 0, 0, 37 ]
[ -1, -1, -3, 0, -1, 7, 0, 0, 37 ]
[ -1, -1, -3, 1, -4, 1, 0, -1, 7 ]
[ 1, 0, 10, 1, 1, 3, 0, 0, 37 ]
[ 3, -1, 0, 1, 0, 10, 0, 0, 37 ]
[ 3, -1, 0, 1, 1, 3, 1, 0, 10 ]
[ 37, 0, 0, 8, 1, 0, -11, 0, 1 ]
[ 8, 1, 0, 3, 5, 0, -3, 1, 1 ]
[ 11, 0, -1, 8, 1, 0, 4, 0, 3 ]
[ 1, 14, 0, 0, 37, 0, 0, 6, 1 ]
[ 3, 5, 0, 1, 14, 0, 0, 6, 1 ]
[ -1, -2, 2, 3, 5, 0, 0, 0, 37 ]
[ 3, -1, -1, 3, 5, 0, -1, -2, 2 ]
[ 8, 1, 0, -3, 1, 1, 4, 0, 3 ]
[ 1, 0, 10, 8, 1, 0, 0, 0, 37 ]
[ 4, 0, 3, 8, 1, 0, 1, 0, 10 ]
[ -1, -14, 0, 0, -1, 6, 0, 0, 37 ]
[ 1, 14, 0, 0, 6, 1, 0, -1, 6 ]
[ 0, -1, 6, 1, 14, 0, 0, 0, 37 ]
[ 0, -6, -1, 1, 14, 0, 0, -1, 6 ]
[ -3, -5, 0, -1, -2, 2, 0, 0, 37 ]
[ 3, 5, 0, 0, 6, 1, -1, -2, 2 ]
[ 0, 1, -6, -1, -2, 2, 0, 0, 37 ]
[ -3, 1, 1, -1, -2, 2, 0, -1, 6 ]
[ 1, 0, 10, -3, 1, 1, 0, 0, 37 ]
[ 4, 0, 3, -3, 1, 1, 1, 0, 10 ]
[ -8, -1, 0, 1, 0, 10, 0, 0, 37 ]
[ -8, -1, 0, 4, 0, 3, 1, 0, 10 ]
[ -1, -2, 2, 0, -1, 6, 0, 0, 37 ]
[ 1, 2, -2, 0, 6, 1, 0, -1, 6 ]
[ -1, 0, -10, 0, -1, 6, 0, 0, 37 ]
[ 3, -1, -1, 1, 0, 10, 0, 0, 37 ]
[ -3, 1, 1, 0, -1, 6, 1, 0, 10 ]
[ 37, 0, 0, -18, 1, 0, -11, 0, 1 ]
[ 1, 2, 0, 0, 37, 0, 0, -15, 1 ]
[ 18, -1, 0, 1, 2, 0, 7, -1, 1 ]
[ 11, 0, -1, -18, 1, 0, 4, 0, 3 ]
[ -1, -2, 0, 0, -15, 1, 0, 7, 2 ]
[ 7, -1, 1, 1, 2, 0, -3, 1, 2 ]
[ -18, 1, 0, 7, -1, 1, 4, 0, 3 ]
[ 1, 0, 10, -18, 1, 0, 0, 0, 37 ]
[ 4, 0, 3, -18, 1, 0, 1, 0, 10 ]
[ -1, -2, 0, 0, -1, 5, 0, 0, 37 ]
[ 1, 2, 0, 0, 7, 2, 0, -1, 5 ]
[ 0, -1, 5, 1, 2, 0, 0, 0, 37 ]
[ 3, -1, -2, 1, 2, 0, 0, -1, 5 ]
[ 1, 0, 10, -3, 1, 2, 0, 0, 37 ]
[ 7, -1, 1, 1, 0, 10, 0, 0, 37 ]
[ 7, -1, 1, -3, 1, 2, 1, 0, 10 ]
[ -1, 0, -10, 7, -1, 1, 0, 0, 37 ]
[ -4, 0, -3, 7, -1, 1, 1, 0, 10 ]
[ 18, -1, 0, 1, 0, 10, 0, 0, 37 ]
[ 18, -1, 0, 4, 0, 3, 1, 0, 10 ]
[ -1, 0, -10, 0, -1, 5, 0, 0, 37 ]
[ 3, -1, -2, 1, 0, 10, 0, 0, 37 ]
[ -3, 1, 2, 0, -1, 5, 1, 0, 10 ]
[ 37, 0, 0, -7, 1, 0, -11, 0, 1 ]
[ 7, -1, 0, 2, 5, 0, -4, -1, 1 ]
[ 11, 0, -1, -7, 1, 0, 4, 0, 3 ]
[ 1, 21, 0, 0, 37, 0, 0, 9, 1 ]
[ 2, 5, 0, 1, 21, 0, 0, 9, 1 ]
[ 1, 2, 2, 2, 5, 0, 0, 0, 37 ]
[ 4, 1, -1, 2, 5, 0, 1, 2, 2 ]
[ -7, 1, 0, -4, -1, 1, 4, 0, 3 ]
[ 1, 0, 10, -7, 1, 0, 0, 0, 37 ]
[ 4, 0, 3, -7, 1, 0, 1, 0, 10 ]
[ -1, -21, 0, 0, -1, 4, 0, 0, 37 ]
[ 1, 21, 0, 0, 9, 1, 0, -1, 4 ]
[ 0, -1, 4, 1, 21, 0, 0, 0, 37 ]
[ 0, -9, -1, 1, 21, 0, 0, -1, 4 ]
[ -2, -5, 0, 1, 2, 2, 0, 0, 37 ]
[ 2, 5, 0, 0, 9, 1, 1, 2, 2 ]
[ 1, 1, 6, 1, 2, 2, 0, 0, 37 ]
[ 4, 1, -1, 1, 2, 2, 1, 1, 6 ]
[ -1, 0, -10, -4, -1, 1, 0, 0, 37 ]
[ -4, 0, -3, -4, -1, 1, 1, 0, 10 ]
[ 7, -1, 0, 1, 0, 10, 0, 0, 37 ]
[ 7, -1, 0, 4, 0, 3, 1, 0, 10 ]
[ -1, -2, -2, 0, -1, 4, 0, 0, 37 ]
[ 1, 2, 2, 0, 9, 1, 0, -1, 4 ]
[ 1, 0, 10, 1, 1, 6, 0, 0, 37 ]
[ -4, -1, 1, 1, 0, 10, 0, 0, 37 ]
[ 4, 1, -1, 1, 1, 6, 1, 0, 10 ]
[ 37, 0, 0, 4, 1, 0, -11, 0, 1 ]
[ 1, -9, 0, 0, 37, 0, 0, 12, 1 ]
[ 4, 1, 0, -1, 9, 0, 1, 3, 1 ]
[ 11, 0, -1, 4, 1, 0, 4, 0, 3 ]
[ -1, 9, 0, 0, -1, 3, 0, 0, 37 ]
[ 1, -9, 0, 0, 12, 1, 0, -1, 3 ]
[ 0, 1, -3, -1, 9, 0, 0, 0, 37 ]
[ -1, -3, -1, 0, -1, 3, 0, 0, 37 ]
[ 1, 3, 1, -1, 9, 0, 0, -1, 3 ]
[ 0, -1, 3, 1, 3, 1, 0, 0, 37 ]
[ 4, 1, 0, 1, 3, 1, 0, -1, 3 ]
[ 1, 0, 10, 4, 1, 0, 0, 0, 37 ]
[ 4, 0, 3, 4, 1, 0, 1, 0, 10 ]
[ -1, 0, -10, 0, -1, 3, 0, 0, 37 ]
[ -4, -1, 0, 1, 0, 10, 0, 0, 37 ]
[ -4, -1, 0, 0, -1, 3, 1, 0, 10 ]
[ 37, 0, 0, 15, 1, 0, -11, 0, 1 ]
[ 15, 1, 0, -7, 2, 0, 4, 1, 1 ]
[ 11, 0, -1, 15, 1, 0, 4, 0, 3 ]
[ 1, 5, 0, 0, 37, 0, 0, 18, 1 ]
[ 7, -2, 0, 1, 5, 0, -3, 3, 1 ]
[ 4, 1, 1, -7, 2, 0, 0, -1, 2 ]
[ 15, 1, 0, 4, 1, 1, 4, 0, 3 ]
[ 1, 0, 10, 15, 1, 0, 0, 0, 37 ]
[ 4, 0, 3, 15, 1, 0, 1, 0, 10 ]
[ -1, -5, 0, 0, -1, 2, 0, 0, 37 ]
[ 1, 5, 0, 0, 18, 1, 0, -1, 2 ]
[ 0, -1, 2, 1, 5, 0, 0, 0, 37 ]
[ 3, -3, -1, 1, 5, 0, 0, -1, 2 ]
[ 7, -2, 0, -3, 3, 1, 0, -1, 2 ]
[ -3, 1, 5, -7, 2, 0, 0, 0, 37 ]
[ 0, 1, -2, -7, 2, 0, -3, 1, 5 ]
[ -1, 0, -10, 0, -1, 2, 0, 0, 37 ]
[ -4, -1, -1, 1, 0, 10, 0, 0, 37 ]
[ -4, -1, -1, 0, -1, 2, 1, 0, 10 ]
[ 1, 0, 10, 4, 1, 1, 0, 0, 37 ]
[ 4, 0, 3, 4, 1, 1, 1, 0, 10 ]
[ -15, -1, 0, 1, 0, 10, 0, 0, 37 ]
[ -15, -1, 0, 4, 0, 3, 1, 0, 10 ]
[ -1, 1, -12, 0, -1, 2, 0, 0, 37 ]
[ -3, 3, 1, 0, -1, 2, 1, -1, 12 ]
[ 0, -1, 2, 1, -1, 12, 0, 0, 37 ]
[ 0, 1, -2, -3, 3, 1, 1, -1, 12 ]
[ 7, -2, 0, -3, 1, 5, 0, 0, 37 ]
[ -7, 2, 0, 0, -1, 2, -3, 1, 5 ]
[ 1, 0, 10, -3, 1, 5, 0, 0, 37 ]
[ 0, -1, 2, 1, 0, 10, 0, 0, 37 ]
[ 0, 1, -2, -3, 1, 5, 1, 0, 10 ]
[ -1, 0, -10, 0, -1, 2, 0, 0, 37 ]
[ 3, -1, -5, 1, 0, 10, 0, 0, 37 ]
[ -3, 1, 5, 0, -1, 2, 1, 0, 10 ]
[ 37, 0, 0, -11, 1, 0, -11, 0, 1 ]
[ 11, -1, 0, 4, 3, 0, 0, -1, 1 ]
[ 11, 0, -1, -11, 1, 0, 4, 0, 3 ]
[ -1, -10, 0, 0, -1, 1, 0, 0, 37 ]
[ 1, 10, 0, 0, 37, 0, 0, -1, 1 ]
[ 0, -1, 1, 1, 10, 0, 0, 0, 37 ]
[ 4, 3, 0, 1, 10, 0, 0, -1, 1 ]
[ -1, -1, -9, 4, 3, 0, 0, 0, 37 ]
[ 0, -1, 1, 1, 1, 9, 0, 0, 37 ]
[ 0, -1, 1, 4, 3, 0, 1, 1, 9 ]
[ -11, 1, 0, 0, -1, 1, 4, 0, 3 ]
[ 1, 0, 10, -11, 1, 0, 0, 0, 37 ]
[ 4, 0, 3, -11, 1, 0, 1, 0, 10 ]
[ -1, -1, -9, 0, -1, 1, 0, 0, 37 ]
[ 4, 3, 0, 1, 1, 9, 0, 0, 37 ]
[ -4, -3, 0, 0, -1, 1, 1, 1, 9 ]
[ -1, 0, -10, 0, -1, 1, 0, 0, 37 ]
[ -4, 0, -3, 0, -1, 1, 1, 0, 10 ]
[ 11, -1, 0, 1, 0, 10, 0, 0, 37 ]
[ 11, -1, 0, 4, 0, 3, 1, 0, 10 ]
[ 37, 0, 0, 0, 1, 0, -10, 0, 1 ]
[ 10, 0, -1, 0, 1, 0, -3, 0, 4 ]
[ 1, 0, 11, 0, 1, 0, 0, 0, 37 ]
[ 3, 0, -4, 0, 1, 0, 1, 0, 11 ]
[ 37, 0, 0, 10, 1, 0, -10, 0, 1 ]
[ 10, 1, 0, 3, 4, 0, 0, 1, 1 ]
[ 10, 0, -1, 10, 1, 0, -3, 0, 4 ]
[ 1, -11, 0, 0, 1, 1, 0, 0, 37 ]
[ 1, -11, 0, 0, 37, 0, 0, 1, 1 ]
[ 0, 1, 1, -1, 11, 0, 0, 0, 37 ]
[ 3, 4, 0, -1, 11, 0, 0, 1, 1 ]
[ 1, 1, 12, 3, 4, 0, 0, 0, 37 ]
[ 0, -1, -1, 1, 1, 12, 0, 0, 37 ]
[ 0, -1, -1, 3, 4, 0, 1, 1, 12 ]
[ 10, 1, 0, 0, 1, 1, -3, 0, 4 ]
[ 1, 0, 11, 10, 1, 0, 0, 0, 37 ]
[ 3, 0, -4, 10, 1, 0, 1, 0, 11 ]
[ 1, 1, 12, 0, 1, 1, 0, 0, 37 ]
[ -3, -4, 0, 1, 1, 12, 0, 0, 37 ]
[ 3, 4, 0, 0, 1, 1, 1, 1, 12 ]
[ 1, 0, 11, 0, 1, 1, 0, 0, 37 ]
[ 3, 0, -4, 0, 1, 1, 1, 0, 11 ]
[ -10, -1, 0, 1, 0, 11, 0, 0, 37 ]
[ 10, 1, 0, -3, 0, 4, 1, 0, 11 ]
[ 37, 0, 0, -17, 1, 0, -10, 0, 1 ]
[ 17, -1, 0, 3, 2, 0, 7, -1, 1 ]
[ 10, 0, -1, -17, 1, 0, -3, 0, 4 ]
[ 1, 13, 0, 0, 37, 0, 0, -18, 1 ]
[ 3, 2, 0, 1, 13, 0, 1, -5, 1 ]
[ 7, -1, 1, 3, 2, 0, 0, 1, 2 ]
[ -17, 1, 0, 7, -1, 1, -3, 0, 4 ]
[ 1, 0, 11, -17, 1, 0, 0, 0, 37 ]
[ 3, 0, -4, -17, 1, 0, 1, 0, 11 ]
[ 1, 13, 0, 0, 1, 2, 0, 0, 37 ]
[ -1, -13, 0, 0, -18, 1, 0, 1, 2 ]
[ 0, -1, -2, 1, 13, 0, 0, 0, 37 ]
[ 1, -5, 1, 0, 1, 2, 0, 0, 37 ]
[ 1, -5, 1, 1, 13, 0, 0, 1, 2 ]
[ 0, -1, -2, 1, -5, 1, 0, 0, 37 ]
[ -3, -2, 0, 1, -5, 1, 0, 1, 2 ]
[ -1, -1, -13, 3, 2, 0, 0, 0, 37 ]
[ 0, -1, -2, 1, 1, 13, 0, 0, 37 ]
[ 0, -1, -2, 3, 2, 0, 1, 1, 13 ]
[ 7, -1, 1, 0, 1, 2, -3, 0, 4 ]
[ -1, 0, -11, 7, -1, 1, 0, 0, 37 ]
[ -3, 0, 4, 7, -1, 1, 1, 0, 11 ]
[ 17, -1, 0, 1, 0, 11, 0, 0, 37 ]
[ -17, 1, 0, -3, 0, 4, 1, 0, 11 ]
[ 1, 1, 13, 0, 1, 2, 0, 0, 37 ]
[ 3, 2, 0, 1, 1, 13, 0, 0, 37 ]
[ 3, 2, 0, 0, 1, 2, 1, 1, 13 ]
[ 1, 0, 11, 0, 1, 2, 0, 0, 37 ]
[ 3, 0, -4, 0, 1, 2, 1, 0, 11 ]
[ 7, -1, 1, 1, 0, 11, 0, 0, 37 ]
[ -7, 1, -1, -3, 0, 4, 1, 0, 11 ]
[ 37, 0, 0, -7, 1, 0, -10, 0, 1 ]
[ 7, -1, 0, 2, 5, 0, -3, -1, 1 ]
[ 10, 0, -1, -7, 1, 0, -3, 0, 4 ]
[ 1, 21, 0, 0, 37, 0, 0, -12, 1 ]
[ 2, 5, 0, 1, 21, 0, 1, 9, 1 ]
[ 3, 1, -1, 2, 5, 0, 0, 1, 3 ]
[ -7, 1, 0, -3, -1, 1, -3, 0, 4 ]
[ 1, 0, 11, -7, 1, 0, 0, 0, 37 ]
[ 3, 0, -4, -7, 1, 0, 1, 0, 11 ]
[ 1, 21, 0, 0, 1, 3, 0, 0, 37 ]
[ -1, -21, 0, 0, -12, 1, 0, 1, 3 ]
[ 0, -1, -3, 1, 21, 0, 0, 0, 37 ]
[ 1, 9, 1, 0, 1, 3, 0, 0, 37 ]
[ 1, 9, 1, 1, 21, 0, 0, 1, 3 ]
[ 0, -1, -3, 1, 9, 1, 0, 0, 37 ]
[ 2, 5, 0, 1, 9, 1, 0, 1, 3 ]
[ -1, -3, -20, 2, 5, 0, 0, 0, 37 ]
[ 0, -1, -3, 1, 3, 20, 0, 0, 37 ]
[ 0, -1, -3, 2, 5, 0, 1, 3, 20 ]
[ 1, 0, 11, 0, 1, 3, 0, 0, 37 ]
[ -3, -1, 1, 1, 0, 11, 0, 0, 37 ]
[ 3, 1, -1, 0, 1, 3, 1, 0, 11 ]
[ -1, 0, -11, -3, -1, 1, 0, 0, 37 ]
[ -3, 0, 4, -3, -1, 1, 1, 0, 11 ]
[ 7, -1, 0, 1, 0, 11, 0, 0, 37 ]
[ -7, 1, 0, -3, 0, 4, 1, 0, 11 ]
[ 1, 3, 20, 0, 1, 3, 0, 0, 37 ]
[ 2, 5, 0, 1, 3, 20, 0, 0, 37 ]
[ 2, 5, 0, 0, 1, 3, 1, 3, 20 ]
[ 37, 0, 0, 3, 1, 0, -10, 0, 1 ]
[ 1, -12, 0, 0, 37, 0, 0, -9, 1 ]
[ 3, 1, 0, -1, 12, 0, -1, 3, 1 ]
[ 10, 0, -1, 3, 1, 0, -3, 0, 4 ]
[ 1, -12, 0, 0, 1, 4, 0, 0, 37 ]
[ -1, 12, 0, 0, -9, 1, 0, 1, 4 ]
[ 0, 1, 4, -1, 12, 0, 0, 0, 37 ]
[ 1, -3, -1, 0, 1, 4, 0, 0, 37 ]
[ 1, -3, -1, -1, 12, 0, 0, 1, 4 ]
[ 0, 1, 4, -1, 3, 1, 0, 0, 37 ]
[ 3, 1, 0, -1, 3, 1, 0, 1, 4 ]
[ 1, 0, 11, 3, 1, 0, 0, 0, 37 ]
[ 3, 0, -4, 3, 1, 0, 1, 0, 11 ]
[ 1, 0, 11, 0, 1, 4, 0, 0, 37 ]
[ -3, -1, 0, 1, 0, 11, 0, 0, 37 ]
[ 3, 1, 0, 0, 1, 4, 1, 0, 11 ]
[ 37, 0, 0, 13, 1, 0, -10, 0, 1 ]
[ 13, 1, 0, 2, 3, 0, 3, 1, 1 ]
[ 10, 0, -1, 13, 1, 0, -3, 0, 4 ]
[ 1, 20, 0, 0, 37, 0, 0, 15, 1 ]
[ 2, 3, 0, 1, 20, 0, -1, -5, 1 ]
[ 3, 1, 1, 2, 3, 0, 0, 1, 5 ]
[ 13, 1, 0, 3, 1, 1, -3, 0, 4 ]
[ 1, 0, 11, 13, 1, 0, 0, 0, 37 ]
[ 3, 0, -4, 13, 1, 0, 1, 0, 11 ]
[ 1, 20, 0, 0, 15, 1, 0, -7, 2 ]
[ 1, 5, -1, 1, 20, 0, 0, -7, 2 ]
[ 0, 1, 5, -1, -5, 1, 0, 0, 37 ]
[ -2, -3, 0, -1, -5, 1, 0, 1, 5 ]
[ -1, -2, -21, 2, 3, 0, 0, 0, 37 ]
[ 0, -1, -5, 1, 2, 21, 0, 0, 37 ]
[ 0, -1, -5, 2, 3, 0, 1, 2, 21 ]
[ 1, 0, 11, 0, 1, 5, 0, 0, 37 ]
[ -3, -1, -1, 1, 0, 11, 0, 0, 37 ]
[ 3, 1, 1, 0, 1, 5, 1, 0, 11 ]
[ 1, 0, 11, 3, 1, 1, 0, 0, 37 ]
[ 3, 0, -4, 3, 1, 1, 1, 0, 11 ]
[ -13, -1, 0, 1, 0, 11, 0, 0, 37 ]
[ 13, 1, 0, -3, 0, 4, 1, 0, 11 ]
[ 1, 20, 0, 0, 1, 5, 0, 0, 37 ]
[ -1, -20, 0, 0, -7, 2, 0, 1, 5 ]
[ 0, -1, -5, 1, 20, 0, 0, 0, 37 ]
[ 0, -7, 2, 1, 20, 0, 0, 1, 5 ]
[ 1, 5, -1, 0, 1, 5, 0, 0, 37 ]
[ -1, -5, 1, 0, -7, 2, 0, 1, 5 ]
[ 1, 2, 21, 0, 1, 5, 0, 0, 37 ]
[ 2, 3, 0, 1, 2, 21, 0, 0, 37 ]
[ 2, 3, 0, 0, 1, 5, 1, 2, 21 ]
[ 37, 0, 0, -14, 1, 0, -10, 0, 1 ]
[ 14, -1, 0, -5, 3, 0, 4, -1, 1 ]
[ 10, 0, -1, -14, 1, 0, -3, 0, 4 ]
[ 1, -8, 0, 0, 37, 0, 0, -6, 1 ]
[ 5, -3, 0, -1, 8, 0, -1, 2, 1 ]
[ 4, -1, 1, -5, 3, 0, 1, -1, 5 ]
[ -14, 1, 0, 4, -1, 1, -3, 0, 4 ]
[ 1, 0, 11, -14, 1, 0, 0, 0, 37 ]
[ 3, 0, -4, -14, 1, 0, 1, 0, 11 ]
[ 1, -8, 0, 0, 1, 6, 0, 0, 37 ]
[ -1, 8, 0, 0, -6, 1, 0, 1, 6 ]
[ 0, 1, 6, -1, 8, 0, 0, 0, 37 ]
[ 1, -2, -1, 0, 1, 6, 0, 0, 37 ]
[ 1, -2, -1, -1, 8, 0, 0, 1, 6 ]
[ 1, -1, 5, -1, 2, 1, 0, 0, 37 ]
[ 5, -3, 0, -1, 2, 1, 1, -1, 5 ]
[ 2, -1, -21, -5, 3, 0, 0, 0, 37 ]
[ -1, 1, -5, -2, 1, 21, 0, 0, 37 ]
[ -1, 1, -5, -5, 3, 0, -2, 1, 21 ]
[ -1, 0, -11, 1, -1, 5, 0, 0, 37 ]
[ 4, -1, 1, 1, 0, 11, 0, 0, 37 ]
[ -4, 1, -1, 1, -1, 5, 1, 0, 11 ]
[ -1, 0, -11, 4, -1, 1, 0, 0, 37 ]
[ -3, 0, 4, 4, -1, 1, 1, 0, 11 ]
[ 14, -1, 0, 1, 0, 11, 0, 0, 37 ]
[ -14, 1, 0, -3, 0, 4, 1, 0, 11 ]
[ -2, 1, 21, 1, -1, 5, 0, 0, 37 ]
[ -5, 3, 0, -2, 1, 21, 0, 0, 37 ]
[ -5, 3, 0, 1, -1, 5, -2, 1, 21 ]
[ 37, 0, 0, -4, 1, 0, -10, 0, 1 ]
[ 1, 9, 0, 0, 37, 0, 0, 16, 1 ]
[ 4, -1, 0, 1, 9, 0, -2, -2, 1 ]
[ 10, 0, -1, -4, 1, 0, -3, 0, 4 ]
[ 1, 9, 0, 0, 16, 1, 0, -5, 2 ]
[ 2, 2, -1, 1, 9, 0, 1, 4, 2 ]
[ -4, 1, 0, -2, -2, 1, 1, -1, 4 ]
[ 1, 0, 11, -4, 1, 0, 0, 0, 37 ]
[ 3, 0, -4, -4, 1, 0, 1, 0, 11 ]
[ 1, 9, 0, 0, 1, 7, 0, 0, 37 ]
[ -1, -9, 0, 0, -5, 2, 0, 1, 7 ]
[ 0, -1, -7, 1, 9, 0, 0, 0, 37 ]
[ 1, 4, 2, 0, 1, 7, 0, 0, 37 ]
[ 1, 4, 2, 1, 9, 0, 0, 1, 7 ]
[ 0, -1, -7, 1, 4, 2, 0, 0, 37 ]
[ 2, 2, -1, 1, 4, 2, 0, 1, 7 ]
[ 1, -1, 4, 1, 0, 11, 0, 0, 37 ]
[ -1, 1, -4, -2, -2, 1, 1, 0, 11 ]
[ -1, 0, -11, 1, -1, 4, 0, 0, 37 ]
[ 4, -1, 0, 1, 0, 11, 0, 0, 37 ]
[ -4, 1, 0, 1, -1, 4, 1, 0, 11 ]
[ 1, 1, -19, 0, 1, 7, 0, 0, 37 ]
[ 2, 2, -1, 0, 1, 7, -1, -1, 19 ]
[ -1, 0, -11, -1, -1, 19, 0, 0, 37 ]
[ -1, 0, -11, -2, -2, 1, -1, -1, 19 ]
[ 37, 0, 0, 6, 1, 0, -10, 0, 1 ]
[ 1, -6, 0, 0, 37, 0, 0, 14, 1 ]
[ 6, 1, 0, -1, 6, 0, 2, 2, 1 ]
[ 10, 0, -1, 6, 1, 0, -3, 0, 4 ]
[ 1, -6, 0, 0, 14, 1, 0, 5, 3 ]
[ 2, 2, 1, -1, 6, 0, 1, -1, 3 ]
[ 6, 1, 0, 2, 2, 1, 3, 1, 4 ]
[ 1, 0, 11, 6, 1, 0, 0, 0, 37 ]
[ 3, 0, -4, 6, 1, 0, 1, 0, 11 ]
[ 1, -6, 0, 0, 1, 8, 0, 0, 37 ]
[ 1, -6, 0, 0, 5, 3, 0, 1, 8 ]
[ 0, 1, 8, -1, 6, 0, 0, 0, 37 ]
[ 1, -1, 3, 0, 1, 8, 0, 0, 37 ]
[ 1, -1, 3, -1, 6, 0, 0, 1, 8 ]
[ -1, 0, -11, 1, -1, 3, 0, 0, 37 ]
[ -2, -2, -1, 1, -1, 3, 1, 0, 11 ]
[ -3, -1, -4, 1, 0, 11, 0, 0, 37 ]
[ 3, 1, 4, 2, 2, 1, 1, 0, 11 ]
[ 1, 0, 11, 3, 1, 4, 0, 0, 37 ]
[ -6, -1, 0, 1, 0, 11, 0, 0, 37 ]
[ 6, 1, 0, 3, 1, 4, 1, 0, 11 ]
[ -1, -1, -19, 1, 0, 11, 0, 0, 37 ]
[ -2, -2, -1, 1, 0, 11, 1, 1, 19 ]
[ 1, 0, 11, 1, 1, 19, 0, 0, 37 ]
[ 1, 0, 11, 2, 2, 1, 1, 1, 19 ]
[ 37, 0, 0, 16, 1, 0, -10, 0, 1 ]
[ 16, 1, 0, -5, 2, 0, 6, 1, 1 ]
[ 10, 0, -1, 16, 1, 0, -3, 0, 4 ]
[ 1, 7, 0, 0, 37, 0, 0, -4, 1 ]
[ 5, -2, 0, 1, 7, 0, 1, 3, 1 ]
[ 6, 1, 1, -5, 2, 0, 1, -1, 2 ]
[ 16, 1, 0, 6, 1, 1, -3, 0, 4 ]
[ 1, 0, 11, 16, 1, 0, 0, 0, 37 ]
[ 3, 0, -4, 16, 1, 0, 1, 0, 11 ]
[ 1, 7, 0, 0, 1, 9, 0, 0, 37 ]
[ -1, -7, 0, 0, -4, 1, 0, 1, 9 ]
[ 0, -1, -9, 1, 7, 0, 0, 0, 37 ]
[ 1, 3, 1, 0, 1, 9, 0, 0, 37 ]
[ 1, 3, 1, 1, 7, 0, 0, 1, 9 ]
[ 5, -2, 0, 1, 3, 1, 1, -1, 2 ]
[ -2, 1, -13, -5, 2, 0, 0, 0, 37 ]
[ 1, -1, 2, 2, -1, 13, 0, 0, 37 ]
[ -1, 1, -2, -5, 2, 0, 2, -1, 13 ]
[ -6, -1, -1, 1, -1, 2, -3, 0, 4 ]
[ 1, 0, 11, 6, 1, 1, 0, 0, 37 ]
[ 3, 0, -4, 6, 1, 1, 1, 0, 11 ]
[ -16, -1, 0, 1, 0, 11, 0, 0, 37 ]
[ 16, 1, 0, -3, 0, 4, 1, 0, 11 ]
[ 0, -1, -9, 1, 3, 1, 0, 0, 37 ]
[ 1, -1, 2, 0, 1, 9, 0, 0, 37 ]
[ 1, -1, 2, 1, 3, 1, 0, 1, 9 ]
[ -2, 1, -13, 1, -1, 2, 0, 0, 37 ]
[ -5, 2, 0, 2, -1, 13, 0, 0, 37 ]
[ -5, 2, 0, 1, -1, 2, 2, -1, 13 ]
[ -1, 0, -11, 1, -1, 2, 0, 0, 37 ]
[ -3, 0, 4, 1, -1, 2, 1, 0, 11 ]
[ -6, -1, -1, 1, 0, 11, 0, 0, 37 ]
[ 6, 1, 1, -3, 0, 4, 1, 0, 11 ]
[ 37, 0, 0, -11, 1, 0, -10, 0, 1 ]
[ 11, -1, 0, 4, 3, 0, 1, -1, 1 ]
[ 10, 0, -1, -11, 1, 0, -3, 0, 4 ]
[ 1, 10, 0, 0, 37, 0, 0, -11, 1 ]
[ 4, 3, 0, 1, 10, 0, 1, -1, 1 ]
[ 1, -1, 1, 4, 3, 0, -2, -1, 5 ]
[ -11, 1, 0, 1, -1, 1, -3, 0, 4 ]
[ 1, 0, 11, -11, 1, 0, 0, 0, 37 ]
[ 3, 0, -4, -11, 1, 0, 1, 0, 11 ]
[ -1, -10, 0, 0, -11, 1, 0, 4, 3 ]
[ 1, -1, 1, 1, 10, 0, 0, 4, 3 ]
[ -4, -3, 0, 1, -1, 1, -2, -1, 5 ]
[ -1, -1, -21, 4, 3, 0, 0, 0, 37 ]
[ 2, 1, -5, 1, 1, 21, 0, 0, 37 ]
[ 2, 1, -5, 4, 3, 0, 1, 1, 21 ]
[ -1, 0, -11, -2, -1, 5, 0, 0, 37 ]
[ 1, -1, 1, 1, 0, 11, 0, 0, 37 ]
[ -1, 1, -1, -2, -1, 5, 1, 0, 11 ]
[ -1, 0, -11, 1, -1, 1, 0, 0, 37 ]
[ -3, 0, 4, 1, -1, 1, 1, 0, 11 ]
[ 11, -1, 0, 1, 0, 11, 0, 0, 37 ]
[ -11, 1, 0, -3, 0, 4, 1, 0, 11 ]
[ 1, 10, 0, 0, 1, 10, 0, 0, 37 ]
[ 1, 10, 0, 0, 4, 3, 0, 1, 10 ]
[ 0, -1, -10, 1, 10, 0, 0, 0, 37 ]
[ 0, -4, -3, 1, 10, 0, 0, 1, 10 ]
[ 1, -1, 1, 0, 1, 10, 0, 0, 37 ]
[ 1, -1, 1, 0, 4, 3, 0, 1, 10 ]
[ -2, -1, 5, 1, 0, 11, 0, 0, 37 ]
[ -2, -1, 5, 1, -1, 1, 1, 0, 11 ]
[ 1, 1, 21, -2, -1, 5, 0, 0, 37 ]
[ 4, 3, 0, 1, 1, 21, 0, 0, 37 ]
[ 4, 3, 0, -2, -1, 5, 1, 1, 21 ]
[ -1, 0, -11, 1, -1, 1, 0, 0, 37 ]
[ 1, -1, 0, 0, 37, 0, 0, -10, 1 ]
[ 37, 0, 0, -1, 1, 0, -10, 0, 1 ]
[ -1, 1, 0, 0, -10, 1, 0, -3, 4 ]
[ 10, 0, -1, -1, 1, 0, -3, 0, 4 ]
[ 1, -1, 0, 0, 1, 11, 0, 0, 37 ]
[ -1, 1, 0, 0, -3, 4, 0, 1, 11 ]
[ 1, 0, 11, -1, 1, 0, 0, 0, 37 ]
[ 3, 0, -4, -1, 1, 0, 1, 0, 11 ]
[ 37, 0, 0, 9, 1, 0, -10, 0, 1 ]
[ 1, -4, 0, 0, 37, 0, 0, -3, 1 ]
[ 9, 1, 0, -1, 4, 0, -1, 1, 1 ]
[ 10, 0, -1, 9, 1, 0, -3, 0, 4 ]
[ 1, -4, 0, 0, 1, 12, 0, 0, 37 ]
[ -1, 4, 0, 0, -3, 1, 0, 1, 12 ]
[ 0, 1, 12, -1, 4, 0, 0, 0, 37 ]
[ 1, -1, -1, 0, 1, 12, 0, 0, 37 ]
[ 1, -1, -1, -1, 4, 0, 0, 1, 12 ]
[ 9, 1, 0, -1, 1, 1, -3, 0, 4 ]
[ 1, 0, 11, 9, 1, 0, 0, 0, 37 ]
[ 3, 0, -4, 9, 1, 0, 1, 0, 11 ]
[ 1, 0, 11, -1, 1, 1, 0, 0, 37 ]
[ 3, 0, -4, -1, 1, 1, 1, 0, 11 ]
[ -9, -1, 0, 1, 0, 11, 0, 0, 37 ]
[ 9, 1, 0, -3, 0, 4, 1, 0, 11 ]
[ 37, 0, 0, -18, 1, 0, -10, 0, 1 ]
[ 1, 2, 0, 0, 37, 0, 0, -17, 1 ]
[ 18, -1, 0, 1, 2, 0, 8, -1, 1 ]
[ 10, 0, -1, -18, 1, 0, -3, 0, 4 ]
[ -1, -2, 0, 0, -17, 1, 0, 3, 2 ]
[ 8, -1, 1, 1, 2, 0, -1, 1, 2 ]
[ -18, 1, 0, 8, -1, 1, -3, 0, 4 ]
[ 1, 0, 11, -18, 1, 0, 0, 0, 37 ]
[ 3, 0, -4, -18, 1, 0, 1, 0, 11 ]
[ 1, 2, 0, 0, 1, 13, 0, 0, 37 ]
[ 1, 2, 0, 0, 3, 2, 0, 1, 13 ]
[ 0, -1, -13, 1, 2, 0, 0, 0, 37 ]
[ 1, -1, -2, 0, 1, 13, 0, 0, 37 ]
[ 1, -1, -2, 1, 2, 0, 0, 1, 13 ]
[ 8, -1, 1, -1, 1, 2, -3, 0, 4 ]
[ -1, 0, -11, 8, -1, 1, 0, 0, 37 ]
[ -3, 0, 4, 8, -1, 1, 1, 0, 11 ]
[ 18, -1, 0, 1, 0, 11, 0, 0, 37 ]
[ -18, 1, 0, -3, 0, 4, 1, 0, 11 ]
[ 1, 0, 11, -1, 1, 2, 0, 0, 37 ]
[ 3, 0, -4, -1, 1, 2, 1, 0, 11 ]
[ 8, -1, 1, 1, 0, 11, 0, 0, 37 ]
[ -8, 1, -1, -3, 0, 4, 1, 0, 11 ]
[ 37, 0, 0, -8, 1, 0, -10, 0, 1 ]
[ 8, -1, 0, -3, 5, 0, -2, -1, 1 ]
[ 10, 0, -1, -8, 1, 0, -3, 0, 4 ]
[ 1, -14, 0, 0, 37, 0, 0, 8, 1 ]
[ 3, -5, 0, -1, 14, 0, 1, -6, 1 ]
[ 2, 1, -1, -3, 5, 0, -1, 1, 3 ]
[ -8, 1, 0, -2, -1, 1, -3, 0, 4 ]
[ 1, 0, 11, -8, 1, 0, 0, 0, 37 ]
[ 3, 0, -4, -8, 1, 0, 1, 0, 11 ]
[ 1, -14, 0, 0, 8, 1, 0, 3, 5 ]
[ 1, -6, 1, -1, 14, 0, 0, 3, 5 ]
[ -3, 5, 0, 1, -6, 1, -1, 1, 3 ]
[ 2, -3, -20, -3, 5, 0, 0, 0, 37 ]
[ 1, -1, -3, -2, 3, 20, 0, 0, 37 ]
[ 1, -1, -3, -3, 5, 0, -2, 3, 20 ]
[ 1, 0, 11, -1, 1, 3, 0, 0, 37 ]
[ -2, -1, 1, 1, 0, 11, 0, 0, 37 ]
[ 2, 1, -1, -1, 1, 3, 1, 0, 11 ]
[ -1, 0, -11, -2, -1, 1, 0, 0, 37 ]
[ -3, 0, 4, -2, -1, 1, 1, 0, 11 ]
[ 8, -1, 0, 1, 0, 11, 0, 0, 37 ]
[ -8, 1, 0, -3, 0, 4, 1, 0, 11 ]
[ 1, -14, 0, 0, 1, 14, 0, 0, 37 ]
[ 1, -14, 0, 0, 3, 5, 0, 1, 14 ]
[ 0, 1, 14, -1, 14, 0, 0, 0, 37 ]
[ 0, 3, 5, -1, 14, 0, 0, 1, 14 ]
[ 1, -6, 1, 0, 1, 14, 0, 0, 37 ]
[ 1, -6, 1, 0, 3, 5, 0, 1, 14 ]
[ -1, 1, 3, 1, -6, 1, 0, -2, 9 ]
[ -2, 3, 20, -1, 1, 3, 0, 0, 37 ]
[ -3, 5, 0, -2, 3, 20, 0, 0, 37 ]
[ -3, 5, 0, -1, 1, 3, -2, 3, 20 ]
[ 0, -1, 23, 1, -6, 1, 0, 0, 37 ]
[ 0, -2, 9, 1, -6, 1, 0, -1, 23 ]
[ -1, 1, 3, 0, -1, 23, 0, 0, 37 ]
[ -1, 1, 3, 0, -2, 9, 0, -1, 23 ]
[ 37, 0, 0, 2, 1, 0, -10, 0, 1 ]
[ 1, 19, 0, 0, 37, 0, 0, 5, 1 ]
[ 2, 1, 0, 1, 19, 0, 0, 5, 1 ]
[ 10, 0, -1, 2, 1, 0, -3, 0, 4 ]
[ 1, 19, 0, 0, 5, 1, 0, -2, 7 ]
[ 0, -5, -1, 1, 19, 0, 0, -2, 7 ]
[ 2, 1, 0, 0, 5, 1, 1, 2, 4 ]
[ 1, 0, 11, 2, 1, 0, 0, 0, 37 ]
[ 3, 0, -4, 2, 1, 0, 1, 0, 11 ]
[ -1, -19, 0, 0, -1, 22, 0, 0, 37 ]
[ -1, -19, 0, 0, -2, 7, 0, -1, 22 ]
[ 0, -1, 22, 1, 19, 0, 0, 0, 37 ]
[ 0, -2, 7, 1, 19, 0, 0, -1, 22 ]
[ 1, 2, 4, 0, 5, 1, 0, -2, 7 ]
[ 1, 1, -11, 1, 2, 4, 0, 0, 37 ]
[ -2, -1, 0, -1, -1, 11, 0, 0, 37 ]
[ 2, 1, 0, 1, 2, 4, -1, -1, 11 ]
[ -1, -2, -4, 0, -1, 22, 0, 0, 37 ]
[ -1, -2, -4, 0, -2, 7, 0, -1, 22 ]
[ 37, 0, 0, 12, 1, 0, -10, 0, 1 ]
[ 1, -3, 0, 0, 37, 0, 0, 7, 1 ]
[ 12, 1, 0, -1, 3, 0, 2, 1, 1 ]
[ 10, 0, -1, 12, 1, 0, -3, 0, 4 ]
[ 1, -3, 0, 0, 7, 1, 0, -2, 5 ]
[ 2, 1, 1, -1, 3, 0, -1, 1, 5 ]
[ 12, 1, 0, 2, 1, 1, -3, 0, 4 ]
[ 1, 0, 11, 12, 1, 0, 0, 0, 37 ]
[ 3, 0, -4, 12, 1, 0, 1, 0, 11 ]
[ -1, 3, 0, 0, -1, 21, 0, 0, 37 ]
[ -1, 3, 0, 0, -2, 5, 0, -1, 21 ]
[ 1, -2, -21, -1, 3, 0, 0, 0, 37 ]
[ 1, -1, -5, -1, 2, 21, 0, 0, 37 ]
[ 1, -1, -5, -1, 3, 0, -1, 2, 21 ]
[ 1, 0, 11, -1, 1, 5, 0, 0, 37 ]
[ -2, -1, -1, 1, 0, 11, 0, 0, 37 ]
[ 2, 1, 1, -1, 1, 5, 1, 0, 11 ]
[ 1, 0, 11, 2, 1, 1, 0, 0, 37 ]
[ 3, 0, -4, 2, 1, 1, 1, 0, 11 ]
[ -12, -1, 0, 1, 0, 11, 0, 0, 37 ]
[ 12, 1, 0, -3, 0, 4, 1, 0, 11 ]
[ 37, 0, 0, -15, 1, 0, -10, 0, 1 ]
[ 15, -1, 0, 7, 2, 0, 5, -1, 1 ]
[ 10, 0, -1, -15, 1, 0, -3, 0, 4 ]
[ 1, -5, 0, 0, 37, 0, 0, -13, 1 ]
[ 7, 2, 0, -1, 5, 0, -2, -3, 1 ]
[ 5, -1, 1, 7, 2, 0, 2, 1, 2 ]
[ -15, 1, 0, 5, -1, 1, -3, 0, 4 ]
[ 1, 0, 11, -15, 1, 0, 0, 0, 37 ]
[ 3, 0, -4, -15, 1, 0, 1, 0, 11 ]
[ -1, 5, 0, 0, -13, 1, 0, -2, 3 ]
[ 2, 3, -1, -1, 5, 0, 0, -2, 3 ]
[ -7, -2, 0, -2, -3, 1, 2, 1, 2 ]
[ -3, -1, -13, 7, 2, 0, 0, 0, 37 ]
[ -2, -1, -2, 3, 1, 13, 0, 0, 37 ]
[ -2, -1, -2, 7, 2, 0, 3, 1, 13 ]
[ 5, -1, 1, 2, 1, 2, -3, 0, 4 ]
[ -1, 0, -11, 5, -1, 1, 0, 0, 37 ]
[ -3, 0, 4, 5, -1, 1, 1, 0, 11 ]
[ 15, -1, 0, 1, 0, 11, 0, 0, 37 ]
[ -15, 1, 0, -3, 0, 4, 1, 0, 11 ]
[ -1, 5, 0, 0, -1, 20, 0, 0, 37 ]
[ -1, 5, 0, 0, -2, 3, 0, -1, 20 ]
[ 0, 1, -20, -1, 5, 0, 0, 0, 37 ]
[ 0, 2, -3, -1, 5, 0, 0, -1, 20 ]
[ 2, 3, -1, -1, -1, 9, 0, 0, 37 ]
[ -2, -3, 1, 0, -2, 3, -1, -1, 9 ]
[ -1, -1, 9, -2, -3, 1, 0, 0, 37 ]
[ -2, -1, -2, -1, -1, 9, 0, 0, 37 ]
[ -2, -1, -2, -2, -3, 1, -1, -1, 9 ]
[ 3, 1, 13, 2, 1, 2, 0, 0, 37 ]
[ 7, 2, 0, 3, 1, 13, 0, 0, 37 ]
[ 7, 2, 0, 2, 1, 2, 3, 1, 13 ]
[ 1, 0, 11, 2, 1, 2, 0, 0, 37 ]
[ 3, 0, -4, 2, 1, 2, 1, 0, 11 ]
[ 5, -1, 1, 1, 0, 11, 0, 0, 37 ]
[ -5, 1, -1, -3, 0, 4, 1, 0, 11 ]
[ -1, -1, 9, 0, -1, 20, 0, 0, 37 ]
[ -1, -1, 9, 0, -2, 3, 0, -1, 20 ]
[ 37, 0, 0, -5, 1, 0, -10, 0, 1 ]
[ 5, -1, 0, 2, 7, 0, 0, -2, 1 ]
[ 10, 0, -1, -5, 1, 0, -3, 0, 4 ]
[ 1, 22, 0, 0, 37, 0, 0, -2, 1 ]
[ 2, 7, 0, 1, 22, 0, 0, -2, 1 ]
[ -1, -4, -9, 2, 7, 0, 0, 0, 37 ]
[ 0, -2, 1, 2, 7, 0, 1, 4, 9 ]
[ -5, 1, 0, 0, -2, 1, 2, -1, 4 ]
[ 1, 0, 11, -5, 1, 0, 0, 0, 37 ]
[ 3, 0, -4, -5, 1, 0, 1, 0, 11 ]
[ -1, -22, 0, 0, -1, 19, 0, 0, 37 ]
[ -1, -22, 0, 0, -2, 1, 0, -1, 19 ]
[ 0, -1, 19, 1, 22, 0, 0, 0, 37 ]
[ 0, -2, 1, 1, 22, 0, 0, -1, 19 ]
[ 2, 7, 0, 1, 4, 9, 0, 0, 37 ]
[ -2, -7, 0, 0, -2, 1, 1, 4, 9 ]
[ 0, -1, 19, 1, 4, 9, 0, 0, 37 ]
[ 0, -2, 1, 1, 4, 9, 0, -1, 19 ]
[ 2, -1, 4, 1, 0, 11, 0, 0, 37 ]
[ -2, 1, -4, 0, -2, 1, 1, 0, 11 ]
[ -1, 0, -11, 2, -1, 4, 0, 0, 37 ]
[ 5, -1, 0, 1, 0, 11, 0, 0, 37 ]
[ -5, 1, 0, 2, -1, 4, 1, 0, 11 ]
[ -1, -4, -9, 0, -1, 19, 0, 0, 37 ]
[ -1, -4, -9, 0, -2, 1, 0, -1, 19 ]
[ -1, 0, -11, 0, -1, 19, 0, 0, 37 ]
[ -1, 0, -11, 0, -2, 1, 0, -1, 19 ]
[ 37, 0, 0, 5, 1, 0, -10, 0, 1 ]
[ 5, 1, 0, -2, 7, 0, 0, 2, 1 ]
[ 10, 0, -1, 5, 1, 0, -3, 0, 4 ]
[ 1, -22, 0, 0, 37, 0, 0, 2, 1 ]
[ 2, -7, 0, -1, 22, 0, 0, 2, 1 ]
[ 1, -3, -9, -2, 7, 0, 0, 0, 37 ]
[ 0, 2, 1, -2, 7, 0, -1, 3, 9 ]
[ 5, 1, 0, 0, 2, 1, 2, 1, 4 ]
[ 1, 0, 11, 5, 1, 0, 0, 0, 37 ]
[ 3, 0, -4, 5, 1, 0, 1, 0, 11 ]
[ 1, -22, 0, 0, 1, 19, 0, 0, 37 ]
[ 1, -22, 0, 0, 2, 1, 0, 1, 19 ]
[ 0, 1, 19, -1, 22, 0, 0, 0, 37 ]
[ 0, 2, 1, -1, 22, 0, 0, 1, 19 ]
[ -2, 7, 0, -1, 3, 9, 0, 0, 37 ]
[ 2, -7, 0, 0, 2, 1, -1, 3, 9 ]
[ 0, 1, 19, -1, 3, 9, 0, 0, 37 ]
[ 0, 2, 1, -1, 3, 9, 0, 1, 19 ]
[ -2, -1, -4, 1, 0, 11, 0, 0, 37 ]
[ 2, 1, 4, 0, 2, 1, 1, 0, 11 ]
[ 1, 0, 11, 2, 1, 4, 0, 0, 37 ]
[ -5, -1, 0, 1, 0, 11, 0, 0, 37 ]
[ 5, 1, 0, 2, 1, 4, 1, 0, 11 ]
[ 1, -3, -9, 0, 1, 19, 0, 0, 37 ]
[ 1, -3, -9, 0, 2, 1, 0, 1, 19 ]
[ 1, 0, 11, 0, 1, 19, 0, 0, 37 ]
[ 1, 0, 11, 0, 2, 1, 0, 1, 19 ]
[ 37, 0, 0, 15, 1, 0, -10, 0, 1 ]
[ 15, 1, 0, -7, 2, 0, 5, 1, 1 ]
[ 10, 0, -1, 15, 1, 0, -3, 0, 4 ]
[ 1, 5, 0, 0, 37, 0, 0, 13, 1 ]
[ 7, -2, 0, 1, 5, 0, -2, 3, 1 ]
[ 5, 1, 1, -7, 2, 0, 2, -1, 2 ]
[ 15, 1, 0, 5, 1, 1, -3, 0, 4 ]
[ 1, 0, 11, 15, 1, 0, 0, 0, 37 ]
[ 3, 0, -4, 15, 1, 0, 1, 0, 11 ]
[ 1, 5, 0, 0, 13, 1, 0, 2, 3 ]
[ 2, -3, -1, 1, 5, 0, 0, 2, 3 ]
[ 7, -2, 0, -2, 3, 1, 2, -1, 2 ]
[ -3, 1, -13, -7, 2, 0, 0, 0, 37 ]
[ 2, -1, 2, 3, -1, 13, 0, 0, 37 ]
[ -2, 1, -2, -7, 2, 0, 3, -1, 13 ]
[ -5, -1, -1, 2, -1, 2, -3, 0, 4 ]
[ 1, 0, 11, 5, 1, 1, 0, 0, 37 ]
[ 3, 0, -4, 5, 1, 1, 1, 0, 11 ]
[ -15, -1, 0, 1, 0, 11, 0, 0, 37 ]
[ 15, 1, 0, -3, 0, 4, 1, 0, 11 ]
[ 1, 5, 0, 0, 1, 20, 0, 0, 37 ]
[ 1, 5, 0, 0, 2, 3, 0, 1, 20 ]
[ 0, -1, -20, 1, 5, 0, 0, 0, 37 ]
[ 0, -2, -3, 1, 5, 0, 0, 1, 20 ]
[ -2, 3, 1, -1, 1, 9, 0, 0, 37 ]
[ 2, -3, -1, 0, 2, 3, -1, 1, 9 ]
[ 1, -1, -9, -2, 3, 1, 0, 0, 37 ]
[ 2, -1, 2, -1, 1, 9, 0, 0, 37 ]
[ 2, -1, 2, -2, 3, 1, -1, 1, 9 ]
[ -3, 1, -13, 2, -1, 2, 0, 0, 37 ]
[ -7, 2, 0, 3, -1, 13, 0, 0, 37 ]
[ -7, 2, 0, 2, -1, 2, 3, -1, 13 ]
[ -1, 0, -11, 2, -1, 2, 0, 0, 37 ]
[ -3, 0, 4, 2, -1, 2, 1, 0, 11 ]
[ -5, -1, -1, 1, 0, 11, 0, 0, 37 ]
[ 5, 1, 1, -3, 0, 4, 1, 0, 11 ]
[ 1, -1, -9, 0, 1, 20, 0, 0, 37 ]
[ 1, -1, -9, 0, 2, 3, 0, 1, 20 ]
[ 37, 0, 0, -12, 1, 0, -10, 0, 1 ]
[ 1, 3, 0, 0, 37, 0, 0, -7, 1 ]
[ 12, -1, 0, 1, 3, 0, 2, -1, 1 ]
[ 10, 0, -1, -12, 1, 0, -3, 0, 4 ]
[ -1, -3, 0, 0, -7, 1, 0, 2, 5 ]
[ 2, -1, 1, 1, 3, 0, -1, -1, 5 ]
[ -12, 1, 0, 2, -1, 1, -3, 0, 4 ]
[ 1, 0, 11, -12, 1, 0, 0, 0, 37 ]
[ 3, 0, -4, -12, 1, 0, 1, 0, 11 ]
[ 1, 3, 0, 0, 1, 21, 0, 0, 37 ]
[ 1, 3, 0, 0, 2, 5, 0, 1, 21 ]
[ 0, -1, -21, 1, 3, 0, 0, 0, 37 ]
[ 1, 1, -5, 0, 1, 21, 0, 0, 37 ]
[ 1, 1, -5, 1, 3, 0, 0, 1, 21 ]
[ -1, 0, -11, -1, -1, 5, 0, 0, 37 ]
[ 2, -1, 1, 1, 0, 11, 0, 0, 37 ]
[ -2, 1, -1, -1, -1, 5, 1, 0, 11 ]
[ -1, 0, -11, 2, -1, 1, 0, 0, 37 ]
[ -3, 0, 4, 2, -1, 1, 1, 0, 11 ]
[ 12, -1, 0, 1, 0, 11, 0, 0, 37 ]
[ -12, 1, 0, -3, 0, 4, 1, 0, 11 ]
[ 37, 0, 0, -2, 1, 0, -10, 0, 1 ]
[ 1, -19, 0, 0, 37, 0, 0, -5, 1 ]
[ 2, -1, 0, -1, 19, 0, 0, -5, 1 ]
[ 10, 0, -1, -2, 1, 0, -3, 0, 4 ]
[ -1, 19, 0, 0, -5, 1, 0, 2, 7 ]
[ 0, 5, -1, -1, 19, 0, 0, 2, 7 ]
[ -2, 1, 0, 0, -5, 1, -1, -1, 4 ]
[ 1, 0, 11, -2, 1, 0, 0, 0, 37 ]
[ 3, 0, -4, -2, 1, 0, 1, 0, 11 ]
[ 1, -19, 0, 0, 1, 22, 0, 0, 37 ]
[ 1, -19, 0, 0, 2, 7, 0, 1, 22 ]
[ 0, 1, 22, -1, 19, 0, 0, 0, 37 ]
[ 0, 2, 7, -1, 19, 0, 0, 1, 22 ]
[ -1, -1, 4, 0, -5, 1, 0, 2, 7 ]
[ -1, 0, -11, -1, -1, 4, 0, 0, 37 ]
[ 2, -1, 0, 1, 0, 11, 0, 0, 37 ]
[ -2, 1, 0, -1, -1, 4, 1, 0, 11 ]
[ 1, 1, -4, 0, 1, 22, 0, 0, 37 ]
[ 1, 1, -4, 0, 2, 7, 0, 1, 22 ]
[ 37, 0, 0, 8, 1, 0, -10, 0, 1 ]
[ 8, 1, 0, 3, 5, 0, -2, 1, 1 ]
[ 10, 0, -1, 8, 1, 0, -3, 0, 4 ]
[ 1, 14, 0, 0, 37, 0, 0, -8, 1 ]
[ 3, 5, 0, 1, 14, 0, 1, 6, 1 ]
[ 2, -1, -1, 3, 5, 0, -1, -1, 3 ]
[ 8, 1, 0, -2, 1, 1, -3, 0, 4 ]
[ 1, 0, 11, 8, 1, 0, 0, 0, 37 ]
[ 3, 0, -4, 8, 1, 0, 1, 0, 11 ]
[ -1, -14, 0, 0, -8, 1, 0, -3, 5 ]
[ 1, 6, 1, 1, 14, 0, 0, -3, 5 ]
[ 3, 5, 0, 1, 6, 1, -1, -1, 3 ]
[ -1, -2, -20, 3, 5, 0, 0, 0, 37 ]
[ 1, 1, -3, 1, 2, 20, 0, 0, 37 ]
[ 1, 1, -3, 3, 5, 0, 1, 2, 20 ]
[ -1, 0, -11, -1, -1, 3, 0, 0, 37 ]
[ 2, -1, -1, 1, 0, 11, 0, 0, 37 ]
[ -2, 1, 1, -1, -1, 3, 1, 0, 11 ]
[ 1, 0, 11, -2, 1, 1, 0, 0, 37 ]
[ 3, 0, -4, -2, 1, 1, 1, 0, 11 ]
[ -8, -1, 0, 1, 0, 11, 0, 0, 37 ]
[ 8, 1, 0, -3, 0, 4, 1, 0, 11 ]
[ -1, -14, 0, 0, -1, 14, 0, 0, 37 ]
[ -1, -14, 0, 0, -3, 5, 0, -1, 14 ]
[ 0, -1, 14, 1, 14, 0, 0, 0, 37 ]
[ 0, -3, 5, 1, 14, 0, 0, -1, 14 ]
[ -1, -6, -1, 0, -1, 14, 0, 0, 37 ]
[ -1, -6, -1, 0, -3, 5, 0, -1, 14 ]
[ 1, 1, -3, 1, 6, 1, 0, 2, 9 ]
[ 1, 2, 20, -1, -1, 3, 0, 0, 37 ]
[ 3, 5, 0, 1, 2, 20, 0, 0, 37 ]
[ 3, 5, 0, -1, -1, 3, 1, 2, 20 ]
[ 0, -1, -23, 1, 6, 1, 0, 0, 37 ]
[ 0, -2, -9, 1, 6, 1, 0, 1, 23 ]
[ 1, 1, -3, 0, 1, 23, 0, 0, 37 ]
[ 1, 1, -3, 0, 2, 9, 0, 1, 23 ]
[ 37, 0, 0, 18, 1, 0, -10, 0, 1 ]
[ 1, -2, 0, 0, 37, 0, 0, 17, 1 ]
[ 18, 1, 0, -1, 2, 0, 8, 1, 1 ]
[ 10, 0, -1, 18, 1, 0, -3, 0, 4 ]
[ 1, -2, 0, 0, 17, 1, 0, -3, 2 ]
[ 8, 1, 1, -1, 2, 0, -1, -1, 2 ]
[ 18, 1, 0, 8, 1, 1, -3, 0, 4 ]
[ 1, 0, 11, 18, 1, 0, 0, 0, 37 ]
[ 3, 0, -4, 18, 1, 0, 1, 0, 11 ]
[ -1, 2, 0, 0, -1, 13, 0, 0, 37 ]
[ -1, 2, 0, 0, -3, 2, 0, -1, 13 ]
[ 0, 1, -13, -1, 2, 0, 0, 0, 37 ]
[ -1, -1, 2, 0, -1, 13, 0, 0, 37 ]
[ 1, 1, -2, -1, 2, 0, 0, -1, 13 ]
[ -8, -1, -1, -1, -1, 2, -3, 0, 4 ]
[ 1, 0, 11, 8, 1, 1, 0, 0, 37 ]
[ 3, 0, -4, 8, 1, 1, 1, 0, 11 ]
[ -18, -1, 0, 1, 0, 11, 0, 0, 37 ]
[ 18, 1, 0, -3, 0, 4, 1, 0, 11 ]
[ -1, 0, -11, -1, -1, 2, 0, 0, 37 ]
[ -3, 0, 4, -1, -1, 2, 1, 0, 11 ]
[ -8, -1, -1, 1, 0, 11, 0, 0, 37 ]
[ 8, 1, 1, -3, 0, 4, 1, 0, 11 ]
[ 37, 0, 0, -9, 1, 0, -10, 0, 1 ]
[ 1, 4, 0, 0, 37, 0, 0, 3, 1 ]
[ 9, -1, 0, 1, 4, 0, -1, -1, 1 ]
[ 10, 0, -1, -9, 1, 0, -3, 0, 4 ]
[ -1, -4, 0, 0, -1, 12, 0, 0, 37 ]
[ 1, 4, 0, 0, 3, 1, 0, -1, 12 ]
[ 0, -1, 12, 1, 4, 0, 0, 0, 37 ]
[ -1, -1, 1, 0, -1, 12, 0, 0, 37 ]
[ 1, 1, -1, 1, 4, 0, 0, -1, 12 ]
[ -9, 1, 0, -1, -1, 1, -3, 0, 4 ]
[ 1, 0, 11, -9, 1, 0, 0, 0, 37 ]
[ 3, 0, -4, -9, 1, 0, 1, 0, 11 ]
[ -1, 0, -11, -1, -1, 1, 0, 0, 37 ]
[ -3, 0, 4, -1, -1, 1, 1, 0, 11 ]
[ 9, -1, 0, 1, 0, 11, 0, 0, 37 ]
[ -9, 1, 0, -3, 0, 4, 1, 0, 11 ]
[ 1, 1, 0, 0, 37, 0, 0, 10, 1 ]
[ 37, 0, 0, 1, 1, 0, -10, 0, 1 ]
[ 1, 1, 0, 0, 10, 1, 0, 3, 4 ]
[ 10, 0, -1, 1, 1, 0, -3, 0, 4 ]
[ -1, -1, 0, 0, -1, 11, 0, 0, 37 ]
[ 1, 1, 0, 0, 3, 4, 0, -1, 11 ]
[ 1, 0, 11, 1, 1, 0, 0, 0, 37 ]
[ 3, 0, -4, 1, 1, 0, 1, 0, 11 ]
[ 37, 0, 0, 11, 1, 0, -10, 0, 1 ]
[ 11, 1, 0, -4, 3, 0, 1, 1, 1 ]
[ 10, 0, -1, 11, 1, 0, -3, 0, 4 ]
[ 1, -10, 0, 0, 37, 0, 0, 11, 1 ]
[ 4, -3, 0, -1, 10, 0, 1, 1, 1 ]
[ 1, 1, 1, -4, 3, 0, -2, 1, 5 ]
[ 11, 1, 0, 1, 1, 1, -3, 0, 4 ]
[ 1, 0, 11, 11, 1, 0, 0, 0, 37 ]
[ 3, 0, -4, 11, 1, 0, 1, 0, 11 ]
[ 1, -10, 0, 0, 11, 1, 0, -4, 3 ]
[ 1, 1, 1, -1, 10, 0, 0, -4, 3 ]
[ 4, -3, 0, 1, 1, 1, -2, 1, 5 ]
[ 3, -2, -21, -4, 3, 0, 0, 0, 37 ]
[ 2, -1, -5, -3, 2, 21, 0, 0, 37 ]
[ 2, -1, -5, -4, 3, 0, -3, 2, 21 ]
[ 1, 0, 11, -2, 1, 5, 0, 0, 37 ]
[ -1, -1, -1, 1, 0, 11, 0, 0, 37 ]
[ 1, 1, 1, -2, 1, 5, 1, 0, 11 ]
[ 1, 0, 11, 1, 1, 1, 0, 0, 37 ]
[ 3, 0, -4, 1, 1, 1, 1, 0, 11 ]
[ -11, -1, 0, 1, 0, 11, 0, 0, 37 ]
[ 11, 1, 0, -3, 0, 4, 1, 0, 11 ]
[ -1, 10, 0, 0, -1, 10, 0, 0, 37 ]
[ -1, 10, 0, 0, -4, 3, 0, -1, 10 ]
[ 0, 1, -10, -1, 10, 0, 0, 0, 37 ]
[ 0, 4, -3, -1, 10, 0, 0, -1, 10 ]
[ -1, -1, -1, 0, -1, 10, 0, 0, 37 ]
[ -1, -1, -1, 0, -4, 3, 0, -1, 10 ]
[ 2, -1, -5, 1, 0, 11, 0, 0, 37 ]
[ 2, -1, -5, 1, 1, 1, 1, 0, 11 ]
[ -3, 2, 21, -2, 1, 5, 0, 0, 37 ]
[ -4, 3, 0, -3, 2, 21, 0, 0, 37 ]
[ -4, 3, 0, -2, 1, 5, -3, 2, 21 ]
[ 1, 0, 11, 1, 1, 1, 0, 0, 37 ]
[ 37, 0, 0, -16, 1, 0, -10, 0, 1 ]
[ 16, -1, 0, 5, 2, 0, 6, -1, 1 ]
[ 10, 0, -1, -16, 1, 0, -3, 0, 4 ]
[ 1, -7, 0, 0, 37, 0, 0, 4, 1 ]
[ 5, 2, 0, -1, 7, 0, 1, -3, 1 ]
[ 6, -1, 1, 5, 2, 0, 1, 1, 2 ]
[ -16, 1, 0, 6, -1, 1, -3, 0, 4 ]
[ 1, 0, 11, -16, 1, 0, 0, 0, 37 ]
[ 3, 0, -4, -16, 1, 0, 1, 0, 11 ]
[ -1, 7, 0, 0, -1, 9, 0, 0, 37 ]
[ 1, -7, 0, 0, 4, 1, 0, -1, 9 ]
[ 0, 1, -9, -1, 7, 0, 0, 0, 37 ]
[ -1, 3, -1, 0, -1, 9, 0, 0, 37 ]
[ 1, -3, 1, -1, 7, 0, 0, -1, 9 ]
[ -5, -2, 0, 1, -3, 1, 1, 1, 2 ]
[ -2, -1, -13, 5, 2, 0, 0, 0, 37 ]
[ -1, -1, -2, 2, 1, 13, 0, 0, 37 ]
[ -1, -1, -2, 5, 2, 0, 2, 1, 13 ]
[ 6, -1, 1, 1, 1, 2, -3, 0, 4 ]
[ -1, 0, -11, 6, -1, 1, 0, 0, 37 ]
[ -3, 0, 4, 6, -1, 1, 1, 0, 11 ]
[ 16, -1, 0, 1, 0, 11, 0, 0, 37 ]
[ -16, 1, 0, -3, 0, 4, 1, 0, 11 ]
[ 0, -1, 9, 1, -3, 1, 0, 0, 37 ]
[ -1, -1, -2, 0, -1, 9, 0, 0, 37 ]
[ -1, -1, -2, 1, -3, 1, 0, -1, 9 ]
[ 2, 1, 13, 1, 1, 2, 0, 0, 37 ]
[ 5, 2, 0, 2, 1, 13, 0, 0, 37 ]
[ 5, 2, 0, 1, 1, 2, 2, 1, 13 ]
[ 1, 0, 11, 1, 1, 2, 0, 0, 37 ]
[ 3, 0, -4, 1, 1, 2, 1, 0, 11 ]
[ 6, -1, 1, 1, 0, 11, 0, 0, 37 ]
[ -6, 1, -1, -3, 0, 4, 1, 0, 11 ]
[ 37, 0, 0, -6, 1, 0, -10, 0, 1 ]
[ 1, 6, 0, 0, 37, 0, 0, -14, 1 ]
[ 6, -1, 0, 1, 6, 0, 2, -2, 1 ]
[ 10, 0, -1, -6, 1, 0, -3, 0, 4 ]
[ -1, -6, 0, 0, -14, 1, 0, -5, 3 ]
[ 2, -2, 1, 1, 6, 0, 1, 1, 3 ]
[ -6, 1, 0, 2, -2, 1, 3, -1, 4 ]
[ 1, 0, 11, -6, 1, 0, 0, 0, 37 ]
[ 3, 0, -4, -6, 1, 0, 1, 0, 11 ]
[ -1, -6, 0, 0, -1, 8, 0, 0, 37 ]
[ -1, -6, 0, 0, -5, 3, 0, -1, 8 ]
[ 0, -1, 8, 1, 6, 0, 0, 0, 37 ]
[ -1, -1, -3, 0, -1, 8, 0, 0, 37 ]
[ 1, 1, 3, 1, 6, 0, 0, -1, 8 ]
[ 1, 0, 11, 1, 1, 3, 0, 0, 37 ]
[ 2, -2, 1, 1, 1, 3, 1, 0, 11 ]
[ 3, -1, 4, 1, 0, 11, 0, 0, 37 ]
[ -3, 1, -4, 2, -2, 1, 1, 0, 11 ]
[ -1, 0, -11, 3, -1, 4, 0, 0, 37 ]
[ 6, -1, 0, 1, 0, 11, 0, 0, 37 ]
[ -6, 1, 0, 3, -1, 4, 1, 0, 11 ]
[ 1, -1, 19, 1, 0, 11, 0, 0, 37 ]
[ 2, -2, 1, 1, 0, 11, 1, -1, 19 ]
[ -1, 0, -11, 1, -1, 19, 0, 0, 37 ]
[ -1, 0, -11, 2, -2, 1, 1, -1, 19 ]
[ 37, 0, 0, 4, 1, 0, -10, 0, 1 ]
[ 1, -9, 0, 0, 37, 0, 0, -16, 1 ]
[ 4, 1, 0, -1, 9, 0, -2, 2, 1 ]
[ 10, 0, -1, 4, 1, 0, -3, 0, 4 ]
[ -1, 9, 0, 0, -16, 1, 0, 5, 2 ]
[ 2, -2, -1, -1, 9, 0, 1, -4, 2 ]
[ 4, 1, 0, -2, 2, 1, 1, 1, 4 ]
[ 1, 0, 11, 4, 1, 0, 0, 0, 37 ]
[ 3, 0, -4, 4, 1, 0, 1, 0, 11 ]
[ -1, 9, 0, 0, -1, 7, 0, 0, 37 ]
[ 1, -9, 0, 0, 5, 2, 0, -1, 7 ]
[ 0, 1, -7, -1, 9, 0, 0, 0, 37 ]
[ -1, 4, -2, 0, -1, 7, 0, 0, 37 ]
[ 1, -4, 2, -1, 9, 0, 0, -1, 7 ]
[ 0, -1, 7, 1, -4, 2, 0, 0, 37 ]
[ -2, 2, 1, 1, -4, 2, 0, -1, 7 ]
[ -1, -1, -4, 1, 0, 11, 0, 0, 37 ]
[ 1, 1, 4, -2, 2, 1, 1, 0, 11 ]
[ 1, 0, 11, 1, 1, 4, 0, 0, 37 ]
[ -4, -1, 0, 1, 0, 11, 0, 0, 37 ]
[ 4, 1, 0, 1, 1, 4, 1, 0, 11 ]
[ -1, 1, 19, 0, -1, 7, 0, 0, 37 ]
[ -2, 2, 1, 0, -1, 7, -1, 1, 19 ]
[ 1, 0, 11, -1, 1, 19, 0, 0, 37 ]
[ 1, 0, 11, -2, 2, 1, -1, 1, 19 ]
[ 37, 0, 0, 14, 1, 0, -10, 0, 1 ]
[ 14, 1, 0, 5, 3, 0, 4, 1, 1 ]
[ 10, 0, -1, 14, 1, 0, -3, 0, 4 ]
[ 1, 8, 0, 0, 37, 0, 0, 6, 1 ]
[ 5, 3, 0, 1, 8, 0, -1, -2, 1 ]
[ 4, 1, 1, 5, 3, 0, 1, 1, 5 ]
[ 14, 1, 0, 4, 1, 1, -3, 0, 4 ]
[ 1, 0, 11, 14, 1, 0, 0, 0, 37 ]
[ 3, 0, -4, 14, 1, 0, 1, 0, 11 ]
[ -1, -8, 0, 0, -1, 6, 0, 0, 37 ]
[ 1, 8, 0, 0, 6, 1, 0, -1, 6 ]
[ 0, -1, 6, 1, 8, 0, 0, 0, 37 ]
[ -1, -2, 1, 0, -1, 6, 0, 0, 37 ]
[ 1, 2, -1, 1, 8, 0, 0, -1, 6 ]
[ -1, -1, -5, -1, -2, 1, 0, 0, 37 ]
[ -5, -3, 0, -1, -2, 1, 1, 1, 5 ]
[ -3, -2, -21, 5, 3, 0, 0, 0, 37 ]
[ -1, -1, -5, 3, 2, 21, 0, 0, 37 ]
[ -1, -1, -5, 5, 3, 0, 3, 2, 21 ]
[ 1, 0, 11, 1, 1, 5, 0, 0, 37 ]
[ -4, -1, -1, 1, 0, 11, 0, 0, 37 ]
[ 4, 1, 1, 1, 1, 5, 1, 0, 11 ]
[ 1, 0, 11, 4, 1, 1, 0, 0, 37 ]
[ 3, 0, -4, 4, 1, 1, 1, 0, 11 ]
[ -14, -1, 0, 1, 0, 11, 0, 0, 37 ]
[ 14, 1, 0, -3, 0, 4, 1, 0, 11 ]
[ 3, 2, 21, 1, 1, 5, 0, 0, 37 ]
[ 5, 3, 0, 3, 2, 21, 0, 0, 37 ]
[ 5, 3, 0, 1, 1, 5, 3, 2, 21 ]
[ 37, 0, 0, -13, 1, 0, -10, 0, 1 ]
[ 13, -1, 0, -2, 3, 0, 3, -1, 1 ]
[ 10, 0, -1, -13, 1, 0, -3, 0, 4 ]
[ 1, -20, 0, 0, 37, 0, 0, -15, 1 ]
[ 2, -3, 0, -1, 20, 0, -1, 5, 1 ]
[ 3, -1, 1, -2, 3, 0, 0, -1, 5 ]
[ -13, 1, 0, 3, -1, 1, -3, 0, 4 ]
[ 1, 0, 11, -13, 1, 0, 0, 0, 37 ]
[ 3, 0, -4, -13, 1, 0, 1, 0, 11 ]
[ -1, 20, 0, 0, -15, 1, 0, 7, 2 ]
[ 1, -5, -1, -1, 20, 0, 0, 7, 2 ]
[ 0, 1, -5, -1, 5, 1, 0, 0, 37 ]
[ 2, -3, 0, -1, 5, 1, 0, -1, 5 ]
[ 1, -1, -21, -2, 3, 0, 0, 0, 37 ]
[ 0, 1, -5, -1, 1, 21, 0, 0, 37 ]
[ 0, 1, -5, -2, 3, 0, -1, 1, 21 ]
[ -1, 0, -11, 0, -1, 5, 0, 0, 37 ]
[ 3, -1, 1, 1, 0, 11, 0, 0, 37 ]
[ -3, 1, -1, 0, -1, 5, 1, 0, 11 ]
[ -1, 0, -11, 3, -1, 1, 0, 0, 37 ]
[ -3, 0, 4, 3, -1, 1, 1, 0, 11 ]
[ 13, -1, 0, 1, 0, 11, 0, 0, 37 ]
[ -13, 1, 0, -3, 0, 4, 1, 0, 11 ]
[ -1, 20, 0, 0, -1, 5, 0, 0, 37 ]
[ 1, -20, 0, 0, 7, 2, 0, -1, 5 ]
[ 0, 1, -5, -1, 20, 0, 0, 0, 37 ]
[ 0, 7, 2, -1, 20, 0, 0, -1, 5 ]
[ -1, 5, 1, 0, -1, 5, 0, 0, 37 ]
[ 1, -5, -1, 0, 7, 2, 0, -1, 5 ]
[ -1, 1, 21, 0, -1, 5, 0, 0, 37 ]
[ -2, 3, 0, -1, 1, 21, 0, 0, 37 ]
[ -2, 3, 0, 0, -1, 5, -1, 1, 21 ]
[ 37, 0, 0, -3, 1, 0, -10, 0, 1 ]
[ 1, 12, 0, 0, 37, 0, 0, 9, 1 ]
[ 3, -1, 0, 1, 12, 0, -1, -3, 1 ]
[ 10, 0, -1, -3, 1, 0, -3, 0, 4 ]
[ -1, -12, 0, 0, -1, 4, 0, 0, 37 ]
[ 1, 12, 0, 0, 9, 1, 0, -1, 4 ]
[ 0, -1, 4, 1, 12, 0, 0, 0, 37 ]
[ -1, -3, 1, 0, -1, 4, 0, 0, 37 ]
[ 1, 3, -1, 1, 12, 0, 0, -1, 4 ]
[ 0, 1, -4, -1, -3, 1, 0, 0, 37 ]
[ -3, 1, 0, -1, -3, 1, 0, -1, 4 ]
[ 1, 0, 11, -3, 1, 0, 0, 0, 37 ]
[ 3, 0, -4, -3, 1, 0, 1, 0, 11 ]
[ -1, 0, -11, 0, -1, 4, 0, 0, 37 ]
[ 3, -1, 0, 1, 0, 11, 0, 0, 37 ]
[ -3, 1, 0, 0, -1, 4, 1, 0, 11 ]
[ 37, 0, 0, 7, 1, 0, -10, 0, 1 ]
[ 7, 1, 0, -2, 5, 0, -3, 1, 1 ]
[ 10, 0, -1, 7, 1, 0, -3, 0, 4 ]
[ 1, -21, 0, 0, 37, 0, 0, 12, 1 ]
[ 2, -5, 0, -1, 21, 0, 1, -9, 1 ]
[ 3, -1, -1, -2, 5, 0, 0, -1, 3 ]
[ 7, 1, 0, -3, 1, 1, -3, 0, 4 ]
[ 1, 0, 11, 7, 1, 0, 0, 0, 37 ]
[ 3, 0, -4, 7, 1, 0, 1, 0, 11 ]
[ -1, 21, 0, 0, -1, 3, 0, 0, 37 ]
[ 1, -21, 0, 0, 12, 1, 0, -1, 3 ]
[ 0, 1, -3, -1, 21, 0, 0, 0, 37 ]
[ -1, 9, -1, 0, -1, 3, 0, 0, 37 ]
[ 1, -9, 1, -1, 21, 0, 0, -1, 3 ]
[ 0, -1, 3, 1, -9, 1, 0, 0, 37 ]
[ -2, 5, 0, 1, -9, 1, 0, -1, 3 ]
[ 1, -2, -20, -2, 5, 0, 0, 0, 37 ]
[ 0, 1, -3, -1, 2, 20, 0, 0, 37 ]
[ 0, 1, -3, -2, 5, 0, -1, 2, 20 ]
[ -1, 0, -11, 0, -1, 3, 0, 0, 37 ]
[ 3, -1, -1, 1, 0, 11, 0, 0, 37 ]
[ -3, 1, 1, 0, -1, 3, 1, 0, 11 ]
[ 1, 0, 11, -3, 1, 1, 0, 0, 37 ]
[ 3, 0, -4, -3, 1, 1, 1, 0, 11 ]
[ -7, -1, 0, 1, 0, 11, 0, 0, 37 ]
[ 7, 1, 0, -3, 0, 4, 1, 0, 11 ]
[ -1, 2, 20, 0, -1, 3, 0, 0, 37 ]
[ -2, 5, 0, -1, 2, 20, 0, 0, 37 ]
[ -2, 5, 0, 0, -1, 3, -1, 2, 20 ]
[ 37, 0, 0, 17, 1, 0, -10, 0, 1 ]
[ 17, 1, 0, -3, 2, 0, 7, 1, 1 ]
[ 10, 0, -1, 17, 1, 0, -3, 0, 4 ]
[ 1, -13, 0, 0, 37, 0, 0, 18, 1 ]
[ 3, -2, 0, -1, 13, 0, 1, 5, 1 ]
[ 7, 1, 1, -3, 2, 0, 0, -1, 2 ]
[ 17, 1, 0, 7, 1, 1, -3, 0, 4 ]
[ 1, 0, 11, 17, 1, 0, 0, 0, 37 ]
[ 3, 0, -4, 17, 1, 0, 1, 0, 11 ]
[ -1, 13, 0, 0, -1, 2, 0, 0, 37 ]
[ 1, -13, 0, 0, 18, 1, 0, -1, 2 ]
[ 0, 1, -2, -1, 13, 0, 0, 0, 37 ]
[ -1, -5, -1, 0, -1, 2, 0, 0, 37 ]
[ 1, 5, 1, -1, 13, 0, 0, -1, 2 ]
[ 0, -1, 2, 1, 5, 1, 0, 0, 37 ]
[ 3, -2, 0, 1, 5, 1, 0, -1, 2 ]
[ -1, 1, -13, -3, 2, 0, 0, 0, 37 ]
[ 0, -1, 2, 1, -1, 13, 0, 0, 37 ]
[ 0, 1, -2, -3, 2, 0, 1, -1, 13 ]
[ -7, -1, -1, 0, -1, 2, -3, 0, 4 ]
[ 1, 0, 11, 7, 1, 1, 0, 0, 37 ]
[ 3, 0, -4, 7, 1, 1, 1, 0, 11 ]
[ -17, -1, 0, 1, 0, 11, 0, 0, 37 ]
[ 17, 1, 0, -3, 0, 4, 1, 0, 11 ]
[ -1, 1, -13, 0, -1, 2, 0, 0, 37 ]
[ -3, 2, 0, 1, -1, 13, 0, 0, 37 ]
[ -3, 2, 0, 0, -1, 2, 1, -1, 13 ]
[ -1, 0, -11, 0, -1, 2, 0, 0, 37 ]
[ -3, 0, 4, 0, -1, 2, 1, 0, 11 ]
[ -7, -1, -1, 1, 0, 11, 0, 0, 37 ]
[ 7, 1, 1, -3, 0, 4, 1, 0, 11 ]
[ 37, 0, 0, -10, 1, 0, -10, 0, 1 ]
[ 10, -1, 0, -3, 4, 0, 0, -1, 1 ]
[ 10, 0, -1, -10, 1, 0, -3, 0, 4 ]
[ -1, -11, 0, 0, -1, 1, 0, 0, 37 ]
[ 1, 11, 0, 0, 37, 0, 0, -1, 1 ]
[ 0, -1, 1, 1, 11, 0, 0, 0, 37 ]
[ 3, -4, 0, 1, 11, 0, 0, -1, 1 ]
[ 1, -1, 12, -3, 4, 0, 0, 0, 37 ]
[ 0, -1, 1, 1, -1, 12, 0, 0, 37 ]
[ 0, 1, -1, -3, 4, 0, 1, -1, 12 ]
[ -10, 1, 0, 0, -1, 1, -3, 0, 4 ]
[ 1, 0, 11, -10, 1, 0, 0, 0, 37 ]
[ 3, 0, -4, -10, 1, 0, 1, 0, 11 ]
[ -1, 1, -12, 0, -1, 1, 0, 0, 37 ]
[ 3, -4, 0, 1, -1, 12, 0, 0, 37 ]
[ -3, 4, 0, 0, -1, 1, 1, -1, 12 ]
[ -1, 0, -11, 0, -1, 1, 0, 0, 37 ]
[ -3, 0, 4, 0, -1, 1, 1, 0, 11 ]
[ 10, -1, 0, 1, 0, 11, 0, 0, 37 ]
[ -10, 1, 0, -3, 0, 4, 1, 0, 11 ]
[ 37, 0, 0, 0, 1, 0, -3, 0, 1 ]
[ 1, 0, 12, 0, 1, 0, 0, 0, 37 ]
[ 3, 0, -1, 0, 1, 0, 1, 0, 12 ]
[ 37, 0, 0, 3, 1, 0, -3, 0, 1 ]
[ 1, -12, 0, 0, 1, 1, 0, 0, 37 ]
[ 1, -12, 0, 0, 37, 0, 0, 1, 1 ]
[ 0, 1, 1, -1, 12, 0, 0, 0, 37 ]
[ 3, 1, 0, -1, 12, 0, 0, 1, 1 ]
[ 1, 0, 12, 3, 1, 0, 0, 0, 37 ]
[ 3, 0, -1, 3, 1, 0, 1, 0, 12 ]
[ 1, 0, 12, 0, 1, 1, 0, 0, 37 ]
[ -3, -1, 0, 1, 0, 12, 0, 0, 37 ]
[ 3, 1, 0, 0, 1, 1, 1, 0, 12 ]
[ 37, 0, 0, 6, 1, 0, -3, 0, 1 ]
[ 1, -6, 0, 0, 37, 0, 0, -18, 1 ]
[ 6, 1, 0, -1, 6, 0, -3, 0, 1 ]
[ 1, 0, 12, 6, 1, 0, 0, 0, 37 ]
[ 3, 0, -1, 6, 1, 0, 1, 0, 12 ]
[ 1, -6, 0, 0, 1, 2, 0, 0, 37 ]
[ -1, 6, 0, 0, -18, 1, 0, 1, 2 ]
[ 0, 1, 2, -1, 6, 0, 0, 0, 37 ]
[ 3, 0, -1, -1, 6, 0, 0, 1, 2 ]
[ -6, -1, 0, 1, 0, 12, 0, 0, 37 ]
[ 6, 1, 0, -3, 0, 1, 1, 0, 12 ]
[ 1, 0, 12, 0, 1, 2, 0, 0, 37 ]
[ 3, 0, -1, 0, 1, 2, 1, 0, 12 ]
[ 37, 0, 0, 9, 1, 0, -3, 0, 1 ]
[ 1, -4, 0, 0, 37, 0, 0, -12, 1 ]
[ 9, 1, 0, -1, 4, 0, -3, 0, 1 ]
[ 1, 0, 12, 9, 1, 0, 0, 0, 37 ]
[ 3, 0, -1, 9, 1, 0, 1, 0, 12 ]
[ 1, -4, 0, 0, 1, 3, 0, 0, 37 ]
[ -1, 4, 0, 0, -12, 1, 0, 1, 3 ]
[ 0, 1, 3, -1, 4, 0, 0, 0, 37 ]
[ 3, 0, -1, -1, 4, 0, 0, 1, 3 ]
[ -9, -1, 0, 1, 0, 12, 0, 0, 37 ]
[ 9, 1, 0, -3, 0, 1, 1, 0, 12 ]
[ 1, 0, 12, 0, 1, 3, 0, 0, 37 ]
[ 3, 0, -1, 0, 1, 3, 1, 0, 12 ]
[ 37, 0, 0, 12, 1, 0, -3, 0, 1 ]
[ 1, -3, 0, 0, 37, 0, 0, -9, 1 ]
[ 12, 1, 0, -1, 3, 0, -3, 0, 1 ]
[ 1, 0, 12, 12, 1, 0, 0, 0, 37 ]
[ 3, 0, -1, 12, 1, 0, 1, 0, 12 ]
[ 1, -3, 0, 0, 1, 4, 0, 0, 37 ]
[ -1, 3, 0, 0, -9, 1, 0, 1, 4 ]
[ 0, 1, 4, -1, 3, 0, 0, 0, 37 ]
[ 3, 0, -1, -1, 3, 0, 0, 1, 4 ]
[ -12, -1, 0, 1, 0, 12, 0, 0, 37 ]
[ 12, 1, 0, -3, 0, 1, 1, 0, 12 ]
[ 1, 0, 12, 0, 1, 4, 0, 0, 37 ]
[ 3, 0, -1, 0, 1, 4, 1, 0, 12 ]
[ 37, 0, 0, 15, 1, 0, -3, 0, 1 ]
[ 15, 1, 0, -7, 2, 0, -3, 0, 1 ]
[ 1, 0, 12, 15, 1, 0, 0, 0, 37 ]
[ 3, 0, -1, 15, 1, 0, 1, 0, 12 ]
[ 1, 5, 0, 0, 37, 0, 0, 15, 1 ]
[ 7, -2, 0, 1, 5, 0, -3, 0, 1 ]
[ -3, 1, 6, -7, 2, 0, 0, 0, 37 ]
[ 3, 0, -1, -7, 2, 0, -3, 1, 6 ]
[ -15, -1, 0, 1, 0, 12, 0, 0, 37 ]
[ 15, 1, 0, -3, 0, 1, 1, 0, 12 ]
[ 1, 5, 0, 0, 15, 1, 0, -7, 2 ]
[ 3, 0, -1, 1, 5, 0, 1, -2, 2 ]
[ 7, -2, 0, -3, 1, 6, 0, 0, 37 ]
[ -7, 2, 0, -3, 0, 1, -3, 1, 6 ]
[ 1, 0, 12, -3, 1, 6, 0, 0, 37 ]
[ 3, 0, -1, -3, 1, 6, 1, 0, 12 ]
[ 1, 5, 0, 0, 1, 5, 0, 0, 37 ]
[ -1, -5, 0, 0, -7, 2, 0, 1, 5 ]
[ 0, -1, -5, 1, 5, 0, 0, 0, 37 ]
[ 1, -2, 2, 0, 1, 5, 0, 0, 37 ]
[ 1, -2, 2, 1, 5, 0, 0, 1, 5 ]
[ -1, 1, -7, 1, -2, 2, 0, 0, 37 ]
[ -3, 0, 1, 1, -2, 2, 1, -1, 7 ]
[ 3, -1, -6, 1, 0, 12, 0, 0, 37 ]
[ -3, 1, 6, -3, 0, 1, 1, 0, 12 ]
[ -1, 0, -12, 1, -1, 7, 0, 0, 37 ]
[ -3, 0, 1, 1, -1, 7, 1, 0, 12 ]
[ 37, 0, 0, 18, 1, 0, -3, 0, 1 ]
[ 1, -2, 0, 0, 37, 0, 0, -6, 1 ]
[ 18, 1, 0, -1, 2, 0, -3, 0, 1 ]
[ 1, 0, 12, 18, 1, 0, 0, 0, 37 ]
[ 3, 0, -1, 18, 1, 0, 1, 0, 12 ]
[ 1, -2, 0, 0, 1, 6, 0, 0, 37 ]
[ -1, 2, 0, 0, -6, 1, 0, 1, 6 ]
[ 0, 1, 6, -1, 2, 0, 0, 0, 37 ]
[ 3, 0, -1, -1, 2, 0, 0, 1, 6 ]
[ -18, -1, 0, 1, 0, 12, 0, 0, 37 ]
[ 18, 1, 0, -3, 0, 1, 1, 0, 12 ]
[ 1, 0, 12, 0, 1, 6, 0, 0, 37 ]
[ 3, 0, -1, 0, 1, 6, 1, 0, 12 ]
[ 37, 0, 0, -16, 1, 0, -3, 0, 1 ]
[ 16, -1, 0, 5, 2, 0, -3, 0, 1 ]
[ 1, 0, 12, -16, 1, 0, 0, 0, 37 ]
[ 3, 0, -1, -16, 1, 0, 1, 0, 12 ]
[ 1, -7, 0, 0, 37, 0, 0, 16, 1 ]
[ 5, 2, 0, -1, 7, 0, 2, 2, 1 ]
[ 3, 1, 6, 5, 2, 0, 0, 0, 37 ]
[ 3, 0, -1, 5, 2, 0, 3, 1, 6 ]
[ 16, -1, 0, 1, 0, 12, 0, 0, 37 ]
[ -16, 1, 0, -3, 0, 1, 1, 0, 12 ]
[ 1, -7, 0, 0, 16, 1, 0, -5, 2 ]
[ 2, 2, 1, -1, 7, 0, -1, 2, 2 ]
[ -5, -2, 0, -2, -1, 6, 0, 0, 37 ]
[ 5, 2, 0, 2, 2, 1, -2, -1, 6 ]
[ 1, 0, 12, 3, 1, 6, 0, 0, 37 ]
[ 3, 0, -1, 3, 1, 6, 1, 0, 12 ]
[ 1, -7, 0, 0, 1, 7, 0, 0, 37 ]
[ -1, 7, 0, 0, -5, 2, 0, 1, 7 ]
[ 0, 1, 7, -1, 7, 0, 0, 0, 37 ]
[ 1, -2, -2, 0, 1, 7, 0, 0, 37 ]
[ 1, -2, -2, -1, 7, 0, 0, 1, 7 ]
[ 0, 1, 7, -1, 2, 2, 0, 0, 37 ]
[ 2, 2, 1, -1, 2, 2, 0, 1, 7 ]
[ 2, 1, -6, 1, 1, 19, 0, 0, 37 ]
[ 2, 1, -6, 2, 2, 1, 1, 1, 19 ]
[ 1, 1, 19, 0, 1, 7, 0, 0, 37 ]
[ 2, 2, 1, 0, 1, 7, 1, 1, 19 ]
[ 37, 0, 0, -13, 1, 0, -3, 0, 1 ]
[ 13, -1, 0, -2, 3, 0, -3, 0, 1 ]
[ 1, 0, 12, -13, 1, 0, 0, 0, 37 ]
[ 3, 0, -1, -13, 1, 0, 1, 0, 12 ]
[ 1, -20, 0, 0, 37, 0, 0, 14, 1 ]
[ 2, -3, 0, -1, 20, 0, 1, -6, 1 ]
[ 1, -1, 4, -2, 3, 0, 0, 0, 37 ]
[ 3, 0, -1, -2, 3, 0, 1, -1, 4 ]
[ 13, -1, 0, 1, 0, 12, 0, 0, 37 ]
[ -13, 1, 0, -3, 0, 1, 1, 0, 12 ]
[ 1, -20, 0, 0, 14, 1, 0, 5, 3 ]
[ 1, -6, 1, -1, 20, 0, 0, 5, 3 ]
[ 2, -3, 0, -1, 2, 4, 0, 0, 37 ]
[ -2, 3, 0, 1, -6, 1, -1, 2, 4 ]
[ -1, 0, -12, 1, -1, 4, 0, 0, 37 ]
[ -3, 0, 1, 1, -1, 4, 1, 0, 12 ]
[ 1, -20, 0, 0, 1, 8, 0, 0, 37 ]
[ 1, -20, 0, 0, 5, 3, 0, 1, 8 ]
[ 0, 1, 8, -1, 20, 0, 0, 0, 37 ]
[ 0, 5, 3, -1, 20, 0, 0, 1, 8 ]
[ 1, -6, 1, 0, 1, 8, 0, 0, 37 ]
[ 1, -6, 1, 0, 5, 3, 0, 1, 8 ]
[ 0, -1, -8, 1, -6, 1, 0, 0, 37 ]
[ 1, -2, -4, 0, 1, 8, 0, 0, 37 ]
[ -1, 2, 4, 1, -6, 1, 0, 1, 8 ]
[ 37, 0, 0, -10, 1, 0, -3, 0, 1 ]
[ 10, -1, 0, -3, 4, 0, -3, 0, 1 ]
[ 1, 0, 12, -10, 1, 0, 0, 0, 37 ]
[ 3, 0, -1, -10, 1, 0, 1, 0, 12 ]
[ 1, 11, 0, 0, 37, 0, 0, -4, 1 ]
[ 3, -4, 0, 1, 11, 0, 0, -4, 1 ]
[ 1, -1, 3, -3, 4, 0, 0, 0, 37 ]
[ 3, 0, -1, -3, 4, 0, 1, -1, 3 ]
[ 10, -1, 0, 1, 0, 12, 0, 0, 37 ]
[ -10, 1, 0, -3, 0, 1, 1, 0, 12 ]
[ 1, 11, 0, 0, 1, 9, 0, 0, 37 ]
[ -1, -11, 0, 0, -4, 1, 0, 1, 9 ]
[ 0, -1, -9, 1, 11, 0, 0, 0, 37 ]
[ 0, -4, 1, 1, 11, 0, 0, 1, 9 ]
[ 3, -4, 0, 1, -1, 3, 0, 0, 37 ]
[ -3, 4, 0, 0, -4, 1, 1, -1, 3 ]
[ -1, 0, -12, 1, -1, 3, 0, 0, 37 ]
[ -3, 0, 1, 1, -1, 3, 1, 0, 12 ]
[ 1, -1, 3, 0, 1, 9, 0, 0, 37 ]
[ -1, 1, -3, 0, -4, 1, 0, 1, 9 ]
[ 37, 0, 0, -7, 1, 0, -3, 0, 1 ]
[ 7, -1, 0, 2, 5, 0, -3, 0, 1 ]
[ 1, 0, 12, -7, 1, 0, 0, 0, 37 ]
[ 3, 0, -1, -7, 1, 0, 1, 0, 12 ]
[ 1, 21, 0, 0, 37, 0, 0, -11, 1 ]
[ 2, 5, 0, 1, 21, 0, 1, 10, 1 ]
[ 3, 0, -1, 2, 5, 0, 1, -1, 2 ]
[ 7, -1, 0, 1, 0, 12, 0, 0, 37 ]
[ -7, 1, 0, -3, 0, 1, 1, 0, 12 ]
[ -1, -21, 0, 0, -11, 1, 0, 4, 3 ]
[ 1, 10, 1, 1, 21, 0, 0, 4, 3 ]
[ 2, 5, 0, 1, 10, 1, -1, -6, 2 ]
[ 1, 2, -5, 2, 5, 0, 0, 0, 37 ]
[ 1, -1, 2, 2, 5, 0, -1, -2, 5 ]
[ -1, 0, -12, 1, -1, 2, 0, 0, 37 ]
[ -3, 0, 1, 1, -1, 2, 1, 0, 12 ]
[ 1, 21, 0, 0, 1, 10, 0, 0, 37 ]
[ 1, 21, 0, 0, 4, 3, 0, 1, 10 ]
[ 0, -1, -10, 1, 21, 0, 0, 0, 37 ]
[ 0, -4, -3, 1, 21, 0, 0, 1, 10 ]
[ 1, 10, 1, 0, 1, 10, 0, 0, 37 ]
[ 1, 10, 1, 0, 4, 3, 0, 1, 10 ]
[ 0, -1, -10, 1, 10, 1, 0, 0, 37 ]
[ 1, 6, -2, 0, 1, 10, 0, 0, 37 ]
[ 1, 6, -2, 1, 10, 1, 0, 1, 10 ]
[ 2, 5, 0, 1, 3, 5, 0, 0, 37 ]
[ -2, -5, 0, -1, -6, 2, 1, 3, 5 ]
[ 0, 1, 10, -1, -2, 5, 0, 0, 37 ]
[ 1, -1, 2, 0, 1, 10, 0, 0, 37 ]
[ -1, 1, -2, -1, -2, 5, 0, 1, 10 ]
[ 0, 1, 10, -1, -6, 2, 0, 0, 37 ]
[ 1, 3, 5, 0, 1, 10, 0, 0, 37 ]
[ -1, -3, -5, -1, -6, 2, 0, 1, 10 ]
[ 37, 0, 0, -4, 1, 0, -3, 0, 1 ]
[ 1, 9, 0, 0, 37, 0, 0, -10, 1 ]
[ 4, -1, 0, 1, 9, 0, 1, -1, 1 ]
[ 1, 0, 12, -4, 1, 0, 0, 0, 37 ]
[ 3, 0, -1, -4, 1, 0, 1, 0, 12 ]
[ -1, -9, 0, 0, -10, 1, 0, -3, 4 ]
[ 1, -1, 1, 1, 9, 0, 0, -3, 4 ]
[ -1, 0, -12, 1, -1, 1, 0, 0, 37 ]
[ 4, -1, 0, 1, 0, 12, 0, 0, 37 ]
[ -4, 1, 0, 1, -1, 1, 1, 0, 12 ]
[ 1, 9, 0, 0, 1, 11, 0, 0, 37 ]
[ -1, -9, 0, 0, -3, 4, 0, 1, 11 ]
[ 0, -1, -11, 1, 9, 0, 0, 0, 37 ]
[ 0, -3, 4, 1, 9, 0, 0, 1, 11 ]
[ 1, -1, 1, 0, 1, 11, 0, 0, 37 ]
[ -1, 1, -1, 0, -3, 4, 0, 1, 11 ]
[ 1, -1, 0, 0, 37, 0, 0, -3, 1 ]
[ 37, 0, 0, -1, 1, 0, -3, 0, 1 ]
[ 1, -1, 0, 0, 1, 12, 0, 0, 37 ]
[ -1, 1, 0, 0, -3, 1, 0, 1, 12 ]
[ 1, 0, 12, -1, 1, 0, 0, 0, 37 ]
[ 3, 0, -1, -1, 1, 0, 1, 0, 12 ]
[ 37, 0, 0, 2, 1, 0, -3, 0, 1 ]
[ 1, 19, 0, 0, 37, 0, 0, -17, 1 ]
[ 2, 1, 0, 1, 19, 0, 1, 2, 1 ]
[ 1, 0, 12, 2, 1, 0, 0, 0, 37 ]
[ 3, 0, -1, 2, 1, 0, 1, 0, 12 ]
[ -1, -19, 0, 0, -17, 1, 0, 3, 2 ]
[ 1, 2, 1, 1, 19, 0, 0, 3, 2 ]
[ 1, 1, -12, 1, 2, 1, 0, 0, 37 ]
[ -2, -1, 0, -1, -1, 12, 0, 0, 37 ]
[ 2, 1, 0, 1, 2, 1, -1, -1, 12 ]
[ 1, 19, 0, 0, 1, 13, 0, 0, 37 ]
[ 1, 19, 0, 0, 3, 2, 0, 1, 13 ]
[ 0, -1, -13, 1, 19, 0, 0, 0, 37 ]
[ 0, -3, -2, 1, 19, 0, 0, 1, 13 ]
[ 1, 2, 1, 0, 1, 13, 0, 0, 37 ]
[ 1, 2, 1, 0, 3, 2, 0, 1, 13 ]
[ 37, 0, 0, 5, 1, 0, -3, 0, 1 ]
[ 5, 1, 0, -2, 7, 0, 2, 1, 1 ]
[ 1, 0, 12, 5, 1, 0, 0, 0, 37 ]
[ 3, 0, -1, 5, 1, 0, 1, 0, 12 ]
[ 1, -22, 0, 0, 37, 0, 0, 8, 1 ]
[ 2, -7, 0, -1, 22, 0, 0, 8, 1 ]
[ 2, 1, 1, -2, 7, 0, -1, 1, 2 ]
[ 1, 0, 12, 2, 1, 1, 0, 0, 37 ]
[ -5, -1, 0, 1, 0, 12, 0, 0, 37 ]
[ 5, 1, 0, 2, 1, 1, 1, 0, 12 ]
[ 1, -22, 0, 0, 8, 1, 0, 3, 5 ]
[ 0, 8, 1, -1, 22, 0, 0, 3, 5 ]
[ 2, -7, 0, 0, 8, 1, -1, 1, 2 ]
[ 1, -3, 7, -2, 7, 0, 0, 0, 37 ]
[ 1, -1, -2, -2, 7, 0, 1, -3, 7 ]
[ 1, 0, 12, -1, 1, 2, 0, 0, 37 ]
[ -2, -1, -1, 1, 0, 12, 0, 0, 37 ]
[ 2, 1, 1, -1, 1, 2, 1, 0, 12 ]
[ 1, -22, 0, 0, 1, 14, 0, 0, 37 ]
[ 1, -22, 0, 0, 3, 5, 0, 1, 14 ]
[ 0, 1, 14, -1, 22, 0, 0, 0, 37 ]
[ 0, 3, 5, -1, 22, 0, 0, 1, 14 ]
[ 1, -1, -2, 0, 8, 1, 0, 3, 5 ]
[ 2, -7, 0, 1, -3, 7, 0, 0, 37 ]
[ -2, 7, 0, -1, 1, 2, 1, -3, 7 ]
[ 0, -1, 23, 1, -3, 7, 0, 0, 37 ]
[ -1, 1, 2, 0, -1, 23, 0, 0, 37 ]
[ -1, 1, 2, 1, -3, 7, 0, -1, 23 ]
[ 1, -1, -2, 0, 1, 14, 0, 0, 37 ]
[ 1, -1, -2, 0, 3, 5, 0, 1, 14 ]
[ 0, 1, -23, -1, 1, 2, 0, 0, 37 ]
[ -1, 3, -7, 0, -1, 23, 0, 0, 37 ]
[ -1, 3, -7, -1, 1, 2, 0, -1, 23 ]
[ 37, 0, 0, 8, 1, 0, -3, 0, 1 ]
[ 8, 1, 0, 3, 5, 0, -3, 0, 1 ]
[ 1, 0, 12, 8, 1, 0, 0, 0, 37 ]
[ 3, 0, -1, 8, 1, 0, 1, 0, 12 ]
[ 1, 14, 0, 0, 37, 0, 0, 5, 1 ]
[ 3, 5, 0, 1, 14, 0, 0, 5, 1 ]
[ 3, 0, -1, 3, 5, 0, 2, 1, 2 ]
[ -8, -1, 0, 1, 0, 12, 0, 0, 37 ]
[ 8, 1, 0, -3, 0, 1, 1, 0, 12 ]
[ 1, 14, 0, 0, 5, 1, 0, -2, 7 ]
[ 0, -5, -1, 1, 14, 0, 0, -2, 7 ]
[ 3, 5, 0, 0, 5, 1, -1, -4, 2 ]
[ -1, -2, -5, 3, 5, 0, 0, 0, 37 ]
[ 2, 1, 2, 3, 5, 0, 1, 2, 5 ]
[ 1, 0, 12, 2, 1, 2, 0, 0, 37 ]
[ 3, 0, -1, 2, 1, 2, 1, 0, 12 ]
[ -1, -14, 0, 0, -1, 22, 0, 0, 37 ]
[ -1, -14, 0, 0, -2, 7, 0, -1, 22 ]
[ 0, -1, 22, 1, 14, 0, 0, 0, 37 ]
[ 0, -2, 7, 1, 14, 0, 0, -1, 22 ]
[ 1, 4, -2, 0, 5, 1, 0, -2, 7 ]
[ 3, 5, 0, 1, 2, 5, 0, 0, 37 ]
[ -3, -5, 0, -1, -4, 2, 1, 2, 5 ]
[ 1, 1, -10, 1, 2, 5, 0, 0, 37 ]
[ -2, -1, -2, -1, -1, 10, 0, 0, 37 ]
[ 2, 1, 2, 1, 2, 5, -1, -1, 10 ]
[ -1, -4, 2, 0, -1, 22, 0, 0, 37 ]
[ -1, -4, 2, 0, -2, 7, 0, -1, 22 ]
[ 0, 1, -22, -1, -4, 2, 0, 0, 37 ]
[ -1, -2, -5, 0, -1, 22, 0, 0, 37 ]
[ -1, -2, -5, -1, -4, 2, 0, -1, 22 ]
[ 37, 0, 0, 11, 1, 0, -3, 0, 1 ]
[ 11, 1, 0, -4, 3, 0, -3, 0, 1 ]
[ 1, 0, 12, 11, 1, 0, 0, 0, 37 ]
[ 3, 0, -1, 11, 1, 0, 1, 0, 12 ]
[ 1, -10, 0, 0, 37, 0, 0, 7, 1 ]
[ 4, -3, 0, -1, 10, 0, 1, -3, 1 ]
[ -1, 1, 4, -4, 3, 0, 0, 0, 37 ]
[ 3, 0, -1, -4, 3, 0, -1, 1, 4 ]
[ -11, -1, 0, 1, 0, 12, 0, 0, 37 ]
[ 11, 1, 0, -3, 0, 1, 1, 0, 12 ]
[ 1, -10, 0, 0, 7, 1, 0, -2, 5 ]
[ 1, -3, 1, -1, 10, 0, 0, -2, 5 ]
[ 4, -3, 0, -1, 1, 4, 0, 0, 37 ]
[ -4, 3, 0, 1, -3, 1, -1, 1, 4 ]
[ 1, 0, 12, -1, 1, 4, 0, 0, 37 ]
[ 3, 0, -1, -1, 1, 4, 1, 0, 12 ]
[ -1, 10, 0, 0, -1, 21, 0, 0, 37 ]
[ -1, 10, 0, 0, -2, 5, 0, -1, 21 ]
[ 0, 1, -21, -1, 10, 0, 0, 0, 37 ]
[ 0, 2, -5, -1, 10, 0, 0, -1, 21 ]
[ -1, 3, -1, 0, -1, 21, 0, 0, 37 ]
[ -1, 3, -1, 0, -2, 5, 0, -1, 21 ]
[ 0, -1, 21, 1, -3, 1, 0, 0, 37 ]
[ -1, 1, 4, 0, -1, 21, 0, 0, 37 ]
[ -1, 1, 4, 1, -3, 1, 0, -1, 21 ]
[ 37, 0, 0, 14, 1, 0, -3, 0, 1 ]
[ 14, 1, 0, 5, 3, 0, -3, 0, 1 ]
[ 1, 0, 12, 14, 1, 0, 0, 0, 37 ]
[ 3, 0, -1, 14, 1, 0, 1, 0, 12 ]
[ 1, 8, 0, 0, 37, 0, 0, -13, 1 ]
[ 5, 3, 0, 1, 8, 0, 2, 3, 1 ]
[ 2, 1, 4, 5, 3, 0, 0, 0, 37 ]
[ 3, 0, -1, 5, 3, 0, 2, 1, 4 ]
[ -14, -1, 0, 1, 0, 12, 0, 0, 37 ]
[ 14, 1, 0, -3, 0, 1, 1, 0, 12 ]
[ -1, -8, 0, 0, -13, 1, 0, -2, 3 ]
[ 2, 3, 1, 1, 8, 0, 0, -2, 3 ]
[ -5, -3, 0, 2, 1, 4, 0, 0, 37 ]
[ 5, 3, 0, 2, 3, 1, 2, 1, 4 ]
[ 1, 0, 12, 2, 1, 4, 0, 0, 37 ]
[ 3, 0, -1, 2, 1, 4, 1, 0, 12 ]
[ -1, -8, 0, 0, -1, 20, 0, 0, 37 ]
[ -1, -8, 0, 0, -2, 3, 0, -1, 20 ]
[ 0, -1, 20, 1, 8, 0, 0, 0, 37 ]
[ 0, -2, 3, 1, 8, 0, 0, -1, 20 ]
[ 2, 3, 1, 1, 2, 9, 0, 0, 37 ]
[ -2, -3, -1, 0, -2, 3, 1, 2, 9 ]
[ 1, 1, -8, 2, 3, 1, 0, 0, 37 ]
[ -2, -1, -4, -1, -1, 8, 0, 0, 37 ]
[ 2, 1, 4, 2, 3, 1, -1, -1, 8 ]
[ -1, -2, -9, 0, -1, 20, 0, 0, 37 ]
[ -1, -2, -9, 0, -2, 3, 0, -1, 20 ]
[ 37, 0, 0, 17, 1, 0, -3, 0, 1 ]
[ 17, 1, 0, -3, 2, 0, -3, 0, 1 ]
[ 1, 0, 12, 17, 1, 0, 0, 0, 37 ]
[ 3, 0, -1, 17, 1, 0, 1, 0, 12 ]
[ 1, -13, 0, 0, 37, 0, 0, -2, 1 ]
[ 3, -2, 0, -1, 13, 0, 0, -2, 1 ]
[ -1, 1, 6, -3, 2, 0, 0, 0, 37 ]
[ 3, 0, -1, -3, 2, 0, -1, 1, 6 ]
[ -17, -1, 0, 1, 0, 12, 0, 0, 37 ]
[ 17, 1, 0, -3, 0, 1, 1, 0, 12 ]
[ -1, 13, 0, 0, -1, 19, 0, 0, 37 ]
[ -1, 13, 0, 0, -2, 1, 0, -1, 19 ]
[ 0, 1, -19, -1, 13, 0, 0, 0, 37 ]
[ 0, 2, -1, -1, 13, 0, 0, -1, 19 ]
[ 3, -2, 0, -1, 1, 6, 0, 0, 37 ]
[ -3, 2, 0, 0, -2, 1, -1, 1, 6 ]
[ 1, 0, 12, -1, 1, 6, 0, 0, 37 ]
[ 3, 0, -1, -1, 1, 6, 1, 0, 12 ]
[ -1, 1, 6, 0, -1, 19, 0, 0, 37 ]
[ -1, 1, 6, 0, -2, 1, 0, -1, 19 ]
[ 37, 0, 0, -17, 1, 0, -3, 0, 1 ]
[ 17, -1, 0, 3, 2, 0, -3, 0, 1 ]
[ 1, 0, 12, -17, 1, 0, 0, 0, 37 ]
[ 3, 0, -1, -17, 1, 0, 1, 0, 12 ]
[ 1, 13, 0, 0, 37, 0, 0, 2, 1 ]
[ 3, 2, 0, 1, 13, 0, 0, 2, 1 ]
[ 2, 1, 6, 3, 2, 0, 0, 0, 37 ]
[ 3, 0, -1, 3, 2, 0, 2, 1, 6 ]
[ 17, -1, 0, 1, 0, 12, 0, 0, 37 ]
[ -17, 1, 0, -3, 0, 1, 1, 0, 12 ]
[ 1, 13, 0, 0, 1, 19, 0, 0, 37 ]
[ 1, 13, 0, 0, 2, 1, 0, 1, 19 ]
[ 0, -1, -19, 1, 13, 0, 0, 0, 37 ]
[ 0, -2, -1, 1, 13, 0, 0, 1, 19 ]
[ -3, -2, 0, -1, -1, 6, 0, 0, 37 ]
[ 3, 2, 0, 0, 2, 1, -1, -1, 6 ]
[ 1, 0, 12, 2, 1, 6, 0, 0, 37 ]
[ 3, 0, -1, 2, 1, 6, 1, 0, 12 ]
[ 1, 1, -6, 0, 1, 19, 0, 0, 37 ]
[ 1, 1, -6, 0, 2, 1, 0, 1, 19 ]
[ 37, 0, 0, -14, 1, 0, -3, 0, 1 ]
[ 14, -1, 0, -5, 3, 0, -3, 0, 1 ]
[ 1, 0, 12, -14, 1, 0, 0, 0, 37 ]
[ 3, 0, -1, -14, 1, 0, 1, 0, 12 ]
[ 1, -8, 0, 0, 37, 0, 0, 13, 1 ]
[ 5, -3, 0, -1, 8, 0, 2, -3, 1 ]
[ 2, -1, 4, -5, 3, 0, 0, 0, 37 ]
[ 3, 0, -1, -5, 3, 0, 2, -1, 4 ]
[ 14, -1, 0, 1, 0, 12, 0, 0, 37 ]
[ -14, 1, 0, -3, 0, 1, 1, 0, 12 ]
[ 1, -8, 0, 0, 13, 1, 0, 2, 3 ]
[ 2, -3, 1, -1, 8, 0, 0, 2, 3 ]
[ 5, -3, 0, 2, -1, 4, 0, 0, 37 ]
[ -5, 3, 0, 2, -3, 1, 2, -1, 4 ]
[ -1, 0, -12, 2, -1, 4, 0, 0, 37 ]
[ -3, 0, 1, 2, -1, 4, 1, 0, 12 ]
[ 1, -8, 0, 0, 1, 20, 0, 0, 37 ]
[ 1, -8, 0, 0, 2, 3, 0, 1, 20 ]
[ 0, 1, 20, -1, 8, 0, 0, 0, 37 ]
[ 0, 2, 3, -1, 8, 0, 0, 1, 20 ]
[ -2, 3, -1, 1, -2, 9, 0, 0, 37 ]
[ 2, -3, 1, 0, 2, 3, 1, -2, 9 ]
[ -1, 1, 8, 2, -3, 1, 0, 0, 37 ]
[ 2, -1, 4, -1, 1, 8, 0, 0, 37 ]
[ -2, 1, -4, 2, -3, 1, -1, 1, 8 ]
[ 1, -2, 9, 0, 1, 20, 0, 0, 37 ]
[ 1, -2, 9, 0, 2, 3, 0, 1, 20 ]
[ 37, 0, 0, -11, 1, 0, -3, 0, 1 ]
[ 11, -1, 0, 4, 3, 0, -3, 0, 1 ]
[ 1, 0, 12, -11, 1, 0, 0, 0, 37 ]
[ 3, 0, -1, -11, 1, 0, 1, 0, 12 ]
[ 1, 10, 0, 0, 37, 0, 0, -7, 1 ]
[ 4, 3, 0, 1, 10, 0, 1, 3, 1 ]
[ -1, -1, 4, 4, 3, 0, 0, 0, 37 ]
[ 3, 0, -1, 4, 3, 0, -1, -1, 4 ]
[ 11, -1, 0, 1, 0, 12, 0, 0, 37 ]
[ -11, 1, 0, -3, 0, 1, 1, 0, 12 ]
[ -1, -10, 0, 0, -7, 1, 0, 2, 5 ]
[ 1, 3, 1, 1, 10, 0, 0, 2, 5 ]
[ -4, -3, 0, -1, -1, 4, 0, 0, 37 ]
[ 4, 3, 0, 1, 3, 1, -1, -1, 4 ]
[ -1, 0, -12, -1, -1, 4, 0, 0, 37 ]
[ -3, 0, 1, -1, -1, 4, 1, 0, 12 ]
[ 1, 10, 0, 0, 1, 21, 0, 0, 37 ]
[ 1, 10, 0, 0, 2, 5, 0, 1, 21 ]
[ 0, -1, -21, 1, 10, 0, 0, 0, 37 ]
[ 0, -2, -5, 1, 10, 0, 0, 1, 21 ]
[ 1, 3, 1, 0, 1, 21, 0, 0, 37 ]
[ 1, 3, 1, 0, 2, 5, 0, 1, 21 ]
[ 0, -1, -21, 1, 3, 1, 0, 0, 37 ]
[ 1, 1, -4, 0, 1, 21, 0, 0, 37 ]
[ 1, 1, -4, 1, 3, 1, 0, 1, 21 ]
[ 37, 0, 0, -8, 1, 0, -3, 0, 1 ]
[ 8, -1, 0, -3, 5, 0, -3, 0, 1 ]
[ 1, 0, 12, -8, 1, 0, 0, 0, 37 ]
[ 3, 0, -1, -8, 1, 0, 1, 0, 12 ]
[ 1, -14, 0, 0, 37, 0, 0, -5, 1 ]
[ 3, -5, 0, -1, 14, 0, 0, -5, 1 ]
[ 3, 0, -1, -3, 5, 0, 2, -1, 2 ]
[ 8, -1, 0, 1, 0, 12, 0, 0, 37 ]
[ -8, 1, 0, -3, 0, 1, 1, 0, 12 ]
[ -1, 14, 0, 0, -5, 1, 0, 2, 7 ]
[ 0, 5, -1, -1, 14, 0, 0, 2, 7 ]
[ -3, 5, 0, 0, -5, 1, -1, 4, 2 ]
[ -1, 2, -5, -3, 5, 0, 0, 0, 37 ]
[ 2, -1, 2, -3, 5, 0, 1, -2, 5 ]
[ -1, 0, -12, 2, -1, 2, 0, 0, 37 ]
[ -3, 0, 1, 2, -1, 2, 1, 0, 12 ]
[ 1, -14, 0, 0, 1, 22, 0, 0, 37 ]
[ 1, -14, 0, 0, 2, 7, 0, 1, 22 ]
[ 0, 1, 22, -1, 14, 0, 0, 0, 37 ]
[ 0, 2, 7, -1, 14, 0, 0, 1, 22 ]
[ -1, 4, 2, 0, -5, 1, 0, 2, 7 ]
[ -3, 5, 0, 1, -2, 5, 0, 0, 37 ]
[ 3, -5, 0, -1, 4, 2, 1, -2, 5 ]
[ -1, 1, 10, 1, -2, 5, 0, 0, 37 ]
[ 2, -1, 2, -1, 1, 10, 0, 0, 37 ]
[ -2, 1, -2, 1, -2, 5, -1, 1, 10 ]
[ 1, -4, -2, 0, 1, 22, 0, 0, 37 ]
[ 1, -4, -2, 0, 2, 7, 0, 1, 22 ]
[ 0, 1, 22, -1, 4, 2, 0, 0, 37 ]
[ 1, -2, 5, 0, 1, 22, 0, 0, 37 ]
[ 1, -2, 5, -1, 4, 2, 0, 1, 22 ]
[ 37, 0, 0, -5, 1, 0, -3, 0, 1 ]
[ 5, -1, 0, 2, 7, 0, 2, -1, 1 ]
[ 1, 0, 12, -5, 1, 0, 0, 0, 37 ]
[ 3, 0, -1, -5, 1, 0, 1, 0, 12 ]
[ 1, 22, 0, 0, 37, 0, 0, -8, 1 ]
[ 2, 7, 0, 1, 22, 0, 0, -8, 1 ]
[ 2, -1, 1, 2, 7, 0, -1, -1, 2 ]
[ -1, 0, -12, 2, -1, 1, 0, 0, 37 ]
[ 5, -1, 0, 1, 0, 12, 0, 0, 37 ]
[ -5, 1, 0, 2, -1, 1, 1, 0, 12 ]
[ -1, -22, 0, 0, -8, 1, 0, -3, 5 ]
[ 0, -8, 1, 1, 22, 0, 0, -3, 5 ]
[ -2, -7, 0, 0, -8, 1, 1, 6, 2 ]
[ 1, 3, 7, 2, 7, 0, 0, 0, 37 ]
[ 1, 1, -2, 2, 7, 0, 1, 3, 7 ]
[ -1, 0, -12, -1, -1, 2, 0, 0, 37 ]
[ 2, -1, 1, 1, 0, 12, 0, 0, 37 ]
[ -2, 1, -1, -1, -1, 2, 1, 0, 12 ]
[ -1, -22, 0, 0, -1, 14, 0, 0, 37 ]
[ -1, -22, 0, 0, -3, 5, 0, -1, 14 ]
[ 0, -1, 14, 1, 22, 0, 0, 0, 37 ]
[ 0, -3, 5, 1, 22, 0, 0, -1, 14 ]
[ -1, -6, -2, 0, -8, 1, 0, -3, 5 ]
[ -2, -7, 0, -1, -4, 7, 0, 0, 37 ]
[ 2, 7, 0, 1, 6, 2, -1, -4, 7 ]
[ 0, -1, -23, 1, 3, 7, 0, 0, 37 ]
[ 1, 1, -2, 0, 1, 23, 0, 0, 37 ]
[ 1, 1, -2, 1, 3, 7, 0, 1, 23 ]
[ -1, -6, -2, 0, -1, 14, 0, 0, 37 ]
[ -1, -6, -2, 0, -3, 5, 0, -1, 14 ]
[ 0, -1, -23, 1, 6, 2, 0, 0, 37 ]
[ 1, 4, -7, 0, 1, 23, 0, 0, 37 ]
[ 1, 4, -7, 1, 6, 2, 0, 1, 23 ]
[ 37, 0, 0, -2, 1, 0, -3, 0, 1 ]
[ 1, -19, 0, 0, 37, 0, 0, 17, 1 ]
[ 2, -1, 0, -1, 19, 0, 1, -2, 1 ]
[ 1, 0, 12, -2, 1, 0, 0, 0, 37 ]
[ 3, 0, -1, -2, 1, 0, 1, 0, 12 ]
[ 1, -19, 0, 0, 17, 1, 0, -3, 2 ]
[ 1, -2, 1, -1, 19, 0, 0, -3, 2 ]
[ -1, 1, 12, 1, -2, 1, 0, 0, 37 ]
[ 2, -1, 0, -1, 1, 12, 0, 0, 37 ]
[ -2, 1, 0, 1, -2, 1, -1, 1, 12 ]
[ -1, 19, 0, 0, -1, 13, 0, 0, 37 ]
[ -1, 19, 0, 0, -3, 2, 0, -1, 13 ]
[ 0, 1, -13, -1, 19, 0, 0, 0, 37 ]
[ 0, 3, -2, -1, 19, 0, 0, -1, 13 ]
[ -1, 2, -1, 0, -1, 13, 0, 0, 37 ]
[ -1, 2, -1, 0, -3, 2, 0, -1, 13 ]
[ 1, 1, 0, 0, 37, 0, 0, 3, 1 ]
[ 37, 0, 0, 1, 1, 0, -3, 0, 1 ]
[ -1, -1, 0, 0, -1, 12, 0, 0, 37 ]
[ 1, 1, 0, 0, 3, 1, 0, -1, 12 ]
[ 1, 0, 12, 1, 1, 0, 0, 0, 37 ]
[ 3, 0, -1, 1, 1, 0, 1, 0, 12 ]
[ 37, 0, 0, 4, 1, 0, -3, 0, 1 ]
[ 1, -9, 0, 0, 37, 0, 0, 10, 1 ]
[ 4, 1, 0, -1, 9, 0, 1, 1, 1 ]
[ 1, 0, 12, 4, 1, 0, 0, 0, 37 ]
[ 3, 0, -1, 4, 1, 0, 1, 0, 12 ]
[ 1, -9, 0, 0, 10, 1, 0, 3, 4 ]
[ 1, 1, 1, -1, 9, 0, 0, 3, 4 ]
[ 1, 0, 12, 1, 1, 1, 0, 0, 37 ]
[ -4, -1, 0, 1, 0, 12, 0, 0, 37 ]
[ 4, 1, 0, 1, 1, 1, 1, 0, 12 ]
[ -1, 9, 0, 0, -1, 11, 0, 0, 37 ]
[ 1, -9, 0, 0, 3, 4, 0, -1, 11 ]
[ 0, 1, -11, -1, 9, 0, 0, 0, 37 ]
[ 0, 3, 4, -1, 9, 0, 0, -1, 11 ]
[ -1, -1, -1, 0, -1, 11, 0, 0, 37 ]
[ 1, 1, 1, 0, 3, 4, 0, -1, 11 ]
[ 37, 0, 0, 7, 1, 0, -3, 0, 1 ]
[ 7, 1, 0, -2, 5, 0, -3, 0, 1 ]
[ 1, 0, 12, 7, 1, 0, 0, 0, 37 ]
[ 3, 0, -1, 7, 1, 0, 1, 0, 12 ]
[ 1, -21, 0, 0, 37, 0, 0, 11, 1 ]
[ 2, -5, 0, -1, 21, 0, 1, -10, 1 ]
[ 3, 0, -1, -2, 5, 0, 1, 1, 2 ]
[ -7, -1, 0, 1, 0, 12, 0, 0, 37 ]
[ 7, 1, 0, -3, 0, 1, 1, 0, 12 ]
[ 1, -21, 0, 0, 11, 1, 0, -4, 3 ]
[ 1, -10, 1, -1, 21, 0, 0, -4, 3 ]
[ -2, 5, 0, 1, -10, 1, -1, 6, 2 ]
[ 1, -2, -5, -2, 5, 0, 0, 0, 37 ]
[ 1, 1, 2, -2, 5, 0, -1, 2, 5 ]
[ 1, 0, 12, 1, 1, 2, 0, 0, 37 ]
[ 3, 0, -1, 1, 1, 2, 1, 0, 12 ]
[ -1, 21, 0, 0, -1, 10, 0, 0, 37 ]
[ -1, 21, 0, 0, -4, 3, 0, -1, 10 ]
[ 0, 1, -10, -1, 21, 0, 0, 0, 37 ]
[ 0, 4, -3, -1, 21, 0, 0, -1, 10 ]
[ -1, 10, -1, 0, -1, 10, 0, 0, 37 ]
[ -1, 10, -1, 0, -4, 3, 0, -1, 10 ]
[ 0, -1, 10, 1, -10, 1, 0, 0, 37 ]
[ -1, 6, 2, 0, -1, 10, 0, 0, 37 ]
[ -1, 6, 2, 1, -10, 1, 0, -1, 10 ]
[ -2, 5, 0, 1, -3, 5, 0, 0, 37 ]
[ 2, -5, 0, -1, 6, 2, 1, -3, 5 ]
[ 0, 1, -10, -1, 2, 5, 0, 0, 37 ]
[ -1, -1, -2, 0, -1, 10, 0, 0, 37 ]
[ 1, 1, 2, -1, 2, 5, 0, -1, 10 ]
[ 0, 1, -10, -1, 6, 2, 0, 0, 37 ]
[ -1, 3, -5, 0, -1, 10, 0, 0, 37 ]
[ 1, -3, 5, -1, 6, 2, 0, -1, 10 ]
[ 37, 0, 0, 10, 1, 0, -3, 0, 1 ]
[ 10, 1, 0, 3, 4, 0, -3, 0, 1 ]
[ 1, 0, 12, 10, 1, 0, 0, 0, 37 ]
[ 3, 0, -1, 10, 1, 0, 1, 0, 12 ]
[ 1, -11, 0, 0, 37, 0, 0, 4, 1 ]
[ 3, 4, 0, -1, 11, 0, 0, 4, 1 ]
[ 1, 1, 3, 3, 4, 0, 0, 0, 37 ]
[ 3, 0, -1, 3, 4, 0, 1, 1, 3 ]
[ -10, -1, 0, 1, 0, 12, 0, 0, 37 ]
[ 10, 1, 0, -3, 0, 1, 1, 0, 12 ]
[ -1, 11, 0, 0, -1, 9, 0, 0, 37 ]
[ 1, -11, 0, 0, 4, 1, 0, -1, 9 ]
[ 0, 1, -9, -1, 11, 0, 0, 0, 37 ]
[ 0, 4, 1, -1, 11, 0, 0, -1, 9 ]
[ -3, -4, 0, 1, 1, 3, 0, 0, 37 ]
[ 3, 4, 0, 0, 4, 1, 1, 1, 3 ]
[ 1, 0, 12, 1, 1, 3, 0, 0, 37 ]
[ 3, 0, -1, 1, 1, 3, 1, 0, 12 ]
[ -1, -1, -3, 0, -1, 9, 0, 0, 37 ]
[ 1, 1, 3, 0, 4, 1, 0, -1, 9 ]
[ 37, 0, 0, 13, 1, 0, -3, 0, 1 ]
[ 13, 1, 0, 2, 3, 0, -3, 0, 1 ]
[ 1, 0, 12, 13, 1, 0, 0, 0, 37 ]
[ 3, 0, -1, 13, 1, 0, 1, 0, 12 ]
[ 1, 20, 0, 0, 37, 0, 0, -14, 1 ]
[ 2, 3, 0, 1, 20, 0, 1, 6, 1 ]
[ 1, 1, 4, 2, 3, 0, 0, 0, 37 ]
[ 3, 0, -1, 2, 3, 0, 1, 1, 4 ]
[ -13, -1, 0, 1, 0, 12, 0, 0, 37 ]
[ 13, 1, 0, -3, 0, 1, 1, 0, 12 ]
[ -1, -20, 0, 0, -14, 1, 0, -5, 3 ]
[ 1, 6, 1, 1, 20, 0, 0, -5, 3 ]
[ -2, -3, 0, -1, -2, 4, 0, 0, 37 ]
[ 2, 3, 0, 1, 6, 1, -1, -2, 4 ]
[ 1, 0, 12, 1, 1, 4, 0, 0, 37 ]
[ 3, 0, -1, 1, 1, 4, 1, 0, 12 ]
[ -1, -20, 0, 0, -1, 8, 0, 0, 37 ]
[ -1, -20, 0, 0, -5, 3, 0, -1, 8 ]
[ 0, -1, 8, 1, 20, 0, 0, 0, 37 ]
[ 0, -5, 3, 1, 20, 0, 0, -1, 8 ]
[ -1, -6, -1, 0, -1, 8, 0, 0, 37 ]
[ -1, -6, -1, 0, -5, 3, 0, -1, 8 ]
[ 0, -1, 8, 1, 6, 1, 0, 0, 37 ]
[ -1, -2, 4, 0, -1, 8, 0, 0, 37 ]
[ 1, 2, -4, 1, 6, 1, 0, -1, 8 ]
[ 37, 0, 0, 16, 1, 0, -3, 0, 1 ]
[ 16, 1, 0, -5, 2, 0, -3, 0, 1 ]
[ 1, 0, 12, 16, 1, 0, 0, 0, 37 ]
[ 3, 0, -1, 16, 1, 0, 1, 0, 12 ]
[ 1, 7, 0, 0, 37, 0, 0, -16, 1 ]
[ 5, -2, 0, 1, 7, 0, 2, -2, 1 ]
[ -2, 1, 6, -5, 2, 0, 0, 0, 37 ]
[ 3, 0, -1, -5, 2, 0, -2, 1, 6 ]
[ -16, -1, 0, 1, 0, 12, 0, 0, 37 ]
[ 16, 1, 0, -3, 0, 1, 1, 0, 12 ]
[ -1, -7, 0, 0, -16, 1, 0, 5, 2 ]
[ 2, -2, 1, 1, 7, 0, -1, -2, 2 ]
[ 5, -2, 0, -2, 1, 6, 0, 0, 37 ]
[ -5, 2, 0, 2, -2, 1, -2, 1, 6 ]
[ 1, 0, 12, -2, 1, 6, 0, 0, 37 ]
[ 3, 0, -1, -2, 1, 6, 1, 0, 12 ]
[ -1, -7, 0, 0, -1, 7, 0, 0, 37 ]
[ 1, 7, 0, 0, 5, 2, 0, -1, 7 ]
[ 0, -1, 7, 1, 7, 0, 0, 0, 37 ]
[ -1, -2, 2, 0, -1, 7, 0, 0, 37 ]
[ 1, 2, -2, 1, 7, 0, 0, -1, 7 ]
[ 0, 1, -7, -1, -2, 2, 0, 0, 37 ]
[ -2, 2, -1, -1, -2, 2, 0, -1, 7 ]
[ -2, 1, 6, 1, -1, 19, 0, 0, 37 ]
[ -2, 1, 6, 2, -2, 1, 1, -1, 19 ]
[ -1, 1, -19, 0, -1, 7, 0, 0, 37 ]
[ -2, 2, -1, 0, -1, 7, 1, -1, 19 ]
[ 37, 0, 0, -18, 1, 0, -3, 0, 1 ]
[ 1, 2, 0, 0, 37, 0, 0, 6, 1 ]
[ 18, -1, 0, 1, 2, 0, -3, 0, 1 ]
[ 1, 0, 12, -18, 1, 0, 0, 0, 37 ]
[ 3, 0, -1, -18, 1, 0, 1, 0, 12 ]
[ -1, -2, 0, 0, -1, 6, 0, 0, 37 ]
[ 1, 2, 0, 0, 6, 1, 0, -1, 6 ]
[ 1, 1, 6, 1, 2, 0, 0, 0, 37 ]
[ 3, 0, -1, 1, 2, 0, 1, 1, 6 ]
[ 18, -1, 0, 1, 0, 12, 0, 0, 37 ]
[ -18, 1, 0, -3, 0, 1, 1, 0, 12 ]
[ 1, 0, 12, 1, 1, 6, 0, 0, 37 ]
[ 3, 0, -1, 1, 1, 6, 1, 0, 12 ]
[ 37, 0, 0, -15, 1, 0, -3, 0, 1 ]
[ 15, -1, 0, 7, 2, 0, -3, 0, 1 ]
[ 1, 0, 12, -15, 1, 0, 0, 0, 37 ]
[ 3, 0, -1, -15, 1, 0, 1, 0, 12 ]
[ 1, -5, 0, 0, 37, 0, 0, -15, 1 ]
[ 7, 2, 0, -1, 5, 0, -3, 0, 1 ]
[ 4, 1, 6, 7, 2, 0, 0, 0, 37 ]
[ 3, 0, -1, 7, 2, 0, 4, 1, 6 ]
[ 15, -1, 0, 1, 0, 12, 0, 0, 37 ]
[ -15, 1, 0, -3, 0, 1, 1, 0, 12 ]
[ -1, 5, 0, 0, -15, 1, 0, 7, 2 ]
[ 3, 0, -1, -1, 5, 0, 1, 2, 2 ]
[ -7, -2, 0, 4, 1, 6, 0, 0, 37 ]
[ 7, 2, 0, -3, 0, 1, 4, 1, 6 ]
[ 1, 0, 12, 4, 1, 6, 0, 0, 37 ]
[ 3, 0, -1, 4, 1, 6, 1, 0, 12 ]
[ -1, 5, 0, 0, -1, 5, 0, 0, 37 ]
[ 1, -5, 0, 0, 7, 2, 0, -1, 5 ]
[ 0, 1, -5, -1, 5, 0, 0, 0, 37 ]
[ -1, -2, -2, 0, -1, 5, 0, 0, 37 ]
[ 1, 2, 2, -1, 5, 0, 0, -1, 5 ]
[ 1, 1, 7, 1, 2, 2, 0, 0, 37 ]
[ 3, 0, -1, 1, 2, 2, 1, 1, 7 ]
[ -4, -1, -6, 1, 0, 12, 0, 0, 37 ]
[ 4, 1, 6, -3, 0, 1, 1, 0, 12 ]
[ 1, 0, 12, 1, 1, 7, 0, 0, 37 ]
[ 3, 0, -1, 1, 1, 7, 1, 0, 12 ]
[ 37, 0, 0, -12, 1, 0, -3, 0, 1 ]
[ 1, 3, 0, 0, 37, 0, 0, 9, 1 ]
[ 12, -1, 0, 1, 3, 0, -3, 0, 1 ]
[ 1, 0, 12, -12, 1, 0, 0, 0, 37 ]
[ 3, 0, -1, -12, 1, 0, 1, 0, 12 ]
[ -1, -3, 0, 0, -1, 4, 0, 0, 37 ]
[ 1, 3, 0, 0, 9, 1, 0, -1, 4 ]
[ 0, -1, 4, 1, 3, 0, 0, 0, 37 ]
[ 3, 0, -1, 1, 3, 0, 0, -1, 4 ]
[ 12, -1, 0, 1, 0, 12, 0, 0, 37 ]
[ -12, 1, 0, -3, 0, 1, 1, 0, 12 ]
[ -1, 0, -12, 0, -1, 4, 0, 0, 37 ]
[ -3, 0, 1, 0, -1, 4, 1, 0, 12 ]
[ 37, 0, 0, -9, 1, 0, -3, 0, 1 ]
[ 1, 4, 0, 0, 37, 0, 0, 12, 1 ]
[ 9, -1, 0, 1, 4, 0, -3, 0, 1 ]
[ 1, 0, 12, -9, 1, 0, 0, 0, 37 ]
[ 3, 0, -1, -9, 1, 0, 1, 0, 12 ]
[ -1, -4, 0, 0, -1, 3, 0, 0, 37 ]
[ 1, 4, 0, 0, 12, 1, 0, -1, 3 ]
[ 0, -1, 3, 1, 4, 0, 0, 0, 37 ]
[ 3, 0, -1, 1, 4, 0, 0, -1, 3 ]
[ 9, -1, 0, 1, 0, 12, 0, 0, 37 ]
[ -9, 1, 0, -3, 0, 1, 1, 0, 12 ]
[ -1, 0, -12, 0, -1, 3, 0, 0, 37 ]
[ -3, 0, 1, 0, -1, 3, 1, 0, 12 ]
[ 37, 0, 0, -6, 1, 0, -3, 0, 1 ]
[ 1, 6, 0, 0, 37, 0, 0, 18, 1 ]
[ 6, -1, 0, 1, 6, 0, -3, 0, 1 ]
[ 1, 0, 12, -6, 1, 0, 0, 0, 37 ]
[ 3, 0, -1, -6, 1, 0, 1, 0, 12 ]
[ -1, -6, 0, 0, -1, 2, 0, 0, 37 ]
[ 1, 6, 0, 0, 18, 1, 0, -1, 2 ]
[ 0, -1, 2, 1, 6, 0, 0, 0, 37 ]
[ 3, 0, -1, 1, 6, 0, 0, -1, 2 ]
[ 6, -1, 0, 1, 0, 12, 0, 0, 37 ]
[ -6, 1, 0, -3, 0, 1, 1, 0, 12 ]
[ -1, 0, -12, 0, -1, 2, 0, 0, 37 ]
[ -3, 0, 1, 0, -1, 2, 1, 0, 12 ]
[ 37, 0, 0, -3, 1, 0, -3, 0, 1 ]
[ -1, -12, 0, 0, -1, 1, 0, 0, 37 ]
[ 1, 12, 0, 0, 37, 0, 0, -1, 1 ]
[ 0, -1, 1, 1, 12, 0, 0, 0, 37 ]
[ 3, -1, 0, 1, 12, 0, 0, -1, 1 ]
[ 1, 0, 12, -3, 1, 0, 0, 0, 37 ]
[ 3, 0, -1, -3, 1, 0, 1, 0, 12 ]
[ -1, 0, -12, 0, -1, 1, 0, 0, 37 ]
[ 3, -1, 0, 1, 0, 12, 0, 0, 37 ]
[ -3, 1, 0, 0, -1, 1, 1, 0, 12 ]
[ 37, 0, 0, 0, 1, 0, -17, 0, 1 ]
[ 17, 0, -1, 0, 1, 0, 3, 0, 2 ]
[ 1, 0, 13, 0, 1, 0, 0, 0, 37 ]
[ 3, 0, 2, 0, 1, 0, 1, 0, 13 ]
[ 37, 0, 0, 17, 1, 0, -17, 0, 1 ]
[ 17, 1, 0, -3, 2, 0, 0, 1, 1 ]
[ 17, 0, -1, 17, 1, 0, 3, 0, 2 ]
[ 1, -13, 0, 0, 1, 1, 0, 0, 37 ]
[ 1, -13, 0, 0, 37, 0, 0, 1, 1 ]
[ 0, 1, 1, -1, 13, 0, 0, 0, 37 ]
[ 3, -2, 0, -1, 13, 0, 0, 1, 1 ]
[ -1, 1, -12, -3, 2, 0, 0, 0, 37 ]
[ 0, -1, -1, 1, -1, 12, 0, 0, 37 ]
[ 0, 1, 1, -3, 2, 0, 1, -1, 12 ]
[ 17, 1, 0, 0, 1, 1, 3, 0, 2 ]
[ 1, 0, 13, 17, 1, 0, 0, 0, 37 ]
[ 3, 0, 2, 17, 1, 0, 1, 0, 13 ]
[ 1, -1, 12, 0, 1, 1, 0, 0, 37 ]
[ -3, 2, 0, 1, -1, 12, 0, 0, 37 ]
[ 3, -2, 0, 0, 1, 1, 1, -1, 12 ]
[ 1, 0, 13, 0, 1, 1, 0, 0, 37 ]
[ 3, 0, 2, 0, 1, 1, 1, 0, 13 ]
[ -17, -1, 0, 1, 0, 13, 0, 0, 37 ]
[ -17, -1, 0, 3, 0, 2, 1, 0, 13 ]
[ 37, 0, 0, -3, 1, 0, -17, 0, 1 ]
[ 1, 12, 0, 0, 37, 0, 0, -18, 1 ]
[ 3, -1, 0, 1, 12, 0, 1, -6, 1 ]
[ 17, 0, -1, -3, 1, 0, 3, 0, 2 ]
[ 1, 12, 0, 0, 1, 2, 0, 0, 37 ]
[ -1, -12, 0, 0, -18, 1, 0, 1, 2 ]
[ 0, -1, -2, 1, 12, 0, 0, 0, 37 ]
[ 1, -6, 1, 0, 1, 2, 0, 0, 37 ]
[ 1, -6, 1, 1, 12, 0, 0, 1, 2 ]
[ 0, -1, -2, 1, -6, 1, 0, 0, 37 ]
[ -3, 1, 0, 1, -6, 1, 0, 1, 2 ]
[ 1, 0, 13, -3, 1, 0, 0, 0, 37 ]
[ 3, 0, 2, -3, 1, 0, 1, 0, 13 ]
[ 1, 0, 13, 0, 1, 2, 0, 0, 37 ]
[ 3, -1, 0, 1, 0, 13, 0, 0, 37 ]
[ 3, -1, 0, 0, 1, 2, 1, 0, 13 ]
[ 37, 0, 0, 14, 1, 0, -17, 0, 1 ]
[ 14, 1, 0, 5, 3, 0, -3, 1, 1 ]
[ 17, 0, -1, 14, 1, 0, 3, 0, 2 ]
[ 1, 8, 0, 0, 37, 0, 0, -12, 1 ]
[ 5, 3, 0, 1, 8, 0, 2, 4, 1 ]
[ 3, -1, -1, 5, 3, 0, 0, 1, 3 ]
[ 14, 1, 0, -3, 1, 1, 3, 0, 2 ]
[ 1, 0, 13, 14, 1, 0, 0, 0, 37 ]
[ 3, 0, 2, 14, 1, 0, 1, 0, 13 ]
[ 1, 8, 0, 0, 1, 3, 0, 0, 37 ]
[ -1, -8, 0, 0, -12, 1, 0, 1, 3 ]
[ 0, -1, -3, 1, 8, 0, 0, 0, 37 ]
[ 2, 4, 1, 1, 8, 0, 0, 1, 3 ]
[ 5, 3, 0, 2, 4, 1, 0, 1, 3 ]
[ 2, 1, -8, 5, 3, 0, 0, 0, 37 ]
[ 0, -1, -3, 5, 3, 0, -2, -1, 8 ]
[ 1, 0, 13, 0, 1, 3, 0, 0, 37 ]
[ 3, -1, -1, 1, 0, 13, 0, 0, 37 ]
[ 3, -1, -1, 0, 1, 3, 1, 0, 13 ]
[ 1, 0, 13, -3, 1, 1, 0, 0, 37 ]
[ 3, 0, 2, -3, 1, 1, 1, 0, 13 ]
[ -14, -1, 0, 1, 0, 13, 0, 0, 37 ]
[ -14, -1, 0, 3, 0, 2, 1, 0, 13 ]
[ 1, 2, 19, 0, 1, 3, 0, 0, 37 ]
[ 2, 4, 1, 0, 1, 3, 1, 2, 19 ]
[ 0, -1, -3, 1, 2, 19, 0, 0, 37 ]
[ 0, -1, -3, 2, 4, 1, 1, 2, 19 ]
[ 5, 3, 0, -2, -1, 8, 0, 0, 37 ]
[ 5, 3, 0, 0, 1, 3, -2, -1, 8 ]
[ -1, 0, 24, -2, -1, 8, 0, 0, 37 ]
[ 0, 1, 3, -1, 0, 24, 0, 0, 37 ]
[ 0, 1, 3, -2, -1, 8, -1, 0, 24 ]
[ 1, 0, -24, 0, 1, 3, 0, 0, 37 ]
[ 2, 1, -8, -1, 0, 24, 0, 0, 37 ]
[ 2, 1, -8, 0, 1, 3, -1, 0, 24 ]
[ 37, 0, 0, -6, 1, 0, -17, 0, 1 ]
[ 1, 6, 0, 0, 37, 0, 0, -9, 1 ]
[ 6, -1, 0, 1, 6, 0, 1, -3, 1 ]
[ 17, 0, -1, -6, 1, 0, 3, 0, 2 ]
[ 1, 6, 0, 0, 1, 4, 0, 0, 37 ]
[ -1, -6, 0, 0, -9, 1, 0, 1, 4 ]
[ 0, -1, -4, 1, 6, 0, 0, 0, 37 ]
[ 1, -3, 1, 0, 1, 4, 0, 0, 37 ]
[ 1, -3, 1, 1, 6, 0, 0, 1, 4 ]
[ -6, 1, 0, 1, -3, 1, -3, 1, 2 ]
[ 1, 0, 13, -6, 1, 0, 0, 0, 37 ]
[ 3, 0, 2, -6, 1, 0, 1, 0, 13 ]
[ 0, -1, -4, 1, -3, 1, 0, 0, 37 ]
[ -3, 1, 2, 1, -3, 1, 0, 1, 4 ]
[ 1, 0, 13, -3, 1, 2, 0, 0, 37 ]
[ 6, -1, 0, 1, 0, 13, 0, 0, 37 ]
[ 6, -1, 0, -3, 1, 2, 1, 0, 13 ]
[ 1, 0, 13, 0, 1, 4, 0, 0, 37 ]
[ 3, -1, -2, 1, 0, 13, 0, 0, 37 ]
[ 3, -1, -2, 0, 1, 4, 1, 0, 13 ]
[ 37, 0, 0, 11, 1, 0, -17, 0, 1 ]
[ 11, 1, 0, -4, 3, 0, -6, 1, 1 ]
[ 17, 0, -1, 11, 1, 0, 3, 0, 2 ]
[ 1, -10, 0, 0, 37, 0, 0, 15, 1 ]
[ 4, -3, 0, -1, 10, 0, 2, -5, 1 ]
[ 6, -1, -1, -4, 3, 0, -3, 1, 3 ]
[ 11, 1, 0, -6, 1, 1, 3, 0, 2 ]
[ 1, 0, 13, 11, 1, 0, 0, 0, 37 ]
[ 3, 0, 2, 11, 1, 0, 1, 0, 13 ]
[ 1, -10, 0, 0, 15, 1, 0, -7, 2 ]
[ 2, -5, 1, -1, 3, 2, 0, 0, 37 ]
[ 2, -5, 1, -1, 10, 0, -1, 3, 2 ]
[ -1, 2, -3, 2, -5, 1, 0, 0, 37 ]
[ -4, 3, 0, 2, -5, 1, 1, -2, 3 ]
[ -1, 1, -8, -4, 3, 0, 0, 0, 37 ]
[ 3, -1, -3, -4, 3, 0, 1, -1, 8 ]
[ 1, 0, 13, -3, 1, 3, 0, 0, 37 ]
[ 6, -1, -1, 1, 0, 13, 0, 0, 37 ]
[ 6, -1, -1, -3, 1, 3, 1, 0, 13 ]
[ 1, 0, 13, -6, 1, 1, 0, 0, 37 ]
[ 3, 0, 2, -6, 1, 1, 1, 0, 13 ]
[ -11, -1, 0, 1, 0, 13, 0, 0, 37 ]
[ -11, -1, 0, 3, 0, 2, 1, 0, 13 ]
[ 1, -10, 0, 0, 1, 5, 0, 0, 37 ]
[ -1, 10, 0, 0, -7, 2, 0, 1, 5 ]
[ 0, 1, 5, -1, 10, 0, 0, 0, 37 ]
[ 1, -3, -2, 0, 1, 5, 0, 0, 37 ]
[ 1, -3, -2, -1, 10, 0, 0, 1, 5 ]
[ -1, 1, -8, 1, -2, 3, 0, 0, 37 ]
[ -4, 3, 0, 1, -1, 8, 0, 0, 37 ]
[ -4, 3, 0, 1, -2, 3, 1, -1, 8 ]
[ -1, 0, 24, 1, -1, 8, 0, 0, 37 ]
[ -3, 1, 3, -1, 0, 24, 0, 0, 37 ]
[ -3, 1, 3, 1, -1, 8, -1, 0, 24 ]
[ 37, 0, 0, -9, 1, 0, -17, 0, 1 ]
[ 1, 4, 0, 0, 37, 0, 0, -6, 1 ]
[ 9, -1, 0, 1, 4, 0, 1, -2, 1 ]
[ 17, 0, -1, -9, 1, 0, 3, 0, 2 ]
[ 1, 4, 0, 0, 1, 6, 0, 0, 37 ]
[ -1, -4, 0, 0, -6, 1, 0, 1, 6 ]
[ 0, -1, -6, 1, 4, 0, 0, 0, 37 ]
[ 1, -2, 1, 0, 1, 6, 0, 0, 37 ]
[ 1, -2, 1, 1, 4, 0, 0, 1, 6 ]
[ -9, 1, 0, 1, -2, 1, 3, 0, 2 ]
[ 1, 0, 13, -9, 1, 0, 0, 0, 37 ]
[ 3, 0, 2, -9, 1, 0, 1, 0, 13 ]
[ -1, 1, -7, 1, -2, 1, 0, 0, 37 ]
[ -3, 0, -2, 1, -2, 1, 1, -1, 7 ]
[ 9, -1, 0, 1, 0, 13, 0, 0, 37 ]
[ 9, -1, 0, 3, 0, 2, 1, 0, 13 ]
[ -1, 0, -13, 1, -1, 7, 0, 0, 37 ]
[ -3, 0, -2, 1, -1, 7, 1, 0, 13 ]
[ 37, 0, 0, 8, 1, 0, -17, 0, 1 ]
[ 8, 1, 0, 3, 5, 0, -1, 2, 1 ]
[ 17, 0, -1, 8, 1, 0, 3, 0, 2 ]
[ 1, 14, 0, 0, 37, 0, 0, 16, 1 ]
[ 3, 5, 0, 1, 14, 0, -1, 2, 1 ]
[ 1, -2, -1, 3, 5, 0, -1, -3, 3 ]
[ 8, 1, 0, -1, 2, 1, 3, 0, 2 ]
[ 1, 0, 13, 8, 1, 0, 0, 0, 37 ]
[ 3, 0, 2, 8, 1, 0, 1, 0, 13 ]
[ 1, 14, 0, 0, 16, 1, 0, -5, 2 ]
[ 1, -2, -1, 1, 14, 0, 0, -5, 2 ]
[ 3, 5, 0, -1, 2, 1, -1, -3, 3 ]
[ -1, -2, 10, 3, 5, 0, 0, 0, 37 ]
[ 1, 3, -3, -1, -2, 10, 0, 0, 37 ]
[ -1, -3, 3, 3, 5, 0, -1, -2, 10 ]
[ 0, 1, 7, -1, -3, 3, 0, 0, 37 ]
[ 1, -2, -1, 0, 1, 7, 0, 0, 37 ]
[ -1, 2, 1, -1, -3, 3, 0, 1, 7 ]
[ 0, 1, 7, -1, 2, 1, 0, 0, 37 ]
[ 3, 0, 2, -1, 2, 1, 0, 1, 7 ]
[ -8, -1, 0, 1, 0, 13, 0, 0, 37 ]
[ -8, -1, 0, 3, 0, 2, 1, 0, 13 ]
[ 1, 14, 0, 0, 1, 7, 0, 0, 37 ]
[ -1, -14, 0, 0, -5, 2, 0, 1, 7 ]
[ 0, -1, -7, 1, 14, 0, 0, 0, 37 ]
[ 0, -5, 2, 1, 14, 0, 0, 1, 7 ]
[ -1, 2, 1, 0, -5, 2, 0, 1, 7 ]
[ 1, 3, -3, 0, 1, 7, 0, 0, 37 ]
[ 1, 3, -3, -1, 2, 1, 0, 1, 7 ]
[ -1, -2, 10, -1, -3, 3, 0, 0, 37 ]
[ -3, -5, 0, -1, -2, 10, 0, 0, 37 ]
[ -3, -5, 0, -1, -3, 3, -1, -2, 10 ]
[ 1, -2, -1, 0, 1, 7, 0, 0, 37 ]
[ 0, 1, 7, -1, 2, 1, 0, 0, 37 ]
[ 1, 0, 13, 0, 1, 7, 0, 0, 37 ]
[ 3, 0, 2, 0, 1, 7, 1, 0, 13 ]
[ 37, 0, 0, -12, 1, 0, -17, 0, 1 ]
[ 1, 3, 0, 0, 37, 0, 0, 14, 1 ]
[ 12, -1, 0, 1, 3, 0, -5, -1, 1 ]
[ 17, 0, -1, -12, 1, 0, 3, 0, 2 ]
[ 1, 3, 0, 0, 14, 1, 0, 5, 3 ]
[ 5, 1, -1, 1, 3, 0, -2, -1, 3 ]
[ -12, 1, 0, -5, -1, 1, 3, 0, 2 ]
[ 1, 0, 13, -12, 1, 0, 0, 0, 37 ]
[ 3, 0, 2, -12, 1, 0, 1, 0, 13 ]
[ 1, 3, 0, 0, 1, 8, 0, 0, 37 ]
[ 1, 3, 0, 0, 5, 3, 0, 1, 8 ]
[ 0, -1, -8, 1, 3, 0, 0, 0, 37 ]
[ 2, 1, -3, 1, 3, 0, 0, 1, 8 ]
[ -1, 0, -13, -2, -1, 3, 0, 0, 37 ]
[ -5, -1, 1, 1, 0, 13, 0, 0, 37 ]
[ -5, -1, 1, -2, -1, 3, 1, 0, 13 ]
[ -1, 0, -13, -5, -1, 1, 0, 0, 37 ]
[ -3, 0, -2, -5, -1, 1, 1, 0, 13 ]
[ 12, -1, 0, 1, 0, 13, 0, 0, 37 ]
[ 12, -1, 0, 3, 0, 2, 1, 0, 13 ]
[ 1, 0, -24, 0, 1, 8, 0, 0, 37 ]
[ 2, 1, -3, -1, 0, 24, 0, 0, 37 ]
[ 2, 1, -3, 0, 1, 8, -1, 0, 24 ]
[ 37, 0, 0, 5, 1, 0, -17, 0, 1 ]
[ 5, 1, 0, -2, 7, 0, -2, 3, 1 ]
[ 17, 0, -1, 5, 1, 0, 3, 0, 2 ]
[ 1, -22, 0, 0, 37, 0, 0, -4, 1 ]
[ 2, -7, 0, -1, 22, 0, 0, -4, 1 ]
[ 2, -3, -1, -1, 2, 5, 0, 0, 37 ]
[ 2, -3, -1, -2, 7, 0, -1, 2, 5 ]
[ 5, 1, 0, -2, 3, 1, -2, -1, 2 ]
[ 1, 0, 13, 5, 1, 0, 0, 0, 37 ]
[ 3, 0, 2, 5, 1, 0, 1, 0, 13 ]
[ 1, -22, 0, 0, 1, 9, 0, 0, 37 ]
[ -1, 22, 0, 0, -4, 1, 0, 1, 9 ]
[ 0, 1, 9, -1, 22, 0, 0, 0, 37 ]
[ 0, 4, -1, -1, 22, 0, 0, 1, 9 ]
[ -2, 7, 0, 0, -4, 1, -1, 2, 5 ]
[ 1, -3, -14, -2, 7, 0, 0, 0, 37 ]
[ 1, -2, -5, -1, 3, 14, 0, 0, 37 ]
[ 1, -2, -5, -2, 7, 0, -1, 3, 14 ]
[ 1, -1, 4, -2, 3, 1, 0, 0, 37 ]
[ 2, 1, -2, -2, 3, 1, 1, -1, 4 ]
[ -1, 0, -13, -2, -1, 2, 0, 0, 37 ]
[ -5, -1, 0, 1, 0, 13, 0, 0, 37 ]
[ -5, -1, 0, -2, -1, 2, 1, 0, 13 ]
[ 1, -2, -5, 0, 1, 9, 0, 0, 37 ]
[ -1, 2, 5, 0, -4, 1, 0, 1, 9 ]
[ -1, 3, 14, -1, 2, 5, 0, 0, 37 ]
[ -2, 7, 0, -1, 3, 14, 0, 0, 37 ]
[ -2, 7, 0, -1, 2, 5, -1, 3, 14 ]
[ -1, 0, -13, 1, -1, 4, 0, 0, 37 ]
[ -2, -1, 2, 1, 0, 13, 0, 0, 37 ]
[ -2, -1, 2, 1, -1, 4, 1, 0, 13 ]
[ 37, 0, 0, -15, 1, 0, -17, 0, 1 ]
[ 15, -1, 0, 7, 2, 0, -2, -1, 1 ]
[ 17, 0, -1, -15, 1, 0, 3, 0, 2 ]
[ 1, -5, 0, 0, 37, 0, 0, -11, 1 ]
[ 7, 2, 0, -1, 5, 0, -2, -1, 1 ]
[ -3, -1, -12, 7, 2, 0, 0, 0, 37 ]
[ -2, -1, 1, 3, 1, 12, 0, 0, 37 ]
[ -2, -1, 1, 7, 2, 0, 3, 1, 12 ]
[ -15, 1, 0, -2, -1, 1, 3, 0, 2 ]
[ 1, 0, 13, -15, 1, 0, 0, 0, 37 ]
[ 3, 0, 2, -15, 1, 0, 1, 0, 13 ]
[ -1, 5, 0, 0, -11, 1, 0, 4, 3 ]
[ 2, 1, -1, -1, 5, 0, 1, -1, 3 ]
[ -3, -1, -12, -2, -1, 1, 0, 0, 37 ]
[ 7, 2, 0, 3, 1, 12, 0, 0, 37 ]
[ -7, -2, 0, -2, -1, 1, 3, 1, 12 ]
[ -1, 0, -13, -2, -1, 1, 0, 0, 37 ]
[ -3, 0, -2, -2, -1, 1, 1, 0, 13 ]
[ 15, -1, 0, 1, 0, 13, 0, 0, 37 ]
[ 15, -1, 0, 3, 0, 2, 1, 0, 13 ]
[ 1, -5, 0, 0, 1, 10, 0, 0, 37 ]
[ 1, -5, 0, 0, 4, 3, 0, 1, 10 ]
[ 0, 1, 10, -1, 5, 0, 0, 0, 37 ]
[ 1, -1, 3, 0, 1, 10, 0, 0, 37 ]
[ 1, -1, 3, -1, 5, 0, 0, 1, 10 ]
[ -1, 0, -13, 1, -1, 3, 0, 0, 37 ]
[ -2, -1, 1, 1, 0, 13, 0, 0, 37 ]
[ -2, -1, 1, 1, -1, 3, 1, 0, 13 ]
[ 37, 0, 0, 2, 1, 0, -17, 0, 1 ]
[ 1, 19, 0, 0, 37, 0, 0, -10, 1 ]
[ 2, 1, 0, 1, 19, 0, 1, 9, 1 ]
[ 17, 0, -1, 2, 1, 0, 3, 0, 2 ]
[ -1, -19, 0, 0, -10, 1, 0, -3, 4 ]
[ 1, 9, 1, 1, 19, 0, 0, -3, 4 ]
[ 2, 1, 0, 1, 9, 1, -1, -2, 2 ]
[ 1, 0, 13, 2, 1, 0, 0, 0, 37 ]
[ 3, 0, 2, 2, 1, 0, 1, 0, 13 ]
[ 1, 19, 0, 0, 1, 11, 0, 0, 37 ]
[ -1, -19, 0, 0, -3, 4, 0, 1, 11 ]
[ 0, -1, -11, 1, 19, 0, 0, 0, 37 ]
[ 0, -3, 4, 1, 19, 0, 0, 1, 11 ]
[ 1, 9, 1, 0, 1, 11, 0, 0, 37 ]
[ -1, -9, -1, 0, -3, 4, 0, 1, 11 ]
[ 1, 2, -2, 1, 9, 1, 0, -3, 4 ]
[ -1, -1, 13, -1, -2, 2, 0, 0, 37 ]
[ -2, -1, 0, -1, -1, 13, 0, 0, 37 ]
[ -2, -1, 0, -1, -2, 2, -1, -1, 13 ]
[ 0, -1, -11, 1, 9, 1, 0, 0, 37 ]
[ 0, -3, 4, 1, 9, 1, 0, 1, 11 ]
[ 1, 2, -2, 0, 1, 11, 0, 0, 37 ]
[ -1, -2, 2, 0, -3, 4, 0, 1, 11 ]
[ 37, 0, 0, -18, 1, 0, -17, 0, 1 ]
[ 1, 2, 0, 0, 37, 0, 0, -3, 1 ]
[ 18, -1, 0, 1, 2, 0, 1, -1, 1 ]
[ 17, 0, -1, -18, 1, 0, 3, 0, 2 ]
[ 1, 2, 0, 0, 1, 12, 0, 0, 37 ]
[ -1, -2, 0, 0, -3, 1, 0, 1, 12 ]
[ 0, -1, -12, 1, 2, 0, 0, 0, 37 ]
[ 1, -1, 1, 0, 1, 12, 0, 0, 37 ]
[ 1, -1, 1, 1, 2, 0, 0, 1, 12 ]
[ -18, 1, 0, 1, -1, 1, 3, 0, 2 ]
[ 1, 0, 13, -18, 1, 0, 0, 0, 37 ]
[ 3, 0, 2, -18, 1, 0, 1, 0, 13 ]
[ -1, 0, -13, 1, -1, 1, 0, 0, 37 ]
[ -3, 0, -2, 1, -1, 1, 1, 0, 13 ]
[ 18, -1, 0, 1, 0, 13, 0, 0, 37 ]
[ 18, -1, 0, 3, 0, 2, 1, 0, 13 ]
[ 1, -1, 0, 0, 37, 0, 0, -17, 1 ]
[ 37, 0, 0, -1, 1, 0, -17, 0, 1 ]
[ -1, 1, 0, 0, -17, 1, 0, 3, 2 ]
[ 17, 0, -1, -1, 1, 0, 3, 0, 2 ]
[ 1, -1, 0, 0, 1, 13, 0, 0, 37 ]
[ 1, -1, 0, 0, 3, 2, 0, 1, 13 ]
[ 1, 0, 13, -1, 1, 0, 0, 0, 37 ]
[ 3, 0, 2, -1, 1, 0, 1, 0, 13 ]
[ 37, 0, 0, 16, 1, 0, -17, 0, 1 ]
[ 16, 1, 0, -5, 2, 0, -1, 1, 1 ]
[ 17, 0, -1, 16, 1, 0, 3, 0, 2 ]
[ 1, 7, 0, 0, 37, 0, 0, 8, 1 ]
[ 5, -2, 0, 1, 7, 0, -1, 1, 1 ]
[ -2, 1, -12, -5, 2, 0, 0, 0, 37 ]
[ 1, -1, -1, 2, -1, 12, 0, 0, 37 ]
[ -1, 1, 1, -5, 2, 0, 2, -1, 12 ]
[ 16, 1, 0, -1, 1, 1, 3, 0, 2 ]
[ 1, 0, 13, 16, 1, 0, 0, 0, 37 ]
[ 3, 0, 2, 16, 1, 0, 1, 0, 13 ]
[ 1, 7, 0, 0, 8, 1, 0, 3, 5 ]
[ 1, -1, -1, 1, 7, 0, 0, 3, 5 ]
[ 2, -1, 12, -1, 1, 1, 0, 0, 37 ]
[ -5, 2, 0, 2, -1, 12, 0, 0, 37 ]
[ 5, -2, 0, -1, 1, 1, 2, -1, 12 ]
[ 1, 0, 13, -1, 1, 1, 0, 0, 37 ]
[ 3, 0, 2, -1, 1, 1, 1, 0, 13 ]
[ -16, -1, 0, 1, 0, 13, 0, 0, 37 ]
[ -16, -1, 0, 3, 0, 2, 1, 0, 13 ]
[ 1, 7, 0, 0, 1, 14, 0, 0, 37 ]
[ 1, 7, 0, 0, 3, 5, 0, 1, 14 ]
[ 0, -1, -14, 1, 7, 0, 0, 0, 37 ]
[ 0, -3, -5, 1, 7, 0, 0, 1, 14 ]
[ 1, -1, -1, 0, 1, 14, 0, 0, 37 ]
[ 1, -1, -1, 0, 3, 5, 0, 1, 14 ]
[ 37, 0, 0, -4, 1, 0, -17, 0, 1 ]
[ 1, 9, 0, 0, 37, 0, 0, 5, 1 ]
[ 4, -1, 0, 1, 9, 0, -1, -4, 1 ]
[ 17, 0, -1, -4, 1, 0, 3, 0, 2 ]
[ 1, 9, 0, 0, 5, 1, 0, -2, 7 ]
[ 1, 4, -1, 1, 9, 0, 0, -2, 7 ]
[ -4, 1, 0, -1, -4, 1, -1, 1, 2 ]
[ 1, 0, 13, -4, 1, 0, 0, 0, 37 ]
[ 3, 0, 2, -4, 1, 0, 1, 0, 13 ]
[ -1, -9, 0, 0, -1, 22, 0, 0, 37 ]
[ -1, -9, 0, 0, -2, 7, 0, -1, 22 ]
[ 0, -1, 22, 1, 9, 0, 0, 0, 37 ]
[ 0, -2, 7, 1, 9, 0, 0, -1, 22 ]
[ -1, -4, 1, 0, -1, 22, 0, 0, 37 ]
[ -1, -4, 1, 0, -2, 7, 0, -1, 22 ]
[ -1, 1, 2, -1, -4, 1, 0, -2, 7 ]
[ 1, 0, 13, -1, 1, 2, 0, 0, 37 ]
[ 4, -1, 0, 1, 0, 13, 0, 0, 37 ]
[ 4, -1, 0, -1, 1, 2, 1, 0, 13 ]
[ 0, 1, -22, -1, -4, 1, 0, 0, 37 ]
[ 0, 2, -7, -1, -4, 1, 0, -1, 22 ]
[ -1, 1, 2, 0, -1, 22, 0, 0, 37 ]
[ -1, 1, 2, 0, -2, 7, 0, -1, 22 ]
[ 37, 0, 0, 13, 1, 0, -17, 0, 1 ]
[ 13, 1, 0, 2, 3, 0, -4, 1, 1 ]
[ 17, 0, -1, 13, 1, 0, 3, 0, 2 ]
[ 1, 20, 0, 0, 37, 0, 0, 7, 1 ]
[ 2, 3, 0, 1, 20, 0, 0, 7, 1 ]
[ 4, -1, -1, 2, 3, 0, -1, 1, 3 ]
[ 13, 1, 0, -4, 1, 1, 3, 0, 2 ]
[ 1, 0, 13, 13, 1, 0, 0, 0, 37 ]
[ 3, 0, 2, 13, 1, 0, 1, 0, 13 ]
[ 1, 20, 0, 0, 7, 1, 0, -2, 5 ]
[ 0, -7, -1, 1, 20, 0, 0, -2, 5 ]
[ 2, 3, 0, 0, 7, 1, 1, 4, 3 ]
[ 1, 1, -8, 2, 3, 0, 0, 0, 37 ]
[ 1, -1, -3, 2, 3, 0, -1, -1, 8 ]
[ 1, 0, 13, -1, 1, 3, 0, 0, 37 ]
[ 4, -1, -1, 1, 0, 13, 0, 0, 37 ]
[ 4, -1, -1, -1, 1, 3, 1, 0, 13 ]
[ 1, 0, 13, -4, 1, 1, 0, 0, 37 ]
[ 3, 0, 2, -4, 1, 1, 1, 0, 13 ]
[ -13, -1, 0, 1, 0, 13, 0, 0, 37 ]
[ -13, -1, 0, 3, 0, 2, 1, 0, 13 ]
[ -1, -20, 0, 0, -1, 21, 0, 0, 37 ]
[ -1, -20, 0, 0, -2, 5, 0, -1, 21 ]
[ 0, -1, 21, 1, 20, 0, 0, 0, 37 ]
[ 0, -2, 5, 1, 20, 0, 0, -1, 21 ]
[ 1, 4, 3, 0, 7, 1, 0, -2, 5 ]
[ 2, 3, 0, 1, 2, 8, 0, 0, 37 ]
[ 2, 3, 0, 1, 4, 3, 1, 2, 8 ]
[ -1, 0, 24, -1, -1, 8, 0, 0, 37 ]
[ -1, 1, 3, -1, 0, 24, 0, 0, 37 ]
[ -1, 1, 3, -1, -1, 8, -1, 0, 24 ]
[ -1, -4, -3, 0, -1, 21, 0, 0, 37 ]
[ -1, -4, -3, 0, -2, 5, 0, -1, 21 ]
[ 1, 3, 24, 1, 4, 3, 0, 0, 37 ]
[ 1, 2, 8, 1, 3, 24, 0, 0, 37 ]
[ 1, 2, 8, 1, 4, 3, 1, 3, 24 ]
[ 37, 0, 0, -7, 1, 0, -17, 0, 1 ]
[ 7, -1, 0, 2, 5, 0, -3, -2, 1 ]
[ 17, 0, -1, -7, 1, 0, 3, 0, 2 ]
[ 1, 21, 0, 0, 37, 0, 0, -13, 1 ]
[ 2, 5, 0, 1, 21, 0, 1, 8, 1 ]
[ 3, 2, -1, 2, 5, 0, 2, 3, 3 ]
[ -7, 1, 0, -3, -2, 1, 3, 0, 2 ]
[ 1, 0, 13, -7, 1, 0, 0, 0, 37 ]
[ 3, 0, 2, -7, 1, 0, 1, 0, 13 ]
[ -1, -21, 0, 0, -13, 1, 0, -2, 3 ]
[ 1, 8, 1, 1, 21, 0, 0, -2, 3 ]
[ 2, 5, 0, 1, 8, 1, 0, -2, 3 ]
[ 1, 2, 10, 2, 5, 0, 0, 0, 37 ]
[ 2, 3, 3, 1, 2, 10, 0, 0, 37 ]
[ 2, 3, 3, 2, 5, 0, 1, 2, 10 ]
[ 1, 1, -7, 2, 3, 3, 0, 0, 37 ]
[ -3, -2, 1, -1, -1, 7, 0, 0, 37 ]
[ 3, 2, -1, 2, 3, 3, -1, -1, 7 ]
[ 1, 1, -7, -3, -2, 1, 0, 0, 37 ]
[ -3, 0, -2, -3, -2, 1, -1, -1, 7 ]
[ 7, -1, 0, 1, 0, 13, 0, 0, 37 ]
[ 7, -1, 0, 3, 0, 2, 1, 0, 13 ]
[ -1, -21, 0, 0, -1, 20, 0, 0, 37 ]
[ -1, -21, 0, 0, -2, 3, 0, -1, 20 ]
[ 0, -1, 20, 1, 21, 0, 0, 0, 37 ]
[ 0, -2, 3, 1, 21, 0, 0, -1, 20 ]
[ -1, -8, -1, 0, -1, 20, 0, 0, 37 ]
[ -1, -8, -1, 0, -2, 3, 0, -1, 20 ]
[ 0, -1, 20, 1, 8, 1, 0, 0, 37 ]
[ 0, -2, 3, 1, 8, 1, 0, -1, 20 ]
[ -2, -5, 0, 1, 2, 10, 0, 0, 37 ]
[ -2, -5, 0, 0, -2, 3, 1, 2, 10 ]
[ -1, 0, -13, -1, -1, 7, 0, 0, 37 ]
[ -3, 0, -2, -1, -1, 7, 1, 0, 13 ]
[ -1, -2, -10, 0, -1, 20, 0, 0, 37 ]
[ -1, -2, -10, 0, -2, 3, 0, -1, 20 ]
[ 37, 0, 0, 10, 1, 0, -17, 0, 1 ]
[ 10, 1, 0, 3, 4, 0, 3, 2, 1 ]
[ 17, 0, -1, 10, 1, 0, 3, 0, 2 ]
[ 1, -11, 0, 0, 37, 0, 0, -2, 1 ]
[ 3, 4, 0, -1, 11, 0, 0, -2, 1 ]
[ 1, 1, -6, 3, 4, 0, 0, 0, 37 ]
[ -3, -2, -1, -1, -1, 6, 0, 0, 37 ]
[ 3, 2, 1, 3, 4, 0, -1, -1, 6 ]
[ 10, 1, 0, 3, 2, 1, 3, 0, 2 ]
[ 1, 0, 13, 10, 1, 0, 0, 0, 37 ]
[ 3, 0, 2, 10, 1, 0, 1, 0, 13 ]
[ -1, 11, 0, 0, -1, 19, 0, 0, 37 ]
[ -1, 11, 0, 0, -2, 1, 0, -1, 19 ]
[ 0, 1, -19, -1, 11, 0, 0, 0, 37 ]
[ 0, 2, -1, -1, 11, 0, 0, -1, 19 ]
[ 3, 4, 0, -1, -1, 6, 0, 0, 37 ]
[ -3, -4, 0, 0, -2, 1, -1, -1, 6 ]
[ 2, 1, 7, 3, 2, 1, 0, 0, 37 ]
[ 3, 0, 2, 3, 2, 1, 2, 1, 7 ]
[ -10, -1, 0, 1, 0, 13, 0, 0, 37 ]
[ -10, -1, 0, 3, 0, 2, 1, 0, 13 ]
[ -1, -1, 6, 0, -1, 19, 0, 0, 37 ]
[ -1, -1, 6, 0, -2, 1, 0, -1, 19 ]
[ 1, 0, 13, 2, 1, 7, 0, 0, 37 ]
[ 3, 0, 2, 2, 1, 7, 1, 0, 13 ]
[ 37, 0, 0, -10, 1, 0, -17, 0, 1 ]
[ 10, -1, 0, -3, 4, 0, 3, -2, 1 ]
[ 17, 0, -1, -10, 1, 0, 3, 0, 2 ]
[ 1, 11, 0, 0, 37, 0, 0, 2, 1 ]
[ 3, -4, 0, 1, 11, 0, 0, 2, 1 ]
[ 1, -1, -6, -3, 4, 0, 0, 0, 37 ]
[ 3, -2, 1, -1, 1, 6, 0, 0, 37 ]
[ 3, -2, 1, -3, 4, 0, -1, 1, 6 ]
[ -10, 1, 0, 3, -2, 1, 3, 0, 2 ]
[ 1, 0, 13, -10, 1, 0, 0, 0, 37 ]
[ 3, 0, 2, -10, 1, 0, 1, 0, 13 ]
[ 1, 11, 0, 0, 1, 19, 0, 0, 37 ]
[ 1, 11, 0, 0, 2, 1, 0, 1, 19 ]
[ 0, -1, -19, 1, 11, 0, 0, 0, 37 ]
[ 0, -2, -1, 1, 11, 0, 0, 1, 19 ]
[ -3, 4, 0, -1, 1, 6, 0, 0, 37 ]
[ 3, -4, 0, 0, 2, 1, -1, 1, 6 ]
[ -2, 1, -7, 3, -2, 1, 0, 0, 37 ]
[ -3, 0, -2, 3, -2, 1, 2, -1, 7 ]
[ 10, -1, 0, 1, 0, 13, 0, 0, 37 ]
[ 10, -1, 0, 3, 0, 2, 1, 0, 13 ]
[ 1, -1, -6, 0, 1, 19, 0, 0, 37 ]
[ 1, -1, -6, 0, 2, 1, 0, 1, 19 ]
[ -1, 0, -13, 2, -1, 7, 0, 0, 37 ]
[ -3, 0, -2, 2, -1, 7, 1, 0, 13 ]
[ 37, 0, 0, 7, 1, 0, -17, 0, 1 ]
[ 7, 1, 0, -2, 5, 0, -3, 2, 1 ]
[ 17, 0, -1, 7, 1, 0, 3, 0, 2 ]
[ 1, -21, 0, 0, 37, 0, 0, 13, 1 ]
[ 2, -5, 0, -1, 21, 0, 1, -8, 1 ]
[ 3, -2, -1, -2, 5, 0, 2, -3, 3 ]
[ 7, 1, 0, -3, 2, 1, 3, 0, 2 ]
[ 1, 0, 13, 7, 1, 0, 0, 0, 37 ]
[ 3, 0, 2, 7, 1, 0, 1, 0, 13 ]
[ 1, -21, 0, 0, 13, 1, 0, 2, 3 ]
[ 1, -8, 1, -1, 21, 0, 0, 2, 3 ]
[ -2, 5, 0, 1, -8, 1, 0, 2, 3 ]
[ 1, -2, 10, -2, 5, 0, 0, 0, 37 ]
[ -2, 3, -3, 1, -2, 10, 0, 0, 37 ]
[ 2, -3, 3, -2, 5, 0, 1, -2, 10 ]
[ -1, 1, 7, 2, -3, 3, 0, 0, 37 ]
[ 3, -2, -1, -1, 1, 7, 0, 0, 37 ]
[ -3, 2, 1, 2, -3, 3, -1, 1, 7 ]
[ -1, 1, 7, -3, 2, 1, 0, 0, 37 ]
[ 3, 0, 2, -3, 2, 1, -1, 1, 7 ]
[ -7, -1, 0, 1, 0, 13, 0, 0, 37 ]
[ -7, -1, 0, 3, 0, 2, 1, 0, 13 ]
[ 1, -21, 0, 0, 1, 20, 0, 0, 37 ]
[ 1, -21, 0, 0, 2, 3, 0, 1, 20 ]
[ 0, 1, 20, -1, 21, 0, 0, 0, 37 ]
[ 0, 2, 3, -1, 21, 0, 0, 1, 20 ]
[ 1, -8, 1, 0, 1, 20, 0, 0, 37 ]
[ 1, -8, 1, 0, 2, 3, 0, 1, 20 ]
[ 0, -1, -20, 1, -8, 1, 0, 0, 37 ]
[ 0, -2, -3, 1, -8, 1, 0, 1, 20 ]
[ 2, -5, 0, -1, 3, 10, 0, 0, 37 ]
[ 2, -5, 0, 0, 2, 3, -1, 3, 10 ]
[ 1, 0, 13, -1, 1, 7, 0, 0, 37 ]
[ 3, 0, 2, -1, 1, 7, 1, 0, 13 ]
[ 1, -3, -10, 0, 1, 20, 0, 0, 37 ]
[ 1, -3, -10, 0, 2, 3, 0, 1, 20 ]
[ 37, 0, 0, -13, 1, 0, -17, 0, 1 ]
[ 13, -1, 0, -2, 3, 0, -4, -1, 1 ]
[ 17, 0, -1, -13, 1, 0, 3, 0, 2 ]
[ 1, -20, 0, 0, 37, 0, 0, -7, 1 ]
[ 2, -3, 0, -1, 20, 0, 0, -7, 1 ]
[ 4, 1, -1, -2, 3, 0, -1, -1, 3 ]
[ -13, 1, 0, -4, -1, 1, 3, 0, 2 ]
[ 1, 0, 13, -13, 1, 0, 0, 0, 37 ]
[ 3, 0, 2, -13, 1, 0, 1, 0, 13 ]
[ -1, 20, 0, 0, -7, 1, 0, 2, 5 ]
[ 0, 7, -1, -1, 20, 0, 0, 2, 5 ]
[ -2, 3, 0, 0, -7, 1, -1, -1, 3 ]
[ 1, -1, -8, -2, 3, 0, 0, 0, 37 ]
[ 1, 1, -3, -2, 3, 0, -1, 1, 8 ]
[ -1, 0, -13, -1, -1, 3, 0, 0, 37 ]
[ -4, -1, 1, 1, 0, 13, 0, 0, 37 ]
[ -4, -1, 1, -1, -1, 3, 1, 0, 13 ]
[ -1, 0, -13, -4, -1, 1, 0, 0, 37 ]
[ -3, 0, -2, -4, -1, 1, 1, 0, 13 ]
[ 13, -1, 0, 1, 0, 13, 0, 0, 37 ]
[ 13, -1, 0, 3, 0, 2, 1, 0, 13 ]
[ 1, -20, 0, 0, 1, 21, 0, 0, 37 ]
[ 1, -20, 0, 0, 2, 5, 0, 1, 21 ]
[ 0, 1, 21, -1, 20, 0, 0, 0, 37 ]
[ 0, 2, 5, -1, 20, 0, 0, 1, 21 ]
[ -1, -1, 3, 0, -7, 1, 0, 2, 5 ]
[ -2, 3, 0, -1, 1, 8, 0, 0, 37 ]
[ -2, 3, 0, -1, -1, 3, -1, 1, 8 ]
[ 1, 0, -24, -1, 1, 8, 0, 0, 37 ]
[ 1, 1, -3, -1, 0, 24, 0, 0, 37 ]
[ 1, 1, -3, -1, 1, 8, -1, 0, 24 ]
[ 1, 1, -3, 0, 1, 21, 0, 0, 37 ]
[ 1, 1, -3, 0, 2, 5, 0, 1, 21 ]
[ -1, 0, 24, -1, -1, 3, 0, 0, 37 ]
[ -1, 1, 8, -1, 0, 24, 0, 0, 37 ]
[ -1, 1, 8, -1, -1, 3, -1, 0, 24 ]
[ 37, 0, 0, 4, 1, 0, -17, 0, 1 ]
[ 1, -9, 0, 0, 37, 0, 0, -5, 1 ]
[ 4, 1, 0, -1, 9, 0, -1, 4, 1 ]
[ 17, 0, -1, 4, 1, 0, 3, 0, 2 ]
[ -1, 9, 0, 0, -5, 1, 0, 2, 7 ]
[ 1, -4, -1, -1, 9, 0, 0, 2, 7 ]
[ 4, 1, 0, -1, 4, 1, -1, -1, 2 ]
[ 1, 0, 13, 4, 1, 0, 0, 0, 37 ]
[ 3, 0, 2, 4, 1, 0, 1, 0, 13 ]
[ 1, -9, 0, 0, 1, 22, 0, 0, 37 ]
[ 1, -9, 0, 0, 2, 7, 0, 1, 22 ]
[ 0, 1, 22, -1, 9, 0, 0, 0, 37 ]
[ 0, 2, 7, -1, 9, 0, 0, 1, 22 ]
[ 1, -4, -1, 0, 1, 22, 0, 0, 37 ]
[ 1, -4, -1, 0, 2, 7, 0, 1, 22 ]
[ 1, 1, -2, -1, 4, 1, 0, 2, 7 ]
[ -1, 0, -13, -1, -1, 2, 0, 0, 37 ]
[ -4, -1, 0, 1, 0, 13, 0, 0, 37 ]
[ -4, -1, 0, -1, -1, 2, 1, 0, 13 ]
[ 0, 1, 22, -1, 4, 1, 0, 0, 37 ]
[ 0, 2, 7, -1, 4, 1, 0, 1, 22 ]
[ 1, 1, -2, 0, 1, 22, 0, 0, 37 ]
[ 1, 1, -2, 0, 2, 7, 0, 1, 22 ]
[ 37, 0, 0, -16, 1, 0, -17, 0, 1 ]
[ 16, -1, 0, 5, 2, 0, -1, -1, 1 ]
[ 17, 0, -1, -16, 1, 0, 3, 0, 2 ]
[ 1, -7, 0, 0, 37, 0, 0, -8, 1 ]
[ 5, 2, 0, -1, 7, 0, -1, -1, 1 ]
[ -2, -1, -12, 5, 2, 0, 0, 0, 37 ]
[ -1, -1, 1, 2, 1, 12, 0, 0, 37 ]
[ -1, -1, 1, 5, 2, 0, 2, 1, 12 ]
[ -16, 1, 0, -1, -1, 1, 3, 0, 2 ]
[ 1, 0, 13, -16, 1, 0, 0, 0, 37 ]
[ 3, 0, 2, -16, 1, 0, 1, 0, 13 ]
[ -1, 7, 0, 0, -8, 1, 0, -3, 5 ]
[ 1, 1, -1, -1, 7, 0, 0, -3, 5 ]
[ -2, -1, -12, -1, -1, 1, 0, 0, 37 ]
[ 5, 2, 0, 2, 1, 12, 0, 0, 37 ]
[ -5, -2, 0, -1, -1, 1, 2, 1, 12 ]
[ -1, 0, -13, -1, -1, 1, 0, 0, 37 ]
[ -3, 0, -2, -1, -1, 1, 1, 0, 13 ]
[ 16, -1, 0, 1, 0, 13, 0, 0, 37 ]
[ 16, -1, 0, 3, 0, 2, 1, 0, 13 ]
[ -1, 7, 0, 0, -1, 14, 0, 0, 37 ]
[ -1, 7, 0, 0, -3, 5, 0, -1, 14 ]
[ 0, 1, -14, -1, 7, 0, 0, 0, 37 ]
[ 0, 3, -5, -1, 7, 0, 0, -1, 14 ]
[ -1, -1, 1, 0, -1, 14, 0, 0, 37 ]
[ -1, -1, 1, 0, -3, 5, 0, -1, 14 ]
[ 1, 1, 0, 0, 37, 0, 0, 17, 1 ]
[ 37, 0, 0, 1, 1, 0, -17, 0, 1 ]
[ 1, 1, 0, 0, 17, 1, 0, -3, 2 ]
[ 17, 0, -1, 1, 1, 0, 3, 0, 2 ]
[ -1, -1, 0, 0, -1, 13, 0, 0, 37 ]
[ -1, -1, 0, 0, -3, 2, 0, -1, 13 ]
[ 1, 0, 13, 1, 1, 0, 0, 0, 37 ]
[ 3, 0, 2, 1, 1, 0, 1, 0, 13 ]
[ 37, 0, 0, 18, 1, 0, -17, 0, 1 ]
[ 1, -2, 0, 0, 37, 0, 0, 3, 1 ]
[ 18, 1, 0, -1, 2, 0, 1, 1, 1 ]
[ 17, 0, -1, 18, 1, 0, 3, 0, 2 ]
[ -1, 2, 0, 0, -1, 12, 0, 0, 37 ]
[ 1, -2, 0, 0, 3, 1, 0, -1, 12 ]
[ 0, 1, -12, -1, 2, 0, 0, 0, 37 ]
[ -1, -1, -1, 0, -1, 12, 0, 0, 37 ]
[ 1, 1, 1, -1, 2, 0, 0, -1, 12 ]
[ 18, 1, 0, 1, 1, 1, 3, 0, 2 ]
[ 1, 0, 13, 18, 1, 0, 0, 0, 37 ]
[ 3, 0, 2, 18, 1, 0, 1, 0, 13 ]
[ 1, 0, 13, 1, 1, 1, 0, 0, 37 ]
[ 3, 0, 2, 1, 1, 1, 1, 0, 13 ]
[ -18, -1, 0, 1, 0, 13, 0, 0, 37 ]
[ -18, -1, 0, 3, 0, 2, 1, 0, 13 ]
[ 37, 0, 0, -2, 1, 0, -17, 0, 1 ]
[ 1, -19, 0, 0, 37, 0, 0, 10, 1 ]
[ 2, -1, 0, -1, 19, 0, 1, -9, 1 ]
[ 17, 0, -1, -2, 1, 0, 3, 0, 2 ]
[ 1, -19, 0, 0, 10, 1, 0, 3, 4 ]
[ 1, -9, 1, -1, 19, 0, 0, 3, 4 ]
[ -2, 1, 0, 1, -9, 1, -1, 2, 2 ]
[ 1, 0, 13, -2, 1, 0, 0, 0, 37 ]
[ 3, 0, 2, -2, 1, 0, 1, 0, 13 ]
[ -1, 19, 0, 0, -1, 11, 0, 0, 37 ]
[ 1, -19, 0, 0, 3, 4, 0, -1, 11 ]
[ 0, 1, -11, -1, 19, 0, 0, 0, 37 ]
[ 0, 3, 4, -1, 19, 0, 0, -1, 11 ]
[ -1, 9, -1, 0, -1, 11, 0, 0, 37 ]
[ 1, -9, 1, 0, 3, 4, 0, -1, 11 ]
[ -1, 2, 2, 1, -9, 1, 0, 3, 4 ]
[ 1, -1, -13, -1, 2, 2, 0, 0, 37 ]
[ 2, -1, 0, -1, 1, 13, 0, 0, 37 ]
[ 2, -1, 0, -1, 2, 2, -1, 1, 13 ]
[ 0, -1, 11, 1, -9, 1, 0, 0, 37 ]
[ 0, -3, -4, 1, -9, 1, 0, -1, 11 ]
[ -1, 2, 2, 0, -1, 11, 0, 0, 37 ]
[ 1, -2, -2, 0, 3, 4, 0, -1, 11 ]
[ 37, 0, 0, 15, 1, 0, -17, 0, 1 ]
[ 15, 1, 0, -7, 2, 0, -2, 1, 1 ]
[ 17, 0, -1, 15, 1, 0, 3, 0, 2 ]
[ 1, 5, 0, 0, 37, 0, 0, 11, 1 ]
[ 7, -2, 0, 1, 5, 0, -2, 1, 1 ]
[ -3, 1, -12, -7, 2, 0, 0, 0, 37 ]
[ 2, -1, -1, 3, -1, 12, 0, 0, 37 ]
[ -2, 1, 1, -7, 2, 0, 3, -1, 12 ]
[ 15, 1, 0, -2, 1, 1, 3, 0, 2 ]
[ 1, 0, 13, 15, 1, 0, 0, 0, 37 ]
[ 3, 0, 2, 15, 1, 0, 1, 0, 13 ]
[ 1, 5, 0, 0, 11, 1, 0, -4, 3 ]
[ 2, -1, -1, 1, 5, 0, 1, 1, 3 ]
[ 3, -1, 12, -2, 1, 1, 0, 0, 37 ]
[ -7, 2, 0, 3, -1, 12, 0, 0, 37 ]
[ 7, -2, 0, -2, 1, 1, 3, -1, 12 ]
[ 1, 0, 13, -2, 1, 1, 0, 0, 37 ]
[ 3, 0, 2, -2, 1, 1, 1, 0, 13 ]
[ -15, -1, 0, 1, 0, 13, 0, 0, 37 ]
[ -15, -1, 0, 3, 0, 2, 1, 0, 13 ]
[ -1, -5, 0, 0, -1, 10, 0, 0, 37 ]
[ -1, -5, 0, 0, -4, 3, 0, -1, 10 ]
[ 0, -1, 10, 1, 5, 0, 0, 0, 37 ]
[ -1, -1, -3, 0, -1, 10, 0, 0, 37 ]
[ 1, 1, 3, 1, 5, 0, 0, -1, 10 ]
[ 1, 0, 13, 1, 1, 3, 0, 0, 37 ]
[ 2, -1, -1, 1, 0, 13, 0, 0, 37 ]
[ 2, -1, -1, 1, 1, 3, 1, 0, 13 ]
[ 37, 0, 0, -5, 1, 0, -17, 0, 1 ]
[ 5, -1, 0, 2, 7, 0, -2, -3, 1 ]
[ 17, 0, -1, -5, 1, 0, 3, 0, 2 ]
[ 1, 22, 0, 0, 37, 0, 0, 4, 1 ]
[ 2, 7, 0, 1, 22, 0, 0, 4, 1 ]
[ -2, -3, 1, -1, -2, 5, 0, 0, 37 ]
[ 2, 3, -1, 2, 7, 0, -1, -2, 5 ]
[ -5, 1, 0, -2, -3, 1, -2, 1, 2 ]
[ 1, 0, 13, -5, 1, 0, 0, 0, 37 ]
[ 3, 0, 2, -5, 1, 0, 1, 0, 13 ]
[ -1, -22, 0, 0, -1, 9, 0, 0, 37 ]
[ 1, 22, 0, 0, 4, 1, 0, -1, 9 ]
[ 0, -1, 9, 1, 22, 0, 0, 0, 37 ]
[ 0, -4, -1, 1, 22, 0, 0, -1, 9 ]
[ 2, 7, 0, 0, 4, 1, 1, 5, 5 ]
[ 1, 3, -14, 2, 7, 0, 0, 0, 37 ]
[ -1, -2, 5, -1, -3, 14, 0, 0, 37 ]
[ 1, 2, -5, 2, 7, 0, -1, -3, 14 ]
[ -1, -1, -4, -2, -3, 1, 0, 0, 37 ]
[ -2, 1, 2, -2, -3, 1, 1, 1, 4 ]
[ 1, 0, 13, -2, 1, 2, 0, 0, 37 ]
[ 5, -1, 0, 1, 0, 13, 0, 0, 37 ]
[ 5, -1, 0, -2, 1, 2, 1, 0, 13 ]
[ -1, -5, -5, 0, -1, 9, 0, 0, 37 ]
[ 1, 5, 5, 0, 4, 1, 0, -1, 9 ]
[ 1, 4, 14, 1, 5, 5, 0, 0, 37 ]
[ 2, 7, 0, 1, 4, 14, 0, 0, 37 ]
[ 2, 7, 0, 1, 5, 5, 1, 4, 14 ]
[ 1, 0, 13, 1, 1, 4, 0, 0, 37 ]
[ 2, -1, -2, 1, 0, 13, 0, 0, 37 ]
[ 2, -1, -2, 1, 1, 4, 1, 0, 13 ]
[ 37, 0, 0, 12, 1, 0, -17, 0, 1 ]
[ 1, -3, 0, 0, 37, 0, 0, -14, 1 ]
[ 12, 1, 0, -1, 3, 0, -5, 1, 1 ]
[ 17, 0, -1, 12, 1, 0, 3, 0, 2 ]
[ -1, 3, 0, 0, -14, 1, 0, -5, 3 ]
[ 5, -1, -1, -1, 3, 0, -2, 1, 3 ]
[ 12, 1, 0, -5, 1, 1, 3, 0, 2 ]
[ 1, 0, 13, 12, 1, 0, 0, 0, 37 ]
[ 3, 0, 2, 12, 1, 0, 1, 0, 13 ]
[ -1, 3, 0, 0, -1, 8, 0, 0, 37 ]
[ -1, 3, 0, 0, -5, 3, 0, -1, 8 ]
[ 0, 1, -8, -1, 3, 0, 0, 0, 37 ]
[ 2, -1, -3, -1, 3, 0, 0, -1, 8 ]
[ 1, 0, 13, -2, 1, 3, 0, 0, 37 ]
[ 5, -1, -1, 1, 0, 13, 0, 0, 37 ]
[ 5, -1, -1, -2, 1, 3, 1, 0, 13 ]
[ 1, 0, 13, -5, 1, 1, 0, 0, 37 ]
[ 3, 0, 2, -5, 1, 1, 1, 0, 13 ]
[ -12, -1, 0, 1, 0, 13, 0, 0, 37 ]
[ -12, -1, 0, 3, 0, 2, 1, 0, 13 ]
[ -1, 0, 24, 0, -1, 8, 0, 0, 37 ]
[ -2, 1, 3, -1, 0, 24, 0, 0, 37 ]
[ -2, 1, 3, 0, -1, 8, -1, 0, 24 ]
[ 37, 0, 0, -8, 1, 0, -17, 0, 1 ]
[ 8, -1, 0, -3, 5, 0, -1, -2, 1 ]
[ 17, 0, -1, -8, 1, 0, 3, 0, 2 ]
[ 1, -14, 0, 0, 37, 0, 0, -16, 1 ]
[ 3, -5, 0, -1, 14, 0, -1, -2, 1 ]
[ 1, 2, -1, -3, 5, 0, -1, 3, 3 ]
[ -8, 1, 0, -1, -2, 1, 3, 0, 2 ]
[ 1, 0, 13, -8, 1, 0, 0, 0, 37 ]
[ 3, 0, 2, -8, 1, 0, 1, 0, 13 ]
[ -1, 14, 0, 0, -16, 1, 0, 5, 2 ]
[ 1, 2, -1, -1, 14, 0, 0, 5, 2 ]
[ -3, 5, 0, -1, -2, 1, -1, 3, 3 ]
[ -1, 2, 10, -3, 5, 0, 0, 0, 37 ]
[ -1, 3, 3, -1, 2, 10, 0, 0, 37 ]
[ -1, 3, 3, -3, 5, 0, -1, 2, 10 ]
[ 0, 1, -7, -1, 3, 3, 0, 0, 37 ]
[ -1, -2, 1, 0, -1, 7, 0, 0, 37 ]
[ 1, 2, -1, -1, 3, 3, 0, -1, 7 ]
[ 0, 1, -7, -1, -2, 1, 0, 0, 37 ]
[ -3, 0, -2, -1, -2, 1, 0, -1, 7 ]
[ 8, -1, 0, 1, 0, 13, 0, 0, 37 ]
[ 8, -1, 0, 3, 0, 2, 1, 0, 13 ]
[ -1, 14, 0, 0, -1, 7, 0, 0, 37 ]
[ 1, -14, 0, 0, 5, 2, 0, -1, 7 ]
[ 0, 1, -7, -1, 14, 0, 0, 0, 37 ]
[ 0, 5, 2, -1, 14, 0, 0, -1, 7 ]
[ 1, 2, -1, 0, 5, 2, 0, -1, 7 ]
[ -1, 3, 3, 0, -1, 7, 0, 0, 37 ]
[ -1, 3, 3, -1, -2, 1, 0, -1, 7 ]
[ 1, -2, -10, -1, 3, 3, 0, 0, 37 ]
[ 3, -5, 0, -1, 2, 10, 0, 0, 37 ]
[ 3, -5, 0, -1, 3, 3, -1, 2, 10 ]
[ -1, -2, 1, 0, -1, 7, 0, 0, 37 ]
[ 0, 1, -7, -1, -2, 1, 0, 0, 37 ]
[ -1, 0, -13, 0, -1, 7, 0, 0, 37 ]
[ -3, 0, -2, 0, -1, 7, 1, 0, 13 ]
[ 37, 0, 0, 9, 1, 0, -17, 0, 1 ]
[ 1, -4, 0, 0, 37, 0, 0, 6, 1 ]
[ 9, 1, 0, -1, 4, 0, 1, 2, 1 ]
[ 17, 0, -1, 9, 1, 0, 3, 0, 2 ]
[ -1, 4, 0, 0, -1, 6, 0, 0, 37 ]
[ 1, -4, 0, 0, 6, 1, 0, -1, 6 ]
[ 0, 1, -6, -1, 4, 0, 0, 0, 37 ]
[ -1, -2, -1, 0, -1, 6, 0, 0, 37 ]
[ 1, 2, 1, -1, 4, 0, 0, -1, 6 ]
[ 9, 1, 0, 1, 2, 1, 3, 0, 2 ]
[ 1, 0, 13, 9, 1, 0, 0, 0, 37 ]
[ 3, 0, 2, 9, 1, 0, 1, 0, 13 ]
[ 1, 1, 7, 1, 2, 1, 0, 0, 37 ]
[ 3, 0, 2, 1, 2, 1, 1, 1, 7 ]
[ -9, -1, 0, 1, 0, 13, 0, 0, 37 ]
[ -9, -1, 0, 3, 0, 2, 1, 0, 13 ]
[ 1, 0, 13, 1, 1, 7, 0, 0, 37 ]
[ 3, 0, 2, 1, 1, 7, 1, 0, 13 ]
[ 37, 0, 0, -11, 1, 0, -17, 0, 1 ]
[ 11, -1, 0, 4, 3, 0, -6, -1, 1 ]
[ 17, 0, -1, -11, 1, 0, 3, 0, 2 ]
[ 1, 10, 0, 0, 37, 0, 0, -15, 1 ]
[ 4, 3, 0, 1, 10, 0, 2, 5, 1 ]
[ 6, 1, -1, 4, 3, 0, -3, -1, 3 ]
[ -11, 1, 0, -6, -1, 1, 3, 0, 2 ]
[ 1, 0, 13, -11, 1, 0, 0, 0, 37 ]
[ 3, 0, 2, -11, 1, 0, 1, 0, 13 ]
[ -1, -10, 0, 0, -15, 1, 0, 7, 2 ]
[ -2, -5, -1, -1, -3, 2, 0, 0, 37 ]
[ 2, 5, 1, 1, 10, 0, -1, -3, 2 ]
[ 1, 2, 3, 2, 5, 1, 0, 0, 37 ]
[ 4, 3, 0, 2, 5, 1, 1, 2, 3 ]
[ -1, -1, -8, 4, 3, 0, 0, 0, 37 ]
[ 3, 1, -3, 4, 3, 0, 1, 1, 8 ]
[ -1, 0, -13, -3, -1, 3, 0, 0, 37 ]
[ -6, -1, 1, 1, 0, 13, 0, 0, 37 ]
[ -6, -1, 1, -3, -1, 3, 1, 0, 13 ]
[ -1, 0, -13, -6, -1, 1, 0, 0, 37 ]
[ -3, 0, -2, -6, -1, 1, 1, 0, 13 ]
[ 11, -1, 0, 1, 0, 13, 0, 0, 37 ]
[ 11, -1, 0, 3, 0, 2, 1, 0, 13 ]
[ -1, -10, 0, 0, -1, 5, 0, 0, 37 ]
[ 1, 10, 0, 0, 7, 2, 0, -1, 5 ]
[ 0, -1, 5, 1, 10, 0, 0, 0, 37 ]
[ -1, -3, 2, 0, -1, 5, 0, 0, 37 ]
[ 1, 3, -2, 1, 10, 0, 0, -1, 5 ]
[ 1, 1, 8, 1, 2, 3, 0, 0, 37 ]
[ 4, 3, 0, 1, 1, 8, 0, 0, 37 ]
[ 4, 3, 0, 1, 2, 3, 1, 1, 8 ]
[ 1, 0, -24, 1, 1, 8, 0, 0, 37 ]
[ 3, 1, -3, -1, 0, 24, 0, 0, 37 ]
[ 3, 1, -3, 1, 1, 8, -1, 0, 24 ]
[ 37, 0, 0, 6, 1, 0, -17, 0, 1 ]
[ 1, -6, 0, 0, 37, 0, 0, 9, 1 ]
[ 6, 1, 0, -1, 6, 0, 1, 3, 1 ]
[ 17, 0, -1, 6, 1, 0, 3, 0, 2 ]
[ -1, 6, 0, 0, -1, 4, 0, 0, 37 ]
[ 1, -6, 0, 0, 9, 1, 0, -1, 4 ]
[ 0, 1, -4, -1, 6, 0, 0, 0, 37 ]
[ -1, -3, -1, 0, -1, 4, 0, 0, 37 ]
[ 1, 3, 1, -1, 6, 0, 0, -1, 4 ]
[ 6, 1, 0, 1, 3, 1, -3, -1, 2 ]
[ 1, 0, 13, 6, 1, 0, 0, 0, 37 ]
[ 3, 0, 2, 6, 1, 0, 1, 0, 13 ]
[ 0, -1, 4, 1, 3, 1, 0, 0, 37 ]
[ 3, 1, -2, 1, 3, 1, 0, -1, 4 ]
[ -1, 0, -13, -3, -1, 2, 0, 0, 37 ]
[ -6, -1, 0, 1, 0, 13, 0, 0, 37 ]
[ -6, -1, 0, -3, -1, 2, 1, 0, 13 ]
[ -1, 0, -13, 0, -1, 4, 0, 0, 37 ]
[ -3, -1, 2, 1, 0, 13, 0, 0, 37 ]
[ -3, -1, 2, 0, -1, 4, 1, 0, 13 ]
[ 37, 0, 0, -14, 1, 0, -17, 0, 1 ]
[ 14, -1, 0, -5, 3, 0, -3, -1, 1 ]
[ 17, 0, -1, -14, 1, 0, 3, 0, 2 ]
[ 1, -8, 0, 0, 37, 0, 0, 12, 1 ]
[ 5, -3, 0, -1, 8, 0, 2, -4, 1 ]
[ 3, 1, -1, -5, 3, 0, 0, -1, 3 ]
[ -14, 1, 0, -3, -1, 1, 3, 0, 2 ]
[ 1, 0, 13, -14, 1, 0, 0, 0, 37 ]
[ 3, 0, 2, -14, 1, 0, 1, 0, 13 ]
[ -1, 8, 0, 0, -1, 3, 0, 0, 37 ]
[ 1, -8, 0, 0, 12, 1, 0, -1, 3 ]
[ 0, 1, -3, -1, 8, 0, 0, 0, 37 ]
[ 2, -4, 1, -1, 8, 0, 0, -1, 3 ]
[ -5, 3, 0, 2, -4, 1, 0, -1, 3 ]
[ 2, -1, -8, -5, 3, 0, 0, 0, 37 ]
[ 0, 1, -3, -5, 3, 0, -2, 1, 8 ]
[ -1, 0, -13, 0, -1, 3, 0, 0, 37 ]
[ -3, -1, 1, 1, 0, 13, 0, 0, 37 ]
[ -3, -1, 1, 0, -1, 3, 1, 0, 13 ]
[ -1, 0, -13, -3, -1, 1, 0, 0, 37 ]
[ -3, 0, -2, -3, -1, 1, 1, 0, 13 ]
[ 14, -1, 0, 1, 0, 13, 0, 0, 37 ]
[ 14, -1, 0, 3, 0, 2, 1, 0, 13 ]
[ -1, 2, -19, 0, -1, 3, 0, 0, 37 ]
[ -2, 4, -1, 0, -1, 3, 1, -2, 19 ]
[ 0, -1, 3, 1, -2, 19, 0, 0, 37 ]
[ 0, -1, 3, 2, -4, 1, 1, -2, 19 ]
[ -5, 3, 0, -2, 1, 8, 0, 0, 37 ]
[ -5, 3, 0, 0, -1, 3, -2, 1, 8 ]
[ 1, 0, -24, -2, 1, 8, 0, 0, 37 ]
[ 0, 1, -3, -1, 0, 24, 0, 0, 37 ]
[ 0, 1, -3, -2, 1, 8, -1, 0, 24 ]
[ -1, 0, 24, 0, -1, 3, 0, 0, 37 ]
[ -2, 1, 8, -1, 0, 24, 0, 0, 37 ]
[ -2, 1, 8, 0, -1, 3, -1, 0, 24 ]
[ 37, 0, 0, 3, 1, 0, -17, 0, 1 ]
[ 1, -12, 0, 0, 37, 0, 0, 18, 1 ]
[ 3, 1, 0, -1, 12, 0, 1, 6, 1 ]
[ 17, 0, -1, 3, 1, 0, 3, 0, 2 ]
[ -1, 12, 0, 0, -1, 2, 0, 0, 37 ]
[ 1, -12, 0, 0, 18, 1, 0, -1, 2 ]
[ 0, 1, -2, -1, 12, 0, 0, 0, 37 ]
[ -1, -6, -1, 0, -1, 2, 0, 0, 37 ]
[ 1, 6, 1, -1, 12, 0, 0, -1, 2 ]
[ 0, -1, 2, 1, 6, 1, 0, 0, 37 ]
[ 3, 1, 0, 1, 6, 1, 0, -1, 2 ]
[ 1, 0, 13, 3, 1, 0, 0, 0, 37 ]
[ 3, 0, 2, 3, 1, 0, 1, 0, 13 ]
[ -1, 0, -13, 0, -1, 2, 0, 0, 37 ]
[ -3, -1, 0, 1, 0, 13, 0, 0, 37 ]
[ -3, -1, 0, 0, -1, 2, 1, 0, 13 ]
[ 37, 0, 0, -17, 1, 0, -17, 0, 1 ]
[ 17, -1, 0, 3, 2, 0, 0, -1, 1 ]
[ 17, 0, -1, -17, 1, 0, 3, 0, 2 ]
[ -1, -13, 0, 0, -1, 1, 0, 0, 37 ]
[ 1, 13, 0, 0, 37, 0, 0, -1, 1 ]
[ 0, -1, 1, 1, 13, 0, 0, 0, 37 ]
[ 3, 2, 0, 1, 13, 0, 0, -1, 1 ]
[ -1, -1, -12, 3, 2, 0, 0, 0, 37 ]
[ 0, -1, 1, 1, 1, 12, 0, 0, 37 ]
[ 0, -1, 1, 3, 2, 0, 1, 1, 12 ]
[ -17, 1, 0, 0, -1, 1, 3, 0, 2 ]
[ 1, 0, 13, -17, 1, 0, 0, 0, 37 ]
[ 3, 0, 2, -17, 1, 0, 1, 0, 13 ]
[ -1, -1, -12, 0, -1, 1, 0, 0, 37 ]
[ 3, 2, 0, 1, 1, 12, 0, 0, 37 ]
[ -3, -2, 0, 0, -1, 1, 1, 1, 12 ]
[ -1, 0, -13, 0, -1, 1, 0, 0, 37 ]
[ -3, 0, -2, 0, -1, 1, 1, 0, 13 ]
[ 17, -1, 0, 1, 0, 13, 0, 0, 37 ]
[ 17, -1, 0, 3, 0, 2, 1, 0, 13 ]
[ 37, 0, 0, 0, 1, 0, 8, 0, 1 ]
[ 8, 0, 1, 0, 1, 0, 3, 0, 5 ]
[ 1, 0, 14, 0, 1, 0, 0, 0, 37 ]
[ 3, 0, 5, 0, 1, 0, 1, 0, 14 ]
[ 37, 0, 0, -8, 1, 0, 8, 0, 1 ]
[ 8, -1, 0, -3, 5, 0, 0, 1, 1 ]
[ 8, 0, 1, -8, 1, 0, 3, 0, 5 ]
[ 1, -14, 0, 0, 1, 1, 0, 0, 37 ]
[ 1, -14, 0, 0, 37, 0, 0, 1, 1 ]
[ 0, 1, 1, -1, 14, 0, 0, 0, 37 ]
[ 3, -5, 0, -1, 14, 0, 0, 1, 1 ]
[ -1, 2, -12, -3, 5, 0, 0, 0, 37 ]
[ 0, -1, -1, 1, -2, 12, 0, 0, 37 ]
[ 0, 1, 1, -3, 5, 0, 1, -2, 12 ]
[ 8, -1, 0, 0, 1, 1, 3, 0, 5 ]
[ 1, 0, 14, -8, 1, 0, 0, 0, 37 ]
[ 3, 0, 5, -8, 1, 0, 1, 0, 14 ]
[ 1, -2, 12, 0, 1, 1, 0, 0, 37 ]
[ -3, 5, 0, 1, -2, 12, 0, 0, 37 ]
[ 3, -5, 0, 0, 1, 1, 1, -2, 12 ]
[ 1, 0, 14, 0, 1, 1, 0, 0, 37 ]
[ 3, 0, 5, 0, 1, 1, 1, 0, 14 ]
[ 8, -1, 0, 1, 0, 14, 0, 0, 37 ]
[ 8, -1, 0, 3, 0, 5, 1, 0, 14 ]
[ 37, 0, 0, -16, 1, 0, 8, 0, 1 ]
[ 16, -1, 0, 5, 2, 0, 8, 0, 1 ]
[ 8, 0, 1, -16, 1, 0, 3, 0, 5 ]
[ 1, -7, 0, 0, 37, 0, 0, -18, 1 ]
[ 5, 2, 0, -1, 7, 0, -2, -4, 1 ]
[ 8, 0, 1, 5, 2, 0, 0, 1, 2 ]
[ 16, -1, 0, 8, 0, 1, 3, 0, 5 ]
[ 1, 0, 14, -16, 1, 0, 0, 0, 37 ]
[ 3, 0, 5, -16, 1, 0, 1, 0, 14 ]
[ 1, -7, 0, 0, 1, 2, 0, 0, 37 ]
[ -1, 7, 0, 0, -18, 1, 0, 1, 2 ]
[ 0, 1, 2, -1, 7, 0, 0, 0, 37 ]
[ 2, 4, -1, -1, 7, 0, 0, 1, 2 ]
[ -5, -2, 0, -2, -4, 1, 0, 1, 2 ]
[ -2, -1, 7, 5, 2, 0, 0, 0, 37 ]
[ 0, -1, -2, 5, 2, 0, -2, -1, 7 ]
[ 8, 0, 1, 0, 1, 2, 3, 0, 5 ]
[ 16, -1, 0, 1, 0, 14, 0, 0, 37 ]
[ 16, -1, 0, 3, 0, 5, 1, 0, 14 ]
[ 1, 2, -19, 0, 1, 2, 0, 0, 37 ]
[ 2, 4, -1, 0, 1, 2, -1, -2, 19 ]
[ 0, 1, 2, -1, -2, 19, 0, 0, 37 ]
[ 0, 1, 2, -2, -4, 1, -1, -2, 19 ]
[ -5, -2, 0, -2, -1, 7, 0, 0, 37 ]
[ 5, 2, 0, 0, 1, 2, -2, -1, 7 ]
[ -1, 0, 23, -2, -1, 7, 0, 0, 37 ]
[ 0, 1, 2, -1, 0, 23, 0, 0, 37 ]
[ 0, 1, 2, -2, -1, 7, -1, 0, 23 ]
[ 1, 0, 14, 0, 1, 2, 0, 0, 37 ]
[ 3, 0, 5, 0, 1, 2, 1, 0, 14 ]
[ 1, 0, -23, 0, 1, 2, 0, 0, 37 ]
[ 2, 1, -7, -1, 0, 23, 0, 0, 37 ]
[ 2, 1, -7, 0, 1, 2, -1, 0, 23 ]
[ 37, 0, 0, 13, 1, 0, 8, 0, 1 ]
[ 13, 1, 0, 2, 3, 0, -5, -1, 1 ]
[ 8, 0, 1, 13, 1, 0, 3, 0, 5 ]
[ 1, 20, 0, 0, 37, 0, 0, -12, 1 ]
[ 2, 3, 0, 1, 20, 0, 1, 8, 1 ]
[ 5, 1, -1, 2, 3, 0, 0, 1, 3 ]
[ -13, -1, 0, -5, -1, 1, 3, 0, 5 ]
[ 1, 0, 14, 13, 1, 0, 0, 0, 37 ]
[ 3, 0, 5, 13, 1, 0, 1, 0, 14 ]
[ 1, 20, 0, 0, 1, 3, 0, 0, 37 ]
[ -1, -20, 0, 0, -12, 1, 0, 1, 3 ]
[ 0, -1, -3, 1, 20, 0, 0, 0, 37 ]
[ 1, 8, 1, 0, 1, 3, 0, 0, 37 ]
[ 1, 8, 1, 1, 20, 0, 0, 1, 3 ]
[ 0, -1, -3, 1, 8, 1, 0, 0, 37 ]
[ 2, 3, 0, 1, 8, 1, 0, 1, 3 ]
[ -1, -2, -20, 2, 3, 0, 0, 0, 37 ]
[ 0, -1, -3, 1, 2, 20, 0, 0, 37 ]
[ 0, -1, -3, 2, 3, 0, 1, 2, 20 ]
[ 5, 1, -1, 0, 1, 3, -2, 0, 9 ]
[ -1, 0, -14, -5, -1, 1, 0, 0, 37 ]
[ -3, 0, -5, -5, -1, 1, 1, 0, 14 ]
[ -13, -1, 0, 1, 0, 14, 0, 0, 37 ]
[ -13, -1, 0, 3, 0, 5, 1, 0, 14 ]
[ 1, 2, 20, 0, 1, 3, 0, 0, 37 ]
[ 2, 3, 0, 1, 2, 20, 0, 0, 37 ]
[ 2, 3, 0, 0, 1, 3, 1, 2, 20 ]
[ 1, 0, -23, 0, 1, 3, 0, 0, 37 ]
[ 2, 0, -9, 0, 1, 3, -1, 0, 23 ]
[ 5, 1, -1, -1, 0, 23, 0, 0, 37 ]
[ 5, 1, -1, -2, 0, 9, -1, 0, 23 ]
[ 37, 0, 0, 5, 1, 0, 8, 0, 1 ]
[ 5, 1, 0, -2, 7, 0, -2, -2, 1 ]
[ 8, 0, 1, 5, 1, 0, 3, 0, 5 ]
[ 1, -22, 0, 0, 37, 0, 0, -9, 1 ]
[ 2, -7, 0, -1, 22, 0, 0, -9, 1 ]
[ 1, -3, 2, -2, 7, 0, 0, 0, 37 ]
[ 2, 2, -1, -2, 7, 0, 1, -3, 2 ]
[ -5, -1, 0, -2, -2, 1, -2, -1, 5 ]
[ 1, 0, 14, 5, 1, 0, 0, 0, 37 ]
[ 3, 0, 5, 5, 1, 0, 1, 0, 14 ]
[ 1, -22, 0, 0, 1, 4, 0, 0, 37 ]
[ -1, 22, 0, 0, -9, 1, 0, 1, 4 ]
[ 0, 1, 4, -1, 22, 0, 0, 0, 37 ]
[ 0, 9, -1, -1, 22, 0, 0, 1, 4 ]
[ 2, -7, 0, -1, 4, 2, 0, 0, 37 ]
[ -2, 7, 0, 0, -9, 1, -1, 4, 2 ]
[ 0, -1, -4, 1, -3, 2, 0, 0, 37 ]
[ -2, -2, 1, 1, -3, 2, 0, 1, 4 ]
[ -2, -1, 5, -1, -1, 19, 0, 0, 37 ]
[ -2, -1, 5, -2, -2, 1, -1, -1, 19 ]
[ -1, 0, -14, -2, -1, 5, 0, 0, 37 ]
[ -5, -1, 0, 1, 0, 14, 0, 0, 37 ]
[ -5, -1, 0, -2, -1, 5, 1, 0, 14 ]
[ 1, -4, -2, 0, 1, 4, 0, 0, 37 ]
[ -1, 4, 2, 0, -9, 1, 0, 1, 4 ]
[ 1, 1, -19, 0, 1, 4, 0, 0, 37 ]
[ 2, 2, -1, 0, 1, 4, -1, -1, 19 ]
[ 37, 0, 0, -3, 1, 0, 8, 0, 1 ]
[ 1, 12, 0, 0, 37, 0, 0, 15, 1 ]
[ 3, -1, 0, 1, 12, 0, -1, 3, 1 ]
[ 8, 0, 1, -3, 1, 0, 3, 0, 5 ]
[ 1, 12, 0, 0, 15, 1, 0, -7, 2 ]
[ 1, -3, -1, 1, 12, 0, 0, -7, 2 ]
[ 0, 1, 5, -1, 3, 1, 0, 0, 37 ]
[ 3, -1, 0, -1, 3, 1, 0, 1, 5 ]
[ 1, 0, 14, -3, 1, 0, 0, 0, 37 ]
[ 3, 0, 5, -3, 1, 0, 1, 0, 14 ]
[ 1, 12, 0, 0, 1, 5, 0, 0, 37 ]
[ -1, -12, 0, 0, -7, 2, 0, 1, 5 ]
[ 0, -1, -5, 1, 12, 0, 0, 0, 37 ]
[ 0, -7, 2, 1, 12, 0, 0, 1, 5 ]
[ 1, -3, -1, 0, 1, 5, 0, 0, 37 ]
[ -1, 3, 1, 0, -7, 2, 0, 1, 5 ]
[ 1, 0, 14, 0, 1, 5, 0, 0, 37 ]
[ 3, -1, 0, 1, 0, 14, 0, 0, 37 ]
[ 3, -1, 0, 0, 1, 5, 1, 0, 14 ]
[ 37, 0, 0, -11, 1, 0, 8, 0, 1 ]
[ 11, -1, 0, 4, 3, 0, -3, 1, 1 ]
[ 8, 0, 1, -11, 1, 0, 3, 0, 5 ]
[ 1, 10, 0, 0, 37, 0, 0, -6, 1 ]
[ 4, 3, 0, 1, 10, 0, 1, 4, 1 ]
[ 3, -1, -1, 4, 3, 0, -2, -1, 3 ]
[ 11, -1, 0, -3, 1, 1, 3, 0, 5 ]
[ 1, 0, 14, -11, 1, 0, 0, 0, 37 ]
[ 3, 0, 5, -11, 1, 0, 1, 0, 14 ]
[ 1, 10, 0, 0, 1, 6, 0, 0, 37 ]
[ -1, -10, 0, 0, -6, 1, 0, 1, 6 ]
[ 0, -1, -6, 1, 10, 0, 0, 0, 37 ]
[ 1, 4, 1, 0, 1, 6, 0, 0, 37 ]
[ 1, 4, 1, 1, 10, 0, 0, 1, 6 ]
[ 4, 3, 0, 1, 4, 1, 2, 2, 3 ]
[ -1, -1, -20, 4, 3, 0, 0, 0, 37 ]
[ 2, 1, -3, 1, 1, 20, 0, 0, 37 ]
[ 2, 1, -3, 4, 3, 0, 1, 1, 20 ]
[ -3, 1, 1, -2, -1, 3, -2, 0, 9 ]
[ 1, 0, 14, -3, 1, 1, 0, 0, 37 ]
[ 3, 0, 5, -3, 1, 1, 1, 0, 14 ]
[ 11, -1, 0, 1, 0, 14, 0, 0, 37 ]
[ 11, -1, 0, 3, 0, 5, 1, 0, 14 ]
[ 0, -1, -6, 1, 4, 1, 0, 0, 37 ]
[ 2, 2, 3, 1, 4, 1, 0, 1, 6 ]
[ 4, 3, 0, 1, 1, 20, 0, 0, 37 ]
[ 4, 3, 0, 2, 2, 3, 1, 1, 20 ]
[ -1, 0, 23, -2, -1, 3, 0, 0, 37 ]
[ -2, 0, 9, -2, -1, 3, -1, 0, 23 ]
[ -3, 1, 1, -1, 0, 23, 0, 0, 37 ]
[ -3, 1, 1, -2, 0, 9, -1, 0, 23 ]
[ 1, 1, 20, 0, 1, 6, 0, 0, 37 ]
[ 2, 2, 3, 0, 1, 6, 1, 1, 20 ]
[ 37, 0, 0, 18, 1, 0, 8, 0, 1 ]
[ 1, -2, 0, 0, 37, 0, 0, 16, 1 ]
[ 18, 1, 0, -1, 2, 0, 8, 0, 1 ]
[ 8, 0, 1, 18, 1, 0, 3, 0, 5 ]
[ 1, -2, 0, 0, 16, 1, 0, -5, 2 ]
[ 8, 0, 1, -1, 2, 0, -3, 1, 2 ]
[ -18, -1, 0, 8, 0, 1, 3, 0, 5 ]
[ 1, 0, 14, 18, 1, 0, 0, 0, 37 ]
[ 3, 0, 5, 18, 1, 0, 1, 0, 14 ]
[ 1, -2, 0, 0, 1, 7, 0, 0, 37 ]
[ -1, 2, 0, 0, -5, 2, 0, 1, 7 ]
[ 1, -1, 7, -1, 2, 0, 0, 0, 37 ]
[ 3, -1, -2, -1, 2, 0, 1, -1, 7 ]
[ 8, 0, 1, -3, 1, 2, 3, 0, 5 ]
[ -18, -1, 0, 1, 0, 14, 0, 0, 37 ]
[ -18, -1, 0, 3, 0, 5, 1, 0, 14 ]
[ -1, 0, 23, 1, -1, 7, 0, 0, 37 ]
[ -3, 1, 2, -1, 0, 23, 0, 0, 37 ]
[ -3, 1, 2, 1, -1, 7, -1, 0, 23 ]
[ 1, 0, 14, -3, 1, 2, 0, 0, 37 ]
[ 3, 0, 5, -3, 1, 2, 1, 0, 14 ]
[ 37, 0, 0, 10, 1, 0, 8, 0, 1 ]
[ 10, 1, 0, 3, 4, 0, -2, -1, 1 ]
[ 8, 0, 1, 10, 1, 0, 3, 0, 5 ]
[ 1, -11, 0, 0, 37, 0, 0, 14, 1 ]
[ 3, 4, 0, -1, 11, 0, 1, 3, 1 ]
[ 2, 1, -1, 3, 4, 0, 2, 2, 7 ]
[ -10, -1, 0, -2, -1, 1, 3, 0, 5 ]
[ 1, 0, 14, 10, 1, 0, 0, 0, 37 ]
[ 3, 0, 5, 10, 1, 0, 1, 0, 14 ]
[ 1, -11, 0, 0, 14, 1, 0, 5, 3 ]
[ 1, 3, 1, -1, 11, 0, 0, 5, 3 ]
[ 1, 2, -7, 1, 3, 1, 0, 0, 37 ]
[ 3, 4, 0, 1, 3, 1, -1, -2, 7 ]
[ 1, 1, 22, 3, 4, 0, 0, 0, 37 ]
[ 2, 2, 7, 3, 4, 0, 1, 1, 22 ]
[ 2, 1, -1, 1, 1, 22, 0, 0, 37 ]
[ 2, 1, -1, 2, 2, 7, 1, 1, 22 ]
[ -1, 0, -14, -2, -1, 1, 0, 0, 37 ]
[ -3, 0, -5, -2, -1, 1, 1, 0, 14 ]
[ -10, -1, 0, 1, 0, 14, 0, 0, 37 ]
[ -10, -1, 0, 3, 0, 5, 1, 0, 14 ]
[ 1, -11, 0, 0, 1, 8, 0, 0, 37 ]
[ 1, -11, 0, 0, 5, 3, 0, 1, 8 ]
[ 0, 1, 8, -1, 11, 0, 0, 0, 37 ]
[ 0, 5, 3, -1, 11, 0, 0, 1, 8 ]
[ 1, 3, 1, 0, 1, 8, 0, 0, 37 ]
[ 1, 3, 1, 0, 5, 3, 0, 1, 8 ]
[ -1, -1, -22, -1, -2, 7, 0, 0, 37 ]
[ -3, -4, 0, 1, 1, 22, 0, 0, 37 ]
[ -3, -4, 0, -1, -2, 7, 1, 1, 22 ]
[ 37, 0, 0, 2, 1, 0, 8, 0, 1 ]
[ 1, 19, 0, 0, 37, 0, 0, -4, 1 ]
[ 2, 1, 0, 1, 19, 0, 0, -4, 1 ]
[ 8, 0, 1, 2, 1, 0, 3, 0, 5 ]
[ 1, 19, 0, 0, 1, 9, 0, 0, 37 ]
[ -1, -19, 0, 0, -4, 1, 0, 1, 9 ]
[ 0, -1, -9, 1, 19, 0, 0, 0, 37 ]
[ 0, -4, 1, 1, 19, 0, 0, 1, 9 ]
[ -2, -1, 0, 0, -4, 1, 1, -1, 5 ]
[ 1, 0, 14, 2, 1, 0, 0, 0, 37 ]
[ 3, 0, 5, 2, 1, 0, 1, 0, 14 ]
[ 1, -1, 5, 0, 1, 9, 0, 0, 37 ]
[ -1, 1, -5, 0, -4, 1, 0, 1, 9 ]
[ -1, 0, -14, 1, -1, 5, 0, 0, 37 ]
[ -2, -1, 0, 1, 0, 14, 0, 0, 37 ]
[ -2, -1, 0, 1, -1, 5, 1, 0, 14 ]
[ 37, 0, 0, -6, 1, 0, 8, 0, 1 ]
[ 1, 6, 0, 0, 37, 0, 0, -11, 1 ]
[ 6, -1, 0, 1, 6, 0, 2, 1, 1 ]
[ 8, 0, 1, -6, 1, 0, 3, 0, 5 ]
[ -1, -6, 0, 0, -11, 1, 0, 4, 3 ]
[ 2, 1, 1, 1, 6, 0, -1, -2, 3 ]
[ 6, -1, 0, 2, 1, 1, 3, 0, 5 ]
[ 1, 0, 14, -6, 1, 0, 0, 0, 37 ]
[ 3, 0, 5, -6, 1, 0, 1, 0, 14 ]
[ 1, 6, 0, 0, 1, 10, 0, 0, 37 ]
[ 1, 6, 0, 0, 4, 3, 0, 1, 10 ]
[ 0, -1, -10, 1, 6, 0, 0, 0, 37 ]
[ 1, 2, -3, 0, 1, 10, 0, 0, 37 ]
[ 1, 2, -3, 1, 6, 0, 0, 1, 10 ]
[ -1, -1, 13, -1, -2, 3, 0, 0, 37 ]
[ -2, -1, -1, -1, -1, 13, 0, 0, 37 ]
[ -2, -1, -1, -1, -2, 3, -1, -1, 13 ]
[ 1, 0, 14, 2, 1, 1, 0, 0, 37 ]
[ 3, 0, 5, 2, 1, 1, 1, 0, 14 ]
[ 6, -1, 0, 1, 0, 14, 0, 0, 37 ]
[ 6, -1, 0, 3, 0, 5, 1, 0, 14 ]
[ 37, 0, 0, -14, 1, 0, 8, 0, 1 ]
[ 14, -1, 0, -5, 3, 0, -6, 1, 1 ]
[ 8, 0, 1, -14, 1, 0, 3, 0, 5 ]
[ 1, -8, 0, 0, 37, 0, 0, -10, 1 ]
[ 5, -3, 0, -1, 8, 0, -1, -2, 1 ]
[ 6, -1, -1, -5, 3, 0, 1, -1, 3 ]
[ 14, -1, 0, -6, 1, 1, 3, 0, 5 ]
[ 1, 0, 14, -14, 1, 0, 0, 0, 37 ]
[ 3, 0, 5, -14, 1, 0, 1, 0, 14 ]
[ -1, 8, 0, 0, -10, 1, 0, -3, 4 ]
[ 1, 2, -1, -1, 8, 0, 0, -3, 4 ]
[ -5, 3, 0, -1, -2, 1, 1, -1, 3 ]
[ 2, -1, -20, -5, 3, 0, 0, 0, 37 ]
[ -1, 1, -3, -2, 1, 20, 0, 0, 37 ]
[ -1, 1, -3, -5, 3, 0, -2, 1, 20 ]
[ -6, 1, 1, 1, -1, 3, -2, 0, 9 ]
[ 1, 0, 14, -6, 1, 1, 0, 0, 37 ]
[ 3, 0, 5, -6, 1, 1, 1, 0, 14 ]
[ 14, -1, 0, 1, 0, 14, 0, 0, 37 ]
[ 14, -1, 0, 3, 0, 5, 1, 0, 14 ]
[ 1, -8, 0, 0, 1, 11, 0, 0, 37 ]
[ -1, 8, 0, 0, -3, 4, 0, 1, 11 ]
[ 0, 1, 11, -1, 8, 0, 0, 0, 37 ]
[ 0, 3, -4, -1, 8, 0, 0, 1, 11 ]
[ 1, 2, -1, 0, 1, 11, 0, 0, 37 ]
[ -1, -2, 1, 0, -3, 4, 0, 1, 11 ]
[ 0, 1, 11, -1, -2, 1, 0, 0, 37 ]
[ 1, -1, 3, 0, 1, 11, 0, 0, 37 ]
[ -1, 1, -3, -1, -2, 1, 0, 1, 11 ]
[ -2, 1, 20, 1, -1, 3, 0, 0, 37 ]
[ -5, 3, 0, -2, 1, 20, 0, 0, 37 ]
[ -5, 3, 0, 1, -1, 3, -2, 1, 20 ]
[ -1, 0, 23, 1, -1, 3, 0, 0, 37 ]
[ -2, 0, 9, 1, -1, 3, -1, 0, 23 ]
[ -6, 1, 1, -1, 0, 23, 0, 0, 37 ]
[ -6, 1, 1, -2, 0, 9, -1, 0, 23 ]
[ 37, 0, 0, 15, 1, 0, 8, 0, 1 ]
[ 15, 1, 0, -7, 2, 0, 8, 0, 1 ]
[ 8, 0, 1, 15, 1, 0, 3, 0, 5 ]
[ 1, 5, 0, 0, 37, 0, 0, -3, 1 ]
[ 7, -2, 0, 1, 5, 0, 1, 2, 1 ]
[ 8, 0, 1, -7, 2, 0, -6, 1, 2 ]
[ -15, -1, 0, 8, 0, 1, 3, 0, 5 ]
[ 1, 0, 14, 15, 1, 0, 0, 0, 37 ]
[ 3, 0, 5, 15, 1, 0, 1, 0, 14 ]
[ 1, 5, 0, 0, 1, 12, 0, 0, 37 ]
[ -1, -5, 0, 0, -3, 1, 0, 1, 12 ]
[ 0, -1, -12, 1, 5, 0, 0, 0, 37 ]
[ 1, 2, 1, 0, 1, 12, 0, 0, 37 ]
[ 1, 2, 1, 1, 5, 0, 0, 1, 12 ]
[ 7, -2, 0, 1, 2, 1, 1, -1, 2 ]
[ 4, -1, 7, -7, 2, 0, 0, 0, 37 ]
[ 6, -1, -2, -7, 2, 0, 4, -1, 7 ]
[ 8, 0, 1, -6, 1, 2, 3, 0, 5 ]
[ -15, -1, 0, 1, 0, 14, 0, 0, 37 ]
[ -15, -1, 0, 3, 0, 5, 1, 0, 14 ]
[ 0, -1, -12, 1, 2, 1, 0, 0, 37 ]
[ 1, -1, 2, 0, 1, 12, 0, 0, 37 ]
[ 1, -1, 2, 1, 2, 1, 0, 1, 12 ]
[ 7, -2, 0, -3, 1, 7, 0, 0, 37 ]
[ -7, 2, 0, 1, -1, 2, -3, 1, 7 ]
[ -1, 0, 23, 4, -1, 7, 0, 0, 37 ]
[ -6, 1, 2, -1, 0, 23, 0, 0, 37 ]
[ -6, 1, 2, 4, -1, 7, -1, 0, 23 ]
[ 1, 0, 14, -6, 1, 2, 0, 0, 37 ]
[ 3, 0, 5, -6, 1, 2, 1, 0, 14 ]
[ -1, 0, 23, 1, -1, 2, 0, 0, 37 ]
[ -3, 1, 7, -1, 0, 23, 0, 0, 37 ]
[ -3, 1, 7, 1, -1, 2, -1, 0, 23 ]
[ 37, 0, 0, 7, 1, 0, 8, 0, 1 ]
[ 7, 1, 0, -2, 5, 0, 1, -1, 1 ]
[ 8, 0, 1, 7, 1, 0, 3, 0, 5 ]
[ 1, -21, 0, 0, 37, 0, 0, -17, 1 ]
[ 2, -5, 0, -1, 21, 0, -1, 4, 1 ]
[ 1, -2, -12, -2, 5, 0, 0, 0, 37 ]
[ 1, -1, 1, -1, 2, 12, 0, 0, 37 ]
[ 1, -1, 1, -2, 5, 0, -1, 2, 12 ]
[ -7, -1, 0, 1, -1, 1, 3, 0, 5 ]
[ 1, 0, 14, 7, 1, 0, 0, 0, 37 ]
[ 3, 0, 5, 7, 1, 0, 1, 0, 14 ]
[ -1, 21, 0, 0, -17, 1, 0, 3, 2 ]
[ 1, -4, -1, -1, 21, 0, 0, 3, 2 ]
[ 1, -3, 12, -1, 4, 1, 0, 0, 37 ]
[ -2, 5, 0, 1, -3, 12, 0, 0, 37 ]
[ 2, -5, 0, -1, 4, 1, 1, -3, 12 ]
[ -1, 0, -14, 1, -1, 1, 0, 0, 37 ]
[ -3, 0, -5, 1, -1, 1, 1, 0, 14 ]
[ -7, -1, 0, 1, 0, 14, 0, 0, 37 ]
[ -7, -1, 0, 3, 0, 5, 1, 0, 14 ]
[ 1, -21, 0, 0, 1, 13, 0, 0, 37 ]
[ 1, -21, 0, 0, 3, 2, 0, 1, 13 ]
[ 0, 1, 13, -1, 21, 0, 0, 0, 37 ]
[ 0, 3, 2, -1, 21, 0, 0, 1, 13 ]
[ 1, -4, -1, 0, 1, 13, 0, 0, 37 ]
[ 1, -4, -1, 0, 3, 2, 0, 1, 13 ]
[ 1, -1, 0, 0, 37, 0, 0, 8, 1 ]
[ 37, 0, 0, -1, 1, 0, 8, 0, 1 ]
[ 1, -1, 0, 0, 8, 1, 0, 3, 5 ]
[ 8, 0, 1, -1, 1, 0, 3, 0, 5 ]
[ 1, -1, 0, 0, 1, 14, 0, 0, 37 ]
[ 1, -1, 0, 0, 3, 5, 0, 1, 14 ]
[ 1, 0, 14, -1, 1, 0, 0, 0, 37 ]
[ 3, 0, 5, -1, 1, 0, 1, 0, 14 ]
[ 37, 0, 0, -9, 1, 0, 8, 0, 1 ]
[ 1, 4, 0, 0, 37, 0, 0, 5, 1 ]
[ 9, -1, 0, 1, 4, 0, -1, 1, 1 ]
[ 8, 0, 1, -9, 1, 0, 3, 0, 5 ]
[ 1, 4, 0, 0, 5, 1, 0, -2, 7 ]
[ 1, -1, -1, 1, 4, 0, 0, -2, 7 ]
[ 9, -1, 0, -1, 1, 1, 3, 0, 5 ]
[ 1, 0, 14, -9, 1, 0, 0, 0, 37 ]
[ 3, 0, 5, -9, 1, 0, 1, 0, 14 ]
[ -1, -4, 0, 0, -1, 22, 0, 0, 37 ]
[ -1, -4, 0, 0, -2, 7, 0, -1, 22 ]
[ 0, -1, 22, 1, 4, 0, 0, 0, 37 ]
[ 0, -2, 7, 1, 4, 0, 0, -1, 22 ]
[ -1, 1, 1, 0, -1, 22, 0, 0, 37 ]
[ -1, 1, 1, 0, -2, 7, 0, -1, 22 ]
[ 1, 0, 14, -1, 1, 1, 0, 0, 37 ]
[ 3, 0, 5, -1, 1, 1, 1, 0, 14 ]
[ 9, -1, 0, 1, 0, 14, 0, 0, 37 ]
[ 9, -1, 0, 3, 0, 5, 1, 0, 14 ]
[ 37, 0, 0, -17, 1, 0, 8, 0, 1 ]
[ 17, -1, 0, 3, 2, 0, 8, 0, 1 ]
[ 8, 0, 1, -17, 1, 0, 3, 0, 5 ]
[ 1, 13, 0, 0, 37, 0, 0, 7, 1 ]
[ 3, 2, 0, 1, 13, 0, -1, -6, 1 ]
[ 8, 0, 1, 3, 2, 0, -1, 1, 2 ]
[ 17, -1, 0, 8, 0, 1, 3, 0, 5 ]
[ 1, 0, 14, -17, 1, 0, 0, 0, 37 ]
[ 3, 0, 5, -17, 1, 0, 1, 0, 14 ]
[ 1, 13, 0, 0, 7, 1, 0, -2, 5 ]
[ 1, 6, -1, 1, 13, 0, 0, -2, 5 ]
[ -3, -2, 0, -1, -6, 1, -1, 1, 2 ]
[ -1, -1, 7, 3, 2, 0, 0, 0, 37 ]
[ 1, -1, -2, 3, 2, 0, -1, -1, 7 ]
[ 8, 0, 1, -1, 1, 2, 3, 0, 5 ]
[ 17, -1, 0, 1, 0, 14, 0, 0, 37 ]
[ 17, -1, 0, 3, 0, 5, 1, 0, 14 ]
[ -1, -13, 0, 0, -1, 21, 0, 0, 37 ]
[ -1, -13, 0, 0, -2, 5, 0, -1, 21 ]
[ 0, -1, 21, 1, 13, 0, 0, 0, 37 ]
[ 0, -2, 5, 1, 13, 0, 0, -1, 21 ]
[ -1, -6, 1, 0, -1, 21, 0, 0, 37 ]
[ -1, -6, 1, 0, -2, 5, 0, -1, 21 ]
[ -1, 1, 2, -1, -6, 1, 0, -2, 5 ]
[ -3, -2, 0, -1, -1, 7, 0, 0, 37 ]
[ 3, 2, 0, -1, 1, 2, -1, -1, 7 ]
[ -1, 0, 23, -1, -1, 7, 0, 0, 37 ]
[ -1, 1, 2, -1, 0, 23, 0, 0, 37 ]
[ -1, 1, 2, -1, -1, 7, -1, 0, 23 ]
[ 1, 0, 14, -1, 1, 2, 0, 0, 37 ]
[ 3, 0, 5, -1, 1, 2, 1, 0, 14 ]
[ 0, 1, -21, -1, -6, 1, 0, 0, 37 ]
[ 0, 2, -5, -1, -6, 1, 0, -1, 21 ]
[ -1, 1, 2, 0, -1, 21, 0, 0, 37 ]
[ -1, 1, 2, 0, -2, 5, 0, -1, 21 ]
[ 1, 0, -23, -1, 1, 2, 0, 0, 37 ]
[ 1, 1, -7, -1, 0, 23, 0, 0, 37 ]
[ 1, 1, -7, -1, 1, 2, -1, 0, 23 ]
[ 37, 0, 0, 12, 1, 0, 8, 0, 1 ]
[ 1, -3, 0, 0, 37, 0, 0, -13, 1 ]
[ 12, 1, 0, -1, 3, 0, -4, -1, 1 ]
[ 8, 0, 1, 12, 1, 0, 3, 0, 5 ]
[ -1, 3, 0, 0, -13, 1, 0, -2, 3 ]
[ 4, 1, -1, -1, 3, 0, -1, 1, 3 ]
[ -12, -1, 0, -4, -1, 1, 3, 0, 5 ]
[ 1, 0, 14, 12, 1, 0, 0, 0, 37 ]
[ 3, 0, 5, 12, 1, 0, 1, 0, 14 ]
[ -1, 3, 0, 0, -1, 20, 0, 0, 37 ]
[ -1, 3, 0, 0, -2, 3, 0, -1, 20 ]
[ 1, -2, -20, -1, 3, 0, 0, 0, 37 ]
[ 1, -1, -3, -1, 2, 20, 0, 0, 37 ]
[ 1, -1, -3, -1, 3, 0, -1, 2, 20 ]
[ 4, 1, -1, -1, 1, 3, -2, 0, 9 ]
[ -1, 0, -14, -4, -1, 1, 0, 0, 37 ]
[ -3, 0, -5, -4, -1, 1, 1, 0, 14 ]
[ -12, -1, 0, 1, 0, 14, 0, 0, 37 ]
[ -12, -1, 0, 3, 0, 5, 1, 0, 14 ]
[ 1, 0, -23, -1, 1, 3, 0, 0, 37 ]
[ 2, 0, -9, -1, 1, 3, -1, 0, 23 ]
[ 4, 1, -1, -1, 0, 23, 0, 0, 37 ]
[ 4, 1, -1, -2, 0, 9, -1, 0, 23 ]
[ 37, 0, 0, 4, 1, 0, 8, 0, 1 ]
[ 1, -9, 0, 0, 37, 0, 0, -2, 1 ]
[ 4, 1, 0, -1, 9, 0, 0, -2, 1 ]
[ 8, 0, 1, 4, 1, 0, 3, 0, 5 ]
[ -1, 9, 0, 0, -1, 19, 0, 0, 37 ]
[ -1, 9, 0, 0, -2, 1, 0, -1, 19 ]
[ 0, 1, -19, -1, 9, 0, 0, 0, 37 ]
[ 0, 2, -1, -1, 9, 0, 0, -1, 19 ]
[ -4, -1, 0, 0, -2, 1, -1, -1, 5 ]
[ 1, 0, 14, 4, 1, 0, 0, 0, 37 ]
[ 3, 0, 5, 4, 1, 0, 1, 0, 14 ]
[ -1, -1, 5, 0, -1, 19, 0, 0, 37 ]
[ -1, -1, 5, 0, -2, 1, 0, -1, 19 ]
[ -1, 0, -14, -1, -1, 5, 0, 0, 37 ]
[ -4, -1, 0, 1, 0, 14, 0, 0, 37 ]
[ -4, -1, 0, -1, -1, 5, 1, 0, 14 ]
[ 37, 0, 0, -4, 1, 0, 8, 0, 1 ]
[ 1, 9, 0, 0, 37, 0, 0, 2, 1 ]
[ 4, -1, 0, 1, 9, 0, 0, 2, 1 ]
[ 8, 0, 1, -4, 1, 0, 3, 0, 5 ]
[ 1, 9, 0, 0, 1, 19, 0, 0, 37 ]
[ 1, 9, 0, 0, 2, 1, 0, 1, 19 ]
[ 0, -1, -19, 1, 9, 0, 0, 0, 37 ]
[ 0, -2, -1, 1, 9, 0, 0, 1, 19 ]
[ 4, -1, 0, 0, 2, 1, -1, 1, 5 ]
[ 1, 0, 14, -4, 1, 0, 0, 0, 37 ]
[ 3, 0, 5, -4, 1, 0, 1, 0, 14 ]
[ 1, -1, -5, 0, 1, 19, 0, 0, 37 ]
[ 1, -1, -5, 0, 2, 1, 0, 1, 19 ]
[ 1, 0, 14, -1, 1, 5, 0, 0, 37 ]
[ 4, -1, 0, 1, 0, 14, 0, 0, 37 ]
[ 4, -1, 0, -1, 1, 5, 1, 0, 14 ]
[ 37, 0, 0, -12, 1, 0, 8, 0, 1 ]
[ 1, 3, 0, 0, 37, 0, 0, 13, 1 ]
[ 12, -1, 0, 1, 3, 0, -4, 1, 1 ]
[ 8, 0, 1, -12, 1, 0, 3, 0, 5 ]
[ 1, 3, 0, 0, 13, 1, 0, 2, 3 ]
[ 4, -1, -1, 1, 3, 0, -1, -1, 3 ]
[ 12, -1, 0, -4, 1, 1, 3, 0, 5 ]
[ 1, 0, 14, -12, 1, 0, 0, 0, 37 ]
[ 3, 0, 5, -12, 1, 0, 1, 0, 14 ]
[ 1, 3, 0, 0, 1, 20, 0, 0, 37 ]
[ 1, 3, 0, 0, 2, 3, 0, 1, 20 ]
[ 0, -1, -20, 1, 3, 0, 0, 0, 37 ]
[ 1, 1, -3, 0, 1, 20, 0, 0, 37 ]
[ 1, 1, -3, 1, 3, 0, 0, 1, 20 ]
[ -4, 1, 1, -1, -1, 3, -2, 0, 9 ]
[ 1, 0, 14, -4, 1, 1, 0, 0, 37 ]
[ 3, 0, 5, -4, 1, 1, 1, 0, 14 ]
[ 12, -1, 0, 1, 0, 14, 0, 0, 37 ]
[ 12, -1, 0, 3, 0, 5, 1, 0, 14 ]
[ -1, 0, 23, -1, -1, 3, 0, 0, 37 ]
[ -2, 0, 9, -1, -1, 3, -1, 0, 23 ]
[ -4, 1, 1, -1, 0, 23, 0, 0, 37 ]
[ -4, 1, 1, -2, 0, 9, -1, 0, 23 ]
[ 37, 0, 0, 17, 1, 0, 8, 0, 1 ]
[ 17, 1, 0, -3, 2, 0, 8, 0, 1 ]
[ 8, 0, 1, 17, 1, 0, 3, 0, 5 ]
[ 1, -13, 0, 0, 37, 0, 0, -7, 1 ]
[ 3, -2, 0, -1, 13, 0, -1, 6, 1 ]
[ 8, 0, 1, -3, 2, 0, -4, 1, 2 ]
[ -17, -1, 0, 8, 0, 1, 3, 0, 5 ]
[ 1, 0, 14, 17, 1, 0, 0, 0, 37 ]
[ 3, 0, 5, 17, 1, 0, 1, 0, 14 ]
[ -1, 13, 0, 0, -7, 1, 0, 2, 5 ]
[ 1, -6, -1, -1, 13, 0, 0, 2, 5 ]
[ 3, -2, 0, -1, 6, 1, -1, -1, 2 ]
[ 2, -1, 7, -3, 2, 0, 0, 0, 37 ]
[ 4, -1, -2, -3, 2, 0, 2, -1, 7 ]
[ 8, 0, 1, -4, 1, 2, 3, 0, 5 ]
[ -17, -1, 0, 1, 0, 14, 0, 0, 37 ]
[ -17, -1, 0, 3, 0, 5, 1, 0, 14 ]
[ 1, -13, 0, 0, 1, 21, 0, 0, 37 ]
[ 1, -13, 0, 0, 2, 5, 0, 1, 21 ]
[ 0, 1, 21, -1, 13, 0, 0, 0, 37 ]
[ 0, 2, 5, -1, 13, 0, 0, 1, 21 ]
[ 1, -6, -1, 0, 1, 21, 0, 0, 37 ]
[ 1, -6, -1, 0, 2, 5, 0, 1, 21 ]
[ 1, 1, -2, -1, 6, 1, 0, 2, 5 ]
[ 3, -2, 0, -1, 1, 7, 0, 0, 37 ]
[ -3, 2, 0, -1, -1, 2, -1, 1, 7 ]
[ -1, 0, 23, 2, -1, 7, 0, 0, 37 ]
[ -4, 1, 2, -1, 0, 23, 0, 0, 37 ]
[ -4, 1, 2, 2, -1, 7, -1, 0, 23 ]
[ 1, 0, 14, -4, 1, 2, 0, 0, 37 ]
[ 3, 0, 5, -4, 1, 2, 1, 0, 14 ]
[ 0, 1, 21, -1, 6, 1, 0, 0, 37 ]
[ 0, 2, 5, -1, 6, 1, 0, 1, 21 ]
[ 1, 1, -2, 0, 1, 21, 0, 0, 37 ]
[ 1, 1, -2, 0, 2, 5, 0, 1, 21 ]
[ -1, 0, 23, -1, -1, 2, 0, 0, 37 ]
[ -1, 1, 7, -1, 0, 23, 0, 0, 37 ]
[ -1, 1, 7, -1, -1, 2, -1, 0, 23 ]
[ 37, 0, 0, 9, 1, 0, 8, 0, 1 ]
[ 1, -4, 0, 0, 37, 0, 0, -5, 1 ]
[ 9, 1, 0, -1, 4, 0, -1, -1, 1 ]
[ 8, 0, 1, 9, 1, 0, 3, 0, 5 ]
[ -1, 4, 0, 0, -5, 1, 0, 2, 7 ]
[ 1, 1, -1, -1, 4, 0, 0, 2, 7 ]
[ -9, -1, 0, -1, -1, 1, 3, 0, 5 ]
[ 1, 0, 14, 9, 1, 0, 0, 0, 37 ]
[ 3, 0, 5, 9, 1, 0, 1, 0, 14 ]
[ 1, -4, 0, 0, 1, 22, 0, 0, 37 ]
[ 1, -4, 0, 0, 2, 7, 0, 1, 22 ]
[ 0, 1, 22, -1, 4, 0, 0, 0, 37 ]
[ 0, 2, 7, -1, 4, 0, 0, 1, 22 ]
[ 1, 1, -1, 0, 1, 22, 0, 0, 37 ]
[ 1, 1, -1, 0, 2, 7, 0, 1, 22 ]
[ -1, 0, -14, -1, -1, 1, 0, 0, 37 ]
[ -3, 0, -5, -1, -1, 1, 1, 0, 14 ]
[ -9, -1, 0, 1, 0, 14, 0, 0, 37 ]
[ -9, -1, 0, 3, 0, 5, 1, 0, 14 ]
[ 1, 1, 0, 0, 37, 0, 0, -8, 1 ]
[ 37, 0, 0, 1, 1, 0, 8, 0, 1 ]
[ -1, -1, 0, 0, -8, 1, 0, -3, 5 ]
[ 8, 0, 1, 1, 1, 0, 3, 0, 5 ]
[ -1, -1, 0, 0, -1, 14, 0, 0, 37 ]
[ -1, -1, 0, 0, -3, 5, 0, -1, 14 ]
[ 1, 0, 14, 1, 1, 0, 0, 0, 37 ]
[ 3, 0, 5, 1, 1, 0, 1, 0, 14 ]
[ 37, 0, 0, -7, 1, 0, 8, 0, 1 ]
[ 7, -1, 0, 2, 5, 0, 1, 1, 1 ]
[ 8, 0, 1, -7, 1, 0, 3, 0, 5 ]
[ 1, 21, 0, 0, 37, 0, 0, 17, 1 ]
[ 2, 5, 0, 1, 21, 0, -1, -4, 1 ]
[ 1, 2, -12, 2, 5, 0, 0, 0, 37 ]
[ -1, -1, -1, -1, -2, 12, 0, 0, 37 ]
[ 1, 1, 1, 2, 5, 0, -1, -2, 12 ]
[ 7, -1, 0, 1, 1, 1, 3, 0, 5 ]
[ 1, 0, 14, -7, 1, 0, 0, 0, 37 ]
[ 3, 0, 5, -7, 1, 0, 1, 0, 14 ]
[ 1, 21, 0, 0, 17, 1, 0, -3, 2 ]
[ 1, 4, -1, 1, 21, 0, 0, -3, 2 ]
[ -1, -3, -12, -1, -4, 1, 0, 0, 37 ]
[ 2, 5, 0, 1, 3, 12, 0, 0, 37 ]
[ -2, -5, 0, -1, -4, 1, 1, 3, 12 ]
[ 1, 0, 14, 1, 1, 1, 0, 0, 37 ]
[ 3, 0, 5, 1, 1, 1, 1, 0, 14 ]
[ 7, -1, 0, 1, 0, 14, 0, 0, 37 ]
[ 7, -1, 0, 3, 0, 5, 1, 0, 14 ]
[ -1, -21, 0, 0, -1, 13, 0, 0, 37 ]
[ -1, -21, 0, 0, -3, 2, 0, -1, 13 ]
[ 0, -1, 13, 1, 21, 0, 0, 0, 37 ]
[ 0, -3, 2, 1, 21, 0, 0, -1, 13 ]
[ -1, -4, 1, 0, -1, 13, 0, 0, 37 ]
[ -1, -4, 1, 0, -3, 2, 0, -1, 13 ]
[ 37, 0, 0, -15, 1, 0, 8, 0, 1 ]
[ 15, -1, 0, 7, 2, 0, 8, 0, 1 ]
[ 8, 0, 1, -15, 1, 0, 3, 0, 5 ]
[ 1, -5, 0, 0, 37, 0, 0, 3, 1 ]
[ 7, 2, 0, -1, 5, 0, 1, -2, 1 ]
[ 8, 0, 1, 7, 2, 0, 1, 1, 2 ]
[ 15, -1, 0, 8, 0, 1, 3, 0, 5 ]
[ 1, 0, 14, -15, 1, 0, 0, 0, 37 ]
[ 3, 0, 5, -15, 1, 0, 1, 0, 14 ]
[ -1, 5, 0, 0, -1, 12, 0, 0, 37 ]
[ 1, -5, 0, 0, 3, 1, 0, -1, 12 ]
[ 0, 1, -12, -1, 5, 0, 0, 0, 37 ]
[ -1, 2, -1, 0, -1, 12, 0, 0, 37 ]
[ 1, -2, 1, -1, 5, 0, 0, -1, 12 ]
[ -7, -2, 0, 1, -2, 1, 1, 1, 2 ]
[ -3, -1, 7, 7, 2, 0, 0, 0, 37 ]
[ -1, -1, -2, 7, 2, 0, -3, -1, 7 ]
[ 8, 0, 1, 1, 1, 2, 3, 0, 5 ]
[ 15, -1, 0, 1, 0, 14, 0, 0, 37 ]
[ 15, -1, 0, 3, 0, 5, 1, 0, 14 ]
[ 0, -1, 12, 1, -2, 1, 0, 0, 37 ]
[ -1, -1, -2, 0, -1, 12, 0, 0, 37 ]
[ -1, -1, -2, 1, -2, 1, 0, -1, 12 ]
[ -7, -2, 0, -3, -1, 7, 0, 0, 37 ]
[ 7, 2, 0, 1, 1, 2, -3, -1, 7 ]
[ -1, 0, 23, -3, -1, 7, 0, 0, 37 ]
[ 1, 1, 2, -1, 0, 23, 0, 0, 37 ]
[ 1, 1, 2, -3, -1, 7, -1, 0, 23 ]
[ 1, 0, 14, 1, 1, 2, 0, 0, 37 ]
[ 3, 0, 5, 1, 1, 2, 1, 0, 14 ]
[ 1, 0, -23, 1, 1, 2, 0, 0, 37 ]
[ 3, 1, -7, -1, 0, 23, 0, 0, 37 ]
[ 3, 1, -7, 1, 1, 2, -1, 0, 23 ]
[ 37, 0, 0, 14, 1, 0, 8, 0, 1 ]
[ 14, 1, 0, 5, 3, 0, -6, -1, 1 ]
[ 8, 0, 1, 14, 1, 0, 3, 0, 5 ]
[ 1, 8, 0, 0, 37, 0, 0, 10, 1 ]
[ 5, 3, 0, 1, 8, 0, -1, 2, 1 ]
[ 6, 1, -1, 5, 3, 0, 1, 1, 3 ]
[ -14, -1, 0, -6, -1, 1, 3, 0, 5 ]
[ 1, 0, 14, 14, 1, 0, 0, 0, 37 ]
[ 3, 0, 5, 14, 1, 0, 1, 0, 14 ]
[ 1, 8, 0, 0, 10, 1, 0, 3, 4 ]
[ 1, -2, -1, 1, 8, 0, 0, 3, 4 ]
[ 5, 3, 0, -1, 2, 1, 1, 1, 3 ]
[ -3, -2, -20, 5, 3, 0, 0, 0, 37 ]
[ -1, -1, -3, 3, 2, 20, 0, 0, 37 ]
[ -1, -1, -3, 5, 3, 0, 3, 2, 20 ]
[ 6, 1, -1, 1, 1, 3, -2, 0, 9 ]
[ -1, 0, -14, -6, -1, 1, 0, 0, 37 ]
[ -3, 0, -5, -6, -1, 1, 1, 0, 14 ]
[ -14, -1, 0, 1, 0, 14, 0, 0, 37 ]
[ -14, -1, 0, 3, 0, 5, 1, 0, 14 ]
[ -1, -8, 0, 0, -1, 11, 0, 0, 37 ]
[ 1, 8, 0, 0, 3, 4, 0, -1, 11 ]
[ 0, -1, 11, 1, 8, 0, 0, 0, 37 ]
[ 0, -3, -4, 1, 8, 0, 0, -1, 11 ]
[ -1, 2, 1, 0, -1, 11, 0, 0, 37 ]
[ 1, -2, -1, 0, 3, 4, 0, -1, 11 ]
[ 0, 1, -11, -1, 2, 1, 0, 0, 37 ]
[ -1, -1, -3, 0, -1, 11, 0, 0, 37 ]
[ 1, 1, 3, -1, 2, 1, 0, -1, 11 ]
[ 3, 2, 20, 1, 1, 3, 0, 0, 37 ]
[ 5, 3, 0, 3, 2, 20, 0, 0, 37 ]
[ 5, 3, 0, 1, 1, 3, 3, 2, 20 ]
[ 1, 0, -23, 1, 1, 3, 0, 0, 37 ]
[ 2, 0, -9, 1, 1, 3, -1, 0, 23 ]
[ 6, 1, -1, -1, 0, 23, 0, 0, 37 ]
[ 6, 1, -1, -2, 0, 9, -1, 0, 23 ]
[ 37, 0, 0, 6, 1, 0, 8, 0, 1 ]
[ 1, -6, 0, 0, 37, 0, 0, 11, 1 ]
[ 6, 1, 0, -1, 6, 0, 2, -1, 1 ]
[ 8, 0, 1, 6, 1, 0, 3, 0, 5 ]
[ 1, -6, 0, 0, 11, 1, 0, -4, 3 ]
[ 2, -1, 1, -1, 6, 0, -1, 2, 3 ]
[ -6, -1, 0, 2, -1, 1, 3, 0, 5 ]
[ 1, 0, 14, 6, 1, 0, 0, 0, 37 ]
[ 3, 0, 5, 6, 1, 0, 1, 0, 14 ]
[ -1, 6, 0, 0, -1, 10, 0, 0, 37 ]
[ -1, 6, 0, 0, -4, 3, 0, -1, 10 ]
[ 0, 1, -10, -1, 6, 0, 0, 0, 37 ]
[ -1, 2, 3, 0, -1, 10, 0, 0, 37 ]
[ 1, -2, -3, -1, 6, 0, 0, -1, 10 ]
[ 1, -1, -13, -1, 2, 3, 0, 0, 37 ]
[ 2, -1, 1, -1, 1, 13, 0, 0, 37 ]
[ 2, -1, 1, -1, 2, 3, -1, 1, 13 ]
[ -1, 0, -14, 2, -1, 1, 0, 0, 37 ]
[ -3, 0, -5, 2, -1, 1, 1, 0, 14 ]
[ -6, -1, 0, 1, 0, 14, 0, 0, 37 ]
[ -6, -1, 0, 3, 0, 5, 1, 0, 14 ]
[ 37, 0, 0, -2, 1, 0, 8, 0, 1 ]
[ 1, -19, 0, 0, 37, 0, 0, 4, 1 ]
[ 2, -1, 0, -1, 19, 0, 0, 4, 1 ]
[ 8, 0, 1, -2, 1, 0, 3, 0, 5 ]
[ -1, 19, 0, 0, -1, 9, 0, 0, 37 ]
[ 1, -19, 0, 0, 4, 1, 0, -1, 9 ]
[ 0, 1, -9, -1, 19, 0, 0, 0, 37 ]
[ 0, 4, 1, -1, 19, 0, 0, -1, 9 ]
[ 2, -1, 0, 0, 4, 1, -1, 2, 5 ]
[ 1, 0, 14, -2, 1, 0, 0, 0, 37 ]
[ 3, 0, 5, -2, 1, 0, 1, 0, 14 ]
[ -1, 2, 5, 0, -1, 9, 0, 0, 37 ]
[ 1, -2, -5, 0, 4, 1, 0, -1, 9 ]
[ 1, -1, -14, -1, 2, 5, 0, 0, 37 ]
[ 2, -1, 0, -1, 1, 14, 0, 0, 37 ]
[ 2, -1, 0, -1, 2, 5, -1, 1, 14 ]
[ 37, 0, 0, -10, 1, 0, 8, 0, 1 ]
[ 10, -1, 0, -3, 4, 0, -2, 1, 1 ]
[ 8, 0, 1, -10, 1, 0, 3, 0, 5 ]
[ 1, 11, 0, 0, 37, 0, 0, -14, 1 ]
[ 3, -4, 0, 1, 11, 0, 1, -3, 1 ]
[ 2, -1, -1, -3, 4, 0, 2, -2, 7 ]
[ 10, -1, 0, -2, 1, 1, 3, 0, 5 ]
[ 1, 0, 14, -10, 1, 0, 0, 0, 37 ]
[ 3, 0, 5, -10, 1, 0, 1, 0, 14 ]
[ -1, -11, 0, 0, -14, 1, 0, -5, 3 ]
[ 1, -3, 1, 1, 11, 0, 0, -5, 3 ]
[ -1, 2, 7, 1, -3, 1, 0, 0, 37 ]
[ -3, 4, 0, 1, -3, 1, -1, 2, 7 ]
[ 1, -1, 22, -3, 4, 0, 0, 0, 37 ]
[ 2, -2, 7, -3, 4, 0, 1, -1, 22 ]
[ -2, 1, 1, 1, -1, 22, 0, 0, 37 ]
[ -2, 1, 1, 2, -2, 7, 1, -1, 22 ]
[ 1, 0, 14, -2, 1, 1, 0, 0, 37 ]
[ 3, 0, 5, -2, 1, 1, 1, 0, 14 ]
[ 10, -1, 0, 1, 0, 14, 0, 0, 37 ]
[ 10, -1, 0, 3, 0, 5, 1, 0, 14 ]
[ -1, -11, 0, 0, -1, 8, 0, 0, 37 ]
[ -1, -11, 0, 0, -5, 3, 0, -1, 8 ]
[ 0, -1, 8, 1, 11, 0, 0, 0, 37 ]
[ 0, -5, 3, 1, 11, 0, 0, -1, 8 ]
[ -1, 3, -1, 0, -1, 8, 0, 0, 37 ]
[ -1, 3, -1, 0, -5, 3, 0, -1, 8 ]
[ 2, -3, -22, -1, 2, 7, 0, 0, 37 ]
[ 3, -4, 0, -2, 3, 22, 0, 0, 37 ]
[ 3, -4, 0, -1, 2, 7, -2, 3, 22 ]
[ 37, 0, 0, -18, 1, 0, 8, 0, 1 ]
[ 1, 2, 0, 0, 37, 0, 0, -16, 1 ]
[ 18, -1, 0, 1, 2, 0, 8, 0, 1 ]
[ 8, 0, 1, -18, 1, 0, 3, 0, 5 ]
[ -1, -2, 0, 0, -16, 1, 0, 5, 2 ]
[ 8, 0, 1, 1, 2, 0, -2, 1, 2 ]
[ 18, -1, 0, 8, 0, 1, 3, 0, 5 ]
[ 1, 0, 14, -18, 1, 0, 0, 0, 37 ]
[ 3, 0, 5, -18, 1, 0, 1, 0, 14 ]
[ -1, -2, 0, 0, -1, 7, 0, 0, 37 ]
[ 1, 2, 0, 0, 5, 2, 0, -1, 7 ]
[ 0, -1, 7, 1, 2, 0, 0, 0, 37 ]
[ 2, -1, -2, 1, 2, 0, 0, -1, 7 ]
[ 8, 0, 1, -2, 1, 2, 3, 0, 5 ]
[ 18, -1, 0, 1, 0, 14, 0, 0, 37 ]
[ 18, -1, 0, 3, 0, 5, 1, 0, 14 ]
[ -1, 0, 23, 0, -1, 7, 0, 0, 37 ]
[ -2, 1, 2, -1, 0, 23, 0, 0, 37 ]
[ -2, 1, 2, 0, -1, 7, -1, 0, 23 ]
[ 1, 0, 14, -2, 1, 2, 0, 0, 37 ]
[ 3, 0, 5, -2, 1, 2, 1, 0, 14 ]
[ 37, 0, 0, 11, 1, 0, 8, 0, 1 ]
[ 11, 1, 0, -4, 3, 0, -3, -1, 1 ]
[ 8, 0, 1, 11, 1, 0, 3, 0, 5 ]
[ 1, -10, 0, 0, 37, 0, 0, 6, 1 ]
[ 4, -3, 0, -1, 10, 0, 1, -4, 1 ]
[ 3, 1, -1, -4, 3, 0, -2, 1, 3 ]
[ -11, -1, 0, -3, -1, 1, 3, 0, 5 ]
[ 1, 0, 14, 11, 1, 0, 0, 0, 37 ]
[ 3, 0, 5, 11, 1, 0, 1, 0, 14 ]
[ -1, 10, 0, 0, -1, 6, 0, 0, 37 ]
[ 1, -10, 0, 0, 6, 1, 0, -1, 6 ]
[ 0, 1, -6, -1, 10, 0, 0, 0, 37 ]
[ -1, 4, -1, 0, -1, 6, 0, 0, 37 ]
[ 1, -4, 1, -1, 10, 0, 0, -1, 6 ]
[ -4, 3, 0, 1, -4, 1, 2, -2, 3 ]
[ 3, -2, -20, -4, 3, 0, 0, 0, 37 ]
[ 2, -1, -3, -3, 2, 20, 0, 0, 37 ]
[ 2, -1, -3, -4, 3, 0, -3, 2, 20 ]
[ 3, 1, -1, -2, 1, 3, -2, 0, 9 ]
[ -1, 0, -14, -3, -1, 1, 0, 0, 37 ]
[ -3, 0, -5, -3, -1, 1, 1, 0, 14 ]
[ -11, -1, 0, 1, 0, 14, 0, 0, 37 ]
[ -11, -1, 0, 3, 0, 5, 1, 0, 14 ]
[ 0, -1, 6, 1, -4, 1, 0, 0, 37 ]
[ -2, 2, -3, 1, -4, 1, 0, -1, 6 ]
[ -4, 3, 0, 1, -1, 20, 0, 0, 37 ]
[ -4, 3, 0, 2, -2, 3, 1, -1, 20 ]
[ 1, 0, -23, -2, 1, 3, 0, 0, 37 ]
[ 2, 0, -9, -2, 1, 3, -1, 0, 23 ]
[ 3, 1, -1, -1, 0, 23, 0, 0, 37 ]
[ 3, 1, -1, -2, 0, 9, -1, 0, 23 ]
[ -1, 1, -20, 0, -1, 6, 0, 0, 37 ]
[ -2, 2, -3, 0, -1, 6, 1, -1, 20 ]
[ 37, 0, 0, 3, 1, 0, 8, 0, 1 ]
[ 1, -12, 0, 0, 37, 0, 0, -15, 1 ]
[ 3, 1, 0, -1, 12, 0, -1, -3, 1 ]
[ 8, 0, 1, 3, 1, 0, 3, 0, 5 ]
[ -1, 12, 0, 0, -15, 1, 0, 7, 2 ]
[ 1, 3, -1, -1, 12, 0, 0, 7, 2 ]
[ 0, 1, -5, -1, -3, 1, 0, 0, 37 ]
[ -3, -1, 0, -1, -3, 1, 0, -1, 5 ]
[ 1, 0, 14, 3, 1, 0, 0, 0, 37 ]
[ 3, 0, 5, 3, 1, 0, 1, 0, 14 ]
[ -1, 12, 0, 0, -1, 5, 0, 0, 37 ]
[ 1, -12, 0, 0, 7, 2, 0, -1, 5 ]
[ 0, 1, -5, -1, 12, 0, 0, 0, 37 ]
[ 0, 7, 2, -1, 12, 0, 0, -1, 5 ]
[ -1, -3, 1, 0, -1, 5, 0, 0, 37 ]
[ 1, 3, -1, 0, 7, 2, 0, -1, 5 ]
[ -1, 0, -14, 0, -1, 5, 0, 0, 37 ]
[ -3, -1, 0, 1, 0, 14, 0, 0, 37 ]
[ -3, -1, 0, 0, -1, 5, 1, 0, 14 ]
[ 37, 0, 0, -5, 1, 0, 8, 0, 1 ]
[ 5, -1, 0, 2, 7, 0, -2, 2, 1 ]
[ 8, 0, 1, -5, 1, 0, 3, 0, 5 ]
[ 1, 22, 0, 0, 37, 0, 0, 9, 1 ]
[ 2, 7, 0, 1, 22, 0, 0, 9, 1 ]
[ 1, 3, 2, 2, 7, 0, 0, 0, 37 ]
[ 2, -2, -1, 2, 7, 0, 1, 3, 2 ]
[ 5, -1, 0, -2, 2, 1, -2, 1, 5 ]
[ 1, 0, 14, -5, 1, 0, 0, 0, 37 ]
[ 3, 0, 5, -5, 1, 0, 1, 0, 14 ]
[ -1, -22, 0, 0, -1, 4, 0, 0, 37 ]
[ 1, 22, 0, 0, 9, 1, 0, -1, 4 ]
[ 0, -1, 4, 1, 22, 0, 0, 0, 37 ]
[ 0, -9, -1, 1, 22, 0, 0, -1, 4 ]
[ -2, -7, 0, 1, 3, 2, 0, 0, 37 ]
[ 2, 7, 0, 0, 9, 1, 1, 3, 2 ]
[ 0, -1, 4, 1, 3, 2, 0, 0, 37 ]
[ 2, -2, -1, 1, 3, 2, 0, -1, 4 ]
[ 2, -1, -5, -1, 1, 19, 0, 0, 37 ]
[ 2, -1, -5, -2, 2, 1, -1, 1, 19 ]
[ 1, 0, 14, -2, 1, 5, 0, 0, 37 ]
[ 5, -1, 0, 1, 0, 14, 0, 0, 37 ]
[ 5, -1, 0, -2, 1, 5, 1, 0, 14 ]
[ -1, -3, -2, 0, -1, 4, 0, 0, 37 ]
[ 1, 3, 2, 0, 9, 1, 0, -1, 4 ]
[ -1, 1, 19, 0, -1, 4, 0, 0, 37 ]
[ -2, 2, 1, 0, -1, 4, -1, 1, 19 ]
[ 37, 0, 0, -13, 1, 0, 8, 0, 1 ]
[ 13, -1, 0, -2, 3, 0, -5, 1, 1 ]
[ 8, 0, 1, -13, 1, 0, 3, 0, 5 ]
[ 1, -20, 0, 0, 37, 0, 0, 12, 1 ]
[ 2, -3, 0, -1, 20, 0, 1, -8, 1 ]
[ 5, -1, -1, -2, 3, 0, 0, -1, 3 ]
[ 13, -1, 0, -5, 1, 1, 3, 0, 5 ]
[ 1, 0, 14, -13, 1, 0, 0, 0, 37 ]
[ 3, 0, 5, -13, 1, 0, 1, 0, 14 ]
[ -1, 20, 0, 0, -1, 3, 0, 0, 37 ]
[ 1, -20, 0, 0, 12, 1, 0, -1, 3 ]
[ 0, 1, -3, -1, 20, 0, 0, 0, 37 ]
[ -1, 8, -1, 0, -1, 3, 0, 0, 37 ]
[ 1, -8, 1, -1, 20, 0, 0, -1, 3 ]
[ 0, -1, 3, 1, -8, 1, 0, 0, 37 ]
[ -2, 3, 0, 1, -8, 1, 0, -1, 3 ]
[ 1, -1, -20, -2, 3, 0, 0, 0, 37 ]
[ 0, 1, -3, -1, 1, 20, 0, 0, 37 ]
[ 0, 1, -3, -2, 3, 0, -1, 1, 20 ]
[ -5, 1, 1, 0, -1, 3, -2, 0, 9 ]
[ 1, 0, 14, -5, 1, 1, 0, 0, 37 ]
[ 3, 0, 5, -5, 1, 1, 1, 0, 14 ]
[ 13, -1, 0, 1, 0, 14, 0, 0, 37 ]
[ 13, -1, 0, 3, 0, 5, 1, 0, 14 ]
[ -1, 1, 20, 0, -1, 3, 0, 0, 37 ]
[ -2, 3, 0, -1, 1, 20, 0, 0, 37 ]
[ -2, 3, 0, 0, -1, 3, -1, 1, 20 ]
[ -1, 0, 23, 0, -1, 3, 0, 0, 37 ]
[ -2, 0, 9, 0, -1, 3, -1, 0, 23 ]
[ -5, 1, 1, -1, 0, 23, 0, 0, 37 ]
[ -5, 1, 1, -2, 0, 9, -1, 0, 23 ]
[ 37, 0, 0, 16, 1, 0, 8, 0, 1 ]
[ 16, 1, 0, -5, 2, 0, 8, 0, 1 ]
[ 8, 0, 1, 16, 1, 0, 3, 0, 5 ]
[ 1, 7, 0, 0, 37, 0, 0, 18, 1 ]
[ 5, -2, 0, 1, 7, 0, -2, 4, 1 ]
[ 8, 0, 1, -5, 2, 0, -5, 1, 2 ]
[ -16, -1, 0, 8, 0, 1, 3, 0, 5 ]
[ 1, 0, 14, 16, 1, 0, 0, 0, 37 ]
[ 3, 0, 5, 16, 1, 0, 1, 0, 14 ]
[ -1, -7, 0, 0, -1, 2, 0, 0, 37 ]
[ 1, 7, 0, 0, 18, 1, 0, -1, 2 ]
[ 0, -1, 2, 1, 7, 0, 0, 0, 37 ]
[ 2, -4, -1, 1, 7, 0, 0, -1, 2 ]
[ 5, -2, 0, -2, 4, 1, 0, -1, 2 ]
[ 3, -1, 7, -5, 2, 0, 0, 0, 37 ]
[ 5, -1, -2, -5, 2, 0, 3, -1, 7 ]
[ 8, 0, 1, -5, 1, 2, 3, 0, 5 ]
[ -16, -1, 0, 1, 0, 14, 0, 0, 37 ]
[ -16, -1, 0, 3, 0, 5, 1, 0, 14 ]
[ -1, 2, 19, 0, -1, 2, 0, 0, 37 ]
[ -2, 4, 1, 0, -1, 2, -1, 2, 19 ]
[ 0, 1, -2, -1, 2, 19, 0, 0, 37 ]
[ 0, 1, -2, -2, 4, 1, -1, 2, 19 ]
[ 5, -2, 0, -2, 1, 7, 0, 0, 37 ]
[ -5, 2, 0, 0, -1, 2, -2, 1, 7 ]
[ -1, 0, 23, 3, -1, 7, 0, 0, 37 ]
[ -5, 1, 2, -1, 0, 23, 0, 0, 37 ]
[ -5, 1, 2, 3, -1, 7, -1, 0, 23 ]
[ 1, 0, 14, -5, 1, 2, 0, 0, 37 ]
[ 3, 0, 5, -5, 1, 2, 1, 0, 14 ]
[ -1, 0, 23, 0, -1, 2, 0, 0, 37 ]
[ -2, 1, 7, -1, 0, 23, 0, 0, 37 ]
[ -2, 1, 7, 0, -1, 2, -1, 0, 23 ]
[ 37, 0, 0, 8, 1, 0, 8, 0, 1 ]
[ 8, 1, 0, 3, 5, 0, 0, -1, 1 ]
[ 8, 0, 1, 8, 1, 0, 3, 0, 5 ]
[ -1, -14, 0, 0, -1, 1, 0, 0, 37 ]
[ 1, 14, 0, 0, 37, 0, 0, -1, 1 ]
[ 0, -1, 1, 1, 14, 0, 0, 0, 37 ]
[ 3, 5, 0, 1, 14, 0, 0, -1, 1 ]
[ -1, -2, -12, 3, 5, 0, 0, 0, 37 ]
[ 0, -1, 1, 1, 2, 12, 0, 0, 37 ]
[ 0, -1, 1, 3, 5, 0, 1, 2, 12 ]
[ -8, -1, 0, 0, -1, 1, 3, 0, 5 ]
[ 1, 0, 14, 8, 1, 0, 0, 0, 37 ]
[ 3, 0, 5, 8, 1, 0, 1, 0, 14 ]
[ -1, -2, -12, 0, -1, 1, 0, 0, 37 ]
[ 3, 5, 0, 1, 2, 12, 0, 0, 37 ]
[ -3, -5, 0, 0, -1, 1, 1, 2, 12 ]
[ -1, 0, -14, 0, -1, 1, 0, 0, 37 ]
[ -3, 0, -5, 0, -1, 1, 1, 0, 14 ]
[ -8, -1, 0, 1, 0, 14, 0, 0, 37 ]
[ -8, -1, 0, 3, 0, 5, 1, 0, 14 ]
[ 37, 0, 0, 0, 1, 0, 5, 0, 1 ]
[ 5, 0, 1, 0, 1, 0, -2, 0, 7 ]
[ 1, 0, -22, 0, 1, 0, 0, 0, 37 ]
[ 2, 0, -7, 0, 1, 0, -1, 0, 22 ]
[ 37, 0, 0, -5, 1, 0, 5, 0, 1 ]
[ 5, -1, 0, 2, 7, 0, 0, 1, 1 ]
[ 5, 0, 1, -5, 1, 0, -2, 0, 7 ]
[ 1, 22, 0, 0, 1, 1, 0, 0, 37 ]
[ 1, 22, 0, 0, 37, 0, 0, 1, 1 ]
[ 0, -1, -1, 1, 22, 0, 0, 0, 37 ]
[ 2, 7, 0, 1, 22, 0, 0, 1, 1 ]
[ -1, -4, -19, 2, 7, 0, 0, 0, 37 ]
[ 0, -1, -1, 1, 4, 19, 0, 0, 37 ]
[ 0, -1, -1, 2, 7, 0, 1, 4, 19 ]
[ 5, -1, 0, 0, 1, 1, -2, 0, 7 ]
[ 1, 0, -22, -5, 1, 0, 0, 0, 37 ]
[ 2, 0, -7, -5, 1, 0, -1, 0, 22 ]
[ 1, 4, 19, 0, 1, 1, 0, 0, 37 ]
[ 2, 7, 0, 1, 4, 19, 0, 0, 37 ]
[ 2, 7, 0, 0, 1, 1, 1, 4, 19 ]
[ 1, 0, -22, 0, 1, 1, 0, 0, 37 ]
[ 2, 0, -7, 0, 1, 1, -1, 0, 22 ]
[ -5, 1, 0, -1, 0, 22, 0, 0, 37 ]
[ -5, 1, 0, -2, 0, 7, -1, 0, 22 ]
[ 37, 0, 0, -10, 1, 0, 5, 0, 1 ]
[ 10, -1, 0, -3, 4, 0, -5, 1, 1 ]
[ 5, 0, 1, -10, 1, 0, -2, 0, 7 ]
[ 1, 11, 0, 0, 37, 0, 0, -18, 1 ]
[ 3, -4, 0, 1, 11, 0, 1, -7, 1 ]
[ 5, -1, -1, -3, 4, 0, 0, 1, 2 ]
[ 10, -1, 0, -5, 1, 1, -2, 0, 7 ]
[ 1, 0, -22, -10, 1, 0, 0, 0, 37 ]
[ 2, 0, -7, -10, 1, 0, -1, 0, 22 ]
[ 1, 11, 0, 0, 1, 2, 0, 0, 37 ]
[ -1, -11, 0, 0, -18, 1, 0, 1, 2 ]
[ 0, -1, -2, 1, 11, 0, 0, 0, 37 ]
[ 1, -7, 1, 0, 1, 2, 0, 0, 37 ]
[ 1, -7, 1, 1, 11, 0, 0, 1, 2 ]
[ 0, -1, -2, 1, -7, 1, 0, 0, 37 ]
[ -3, 4, 0, 1, -7, 1, 0, 1, 2 ]
[ 1, -1, 13, -3, 4, 0, 0, 0, 37 ]
[ 0, -1, -2, 1, -1, 13, 0, 0, 37 ]
[ 0, 1, 2, -3, 4, 0, 1, -1, 13 ]
[ 5, -1, -1, 0, 1, 2, -2, 0, 7 ]
[ 1, 0, -22, -5, 1, 1, 0, 0, 37 ]
[ 2, 0, -7, -5, 1, 1, -1, 0, 22 ]
[ -10, 1, 0, -1, 0, 22, 0, 0, 37 ]
[ -10, 1, 0, -2, 0, 7, -1, 0, 22 ]
[ 1, -1, 13, 0, 1, 2, 0, 0, 37 ]
[ 3, -4, 0, 1, -1, 13, 0, 0, 37 ]
[ 3, -4, 0, 0, 1, 2, 1, -1, 13 ]
[ 1, 0, -22, 0, 1, 2, 0, 0, 37 ]
[ 2, 0, -7, 0, 1, 2, -1, 0, 22 ]
[ -5, 1, 1, -1, 0, 22, 0, 0, 37 ]
[ -5, 1, 1, -2, 0, 7, -1, 0, 22 ]
[ 37, 0, 0, -15, 1, 0, 5, 0, 1 ]
[ 15, -1, 0, 7, 2, 0, 5, 0, 1 ]
[ 5, 0, 1, -15, 1, 0, -2, 0, 7 ]
[ 1, -5, 0, 0, 37, 0, 0, -12, 1 ]
[ 7, 2, 0, -1, 5, 0, -2, -2, 1 ]
[ 5, 0, 1, 7, 2, 0, 5, 1, 4 ]
[ 15, -1, 0, 5, 0, 1, -2, 0, 7 ]
[ 1, 0, -22, -15, 1, 0, 0, 0, 37 ]
[ 2, 0, -7, -15, 1, 0, -1, 0, 22 ]
[ 1, -5, 0, 0, 1, 3, 0, 0, 37 ]
[ -1, 5, 0, 0, -12, 1, 0, 1, 3 ]
[ 0, 1, 3, -1, 5, 0, 0, 0, 37 ]
[ 2, 2, -1, -1, 5, 0, 0, 1, 3 ]
[ -7, -2, 0, -2, -2, 1, -2, -1, 4 ]
[ 4, 1, -11, 7, 2, 0, 0, 0, 37 ]
[ -5, -1, -4, -4, -1, 11, 0, 0, 37 ]
[ 5, 1, 4, 7, 2, 0, -4, -1, 11 ]
[ 5, 0, 1, 5, 1, 4, -2, 0, 7 ]
[ -15, 1, 0, -1, 0, 22, 0, 0, 37 ]
[ -15, 1, 0, -2, 0, 7, -1, 0, 22 ]
[ 1, 1, -19, 0, 1, 3, 0, 0, 37 ]
[ 2, 2, -1, 0, 1, 3, -1, -1, 19 ]
[ -2, -1, 4, -1, -1, 19, 0, 0, 37 ]
[ -2, -1, 4, -2, -2, 1, -1, -1, 19 ]
[ -3, -1, -11, -2, -1, 4, 0, 0, 37 ]
[ 7, 2, 0, 3, 1, 11, 0, 0, 37 ]
[ -7, -2, 0, -2, -1, 4, 3, 1, 11 ]
[ 1, 0, -22, 5, 1, 4, 0, 0, 37 ]
[ 2, 0, -7, 5, 1, 4, -1, 0, 22 ]
[ 37, 0, 0, 17, 1, 0, 5, 0, 1 ]
[ 17, 1, 0, -3, 2, 0, 5, 0, 1 ]
[ 5, 0, 1, 17, 1, 0, -2, 0, 7 ]
[ 1, -13, 0, 0, 37, 0, 0, -9, 1 ]
[ 3, -2, 0, -1, 13, 0, -1, 4, 1 ]
[ 5, 0, 1, -3, 2, 0, 0, 1, 4 ]
[ -17, -1, 0, 5, 0, 1, -2, 0, 7 ]
[ 1, 0, -22, 17, 1, 0, 0, 0, 37 ]
[ 2, 0, -7, 17, 1, 0, -1, 0, 22 ]
[ 1, -13, 0, 0, 1, 4, 0, 0, 37 ]
[ -1, 13, 0, 0, -9, 1, 0, 1, 4 ]
[ 0, 1, 4, -1, 13, 0, 0, 0, 37 ]
[ 1, -4, -1, 0, 1, 4, 0, 0, 37 ]
[ 1, -4, -1, -1, 13, 0, 0, 1, 4 ]
[ 0, 1, 4, -1, 4, 1, 0, 0, 37 ]
[ 3, -2, 0, -1, 4, 1, 0, 1, 4 ]
[ -1, 1, -11, -3, 2, 0, 0, 0, 37 ]
[ 0, -1, -4, 1, -1, 11, 0, 0, 37 ]
[ 0, 1, 4, -3, 2, 0, 1, -1, 11 ]
[ 5, 0, 1, 0, 1, 4, -2, 0, 7 ]
[ 17, 1, 0, -1, 0, 22, 0, 0, 37 ]
[ 17, 1, 0, -2, 0, 7, -1, 0, 22 ]
[ 1, -1, 11, 0, 1, 4, 0, 0, 37 ]
[ -3, 2, 0, 1, -1, 11, 0, 0, 37 ]
[ 3, -2, 0, 0, 1, 4, 1, -1, 11 ]
[ 1, 0, -22, 0, 1, 4, 0, 0, 37 ]
[ 2, 0, -7, 0, 1, 4, -1, 0, 22 ]
[ 37, 0, 0, 12, 1, 0, 5, 0, 1 ]
[ 1, -3, 0, 0, 37, 0, 0, 15, 1 ]
[ 12, 1, 0, -1, 3, 0, 5, 0, 1 ]
[ 5, 0, 1, 12, 1, 0, -2, 0, 7 ]
[ 1, -3, 0, 0, 15, 1, 0, -7, 2 ]
[ 5, 0, 1, -1, 3, 0, -2, -1, 2 ]
[ -12, -1, 0, 5, 0, 1, -2, 0, 7 ]
[ 1, 0, -22, 12, 1, 0, 0, 0, 37 ]
[ 2, 0, -7, 12, 1, 0, -1, 0, 22 ]
[ 1, -3, 0, 0, 1, 5, 0, 0, 37 ]
[ -1, 3, 0, 0, -7, 2, 0, 1, 5 ]
[ 0, 1, 5, -1, 3, 0, 0, 0, 37 ]
[ 2, 1, -2, -1, 3, 0, 0, 1, 5 ]
[ -5, 0, -1, -2, -1, 2, -2, 0, 7 ]
[ 12, 1, 0, -1, 0, 22, 0, 0, 37 ]
[ 12, 1, 0, -2, 0, 7, -1, 0, 22 ]
[ 1, 0, -22, 0, 1, 5, 0, 0, 37 ]
[ 2, 1, -2, -1, 0, 22, 0, 0, 37 ]
[ 2, 1, -2, 0, 1, 5, -1, 0, 22 ]
[ -1, 0, 22, -2, -1, 2, 0, 0, 37 ]
[ -2, 0, 7, -2, -1, 2, -1, 0, 22 ]
[ 37, 0, 0, 7, 1, 0, 5, 0, 1 ]
[ 7, 1, 0, -2, 5, 0, -2, -1, 1 ]
[ 5, 0, 1, 7, 1, 0, -2, 0, 7 ]
[ 1, -21, 0, 0, 37, 0, 0, -6, 1 ]
[ 2, -5, 0, -1, 21, 0, 0, -6, 1 ]
[ 1, -2, 3, -2, 5, 0, 0, 0, 37 ]
[ 2, 1, -1, -2, 5, 0, 1, -2, 3 ]
[ -7, -1, 0, -2, -1, 1, -2, 0, 7 ]
[ 1, 0, -22, 7, 1, 0, 0, 0, 37 ]
[ 2, 0, -7, 7, 1, 0, -1, 0, 22 ]
[ 1, -21, 0, 0, 1, 6, 0, 0, 37 ]
[ -1, 21, 0, 0, -6, 1, 0, 1, 6 ]
[ 0, 1, 6, -1, 21, 0, 0, 0, 37 ]
[ 0, 6, -1, -1, 21, 0, 0, 1, 6 ]
[ 2, -5, 0, -1, 3, 3, 0, 0, 37 ]
[ -2, 5, 0, 0, -6, 1, -1, 3, 3 ]
[ 0, -1, -6, 1, -2, 3, 0, 0, 37 ]
[ -2, -1, 1, 1, -2, 3, 0, 1, 6 ]
[ -1, 0, 22, -2, -1, 1, 0, 0, 37 ]
[ -2, 0, 7, -2, -1, 1, -1, 0, 22 ]
[ 7, 1, 0, -1, 0, 22, 0, 0, 37 ]
[ 7, 1, 0, -2, 0, 7, -1, 0, 22 ]
[ 1, -3, -3, 0, 1, 6, 0, 0, 37 ]
[ -1, 3, 3, 0, -6, 1, 0, 1, 6 ]
[ 1, 0, -22, 0, 1, 6, 0, 0, 37 ]
[ 2, 1, -1, -1, 0, 22, 0, 0, 37 ]
[ 2, 1, -1, 0, 1, 6, -1, 0, 22 ]
[ 37, 0, 0, 2, 1, 0, 5, 0, 1 ]
[ 1, 19, 0, 0, 37, 0, 0, 16, 1 ]
[ 2, 1, 0, 1, 19, 0, -1, -3, 1 ]
[ 5, 0, 1, 2, 1, 0, -2, 0, 7 ]
[ 1, 19, 0, 0, 16, 1, 0, -5, 2 ]
[ 1, 3, -1, 1, 19, 0, 0, -5, 2 ]
[ 0, 1, 7, -1, -3, 1, 0, 0, 37 ]
[ -2, -1, 0, -1, -3, 1, 0, 1, 7 ]
[ 1, 0, -22, 2, 1, 0, 0, 0, 37 ]
[ 2, 0, -7, 2, 1, 0, -1, 0, 22 ]
[ 1, 19, 0, 0, 1, 7, 0, 0, 37 ]
[ -1, -19, 0, 0, -5, 2, 0, 1, 7 ]
[ 0, -1, -7, 1, 19, 0, 0, 0, 37 ]
[ 0, -5, 2, 1, 19, 0, 0, 1, 7 ]
[ 1, 3, -1, 0, 1, 7, 0, 0, 37 ]
[ -1, -3, 1, 0, -5, 2, 0, 1, 7 ]
[ 1, 1, 22, 0, 1, 7, 0, 0, 37 ]
[ 2, 1, 0, 1, 1, 22, 0, 0, 37 ]
[ 2, 1, 0, 0, 1, 7, 1, 1, 22 ]
[ 37, 0, 0, -3, 1, 0, 5, 0, 1 ]
[ 1, 12, 0, 0, 37, 0, 0, 14, 1 ]
[ 3, -1, 0, 1, 12, 0, -1, 2, 1 ]
[ 5, 0, 1, -3, 1, 0, -2, 0, 7 ]
[ 1, 12, 0, 0, 14, 1, 0, 5, 3 ]
[ 1, -2, -1, 1, 12, 0, 0, 5, 3 ]
[ 1, -1, 7, -1, 2, 1, 0, 0, 37 ]
[ 3, -1, 0, -1, 2, 1, 1, -1, 7 ]
[ 1, 0, -22, -3, 1, 0, 0, 0, 37 ]
[ 2, 0, -7, -3, 1, 0, -1, 0, 22 ]
[ 1, 12, 0, 0, 1, 8, 0, 0, 37 ]
[ 1, 12, 0, 0, 5, 3, 0, 1, 8 ]
[ 0, -1, -8, 1, 12, 0, 0, 0, 37 ]
[ 0, -5, -3, 1, 12, 0, 0, 1, 8 ]
[ 1, -2, -1, 0, 1, 8, 0, 0, 37 ]
[ 1, -2, -1, 0, 5, 3, 0, 1, 8 ]
[ -1, 0, 22, 1, -1, 7, 0, 0, 37 ]
[ -3, 1, 0, -1, 0, 22, 0, 0, 37 ]
[ -3, 1, 0, 1, -1, 7, -1, 0, 22 ]
[ 37, 0, 0, -8, 1, 0, 5, 0, 1 ]
[ 8, -1, 0, -3, 5, 0, -3, 1, 1 ]
[ 5, 0, 1, -8, 1, 0, -2, 0, 7 ]
[ 1, -14, 0, 0, 37, 0, 0, -4, 1 ]
[ 3, -5, 0, -1, 14, 0, 0, -4, 1 ]
[ -1, 2, 3, -3, 5, 0, 0, 0, 37 ]
[ 3, -1, -1, -3, 5, 0, -1, 2, 3 ]
[ 8, -1, 0, -3, 1, 1, -2, 0, 7 ]
[ 1, 0, -22, -8, 1, 0, 0, 0, 37 ]
[ 2, 0, -7, -8, 1, 0, -1, 0, 22 ]
[ 1, -14, 0, 0, 1, 9, 0, 0, 37 ]
[ -1, 14, 0, 0, -4, 1, 0, 1, 9 ]
[ 0, 1, 9, -1, 14, 0, 0, 0, 37 ]
[ 0, 4, -1, -1, 14, 0, 0, 1, 9 ]
[ 3, -5, 0, -1, 2, 3, 0, 0, 37 ]
[ -3, 5, 0, 0, -4, 1, -1, 2, 3 ]
[ 1, -1, 6, -1, 2, 3, 0, 0, 37 ]
[ 3, -1, -1, -1, 2, 3, 1, -1, 6 ]
[ 1, 0, -22, -3, 1, 1, 0, 0, 37 ]
[ 2, 0, -7, -3, 1, 1, -1, 0, 22 ]
[ -8, 1, 0, -1, 0, 22, 0, 0, 37 ]
[ -8, 1, 0, -2, 0, 7, -1, 0, 22 ]
[ 1, -2, -3, 0, 1, 9, 0, 0, 37 ]
[ -1, 2, 3, 0, -4, 1, 0, 1, 9 ]
[ -1, 0, 22, 1, -1, 6, 0, 0, 37 ]
[ -3, 1, 1, -1, 0, 22, 0, 0, 37 ]
[ -3, 1, 1, 1, -1, 6, -1, 0, 22 ]
[ 37, 0, 0, -13, 1, 0, 5, 0, 1 ]
[ 13, -1, 0, -2, 3, 0, 5, 0, 1 ]
[ 5, 0, 1, -13, 1, 0, -2, 0, 7 ]
[ 1, -20, 0, 0, 37, 0, 0, -11, 1 ]
[ 2, -3, 0, -1, 20, 0, -1, 9, 1 ]
[ 5, 0, 1, -2, 3, 0, -3, 1, 2 ]
[ 13, -1, 0, 5, 0, 1, -2, 0, 7 ]
[ 1, 0, -22, -13, 1, 0, 0, 0, 37 ]
[ 2, 0, -7, -13, 1, 0, -1, 0, 22 ]
[ -1, 20, 0, 0, -11, 1, 0, 4, 3 ]
[ 1, -9, -1, -1, 20, 0, 0, 4, 3 ]
[ 2, -3, 0, -1, 9, 1, 1, -5, 2 ]
[ 1, -1, 5, -2, 3, 0, 0, 0, 37 ]
[ 3, -1, -2, -2, 3, 0, 1, -1, 5 ]
[ 5, 0, 1, -3, 1, 2, -2, 0, 7 ]
[ -13, 1, 0, -1, 0, 22, 0, 0, 37 ]
[ -13, 1, 0, -2, 0, 7, -1, 0, 22 ]
[ 1, -20, 0, 0, 1, 10, 0, 0, 37 ]
[ 1, -20, 0, 0, 4, 3, 0, 1, 10 ]
[ 0, 1, 10, -1, 20, 0, 0, 0, 37 ]
[ 0, 4, 3, -1, 20, 0, 0, 1, 10 ]
[ 1, -9, -1, 0, 1, 10, 0, 0, 37 ]
[ 1, -9, -1, 0, 4, 3, 0, 1, 10 ]
[ 0, 1, 10, -1, 9, 1, 0, 0, 37 ]
[ 1, -5, 2, 0, 1, 10, 0, 0, 37 ]
[ 1, -5, 2, -1, 9, 1, 0, 1, 10 ]
[ 2, -3, 0, -1, 2, 5, 0, 0, 37 ]
[ -2, 3, 0, 1, -5, 2, -1, 2, 5 ]
[ -1, 0, 22, 1, -1, 5, 0, 0, 37 ]
[ -3, 1, 2, -1, 0, 22, 0, 0, 37 ]
[ -3, 1, 2, 1, -1, 5, -1, 0, 22 ]
[ 1, 0, -22, -3, 1, 2, 0, 0, 37 ]
[ 2, 0, -7, -3, 1, 2, -1, 0, 22 ]
[ 0, -1, -10, 1, -5, 2, 0, 0, 37 ]
[ 1, -2, -5, 0, 1, 10, 0, 0, 37 ]
[ -1, 2, 5, 1, -5, 2, 0, 1, 10 ]
[ 37, 0, 0, -18, 1, 0, 5, 0, 1 ]
[ 1, 2, 0, 0, 37, 0, 0, -10, 1 ]
[ 18, -1, 0, 1, 2, 0, 5, 0, 1 ]
[ 5, 0, 1, -18, 1, 0, -2, 0, 7 ]
[ -1, -2, 0, 0, -10, 1, 0, -3, 4 ]
[ 5, 0, 1, 1, 2, 0, 2, 1, 4 ]
[ 18, -1, 0, 5, 0, 1, -2, 0, 7 ]
[ 1, 0, -22, -18, 1, 0, 0, 0, 37 ]
[ 2, 0, -7, -18, 1, 0, -1, 0, 22 ]
[ 1, 2, 0, 0, 1, 11, 0, 0, 37 ]
[ -1, -2, 0, 0, -3, 4, 0, 1, 11 ]
[ 1, 1, -11, 1, 2, 0, 0, 0, 37 ]
[ -2, -1, -4, -1, -1, 11, 0, 0, 37 ]
[ 2, 1, 4, 1, 2, 0, -1, -1, 11 ]
[ 5, 0, 1, 2, 1, 4, -2, 0, 7 ]
[ -18, 1, 0, -1, 0, 22, 0, 0, 37 ]
[ -18, 1, 0, -2, 0, 7, -1, 0, 22 ]
[ 1, 0, -22, 2, 1, 4, 0, 0, 37 ]
[ 2, 0, -7, 2, 1, 4, -1, 0, 22 ]
[ 37, 0, 0, 14, 1, 0, 5, 0, 1 ]
[ 14, 1, 0, 5, 3, 0, 5, 0, 1 ]
[ 5, 0, 1, 14, 1, 0, -2, 0, 7 ]
[ 1, 8, 0, 0, 37, 0, 0, -3, 1 ]
[ 5, 3, 0, 1, 8, 0, 0, -3, 1 ]
[ 5, 0, 1, 5, 3, 0, -4, -1, 2 ]
[ -14, -1, 0, 5, 0, 1, -2, 0, 7 ]
[ 1, 0, -22, 14, 1, 0, 0, 0, 37 ]
[ 2, 0, -7, 14, 1, 0, -1, 0, 22 ]
[ 1, 8, 0, 0, 1, 12, 0, 0, 37 ]
[ -1, -8, 0, 0, -3, 1, 0, 1, 12 ]
[ 0, -1, -12, 1, 8, 0, 0, 0, 37 ]
[ 0, -3, 1, 1, 8, 0, 0, 1, 12 ]
[ -5, -3, 0, 0, -3, 1, 1, 2, 2 ]
[ 2, 1, 5, 5, 3, 0, 0, 0, 37 ]
[ 4, 1, -2, 5, 3, 0, 2, 1, 5 ]
[ -5, 0, -1, -4, -1, 2, -2, 0, 7 ]
[ 14, 1, 0, -1, 0, 22, 0, 0, 37 ]
[ 14, 1, 0, -2, 0, 7, -1, 0, 22 ]
[ 1, 2, 2, 0, 1, 12, 0, 0, 37 ]
[ -1, -2, -2, 0, -3, 1, 0, 1, 12 ]
[ -5, -3, 0, 2, 1, 5, 0, 0, 37 ]
[ 5, 3, 0, 1, 2, 2, 2, 1, 5 ]
[ 1, 0, -22, 2, 1, 5, 0, 0, 37 ]
[ 4, 1, -2, -1, 0, 22, 0, 0, 37 ]
[ 4, 1, -2, 2, 1, 5, -1, 0, 22 ]
[ -1, 0, 22, -4, -1, 2, 0, 0, 37 ]
[ -2, 0, 7, -4, -1, 2, -1, 0, 22 ]
[ 1, 1, -10, 1, 2, 2, 0, 0, 37 ]
[ -2, -1, -5, -1, -1, 10, 0, 0, 37 ]
[ 2, 1, 5, 1, 2, 2, -1, -1, 10 ]
[ 37, 0, 0, 9, 1, 0, 5, 0, 1 ]
[ 1, -4, 0, 0, 37, 0, 0, -17, 1 ]
[ 9, 1, 0, -1, 4, 0, -4, -1, 1 ]
[ 5, 0, 1, 9, 1, 0, -2, 0, 7 ]
[ -1, 4, 0, 0, -17, 1, 0, 3, 2 ]
[ 4, 1, -1, -1, 4, 0, 1, -1, 2 ]
[ -9, -1, 0, -4, -1, 1, -2, 0, 7 ]
[ 1, 0, -22, 9, 1, 0, 0, 0, 37 ]
[ 2, 0, -7, 9, 1, 0, -1, 0, 22 ]
[ 1, -4, 0, 0, 1, 13, 0, 0, 37 ]
[ 1, -4, 0, 0, 3, 2, 0, 1, 13 ]
[ 0, 1, 13, -1, 4, 0, 0, 0, 37 ]
[ 1, -1, 2, 0, 1, 13, 0, 0, 37 ]
[ 1, -1, 2, -1, 4, 0, 0, 1, 13 ]
[ -4, -1, 1, 1, -1, 2, -2, 0, 7 ]
[ -1, 0, 22, -4, -1, 1, 0, 0, 37 ]
[ -2, 0, 7, -4, -1, 1, -1, 0, 22 ]
[ 9, 1, 0, -1, 0, 22, 0, 0, 37 ]
[ 9, 1, 0, -2, 0, 7, -1, 0, 22 ]
[ -1, 0, 22, 1, -1, 2, 0, 0, 37 ]
[ -2, 0, 7, 1, -1, 2, -1, 0, 22 ]
[ 4, 1, -1, -1, 0, 22, 0, 0, 37 ]
[ 4, 1, -1, -2, 0, 7, -1, 0, 22 ]
[ 37, 0, 0, 4, 1, 0, 5, 0, 1 ]
[ 1, -9, 0, 0, 37, 0, 0, 8, 1 ]
[ 4, 1, 0, -1, 9, 0, 1, -1, 1 ]
[ 5, 0, 1, 4, 1, 0, -2, 0, 7 ]
[ 1, -9, 0, 0, 8, 1, 0, 3, 5 ]
[ 1, -1, 1, -1, 9, 0, 0, 3, 5 ]
[ -4, -1, 0, 1, -1, 1, -2, 0, 7 ]
[ 1, 0, -22, 4, 1, 0, 0, 0, 37 ]
[ 2, 0, -7, 4, 1, 0, -1, 0, 22 ]
[ 1, -9, 0, 0, 1, 14, 0, 0, 37 ]
[ 1, -9, 0, 0, 3, 5, 0, 1, 14 ]
[ 0, 1, 14, -1, 9, 0, 0, 0, 37 ]
[ 0, 3, 5, -1, 9, 0, 0, 1, 14 ]
[ 1, -1, 1, 0, 1, 14, 0, 0, 37 ]
[ 1, -1, 1, 0, 3, 5, 0, 1, 14 ]
[ -1, 0, 22, 1, -1, 1, 0, 0, 37 ]
[ -2, 0, 7, 1, -1, 1, -1, 0, 22 ]
[ 4, 1, 0, -1, 0, 22, 0, 0, 37 ]
[ 4, 1, 0, -2, 0, 7, -1, 0, 22 ]
[ 1, -1, 0, 0, 37, 0, 0, 5, 1 ]
[ 37, 0, 0, -1, 1, 0, 5, 0, 1 ]
[ 1, -1, 0, 0, 5, 1, 0, -2, 7 ]
[ 5, 0, 1, -1, 1, 0, -2, 0, 7 ]
[ -1, 1, 0, 0, -1, 22, 0, 0, 37 ]
[ -1, 1, 0, 0, -2, 7, 0, -1, 22 ]
[ 1, 0, -22, -1, 1, 0, 0, 0, 37 ]
[ 2, 0, -7, -1, 1, 0, -1, 0, 22 ]
[ 37, 0, 0, -6, 1, 0, 5, 0, 1 ]
[ 1, 6, 0, 0, 37, 0, 0, 7, 1 ]
[ 6, -1, 0, 1, 6, 0, -1, 1, 1 ]
[ 5, 0, 1, -6, 1, 0, -2, 0, 7 ]
[ 1, 6, 0, 0, 7, 1, 0, -2, 5 ]
[ 1, -1, -1, 1, 6, 0, 0, -2, 5 ]
[ 6, -1, 0, -1, 1, 1, -2, 0, 7 ]
[ 1, 0, -22, -6, 1, 0, 0, 0, 37 ]
[ 2, 0, -7, -6, 1, 0, -1, 0, 22 ]
[ -1, -6, 0, 0, -1, 21, 0, 0, 37 ]
[ -1, -6, 0, 0, -2, 5, 0, -1, 21 ]
[ 0, -1, 21, 1, 6, 0, 0, 0, 37 ]
[ 0, -2, 5, 1, 6, 0, 0, -1, 21 ]
[ -1, 1, 1, 0, -1, 21, 0, 0, 37 ]
[ -1, 1, 1, 0, -2, 5, 0, -1, 21 ]
[ 1, 0, -22, -1, 1, 1, 0, 0, 37 ]
[ 2, 0, -7, -1, 1, 1, -1, 0, 22 ]
[ -6, 1, 0, -1, 0, 22, 0, 0, 37 ]
[ -6, 1, 0, -2, 0, 7, -1, 0, 22 ]
[ 37, 0, 0, -11, 1, 0, 5, 0, 1 ]
[ 11, -1, 0, 4, 3, 0, 5, 0, 1 ]
[ 5, 0, 1, -11, 1, 0, -2, 0, 7 ]
[ 1, 10, 0, 0, 37, 0, 0, -13, 1 ]
[ 4, 3, 0, 1, 10, 0, 1, -3, 1 ]
[ 5, 0, 1, 4, 3, 0, -1, 1, 2 ]
[ 11, -1, 0, 5, 0, 1, -2, 0, 7 ]
[ 1, 0, -22, -11, 1, 0, 0, 0, 37 ]
[ 2, 0, -7, -11, 1, 0, -1, 0, 22 ]
[ -1, -10, 0, 0, -13, 1, 0, -2, 3 ]
[ 1, -3, 1, 1, 10, 0, 0, -2, 3 ]
[ -4, -3, 0, 1, -3, 1, -1, 1, 2 ]
[ -1, -1, 5, 4, 3, 0, 0, 0, 37 ]
[ 1, -1, -2, 4, 3, 0, -1, -1, 5 ]
[ 5, 0, 1, -1, 1, 2, -2, 0, 7 ]
[ -11, 1, 0, -1, 0, 22, 0, 0, 37 ]
[ -11, 1, 0, -2, 0, 7, -1, 0, 22 ]
[ -1, -10, 0, 0, -1, 20, 0, 0, 37 ]
[ -1, -10, 0, 0, -2, 3, 0, -1, 20 ]
[ 0, -1, 20, 1, 10, 0, 0, 0, 37 ]
[ 0, -2, 3, 1, 10, 0, 0, -1, 20 ]
[ -1, 3, -1, 0, -1, 20, 0, 0, 37 ]
[ -1, 3, -1, 0, -2, 3, 0, -1, 20 ]
[ 0, -1, 20, 1, -3, 1, 0, 0, 37 ]
[ -1, 1, 2, 0, -1, 20, 0, 0, 37 ]
[ -1, 1, 2, 1, -3, 1, 0, -1, 20 ]
[ -4, -3, 0, -1, -1, 5, 0, 0, 37 ]
[ 4, 3, 0, -1, 1, 2, -1, -1, 5 ]
[ -1, 0, 22, -1, -1, 5, 0, 0, 37 ]
[ -1, 1, 2, -1, 0, 22, 0, 0, 37 ]
[ -1, 1, 2, -1, -1, 5, -1, 0, 22 ]
[ 1, 0, -22, -1, 1, 2, 0, 0, 37 ]
[ 2, 0, -7, -1, 1, 2, -1, 0, 22 ]
[ 1, 1, -5, -1, 0, 22, 0, 0, 37 ]
[ 1, 1, -5, -1, 1, 2, -1, 0, 22 ]
[ 1, 0, -22, -1, 1, 2, 0, 0, 37 ]
[ 37, 0, 0, -16, 1, 0, 5, 0, 1 ]
[ 16, -1, 0, 5, 2, 0, 5, 0, 1 ]
[ 5, 0, 1, -16, 1, 0, -2, 0, 7 ]
[ 1, -7, 0, 0, 37, 0, 0, -2, 1 ]
[ 5, 2, 0, -1, 7, 0, 0, -2, 1 ]
[ 5, 0, 1, 5, 2, 0, 4, 1, 4 ]
[ 16, -1, 0, 5, 0, 1, -2, 0, 7 ]
[ 1, 0, -22, -16, 1, 0, 0, 0, 37 ]
[ 2, 0, -7, -16, 1, 0, -1, 0, 22 ]
[ -1, 7, 0, 0, -1, 19, 0, 0, 37 ]
[ -1, 7, 0, 0, -2, 1, 0, -1, 19 ]
[ 0, 1, -19, -1, 7, 0, 0, 0, 37 ]
[ 0, 2, -1, -1, 7, 0, 0, -1, 19 ]
[ -5, -2, 0, 0, -2, 1, -1, -1, 4 ]
[ 3, 1, -11, 5, 2, 0, 0, 0, 37 ]
[ -4, -1, -4, -3, -1, 11, 0, 0, 37 ]
[ 4, 1, 4, 5, 2, 0, -3, -1, 11 ]
[ 5, 0, 1, 4, 1, 4, -2, 0, 7 ]
[ -16, 1, 0, -1, 0, 22, 0, 0, 37 ]
[ -16, 1, 0, -2, 0, 7, -1, 0, 22 ]
[ -1, -1, 4, 0, -1, 19, 0, 0, 37 ]
[ -1, -1, 4, 0, -2, 1, 0, -1, 19 ]
[ -2, -1, -11, -1, -1, 4, 0, 0, 37 ]
[ 5, 2, 0, 2, 1, 11, 0, 0, 37 ]
[ -5, -2, 0, -1, -1, 4, 2, 1, 11 ]
[ 1, 0, -22, 4, 1, 4, 0, 0, 37 ]
[ 2, 0, -7, 4, 1, 4, -1, 0, 22 ]
[ 37, 0, 0, 16, 1, 0, 5, 0, 1 ]
[ 16, 1, 0, -5, 2, 0, 5, 0, 1 ]
[ 5, 0, 1, 16, 1, 0, -2, 0, 7 ]
[ 1, 7, 0, 0, 37, 0, 0, 2, 1 ]
[ 5, -2, 0, 1, 7, 0, 0, 2, 1 ]
[ 5, 0, 1, -5, 2, 0, -1, 1, 4 ]
[ -16, -1, 0, 5, 0, 1, -2, 0, 7 ]
[ 1, 0, -22, 16, 1, 0, 0, 0, 37 ]
[ 2, 0, -7, 16, 1, 0, -1, 0, 22 ]
[ 1, 7, 0, 0, 1, 19, 0, 0, 37 ]
[ 1, 7, 0, 0, 2, 1, 0, 1, 19 ]
[ 0, -1, -19, 1, 7, 0, 0, 0, 37 ]
[ 0, -2, -1, 1, 7, 0, 0, 1, 19 ]
[ 5, -2, 0, 0, 2, 1, -1, 1, 4 ]
[ -2, 1, -11, -5, 2, 0, 0, 0, 37 ]
[ 1, -1, -4, 2, -1, 11, 0, 0, 37 ]
[ -1, 1, 4, -5, 2, 0, 2, -1, 11 ]
[ 5, 0, 1, -1, 1, 4, -2, 0, 7 ]
[ 16, 1, 0, -1, 0, 22, 0, 0, 37 ]
[ 16, 1, 0, -2, 0, 7, -1, 0, 22 ]
[ 1, -1, -4, 0, 1, 19, 0, 0, 37 ]
[ 1, -1, -4, 0, 2, 1, 0, 1, 19 ]
[ 2, -1, 11, -1, 1, 4, 0, 0, 37 ]
[ -5, 2, 0, 2, -1, 11, 0, 0, 37 ]
[ 5, -2, 0, -1, 1, 4, 2, -1, 11 ]
[ 1, 0, -22, -1, 1, 4, 0, 0, 37 ]
[ 2, 0, -7, -1, 1, 4, -1, 0, 22 ]
[ 37, 0, 0, 11, 1, 0, 5, 0, 1 ]
[ 11, 1, 0, -4, 3, 0, 5, 0, 1 ]
[ 5, 0, 1, 11, 1, 0, -2, 0, 7 ]
[ 1, -10, 0, 0, 37, 0, 0, 13, 1 ]
[ 4, -3, 0, -1, 10, 0, 1, 3, 1 ]
[ 5, 0, 1, -4, 3, 0, -1, -1, 2 ]
[ -11, -1, 0, 5, 0, 1, -2, 0, 7 ]
[ 1, 0, -22, 11, 1, 0, 0, 0, 37 ]
[ 2, 0, -7, 11, 1, 0, -1, 0, 22 ]
[ 1, -10, 0, 0, 13, 1, 0, 2, 3 ]
[ 1, 3, 1, -1, 10, 0, 0, 2, 3 ]
[ 4, -3, 0, 1, 3, 1, -1, -1, 2 ]
[ -1, 1, 5, -4, 3, 0, 0, 0, 37 ]
[ 1, 1, -2, -4, 3, 0, -1, 1, 5 ]
[ -5, 0, -1, -1, -1, 2, -2, 0, 7 ]
[ 11, 1, 0, -1, 0, 22, 0, 0, 37 ]
[ 11, 1, 0, -2, 0, 7, -1, 0, 22 ]
[ 1, -10, 0, 0, 1, 20, 0, 0, 37 ]
[ 1, -10, 0, 0, 2, 3, 0, 1, 20 ]
[ 0, 1, 20, -1, 10, 0, 0, 0, 37 ]
[ 0, 2, 3, -1, 10, 0, 0, 1, 20 ]
[ 1, 3, 1, 0, 1, 20, 0, 0, 37 ]
[ 1, 3, 1, 0, 2, 3, 0, 1, 20 ]
[ 0, -1, -20, 1, 3, 1, 0, 0, 37 ]
[ 1, 1, -2, 0, 1, 20, 0, 0, 37 ]
[ 1, 1, -2, 1, 3, 1, 0, 1, 20 ]
[ 4, -3, 0, -1, 1, 5, 0, 0, 37 ]
[ -4, 3, 0, -1, -1, 2, -1, 1, 5 ]
[ 1, 0, -22, -1, 1, 5, 0, 0, 37 ]
[ 1, 1, -2, -1, 0, 22, 0, 0, 37 ]
[ 1, 1, -2, -1, 1, 5, -1, 0, 22 ]
[ -1, 0, 22, -1, -1, 2, 0, 0, 37 ]
[ -2, 0, 7, -1, -1, 2, -1, 0, 22 ]
[ -1, 1, 5, -1, 0, 22, 0, 0, 37 ]
[ -1, 1, 5, -1, -1, 2, -1, 0, 22 ]
[ -1, 0, 22, -1, -1, 2, 0, 0, 37 ]
[ 37, 0, 0, 6, 1, 0, 5, 0, 1 ]
[ 1, -6, 0, 0, 37, 0, 0, -7, 1 ]
[ 6, 1, 0, -1, 6, 0, -1, -1, 1 ]
[ 5, 0, 1, 6, 1, 0, -2, 0, 7 ]
[ -1, 6, 0, 0, -7, 1, 0, 2, 5 ]
[ 1, 1, -1, -1, 6, 0, 0, 2, 5 ]
[ -6, -1, 0, -1, -1, 1, -2, 0, 7 ]
[ 1, 0, -22, 6, 1, 0, 0, 0, 37 ]
[ 2, 0, -7, 6, 1, 0, -1, 0, 22 ]
[ 1, -6, 0, 0, 1, 21, 0, 0, 37 ]
[ 1, -6, 0, 0, 2, 5, 0, 1, 21 ]
[ 0, 1, 21, -1, 6, 0, 0, 0, 37 ]
[ 0, 2, 5, -1, 6, 0, 0, 1, 21 ]
[ 1, 1, -1, 0, 1, 21, 0, 0, 37 ]
[ 1, 1, -1, 0, 2, 5, 0, 1, 21 ]
[ -1, 0, 22, -1, -1, 1, 0, 0, 37 ]
[ -2, 0, 7, -1, -1, 1, -1, 0, 22 ]
[ 6, 1, 0, -1, 0, 22, 0, 0, 37 ]
[ 6, 1, 0, -2, 0, 7, -1, 0, 22 ]
[ 1, 1, 0, 0, 37, 0, 0, -5, 1 ]
[ 37, 0, 0, 1, 1, 0, 5, 0, 1 ]
[ -1, -1, 0, 0, -5, 1, 0, 2, 7 ]
[ 5, 0, 1, 1, 1, 0, -2, 0, 7 ]
[ 1, 1, 0, 0, 1, 22, 0, 0, 37 ]
[ 1, 1, 0, 0, 2, 7, 0, 1, 22 ]
[ 1, 0, -22, 1, 1, 0, 0, 0, 37 ]
[ 2, 0, -7, 1, 1, 0, -1, 0, 22 ]
[ 37, 0, 0, -4, 1, 0, 5, 0, 1 ]
[ 1, 9, 0, 0, 37, 0, 0, -8, 1 ]
[ 4, -1, 0, 1, 9, 0, 1, 1, 1 ]
[ 5, 0, 1, -4, 1, 0, -2, 0, 7 ]
[ -1, -9, 0, 0, -8, 1, 0, -3, 5 ]
[ 1, 1, 1, 1, 9, 0, 0, -3, 5 ]
[ 4, -1, 0, 1, 1, 1, -2, 0, 7 ]
[ 1, 0, -22, -4, 1, 0, 0, 0, 37 ]
[ 2, 0, -7, -4, 1, 0, -1, 0, 22 ]
[ -1, -9, 0, 0, -1, 14, 0, 0, 37 ]
[ -1, -9, 0, 0, -3, 5, 0, -1, 14 ]
[ 0, -1, 14, 1, 9, 0, 0, 0, 37 ]
[ 0, -3, 5, 1, 9, 0, 0, -1, 14 ]
[ -1, -1, -1, 0, -1, 14, 0, 0, 37 ]
[ -1, -1, -1, 0, -3, 5, 0, -1, 14 ]
[ 1, 0, -22, 1, 1, 1, 0, 0, 37 ]
[ 2, 0, -7, 1, 1, 1, -1, 0, 22 ]
[ -4, 1, 0, -1, 0, 22, 0, 0, 37 ]
[ -4, 1, 0, -2, 0, 7, -1, 0, 22 ]
[ 37, 0, 0, -9, 1, 0, 5, 0, 1 ]
[ 1, 4, 0, 0, 37, 0, 0, 17, 1 ]
[ 9, -1, 0, 1, 4, 0, -4, 1, 1 ]
[ 5, 0, 1, -9, 1, 0, -2, 0, 7 ]
[ 1, 4, 0, 0, 17, 1, 0, -3, 2 ]
[ 4, -1, -1, 1, 4, 0, 1, 1, 2 ]
[ 9, -1, 0, -4, 1, 1, -2, 0, 7 ]
[ 1, 0, -22, -9, 1, 0, 0, 0, 37 ]
[ 2, 0, -7, -9, 1, 0, -1, 0, 22 ]
[ -1, -4, 0, 0, -1, 13, 0, 0, 37 ]
[ -1, -4, 0, 0, -3, 2, 0, -1, 13 ]
[ 0, -1, 13, 1, 4, 0, 0, 0, 37 ]
[ -1, -1, -2, 0, -1, 13, 0, 0, 37 ]
[ 1, 1, 2, 1, 4, 0, 0, -1, 13 ]
[ 4, -1, -1, 1, 1, 2, -2, 0, 7 ]
[ 1, 0, -22, -4, 1, 1, 0, 0, 37 ]
[ 2, 0, -7, -4, 1, 1, -1, 0, 22 ]
[ -9, 1, 0, -1, 0, 22, 0, 0, 37 ]
[ -9, 1, 0, -2, 0, 7, -1, 0, 22 ]
[ 1, 0, -22, 1, 1, 2, 0, 0, 37 ]
[ 2, 0, -7, 1, 1, 2, -1, 0, 22 ]
[ -4, 1, 1, -1, 0, 22, 0, 0, 37 ]
[ -4, 1, 1, -2, 0, 7, -1, 0, 22 ]
[ 37, 0, 0, -14, 1, 0, 5, 0, 1 ]
[ 14, -1, 0, -5, 3, 0, 5, 0, 1 ]
[ 5, 0, 1, -14, 1, 0, -2, 0, 7 ]
[ 1, -8, 0, 0, 37, 0, 0, 3, 1 ]
[ 5, -3, 0, -1, 8, 0, 0, 3, 1 ]
[ 5, 0, 1, -5, 3, 0, -4, 1, 2 ]
[ 14, -1, 0, 5, 0, 1, -2, 0, 7 ]
[ 1, 0, -22, -14, 1, 0, 0, 0, 37 ]
[ 2, 0, -7, -14, 1, 0, -1, 0, 22 ]
[ -1, 8, 0, 0, -1, 12, 0, 0, 37 ]
[ 1, -8, 0, 0, 3, 1, 0, -1, 12 ]
[ 0, 1, -12, -1, 8, 0, 0, 0, 37 ]
[ 0, 3, 1, -1, 8, 0, 0, -1, 12 ]
[ 5, -3, 0, 0, 3, 1, 1, -2, 2 ]
[ 2, -1, 5, -5, 3, 0, 0, 0, 37 ]
[ 4, -1, -2, -5, 3, 0, 2, -1, 5 ]
[ 5, 0, 1, -4, 1, 2, -2, 0, 7 ]
[ -14, 1, 0, -1, 0, 22, 0, 0, 37 ]
[ -14, 1, 0, -2, 0, 7, -1, 0, 22 ]
[ -1, 2, -2, 0, -1, 12, 0, 0, 37 ]
[ 1, -2, 2, 0, 3, 1, 0, -1, 12 ]
[ 5, -3, 0, 2, -1, 5, 0, 0, 37 ]
[ -5, 3, 0, 1, -2, 2, 2, -1, 5 ]
[ -1, 0, 22, 2, -1, 5, 0, 0, 37 ]
[ -4, 1, 2, -1, 0, 22, 0, 0, 37 ]
[ -4, 1, 2, 2, -1, 5, -1, 0, 22 ]
[ 1, 0, -22, -4, 1, 2, 0, 0, 37 ]
[ 2, 0, -7, -4, 1, 2, -1, 0, 22 ]
[ -1, 1, 10, 1, -2, 2, 0, 0, 37 ]
[ 2, -1, 5, -1, 1, 10, 0, 0, 37 ]
[ -2, 1, -5, 1, -2, 2, -1, 1, 10 ]
[ 37, 0, 0, 18, 1, 0, 5, 0, 1 ]
[ 1, -2, 0, 0, 37, 0, 0, 10, 1 ]
[ 18, 1, 0, -1, 2, 0, 5, 0, 1 ]
[ 5, 0, 1, 18, 1, 0, -2, 0, 7 ]
[ 1, -2, 0, 0, 10, 1, 0, 3, 4 ]
[ 5, 0, 1, -1, 2, 0, 1, 1, 4 ]
[ -18, -1, 0, 5, 0, 1, -2, 0, 7 ]
[ 1, 0, -22, 18, 1, 0, 0, 0, 37 ]
[ 2, 0, -7, 18, 1, 0, -1, 0, 22 ]
[ -1, 2, 0, 0, -1, 11, 0, 0, 37 ]
[ 1, -2, 0, 0, 3, 4, 0, -1, 11 ]
[ 0, 1, -11, -1, 2, 0, 0, 0, 37 ]
[ -1, -1, -4, 0, -1, 11, 0, 0, 37 ]
[ 1, 1, 4, -1, 2, 0, 0, -1, 11 ]
[ 5, 0, 1, 1, 1, 4, -2, 0, 7 ]
[ 18, 1, 0, -1, 0, 22, 0, 0, 37 ]
[ 18, 1, 0, -2, 0, 7, -1, 0, 22 ]
[ 1, 0, -22, 1, 1, 4, 0, 0, 37 ]
[ 2, 0, -7, 1, 1, 4, -1, 0, 22 ]
[ 37, 0, 0, 13, 1, 0, 5, 0, 1 ]
[ 13, 1, 0, 2, 3, 0, 5, 0, 1 ]
[ 5, 0, 1, 13, 1, 0, -2, 0, 7 ]
[ 1, 20, 0, 0, 37, 0, 0, 11, 1 ]
[ 2, 3, 0, 1, 20, 0, -1, -9, 1 ]
[ 5, 0, 1, 2, 3, 0, -3, -1, 2 ]
[ -13, -1, 0, 5, 0, 1, -2, 0, 7 ]
[ 1, 0, -22, 13, 1, 0, 0, 0, 37 ]
[ 2, 0, -7, 13, 1, 0, -1, 0, 22 ]
[ 1, 20, 0, 0, 11, 1, 0, -4, 3 ]
[ 1, 9, -1, 1, 20, 0, 0, -4, 3 ]
[ -2, -3, 0, -1, -9, 1, 1, 5, 2 ]
[ 1, 1, 5, 2, 3, 0, 0, 0, 37 ]
[ 3, 1, -2, 2, 3, 0, 1, 1, 5 ]
[ -5, 0, -1, -3, -1, 2, -2, 0, 7 ]
[ 13, 1, 0, -1, 0, 22, 0, 0, 37 ]
[ 13, 1, 0, -2, 0, 7, -1, 0, 22 ]
[ -1, -20, 0, 0, -1, 10, 0, 0, 37 ]
[ -1, -20, 0, 0, -4, 3, 0, -1, 10 ]
[ 0, -1, 10, 1, 20, 0, 0, 0, 37 ]
[ 0, -4, 3, 1, 20, 0, 0, -1, 10 ]
[ -1, -9, 1, 0, -1, 10, 0, 0, 37 ]
[ -1, -9, 1, 0, -4, 3, 0, -1, 10 ]
[ 0, 1, -10, -1, -9, 1, 0, 0, 37 ]
[ -1, -5, -2, 0, -1, 10, 0, 0, 37 ]
[ -1, -5, -2, -1, -9, 1, 0, -1, 10 ]
[ -2, -3, 0, -1, -2, 5, 0, 0, 37 ]
[ 2, 3, 0, 1, 5, 2, -1, -2, 5 ]
[ 1, 0, -22, 1, 1, 5, 0, 0, 37 ]
[ 3, 1, -2, -1, 0, 22, 0, 0, 37 ]
[ 3, 1, -2, 1, 1, 5, -1, 0, 22 ]
[ -1, 0, 22, -3, -1, 2, 0, 0, 37 ]
[ -2, 0, 7, -3, -1, 2, -1, 0, 22 ]
[ 0, -1, 10, 1, 5, 2, 0, 0, 37 ]
[ -1, -2, 5, 0, -1, 10, 0, 0, 37 ]
[ 1, 2, -5, 1, 5, 2, 0, -1, 10 ]
[ 37, 0, 0, 8, 1, 0, 5, 0, 1 ]
[ 8, 1, 0, 3, 5, 0, -3, -1, 1 ]
[ 5, 0, 1, 8, 1, 0, -2, 0, 7 ]
[ 1, 14, 0, 0, 37, 0, 0, 4, 1 ]
[ 3, 5, 0, 1, 14, 0, 0, 4, 1 ]
[ -1, -2, 3, 3, 5, 0, 0, 0, 37 ]
[ 3, 1, -1, 3, 5, 0, -1, -2, 3 ]
[ -8, -1, 0, -3, -1, 1, -2, 0, 7 ]
[ 1, 0, -22, 8, 1, 0, 0, 0, 37 ]
[ 2, 0, -7, 8, 1, 0, -1, 0, 22 ]
[ -1, -14, 0, 0, -1, 9, 0, 0, 37 ]
[ 1, 14, 0, 0, 4, 1, 0, -1, 9 ]
[ 0, -1, 9, 1, 14, 0, 0, 0, 37 ]
[ 0, -4, -1, 1, 14, 0, 0, -1, 9 ]
[ -3, -5, 0, -1, -2, 3, 0, 0, 37 ]
[ 3, 5, 0, 0, 4, 1, -1, -2, 3 ]
[ -1, -1, -6, -1, -2, 3, 0, 0, 37 ]
[ -3, -1, 1, -1, -2, 3, 1, 1, 6 ]
[ -1, 0, 22, -3, -1, 1, 0, 0, 37 ]
[ -2, 0, 7, -3, -1, 1, -1, 0, 22 ]
[ 8, 1, 0, -1, 0, 22, 0, 0, 37 ]
[ 8, 1, 0, -2, 0, 7, -1, 0, 22 ]
[ -1, -2, 3, 0, -1, 9, 0, 0, 37 ]
[ 1, 2, -3, 0, 4, 1, 0, -1, 9 ]
[ 1, 0, -22, 1, 1, 6, 0, 0, 37 ]
[ 3, 1, -1, -1, 0, 22, 0, 0, 37 ]
[ 3, 1, -1, 1, 1, 6, -1, 0, 22 ]
[ 37, 0, 0, 3, 1, 0, 5, 0, 1 ]
[ 1, -12, 0, 0, 37, 0, 0, -14, 1 ]
[ 3, 1, 0, -1, 12, 0, -1, -2, 1 ]
[ 5, 0, 1, 3, 1, 0, -2, 0, 7 ]
[ -1, 12, 0, 0, -14, 1, 0, -5, 3 ]
[ 1, 2, -1, -1, 12, 0, 0, -5, 3 ]
[ -1, -1, -7, -1, -2, 1, 0, 0, 37 ]
[ -3, -1, 0, -1, -2, 1, 1, 1, 7 ]
[ 1, 0, -22, 3, 1, 0, 0, 0, 37 ]
[ 2, 0, -7, 3, 1, 0, -1, 0, 22 ]
[ -1, 12, 0, 0, -1, 8, 0, 0, 37 ]
[ -1, 12, 0, 0, -5, 3, 0, -1, 8 ]
[ 0, 1, -8, -1, 12, 0, 0, 0, 37 ]
[ 0, 5, -3, -1, 12, 0, 0, -1, 8 ]
[ -1, -2, 1, 0, -1, 8, 0, 0, 37 ]
[ -1, -2, 1, 0, -5, 3, 0, -1, 8 ]
[ 2, 1, 22, 1, 1, 7, 0, 0, 37 ]
[ 3, 1, 0, 2, 1, 22, 0, 0, 37 ]
[ 3, 1, 0, 1, 1, 7, 2, 1, 22 ]
[ 37, 0, 0, -2, 1, 0, 5, 0, 1 ]
[ 1, -19, 0, 0, 37, 0, 0, -16, 1 ]
[ 2, -1, 0, -1, 19, 0, -1, 3, 1 ]
[ 5, 0, 1, -2, 1, 0, -2, 0, 7 ]
[ -1, 19, 0, 0, -16, 1, 0, 5, 2 ]
[ 1, -3, -1, -1, 19, 0, 0, 5, 2 ]
[ 0, 1, -7, -1, 3, 1, 0, 0, 37 ]
[ 2, -1, 0, -1, 3, 1, 0, -1, 7 ]
[ 1, 0, -22, -2, 1, 0, 0, 0, 37 ]
[ 2, 0, -7, -2, 1, 0, -1, 0, 22 ]
[ -1, 19, 0, 0, -1, 7, 0, 0, 37 ]
[ 1, -19, 0, 0, 5, 2, 0, -1, 7 ]
[ 0, 1, -7, -1, 19, 0, 0, 0, 37 ]
[ 0, 5, 2, -1, 19, 0, 0, -1, 7 ]
[ -1, 3, 1, 0, -1, 7, 0, 0, 37 ]
[ 1, -3, -1, 0, 5, 2, 0, -1, 7 ]
[ -1, 0, 22, 0, -1, 7, 0, 0, 37 ]
[ -2, 1, 0, -1, 0, 22, 0, 0, 37 ]
[ -2, 1, 0, 0, -1, 7, -1, 0, 22 ]
[ 37, 0, 0, -7, 1, 0, 5, 0, 1 ]
[ 7, -1, 0, 2, 5, 0, -2, 1, 1 ]
[ 5, 0, 1, -7, 1, 0, -2, 0, 7 ]
[ 1, 21, 0, 0, 37, 0, 0, 6, 1 ]
[ 2, 5, 0, 1, 21, 0, 0, 6, 1 ]
[ 1, 2, 3, 2, 5, 0, 0, 0, 37 ]
[ 2, -1, -1, 2, 5, 0, 1, 2, 3 ]
[ 7, -1, 0, -2, 1, 1, -2, 0, 7 ]
[ 1, 0, -22, -7, 1, 0, 0, 0, 37 ]
[ 2, 0, -7, -7, 1, 0, -1, 0, 22 ]
[ -1, -21, 0, 0, -1, 6, 0, 0, 37 ]
[ 1, 21, 0, 0, 6, 1, 0, -1, 6 ]
[ 0, -1, 6, 1, 21, 0, 0, 0, 37 ]
[ 0, -6, -1, 1, 21, 0, 0, -1, 6 ]
[ -2, -5, 0, 1, 2, 3, 0, 0, 37 ]
[ 2, 5, 0, 0, 6, 1, 1, 2, 3 ]
[ 0, -1, 6, 1, 2, 3, 0, 0, 37 ]
[ 2, -1, -1, 1, 2, 3, 0, -1, 6 ]
[ 1, 0, -22, -2, 1, 1, 0, 0, 37 ]
[ 2, 0, -7, -2, 1, 1, -1, 0, 22 ]
[ -7, 1, 0, -1, 0, 22, 0, 0, 37 ]
[ -7, 1, 0, -2, 0, 7, -1, 0, 22 ]
[ -1, -2, -3, 0, -1, 6, 0, 0, 37 ]
[ 1, 2, 3, 0, 6, 1, 0, -1, 6 ]
[ -1, 0, 22, 0, -1, 6, 0, 0, 37 ]
[ -2, 1, 1, -1, 0, 22, 0, 0, 37 ]
[ -2, 1, 1, 0, -1, 6, -1, 0, 22 ]
[ 37, 0, 0, -12, 1, 0, 5, 0, 1 ]
[ 1, 3, 0, 0, 37, 0, 0, -15, 1 ]
[ 12, -1, 0, 1, 3, 0, 5, 0, 1 ]
[ 5, 0, 1, -12, 1, 0, -2, 0, 7 ]
[ -1, -3, 0, 0, -15, 1, 0, 7, 2 ]
[ 5, 0, 1, 1, 3, 0, -2, 1, 2 ]
[ 12, -1, 0, 5, 0, 1, -2, 0, 7 ]
[ 1, 0, -22, -12, 1, 0, 0, 0, 37 ]
[ 2, 0, -7, -12, 1, 0, -1, 0, 22 ]
[ -1, -3, 0, 0, -1, 5, 0, 0, 37 ]
[ 1, 3, 0, 0, 7, 2, 0, -1, 5 ]
[ 0, -1, 5, 1, 3, 0, 0, 0, 37 ]
[ 2, -1, -2, 1, 3, 0, 0, -1, 5 ]
[ 5, 0, 1, -2, 1, 2, -2, 0, 7 ]
[ -12, 1, 0, -1, 0, 22, 0, 0, 37 ]
[ -12, 1, 0, -2, 0, 7, -1, 0, 22 ]
[ -1, 0, 22, 0, -1, 5, 0, 0, 37 ]
[ -2, 1, 2, -1, 0, 22, 0, 0, 37 ]
[ -2, 1, 2, 0, -1, 5, -1, 0, 22 ]
[ 1, 0, -22, -2, 1, 2, 0, 0, 37 ]
[ 2, 0, -7, -2, 1, 2, -1, 0, 22 ]
[ 37, 0, 0, -17, 1, 0, 5, 0, 1 ]
[ 17, -1, 0, 3, 2, 0, 5, 0, 1 ]
[ 5, 0, 1, -17, 1, 0, -2, 0, 7 ]
[ 1, 13, 0, 0, 37, 0, 0, 9, 1 ]
[ 3, 2, 0, 1, 13, 0, -1, -4, 1 ]
[ 5, 0, 1, 3, 2, 0, 3, 1, 4 ]
[ 17, -1, 0, 5, 0, 1, -2, 0, 7 ]
[ 1, 0, -22, -17, 1, 0, 0, 0, 37 ]
[ 2, 0, -7, -17, 1, 0, -1, 0, 22 ]
[ -1, -13, 0, 0, -1, 4, 0, 0, 37 ]
[ 1, 13, 0, 0, 9, 1, 0, -1, 4 ]
[ 0, -1, 4, 1, 13, 0, 0, 0, 37 ]
[ -1, -4, 1, 0, -1, 4, 0, 0, 37 ]
[ 1, 4, -1, 1, 13, 0, 0, -1, 4 ]
[ 0, 1, -4, -1, -4, 1, 0, 0, 37 ]
[ -3, -2, 0, -1, -4, 1, 0, -1, 4 ]
[ 2, 1, -11, 3, 2, 0, 0, 0, 37 ]
[ -3, -1, -4, -2, -1, 11, 0, 0, 37 ]
[ 3, 1, 4, 3, 2, 0, -2, -1, 11 ]
[ 5, 0, 1, 3, 1, 4, -2, 0, 7 ]
[ -17, 1, 0, -1, 0, 22, 0, 0, 37 ]
[ -17, 1, 0, -2, 0, 7, -1, 0, 22 ]
[ -1, -1, -11, 0, -1, 4, 0, 0, 37 ]
[ 3, 2, 0, 1, 1, 11, 0, 0, 37 ]
[ -3, -2, 0, 0, -1, 4, 1, 1, 11 ]
[ 1, 0, -22, 3, 1, 4, 0, 0, 37 ]
[ 2, 0, -7, 3, 1, 4, -1, 0, 22 ]
[ 37, 0, 0, 15, 1, 0, 5, 0, 1 ]
[ 15, 1, 0, -7, 2, 0, 5, 0, 1 ]
[ 5, 0, 1, 15, 1, 0, -2, 0, 7 ]
[ 1, 5, 0, 0, 37, 0, 0, 12, 1 ]
[ 7, -2, 0, 1, 5, 0, -2, 2, 1 ]
[ 5, 0, 1, -7, 2, 0, -2, 1, 4 ]
[ -15, -1, 0, 5, 0, 1, -2, 0, 7 ]
[ 1, 0, -22, 15, 1, 0, 0, 0, 37 ]
[ 2, 0, -7, 15, 1, 0, -1, 0, 22 ]
[ -1, -5, 0, 0, -1, 3, 0, 0, 37 ]
[ 1, 5, 0, 0, 12, 1, 0, -1, 3 ]
[ 0, -1, 3, 1, 5, 0, 0, 0, 37 ]
[ 2, -2, -1, 1, 5, 0, 0, -1, 3 ]
[ 7, -2, 0, -2, 2, 1, -2, 1, 4 ]
[ -3, 1, -11, -7, 2, 0, 0, 0, 37 ]
[ 2, -1, -4, 3, -1, 11, 0, 0, 37 ]
[ -2, 1, 4, -7, 2, 0, 3, -1, 11 ]
[ 5, 0, 1, -2, 1, 4, -2, 0, 7 ]
[ 15, 1, 0, -1, 0, 22, 0, 0, 37 ]
[ 15, 1, 0, -2, 0, 7, -1, 0, 22 ]
[ -1, 1, 19, 0, -1, 3, 0, 0, 37 ]
[ -2, 2, 1, 0, -1, 3, -1, 1, 19 ]
[ 2, -1, -4, -1, 1, 19, 0, 0, 37 ]
[ 2, -1, -4, -2, 2, 1, -1, 1, 19 ]
[ 3, -1, 11, -2, 1, 4, 0, 0, 37 ]
[ -7, 2, 0, 3, -1, 11, 0, 0, 37 ]
[ 7, -2, 0, -2, 1, 4, 3, -1, 11 ]
[ 1, 0, -22, -2, 1, 4, 0, 0, 37 ]
[ 2, 0, -7, -2, 1, 4, -1, 0, 22 ]
[ 37, 0, 0, 10, 1, 0, 5, 0, 1 ]
[ 10, 1, 0, 3, 4, 0, -5, -1, 1 ]
[ 5, 0, 1, 10, 1, 0, -2, 0, 7 ]
[ 1, -11, 0, 0, 37, 0, 0, 18, 1 ]
[ 3, 4, 0, -1, 11, 0, 1, 7, 1 ]
[ 5, 1, -1, 3, 4, 0, 0, -1, 2 ]
[ -10, -1, 0, -5, -1, 1, -2, 0, 7 ]
[ 1, 0, -22, 10, 1, 0, 0, 0, 37 ]
[ 2, 0, -7, 10, 1, 0, -1, 0, 22 ]
[ -1, 11, 0, 0, -1, 2, 0, 0, 37 ]
[ 1, -11, 0, 0, 18, 1, 0, -1, 2 ]
[ 0, 1, -2, -1, 11, 0, 0, 0, 37 ]
[ -1, -7, -1, 0, -1, 2, 0, 0, 37 ]
[ 1, 7, 1, -1, 11, 0, 0, -1, 2 ]
[ 0, -1, 2, 1, 7, 1, 0, 0, 37 ]
[ 3, 4, 0, 1, 7, 1, 0, -1, 2 ]
[ 1, 1, 13, 3, 4, 0, 0, 0, 37 ]
[ 0, -1, 2, 1, 1, 13, 0, 0, 37 ]
[ 0, -1, 2, 3, 4, 0, 1, 1, 13 ]
[ -5, -1, 1, 0, -1, 2, -2, 0, 7 ]
[ -1, 0, 22, -5, -1, 1, 0, 0, 37 ]
[ -2, 0, 7, -5, -1, 1, -1, 0, 22 ]
[ 10, 1, 0, -1, 0, 22, 0, 0, 37 ]
[ 10, 1, 0, -2, 0, 7, -1, 0, 22 ]
[ -1, -1, -13, 0, -1, 2, 0, 0, 37 ]
[ -3, -4, 0, 1, 1, 13, 0, 0, 37 ]
[ -3, -4, 0, 0, -1, 2, 1, 1, 13 ]
[ -1, 0, 22, 0, -1, 2, 0, 0, 37 ]
[ -2, 0, 7, 0, -1, 2, -1, 0, 22 ]
[ 5, 1, -1, -1, 0, 22, 0, 0, 37 ]
[ 5, 1, -1, -2, 0, 7, -1, 0, 22 ]
[ 37, 0, 0, 5, 1, 0, 5, 0, 1 ]
[ 5, 1, 0, -2, 7, 0, 0, -1, 1 ]
[ 5, 0, 1, 5, 1, 0, -2, 0, 7 ]
[ -1, 22, 0, 0, -1, 1, 0, 0, 37 ]
[ 1, -22, 0, 0, 37, 0, 0, -1, 1 ]
[ 0, 1, -1, -1, 22, 0, 0, 0, 37 ]
[ 2, -7, 0, -1, 22, 0, 0, -1, 1 ]
[ 1, -3, -19, -2, 7, 0, 0, 0, 37 ]
[ 0, 1, -1, -1, 3, 19, 0, 0, 37 ]
[ 0, 1, -1, -2, 7, 0, -1, 3, 19 ]
[ -5, -1, 0, 0, -1, 1, -2, 0, 7 ]
[ 1, 0, -22, 5, 1, 0, 0, 0, 37 ]
[ 2, 0, -7, 5, 1, 0, -1, 0, 22 ]
[ -1, 3, 19, 0, -1, 1, 0, 0, 37 ]
[ -2, 7, 0, -1, 3, 19, 0, 0, 37 ]
[ -2, 7, 0, 0, -1, 1, -1, 3, 19 ]
[ -1, 0, 22, 0, -1, 1, 0, 0, 37 ]
[ -2, 0, 7, 0, -1, 1, -1, 0, 22 ]
[ 5, 1, 0, -1, 0, 22, 0, 0, 37 ]
[ 5, 1, 0, -2, 0, 7, -1, 0, 22 ]
[ 37, 0, 0, 0, 1, 0, 7, 0, 1 ]
[ 7, 0, 1, 0, 1, 0, -2, 0, 5 ]
[ 1, 0, -21, 0, 1, 0, 0, 0, 37 ]
[ 2, 0, -5, 0, 1, 0, -1, 0, 21 ]
[ 37, 0, 0, -7, 1, 0, 7, 0, 1 ]
[ 7, -1, 0, 2, 5, 0, 0, 1, 1 ]
[ 7, 0, 1, -7, 1, 0, -2, 0, 5 ]
[ 1, 21, 0, 0, 1, 1, 0, 0, 37 ]
[ 1, 21, 0, 0, 37, 0, 0, 1, 1 ]
[ 0, -1, -1, 1, 21, 0, 0, 0, 37 ]
[ 2, 5, 0, 1, 21, 0, 0, 1, 1 ]
[ -1, -3, -19, 2, 5, 0, 0, 0, 37 ]
[ 0, -1, -1, 1, 3, 19, 0, 0, 37 ]
[ 0, -1, -1, 2, 5, 0, 1, 3, 19 ]
[ 7, -1, 0, 0, 1, 1, -2, 0, 5 ]
[ 1, 0, -21, -7, 1, 0, 0, 0, 37 ]
[ 2, 0, -5, -7, 1, 0, -1, 0, 21 ]
[ 1, 3, 19, 0, 1, 1, 0, 0, 37 ]
[ 2, 5, 0, 1, 3, 19, 0, 0, 37 ]
[ 2, 5, 0, 0, 1, 1, 1, 3, 19 ]
[ 1, 0, -21, 0, 1, 1, 0, 0, 37 ]
[ 2, 0, -5, 0, 1, 1, -1, 0, 21 ]
[ -7, 1, 0, -1, 0, 21, 0, 0, 37 ]
[ -7, 1, 0, -2, 0, 5, -1, 0, 21 ]
[ 37, 0, 0, -14, 1, 0, 7, 0, 1 ]
[ 14, -1, 0, -5, 3, 0, -7, 1, 1 ]
[ 7, 0, 1, -14, 1, 0, -2, 0, 5 ]
[ 1, -8, 0, 0, 37, 0, 0, -18, 1 ]
[ 5, -3, 0, -1, 8, 0, -2, -2, 1 ]
[ 7, -1, -1, -5, 3, 0, 0, 1, 2 ]
[ 14, -1, 0, -7, 1, 1, -2, 0, 5 ]
[ 1, 0, -21, -14, 1, 0, 0, 0, 37 ]
[ 2, 0, -5, -14, 1, 0, -1, 0, 21 ]
[ 1, -8, 0, 0, 1, 2, 0, 0, 37 ]
[ -1, 8, 0, 0, -18, 1, 0, 1, 2 ]
[ 0, 1, 2, -1, 8, 0, 0, 0, 37 ]
[ 2, 2, -1, -1, 8, 0, 0, 1, 2 ]
[ -5, 3, 0, -2, -2, 1, 0, 1, 2 ]
[ 2, -1, -7, -5, 3, 0, 0, 0, 37 ]
[ 0, 1, 2, -5, 3, 0, -2, 1, 7 ]
[ 7, -1, -1, 0, 1, 2, -2, 0, 5 ]
[ 1, 0, -21, -7, 1, 1, 0, 0, 37 ]
[ 2, 0, -5, -7, 1, 1, -1, 0, 21 ]
[ -14, 1, 0, -1, 0, 21, 0, 0, 37 ]
[ -14, 1, 0, -2, 0, 5, -1, 0, 21 ]
[ 1, 1, -19, 0, 1, 2, 0, 0, 37 ]
[ 2, 2, -1, 0, 1, 2, -1, -1, 19 ]
[ 0, 1, 2, -1, -1, 19, 0, 0, 37 ]
[ 0, 1, 2, -2, -2, 1, -1, -1, 19 ]
[ -5, 3, 0, -2, 1, 7, 0, 0, 37 ]
[ 5, -3, 0, 0, 1, 2, -2, 1, 7 ]
[ -1, 1, 23, -2, 1, 7, 0, 0, 37 ]
[ 0, 1, 2, -1, 1, 23, 0, 0, 37 ]
[ 0, 1, 2, -2, 1, 7, -1, 1, 23 ]
[ 1, 0, -21, 0, 1, 2, 0, 0, 37 ]
[ 2, 0, -5, 0, 1, 2, -1, 0, 21 ]
[ -7, 1, 1, -1, 0, 21, 0, 0, 37 ]
[ -7, 1, 1, -2, 0, 5, -1, 0, 21 ]
[ 1, -1, -23, 0, 1, 2, 0, 0, 37 ]
[ 2, -1, -7, -1, 1, 23, 0, 0, 37 ]
[ 2, -1, -7, 0, 1, 2, -1, 1, 23 ]
[ 37, 0, 0, 16, 1, 0, 7, 0, 1 ]
[ 16, 1, 0, -5, 2, 0, 7, 0, 1 ]
[ 7, 0, 1, 16, 1, 0, -2, 0, 5 ]
[ 1, 7, 0, 0, 37, 0, 0, -12, 1 ]
[ 5, -2, 0, 1, 7, 0, 2, 2, 1 ]
[ 7, 0, 1, -5, 2, 0, 0, 1, 3 ]
[ -16, -1, 0, 7, 0, 1, -2, 0, 5 ]
[ 1, 0, -21, 16, 1, 0, 0, 0, 37 ]
[ 2, 0, -5, 16, 1, 0, -1, 0, 21 ]
[ 1, 7, 0, 0, 1, 3, 0, 0, 37 ]
[ -1, -7, 0, 0, -12, 1, 0, 1, 3 ]
[ 0, -1, -3, 1, 7, 0, 0, 0, 37 ]
[ 2, 2, 1, 1, 7, 0, 0, 1, 3 ]
[ 5, -2, 0, 2, 2, 1, 0, 1, 3 ]
[ -2, 1, 8, -5, 2, 0, 0, 0, 37 ]
[ 0, 1, 3, -5, 2, 0, -2, 1, 8 ]
[ 7, 0, 1, 0, 1, 3, -2, 0, 5 ]
[ 16, 1, 0, -1, 0, 21, 0, 0, 37 ]
[ 16, 1, 0, -2, 0, 5, -1, 0, 21 ]
[ 1, 1, 19, 0, 1, 3, 0, 0, 37 ]
[ 2, 2, 1, 0, 1, 3, 1, 1, 19 ]
[ 0, -1, -3, 1, 1, 19, 0, 0, 37 ]
[ 0, -1, -3, 2, 2, 1, 1, 1, 19 ]
[ 5, -2, 0, -2, 1, 8, 0, 0, 37 ]
[ 5, -2, 0, 0, 1, 3, -2, 1, 8 ]
[ -1, 1, 24, -2, 1, 8, 0, 0, 37 ]
[ 0, 1, 3, -1, 1, 24, 0, 0, 37 ]
[ 0, 1, 3, -2, 1, 8, -1, 1, 24 ]
[ 1, 0, -21, 0, 1, 3, 0, 0, 37 ]
[ 2, 0, -5, 0, 1, 3, -1, 0, 21 ]
[ 1, -1, -24, 0, 1, 3, 0, 0, 37 ]
[ 2, -1, -8, -1, 1, 24, 0, 0, 37 ]
[ 2, -1, -8, 0, 1, 3, -1, 1, 24 ]
[ 37, 0, 0, 9, 1, 0, 7, 0, 1 ]
[ 1, -4, 0, 0, 37, 0, 0, -9, 1 ]
[ 9, 1, 0, -1, 4, 0, -2, -1, 1 ]
[ 7, 0, 1, 9, 1, 0, -2, 0, 5 ]
[ 1, -4, 0, 0, 1, 4, 0, 0, 37 ]
[ -1, 4, 0, 0, -9, 1, 0, 1, 4 ]
[ 0, 1, 4, -1, 4, 0, 0, 0, 37 ]
[ 2, 1, -1, -1, 4, 0, 0, 1, 4 ]
[ -9, -1, 0, -2, -1, 1, -2, 0, 5 ]
[ 1, 0, -21, 9, 1, 0, 0, 0, 37 ]
[ 2, 0, -5, 9, 1, 0, -1, 0, 21 ]
[ 1, 0, -21, 0, 1, 4, 0, 0, 37 ]
[ 2, 1, -1, -1, 0, 21, 0, 0, 37 ]
[ 2, 1, -1, 0, 1, 4, -1, 0, 21 ]
[ -1, 0, 21, -2, -1, 1, 0, 0, 37 ]
[ -2, 0, 5, -2, -1, 1, -1, 0, 21 ]
[ 9, 1, 0, -1, 0, 21, 0, 0, 37 ]
[ 9, 1, 0, -2, 0, 5, -1, 0, 21 ]
[ 37, 0, 0, 2, 1, 0, 7, 0, 1 ]
[ 1, 19, 0, 0, 37, 0, 0, 15, 1 ]
[ 2, 1, 0, 1, 19, 0, -1, -4, 1 ]
[ 7, 0, 1, 2, 1, 0, -2, 0, 5 ]
[ 1, 19, 0, 0, 15, 1, 0, -7, 2 ]
[ 1, 4, -1, 1, 19, 0, 0, -7, 2 ]
[ 0, 1, 5, -1, -4, 1, 0, 0, 37 ]
[ -2, -1, 0, -1, -4, 1, 0, 1, 5 ]
[ 1, 0, -21, 2, 1, 0, 0, 0, 37 ]
[ 2, 0, -5, 2, 1, 0, -1, 0, 21 ]
[ 1, 19, 0, 0, 1, 5, 0, 0, 37 ]
[ -1, -19, 0, 0, -7, 2, 0, 1, 5 ]
[ 0, -1, -5, 1, 19, 0, 0, 0, 37 ]
[ 0, -7, 2, 1, 19, 0, 0, 1, 5 ]
[ 1, 4, -1, 0, 1, 5, 0, 0, 37 ]
[ -1, -4, 1, 0, -7, 2, 0, 1, 5 ]
[ 1, 1, 21, 0, 1, 5, 0, 0, 37 ]
[ 2, 1, 0, 1, 1, 21, 0, 0, 37 ]
[ 2, 1, 0, 0, 1, 5, 1, 1, 21 ]
[ 37, 0, 0, -5, 1, 0, 7, 0, 1 ]
[ 5, -1, 0, 2, 7, 0, 2, 1, 1 ]
[ 7, 0, 1, -5, 1, 0, -2, 0, 5 ]
[ 1, 22, 0, 0, 37, 0, 0, -6, 1 ]
[ 2, 7, 0, 1, 22, 0, 0, -6, 1 ]
[ 1, 3, -3, 2, 7, 0, 0, 0, 37 ]
[ 2, 1, 1, 2, 7, 0, -1, -3, 3 ]
[ 5, -1, 0, 2, 1, 1, -2, 0, 5 ]
[ 1, 0, -21, -5, 1, 0, 0, 0, 37 ]
[ 2, 0, -5, -5, 1, 0, -1, 0, 21 ]
[ 1, 22, 0, 0, 1, 6, 0, 0, 37 ]
[ -1, -22, 0, 0, -6, 1, 0, 1, 6 ]
[ 0, -1, -6, 1, 22, 0, 0, 0, 37 ]
[ 0, -6, 1, 1, 22, 0, 0, 1, 6 ]
[ 2, 7, 0, 1, 4, 3, 0, 0, 37 ]
[ -2, -7, 0, 0, -6, 1, 1, 4, 3 ]
[ 0, 1, 6, -1, -3, 3, 0, 0, 37 ]
[ -2, -1, -1, -1, -3, 3, 0, 1, 6 ]
[ 1, 0, -21, 2, 1, 1, 0, 0, 37 ]
[ 2, 0, -5, 2, 1, 1, -1, 0, 21 ]
[ -5, 1, 0, -1, 0, 21, 0, 0, 37 ]
[ -5, 1, 0, -2, 0, 5, -1, 0, 21 ]
[ 1, 4, 3, 0, 1, 6, 0, 0, 37 ]
[ -1, -4, -3, 0, -6, 1, 0, 1, 6 ]
[ 1, 1, 22, 0, 1, 6, 0, 0, 37 ]
[ 2, 1, 1, 1, 1, 22, 0, 0, 37 ]
[ 2, 1, 1, 0, 1, 6, 1, 1, 22 ]
[ 37, 0, 0, -12, 1, 0, 7, 0, 1 ]
[ 1, 3, 0, 0, 37, 0, 0, 16, 1 ]
[ 12, -1, 0, 1, 3, 0, -5, 1, 1 ]
[ 7, 0, 1, -12, 1, 0, -2, 0, 5 ]
[ 1, 3, 0, 0, 16, 1, 0, -5, 2 ]
[ 5, -1, -1, 1, 3, 0, 2, 1, 2 ]
[ 12, -1, 0, -5, 1, 1, -2, 0, 5 ]
[ 1, 0, -21, -12, 1, 0, 0, 0, 37 ]
[ 2, 0, -5, -12, 1, 0, -1, 0, 21 ]
[ 1, 3, 0, 0, 1, 7, 0, 0, 37 ]
[ -1, -3, 0, 0, -5, 2, 0, 1, 7 ]
[ 0, -1, -7, 1, 3, 0, 0, 0, 37 ]
[ 2, 1, 2, 1, 3, 0, 0, 1, 7 ]
[ 5, -1, -1, 2, 1, 2, -2, 0, 5 ]
[ 1, 0, -21, -5, 1, 1, 0, 0, 37 ]
[ 2, 0, -5, -5, 1, 1, -1, 0, 21 ]
[ -12, 1, 0, -1, 0, 21, 0, 0, 37 ]
[ -12, 1, 0, -2, 0, 5, -1, 0, 21 ]
[ 1, 1, 23, 0, 1, 7, 0, 0, 37 ]
[ 2, 1, 2, 1, 1, 23, 0, 0, 37 ]
[ 2, 1, 2, 0, 1, 7, 1, 1, 23 ]
[ 1, 0, -21, 2, 1, 2, 0, 0, 37 ]
[ 2, 0, -5, 2, 1, 2, -1, 0, 21 ]
[ -5, 1, 1, -1, 0, 21, 0, 0, 37 ]
[ -5, 1, 1, -2, 0, 5, -1, 0, 21 ]
[ 37, 0, 0, 18, 1, 0, 7, 0, 1 ]
[ 1, -2, 0, 0, 37, 0, 0, 14, 1 ]
[ 18, 1, 0, -1, 2, 0, 7, 0, 1 ]
[ 7, 0, 1, 18, 1, 0, -2, 0, 5 ]
[ 1, -2, 0, 0, 14, 1, 0, 5, 3 ]
[ 7, 0, 1, -1, 2, 0, 2, 1, 3 ]
[ -18, -1, 0, 7, 0, 1, -2, 0, 5 ]
[ 1, 0, -21, 18, 1, 0, 0, 0, 37 ]
[ 2, 0, -5, 18, 1, 0, -1, 0, 21 ]
[ 1, -2, 0, 0, 1, 8, 0, 0, 37 ]
[ 1, -2, 0, 0, 5, 3, 0, 1, 8 ]
[ 0, 1, 8, -1, 2, 0, 0, 0, 37 ]
[ 2, 1, 3, -1, 2, 0, 0, 1, 8 ]
[ 7, 0, 1, 2, 1, 3, -2, 0, 5 ]
[ 18, 1, 0, -1, 0, 21, 0, 0, 37 ]
[ 18, 1, 0, -2, 0, 5, -1, 0, 21 ]
[ 1, 1, 24, 0, 1, 8, 0, 0, 37 ]
[ 2, 1, 3, 1, 1, 24, 0, 0, 37 ]
[ 2, 1, 3, 0, 1, 8, 1, 1, 24 ]
[ 1, 0, -21, 2, 1, 3, 0, 0, 37 ]
[ 2, 0, -5, 2, 1, 3, -1, 0, 21 ]
[ 37, 0, 0, 11, 1, 0, 7, 0, 1 ]
[ 11, 1, 0, -4, 3, 0, -4, -1, 1 ]
[ 7, 0, 1, 11, 1, 0, -2, 0, 5 ]
[ 1, -10, 0, 0, 37, 0, 0, -4, 1 ]
[ 4, -3, 0, -1, 10, 0, 0, -4, 1 ]
[ 4, 1, -1, -4, 3, 0, 3, -1, 2 ]
[ -11, -1, 0, -4, -1, 1, -2, 0, 5 ]
[ 1, 0, -21, 11, 1, 0, 0, 0, 37 ]
[ 2, 0, -5, 11, 1, 0, -1, 0, 21 ]
[ 1, -10, 0, 0, 1, 9, 0, 0, 37 ]
[ -1, 10, 0, 0, -4, 1, 0, 1, 9 ]
[ 0, 1, 9, -1, 10, 0, 0, 0, 37 ]
[ 0, 4, -1, -1, 10, 0, 0, 1, 9 ]
[ -4, 3, 0, 0, -4, 1, -1, 2, 2 ]
[ -1, 1, -7, -4, 3, 0, 0, 0, 37 ]
[ 3, -1, 2, -4, 3, 0, 1, -1, 7 ]
[ -4, -1, 1, 3, -1, 2, -2, 0, 5 ]
[ -1, 0, 21, -4, -1, 1, 0, 0, 37 ]
[ -2, 0, 5, -4, -1, 1, -1, 0, 21 ]
[ 11, 1, 0, -1, 0, 21, 0, 0, 37 ]
[ 11, 1, 0, -2, 0, 5, -1, 0, 21 ]
[ 1, -2, -2, 0, 1, 9, 0, 0, 37 ]
[ -1, 2, 2, 0, -4, 1, 0, 1, 9 ]
[ 1, -1, 7, -1, 2, 2, 0, 0, 37 ]
[ -4, 3, 0, 1, -1, 7, 0, 0, 37 ]
[ 4, -3, 0, -1, 2, 2, 1, -1, 7 ]
[ -2, 1, -23, 1, -1, 7, 0, 0, 37 ]
[ -3, 1, -2, 2, -1, 23, 0, 0, 37 ]
[ -3, 1, -2, 1, -1, 7, 2, -1, 23 ]
[ -1, 0, 21, 3, -1, 2, 0, 0, 37 ]
[ -2, 0, 5, 3, -1, 2, -1, 0, 21 ]
[ 4, 1, -1, -1, 0, 21, 0, 0, 37 ]
[ 4, 1, -1, -2, 0, 5, -1, 0, 21 ]
[ 37, 0, 0, 4, 1, 0, 7, 0, 1 ]
[ 1, -9, 0, 0, 37, 0, 0, -11, 1 ]
[ 4, 1, 0, -1, 9, 0, -1, -2, 1 ]
[ 7, 0, 1, 4, 1, 0, -2, 0, 5 ]
[ -1, 9, 0, 0, -11, 1, 0, 4, 3 ]
[ 1, 2, -1, -1, 9, 0, 0, 4, 3 ]
[ -4, -1, 0, -1, -2, 1, 2, 1, 5 ]
[ 1, 0, -21, 4, 1, 0, 0, 0, 37 ]
[ 2, 0, -5, 4, 1, 0, -1, 0, 21 ]
[ 1, -9, 0, 0, 1, 10, 0, 0, 37 ]
[ 1, -9, 0, 0, 4, 3, 0, 1, 10 ]
[ 0, 1, 10, -1, 9, 0, 0, 0, 37 ]
[ 0, 4, 3, -1, 9, 0, 0, 1, 10 ]
[ 1, 2, -1, 0, 1, 10, 0, 0, 37 ]
[ 1, 2, -1, 0, 4, 3, 0, 1, 10 ]
[ -1, -1, 11, -1, -2, 1, 0, 0, 37 ]
[ -2, -1, -5, -1, -1, 11, 0, 0, 37 ]
[ -2, -1, -5, -1, -2, 1, -1, -1, 11 ]
[ 3, 1, 21, 2, 1, 5, 0, 0, 37 ]
[ 4, 1, 0, 3, 1, 21, 0, 0, 37 ]
[ 4, 1, 0, 2, 1, 5, 3, 1, 21 ]
[ 37, 0, 0, -3, 1, 0, 7, 0, 1 ]
[ 1, 12, 0, 0, 37, 0, 0, -10, 1 ]
[ 3, -1, 0, 1, 12, 0, 1, 2, 1 ]
[ 7, 0, 1, -3, 1, 0, -2, 0, 5 ]
[ -1, -12, 0, 0, -10, 1, 0, -3, 4 ]
[ 1, 2, 1, 1, 12, 0, 0, -3, 4 ]
[ 3, -1, 0, 1, 2, 1, 1, -1, 5 ]
[ 1, 0, -21, -3, 1, 0, 0, 0, 37 ]
[ 2, 0, -5, -3, 1, 0, -1, 0, 21 ]
[ 1, 12, 0, 0, 1, 11, 0, 0, 37 ]
[ -1, -12, 0, 0, -3, 4, 0, 1, 11 ]
[ 0, -1, -11, 1, 12, 0, 0, 0, 37 ]
[ 0, -3, 4, 1, 12, 0, 0, 1, 11 ]
[ 1, 2, 1, 0, 1, 11, 0, 0, 37 ]
[ -1, -2, -1, 0, -3, 4, 0, 1, 11 ]
[ 0, -1, -11, 1, 2, 1, 0, 0, 37 ]
[ 1, -1, 5, 0, 1, 11, 0, 0, 37 ]
[ 1, -1, 5, 1, 2, 1, 0, 1, 11 ]
[ -1, 0, 21, 1, -1, 5, 0, 0, 37 ]
[ -3, 1, 0, -1, 0, 21, 0, 0, 37 ]
[ -3, 1, 0, 1, -1, 5, -1, 0, 21 ]
[ 37, 0, 0, -10, 1, 0, 7, 0, 1 ]
[ 10, -1, 0, -3, 4, 0, -3, 1, 1 ]
[ 7, 0, 1, -10, 1, 0, -2, 0, 5 ]
[ 1, 11, 0, 0, 37, 0, 0, -3, 1 ]
[ 3, -4, 0, 1, 11, 0, 0, -3, 1 ]
[ 1, -1, 4, -3, 4, 0, 0, 0, 37 ]
[ 3, -1, -1, -3, 4, 0, 1, -1, 4 ]
[ 10, -1, 0, -3, 1, 1, -2, 0, 5 ]
[ 1, 0, -21, -10, 1, 0, 0, 0, 37 ]
[ 2, 0, -5, -10, 1, 0, -1, 0, 21 ]
[ 1, 11, 0, 0, 1, 12, 0, 0, 37 ]
[ -1, -11, 0, 0, -3, 1, 0, 1, 12 ]
[ 0, -1, -12, 1, 11, 0, 0, 0, 37 ]
[ 0, -3, 1, 1, 11, 0, 0, 1, 12 ]
[ 3, -4, 0, 1, -1, 4, 0, 0, 37 ]
[ -3, 4, 0, 0, -3, 1, 1, -1, 4 ]
[ -1, 0, 21, 1, -1, 4, 0, 0, 37 ]
[ -3, 1, 1, -1, 0, 21, 0, 0, 37 ]
[ -3, 1, 1, 1, -1, 4, -1, 0, 21 ]
[ 1, 0, -21, -3, 1, 1, 0, 0, 37 ]
[ 2, 0, -5, -3, 1, 1, -1, 0, 21 ]
[ -10, 1, 0, -1, 0, 21, 0, 0, 37 ]
[ -10, 1, 0, -2, 0, 5, -1, 0, 21 ]
[ 1, -1, 4, 0, 1, 12, 0, 0, 37 ]
[ -1, 1, -4, 0, -3, 1, 0, 1, 12 ]
[ 37, 0, 0, -17, 1, 0, 7, 0, 1 ]
[ 17, -1, 0, 3, 2, 0, 7, 0, 1 ]
[ 7, 0, 1, -17, 1, 0, -2, 0, 5 ]
[ 1, 13, 0, 0, 37, 0, 0, -17, 1 ]
[ 3, 2, 0, 1, 13, 0, 1, -4, 1 ]
[ 7, 0, 1, 3, 2, 0, 4, 1, 3 ]
[ 17, -1, 0, 7, 0, 1, -2, 0, 5 ]
[ 1, 0, -21, -17, 1, 0, 0, 0, 37 ]
[ 2, 0, -5, -17, 1, 0, -1, 0, 21 ]
[ -1, -13, 0, 0, -17, 1, 0, 3, 2 ]
[ 1, -4, 1, 1, 13, 0, 0, 3, 2 ]
[ -3, -2, 0, 1, -4, 1, 1, -1, 3 ]
[ 2, 1, 8, 3, 2, 0, 0, 0, 37 ]
[ 4, 1, 3, 3, 2, 0, 2, 1, 8 ]
[ 7, 0, 1, 4, 1, 3, -2, 0, 5 ]
[ -17, 1, 0, -1, 0, 21, 0, 0, 37 ]
[ -17, 1, 0, -2, 0, 5, -1, 0, 21 ]
[ 1, 13, 0, 0, 1, 13, 0, 0, 37 ]
[ 1, 13, 0, 0, 3, 2, 0, 1, 13 ]
[ 0, -1, -13, 1, 13, 0, 0, 0, 37 ]
[ 0, -3, -2, 1, 13, 0, 0, 1, 13 ]
[ 1, -4, 1, 0, 1, 13, 0, 0, 37 ]
[ 1, -4, 1, 0, 3, 2, 0, 1, 13 ]
[ 0, -1, -13, 1, -4, 1, 0, 0, 37 ]
[ 1, -1, 3, 0, 1, 13, 0, 0, 37 ]
[ -1, 1, -3, 1, -4, 1, 0, 1, 13 ]
[ -3, -2, 0, -1, -1, 8, 0, 0, 37 ]
[ -3, -2, 0, 1, -1, 3, -1, -1, 8 ]
[ 3, 1, 24, 2, 1, 8, 0, 0, 37 ]
[ 4, 1, 3, 3, 1, 24, 0, 0, 37 ]
[ 4, 1, 3, 2, 1, 8, 3, 1, 24 ]
[ 1, 0, -21, 4, 1, 3, 0, 0, 37 ]
[ 2, 0, -5, 4, 1, 3, -1, 0, 21 ]
[ 0, -1, 24, 1, -1, 3, 0, 0, 37 ]
[ -1, -1, 8, 0, -1, 24, 0, 0, 37 ]
[ -1, -1, 8, 1, -1, 3, 0, -1, 24 ]
[ 37, 0, 0, 13, 1, 0, 7, 0, 1 ]
[ 13, 1, 0, 2, 3, 0, -6, -1, 1 ]
[ 7, 0, 1, 13, 1, 0, -2, 0, 5 ]
[ 1, 20, 0, 0, 37, 0, 0, 8, 1 ]
[ 2, 3, 0, 1, 20, 0, 0, 8, 1 ]
[ 6, 1, -1, 2, 3, 0, 1, -1, 2 ]
[ -13, -1, 0, -6, -1, 1, -2, 0, 5 ]
[ 1, 0, -21, 13, 1, 0, 0, 0, 37 ]
[ 2, 0, -5, 13, 1, 0, -1, 0, 21 ]
[ 1, 20, 0, 0, 8, 1, 0, 3, 5 ]
[ 0, -8, -1, 1, 20, 0, 0, 3, 5 ]
[ 2, 3, 0, 0, 8, 1, 1, -1, 2 ]
[ 1, 1, -7, 2, 3, 0, 0, 0, 37 ]
[ 1, -1, 2, 2, 3, 0, -1, -1, 7 ]
[ -6, -1, 1, 1, -1, 2, -2, 0, 5 ]
[ -1, 0, 21, -6, -1, 1, 0, 0, 37 ]
[ -2, 0, 5, -6, -1, 1, -1, 0, 21 ]
[ 13, 1, 0, -1, 0, 21, 0, 0, 37 ]
[ 13, 1, 0, -2, 0, 5, -1, 0, 21 ]
[ 1, 20, 0, 0, 1, 14, 0, 0, 37 ]
[ 1, 20, 0, 0, 3, 5, 0, 1, 14 ]
[ 0, -1, -14, 1, 20, 0, 0, 0, 37 ]
[ 0, -3, -5, 1, 20, 0, 0, 1, 14 ]
[ 1, -1, 2, 0, 8, 1, 0, 3, 5 ]
[ 2, 3, 0, -1, -1, 7, 0, 0, 37 ]
[ -2, -3, 0, 1, -1, 2, -1, -1, 7 ]
[ 0, 1, -23, -1, -1, 7, 0, 0, 37 ]
[ -1, 1, -2, 0, -1, 23, 0, 0, 37 ]
[ -1, 1, -2, -1, -1, 7, 0, -1, 23 ]
[ -1, 0, 21, 1, -1, 2, 0, 0, 37 ]
[ -2, 0, 5, 1, -1, 2, -1, 0, 21 ]
[ 6, 1, -1, -1, 0, 21, 0, 0, 37 ]
[ 6, 1, -1, -2, 0, 5, -1, 0, 21 ]
[ 1, -1, 2, 0, 1, 14, 0, 0, 37 ]
[ 1, -1, 2, 0, 3, 5, 0, 1, 14 ]
[ 0, -1, 23, 1, -1, 2, 0, 0, 37 ]
[ -1, -1, 7, 0, -1, 23, 0, 0, 37 ]
[ -1, -1, 7, 1, -1, 2, 0, -1, 23 ]
[ 37, 0, 0, 6, 1, 0, 7, 0, 1 ]
[ 1, -6, 0, 0, 37, 0, 0, 5, 1 ]
[ 6, 1, 0, -1, 6, 0, 1, -1, 1 ]
[ 7, 0, 1, 6, 1, 0, -2, 0, 5 ]
[ 1, -6, 0, 0, 5, 1, 0, -2, 7 ]
[ 1, -1, 1, -1, 6, 0, 0, -2, 7 ]
[ -6, -1, 0, 1, -1, 1, -2, 0, 5 ]
[ 1, 0, -21, 6, 1, 0, 0, 0, 37 ]
[ 2, 0, -5, 6, 1, 0, -1, 0, 21 ]
[ -1, 6, 0, 0, -1, 22, 0, 0, 37 ]
[ -1, 6, 0, 0, -2, 7, 0, -1, 22 ]
[ 0, 1, -22, -1, 6, 0, 0, 0, 37 ]
[ 0, 2, -7, -1, 6, 0, 0, -1, 22 ]
[ -1, 1, -1, 0, -1, 22, 0, 0, 37 ]
[ -1, 1, -1, 0, -2, 7, 0, -1, 22 ]
[ -1, 0, 21, 1, -1, 1, 0, 0, 37 ]
[ -2, 0, 5, 1, -1, 1, -1, 0, 21 ]
[ 6, 1, 0, -1, 0, 21, 0, 0, 37 ]
[ 6, 1, 0, -2, 0, 5, -1, 0, 21 ]
[ 1, -1, 0, 0, 37, 0, 0, 7, 1 ]
[ 37, 0, 0, -1, 1, 0, 7, 0, 1 ]
[ 1, -1, 0, 0, 7, 1, 0, -2, 5 ]
[ 7, 0, 1, -1, 1, 0, -2, 0, 5 ]
[ -1, 1, 0, 0, -1, 21, 0, 0, 37 ]
[ -1, 1, 0, 0, -2, 5, 0, -1, 21 ]
[ 1, 0, -21, -1, 1, 0, 0, 0, 37 ]
[ 2, 0, -5, -1, 1, 0, -1, 0, 21 ]
[ 37, 0, 0, -8, 1, 0, 7, 0, 1 ]
[ 8, -1, 0, -3, 5, 0, -1, 1, 1 ]
[ 7, 0, 1, -8, 1, 0, -2, 0, 5 ]
[ 1, -14, 0, 0, 37, 0, 0, -13, 1 ]
[ 3, -5, 0, -1, 14, 0, -1, 1, 1 ]
[ 2, -3, -19, -3, 5, 0, 0, 0, 37 ]
[ 1, -1, -1, -2, 3, 19, 0, 0, 37 ]
[ 1, -1, -1, -3, 5, 0, -2, 3, 19 ]
[ 8, -1, 0, -1, 1, 1, -2, 0, 5 ]
[ 1, 0, -21, -8, 1, 0, 0, 0, 37 ]
[ 2, 0, -5, -8, 1, 0, -1, 0, 21 ]
[ -1, 14, 0, 0, -13, 1, 0, -2, 3 ]
[ 1, -1, -1, -1, 14, 0, 0, -2, 3 ]
[ -2, 3, 19, -1, 1, 1, 0, 0, 37 ]
[ -3, 5, 0, -2, 3, 19, 0, 0, 37 ]
[ -3, 5, 0, -1, 1, 1, -2, 3, 19 ]
[ 1, 0, -21, -1, 1, 1, 0, 0, 37 ]
[ 2, 0, -5, -1, 1, 1, -1, 0, 21 ]
[ -8, 1, 0, -1, 0, 21, 0, 0, 37 ]
[ -8, 1, 0, -2, 0, 5, -1, 0, 21 ]
[ -1, 14, 0, 0, -1, 20, 0, 0, 37 ]
[ -1, 14, 0, 0, -2, 3, 0, -1, 20 ]
[ 0, 1, -20, -1, 14, 0, 0, 0, 37 ]
[ 0, 2, -3, -1, 14, 0, 0, -1, 20 ]
[ -1, 1, 1, 0, -1, 20, 0, 0, 37 ]
[ -1, 1, 1, 0, -2, 3, 0, -1, 20 ]
[ 37, 0, 0, -15, 1, 0, 7, 0, 1 ]
[ 15, -1, 0, 7, 2, 0, 7, 0, 1 ]
[ 7, 0, 1, -15, 1, 0, -2, 0, 5 ]
[ 1, -5, 0, 0, 37, 0, 0, -2, 1 ]
[ 7, 2, 0, -1, 5, 0, 0, -2, 1 ]
[ 7, 0, 1, 7, 2, 0, 6, 1, 3 ]
[ 15, -1, 0, 7, 0, 1, -2, 0, 5 ]
[ 1, 0, -21, -15, 1, 0, 0, 0, 37 ]
[ 2, 0, -5, -15, 1, 0, -1, 0, 21 ]
[ -1, 5, 0, 0, -1, 19, 0, 0, 37 ]
[ -1, 5, 0, 0, -2, 1, 0, -1, 19 ]
[ 0, 1, -19, -1, 5, 0, 0, 0, 37 ]
[ 0, 2, -1, -1, 5, 0, 0, -1, 19 ]
[ -7, -2, 0, 0, -2, 1, -1, -1, 3 ]
[ 4, 1, 8, 7, 2, 0, 0, 0, 37 ]
[ 6, 1, 3, 7, 2, 0, 4, 1, 8 ]
[ 7, 0, 1, 6, 1, 3, -2, 0, 5 ]
[ -15, 1, 0, -1, 0, 21, 0, 0, 37 ]
[ -15, 1, 0, -2, 0, 5, -1, 0, 21 ]
[ -1, -1, 3, 0, -1, 19, 0, 0, 37 ]
[ -1, -1, 3, 0, -2, 1, 0, -1, 19 ]
[ -7, -2, 0, -3, -1, 8, 0, 0, 37 ]
[ -7, -2, 0, -1, -1, 3, -3, -1, 8 ]
[ 5, 1, 24, 4, 1, 8, 0, 0, 37 ]
[ 6, 1, 3, 5, 1, 24, 0, 0, 37 ]
[ 6, 1, 3, 4, 1, 8, 5, 1, 24 ]
[ 1, 0, -21, 6, 1, 3, 0, 0, 37 ]
[ 2, 0, -5, 6, 1, 3, -1, 0, 21 ]
[ -2, -1, 24, -1, -1, 3, 0, 0, 37 ]
[ -3, -1, 8, -2, -1, 24, 0, 0, 37 ]
[ -3, -1, 8, -1, -1, 3, -2, -1, 24 ]
[ 37, 0, 0, 15, 1, 0, 7, 0, 1 ]
[ 15, 1, 0, -7, 2, 0, 7, 0, 1 ]
[ 7, 0, 1, 15, 1, 0, -2, 0, 5 ]
[ 1, 5, 0, 0, 37, 0, 0, 2, 1 ]
[ 7, -2, 0, 1, 5, 0, 0, 2, 1 ]
[ 7, 0, 1, -7, 2, 0, -1, 1, 3 ]
[ -15, -1, 0, 7, 0, 1, -2, 0, 5 ]
[ 1, 0, -21, 15, 1, 0, 0, 0, 37 ]
[ 2, 0, -5, 15, 1, 0, -1, 0, 21 ]
[ 1, 5, 0, 0, 1, 19, 0, 0, 37 ]
[ 1, 5, 0, 0, 2, 1, 0, 1, 19 ]
[ 0, -1, -19, 1, 5, 0, 0, 0, 37 ]
[ 0, -2, -1, 1, 5, 0, 0, 1, 19 ]
[ 7, -2, 0, 0, 2, 1, -1, 1, 3 ]
[ -3, 1, 8, -7, 2, 0, 0, 0, 37 ]
[ -1, 1, 3, -7, 2, 0, -3, 1, 8 ]
[ 7, 0, 1, -1, 1, 3, -2, 0, 5 ]
[ 15, 1, 0, -1, 0, 21, 0, 0, 37 ]
[ 15, 1, 0, -2, 0, 5, -1, 0, 21 ]
[ 1, -1, -3, 0, 1, 19, 0, 0, 37 ]
[ 1, -1, -3, 0, 2, 1, 0, 1, 19 ]
[ 7, -2, 0, -3, 1, 8, 0, 0, 37 ]
[ 7, -2, 0, -1, 1, 3, -3, 1, 8 ]
[ -2, 1, 24, -3, 1, 8, 0, 0, 37 ]
[ -1, 1, 3, -2, 1, 24, 0, 0, 37 ]
[ -1, 1, 3, -3, 1, 8, -2, 1, 24 ]
[ 1, 0, -21, -1, 1, 3, 0, 0, 37 ]
[ 2, 0, -5, -1, 1, 3, -1, 0, 21 ]
[ 2, -1, -24, -1, 1, 3, 0, 0, 37 ]
[ 3, -1, -8, -2, 1, 24, 0, 0, 37 ]
[ 3, -1, -8, -1, 1, 3, -2, 1, 24 ]
[ 37, 0, 0, 8, 1, 0, 7, 0, 1 ]
[ 8, 1, 0, 3, 5, 0, -1, -1, 1 ]
[ 7, 0, 1, 8, 1, 0, -2, 0, 5 ]
[ 1, 14, 0, 0, 37, 0, 0, 13, 1 ]
[ 3, 5, 0, 1, 14, 0, -1, -1, 1 ]
[ -1, -2, -19, 3, 5, 0, 0, 0, 37 ]
[ 1, 1, -1, 1, 2, 19, 0, 0, 37 ]
[ 1, 1, -1, 3, 5, 0, 1, 2, 19 ]
[ -8, -1, 0, -1, -1, 1, -2, 0, 5 ]
[ 1, 0, -21, 8, 1, 0, 0, 0, 37 ]
[ 2, 0, -5, 8, 1, 0, -1, 0, 21 ]
[ 1, 14, 0, 0, 13, 1, 0, 2, 3 ]
[ 1, 1, -1, 1, 14, 0, 0, 2, 3 ]
[ 1, 2, 19, -1, -1, 1, 0, 0, 37 ]
[ 3, 5, 0, 1, 2, 19, 0, 0, 37 ]
[ 3, 5, 0, -1, -1, 1, 1, 2, 19 ]
[ -1, 0, 21, -1, -1, 1, 0, 0, 37 ]
[ -2, 0, 5, -1, -1, 1, -1, 0, 21 ]
[ 8, 1, 0, -1, 0, 21, 0, 0, 37 ]
[ 8, 1, 0, -2, 0, 5, -1, 0, 21 ]
[ 1, 14, 0, 0, 1, 20, 0, 0, 37 ]
[ 1, 14, 0, 0, 2, 3, 0, 1, 20 ]
[ 0, -1, -20, 1, 14, 0, 0, 0, 37 ]
[ 0, -2, -3, 1, 14, 0, 0, 1, 20 ]
[ 1, 1, -1, 0, 1, 20, 0, 0, 37 ]
[ 1, 1, -1, 0, 2, 3, 0, 1, 20 ]
[ 1, 1, 0, 0, 37, 0, 0, -7, 1 ]
[ 37, 0, 0, 1, 1, 0, 7, 0, 1 ]
[ -1, -1, 0, 0, -7, 1, 0, 2, 5 ]
[ 7, 0, 1, 1, 1, 0, -2, 0, 5 ]
[ 1, 1, 0, 0, 1, 21, 0, 0, 37 ]
[ 1, 1, 0, 0, 2, 5, 0, 1, 21 ]
[ 1, 0, -21, 1, 1, 0, 0, 0, 37 ]
[ 2, 0, -5, 1, 1, 0, -1, 0, 21 ]
[ 37, 0, 0, -6, 1, 0, 7, 0, 1 ]
[ 1, 6, 0, 0, 37, 0, 0, -5, 1 ]
[ 6, -1, 0, 1, 6, 0, 1, 1, 1 ]
[ 7, 0, 1, -6, 1, 0, -2, 0, 5 ]
[ -1, -6, 0, 0, -5, 1, 0, 2, 7 ]
[ 1, 1, 1, 1, 6, 0, 0, 2, 7 ]
[ 6, -1, 0, 1, 1, 1, -2, 0, 5 ]
[ 1, 0, -21, -6, 1, 0, 0, 0, 37 ]
[ 2, 0, -5, -6, 1, 0, -1, 0, 21 ]
[ 1, 6, 0, 0, 1, 22, 0, 0, 37 ]
[ 1, 6, 0, 0, 2, 7, 0, 1, 22 ]
[ 0, -1, -22, 1, 6, 0, 0, 0, 37 ]
[ 0, -2, -7, 1, 6, 0, 0, 1, 22 ]
[ 1, 1, 1, 0, 1, 22, 0, 0, 37 ]
[ 1, 1, 1, 0, 2, 7, 0, 1, 22 ]
[ 1, 0, -21, 1, 1, 1, 0, 0, 37 ]
[ 2, 0, -5, 1, 1, 1, -1, 0, 21 ]
[ -6, 1, 0, -1, 0, 21, 0, 0, 37 ]
[ -6, 1, 0, -2, 0, 5, -1, 0, 21 ]
[ 37, 0, 0, -13, 1, 0, 7, 0, 1 ]
[ 13, -1, 0, -2, 3, 0, -6, 1, 1 ]
[ 7, 0, 1, -13, 1, 0, -2, 0, 5 ]
[ 1, -20, 0, 0, 37, 0, 0, -8, 1 ]
[ 2, -3, 0, -1, 20, 0, 0, -8, 1 ]
[ 6, -1, -1, -2, 3, 0, 1, 1, 2 ]
[ 13, -1, 0, -6, 1, 1, -2, 0, 5 ]
[ 1, 0, -21, -13, 1, 0, 0, 0, 37 ]
[ 2, 0, -5, -13, 1, 0, -1, 0, 21 ]
[ -1, 20, 0, 0, -8, 1, 0, -3, 5 ]
[ 0, 8, -1, -1, 20, 0, 0, -3, 5 ]
[ -2, 3, 0, 0, -8, 1, -1, 4, 2 ]
[ 1, -1, -7, -2, 3, 0, 0, 0, 37 ]
[ 1, 1, 2, -2, 3, 0, -1, 1, 7 ]
[ 6, -1, -1, 1, 1, 2, -2, 0, 5 ]
[ 1, 0, -21, -6, 1, 1, 0, 0, 37 ]
[ 2, 0, -5, -6, 1, 1, -1, 0, 21 ]
[ -13, 1, 0, -1, 0, 21, 0, 0, 37 ]
[ -13, 1, 0, -2, 0, 5, -1, 0, 21 ]
[ -1, 20, 0, 0, -1, 14, 0, 0, 37 ]
[ -1, 20, 0, 0, -3, 5, 0, -1, 14 ]
[ 0, 1, -14, -1, 20, 0, 0, 0, 37 ]
[ 0, 3, -5, -1, 20, 0, 0, -1, 14 ]
[ -1, 4, 2, 0, -8, 1, 0, -3, 5 ]
[ -2, 3, 0, 1, -2, 7, 0, 0, 37 ]
[ 2, -3, 0, -1, 4, 2, 1, -2, 7 ]
[ 0, 1, 23, -1, 1, 7, 0, 0, 37 ]
[ 1, 1, 2, 0, 1, 23, 0, 0, 37 ]
[ 1, 1, 2, -1, 1, 7, 0, 1, 23 ]
[ 1, 0, -21, 1, 1, 2, 0, 0, 37 ]
[ 2, 0, -5, 1, 1, 2, -1, 0, 21 ]
[ -6, 1, 1, -1, 0, 21, 0, 0, 37 ]
[ -6, 1, 1, -2, 0, 5, -1, 0, 21 ]
[ -1, 4, 2, 0, -1, 14, 0, 0, 37 ]
[ -1, 4, 2, 0, -3, 5, 0, -1, 14 ]
[ 0, 1, 23, -1, 4, 2, 0, 0, 37 ]
[ 1, -2, 7, 0, 1, 23, 0, 0, 37 ]
[ 1, -2, 7, -1, 4, 2, 0, 1, 23 ]
[ 37, 0, 0, 17, 1, 0, 7, 0, 1 ]
[ 17, 1, 0, -3, 2, 0, 7, 0, 1 ]
[ 7, 0, 1, 17, 1, 0, -2, 0, 5 ]
[ 1, -13, 0, 0, 37, 0, 0, 17, 1 ]
[ 3, -2, 0, -1, 13, 0, 1, 4, 1 ]
[ 7, 0, 1, -3, 2, 0, 1, 1, 3 ]
[ -17, -1, 0, 7, 0, 1, -2, 0, 5 ]
[ 1, 0, -21, 17, 1, 0, 0, 0, 37 ]
[ 2, 0, -5, 17, 1, 0, -1, 0, 21 ]
[ 1, -13, 0, 0, 17, 1, 0, -3, 2 ]
[ 1, 4, 1, -1, 13, 0, 0, -3, 2 ]
[ 3, -2, 0, 1, 4, 1, 1, 1, 3 ]
[ -1, 1, 8, -3, 2, 0, 0, 0, 37 ]
[ 1, 1, 3, -3, 2, 0, -1, 1, 8 ]
[ 7, 0, 1, 1, 1, 3, -2, 0, 5 ]
[ 17, 1, 0, -1, 0, 21, 0, 0, 37 ]
[ 17, 1, 0, -2, 0, 5, -1, 0, 21 ]
[ -1, 13, 0, 0, -1, 13, 0, 0, 37 ]
[ -1, 13, 0, 0, -3, 2, 0, -1, 13 ]
[ 0, 1, -13, -1, 13, 0, 0, 0, 37 ]
[ 0, 3, -2, -1, 13, 0, 0, -1, 13 ]
[ -1, -4, -1, 0, -1, 13, 0, 0, 37 ]
[ -1, -4, -1, 0, -3, 2, 0, -1, 13 ]
[ 0, -1, 13, 1, 4, 1, 0, 0, 37 ]
[ -1, -1, -3, 0, -1, 13, 0, 0, 37 ]
[ 1, 1, 3, 1, 4, 1, 0, -1, 13 ]
[ 3, -2, 0, -1, 1, 8, 0, 0, 37 ]
[ 3, -2, 0, 1, 1, 3, -1, 1, 8 ]
[ 0, 1, 24, -1, 1, 8, 0, 0, 37 ]
[ 1, 1, 3, 0, 1, 24, 0, 0, 37 ]
[ 1, 1, 3, -1, 1, 8, 0, 1, 24 ]
[ 1, 0, -21, 1, 1, 3, 0, 0, 37 ]
[ 2, 0, -5, 1, 1, 3, -1, 0, 21 ]
[ 0, -1, -24, 1, 1, 3, 0, 0, 37 ]
[ 1, -1, -8, 0, 1, 24, 0, 0, 37 ]
[ 1, -1, -8, 1, 1, 3, 0, 1, 24 ]
[ 37, 0, 0, 10, 1, 0, 7, 0, 1 ]
[ 10, 1, 0, 3, 4, 0, -3, -1, 1 ]
[ 7, 0, 1, 10, 1, 0, -2, 0, 5 ]
[ 1, -11, 0, 0, 37, 0, 0, 3, 1 ]
[ 3, 4, 0, -1, 11, 0, 0, 3, 1 ]
[ 1, 1, 4, 3, 4, 0, 0, 0, 37 ]
[ 3, 1, -1, 3, 4, 0, 1, 1, 4 ]
[ -10, -1, 0, -3, -1, 1, -2, 0, 5 ]
[ 1, 0, -21, 10, 1, 0, 0, 0, 37 ]
[ 2, 0, -5, 10, 1, 0, -1, 0, 21 ]
[ -1, 11, 0, 0, -1, 12, 0, 0, 37 ]
[ 1, -11, 0, 0, 3, 1, 0, -1, 12 ]
[ 0, 1, -12, -1, 11, 0, 0, 0, 37 ]
[ 0, 3, 1, -1, 11, 0, 0, -1, 12 ]
[ -3, -4, 0, 1, 1, 4, 0, 0, 37 ]
[ 3, 4, 0, 0, 3, 1, 1, 1, 4 ]
[ 1, 0, -21, 1, 1, 4, 0, 0, 37 ]
[ 3, 1, -1, -1, 0, 21, 0, 0, 37 ]
[ 3, 1, -1, 1, 1, 4, -1, 0, 21 ]
[ -1, 0, 21, -3, -1, 1, 0, 0, 37 ]
[ -2, 0, 5, -3, -1, 1, -1, 0, 21 ]
[ 10, 1, 0, -1, 0, 21, 0, 0, 37 ]
[ 10, 1, 0, -2, 0, 5, -1, 0, 21 ]
[ -1, -1, -4, 0, -1, 12, 0, 0, 37 ]
[ 1, 1, 4, 0, 3, 1, 0, -1, 12 ]
[ 37, 0, 0, 3, 1, 0, 7, 0, 1 ]
[ 1, -12, 0, 0, 37, 0, 0, 10, 1 ]
[ 3, 1, 0, -1, 12, 0, 1, -2, 1 ]
[ 7, 0, 1, 3, 1, 0, -2, 0, 5 ]
[ 1, -12, 0, 0, 10, 1, 0, 3, 4 ]
[ 1, -2, 1, -1, 12, 0, 0, 3, 4 ]
[ -3, -1, 0, 1, -2, 1, 1, 1, 5 ]
[ 1, 0, -21, 3, 1, 0, 0, 0, 37 ]
[ 2, 0, -5, 3, 1, 0, -1, 0, 21 ]
[ -1, 12, 0, 0, -1, 11, 0, 0, 37 ]
[ 1, -12, 0, 0, 3, 4, 0, -1, 11 ]
[ 0, 1, -11, -1, 12, 0, 0, 0, 37 ]
[ 0, 3, 4, -1, 12, 0, 0, -1, 11 ]
[ -1, 2, -1, 0, -1, 11, 0, 0, 37 ]
[ 1, -2, 1, 0, 3, 4, 0, -1, 11 ]
[ 0, -1, 11, 1, -2, 1, 0, 0, 37 ]
[ -1, -1, -5, 0, -1, 11, 0, 0, 37 ]
[ -1, -1, -5, 1, -2, 1, 0, -1, 11 ]
[ 2, 1, 21, 1, 1, 5, 0, 0, 37 ]
[ 3, 1, 0, 2, 1, 21, 0, 0, 37 ]
[ 3, 1, 0, 1, 1, 5, 2, 1, 21 ]
[ 37, 0, 0, -4, 1, 0, 7, 0, 1 ]
[ 1, 9, 0, 0, 37, 0, 0, 11, 1 ]
[ 4, -1, 0, 1, 9, 0, -1, 2, 1 ]
[ 7, 0, 1, -4, 1, 0, -2, 0, 5 ]
[ 1, 9, 0, 0, 11, 1, 0, -4, 3 ]
[ 1, -2, -1, 1, 9, 0, 0, -4, 3 ]
[ 4, -1, 0, -1, 2, 1, 2, -1, 5 ]
[ 1, 0, -21, -4, 1, 0, 0, 0, 37 ]
[ 2, 0, -5, -4, 1, 0, -1, 0, 21 ]
[ -1, -9, 0, 0, -1, 10, 0, 0, 37 ]
[ -1, -9, 0, 0, -4, 3, 0, -1, 10 ]
[ 0, -1, 10, 1, 9, 0, 0, 0, 37 ]
[ 0, -4, 3, 1, 9, 0, 0, -1, 10 ]
[ -1, 2, 1, 0, -1, 10, 0, 0, 37 ]
[ -1, 2, 1, 0, -4, 3, 0, -1, 10 ]
[ 1, -1, -11, -1, 2, 1, 0, 0, 37 ]
[ 2, -1, 5, -1, 1, 11, 0, 0, 37 ]
[ 2, -1, 5, -1, 2, 1, -1, 1, 11 ]
[ -1, 0, 21, 2, -1, 5, 0, 0, 37 ]
[ -4, 1, 0, -1, 0, 21, 0, 0, 37 ]
[ -4, 1, 0, 2, -1, 5, -1, 0, 21 ]
[ 37, 0, 0, -11, 1, 0, 7, 0, 1 ]
[ 11, -1, 0, 4, 3, 0, -4, 1, 1 ]
[ 7, 0, 1, -11, 1, 0, -2, 0, 5 ]
[ 1, 10, 0, 0, 37, 0, 0, 4, 1 ]
[ 4, 3, 0, 1, 10, 0, 0, 4, 1 ]
[ 4, -1, -1, 4, 3, 0, 3, 1, 2 ]
[ 11, -1, 0, -4, 1, 1, -2, 0, 5 ]
[ 1, 0, -21, -11, 1, 0, 0, 0, 37 ]
[ 2, 0, -5, -11, 1, 0, -1, 0, 21 ]
[ -1, -10, 0, 0, -1, 9, 0, 0, 37 ]
[ 1, 10, 0, 0, 4, 1, 0, -1, 9 ]
[ 0, -1, 9, 1, 10, 0, 0, 0, 37 ]
[ 0, -4, -1, 1, 10, 0, 0, -1, 9 ]
[ 4, 3, 0, 0, 4, 1, -1, -2, 2 ]
[ -1, -1, -7, 4, 3, 0, 0, 0, 37 ]
[ 3, 1, 2, 4, 3, 0, 1, 1, 7 ]
[ 4, -1, -1, 3, 1, 2, -2, 0, 5 ]
[ 1, 0, -21, -4, 1, 1, 0, 0, 37 ]
[ 2, 0, -5, -4, 1, 1, -1, 0, 21 ]
[ -11, 1, 0, -1, 0, 21, 0, 0, 37 ]
[ -11, 1, 0, -2, 0, 5, -1, 0, 21 ]
[ -1, -2, 2, 0, -1, 9, 0, 0, 37 ]
[ 1, 2, -2, 0, 4, 1, 0, -1, 9 ]
[ -1, -1, -7, -1, -2, 2, 0, 0, 37 ]
[ 4, 3, 0, 1, 1, 7, 0, 0, 37 ]
[ -4, -3, 0, -1, -2, 2, 1, 1, 7 ]
[ 2, 1, 23, 1, 1, 7, 0, 0, 37 ]
[ 3, 1, 2, 2, 1, 23, 0, 0, 37 ]
[ 3, 1, 2, 1, 1, 7, 2, 1, 23 ]
[ 1, 0, -21, 3, 1, 2, 0, 0, 37 ]
[ 2, 0, -5, 3, 1, 2, -1, 0, 21 ]
[ -4, 1, 1, -1, 0, 21, 0, 0, 37 ]
[ -4, 1, 1, -2, 0, 5, -1, 0, 21 ]
[ 37, 0, 0, -18, 1, 0, 7, 0, 1 ]
[ 1, 2, 0, 0, 37, 0, 0, -14, 1 ]
[ 18, -1, 0, 1, 2, 0, 7, 0, 1 ]
[ 7, 0, 1, -18, 1, 0, -2, 0, 5 ]
[ -1, -2, 0, 0, -14, 1, 0, -5, 3 ]
[ 7, 0, 1, 1, 2, 0, 3, 1, 3 ]
[ 18, -1, 0, 7, 0, 1, -2, 0, 5 ]
[ 1, 0, -21, -18, 1, 0, 0, 0, 37 ]
[ 2, 0, -5, -18, 1, 0, -1, 0, 21 ]
[ -1, -2, 0, 0, -1, 8, 0, 0, 37 ]
[ -1, -2, 0, 0, -5, 3, 0, -1, 8 ]
[ 1, 1, 8, 1, 2, 0, 0, 0, 37 ]
[ 3, 1, 3, 1, 2, 0, 1, 1, 8 ]
[ 7, 0, 1, 3, 1, 3, -2, 0, 5 ]
[ -18, 1, 0, -1, 0, 21, 0, 0, 37 ]
[ -18, 1, 0, -2, 0, 5, -1, 0, 21 ]
[ 2, 1, 24, 1, 1, 8, 0, 0, 37 ]
[ 3, 1, 3, 2, 1, 24, 0, 0, 37 ]
[ 3, 1, 3, 1, 1, 8, 2, 1, 24 ]
[ 1, 0, -21, 3, 1, 3, 0, 0, 37 ]
[ 2, 0, -5, 3, 1, 3, -1, 0, 21 ]
[ 37, 0, 0, 12, 1, 0, 7, 0, 1 ]
[ 1, -3, 0, 0, 37, 0, 0, -16, 1 ]
[ 12, 1, 0, -1, 3, 0, -5, -1, 1 ]
[ 7, 0, 1, 12, 1, 0, -2, 0, 5 ]
[ -1, 3, 0, 0, -16, 1, 0, 5, 2 ]
[ 5, 1, -1, -1, 3, 0, 2, -1, 2 ]
[ -12, -1, 0, -5, -1, 1, -2, 0, 5 ]
[ 1, 0, -21, 12, 1, 0, 0, 0, 37 ]
[ 2, 0, -5, 12, 1, 0, -1, 0, 21 ]
[ -1, 3, 0, 0, -1, 7, 0, 0, 37 ]
[ 1, -3, 0, 0, 5, 2, 0, -1, 7 ]
[ 0, 1, -7, -1, 3, 0, 0, 0, 37 ]
[ 2, -1, 2, -1, 3, 0, 0, -1, 7 ]
[ -5, -1, 1, 2, -1, 2, -2, 0, 5 ]
[ -1, 0, 21, -5, -1, 1, 0, 0, 37 ]
[ -2, 0, 5, -5, -1, 1, -1, 0, 21 ]
[ 12, 1, 0, -1, 0, 21, 0, 0, 37 ]
[ 12, 1, 0, -2, 0, 5, -1, 0, 21 ]
[ -1, 1, -23, 0, -1, 7, 0, 0, 37 ]
[ -2, 1, -2, 1, -1, 23, 0, 0, 37 ]
[ -2, 1, -2, 0, -1, 7, 1, -1, 23 ]
[ -1, 0, 21, 2, -1, 2, 0, 0, 37 ]
[ -2, 0, 5, 2, -1, 2, -1, 0, 21 ]
[ 5, 1, -1, -1, 0, 21, 0, 0, 37 ]
[ 5, 1, -1, -2, 0, 5, -1, 0, 21 ]
[ 37, 0, 0, 5, 1, 0, 7, 0, 1 ]
[ 5, 1, 0, -2, 7, 0, 2, -1, 1 ]
[ 7, 0, 1, 5, 1, 0, -2, 0, 5 ]
[ 1, -22, 0, 0, 37, 0, 0, 6, 1 ]
[ 2, -7, 0, -1, 22, 0, 0, 6, 1 ]
[ 1, -3, -3, -2, 7, 0, 0, 0, 37 ]
[ 2, -1, 1, -2, 7, 0, -1, 3, 3 ]
[ -5, -1, 0, 2, -1, 1, -2, 0, 5 ]
[ 1, 0, -21, 5, 1, 0, 0, 0, 37 ]
[ 2, 0, -5, 5, 1, 0, -1, 0, 21 ]
[ -1, 22, 0, 0, -1, 6, 0, 0, 37 ]
[ 1, -22, 0, 0, 6, 1, 0, -1, 6 ]
[ 0, 1, -6, -1, 22, 0, 0, 0, 37 ]
[ 0, 6, 1, -1, 22, 0, 0, -1, 6 ]
[ -2, 7, 0, -1, 3, 3, 0, 0, 37 ]
[ 2, -7, 0, 0, 6, 1, -1, 3, 3 ]
[ 0, 1, -6, -1, 3, 3, 0, 0, 37 ]
[ 2, -1, 1, -1, 3, 3, 0, -1, 6 ]
[ -1, 0, 21, 2, -1, 1, 0, 0, 37 ]
[ -2, 0, 5, 2, -1, 1, -1, 0, 21 ]
[ 5, 1, 0, -1, 0, 21, 0, 0, 37 ]
[ 5, 1, 0, -2, 0, 5, -1, 0, 21 ]
[ -1, 3, 3, 0, -1, 6, 0, 0, 37 ]
[ 1, -3, -3, 0, 6, 1, 0, -1, 6 ]
[ -1, 1, -22, 0, -1, 6, 0, 0, 37 ]
[ -2, 1, -1, 1, -1, 22, 0, 0, 37 ]
[ -2, 1, -1, 0, -1, 6, 1, -1, 22 ]
[ 37, 0, 0, -2, 1, 0, 7, 0, 1 ]
[ 1, -19, 0, 0, 37, 0, 0, -15, 1 ]
[ 2, -1, 0, -1, 19, 0, -1, 4, 1 ]
[ 7, 0, 1, -2, 1, 0, -2, 0, 5 ]
[ -1, 19, 0, 0, -15, 1, 0, 7, 2 ]
[ 1, -4, -1, -1, 19, 0, 0, 7, 2 ]
[ 0, 1, -5, -1, 4, 1, 0, 0, 37 ]
[ 2, -1, 0, -1, 4, 1, 0, -1, 5 ]
[ 1, 0, -21, -2, 1, 0, 0, 0, 37 ]
[ 2, 0, -5, -2, 1, 0, -1, 0, 21 ]
[ -1, 19, 0, 0, -1, 5, 0, 0, 37 ]
[ 1, -19, 0, 0, 7, 2, 0, -1, 5 ]
[ 0, 1, -5, -1, 19, 0, 0, 0, 37 ]
[ 0, 7, 2, -1, 19, 0, 0, -1, 5 ]
[ -1, 4, 1, 0, -1, 5, 0, 0, 37 ]
[ 1, -4, -1, 0, 7, 2, 0, -1, 5 ]
[ -1, 0, 21, 0, -1, 5, 0, 0, 37 ]
[ -2, 1, 0, -1, 0, 21, 0, 0, 37 ]
[ -2, 1, 0, 0, -1, 5, -1, 0, 21 ]
[ 37, 0, 0, -9, 1, 0, 7, 0, 1 ]
[ 1, 4, 0, 0, 37, 0, 0, 9, 1 ]
[ 9, -1, 0, 1, 4, 0, -2, 1, 1 ]
[ 7, 0, 1, -9, 1, 0, -2, 0, 5 ]
[ -1, -4, 0, 0, -1, 4, 0, 0, 37 ]
[ 1, 4, 0, 0, 9, 1, 0, -1, 4 ]
[ 0, -1, 4, 1, 4, 0, 0, 0, 37 ]
[ 2, -1, -1, 1, 4, 0, 0, -1, 4 ]
[ 9, -1, 0, -2, 1, 1, -2, 0, 5 ]
[ 1, 0, -21, -9, 1, 0, 0, 0, 37 ]
[ 2, 0, -5, -9, 1, 0, -1, 0, 21 ]
[ -1, 0, 21, 0, -1, 4, 0, 0, 37 ]
[ -2, 1, 1, -1, 0, 21, 0, 0, 37 ]
[ -2, 1, 1, 0, -1, 4, -1, 0, 21 ]
[ 1, 0, -21, -2, 1, 1, 0, 0, 37 ]
[ 2, 0, -5, -2, 1, 1, -1, 0, 21 ]
[ -9, 1, 0, -1, 0, 21, 0, 0, 37 ]
[ -9, 1, 0, -2, 0, 5, -1, 0, 21 ]
[ 37, 0, 0, -16, 1, 0, 7, 0, 1 ]
[ 16, -1, 0, 5, 2, 0, 7, 0, 1 ]
[ 7, 0, 1, -16, 1, 0, -2, 0, 5 ]
[ 1, -7, 0, 0, 37, 0, 0, 12, 1 ]
[ 5, 2, 0, -1, 7, 0, 2, -2, 1 ]
[ 7, 0, 1, 5, 2, 0, 5, 1, 3 ]
[ 16, -1, 0, 7, 0, 1, -2, 0, 5 ]
[ 1, 0, -21, -16, 1, 0, 0, 0, 37 ]
[ 2, 0, -5, -16, 1, 0, -1, 0, 21 ]
[ -1, 7, 0, 0, -1, 3, 0, 0, 37 ]
[ 1, -7, 0, 0, 12, 1, 0, -1, 3 ]
[ 0, 1, -3, -1, 7, 0, 0, 0, 37 ]
[ 2, -2, 1, -1, 7, 0, 0, -1, 3 ]
[ -5, -2, 0, 2, -2, 1, 0, -1, 3 ]
[ 3, 1, 8, 5, 2, 0, 0, 0, 37 ]
[ 5, 1, 3, 5, 2, 0, 3, 1, 8 ]
[ 7, 0, 1, 5, 1, 3, -2, 0, 5 ]
[ -16, 1, 0, -1, 0, 21, 0, 0, 37 ]
[ -16, 1, 0, -2, 0, 5, -1, 0, 21 ]
[ -1, 1, -19, 0, -1, 3, 0, 0, 37 ]
[ -2, 2, -1, 0, -1, 3, 1, -1, 19 ]
[ 0, -1, 3, 1, -1, 19, 0, 0, 37 ]
[ 0, -1, 3, 2, -2, 1, 1, -1, 19 ]
[ -5, -2, 0, -2, -1, 8, 0, 0, 37 ]
[ -5, -2, 0, 0, -1, 3, -2, -1, 8 ]
[ 4, 1, 24, 3, 1, 8, 0, 0, 37 ]
[ 5, 1, 3, 4, 1, 24, 0, 0, 37 ]
[ 5, 1, 3, 3, 1, 8, 4, 1, 24 ]
[ 1, 0, -21, 5, 1, 3, 0, 0, 37 ]
[ 2, 0, -5, 5, 1, 3, -1, 0, 21 ]
[ -1, -1, 24, 0, -1, 3, 0, 0, 37 ]
[ -2, -1, 8, -1, -1, 24, 0, 0, 37 ]
[ -2, -1, 8, 0, -1, 3, -1, -1, 24 ]
[ 37, 0, 0, 14, 1, 0, 7, 0, 1 ]
[ 14, 1, 0, 5, 3, 0, -7, -1, 1 ]
[ 7, 0, 1, 14, 1, 0, -2, 0, 5 ]
[ 1, 8, 0, 0, 37, 0, 0, 18, 1 ]
[ 5, 3, 0, 1, 8, 0, -2, 2, 1 ]
[ 7, 1, -1, 5, 3, 0, 0, -1, 2 ]
[ -14, -1, 0, -7, -1, 1, -2, 0, 5 ]
[ 1, 0, -21, 14, 1, 0, 0, 0, 37 ]
[ 2, 0, -5, 14, 1, 0, -1, 0, 21 ]
[ -1, -8, 0, 0, -1, 2, 0, 0, 37 ]
[ 1, 8, 0, 0, 18, 1, 0, -1, 2 ]
[ 0, -1, 2, 1, 8, 0, 0, 0, 37 ]
[ 2, -2, -1, 1, 8, 0, 0, -1, 2 ]
[ 5, 3, 0, -2, 2, 1, 0, -1, 2 ]
[ 2, 1, -7, 5, 3, 0, 0, 0, 37 ]
[ 0, -1, 2, 5, 3, 0, -2, -1, 7 ]
[ -7, -1, 1, 0, -1, 2, -2, 0, 5 ]
[ -1, 0, 21, -7, -1, 1, 0, 0, 37 ]
[ -2, 0, 5, -7, -1, 1, -1, 0, 21 ]
[ 14, 1, 0, -1, 0, 21, 0, 0, 37 ]
[ 14, 1, 0, -2, 0, 5, -1, 0, 21 ]
[ -1, 1, 19, 0, -1, 2, 0, 0, 37 ]
[ -2, 2, 1, 0, -1, 2, -1, 1, 19 ]
[ 0, 1, -2, -1, 1, 19, 0, 0, 37 ]
[ 0, 1, -2, -2, 2, 1, -1, 1, 19 ]
[ 5, 3, 0, -2, -1, 7, 0, 0, 37 ]
[ -5, -3, 0, 0, -1, 2, -2, -1, 7 ]
[ 1, 1, -23, -2, -1, 7, 0, 0, 37 ]
[ 0, 1, -2, -1, -1, 23, 0, 0, 37 ]
[ 0, 1, -2, -2, -1, 7, -1, -1, 23 ]
[ -1, 0, 21, 0, -1, 2, 0, 0, 37 ]
[ -2, 0, 5, 0, -1, 2, -1, 0, 21 ]
[ 7, 1, -1, -1, 0, 21, 0, 0, 37 ]
[ 7, 1, -1, -2, 0, 5, -1, 0, 21 ]
[ -1, -1, 23, 0, -1, 2, 0, 0, 37 ]
[ -2, -1, 7, -1, -1, 23, 0, 0, 37 ]
[ -2, -1, 7, 0, -1, 2, -1, -1, 23 ]
[ 37, 0, 0, 7, 1, 0, 7, 0, 1 ]
[ 7, 1, 0, -2, 5, 0, 0, -1, 1 ]
[ 7, 0, 1, 7, 1, 0, -2, 0, 5 ]
[ -1, 21, 0, 0, -1, 1, 0, 0, 37 ]
[ 1, -21, 0, 0, 37, 0, 0, -1, 1 ]
[ 0, 1, -1, -1, 21, 0, 0, 0, 37 ]
[ 2, -5, 0, -1, 21, 0, 0, -1, 1 ]
[ 1, -2, -19, -2, 5, 0, 0, 0, 37 ]
[ 0, 1, -1, -1, 2, 19, 0, 0, 37 ]
[ 0, 1, -1, -2, 5, 0, -1, 2, 19 ]
[ -7, -1, 0, 0, -1, 1, -2, 0, 5 ]
[ 1, 0, -21, 7, 1, 0, 0, 0, 37 ]
[ 2, 0, -5, 7, 1, 0, -1, 0, 21 ]
[ -1, 2, 19, 0, -1, 1, 0, 0, 37 ]
[ -2, 5, 0, -1, 2, 19, 0, 0, 37 ]
[ -2, 5, 0, 0, -1, 1, -1, 2, 19 ]
[ -1, 0, 21, 0, -1, 1, 0, 0, 37 ]
[ -2, 0, 5, 0, -1, 1, -1, 0, 21 ]
[ 7, 1, 0, -1, 0, 21, 0, 0, 37 ]
[ 7, 1, 0, -2, 0, 5, -1, 0, 21 ]
[ 37, 0, 0, 0, 1, 0, -13, 0, 1 ]
[ 13, 0, -1, 0, 1, 0, -2, 0, 3 ]
[ 1, 0, -20, 0, 1, 0, 0, 0, 37 ]
[ 2, 0, -3, 0, 1, 0, -1, 0, 20 ]
[ 37, 0, 0, 13, 1, 0, -13, 0, 1 ]
[ 13, 1, 0, 2, 3, 0, 0, 1, 1 ]
[ 13, 0, -1, 13, 1, 0, -2, 0, 3 ]
[ 1, 20, 0, 0, 1, 1, 0, 0, 37 ]
[ 1, 20, 0, 0, 37, 0, 0, 1, 1 ]
[ 0, -1, -1, 1, 20, 0, 0, 0, 37 ]
[ 2, 3, 0, 1, 20, 0, 0, 1, 1 ]
[ -1, -2, -19, 2, 3, 0, 0, 0, 37 ]
[ 0, -1, -1, 1, 2, 19, 0, 0, 37 ]
[ 0, -1, -1, 2, 3, 0, 1, 2, 19 ]
[ 13, 1, 0, 0, 1, 1, -2, 0, 3 ]
[ 1, 0, -20, 13, 1, 0, 0, 0, 37 ]
[ 2, 0, -3, 13, 1, 0, -1, 0, 20 ]
[ 1, 2, 19, 0, 1, 1, 0, 0, 37 ]
[ 2, 3, 0, 1, 2, 19, 0, 0, 37 ]
[ 2, 3, 0, 0, 1, 1, 1, 2, 19 ]
[ 1, 0, -20, 0, 1, 1, 0, 0, 37 ]
[ 2, 0, -3, 0, 1, 1, -1, 0, 20 ]
[ 13, 1, 0, -1, 0, 20, 0, 0, 37 ]
[ 13, 1, 0, -2, 0, 3, -1, 0, 20 ]
[ 37, 0, 0, -11, 1, 0, -13, 0, 1 ]
[ 11, -1, 0, 4, 3, 0, -2, -1, 1 ]
[ 13, 0, -1, -11, 1, 0, -2, 0, 3 ]
[ 1, 10, 0, 0, 37, 0, 0, -18, 1 ]
[ 4, 3, 0, 1, 10, 0, 2, 2, 1 ]
[ -1, -1, -19, 4, 3, 0, 0, 0, 37 ]
[ 2, 1, -1, 1, 1, 19, 0, 0, 37 ]
[ 2, 1, -1, 4, 3, 0, 1, 1, 19 ]
[ -11, 1, 0, -2, -1, 1, -2, 0, 3 ]
[ 1, 0, -20, -11, 1, 0, 0, 0, 37 ]
[ 2, 0, -3, -11, 1, 0, -1, 0, 20 ]
[ 1, 10, 0, 0, 1, 2, 0, 0, 37 ]
[ -1, -10, 0, 0, -18, 1, 0, 1, 2 ]
[ 0, -1, -2, 1, 10, 0, 0, 0, 37 ]
[ 2, 2, 1, 1, 10, 0, 0, 1, 2 ]
[ 4, 3, 0, 1, 1, 19, 0, 0, 37 ]
[ 4, 3, 0, 2, 2, 1, 1, 1, 19 ]
[ -1, 0, 20, -2, -1, 1, 0, 0, 37 ]
[ -2, 0, 3, -2, -1, 1, -1, 0, 20 ]
[ -11, 1, 0, -1, 0, 20, 0, 0, 37 ]
[ -11, 1, 0, -2, 0, 3, -1, 0, 20 ]
[ 1, 1, 19, 0, 1, 2, 0, 0, 37 ]
[ 2, 2, 1, 0, 1, 2, 1, 1, 19 ]
[ 37, 0, 0, 2, 1, 0, -13, 0, 1 ]
[ 1, 19, 0, 0, 37, 0, 0, -12, 1 ]
[ 2, 1, 0, 1, 19, 0, 1, 7, 1 ]
[ 13, 0, -1, 2, 1, 0, -2, 0, 3 ]
[ 1, 19, 0, 0, 1, 3, 0, 0, 37 ]
[ -1, -19, 0, 0, -12, 1, 0, 1, 3 ]
[ 0, -1, -3, 1, 19, 0, 0, 0, 37 ]
[ 1, 7, 1, 0, 1, 3, 0, 0, 37 ]
[ 1, 7, 1, 1, 19, 0, 0, 1, 3 ]
[ 0, -1, -3, 1, 7, 1, 0, 0, 37 ]
[ 2, 1, 0, 1, 7, 1, 0, 1, 3 ]
[ 1, 0, -20, 2, 1, 0, 0, 0, 37 ]
[ 2, 0, -3, 2, 1, 0, -1, 0, 20 ]
[ 1, 1, 20, 0, 1, 3, 0, 0, 37 ]
[ 2, 1, 0, 1, 1, 20, 0, 0, 37 ]
[ 2, 1, 0, 0, 1, 3, 1, 1, 20 ]
[ 37, 0, 0, 15, 1, 0, -13, 0, 1 ]
[ 15, 1, 0, -7, 2, 0, 2, 1, 1 ]
[ 13, 0, -1, 15, 1, 0, -2, 0, 3 ]
[ 1, 5, 0, 0, 37, 0, 0, -9, 1 ]
[ 7, -2, 0, 1, 5, 0, 2, 1, 1 ]
[ 2, 1, 1, -7, 2, 0, -2, 0, 3 ]
[ 15, 1, 0, 2, 1, 1, -2, 0, 3 ]
[ 1, 0, -20, 15, 1, 0, 0, 0, 37 ]
[ 2, 0, -3, 15, 1, 0, -1, 0, 20 ]
[ 1, 5, 0, 0, 1, 4, 0, 0, 37 ]
[ -1, -5, 0, 0, -9, 1, 0, 1, 4 ]
[ 0, -1, -4, 1, 5, 0, 0, 0, 37 ]
[ 2, 1, 1, 1, 5, 0, 0, 1, 4 ]
[ 1, 0, -20, 2, 1, 1, 0, 0, 37 ]
[ 2, 0, -3, 2, 1, 1, -1, 0, 20 ]
[ 7, -2, 0, 2, 1, 1, -2, 0, 3 ]
[ 4, -1, -10, -7, 2, 0, 0, 0, 37 ]
[ 2, 0, -3, -7, 2, 0, -4, 1, 10 ]
[ 2, 1, 1, -1, 0, 20, 0, 0, 37 ]
[ 2, 1, 1, -2, 0, 3, -1, 0, 20 ]
[ 15, 1, 0, -1, 0, 20, 0, 0, 37 ]
[ 15, 1, 0, -2, 0, 3, -1, 0, 20 ]
[ 1, 1, 21, 0, 1, 4, 0, 0, 37 ]
[ 2, 1, 1, 1, 1, 21, 0, 0, 37 ]
[ 2, 1, 1, 0, 1, 4, 1, 1, 21 ]
[ -7, 2, 0, -4, 1, 10, 0, 0, 37 ]
[ -7, 2, 0, -2, 0, 3, -4, 1, 10 ]
[ 1, 0, -20, -4, 1, 10, 0, 0, 37 ]
[ 2, 0, -3, -4, 1, 10, -1, 0, 20 ]
[ 1, 0, -20, 2, 1, 1, 0, 0, 37 ]
[ 2, 0, -3, 2, 1, 1, -1, 0, 20 ]
[ -4, 1, 10, -1, 0, 20, 0, 0, 37 ]
[ -4, 1, 10, -2, 0, 3, -1, 0, 20 ]
[ 37, 0, 0, -9, 1, 0, -13, 0, 1 ]
[ 1, 4, 0, 0, 37, 0, 0, 15, 1 ]
[ 9, -1, 0, 1, 4, 0, -4, -1, 1 ]
[ 13, 0, -1, -9, 1, 0, -2, 0, 3 ]
[ 1, 4, 0, 0, 15, 1, 0, -7, 2 ]
[ 4, 1, -1, 1, 4, 0, 2, 1, 2 ]
[ -9, 1, 0, -4, -1, 1, -2, 0, 3 ]
[ 1, 0, -20, -9, 1, 0, 0, 0, 37 ]
[ 2, 0, -3, -9, 1, 0, -1, 0, 20 ]
[ 1, 4, 0, 0, 1, 5, 0, 0, 37 ]
[ -1, -4, 0, 0, -7, 2, 0, 1, 5 ]
[ 0, -1, -5, 1, 4, 0, 0, 0, 37 ]
[ 2, 1, 2, 1, 4, 0, 0, 1, 5 ]
[ 1, 0, -20, 2, 1, 2, 0, 0, 37 ]
[ 4, 1, -1, -1, 0, 20, 0, 0, 37 ]
[ 4, 1, -1, 2, 1, 2, -1, 0, 20 ]
[ -1, 0, 20, -4, -1, 1, 0, 0, 37 ]
[ -2, 0, 3, -4, -1, 1, -1, 0, 20 ]
[ -9, 1, 0, -1, 0, 20, 0, 0, 37 ]
[ -9, 1, 0, -2, 0, 3, -1, 0, 20 ]
[ 1, 1, 22, 0, 1, 5, 0, 0, 37 ]
[ 2, 1, 2, 1, 1, 22, 0, 0, 37 ]
[ 2, 1, 2, 0, 1, 5, 1, 1, 22 ]
[ 37, 0, 0, 4, 1, 0, -13, 0, 1 ]
[ 1, -9, 0, 0, 37, 0, 0, -6, 1 ]
[ 4, 1, 0, -1, 9, 0, -1, 3, 1 ]
[ 13, 0, -1, 4, 1, 0, -2, 0, 3 ]
[ 1, -9, 0, 0, 1, 6, 0, 0, 37 ]
[ -1, 9, 0, 0, -6, 1, 0, 1, 6 ]
[ 0, 1, 6, -1, 9, 0, 0, 0, 37 ]
[ 1, -3, -1, 0, 1, 6, 0, 0, 37 ]
[ 1, -3, -1, -1, 9, 0, 0, 1, 6 ]
[ 4, 1, 0, -1, 3, 1, -2, 0, 3 ]
[ 1, 0, -20, 4, 1, 0, 0, 0, 37 ]
[ 2, 0, -3, 4, 1, 0, -1, 0, 20 ]
[ 0, 1, 6, -1, 3, 1, 0, 0, 37 ]
[ 2, 0, -3, -1, 3, 1, 0, 1, 6 ]
[ 4, 1, 0, -1, 0, 20, 0, 0, 37 ]
[ 4, 1, 0, -2, 0, 3, -1, 0, 20 ]
[ 1, 0, -20, 0, 1, 6, 0, 0, 37 ]
[ 2, 0, -3, 0, 1, 6, -1, 0, 20 ]
[ 37, 0, 0, 17, 1, 0, -13, 0, 1 ]
[ 17, 1, 0, -3, 2, 0, 4, 1, 1 ]
[ 13, 0, -1, 17, 1, 0, -2, 0, 3 ]
[ 1, -13, 0, 0, 37, 0, 0, 16, 1 ]
[ 3, -2, 0, -1, 13, 0, 1, 3, 1 ]
[ 4, 1, 1, -3, 2, 0, -2, 0, 3 ]
[ 17, 1, 0, 4, 1, 1, -2, 0, 3 ]
[ 1, 0, -20, 17, 1, 0, 0, 0, 37 ]
[ 2, 0, -3, 17, 1, 0, -1, 0, 20 ]
[ 1, -13, 0, 0, 16, 1, 0, -5, 2 ]
[ 1, 3, 1, -1, 13, 0, 0, -5, 2 ]
[ 3, -2, 0, 1, 3, 1, 1, -2, 3 ]
[ 2, -1, -10, -3, 2, 0, 0, 0, 37 ]
[ 2, 0, -3, -3, 2, 0, -2, 1, 10 ]
[ 4, 1, 1, -1, 0, 20, 0, 0, 37 ]
[ 4, 1, 1, -2, 0, 3, -1, 0, 20 ]
[ 1, 0, -20, 4, 1, 1, 0, 0, 37 ]
[ 2, 0, -3, 4, 1, 1, -1, 0, 20 ]
[ 17, 1, 0, -1, 0, 20, 0, 0, 37 ]
[ 17, 1, 0, -2, 0, 3, -1, 0, 20 ]
[ 1, -13, 0, 0, 1, 7, 0, 0, 37 ]
[ -1, 13, 0, 0, -5, 2, 0, 1, 7 ]
[ 0, 1, 7, -1, 13, 0, 0, 0, 37 ]
[ 0, 5, -2, -1, 13, 0, 0, 1, 7 ]
[ 1, 3, 1, 0, 1, 7, 0, 0, 37 ]
[ -1, -3, -1, 0, -5, 2, 0, 1, 7 ]
[ 0, -1, -7, 1, 3, 1, 0, 0, 37 ]
[ 1, -2, 3, 0, 1, 7, 0, 0, 37 ]
[ 1, -2, 3, 1, 3, 1, 0, 1, 7 ]
[ -1, 1, -10, 1, -2, 3, 0, 0, 37 ]
[ -3, 2, 0, 1, -1, 10, 0, 0, 37 ]
[ -3, 2, 0, 1, -2, 3, 1, -1, 10 ]
[ 1, 0, -20, -2, 1, 10, 0, 0, 37 ]
[ 2, 0, -3, -2, 1, 10, -1, 0, 20 ]
[ 37, 0, 0, -7, 1, 0, -13, 0, 1 ]
[ 7, -1, 0, 2, 5, 0, 1, -2, 1 ]
[ 13, 0, -1, -7, 1, 0, -2, 0, 3 ]
[ 1, 21, 0, 0, 37, 0, 0, 14, 1 ]
[ 2, 5, 0, 1, 21, 0, -1, -7, 1 ]
[ 1, 2, -4, 2, 5, 0, 0, 0, 37 ]
[ 1, -2, 1, 2, 5, 0, -1, -2, 4 ]
[ -7, 1, 0, 1, -2, 1, -2, 0, 3 ]
[ 1, 0, -20, -7, 1, 0, 0, 0, 37 ]
[ 2, 0, -3, -7, 1, 0, -1, 0, 20 ]
[ 1, 21, 0, 0, 14, 1, 0, 5, 3 ]
[ 1, 7, -1, 1, 21, 0, 0, 5, 3 ]
[ 2, 5, 0, 1, 3, 4, 0, 0, 37 ]
[ -2, -5, 0, -1, -7, 1, 1, 3, 4 ]
[ 0, 1, 8, -1, -2, 4, 0, 0, 37 ]
[ 1, -2, 1, 0, 1, 8, 0, 0, 37 ]
[ -1, 2, -1, -1, -2, 4, 0, 1, 8 ]
[ -1, 1, -9, 1, -2, 1, 0, 0, 37 ]
[ -2, 0, 3, 1, -2, 1, 1, -1, 9 ]
[ -7, 1, 0, -1, 0, 20, 0, 0, 37 ]
[ -7, 1, 0, -2, 0, 3, -1, 0, 20 ]
[ 1, 21, 0, 0, 1, 8, 0, 0, 37 ]
[ 1, 21, 0, 0, 5, 3, 0, 1, 8 ]
[ 0, -1, -8, 1, 21, 0, 0, 0, 37 ]
[ 0, -5, -3, 1, 21, 0, 0, 1, 8 ]
[ 1, 7, -1, 0, 1, 8, 0, 0, 37 ]
[ 1, 7, -1, 0, 5, 3, 0, 1, 8 ]
[ 0, 1, 8, -1, -7, 1, 0, 0, 37 ]
[ 1, 3, 4, 0, 1, 8, 0, 0, 37 ]
[ -1, -3, -4, -1, -7, 1, 0, 1, 8 ]
[ -1, 0, 20, 1, -1, 9, 0, 0, 37 ]
[ -2, 0, 3, 1, -1, 9, -1, 0, 20 ]
[ 37, 0, 0, 6, 1, 0, -13, 0, 1 ]
[ 1, -6, 0, 0, 37, 0, 0, -4, 1 ]
[ 6, 1, 0, -1, 6, 0, -1, 2, 1 ]
[ 13, 0, -1, 6, 1, 0, -2, 0, 3 ]
[ 1, -6, 0, 0, 1, 9, 0, 0, 37 ]
[ -1, 6, 0, 0, -4, 1, 0, 1, 9 ]
[ 0, 1, 9, -1, 6, 0, 0, 0, 37 ]
[ 1, -2, -1, 0, 1, 9, 0, 0, 37 ]
[ 1, -2, -1, -1, 6, 0, 0, 1, 9 ]
[ 6, 1, 0, -1, 2, 1, -2, 0, 3 ]
[ 1, 0, -20, 6, 1, 0, 0, 0, 37 ]
[ 2, 0, -3, 6, 1, 0, -1, 0, 20 ]
[ 0, 1, 9, -1, 2, 1, 0, 0, 37 ]
[ 2, 0, -3, -1, 2, 1, 0, 1, 9 ]
[ 6, 1, 0, -1, 0, 20, 0, 0, 37 ]
[ 6, 1, 0, -2, 0, 3, -1, 0, 20 ]
[ 1, 0, -20, 0, 1, 9, 0, 0, 37 ]
[ 2, 0, -3, 0, 1, 9, -1, 0, 20 ]
[ 37, 0, 0, -18, 1, 0, -13, 0, 1 ]
[ 1, 2, 0, 0, 37, 0, 0, -11, 1 ]
[ 18, -1, 0, 1, 2, 0, 5, -1, 1 ]
[ 13, 0, -1, -18, 1, 0, -2, 0, 3 ]
[ -1, -2, 0, 0, -11, 1, 0, 4, 3 ]
[ 5, -1, 1, 1, 2, 0, -2, 0, 3 ]
[ -18, 1, 0, 5, -1, 1, -2, 0, 3 ]
[ 1, 0, -20, -18, 1, 0, 0, 0, 37 ]
[ 2, 0, -3, -18, 1, 0, -1, 0, 20 ]
[ 1, 2, 0, 0, 1, 10, 0, 0, 37 ]
[ 1, 2, 0, 0, 4, 3, 0, 1, 10 ]
[ 0, -1, -10, 1, 2, 0, 0, 0, 37 ]
[ 2, 0, -3, 1, 2, 0, 0, 1, 10 ]
[ -5, 1, -1, -1, 0, 20, 0, 0, 37 ]
[ -5, 1, -1, -2, 0, 3, -1, 0, 20 ]
[ -1, 0, 20, 5, -1, 1, 0, 0, 37 ]
[ -2, 0, 3, 5, -1, 1, -1, 0, 20 ]
[ -18, 1, 0, -1, 0, 20, 0, 0, 37 ]
[ -18, 1, 0, -2, 0, 3, -1, 0, 20 ]
[ 1, 0, -20, 0, 1, 10, 0, 0, 37 ]
[ 2, 0, -3, 0, 1, 10, -1, 0, 20 ]
[ 37, 0, 0, -5, 1, 0, -13, 0, 1 ]
[ 5, -1, 0, 2, 7, 0, -3, -2, 1 ]
[ 13, 0, -1, -5, 1, 0, -2, 0, 3 ]
[ 1, 22, 0, 0, 37, 0, 0, -10, 1 ]
[ 2, 7, 0, 1, 22, 0, 1, 12, 1 ]
[ 3, 2, -1, 2, 7, 0, 1, 2, 2 ]
[ -5, 1, 0, -3, -2, 1, -2, 0, 3 ]
[ 1, 0, -20, -5, 1, 0, 0, 0, 37 ]
[ 2, 0, -3, -5, 1, 0, -1, 0, 20 ]
[ -1, -22, 0, 0, -10, 1, 0, -3, 4 ]
[ 1, 12, 1, 1, 22, 0, 0, -3, 4 ]
[ 2, 7, 0, 1, 12, 1, -1, -5, 2 ]
[ 1, 3, 13, 2, 7, 0, 0, 0, 37 ]
[ 1, 2, 2, 1, 3, 13, 0, 0, 37 ]
[ 1, 2, 2, 2, 7, 0, 1, 3, 13 ]
[ 1, 1, -9, 1, 2, 2, 0, 0, 37 ]
[ -3, -2, 1, -1, -1, 9, 0, 0, 37 ]
[ 3, 2, -1, 1, 2, 2, -1, -1, 9 ]
[ 1, 1, -9, -3, -2, 1, 0, 0, 37 ]
[ -2, 0, 3, -3, -2, 1, -1, -1, 9 ]
[ -5, 1, 0, -1, 0, 20, 0, 0, 37 ]
[ -5, 1, 0, -2, 0, 3, -1, 0, 20 ]
[ 1, 22, 0, 0, 1, 11, 0, 0, 37 ]
[ -1, -22, 0, 0, -3, 4, 0, 1, 11 ]
[ 0, -1, -11, 1, 22, 0, 0, 0, 37 ]
[ 0, -3, 4, 1, 22, 0, 0, 1, 11 ]
[ 1, 12, 1, 0, 1, 11, 0, 0, 37 ]
[ -1, -12, -1, 0, -3, 4, 0, 1, 11 ]
[ 1, 5, -2, 1, 12, 1, 0, -3, 4 ]
[ -1, -4, 13, -1, -5, 2, 0, 0, 37 ]
[ -2, -7, 0, -1, -4, 13, 0, 0, 37 ]
[ -2, -7, 0, -1, -5, 2, -1, -4, 13 ]
[ -1, 0, 20, -1, -1, 9, 0, 0, 37 ]
[ -2, 0, 3, -1, -1, 9, -1, 0, 20 ]
[ 0, -1, -11, 1, 12, 1, 0, 0, 37 ]
[ 0, -3, 4, 1, 12, 1, 0, 1, 11 ]
[ 1, 5, -2, 0, 1, 11, 0, 0, 37 ]
[ -1, -5, 2, 0, -3, 4, 0, 1, 11 ]
[ 37, 0, 0, 8, 1, 0, -13, 0, 1 ]
[ 8, 1, 0, 3, 5, 0, 3, 2, 1 ]
[ 13, 0, -1, 8, 1, 0, -2, 0, 3 ]
[ 1, 14, 0, 0, 37, 0, 0, -3, 1 ]
[ 3, 5, 0, 1, 14, 0, 0, -3, 1 ]
[ -1, -2, -4, 3, 5, 0, 0, 0, 37 ]
[ 3, 2, 1, 3, 5, 0, 1, 2, 4 ]
[ 8, 1, 0, 3, 2, 1, -2, 0, 3 ]
[ 1, 0, -20, 8, 1, 0, 0, 0, 37 ]
[ 2, 0, -3, 8, 1, 0, -1, 0, 20 ]
[ 1, 14, 0, 0, 1, 12, 0, 0, 37 ]
[ -1, -14, 0, 0, -3, 1, 0, 1, 12 ]
[ 0, -1, -12, 1, 14, 0, 0, 0, 37 ]
[ 0, -3, 1, 1, 14, 0, 0, 1, 12 ]
[ 3, 5, 0, 1, 2, 4, 0, 0, 37 ]
[ -3, -5, 0, 0, -3, 1, 1, 2, 4 ]
[ 1, 1, -8, 1, 2, 4, 0, 0, 37 ]
[ -3, -2, -1, -1, -1, 8, 0, 0, 37 ]
[ 3, 2, 1, 1, 2, 4, -1, -1, 8 ]
[ 2, 1, 9, 3, 2, 1, 0, 0, 37 ]
[ 2, 0, -3, 3, 2, 1, 2, 1, 9 ]
[ 8, 1, 0, -1, 0, 20, 0, 0, 37 ]
[ 8, 1, 0, -2, 0, 3, -1, 0, 20 ]
[ 1, 2, 4, 0, 1, 12, 0, 0, 37 ]
[ -1, -2, -4, 0, -3, 1, 0, 1, 12 ]
[ 1, 0, -20, 2, 1, 9, 0, 0, 37 ]
[ 2, 0, -3, 2, 1, 9, -1, 0, 20 ]
[ 37, 0, 0, -16, 1, 0, -13, 0, 1 ]
[ 16, -1, 0, 5, 2, 0, 3, -1, 1 ]
[ 13, 0, -1, -16, 1, 0, -2, 0, 3 ]
[ 1, -7, 0, 0, 37, 0, 0, -17, 1 ]
[ 5, 2, 0, -1, 7, 0, -2, -3, 1 ]
[ 3, -1, 1, 5, 2, 0, -2, 0, 3 ]
[ -16, 1, 0, 3, -1, 1, -2, 0, 3 ]
[ 1, 0, -20, -16, 1, 0, 0, 0, 37 ]
[ 2, 0, -3, -16, 1, 0, -1, 0, 20 ]
[ -1, 7, 0, 0, -17, 1, 0, 3, 2 ]
[ 2, 3, -1, -1, 7, 0, 0, 3, 2 ]
[ -5, -2, 0, -2, -3, 1, 3, 2, 3 ]
[ -2, -1, -10, 5, 2, 0, 0, 0, 37 ]
[ 2, 0, -3, 5, 2, 0, 2, 1, 10 ]
[ -3, 1, -1, -1, 0, 20, 0, 0, 37 ]
[ -3, 1, -1, -2, 0, 3, -1, 0, 20 ]
[ -1, 0, 20, 3, -1, 1, 0, 0, 37 ]
[ -2, 0, 3, 3, -1, 1, -1, 0, 20 ]
[ -16, 1, 0, -1, 0, 20, 0, 0, 37 ]
[ -16, 1, 0, -2, 0, 3, -1, 0, 20 ]
[ 1, -7, 0, 0, 1, 13, 0, 0, 37 ]
[ 1, -7, 0, 0, 3, 2, 0, 1, 13 ]
[ 0, 1, 13, -1, 7, 0, 0, 0, 37 ]
[ 0, 3, 2, -1, 7, 0, 0, 1, 13 ]
[ 2, 3, -1, -1, -1, 7, 0, 0, 37 ]
[ 2, 3, -1, 0, 3, 2, -1, -1, 7 ]
[ -1, -1, 7, -2, -3, 1, 0, 0, 37 ]
[ -3, -2, -3, -1, -1, 7, 0, 0, 37 ]
[ -3, -2, -3, -2, -3, 1, -1, -1, 7 ]
[ 2, 1, 10, 3, 2, 3, 0, 0, 37 ]
[ 5, 2, 0, 2, 1, 10, 0, 0, 37 ]
[ 5, 2, 0, 3, 2, 3, 2, 1, 10 ]
[ 1, 0, -20, 2, 1, 10, 0, 0, 37 ]
[ 2, 0, -3, 2, 1, 10, -1, 0, 20 ]
[ 1, 1, -7, 0, 1, 13, 0, 0, 37 ]
[ 1, 1, -7, 0, 3, 2, 0, 1, 13 ]
[ 37, 0, 0, -3, 1, 0, -13, 0, 1 ]
[ 1, 12, 0, 0, 37, 0, 0, 8, 1 ]
[ 3, -1, 0, 1, 12, 0, -1, -4, 1 ]
[ 13, 0, -1, -3, 1, 0, -2, 0, 3 ]
[ 1, 12, 0, 0, 8, 1, 0, 3, 5 ]
[ 1, 4, -1, 1, 12, 0, 0, 3, 5 ]
[ -3, 1, 0, -1, -4, 1, 1, -1, 3 ]
[ 1, 0, -20, -3, 1, 0, 0, 0, 37 ]
[ 2, 0, -3, -3, 1, 0, -1, 0, 20 ]
[ 1, 12, 0, 0, 1, 14, 0, 0, 37 ]
[ 1, 12, 0, 0, 3, 5, 0, 1, 14 ]
[ 0, -1, -14, 1, 12, 0, 0, 0, 37 ]
[ 0, -3, -5, 1, 12, 0, 0, 1, 14 ]
[ 1, 4, -1, 0, 1, 14, 0, 0, 37 ]
[ 1, 4, -1, 0, 3, 5, 0, 1, 14 ]
[ -1, 1, -3, -1, -4, 1, 0, -2, 9 ]
[ -1, 0, 20, 1, -1, 3, 0, 0, 37 ]
[ -3, 1, 0, -1, 0, 20, 0, 0, 37 ]
[ -3, 1, 0, 1, -1, 3, -1, 0, 20 ]
[ 0, 1, -23, -1, -4, 1, 0, 0, 37 ]
[ 0, 2, -9, -1, -4, 1, 0, -1, 23 ]
[ -1, 1, -3, 0, -1, 23, 0, 0, 37 ]
[ -1, 1, -3, 0, -2, 9, 0, -1, 23 ]
[ 37, 0, 0, 10, 1, 0, -13, 0, 1 ]
[ 10, 1, 0, 3, 4, 0, -3, 1, 1 ]
[ 13, 0, -1, 10, 1, 0, -2, 0, 3 ]
[ 1, -11, 0, 0, 37, 0, 0, 5, 1 ]
[ 3, 4, 0, -1, 11, 0, 0, 5, 1 ]
[ 3, -1, -1, 3, 4, 0, 1, -1, 2 ]
[ 10, 1, 0, -3, 1, 1, -2, 0, 3 ]
[ 1, 0, -20, 10, 1, 0, 0, 0, 37 ]
[ 2, 0, -3, 10, 1, 0, -1, 0, 20 ]
[ 1, -11, 0, 0, 5, 1, 0, -2, 7 ]
[ 0, 5, 1, -1, 11, 0, 0, -2, 7 ]
[ 3, 4, 0, 0, 5, 1, 1, -1, 2 ]
[ 1, 1, -5, 3, 4, 0, 0, 0, 37 ]
[ 1, -1, 2, 3, 4, 0, -1, -1, 5 ]
[ -1, 0, 20, 1, -1, 2, 0, 0, 37 ]
[ -3, 1, 1, -1, 0, 20, 0, 0, 37 ]
[ -3, 1, 1, 1, -1, 2, -1, 0, 20 ]
[ 1, 0, -20, -3, 1, 1, 0, 0, 37 ]
[ 2, 0, -3, -3, 1, 1, -1, 0, 20 ]
[ 10, 1, 0, -1, 0, 20, 0, 0, 37 ]
[ 10, 1, 0, -2, 0, 3, -1, 0, 20 ]
[ -1, 11, 0, 0, -1, 22, 0, 0, 37 ]
[ -1, 11, 0, 0, -2, 7, 0, -1, 22 ]
[ 0, 1, -22, -1, 11, 0, 0, 0, 37 ]
[ 0, 2, -7, -1, 11, 0, 0, -1, 22 ]
[ 1, -1, 2, 0, 5, 1, 0, -2, 7 ]
[ 3, 4, 0, -1, -1, 5, 0, 0, 37 ]
[ -3, -4, 0, 1, -1, 2, -1, -1, 5 ]
[ 0, 1, -22, -1, -1, 5, 0, 0, 37 ]
[ -1, 1, -2, 0, -1, 22, 0, 0, 37 ]
[ -1, 1, -2, -1, -1, 5, 0, -1, 22 ]
[ -1, 1, -2, 0, -2, 7, 0, -1, 22 ]
[ 0, -1, 22, 1, -1, 2, 0, 0, 37 ]
[ -1, -1, 5, 0, -1, 22, 0, 0, 37 ]
[ -1, -1, 5, 1, -1, 2, 0, -1, 22 ]
[ -1, 1, -2, 0, -1, 22, 0, 0, 37 ]
[ 37, 0, 0, -14, 1, 0, -13, 0, 1 ]
[ 14, -1, 0, -5, 3, 0, 1, -1, 1 ]
[ 13, 0, -1, -14, 1, 0, -2, 0, 3 ]
[ 1, -8, 0, 0, 37, 0, 0, 7, 1 ]
[ 5, -3, 0, -1, 8, 0, 1, -1, 1 ]
[ 2, -1, -19, -5, 3, 0, 0, 0, 37 ]
[ -1, 1, -1, -2, 1, 19, 0, 0, 37 ]
[ -1, 1, -1, -5, 3, 0, -2, 1, 19 ]
[ -14, 1, 0, 1, -1, 1, -2, 0, 3 ]
[ 1, 0, -20, -14, 1, 0, 0, 0, 37 ]
[ 2, 0, -3, -14, 1, 0, -1, 0, 20 ]
[ 1, -8, 0, 0, 7, 1, 0, -2, 5 ]
[ 1, -1, 1, -1, 8, 0, 0, -2, 5 ]
[ -2, 1, 19, 1, -1, 1, 0, 0, 37 ]
[ -5, 3, 0, -2, 1, 19, 0, 0, 37 ]
[ -5, 3, 0, 1, -1, 1, -2, 1, 19 ]
[ -1, 0, 20, 1, -1, 1, 0, 0, 37 ]
[ -2, 0, 3, 1, -1, 1, -1, 0, 20 ]
[ -14, 1, 0, -1, 0, 20, 0, 0, 37 ]
[ -14, 1, 0, -2, 0, 3, -1, 0, 20 ]
[ -1, 8, 0, 0, -1, 21, 0, 0, 37 ]
[ -1, 8, 0, 0, -2, 5, 0, -1, 21 ]
[ 0, 1, -21, -1, 8, 0, 0, 0, 37 ]
[ 0, 2, -5, -1, 8, 0, 0, -1, 21 ]
[ -1, 1, -1, 0, -1, 21, 0, 0, 37 ]
[ -1, 1, -1, 0, -2, 5, 0, -1, 21 ]
[ 1, -1, 0, 0, 37, 0, 0, -13, 1 ]
[ 37, 0, 0, -1, 1, 0, -13, 0, 1 ]
[ -1, 1, 0, 0, -13, 1, 0, -2, 3 ]
[ 13, 0, -1, -1, 1, 0, -2, 0, 3 ]
[ -1, 1, 0, 0, -1, 20, 0, 0, 37 ]
[ -1, 1, 0, 0, -2, 3, 0, -1, 20 ]
[ 1, 0, -20, -1, 1, 0, 0, 0, 37 ]
[ 2, 0, -3, -1, 1, 0, -1, 0, 20 ]
[ 37, 0, 0, 12, 1, 0, -13, 0, 1 ]
[ 1, -3, 0, 0, 37, 0, 0, -2, 1 ]
[ 12, 1, 0, -1, 3, 0, -1, 1, 1 ]
[ 13, 0, -1, 12, 1, 0, -2, 0, 3 ]
[ -1, 3, 0, 0, -1, 19, 0, 0, 37 ]
[ -1, 3, 0, 0, -2, 1, 0, -1, 19 ]
[ 1, -2, -19, -1, 3, 0, 0, 0, 37 ]
[ 1, -1, -1, -1, 2, 19, 0, 0, 37 ]
[ 1, -1, -1, -1, 3, 0, -1, 2, 19 ]
[ 12, 1, 0, -1, 1, 1, -2, 0, 3 ]
[ 1, 0, -20, 12, 1, 0, 0, 0, 37 ]
[ 2, 0, -3, 12, 1, 0, -1, 0, 20 ]
[ 1, 0, -20, -1, 1, 1, 0, 0, 37 ]
[ 2, 0, -3, -1, 1, 1, -1, 0, 20 ]
[ 12, 1, 0, -1, 0, 20, 0, 0, 37 ]
[ 12, 1, 0, -2, 0, 3, -1, 0, 20 ]
[ 37, 0, 0, -12, 1, 0, -13, 0, 1 ]
[ 1, 3, 0, 0, 37, 0, 0, 2, 1 ]
[ 12, -1, 0, 1, 3, 0, -1, -1, 1 ]
[ 13, 0, -1, -12, 1, 0, -2, 0, 3 ]
[ 1, 3, 0, 0, 1, 19, 0, 0, 37 ]
[ 1, 3, 0, 0, 2, 1, 0, 1, 19 ]
[ 0, -1, -19, 1, 3, 0, 0, 0, 37 ]
[ 1, 1, -1, 0, 1, 19, 0, 0, 37 ]
[ 1, 1, -1, 1, 3, 0, 0, 1, 19 ]
[ -12, 1, 0, -1, -1, 1, -2, 0, 3 ]
[ 1, 0, -20, -12, 1, 0, 0, 0, 37 ]
[ 2, 0, -3, -12, 1, 0, -1, 0, 20 ]
[ -1, 0, 20, -1, -1, 1, 0, 0, 37 ]
[ -2, 0, 3, -1, -1, 1, -1, 0, 20 ]
[ -12, 1, 0, -1, 0, 20, 0, 0, 37 ]
[ -12, 1, 0, -2, 0, 3, -1, 0, 20 ]
[ 1, 1, 0, 0, 37, 0, 0, 13, 1 ]
[ 37, 0, 0, 1, 1, 0, -13, 0, 1 ]
[ 1, 1, 0, 0, 13, 1, 0, 2, 3 ]
[ 13, 0, -1, 1, 1, 0, -2, 0, 3 ]
[ 1, 1, 0, 0, 1, 20, 0, 0, 37 ]
[ 1, 1, 0, 0, 2, 3, 0, 1, 20 ]
[ 1, 0, -20, 1, 1, 0, 0, 0, 37 ]
[ 2, 0, -3, 1, 1, 0, -1, 0, 20 ]
[ 37, 0, 0, 14, 1, 0, -13, 0, 1 ]
[ 14, 1, 0, 5, 3, 0, 1, 1, 1 ]
[ 13, 0, -1, 14, 1, 0, -2, 0, 3 ]
[ 1, 8, 0, 0, 37, 0, 0, -7, 1 ]
[ 5, 3, 0, 1, 8, 0, 1, 1, 1 ]
[ -3, -2, -19, 5, 3, 0, 0, 0, 37 ]
[ -1, -1, -1, 3, 2, 19, 0, 0, 37 ]
[ -1, -1, -1, 5, 3, 0, 3, 2, 19 ]
[ 14, 1, 0, 1, 1, 1, -2, 0, 3 ]
[ 1, 0, -20, 14, 1, 0, 0, 0, 37 ]
[ 2, 0, -3, 14, 1, 0, -1, 0, 20 ]
[ -1, -8, 0, 0, -7, 1, 0, 2, 5 ]
[ 1, 1, 1, 1, 8, 0, 0, 2, 5 ]
[ 3, 2, 19, 1, 1, 1, 0, 0, 37 ]
[ 5, 3, 0, 3, 2, 19, 0, 0, 37 ]
[ 5, 3, 0, 1, 1, 1, 3, 2, 19 ]
[ 1, 0, -20, 1, 1, 1, 0, 0, 37 ]
[ 2, 0, -3, 1, 1, 1, -1, 0, 20 ]
[ 14, 1, 0, -1, 0, 20, 0, 0, 37 ]
[ 14, 1, 0, -2, 0, 3, -1, 0, 20 ]
[ 1, 8, 0, 0, 1, 21, 0, 0, 37 ]
[ 1, 8, 0, 0, 2, 5, 0, 1, 21 ]
[ 0, -1, -21, 1, 8, 0, 0, 0, 37 ]
[ 0, -2, -5, 1, 8, 0, 0, 1, 21 ]
[ 1, 1, 1, 0, 1, 21, 0, 0, 37 ]
[ 1, 1, 1, 0, 2, 5, 0, 1, 21 ]
[ 37, 0, 0, -10, 1, 0, -13, 0, 1 ]
[ 10, -1, 0, -3, 4, 0, -3, -1, 1 ]
[ 13, 0, -1, -10, 1, 0, -2, 0, 3 ]
[ 1, 11, 0, 0, 37, 0, 0, -5, 1 ]
[ 3, -4, 0, 1, 11, 0, 0, -5, 1 ]
[ 3, 1, -1, -3, 4, 0, 1, 1, 2 ]
[ -10, 1, 0, -3, -1, 1, -2, 0, 3 ]
[ 1, 0, -20, -10, 1, 0, 0, 0, 37 ]
[ 2, 0, -3, -10, 1, 0, -1, 0, 20 ]
[ -1, -11, 0, 0, -5, 1, 0, 2, 7 ]
[ 0, -5, 1, 1, 11, 0, 0, 2, 7 ]
[ -3, 4, 0, 0, -5, 1, 1, 1, 2 ]
[ 1, -1, -5, -3, 4, 0, 0, 0, 37 ]
[ 1, 1, 2, -3, 4, 0, -1, 1, 5 ]
[ 1, 0, -20, 1, 1, 2, 0, 0, 37 ]
[ 3, 1, -1, -1, 0, 20, 0, 0, 37 ]
[ 3, 1, -1, 1, 1, 2, -1, 0, 20 ]
[ -1, 0, 20, -3, -1, 1, 0, 0, 37 ]
[ -2, 0, 3, -3, -1, 1, -1, 0, 20 ]
[ -10, 1, 0, -1, 0, 20, 0, 0, 37 ]
[ -10, 1, 0, -2, 0, 3, -1, 0, 20 ]
[ 1, 11, 0, 0, 1, 22, 0, 0, 37 ]
[ 1, 11, 0, 0, 2, 7, 0, 1, 22 ]
[ 0, -1, -22, 1, 11, 0, 0, 0, 37 ]
[ 0, -2, -7, 1, 11, 0, 0, 1, 22 ]
[ -1, -1, -2, 0, -5, 1, 0, 2, 7 ]
[ -3, 4, 0, -1, 1, 5, 0, 0, 37 ]
[ 3, -4, 0, 1, 1, 2, -1, 1, 5 ]
[ 0, 1, 22, -1, 1, 5, 0, 0, 37 ]
[ 1, 1, 2, 0, 1, 22, 0, 0, 37 ]
[ 1, 1, 2, -1, 1, 5, 0, 1, 22 ]
[ 1, 1, 2, 0, 2, 7, 0, 1, 22 ]
[ 0, -1, -22, 1, 1, 2, 0, 0, 37 ]
[ 1, -1, -5, 0, 1, 22, 0, 0, 37 ]
[ 1, -1, -5, 1, 1, 2, 0, 1, 22 ]
[ 1, 1, 2, 0, 1, 22, 0, 0, 37 ]
[ 37, 0, 0, 3, 1, 0, -13, 0, 1 ]
[ 1, -12, 0, 0, 37, 0, 0, -8, 1 ]
[ 3, 1, 0, -1, 12, 0, -1, 4, 1 ]
[ 13, 0, -1, 3, 1, 0, -2, 0, 3 ]
[ -1, 12, 0, 0, -8, 1, 0, -3, 5 ]
[ 1, -4, -1, -1, 12, 0, 0, -3, 5 ]
[ 3, 1, 0, -1, 4, 1, 1, 1, 3 ]
[ 1, 0, -20, 3, 1, 0, 0, 0, 37 ]
[ 2, 0, -3, 3, 1, 0, -1, 0, 20 ]
[ -1, 12, 0, 0, -1, 14, 0, 0, 37 ]
[ -1, 12, 0, 0, -3, 5, 0, -1, 14 ]
[ 0, 1, -14, -1, 12, 0, 0, 0, 37 ]
[ 0, 3, -5, -1, 12, 0, 0, -1, 14 ]
[ -1, 4, 1, 0, -1, 14, 0, 0, 37 ]
[ -1, 4, 1, 0, -3, 5, 0, -1, 14 ]
[ 1, 1, 3, -1, 4, 1, 0, 2, 9 ]
[ 2, 1, 20, 1, 1, 3, 0, 0, 37 ]
[ 3, 1, 0, 2, 1, 20, 0, 0, 37 ]
[ 3, 1, 0, 1, 1, 3, 2, 1, 20 ]
[ 0, 1, 23, -1, 4, 1, 0, 0, 37 ]
[ 0, 2, 9, -1, 4, 1, 0, 1, 23 ]
[ 1, 1, 3, 0, 1, 23, 0, 0, 37 ]
[ 1, 1, 3, 0, 2, 9, 0, 1, 23 ]
[ 37, 0, 0, 16, 1, 0, -13, 0, 1 ]
[ 16, 1, 0, -5, 2, 0, 3, 1, 1 ]
[ 13, 0, -1, 16, 1, 0, -2, 0, 3 ]
[ 1, 7, 0, 0, 37, 0, 0, 17, 1 ]
[ 5, -2, 0, 1, 7, 0, -2, 3, 1 ]
[ 3, 1, 1, -5, 2, 0, -2, 0, 3 ]
[ 16, 1, 0, 3, 1, 1, -2, 0, 3 ]
[ 1, 0, -20, 16, 1, 0, 0, 0, 37 ]
[ 2, 0, -3, 16, 1, 0, -1, 0, 20 ]
[ 1, 7, 0, 0, 17, 1, 0, -3, 2 ]
[ 2, -3, -1, 1, 7, 0, 0, -3, 2 ]
[ 5, -2, 0, -2, 3, 1, 3, -2, 3 ]
[ 3, -1, -10, -5, 2, 0, 0, 0, 37 ]
[ 2, 0, -3, -5, 2, 0, -3, 1, 10 ]
[ 3, 1, 1, -1, 0, 20, 0, 0, 37 ]
[ 3, 1, 1, -2, 0, 3, -1, 0, 20 ]
[ 1, 0, -20, 3, 1, 1, 0, 0, 37 ]
[ 2, 0, -3, 3, 1, 1, -1, 0, 20 ]
[ 16, 1, 0, -1, 0, 20, 0, 0, 37 ]
[ 16, 1, 0, -2, 0, 3, -1, 0, 20 ]
[ -1, -7, 0, 0, -1, 13, 0, 0, 37 ]
[ -1, -7, 0, 0, -3, 2, 0, -1, 13 ]
[ 0, -1, 13, 1, 7, 0, 0, 0, 37 ]
[ 0, -3, 2, 1, 7, 0, 0, -1, 13 ]
[ -2, 3, 1, -1, 1, 7, 0, 0, 37 ]
[ -2, 3, 1, 0, -3, 2, -1, 1, 7 ]
[ 1, -1, -7, -2, 3, 1, 0, 0, 37 ]
[ 3, -2, 3, -1, 1, 7, 0, 0, 37 ]
[ 3, -2, 3, -2, 3, 1, -1, 1, 7 ]
[ -2, 1, -10, 3, -2, 3, 0, 0, 37 ]
[ -5, 2, 0, 2, -1, 10, 0, 0, 37 ]
[ -5, 2, 0, 3, -2, 3, 2, -1, 10 ]
[ 1, 0, -20, -3, 1, 10, 0, 0, 37 ]
[ 2, 0, -3, -3, 1, 10, -1, 0, 20 ]
[ -1, 1, 7, 0, -1, 13, 0, 0, 37 ]
[ -1, 1, 7, 0, -3, 2, 0, -1, 13 ]
[ 37, 0, 0, -8, 1, 0, -13, 0, 1 ]
[ 8, -1, 0, -3, 5, 0, 3, -2, 1 ]
[ 13, 0, -1, -8, 1, 0, -2, 0, 3 ]
[ 1, -14, 0, 0, 37, 0, 0, 3, 1 ]
[ 3, -5, 0, -1, 14, 0, 0, 3, 1 ]
[ -1, 2, -4, -3, 5, 0, 0, 0, 37 ]
[ 3, -2, 1, -3, 5, 0, 1, -2, 4 ]
[ -8, 1, 0, 3, -2, 1, -2, 0, 3 ]
[ 1, 0, -20, -8, 1, 0, 0, 0, 37 ]
[ 2, 0, -3, -8, 1, 0, -1, 0, 20 ]
[ -1, 14, 0, 0, -1, 12, 0, 0, 37 ]
[ 1, -14, 0, 0, 3, 1, 0, -1, 12 ]
[ 0, 1, -12, -1, 14, 0, 0, 0, 37 ]
[ 0, 3, 1, -1, 14, 0, 0, -1, 12 ]
[ -3, 5, 0, 1, -2, 4, 0, 0, 37 ]
[ 3, -5, 0, 0, 3, 1, 1, -2, 4 ]
[ -1, 1, 8, 1, -2, 4, 0, 0, 37 ]
[ 3, -2, 1, -1, 1, 8, 0, 0, 37 ]
[ -3, 2, -1, 1, -2, 4, -1, 1, 8 ]
[ -2, 1, -9, 3, -2, 1, 0, 0, 37 ]
[ -2, 0, 3, 3, -2, 1, 2, -1, 9 ]
[ -8, 1, 0, -1, 0, 20, 0, 0, 37 ]
[ -8, 1, 0, -2, 0, 3, -1, 0, 20 ]
[ -1, 2, -4, 0, -1, 12, 0, 0, 37 ]
[ 1, -2, 4, 0, 3, 1, 0, -1, 12 ]
[ -1, 0, 20, 2, -1, 9, 0, 0, 37 ]
[ -2, 0, 3, 2, -1, 9, -1, 0, 20 ]
[ 37, 0, 0, 5, 1, 0, -13, 0, 1 ]
[ 5, 1, 0, -2, 7, 0, -3, 2, 1 ]
[ 13, 0, -1, 5, 1, 0, -2, 0, 3 ]
[ 1, -22, 0, 0, 37, 0, 0, 10, 1 ]
[ 2, -7, 0, -1, 22, 0, 1, -12, 1 ]
[ 3, -2, -1, -2, 7, 0, 1, -2, 2 ]
[ 5, 1, 0, -3, 2, 1, -2, 0, 3 ]
[ 1, 0, -20, 5, 1, 0, 0, 0, 37 ]
[ 2, 0, -3, 5, 1, 0, -1, 0, 20 ]
[ 1, -22, 0, 0, 10, 1, 0, 3, 4 ]
[ 1, -12, 1, -1, 22, 0, 0, 3, 4 ]
[ -2, 7, 0, 1, -12, 1, -1, 5, 2 ]
[ 1, -3, 13, -2, 7, 0, 0, 0, 37 ]
[ -1, 2, -2, 1, -3, 13, 0, 0, 37 ]
[ 1, -2, 2, -2, 7, 0, 1, -3, 13 ]
[ -1, 1, 9, 1, -2, 2, 0, 0, 37 ]
[ 3, -2, -1, -1, 1, 9, 0, 0, 37 ]
[ -3, 2, 1, 1, -2, 2, -1, 1, 9 ]
[ -1, 1, 9, -3, 2, 1, 0, 0, 37 ]
[ 2, 0, -3, -3, 2, 1, -1, 1, 9 ]
[ 5, 1, 0, -1, 0, 20, 0, 0, 37 ]
[ 5, 1, 0, -2, 0, 3, -1, 0, 20 ]
[ -1, 22, 0, 0, -1, 11, 0, 0, 37 ]
[ 1, -22, 0, 0, 3, 4, 0, -1, 11 ]
[ 0, 1, -11, -1, 22, 0, 0, 0, 37 ]
[ 0, 3, 4, -1, 22, 0, 0, -1, 11 ]
[ -1, 12, -1, 0, -1, 11, 0, 0, 37 ]
[ 1, -12, 1, 0, 3, 4, 0, -1, 11 ]
[ -1, 5, 2, 1, -12, 1, 0, 3, 4 ]
[ 1, -4, -13, -1, 5, 2, 0, 0, 37 ]
[ 2, -7, 0, -1, 4, 13, 0, 0, 37 ]
[ 2, -7, 0, -1, 5, 2, -1, 4, 13 ]
[ 1, 0, -20, -1, 1, 9, 0, 0, 37 ]
[ 2, 0, -3, -1, 1, 9, -1, 0, 20 ]
[ 0, -1, 11, 1, -12, 1, 0, 0, 37 ]
[ 0, -3, -4, 1, -12, 1, 0, -1, 11 ]
[ -1, 5, 2, 0, -1, 11, 0, 0, 37 ]
[ 1, -5, -2, 0, 3, 4, 0, -1, 11 ]
[ 37, 0, 0, 18, 1, 0, -13, 0, 1 ]
[ 1, -2, 0, 0, 37, 0, 0, 11, 1 ]
[ 18, 1, 0, -1, 2, 0, 5, 1, 1 ]
[ 13, 0, -1, 18, 1, 0, -2, 0, 3 ]
[ 1, -2, 0, 0, 11, 1, 0, -4, 3 ]
[ 5, 1, 1, -1, 2, 0, -2, 0, 3 ]
[ 18, 1, 0, 5, 1, 1, -2, 0, 3 ]
[ 1, 0, -20, 18, 1, 0, 0, 0, 37 ]
[ 2, 0, -3, 18, 1, 0, -1, 0, 20 ]
[ -1, 2, 0, 0, -1, 10, 0, 0, 37 ]
[ -1, 2, 0, 0, -4, 3, 0, -1, 10 ]
[ 1, -1, -10, -1, 2, 0, 0, 0, 37 ]
[ 2, 0, -3, -1, 2, 0, -1, 1, 10 ]
[ 5, 1, 1, -1, 0, 20, 0, 0, 37 ]
[ 5, 1, 1, -2, 0, 3, -1, 0, 20 ]
[ 1, 0, -20, 5, 1, 1, 0, 0, 37 ]
[ 2, 0, -3, 5, 1, 1, -1, 0, 20 ]
[ 18, 1, 0, -1, 0, 20, 0, 0, 37 ]
[ 18, 1, 0, -2, 0, 3, -1, 0, 20 ]
[ 1, 0, -20, -1, 1, 10, 0, 0, 37 ]
[ 2, 0, -3, -1, 1, 10, -1, 0, 20 ]
[ 37, 0, 0, -6, 1, 0, -13, 0, 1 ]
[ 1, 6, 0, 0, 37, 0, 0, 4, 1 ]
[ 6, -1, 0, 1, 6, 0, -1, -2, 1 ]
[ 13, 0, -1, -6, 1, 0, -2, 0, 3 ]
[ -1, -6, 0, 0, -1, 9, 0, 0, 37 ]
[ 1, 6, 0, 0, 4, 1, 0, -1, 9 ]
[ 0, -1, 9, 1, 6, 0, 0, 0, 37 ]
[ -1, -2, 1, 0, -1, 9, 0, 0, 37 ]
[ 1, 2, -1, 1, 6, 0, 0, -1, 9 ]
[ -6, 1, 0, -1, -2, 1, -2, 0, 3 ]
[ 1, 0, -20, -6, 1, 0, 0, 0, 37 ]
[ 2, 0, -3, -6, 1, 0, -1, 0, 20 ]
[ 0, 1, -9, -1, -2, 1, 0, 0, 37 ]
[ -2, 0, 3, -1, -2, 1, 0, -1, 9 ]
[ -6, 1, 0, -1, 0, 20, 0, 0, 37 ]
[ -6, 1, 0, -2, 0, 3, -1, 0, 20 ]
[ -1, 0, 20, 0, -1, 9, 0, 0, 37 ]
[ -2, 0, 3, 0, -1, 9, -1, 0, 20 ]
[ 37, 0, 0, 7, 1, 0, -13, 0, 1 ]
[ 7, 1, 0, -2, 5, 0, 1, 2, 1 ]
[ 13, 0, -1, 7, 1, 0, -2, 0, 3 ]
[ 1, -21, 0, 0, 37, 0, 0, -14, 1 ]
[ 2, -5, 0, -1, 21, 0, -1, 7, 1 ]
[ 1, -2, -4, -2, 5, 0, 0, 0, 37 ]
[ 1, 2, 1, -2, 5, 0, -1, 2, 4 ]
[ 7, 1, 0, 1, 2, 1, -2, 0, 3 ]
[ 1, 0, -20, 7, 1, 0, 0, 0, 37 ]
[ 2, 0, -3, 7, 1, 0, -1, 0, 20 ]
[ -1, 21, 0, 0, -14, 1, 0, -5, 3 ]
[ 1, -7, -1, -1, 21, 0, 0, -5, 3 ]
[ -2, 5, 0, 1, -3, 4, 0, 0, 37 ]
[ 2, -5, 0, -1, 7, 1, 1, -3, 4 ]
[ 0, 1, -8, -1, 2, 4, 0, 0, 37 ]
[ -1, -2, -1, 0, -1, 8, 0, 0, 37 ]
[ 1, 2, 1, -1, 2, 4, 0, -1, 8 ]
[ 1, 1, 9, 1, 2, 1, 0, 0, 37 ]
[ 2, 0, -3, 1, 2, 1, 1, 1, 9 ]
[ 7, 1, 0, -1, 0, 20, 0, 0, 37 ]
[ 7, 1, 0, -2, 0, 3, -1, 0, 20 ]
[ -1, 21, 0, 0, -1, 8, 0, 0, 37 ]
[ -1, 21, 0, 0, -5, 3, 0, -1, 8 ]
[ 0, 1, -8, -1, 21, 0, 0, 0, 37 ]
[ 0, 5, -3, -1, 21, 0, 0, -1, 8 ]
[ -1, 7, 1, 0, -1, 8, 0, 0, 37 ]
[ -1, 7, 1, 0, -5, 3, 0, -1, 8 ]
[ 0, 1, -8, -1, 7, 1, 0, 0, 37 ]
[ -1, 3, -4, 0, -1, 8, 0, 0, 37 ]
[ 1, -3, 4, -1, 7, 1, 0, -1, 8 ]
[ 1, 0, -20, 1, 1, 9, 0, 0, 37 ]
[ 2, 0, -3, 1, 1, 9, -1, 0, 20 ]
[ 37, 0, 0, -17, 1, 0, -13, 0, 1 ]
[ 17, -1, 0, 3, 2, 0, 4, -1, 1 ]
[ 13, 0, -1, -17, 1, 0, -2, 0, 3 ]
[ 1, 13, 0, 0, 37, 0, 0, -16, 1 ]
[ 3, 2, 0, 1, 13, 0, 1, -3, 1 ]
[ 4, -1, 1, 3, 2, 0, -2, 0, 3 ]
[ -17, 1, 0, 4, -1, 1, -2, 0, 3 ]
[ 1, 0, -20, -17, 1, 0, 0, 0, 37 ]
[ 2, 0, -3, -17, 1, 0, -1, 0, 20 ]
[ -1, -13, 0, 0, -16, 1, 0, 5, 2 ]
[ 1, -3, 1, 1, 13, 0, 0, 5, 2 ]
[ -3, -2, 0, 1, -3, 1, 1, 2, 3 ]
[ -1, -1, -10, 3, 2, 0, 0, 0, 37 ]
[ 2, 0, -3, 3, 2, 0, 1, 1, 10 ]
[ -4, 1, -1, -1, 0, 20, 0, 0, 37 ]
[ -4, 1, -1, -2, 0, 3, -1, 0, 20 ]
[ -1, 0, 20, 4, -1, 1, 0, 0, 37 ]
[ -2, 0, 3, 4, -1, 1, -1, 0, 20 ]
[ -17, 1, 0, -1, 0, 20, 0, 0, 37 ]
[ -17, 1, 0, -2, 0, 3, -1, 0, 20 ]
[ -1, -13, 0, 0, -1, 7, 0, 0, 37 ]
[ 1, 13, 0, 0, 5, 2, 0, -1, 7 ]
[ 0, -1, 7, 1, 13, 0, 0, 0, 37 ]
[ 0, -5, -2, 1, 13, 0, 0, -1, 7 ]
[ -1, 3, -1, 0, -1, 7, 0, 0, 37 ]
[ 1, -3, 1, 0, 5, 2, 0, -1, 7 ]
[ 0, -1, 7, 1, -3, 1, 0, 0, 37 ]
[ -1, -2, -3, 0, -1, 7, 0, 0, 37 ]
[ -1, -2, -3, 1, -3, 1, 0, -1, 7 ]
[ 1, 1, 10, 1, 2, 3, 0, 0, 37 ]
[ 3, 2, 0, 1, 1, 10, 0, 0, 37 ]
[ 3, 2, 0, 1, 2, 3, 1, 1, 10 ]
[ 1, 0, -20, 1, 1, 10, 0, 0, 37 ]
[ 2, 0, -3, 1, 1, 10, -1, 0, 20 ]
[ 37, 0, 0, -4, 1, 0, -13, 0, 1 ]
[ 1, 9, 0, 0, 37, 0, 0, 6, 1 ]
[ 4, -1, 0, 1, 9, 0, -1, -3, 1 ]
[ 13, 0, -1, -4, 1, 0, -2, 0, 3 ]
[ -1, -9, 0, 0, -1, 6, 0, 0, 37 ]
[ 1, 9, 0, 0, 6, 1, 0, -1, 6 ]
[ 0, -1, 6, 1, 9, 0, 0, 0, 37 ]
[ -1, -3, 1, 0, -1, 6, 0, 0, 37 ]
[ 1, 3, -1, 1, 9, 0, 0, -1, 6 ]
[ -4, 1, 0, -1, -3, 1, -2, 0, 3 ]
[ 1, 0, -20, -4, 1, 0, 0, 0, 37 ]
[ 2, 0, -3, -4, 1, 0, -1, 0, 20 ]
[ 0, 1, -6, -1, -3, 1, 0, 0, 37 ]
[ -2, 0, 3, -1, -3, 1, 0, -1, 6 ]
[ -4, 1, 0, -1, 0, 20, 0, 0, 37 ]
[ -4, 1, 0, -2, 0, 3, -1, 0, 20 ]
[ -1, 0, 20, 0, -1, 6, 0, 0, 37 ]
[ -2, 0, 3, 0, -1, 6, -1, 0, 20 ]
[ 37, 0, 0, 9, 1, 0, -13, 0, 1 ]
[ 1, -4, 0, 0, 37, 0, 0, -15, 1 ]
[ 9, 1, 0, -1, 4, 0, -4, 1, 1 ]
[ 13, 0, -1, 9, 1, 0, -2, 0, 3 ]
[ -1, 4, 0, 0, -15, 1, 0, 7, 2 ]
[ 4, -1, -1, -1, 4, 0, 2, -1, 2 ]
[ 9, 1, 0, -4, 1, 1, -2, 0, 3 ]
[ 1, 0, -20, 9, 1, 0, 0, 0, 37 ]
[ 2, 0, -3, 9, 1, 0, -1, 0, 20 ]
[ -1, 4, 0, 0, -1, 5, 0, 0, 37 ]
[ 1, -4, 0, 0, 7, 2, 0, -1, 5 ]
[ 0, 1, -5, -1, 4, 0, 0, 0, 37 ]
[ 2, -1, 2, -1, 4, 0, 0, -1, 5 ]
[ -1, 0, 20, 2, -1, 2, 0, 0, 37 ]
[ -4, 1, 1, -1, 0, 20, 0, 0, 37 ]
[ -4, 1, 1, 2, -1, 2, -1, 0, 20 ]
[ 1, 0, -20, -4, 1, 1, 0, 0, 37 ]
[ 2, 0, -3, -4, 1, 1, -1, 0, 20 ]
[ 9, 1, 0, -1, 0, 20, 0, 0, 37 ]
[ 9, 1, 0, -2, 0, 3, -1, 0, 20 ]
[ -1, 1, -22, 0, -1, 5, 0, 0, 37 ]
[ -2, 1, -2, 1, -1, 22, 0, 0, 37 ]
[ -2, 1, -2, 0, -1, 5, 1, -1, 22 ]
[ 37, 0, 0, -15, 1, 0, -13, 0, 1 ]
[ 15, -1, 0, 7, 2, 0, 2, -1, 1 ]
[ 13, 0, -1, -15, 1, 0, -2, 0, 3 ]
[ 1, -5, 0, 0, 37, 0, 0, 9, 1 ]
[ 7, 2, 0, -1, 5, 0, 2, -1, 1 ]
[ 2, -1, 1, 7, 2, 0, -2, 0, 3 ]
[ -15, 1, 0, 2, -1, 1, -2, 0, 3 ]
[ 1, 0, -20, -15, 1, 0, 0, 0, 37 ]
[ 2, 0, -3, -15, 1, 0, -1, 0, 20 ]
[ -1, 5, 0, 0, -1, 4, 0, 0, 37 ]
[ 1, -5, 0, 0, 9, 1, 0, -1, 4 ]
[ 0, 1, -4, -1, 5, 0, 0, 0, 37 ]
[ 2, -1, 1, -1, 5, 0, 0, -1, 4 ]
[ -1, 0, 20, 2, -1, 1, 0, 0, 37 ]
[ -2, 0, 3, 2, -1, 1, -1, 0, 20 ]
[ -7, -2, 0, 2, -1, 1, -2, 0, 3 ]
[ -3, -1, -10, 7, 2, 0, 0, 0, 37 ]
[ 2, 0, -3, 7, 2, 0, 3, 1, 10 ]
[ -2, 1, -1, -1, 0, 20, 0, 0, 37 ]
[ -2, 1, -1, -2, 0, 3, -1, 0, 20 ]
[ -15, 1, 0, -1, 0, 20, 0, 0, 37 ]
[ -15, 1, 0, -2, 0, 3, -1, 0, 20 ]
[ -1, 1, -21, 0, -1, 4, 0, 0, 37 ]
[ -2, 1, -1, 1, -1, 21, 0, 0, 37 ]
[ -2, 1, -1, 0, -1, 4, 1, -1, 21 ]
[ 7, 2, 0, 3, 1, 10, 0, 0, 37 ]
[ 7, 2, 0, -2, 0, 3, 3, 1, 10 ]
[ 1, 0, -20, 3, 1, 10, 0, 0, 37 ]
[ 2, 0, -3, 3, 1, 10, -1, 0, 20 ]
[ -1, 0, 20, 2, -1, 1, 0, 0, 37 ]
[ -2, 0, 3, 2, -1, 1, -1, 0, 20 ]
[ 3, 1, 10, -1, 0, 20, 0, 0, 37 ]
[ 3, 1, 10, -2, 0, 3, -1, 0, 20 ]
[ 37, 0, 0, -2, 1, 0, -13, 0, 1 ]
[ 1, -19, 0, 0, 37, 0, 0, 12, 1 ]
[ 2, -1, 0, -1, 19, 0, 1, -7, 1 ]
[ 13, 0, -1, -2, 1, 0, -2, 0, 3 ]
[ -1, 19, 0, 0, -1, 3, 0, 0, 37 ]
[ 1, -19, 0, 0, 12, 1, 0, -1, 3 ]
[ 0, 1, -3, -1, 19, 0, 0, 0, 37 ]
[ -1, 7, -1, 0, -1, 3, 0, 0, 37 ]
[ 1, -7, 1, -1, 19, 0, 0, -1, 3 ]
[ 0, -1, 3, 1, -7, 1, 0, 0, 37 ]
[ -2, 1, 0, 1, -7, 1, 0, -1, 3 ]
[ 1, 0, -20, -2, 1, 0, 0, 0, 37 ]
[ 2, 0, -3, -2, 1, 0, -1, 0, 20 ]
[ -1, 0, 20, 0, -1, 3, 0, 0, 37 ]
[ -2, 1, 0, -1, 0, 20, 0, 0, 37 ]
[ -2, 1, 0, 0, -1, 3, -1, 0, 20 ]
[ 37, 0, 0, 11, 1, 0, -13, 0, 1 ]
[ 11, 1, 0, -4, 3, 0, -2, 1, 1 ]
[ 13, 0, -1, 11, 1, 0, -2, 0, 3 ]
[ 1, -10, 0, 0, 37, 0, 0, 18, 1 ]
[ 4, -3, 0, -1, 10, 0, 2, -2, 1 ]
[ 3, -2, -19, -4, 3, 0, 0, 0, 37 ]
[ 2, -1, -1, -3, 2, 19, 0, 0, 37 ]
[ 2, -1, -1, -4, 3, 0, -3, 2, 19 ]
[ 11, 1, 0, -2, 1, 1, -2, 0, 3 ]
[ 1, 0, -20, 11, 1, 0, 0, 0, 37 ]
[ 2, 0, -3, 11, 1, 0, -1, 0, 20 ]
[ -1, 10, 0, 0, -1, 2, 0, 0, 37 ]
[ 1, -10, 0, 0, 18, 1, 0, -1, 2 ]
[ 0, 1, -2, -1, 10, 0, 0, 0, 37 ]
[ 2, -2, 1, -1, 10, 0, 0, -1, 2 ]
[ -4, 3, 0, 1, -1, 19, 0, 0, 37 ]
[ -4, 3, 0, 2, -2, 1, 1, -1, 19 ]
[ 1, 0, -20, -2, 1, 1, 0, 0, 37 ]
[ 2, 0, -3, -2, 1, 1, -1, 0, 20 ]
[ 11, 1, 0, -1, 0, 20, 0, 0, 37 ]
[ 11, 1, 0, -2, 0, 3, -1, 0, 20 ]
[ -1, 1, -19, 0, -1, 2, 0, 0, 37 ]
[ -2, 2, -1, 0, -1, 2, 1, -1, 19 ]
[ 37, 0, 0, -13, 1, 0, -13, 0, 1 ]
[ 13, -1, 0, -2, 3, 0, 0, -1, 1 ]
[ 13, 0, -1, -13, 1, 0, -2, 0, 3 ]
[ -1, 20, 0, 0, -1, 1, 0, 0, 37 ]
[ 1, -20, 0, 0, 37, 0, 0, -1, 1 ]
[ 0, 1, -1, -1, 20, 0, 0, 0, 37 ]
[ 2, -3, 0, -1, 20, 0, 0, -1, 1 ]
[ 1, -1, -19, -2, 3, 0, 0, 0, 37 ]
[ 0, 1, -1, -1, 1, 19, 0, 0, 37 ]
[ 0, 1, -1, -2, 3, 0, -1, 1, 19 ]
[ -13, 1, 0, 0, -1, 1, -2, 0, 3 ]
[ 1, 0, -20, -13, 1, 0, 0, 0, 37 ]
[ 2, 0, -3, -13, 1, 0, -1, 0, 20 ]
[ -1, 1, 19, 0, -1, 1, 0, 0, 37 ]
[ -2, 3, 0, -1, 1, 19, 0, 0, 37 ]
[ -2, 3, 0, 0, -1, 1, -1, 1, 19 ]
[ -1, 0, 20, 0, -1, 1, 0, 0, 37 ]
[ -2, 0, 3, 0, -1, 1, -1, 0, 20 ]
[ -13, 1, 0, -1, 0, 20, 0, 0, 37 ]
[ -13, 1, 0, -2, 0, 3, -1, 0, 20 ]
[ 37, 0, 0, 0, 1, 0, -2, 0, 1 ]
[ 1, 0, -19, 0, 1, 0, 0, 0, 37 ]
[ 2, 0, -1, 0, 1, 0, -1, 0, 19 ]
[ 37, 0, 0, 2, 1, 0, -2, 0, 1 ]
[ 1, 19, 0, 0, 1, 1, 0, 0, 37 ]
[ 1, 19, 0, 0, 37, 0, 0, 1, 1 ]
[ 0, -1, -1, 1, 19, 0, 0, 0, 37 ]
[ 2, 1, 0, 1, 19, 0, 0, 1, 1 ]
[ 1, 0, -19, 2, 1, 0, 0, 0, 37 ]
[ 2, 0, -1, 2, 1, 0, -1, 0, 19 ]
[ 1, 1, 19, 0, 1, 1, 0, 0, 37 ]
[ 2, 1, 0, 1, 1, 19, 0, 0, 37 ]
[ 2, 1, 0, 0, 1, 1, 1, 1, 19 ]
[ 37, 0, 0, 4, 1, 0, -2, 0, 1 ]
[ 1, -9, 0, 0, 37, 0, 0, -18, 1 ]
[ 4, 1, 0, -1, 9, 0, -2, 0, 1 ]
[ 1, 0, -19, 4, 1, 0, 0, 0, 37 ]
[ 2, 0, -1, 4, 1, 0, -1, 0, 19 ]
[ 1, -9, 0, 0, 1, 2, 0, 0, 37 ]
[ -1, 9, 0, 0, -18, 1, 0, 1, 2 ]
[ 0, 1, 2, -1, 9, 0, 0, 0, 37 ]
[ 2, 0, -1, -1, 9, 0, 0, 1, 2 ]
[ 4, 1, 0, -1, 0, 19, 0, 0, 37 ]
[ 4, 1, 0, -2, 0, 1, -1, 0, 19 ]
[ 1, 0, -19, 0, 1, 2, 0, 0, 37 ]
[ 2, 0, -1, 0, 1, 2, -1, 0, 19 ]
[ 37, 0, 0, 6, 1, 0, -2, 0, 1 ]
[ 1, -6, 0, 0, 37, 0, 0, -12, 1 ]
[ 6, 1, 0, -1, 6, 0, -2, 0, 1 ]
[ 1, 0, -19, 6, 1, 0, 0, 0, 37 ]
[ 2, 0, -1, 6, 1, 0, -1, 0, 19 ]
[ 1, -6, 0, 0, 1, 3, 0, 0, 37 ]
[ -1, 6, 0, 0, -12, 1, 0, 1, 3 ]
[ 0, 1, 3, -1, 6, 0, 0, 0, 37 ]
[ 2, 0, -1, -1, 6, 0, 0, 1, 3 ]
[ 6, 1, 0, -1, 0, 19, 0, 0, 37 ]
[ 6, 1, 0, -2, 0, 1, -1, 0, 19 ]
[ 1, 0, -19, 0, 1, 3, 0, 0, 37 ]
[ 2, 0, -1, 0, 1, 3, -1, 0, 19 ]
[ 37, 0, 0, 8, 1, 0, -2, 0, 1 ]
[ 8, 1, 0, 3, 5, 0, -2, 0, 1 ]
[ 1, 0, -19, 8, 1, 0, 0, 0, 37 ]
[ 2, 0, -1, 8, 1, 0, -1, 0, 19 ]
[ 1, 14, 0, 0, 37, 0, 0, -9, 1 ]
[ 3, 5, 0, 1, 14, 0, 1, 5, 1 ]
[ 2, 0, -1, 3, 5, 0, 0, 1, 4 ]
[ 8, 1, 0, -1, 0, 19, 0, 0, 37 ]
[ 8, 1, 0, -2, 0, 1, -1, 0, 19 ]
[ 1, 14, 0, 0, 1, 4, 0, 0, 37 ]
[ -1, -14, 0, 0, -9, 1, 0, 1, 4 ]
[ 0, -1, -4, 1, 14, 0, 0, 0, 37 ]
[ 1, 5, 1, 0, 1, 4, 0, 0, 37 ]
[ 1, 5, 1, 1, 14, 0, 0, 1, 4 ]
[ 0, -1, -4, 1, 5, 1, 0, 0, 37 ]
[ 3, 5, 0, 1, 5, 1, 0, 1, 4 ]
[ -1, -2, 11, 3, 5, 0, 0, 0, 37 ]
[ 0, 1, 4, -1, -2, 11, 0, 0, 37 ]
[ 0, -1, -4, 3, 5, 0, -1, -2, 11 ]
[ 1, 0, -19, 0, 1, 4, 0, 0, 37 ]
[ 2, 0, -1, 0, 1, 4, -1, 0, 19 ]
[ 1, 2, -11, 0, 1, 4, 0, 0, 37 ]
[ -3, -5, 0, -1, -2, 11, 0, 0, 37 ]
[ 3, 5, 0, 0, 1, 4, -1, -2, 11 ]
[ 37, 0, 0, 10, 1, 0, -2, 0, 1 ]
[ 10, 1, 0, 3, 4, 0, -2, 0, 1 ]
[ 1, 0, -19, 10, 1, 0, 0, 0, 37 ]
[ 2, 0, -1, 10, 1, 0, -1, 0, 19 ]
[ 1, -11, 0, 0, 37, 0, 0, 15, 1 ]
[ 3, 4, 0, -1, 11, 0, 1, 4, 1 ]
[ 2, 0, -1, 3, 4, 0, 0, 1, 5 ]
[ 10, 1, 0, -1, 0, 19, 0, 0, 37 ]
[ 10, 1, 0, -2, 0, 1, -1, 0, 19 ]
[ 1, -11, 0, 0, 15, 1, 0, -7, 2 ]
[ 1, 4, 1, -1, 11, 0, 0, -7, 2 ]
[ 0, -1, -5, 1, 4, 1, 0, 0, 37 ]
[ 3, 4, 0, 1, 4, 1, 0, 1, 5 ]
[ 1, 1, -14, 3, 4, 0, 0, 0, 37 ]
[ 0, 1, 5, -1, -1, 14, 0, 0, 37 ]
[ 0, -1, -5, 3, 4, 0, -1, -1, 14 ]
[ 1, 0, -19, 0, 1, 5, 0, 0, 37 ]
[ 2, 0, -1, 0, 1, 5, -1, 0, 19 ]
[ 1, -11, 0, 0, 1, 5, 0, 0, 37 ]
[ -1, 11, 0, 0, -7, 2, 0, 1, 5 ]
[ 0, 1, 5, -1, 11, 0, 0, 0, 37 ]
[ 0, 7, -2, -1, 11, 0, 0, 1, 5 ]
[ 1, 4, 1, 0, 1, 5, 0, 0, 37 ]
[ -1, -4, -1, 0, -7, 2, 0, 1, 5 ]
[ 1, 1, -14, 0, 1, 5, 0, 0, 37 ]
[ 3, 4, 0, -1, -1, 14, 0, 0, 37 ]
[ 3, 4, 0, 0, 1, 5, -1, -1, 14 ]
[ 37, 0, 0, 12, 1, 0, -2, 0, 1 ]
[ 1, -3, 0, 0, 37, 0, 0, -6, 1 ]
[ 12, 1, 0, -1, 3, 0, -2, 0, 1 ]
[ 1, 0, -19, 12, 1, 0, 0, 0, 37 ]
[ 2, 0, -1, 12, 1, 0, -1, 0, 19 ]
[ 1, -3, 0, 0, 1, 6, 0, 0, 37 ]
[ -1, 3, 0, 0, -6, 1, 0, 1, 6 ]
[ 0, 1, 6, -1, 3, 0, 0, 0, 37 ]
[ 2, 0, -1, -1, 3, 0, 0, 1, 6 ]
[ 12, 1, 0, -1, 0, 19, 0, 0, 37 ]
[ 12, 1, 0, -2, 0, 1, -1, 0, 19 ]
[ 1, 0, -19, 0, 1, 6, 0, 0, 37 ]
[ 2, 0, -1, 0, 1, 6, -1, 0, 19 ]
[ 37, 0, 0, 14, 1, 0, -2, 0, 1 ]
[ 14, 1, 0, 5, 3, 0, -2, 0, 1 ]
[ 1, 0, -19, 14, 1, 0, 0, 0, 37 ]
[ 2, 0, -1, 14, 1, 0, -1, 0, 19 ]
[ 1, 8, 0, 0, 37, 0, 0, 16, 1 ]
[ 5, 3, 0, 1, 8, 0, -2, 0, 1 ]
[ 2, 1, 6, 5, 3, 0, 0, 0, 37 ]
[ 2, 0, -1, 5, 3, 0, 2, 1, 6 ]
[ 14, 1, 0, -1, 0, 19, 0, 0, 37 ]
[ 14, 1, 0, -2, 0, 1, -1, 0, 19 ]
[ 1, 8, 0, 0, 16, 1, 0, -5, 2 ]
[ 2, 0, -1, 1, 8, 0, 1, 3, 2 ]
[ -5, -3, 0, 2, 1, 6, 0, 0, 37 ]
[ 5, 3, 0, -2, 0, 1, 2, 1, 6 ]
[ 1, 0, -19, 2, 1, 6, 0, 0, 37 ]
[ 2, 0, -1, 2, 1, 6, -1, 0, 19 ]
[ 1, 8, 0, 0, 1, 7, 0, 0, 37 ]
[ -1, -8, 0, 0, -5, 2, 0, 1, 7 ]
[ 0, -1, -7, 1, 8, 0, 0, 0, 37 ]
[ 1, 3, 2, 0, 1, 7, 0, 0, 37 ]
[ 1, 3, 2, 1, 8, 0, 0, 1, 7 ]
[ 0, -1, -7, 1, 3, 2, 0, 0, 37 ]
[ 2, 0, -1, 1, 3, 2, 0, 1, 7 ]
[ 2, 1, 6, -1, 0, 19, 0, 0, 37 ]
[ 2, 1, 6, -2, 0, 1, -1, 0, 19 ]
[ 1, 0, -19, 0, 1, 7, 0, 0, 37 ]
[ 2, 0, -1, 0, 1, 7, -1, 0, 19 ]
[ 37, 0, 0, 16, 1, 0, -2, 0, 1 ]
[ 16, 1, 0, -5, 2, 0, -2, 0, 1 ]
[ 1, 0, -19, 16, 1, 0, 0, 0, 37 ]
[ 2, 0, -1, 16, 1, 0, -1, 0, 19 ]
[ 1, 7, 0, 0, 37, 0, 0, 14, 1 ]
[ 5, -2, 0, 1, 7, 0, -2, 0, 1 ]
[ -2, 1, 9, -5, 2, 0, 0, 0, 37 ]
[ 2, 0, -1, -5, 2, 0, -2, 1, 9 ]
[ 16, 1, 0, -1, 0, 19, 0, 0, 37 ]
[ 16, 1, 0, -2, 0, 1, -1, 0, 19 ]
[ 1, 7, 0, 0, 14, 1, 0, 5, 3 ]
[ 2, 0, -1, 1, 7, 0, -1, -2, 3 ]
[ 5, -2, 0, -2, 1, 9, 0, 0, 37 ]
[ -5, 2, 0, -2, 0, 1, -2, 1, 9 ]
[ 1, 0, -19, -2, 1, 9, 0, 0, 37 ]
[ 2, 0, -1, -2, 1, 9, -1, 0, 19 ]
[ 1, 7, 0, 0, 1, 8, 0, 0, 37 ]
[ 1, 7, 0, 0, 5, 3, 0, 1, 8 ]
[ 0, -1, -8, 1, 7, 0, 0, 0, 37 ]
[ 1, 2, -3, 0, 1, 8, 0, 0, 37 ]
[ 1, 2, -3, 1, 7, 0, 0, 1, 8 ]
[ -1, -1, 11, -1, -2, 3, 0, 0, 37 ]
[ -2, 0, 1, -1, -2, 3, -1, -1, 11 ]
[ -2, 1, 9, -1, 0, 19, 0, 0, 37 ]
[ -2, 1, 9, -2, 0, 1, -1, 0, 19 ]
[ -1, 0, 19, -1, -1, 11, 0, 0, 37 ]
[ -2, 0, 1, -1, -1, 11, -1, 0, 19 ]
[ 37, 0, 0, 18, 1, 0, -2, 0, 1 ]
[ 1, -2, 0, 0, 37, 0, 0, -4, 1 ]
[ 18, 1, 0, -1, 2, 0, -2, 0, 1 ]
[ 1, 0, -19, 18, 1, 0, 0, 0, 37 ]
[ 2, 0, -1, 18, 1, 0, -1, 0, 19 ]
[ 1, -2, 0, 0, 1, 9, 0, 0, 37 ]
[ -1, 2, 0, 0, -4, 1, 0, 1, 9 ]
[ 0, 1, 9, -1, 2, 0, 0, 0, 37 ]
[ 2, 0, -1, -1, 2, 0, 0, 1, 9 ]
[ 18, 1, 0, -1, 0, 19, 0, 0, 37 ]
[ 18, 1, 0, -2, 0, 1, -1, 0, 19 ]
[ 1, 0, -19, 0, 1, 9, 0, 0, 37 ]
[ 2, 0, -1, 0, 1, 9, -1, 0, 19 ]
[ 37, 0, 0, -17, 1, 0, -2, 0, 1 ]
[ 17, -1, 0, 3, 2, 0, -2, 0, 1 ]
[ 1, 0, -19, -17, 1, 0, 0, 0, 37 ]
[ 2, 0, -1, -17, 1, 0, -1, 0, 19 ]
[ 1, 13, 0, 0, 37, 0, 0, -11, 1 ]
[ 3, 2, 0, 1, 13, 0, 1, 2, 1 ]
[ 2, 1, 9, 3, 2, 0, 0, 0, 37 ]
[ 2, 0, -1, 3, 2, 0, 2, 1, 9 ]
[ -17, 1, 0, -1, 0, 19, 0, 0, 37 ]
[ -17, 1, 0, -2, 0, 1, -1, 0, 19 ]
[ -1, -13, 0, 0, -11, 1, 0, 4, 3 ]
[ 1, 2, 1, 1, 13, 0, 0, 4, 3 ]
[ 1, 1, -9, 1, 2, 1, 0, 0, 37 ]
[ -3, -2, 0, -1, -1, 9, 0, 0, 37 ]
[ 3, 2, 0, 1, 2, 1, -1, -1, 9 ]
[ 1, 0, -19, 2, 1, 9, 0, 0, 37 ]
[ 2, 0, -1, 2, 1, 9, -1, 0, 19 ]
[ 1, 13, 0, 0, 1, 10, 0, 0, 37 ]
[ 1, 13, 0, 0, 4, 3, 0, 1, 10 ]
[ 0, -1, -10, 1, 13, 0, 0, 0, 37 ]
[ 0, -4, -3, 1, 13, 0, 0, 1, 10 ]
[ 1, 2, 1, 0, 1, 10, 0, 0, 37 ]
[ 1, 2, 1, 0, 4, 3, 0, 1, 10 ]
[ 37, 0, 0, -15, 1, 0, -2, 0, 1 ]
[ 15, -1, 0, 7, 2, 0, -2, 0, 1 ]
[ 1, 0, -19, -15, 1, 0, 0, 0, 37 ]
[ 2, 0, -1, -15, 1, 0, -1, 0, 19 ]
[ 1, -5, 0, 0, 37, 0, 0, -10, 1 ]
[ 7, 2, 0, -1, 5, 0, -2, 0, 1 ]
[ 4, 1, 9, 7, 2, 0, 0, 0, 37 ]
[ 2, 0, -1, 7, 2, 0, 4, 1, 9 ]
[ -15, 1, 0, -1, 0, 19, 0, 0, 37 ]
[ -15, 1, 0, -2, 0, 1, -1, 0, 19 ]
[ -1, 5, 0, 0, -10, 1, 0, -3, 4 ]
[ 2, 0, -1, -1, 5, 0, -1, 2, 4 ]
[ -7, -2, 0, 4, 1, 9, 0, 0, 37 ]
[ 7, 2, 0, -2, 0, 1, 4, 1, 9 ]
[ 1, 0, -19, 4, 1, 9, 0, 0, 37 ]
[ 2, 0, -1, 4, 1, 9, -1, 0, 19 ]
[ 1, -5, 0, 0, 1, 11, 0, 0, 37 ]
[ -1, 5, 0, 0, -3, 4, 0, 1, 11 ]
[ 0, 1, 11, -1, 5, 0, 0, 0, 37 ]
[ 1, -2, -4, 0, 1, 11, 0, 0, 37 ]
[ 1, -2, -4, -1, 5, 0, 0, 1, 11 ]
[ 0, 1, 11, -1, 2, 4, 0, 0, 37 ]
[ 2, 0, -1, -1, 2, 4, 0, 1, 11 ]
[ 4, 1, 9, -1, 0, 19, 0, 0, 37 ]
[ 4, 1, 9, -2, 0, 1, -1, 0, 19 ]
[ 1, 0, -19, 0, 1, 11, 0, 0, 37 ]
[ 2, 0, -1, 0, 1, 11, -1, 0, 19 ]
[ 37, 0, 0, -13, 1, 0, -2, 0, 1 ]
[ 13, -1, 0, -2, 3, 0, -2, 0, 1 ]
[ 1, 0, -19, -13, 1, 0, 0, 0, 37 ]
[ 2, 0, -1, -13, 1, 0, -1, 0, 19 ]
[ 1, -20, 0, 0, 37, 0, 0, -3, 1 ]
[ 2, -3, 0, -1, 20, 0, 0, -3, 1 ]
[ 1, -1, 6, -2, 3, 0, 0, 0, 37 ]
[ 2, 0, -1, -2, 3, 0, 1, -1, 6 ]
[ -13, 1, 0, -1, 0, 19, 0, 0, 37 ]
[ -13, 1, 0, -2, 0, 1, -1, 0, 19 ]
[ 1, -20, 0, 0, 1, 12, 0, 0, 37 ]
[ -1, 20, 0, 0, -3, 1, 0, 1, 12 ]
[ 0, 1, 12, -1, 20, 0, 0, 0, 37 ]
[ 0, 3, -1, -1, 20, 0, 0, 1, 12 ]
[ 2, -3, 0, -1, 2, 6, 0, 0, 37 ]
[ -2, 3, 0, 0, -3, 1, -1, 2, 6 ]
[ -1, 0, 19, 1, -1, 6, 0, 0, 37 ]
[ -2, 0, 1, 1, -1, 6, -1, 0, 19 ]
[ 1, -2, -6, 0, 1, 12, 0, 0, 37 ]
[ -1, 2, 6, 0, -3, 1, 0, 1, 12 ]
[ 37, 0, 0, -11, 1, 0, -2, 0, 1 ]
[ 11, -1, 0, 4, 3, 0, -2, 0, 1 ]
[ 1, 0, -19, -11, 1, 0, 0, 0, 37 ]
[ 2, 0, -1, -11, 1, 0, -1, 0, 19 ]
[ 1, 10, 0, 0, 37, 0, 0, -17, 1 ]
[ 4, 3, 0, 1, 10, 0, 2, 3, 1 ]
[ -1, -1, 6, 4, 3, 0, 0, 0, 37 ]
[ 2, 0, -1, 4, 3, 0, -1, -1, 6 ]
[ -11, 1, 0, -1, 0, 19, 0, 0, 37 ]
[ -11, 1, 0, -2, 0, 1, -1, 0, 19 ]
[ -1, -10, 0, 0, -17, 1, 0, 3, 2 ]
[ 2, 3, 1, 1, 10, 0, 0, 3, 2 ]
[ 1, 1, -6, 2, 3, 1, 0, 0, 37 ]
[ -4, -3, 0, -1, -1, 6, 0, 0, 37 ]
[ 4, 3, 0, 2, 3, 1, -1, -1, 6 ]
[ -1, 0, 19, -1, -1, 6, 0, 0, 37 ]
[ -2, 0, 1, -1, -1, 6, -1, 0, 19 ]
[ 1, 10, 0, 0, 1, 13, 0, 0, 37 ]
[ 1, 10, 0, 0, 3, 2, 0, 1, 13 ]
[ 0, -1, -13, 1, 10, 0, 0, 0, 37 ]
[ 0, -3, -2, 1, 10, 0, 0, 1, 13 ]
[ 2, 3, 1, 1, 2, 7, 0, 0, 37 ]
[ 2, 3, 1, 0, 3, 2, 1, 2, 7 ]
[ 1, 2, 7, 0, 1, 13, 0, 0, 37 ]
[ 1, 2, 7, 0, 3, 2, 0, 1, 13 ]
[ 37, 0, 0, -9, 1, 0, -2, 0, 1 ]
[ 1, 4, 0, 0, 37, 0, 0, 8, 1 ]
[ 9, -1, 0, 1, 4, 0, -2, 0, 1 ]
[ 1, 0, -19, -9, 1, 0, 0, 0, 37 ]
[ 2, 0, -1, -9, 1, 0, -1, 0, 19 ]
[ 1, 4, 0, 0, 8, 1, 0, 3, 5 ]
[ 2, 0, -1, 1, 4, 0, -1, -1, 5 ]
[ -9, 1, 0, -1, 0, 19, 0, 0, 37 ]
[ -9, 1, 0, -2, 0, 1, -1, 0, 19 ]
[ 1, 4, 0, 0, 1, 14, 0, 0, 37 ]
[ 1, 4, 0, 0, 3, 5, 0, 1, 14 ]
[ 0, -1, -14, 1, 4, 0, 0, 0, 37 ]
[ 1, 1, -5, 0, 1, 14, 0, 0, 37 ]
[ 1, 1, -5, 1, 4, 0, 0, 1, 14 ]
[ -1, 0, 19, -1, -1, 5, 0, 0, 37 ]
[ -2, 0, 1, -1, -1, 5, -1, 0, 19 ]
[ 37, 0, 0, -7, 1, 0, -2, 0, 1 ]
[ 7, -1, 0, 2, 5, 0, -2, 0, 1 ]
[ 1, 0, -19, -7, 1, 0, 0, 0, 37 ]
[ 2, 0, -1, -7, 1, 0, -1, 0, 19 ]
[ 1, 21, 0, 0, 37, 0, 0, 5, 1 ]
[ 2, 5, 0, 1, 21, 0, 0, 5, 1 ]
[ 2, 0, -1, 2, 5, 0, -1, -1, 4 ]
[ -7, 1, 0, -1, 0, 19, 0, 0, 37 ]
[ -7, 1, 0, -2, 0, 1, -1, 0, 19 ]
[ 1, 21, 0, 0, 5, 1, 0, -2, 7 ]
[ 0, -5, -1, 1, 21, 0, 0, -2, 7 ]
[ 2, 5, 0, 0, 5, 1, 1, 4, 4 ]
[ 1, 2, 11, 2, 5, 0, 0, 0, 37 ]
[ 1, 1, -4, 1, 2, 11, 0, 0, 37 ]
[ 1, 1, -4, 2, 5, 0, 1, 2, 11 ]
[ -1, 0, 19, -1, -1, 4, 0, 0, 37 ]
[ -2, 0, 1, -1, -1, 4, -1, 0, 19 ]
[ -1, -21, 0, 0, -1, 22, 0, 0, 37 ]
[ -1, -21, 0, 0, -2, 7, 0, -1, 22 ]
[ 0, -1, 22, 1, 21, 0, 0, 0, 37 ]
[ 0, -2, 7, 1, 21, 0, 0, -1, 22 ]
[ 1, 4, 4, 0, 5, 1, 0, -2, 7 ]
[ 1, 3, -11, 1, 4, 4, 0, 0, 37 ]
[ -2, -5, 0, -1, -3, 11, 0, 0, 37 ]
[ 2, 5, 0, 1, 4, 4, -1, -3, 11 ]
[ -1, -4, -4, 0, -1, 22, 0, 0, 37 ]
[ -1, -4, -4, 0, -2, 7, 0, -1, 22 ]
[ 37, 0, 0, -5, 1, 0, -2, 0, 1 ]
[ 5, -1, 0, 2, 7, 0, -2, 0, 1 ]
[ 1, 0, -19, -5, 1, 0, 0, 0, 37 ]
[ 2, 0, -1, -5, 1, 0, -1, 0, 19 ]
[ 1, 22, 0, 0, 37, 0, 0, 7, 1 ]
[ 2, 7, 0, 1, 22, 0, 0, 7, 1 ]
[ 2, 0, -1, 2, 7, 0, -1, -1, 3 ]
[ -5, 1, 0, -1, 0, 19, 0, 0, 37 ]
[ -5, 1, 0, -2, 0, 1, -1, 0, 19 ]
[ 1, 22, 0, 0, 7, 1, 0, -2, 5 ]
[ 0, -7, -1, 1, 22, 0, 0, -2, 5 ]
[ 2, 7, 0, 0, 7, 1, 1, 6, 3 ]
[ 1, 3, -8, 2, 7, 0, 0, 0, 37 ]
[ 1, 1, -3, 2, 7, 0, -1, -3, 8 ]
[ -1, 0, 19, -1, -1, 3, 0, 0, 37 ]
[ -2, 0, 1, -1, -1, 3, -1, 0, 19 ]
[ -1, -22, 0, 0, -1, 21, 0, 0, 37 ]
[ -1, -22, 0, 0, -2, 5, 0, -1, 21 ]
[ 0, -1, 21, 1, 22, 0, 0, 0, 37 ]
[ 0, -2, 5, 1, 22, 0, 0, -1, 21 ]
[ 1, 6, 3, 0, 7, 1, 0, -2, 5 ]
[ 2, 7, 0, 1, 4, 8, 0, 0, 37 ]
[ 2, 7, 0, 1, 6, 3, 1, 4, 8 ]
[ -1, -2, 24, -1, -3, 8, 0, 0, 37 ]
[ -1, -1, 3, -1, -2, 24, 0, 0, 37 ]
[ -1, -1, 3, -1, -3, 8, -1, -2, 24 ]
[ -1, -6, -3, 0, -1, 21, 0, 0, 37 ]
[ -1, -6, -3, 0, -2, 5, 0, -1, 21 ]
[ 1, 5, 24, 1, 6, 3, 0, 0, 37 ]
[ 1, 4, 8, 1, 5, 24, 0, 0, 37 ]
[ 1, 4, 8, 1, 6, 3, 1, 5, 24 ]
[ 37, 0, 0, -3, 1, 0, -2, 0, 1 ]
[ 1, 12, 0, 0, 37, 0, 0, -13, 1 ]
[ 3, -1, 0, 1, 12, 0, 1, -1, 1 ]
[ 1, 0, -19, -3, 1, 0, 0, 0, 37 ]
[ 2, 0, -1, -3, 1, 0, -1, 0, 19 ]
[ -1, -12, 0, 0, -13, 1, 0, -2, 3 ]
[ 1, -1, 1, 1, 12, 0, 0, -2, 3 ]
[ -1, 0, 19, 1, -1, 1, 0, 0, 37 ]
[ -3, 1, 0, -1, 0, 19, 0, 0, 37 ]
[ -3, 1, 0, 1, -1, 1, -1, 0, 19 ]
[ -1, -12, 0, 0, -1, 20, 0, 0, 37 ]
[ -1, -12, 0, 0, -2, 3, 0, -1, 20 ]
[ 0, -1, 20, 1, 12, 0, 0, 0, 37 ]
[ 0, -2, 3, 1, 12, 0, 0, -1, 20 ]
[ -1, 1, -1, 0, -1, 20, 0, 0, 37 ]
[ -1, 1, -1, 0, -2, 3, 0, -1, 20 ]
[ 1, -1, 0, 0, 37, 0, 0, -2, 1 ]
[ 37, 0, 0, -1, 1, 0, -2, 0, 1 ]
[ -1, 1, 0, 0, -1, 19, 0, 0, 37 ]
[ -1, 1, 0, 0, -2, 1, 0, -1, 19 ]
[ 1, 0, -19, -1, 1, 0, 0, 0, 37 ]
[ 2, 0, -1, -1, 1, 0, -1, 0, 19 ]
[ 1, 1, 0, 0, 37, 0, 0, 2, 1 ]
[ 37, 0, 0, 1, 1, 0, -2, 0, 1 ]
[ 1, 1, 0, 0, 1, 19, 0, 0, 37 ]
[ 1, 1, 0, 0, 2, 1, 0, 1, 19 ]
[ 1, 0, -19, 1, 1, 0, 0, 0, 37 ]
[ 2, 0, -1, 1, 1, 0, -1, 0, 19 ]
[ 37, 0, 0, 3, 1, 0, -2, 0, 1 ]
[ 1, -12, 0, 0, 37, 0, 0, 13, 1 ]
[ 3, 1, 0, -1, 12, 0, 1, 1, 1 ]
[ 1, 0, -19, 3, 1, 0, 0, 0, 37 ]
[ 2, 0, -1, 3, 1, 0, -1, 0, 19 ]
[ 1, -12, 0, 0, 13, 1, 0, 2, 3 ]
[ 1, 1, 1, -1, 12, 0, 0, 2, 3 ]
[ 2, 1, 19, 1, 1, 1, 0, 0, 37 ]
[ 3, 1, 0, 2, 1, 19, 0, 0, 37 ]
[ 3, 1, 0, 1, 1, 1, 2, 1, 19 ]
[ 1, -12, 0, 0, 1, 20, 0, 0, 37 ]
[ 1, -12, 0, 0, 2, 3, 0, 1, 20 ]
[ 0, 1, 20, -1, 12, 0, 0, 0, 37 ]
[ 0, 2, 3, -1, 12, 0, 0, 1, 20 ]
[ 1, 1, 1, 0, 1, 20, 0, 0, 37 ]
[ 1, 1, 1, 0, 2, 3, 0, 1, 20 ]
[ 37, 0, 0, 5, 1, 0, -2, 0, 1 ]
[ 5, 1, 0, -2, 7, 0, -2, 0, 1 ]
[ 1, 0, -19, 5, 1, 0, 0, 0, 37 ]
[ 2, 0, -1, 5, 1, 0, -1, 0, 19 ]
[ 1, -22, 0, 0, 37, 0, 0, -7, 1 ]
[ 2, -7, 0, -1, 22, 0, 0, -7, 1 ]
[ 2, 0, -1, -2, 7, 0, -1, 1, 3 ]
[ 5, 1, 0, -1, 0, 19, 0, 0, 37 ]
[ 5, 1, 0, -2, 0, 1, -1, 0, 19 ]
[ -1, 22, 0, 0, -7, 1, 0, 2, 5 ]
[ 0, 7, -1, -1, 22, 0, 0, 2, 5 ]
[ -2, 7, 0, 0, -7, 1, -1, 1, 3 ]
[ 1, -3, -8, -2, 7, 0, 0, 0, 37 ]
[ 1, -1, -3, -2, 7, 0, -1, 3, 8 ]
[ 1, 0, -19, -1, 1, 3, 0, 0, 37 ]
[ 2, 0, -1, -1, 1, 3, -1, 0, 19 ]
[ 1, -22, 0, 0, 1, 21, 0, 0, 37 ]
[ 1, -22, 0, 0, 2, 5, 0, 1, 21 ]
[ 0, 1, 21, -1, 22, 0, 0, 0, 37 ]
[ 0, 2, 5, -1, 22, 0, 0, 1, 21 ]
[ -1, 1, 3, 0, -7, 1, 0, 2, 5 ]
[ -2, 7, 0, -1, 3, 8, 0, 0, 37 ]
[ -2, 7, 0, -1, 1, 3, -1, 3, 8 ]
[ 1, -2, -24, -1, 3, 8, 0, 0, 37 ]
[ 1, -1, -3, -1, 2, 24, 0, 0, 37 ]
[ 1, -1, -3, -1, 3, 8, -1, 2, 24 ]
[ 1, -1, -3, 0, 1, 21, 0, 0, 37 ]
[ 1, -1, -3, 0, 2, 5, 0, 1, 21 ]
[ -1, 2, 24, -1, 1, 3, 0, 0, 37 ]
[ -1, 3, 8, -1, 2, 24, 0, 0, 37 ]
[ -1, 3, 8, -1, 1, 3, -1, 2, 24 ]
[ 37, 0, 0, 7, 1, 0, -2, 0, 1 ]
[ 7, 1, 0, -2, 5, 0, -2, 0, 1 ]
[ 1, 0, -19, 7, 1, 0, 0, 0, 37 ]
[ 2, 0, -1, 7, 1, 0, -1, 0, 19 ]
[ 1, -21, 0, 0, 37, 0, 0, -5, 1 ]
[ 2, -5, 0, -1, 21, 0, 0, -5, 1 ]
[ 2, 0, -1, -2, 5, 0, -1, 1, 4 ]
[ 7, 1, 0, -1, 0, 19, 0, 0, 37 ]
[ 7, 1, 0, -2, 0, 1, -1, 0, 19 ]
[ -1, 21, 0, 0, -5, 1, 0, 2, 7 ]
[ 0, 5, -1, -1, 21, 0, 0, 2, 7 ]
[ -2, 5, 0, 0, -5, 1, -1, 1, 4 ]
[ 1, -2, 11, -2, 5, 0, 0, 0, 37 ]
[ -1, 1, 4, 1, -2, 11, 0, 0, 37 ]
[ 1, -1, -4, -2, 5, 0, 1, -2, 11 ]
[ 1, 0, -19, -1, 1, 4, 0, 0, 37 ]
[ 2, 0, -1, -1, 1, 4, -1, 0, 19 ]
[ 1, -21, 0, 0, 1, 22, 0, 0, 37 ]
[ 1, -21, 0, 0, 2, 7, 0, 1, 22 ]
[ 0, 1, 22, -1, 21, 0, 0, 0, 37 ]
[ 0, 2, 7, -1, 21, 0, 0, 1, 22 ]
[ -1, 1, 4, 0, -5, 1, 0, 2, 7 ]
[ -1, 2, -11, -1, 1, 4, 0, 0, 37 ]
[ 2, -5, 0, 1, -2, 11, 0, 0, 37 ]
[ -2, 5, 0, -1, 1, 4, 1, -2, 11 ]
[ 1, -1, -4, 0, 1, 22, 0, 0, 37 ]
[ 1, -1, -4, 0, 2, 7, 0, 1, 22 ]
[ 37, 0, 0, 9, 1, 0, -2, 0, 1 ]
[ 1, -4, 0, 0, 37, 0, 0, -8, 1 ]
[ 9, 1, 0, -1, 4, 0, -2, 0, 1 ]
[ 1, 0, -19, 9, 1, 0, 0, 0, 37 ]
[ 2, 0, -1, 9, 1, 0, -1, 0, 19 ]
[ -1, 4, 0, 0, -8, 1, 0, -3, 5 ]
[ 2, 0, -1, -1, 4, 0, -1, 1, 5 ]
[ 9, 1, 0, -1, 0, 19, 0, 0, 37 ]
[ 9, 1, 0, -2, 0, 1, -1, 0, 19 ]
[ -1, 4, 0, 0, -1, 14, 0, 0, 37 ]
[ -1, 4, 0, 0, -3, 5, 0, -1, 14 ]
[ 0, 1, -14, -1, 4, 0, 0, 0, 37 ]
[ -1, 1, 5, 0, -1, 14, 0, 0, 37 ]
[ 1, -1, -5, -1, 4, 0, 0, -1, 14 ]
[ 1, 0, -19, -1, 1, 5, 0, 0, 37 ]
[ 2, 0, -1, -1, 1, 5, -1, 0, 19 ]
[ 37, 0, 0, 11, 1, 0, -2, 0, 1 ]
[ 11, 1, 0, -4, 3, 0, -2, 0, 1 ]
[ 1, 0, -19, 11, 1, 0, 0, 0, 37 ]
[ 2, 0, -1, 11, 1, 0, -1, 0, 19 ]
[ 1, -10, 0, 0, 37, 0, 0, 17, 1 ]
[ 4, -3, 0, -1, 10, 0, 2, -3, 1 ]
[ -1, 1, 6, -4, 3, 0, 0, 0, 37 ]
[ 2, 0, -1, -4, 3, 0, -1, 1, 6 ]
[ 11, 1, 0, -1, 0, 19, 0, 0, 37 ]
[ 11, 1, 0, -2, 0, 1, -1, 0, 19 ]
[ 1, -10, 0, 0, 17, 1, 0, -3, 2 ]
[ 2, -3, 1, -1, 10, 0, 0, -3, 2 ]
[ -1, 1, 6, 2, -3, 1, 0, 0, 37 ]
[ 4, -3, 0, -1, 1, 6, 0, 0, 37 ]
[ -4, 3, 0, 2, -3, 1, -1, 1, 6 ]
[ 1, 0, -19, -1, 1, 6, 0, 0, 37 ]
[ 2, 0, -1, -1, 1, 6, -1, 0, 19 ]
[ -1, 10, 0, 0, -1, 13, 0, 0, 37 ]
[ -1, 10, 0, 0, -3, 2, 0, -1, 13 ]
[ 0, 1, -13, -1, 10, 0, 0, 0, 37 ]
[ 0, 3, -2, -1, 10, 0, 0, -1, 13 ]
[ -2, 3, -1, 1, -2, 7, 0, 0, 37 ]
[ -2, 3, -1, 0, -3, 2, 1, -2, 7 ]
[ -1, 2, -7, 0, -1, 13, 0, 0, 37 ]
[ -1, 2, -7, 0, -3, 2, 0, -1, 13 ]
[ 37, 0, 0, 13, 1, 0, -2, 0, 1 ]
[ 13, 1, 0, 2, 3, 0, -2, 0, 1 ]
[ 1, 0, -19, 13, 1, 0, 0, 0, 37 ]
[ 2, 0, -1, 13, 1, 0, -1, 0, 19 ]
[ 1, 20, 0, 0, 37, 0, 0, 3, 1 ]
[ 2, 3, 0, 1, 20, 0, 0, 3, 1 ]
[ 1, 1, 6, 2, 3, 0, 0, 0, 37 ]
[ 2, 0, -1, 2, 3, 0, 1, 1, 6 ]
[ 13, 1, 0, -1, 0, 19, 0, 0, 37 ]
[ 13, 1, 0, -2, 0, 1, -1, 0, 19 ]
[ -1, -20, 0, 0, -1, 12, 0, 0, 37 ]
[ 1, 20, 0, 0, 3, 1, 0, -1, 12 ]
[ 0, -1, 12, 1, 20, 0, 0, 0, 37 ]
[ 0, -3, -1, 1, 20, 0, 0, -1, 12 ]
[ -2, -3, 0, 1, 1, 6, 0, 0, 37 ]
[ 2, 3, 0, 0, 3, 1, 1, 1, 6 ]
[ 1, 0, -19, 1, 1, 6, 0, 0, 37 ]
[ 2, 0, -1, 1, 1, 6, -1, 0, 19 ]
[ -1, -1, -6, 0, -1, 12, 0, 0, 37 ]
[ 1, 1, 6, 0, 3, 1, 0, -1, 12 ]
[ 37, 0, 0, 15, 1, 0, -2, 0, 1 ]
[ 15, 1, 0, -7, 2, 0, -2, 0, 1 ]
[ 1, 0, -19, 15, 1, 0, 0, 0, 37 ]
[ 2, 0, -1, 15, 1, 0, -1, 0, 19 ]
[ 1, 5, 0, 0, 37, 0, 0, 10, 1 ]
[ 7, -2, 0, 1, 5, 0, -2, 0, 1 ]
[ -3, 1, 9, -7, 2, 0, 0, 0, 37 ]
[ 2, 0, -1, -7, 2, 0, -3, 1, 9 ]
[ 15, 1, 0, -1, 0, 19, 0, 0, 37 ]
[ 15, 1, 0, -2, 0, 1, -1, 0, 19 ]
[ 1, 5, 0, 0, 10, 1, 0, 3, 4 ]
[ 2, 0, -1, 1, 5, 0, -1, -2, 4 ]
[ 7, -2, 0, -3, 1, 9, 0, 0, 37 ]
[ -7, 2, 0, -2, 0, 1, -3, 1, 9 ]
[ 1, 0, -19, -3, 1, 9, 0, 0, 37 ]
[ 2, 0, -1, -3, 1, 9, -1, 0, 19 ]
[ -1, -5, 0, 0, -1, 11, 0, 0, 37 ]
[ 1, 5, 0, 0, 3, 4, 0, -1, 11 ]
[ 0, -1, 11, 1, 5, 0, 0, 0, 37 ]
[ -1, -2, 4, 0, -1, 11, 0, 0, 37 ]
[ 1, 2, -4, 1, 5, 0, 0, -1, 11 ]
[ 0, 1, -11, -1, -2, 4, 0, 0, 37 ]
[ -2, 0, 1, -1, -2, 4, 0, -1, 11 ]
[ -3, 1, 9, -1, 0, 19, 0, 0, 37 ]
[ -3, 1, 9, -2, 0, 1, -1, 0, 19 ]
[ -1, 0, 19, 0, -1, 11, 0, 0, 37 ]
[ -2, 0, 1, 0, -1, 11, -1, 0, 19 ]
[ 37, 0, 0, 17, 1, 0, -2, 0, 1 ]
[ 17, 1, 0, -3, 2, 0, -2, 0, 1 ]
[ 1, 0, -19, 17, 1, 0, 0, 0, 37 ]
[ 2, 0, -1, 17, 1, 0, -1, 0, 19 ]
[ 1, -13, 0, 0, 37, 0, 0, 11, 1 ]
[ 3, -2, 0, -1, 13, 0, 1, -2, 1 ]
[ -1, 1, 9, -3, 2, 0, 0, 0, 37 ]
[ 2, 0, -1, -3, 2, 0, -1, 1, 9 ]
[ 17, 1, 0, -1, 0, 19, 0, 0, 37 ]
[ 17, 1, 0, -2, 0, 1, -1, 0, 19 ]
[ 1, -13, 0, 0, 11, 1, 0, -4, 3 ]
[ 1, -2, 1, -1, 13, 0, 0, -4, 3 ]
[ -1, 1, 9, 1, -2, 1, 0, 0, 37 ]
[ 3, -2, 0, -1, 1, 9, 0, 0, 37 ]
[ -3, 2, 0, 1, -2, 1, -1, 1, 9 ]
[ 1, 0, -19, -1, 1, 9, 0, 0, 37 ]
[ 2, 0, -1, -1, 1, 9, -1, 0, 19 ]
[ -1, 13, 0, 0, -1, 10, 0, 0, 37 ]
[ -1, 13, 0, 0, -4, 3, 0, -1, 10 ]
[ 0, 1, -10, -1, 13, 0, 0, 0, 37 ]
[ 0, 4, -3, -1, 13, 0, 0, -1, 10 ]
[ -1, 2, -1, 0, -1, 10, 0, 0, 37 ]
[ -1, 2, -1, 0, -4, 3, 0, -1, 10 ]
[ 37, 0, 0, -18, 1, 0, -2, 0, 1 ]
[ 1, 2, 0, 0, 37, 0, 0, 4, 1 ]
[ 18, -1, 0, 1, 2, 0, -2, 0, 1 ]
[ 1, 0, -19, -18, 1, 0, 0, 0, 37 ]
[ 2, 0, -1, -18, 1, 0, -1, 0, 19 ]
[ -1, -2, 0, 0, -1, 9, 0, 0, 37 ]
[ 1, 2, 0, 0, 4, 1, 0, -1, 9 ]
[ 1, 1, 9, 1, 2, 0, 0, 0, 37 ]
[ 2, 0, -1, 1, 2, 0, 1, 1, 9 ]
[ -18, 1, 0, -1, 0, 19, 0, 0, 37 ]
[ -18, 1, 0, -2, 0, 1, -1, 0, 19 ]
[ 1, 0, -19, 1, 1, 9, 0, 0, 37 ]
[ 2, 0, -1, 1, 1, 9, -1, 0, 19 ]
[ 37, 0, 0, -16, 1, 0, -2, 0, 1 ]
[ 16, -1, 0, 5, 2, 0, -2, 0, 1 ]
[ 1, 0, -19, -16, 1, 0, 0, 0, 37 ]
[ 2, 0, -1, -16, 1, 0, -1, 0, 19 ]
[ 1, -7, 0, 0, 37, 0, 0, -14, 1 ]
[ 5, 2, 0, -1, 7, 0, -2, 0, 1 ]
[ 3, 1, 9, 5, 2, 0, 0, 0, 37 ]
[ 2, 0, -1, 5, 2, 0, 3, 1, 9 ]
[ -16, 1, 0, -1, 0, 19, 0, 0, 37 ]
[ -16, 1, 0, -2, 0, 1, -1, 0, 19 ]
[ -1, 7, 0, 0, -14, 1, 0, -5, 3 ]
[ 2, 0, -1, -1, 7, 0, -1, 2, 3 ]
[ -5, -2, 0, 3, 1, 9, 0, 0, 37 ]
[ 5, 2, 0, -2, 0, 1, 3, 1, 9 ]
[ 1, 0, -19, 3, 1, 9, 0, 0, 37 ]
[ 2, 0, -1, 3, 1, 9, -1, 0, 19 ]
[ -1, 7, 0, 0, -1, 8, 0, 0, 37 ]
[ -1, 7, 0, 0, -5, 3, 0, -1, 8 ]
[ 0, 1, -8, -1, 7, 0, 0, 0, 37 ]
[ -1, 2, 3, 0, -1, 8, 0, 0, 37 ]
[ 1, -2, -3, -1, 7, 0, 0, -1, 8 ]
[ 1, -1, -11, -1, 2, 3, 0, 0, 37 ]
[ 2, 0, -1, -1, 2, 3, -1, 1, 11 ]
[ 3, 1, 9, -1, 0, 19, 0, 0, 37 ]
[ 3, 1, 9, -2, 0, 1, -1, 0, 19 ]
[ 1, 0, -19, -1, 1, 11, 0, 0, 37 ]
[ 2, 0, -1, -1, 1, 11, -1, 0, 19 ]
[ 37, 0, 0, -14, 1, 0, -2, 0, 1 ]
[ 14, -1, 0, -5, 3, 0, -2, 0, 1 ]
[ 1, 0, -19, -14, 1, 0, 0, 0, 37 ]
[ 2, 0, -1, -14, 1, 0, -1, 0, 19 ]
[ 1, -8, 0, 0, 37, 0, 0, -16, 1 ]
[ 5, -3, 0, -1, 8, 0, -2, 0, 1 ]
[ 2, -1, 6, -5, 3, 0, 0, 0, 37 ]
[ 2, 0, -1, -5, 3, 0, 2, -1, 6 ]
[ -14, 1, 0, -1, 0, 19, 0, 0, 37 ]
[ -14, 1, 0, -2, 0, 1, -1, 0, 19 ]
[ -1, 8, 0, 0, -16, 1, 0, 5, 2 ]
[ 2, 0, -1, -1, 8, 0, 1, -3, 2 ]
[ 5, -3, 0, 2, -1, 6, 0, 0, 37 ]
[ -5, 3, 0, -2, 0, 1, 2, -1, 6 ]
[ -1, 0, 19, 2, -1, 6, 0, 0, 37 ]
[ -2, 0, 1, 2, -1, 6, -1, 0, 19 ]
[ -1, 8, 0, 0, -1, 7, 0, 0, 37 ]
[ 1, -8, 0, 0, 5, 2, 0, -1, 7 ]
[ 0, 1, -7, -1, 8, 0, 0, 0, 37 ]
[ -1, 3, -2, 0, -1, 7, 0, 0, 37 ]
[ 1, -3, 2, -1, 8, 0, 0, -1, 7 ]
[ 0, -1, 7, 1, -3, 2, 0, 0, 37 ]
[ -2, 0, 1, 1, -3, 2, 0, -1, 7 ]
[ -2, 1, -6, -1, 0, 19, 0, 0, 37 ]
[ -2, 1, -6, -2, 0, 1, -1, 0, 19 ]
[ -1, 0, 19, 0, -1, 7, 0, 0, 37 ]
[ -2, 0, 1, 0, -1, 7, -1, 0, 19 ]
[ 37, 0, 0, -12, 1, 0, -2, 0, 1 ]
[ 1, 3, 0, 0, 37, 0, 0, 6, 1 ]
[ 12, -1, 0, 1, 3, 0, -2, 0, 1 ]
[ 1, 0, -19, -12, 1, 0, 0, 0, 37 ]
[ 2, 0, -1, -12, 1, 0, -1, 0, 19 ]
[ -1, -3, 0, 0, -1, 6, 0, 0, 37 ]
[ 1, 3, 0, 0, 6, 1, 0, -1, 6 ]
[ 0, -1, 6, 1, 3, 0, 0, 0, 37 ]
[ 2, 0, -1, 1, 3, 0, 0, -1, 6 ]
[ -12, 1, 0, -1, 0, 19, 0, 0, 37 ]
[ -12, 1, 0, -2, 0, 1, -1, 0, 19 ]
[ -1, 0, 19, 0, -1, 6, 0, 0, 37 ]
[ -2, 0, 1, 0, -1, 6, -1, 0, 19 ]
[ 37, 0, 0, -10, 1, 0, -2, 0, 1 ]
[ 10, -1, 0, -3, 4, 0, -2, 0, 1 ]
[ 1, 0, -19, -10, 1, 0, 0, 0, 37 ]
[ 2, 0, -1, -10, 1, 0, -1, 0, 19 ]
[ 1, 11, 0, 0, 37, 0, 0, -15, 1 ]
[ 3, -4, 0, 1, 11, 0, 1, -4, 1 ]
[ 2, 0, -1, -3, 4, 0, 0, -1, 5 ]
[ -10, 1, 0, -1, 0, 19, 0, 0, 37 ]
[ -10, 1, 0, -2, 0, 1, -1, 0, 19 ]
[ -1, -11, 0, 0, -15, 1, 0, 7, 2 ]
[ 1, -4, 1, 1, 11, 0, 0, 7, 2 ]
[ 0, -1, 5, 1, -4, 1, 0, 0, 37 ]
[ -3, 4, 0, 1, -4, 1, 0, -1, 5 ]
[ 1, -1, -14, -3, 4, 0, 0, 0, 37 ]
[ 0, 1, -5, -1, 1, 14, 0, 0, 37 ]
[ 0, 1, -5, -3, 4, 0, -1, 1, 14 ]
[ -1, 0, 19, 0, -1, 5, 0, 0, 37 ]
[ -2, 0, 1, 0, -1, 5, -1, 0, 19 ]
[ -1, -11, 0, 0, -1, 5, 0, 0, 37 ]
[ 1, 11, 0, 0, 7, 2, 0, -1, 5 ]
[ 0, -1, 5, 1, 11, 0, 0, 0, 37 ]
[ 0, -7, -2, 1, 11, 0, 0, -1, 5 ]
[ -1, 4, -1, 0, -1, 5, 0, 0, 37 ]
[ 1, -4, 1, 0, 7, 2, 0, -1, 5 ]
[ -1, 1, 14, 0, -1, 5, 0, 0, 37 ]
[ -3, 4, 0, -1, 1, 14, 0, 0, 37 ]
[ -3, 4, 0, 0, -1, 5, -1, 1, 14 ]
[ 37, 0, 0, -8, 1, 0, -2, 0, 1 ]
[ 8, -1, 0, -3, 5, 0, -2, 0, 1 ]
[ 1, 0, -19, -8, 1, 0, 0, 0, 37 ]
[ 2, 0, -1, -8, 1, 0, -1, 0, 19 ]
[ 1, -14, 0, 0, 37, 0, 0, 9, 1 ]
[ 3, -5, 0, -1, 14, 0, 1, -5, 1 ]
[ 2, 0, -1, -3, 5, 0, 0, -1, 4 ]
[ -8, 1, 0, -1, 0, 19, 0, 0, 37 ]
[ -8, 1, 0, -2, 0, 1, -1, 0, 19 ]
[ -1, 14, 0, 0, -1, 4, 0, 0, 37 ]
[ 1, -14, 0, 0, 9, 1, 0, -1, 4 ]
[ 0, 1, -4, -1, 14, 0, 0, 0, 37 ]
[ -1, 5, -1, 0, -1, 4, 0, 0, 37 ]
[ 1, -5, 1, -1, 14, 0, 0, -1, 4 ]
[ 0, -1, 4, 1, -5, 1, 0, 0, 37 ]
[ -3, 5, 0, 1, -5, 1, 0, -1, 4 ]
[ -1, 2, 11, -3, 5, 0, 0, 0, 37 ]
[ 0, 1, -4, -1, 2, 11, 0, 0, 37 ]
[ 0, 1, -4, -3, 5, 0, -1, 2, 11 ]
[ -1, 0, 19, 0, -1, 4, 0, 0, 37 ]
[ -2, 0, 1, 0, -1, 4, -1, 0, 19 ]
[ -1, 2, 11, 0, -1, 4, 0, 0, 37 ]
[ 3, -5, 0, -1, 2, 11, 0, 0, 37 ]
[ -3, 5, 0, 0, -1, 4, -1, 2, 11 ]
[ 37, 0, 0, -6, 1, 0, -2, 0, 1 ]
[ 1, 6, 0, 0, 37, 0, 0, 12, 1 ]
[ 6, -1, 0, 1, 6, 0, -2, 0, 1 ]
[ 1, 0, -19, -6, 1, 0, 0, 0, 37 ]
[ 2, 0, -1, -6, 1, 0, -1, 0, 19 ]
[ -1, -6, 0, 0, -1, 3, 0, 0, 37 ]
[ 1, 6, 0, 0, 12, 1, 0, -1, 3 ]
[ 0, -1, 3, 1, 6, 0, 0, 0, 37 ]
[ 2, 0, -1, 1, 6, 0, 0, -1, 3 ]
[ -6, 1, 0, -1, 0, 19, 0, 0, 37 ]
[ -6, 1, 0, -2, 0, 1, -1, 0, 19 ]
[ -1, 0, 19, 0, -1, 3, 0, 0, 37 ]
[ -2, 0, 1, 0, -1, 3, -1, 0, 19 ]
[ 37, 0, 0, -4, 1, 0, -2, 0, 1 ]
[ 1, 9, 0, 0, 37, 0, 0, 18, 1 ]
[ 4, -1, 0, 1, 9, 0, -2, 0, 1 ]
[ 1, 0, -19, -4, 1, 0, 0, 0, 37 ]
[ 2, 0, -1, -4, 1, 0, -1, 0, 19 ]
[ -1, -9, 0, 0, -1, 2, 0, 0, 37 ]
[ 1, 9, 0, 0, 18, 1, 0, -1, 2 ]
[ 0, -1, 2, 1, 9, 0, 0, 0, 37 ]
[ 2, 0, -1, 1, 9, 0, 0, -1, 2 ]
[ -4, 1, 0, -1, 0, 19, 0, 0, 37 ]
[ -4, 1, 0, -2, 0, 1, -1, 0, 19 ]
[ -1, 0, 19, 0, -1, 2, 0, 0, 37 ]
[ -2, 0, 1, 0, -1, 2, -1, 0, 19 ]
[ 37, 0, 0, -2, 1, 0, -2, 0, 1 ]
[ -1, 19, 0, 0, -1, 1, 0, 0, 37 ]
[ 1, -19, 0, 0, 37, 0, 0, -1, 1 ]
[ 0, 1, -1, -1, 19, 0, 0, 0, 37 ]
[ 2, -1, 0, -1, 19, 0, 0, -1, 1 ]
[ 1, 0, -19, -2, 1, 0, 0, 0, 37 ]
[ 2, 0, -1, -2, 1, 0, -1, 0, 19 ]
[ -1, 0, 19, 0, -1, 1, 0, 0, 37 ]
[ -2, 1, 0, -1, 0, 19, 0, 0, 37 ]
[ -2, 1, 0, 0, -1, 1, -1, 0, 19 ]
[ 37, 0, 0, 0, 1, 0, 2, 0, 1 ]
[ 1, 0, 19, 0, 1, 0, 0, 0, 37 ]
[ 2, 0, 1, 0, 1, 0, 1, 0, 19 ]
[ 37, 0, 0, -2, 1, 0, 2, 0, 1 ]
[ 1, -19, 0, 0, 1, 1, 0, 0, 37 ]
[ 1, -19, 0, 0, 37, 0, 0, 1, 1 ]
[ 0, 1, 1, -1, 19, 0, 0, 0, 37 ]
[ 2, -1, 0, -1, 19, 0, 0, 1, 1 ]
[ 1, 0, 19, -2, 1, 0, 0, 0, 37 ]
[ 2, 0, 1, -2, 1, 0, 1, 0, 19 ]
[ 1, -1, -19, 0, 1, 1, 0, 0, 37 ]
[ 2, -1, 0, -1, 1, 19, 0, 0, 37 ]
[ 2, -1, 0, 0, 1, 1, -1, 1, 19 ]
[ 37, 0, 0, -4, 1, 0, 2, 0, 1 ]
[ 1, 9, 0, 0, 37, 0, 0, -18, 1 ]
[ 4, -1, 0, 1, 9, 0, 2, 0, 1 ]
[ 1, 0, 19, -4, 1, 0, 0, 0, 37 ]
[ 2, 0, 1, -4, 1, 0, 1, 0, 19 ]
[ 1, 9, 0, 0, 1, 2, 0, 0, 37 ]
[ -1, -9, 0, 0, -18, 1, 0, 1, 2 ]
[ 0, -1, -2, 1, 9, 0, 0, 0, 37 ]
[ 2, 0, 1, 1, 9, 0, 0, 1, 2 ]
[ 4, -1, 0, 1, 0, 19, 0, 0, 37 ]
[ 4, -1, 0, 2, 0, 1, 1, 0, 19 ]
[ 1, 0, 19, 0, 1, 2, 0, 0, 37 ]
[ 2, 0, 1, 0, 1, 2, 1, 0, 19 ]
[ 37, 0, 0, -6, 1, 0, 2, 0, 1 ]
[ 1, 6, 0, 0, 37, 0, 0, -12, 1 ]
[ 6, -1, 0, 1, 6, 0, 2, 0, 1 ]
[ 1, 0, 19, -6, 1, 0, 0, 0, 37 ]
[ 2, 0, 1, -6, 1, 0, 1, 0, 19 ]
[ 1, 6, 0, 0, 1, 3, 0, 0, 37 ]
[ -1, -6, 0, 0, -12, 1, 0, 1, 3 ]
[ 0, -1, -3, 1, 6, 0, 0, 0, 37 ]
[ 2, 0, 1, 1, 6, 0, 0, 1, 3 ]
[ 6, -1, 0, 1, 0, 19, 0, 0, 37 ]
[ 6, -1, 0, 2, 0, 1, 1, 0, 19 ]
[ 1, 0, 19, 0, 1, 3, 0, 0, 37 ]
[ 2, 0, 1, 0, 1, 3, 1, 0, 19 ]
[ 37, 0, 0, -8, 1, 0, 2, 0, 1 ]
[ 8, -1, 0, -3, 5, 0, 2, 0, 1 ]
[ 1, 0, 19, -8, 1, 0, 0, 0, 37 ]
[ 2, 0, 1, -8, 1, 0, 1, 0, 19 ]
[ 1, -14, 0, 0, 37, 0, 0, -9, 1 ]
[ 3, -5, 0, -1, 14, 0, -1, 5, 1 ]
[ 2, 0, 1, -3, 5, 0, 0, 1, 4 ]
[ 8, -1, 0, 1, 0, 19, 0, 0, 37 ]
[ 8, -1, 0, 2, 0, 1, 1, 0, 19 ]
[ 1, -14, 0, 0, 1, 4, 0, 0, 37 ]
[ -1, 14, 0, 0, -9, 1, 0, 1, 4 ]
[ 0, 1, 4, -1, 14, 0, 0, 0, 37 ]
[ 1, -5, -1, 0, 1, 4, 0, 0, 37 ]
[ 1, -5, -1, -1, 14, 0, 0, 1, 4 ]
[ 0, 1, 4, -1, 5, 1, 0, 0, 37 ]
[ 3, -5, 0, -1, 5, 1, 0, 1, 4 ]
[ -1, 2, -11, -3, 5, 0, 0, 0, 37 ]
[ 0, -1, -4, 1, -2, 11, 0, 0, 37 ]
[ 0, 1, 4, -3, 5, 0, 1, -2, 11 ]
[ 1, 0, 19, 0, 1, 4, 0, 0, 37 ]
[ 2, 0, 1, 0, 1, 4, 1, 0, 19 ]
[ 1, -2, 11, 0, 1, 4, 0, 0, 37 ]
[ -3, 5, 0, 1, -2, 11, 0, 0, 37 ]
[ 3, -5, 0, 0, 1, 4, 1, -2, 11 ]
[ 37, 0, 0, -10, 1, 0, 2, 0, 1 ]
[ 10, -1, 0, -3, 4, 0, 2, 0, 1 ]
[ 1, 0, 19, -10, 1, 0, 0, 0, 37 ]
[ 2, 0, 1, -10, 1, 0, 1, 0, 19 ]
[ 1, 11, 0, 0, 37, 0, 0, 15, 1 ]
[ 3, -4, 0, 1, 11, 0, -1, 4, 1 ]
[ 2, 0, 1, -3, 4, 0, 0, 1, 5 ]
[ 10, -1, 0, 1, 0, 19, 0, 0, 37 ]
[ 10, -1, 0, 2, 0, 1, 1, 0, 19 ]
[ 1, 11, 0, 0, 15, 1, 0, -7, 2 ]
[ 1, -4, -1, 1, 11, 0, 0, -7, 2 ]
[ 0, 1, 5, -1, 4, 1, 0, 0, 37 ]
[ 3, -4, 0, -1, 4, 1, 0, 1, 5 ]
[ 1, -1, 14, -3, 4, 0, 0, 0, 37 ]
[ 0, -1, -5, 1, -1, 14, 0, 0, 37 ]
[ 0, 1, 5, -3, 4, 0, 1, -1, 14 ]
[ 1, 0, 19, 0, 1, 5, 0, 0, 37 ]
[ 2, 0, 1, 0, 1, 5, 1, 0, 19 ]
[ 1, 11, 0, 0, 1, 5, 0, 0, 37 ]
[ -1, -11, 0, 0, -7, 2, 0, 1, 5 ]
[ 0, -1, -5, 1, 11, 0, 0, 0, 37 ]
[ 0, -7, 2, 1, 11, 0, 0, 1, 5 ]
[ 1, -4, -1, 0, 1, 5, 0, 0, 37 ]
[ -1, 4, 1, 0, -7, 2, 0, 1, 5 ]
[ 1, -1, 14, 0, 1, 5, 0, 0, 37 ]
[ 3, -4, 0, 1, -1, 14, 0, 0, 37 ]
[ 3, -4, 0, 0, 1, 5, 1, -1, 14 ]
[ 37, 0, 0, -12, 1, 0, 2, 0, 1 ]
[ 1, 3, 0, 0, 37, 0, 0, -6, 1 ]
[ 12, -1, 0, 1, 3, 0, 2, 0, 1 ]
[ 1, 0, 19, -12, 1, 0, 0, 0, 37 ]
[ 2, 0, 1, -12, 1, 0, 1, 0, 19 ]
[ 1, 3, 0, 0, 1, 6, 0, 0, 37 ]
[ -1, -3, 0, 0, -6, 1, 0, 1, 6 ]
[ 0, -1, -6, 1, 3, 0, 0, 0, 37 ]
[ 2, 0, 1, 1, 3, 0, 0, 1, 6 ]
[ 12, -1, 0, 1, 0, 19, 0, 0, 37 ]
[ 12, -1, 0, 2, 0, 1, 1, 0, 19 ]
[ 1, 0, 19, 0, 1, 6, 0, 0, 37 ]
[ 2, 0, 1, 0, 1, 6, 1, 0, 19 ]
[ 37, 0, 0, -14, 1, 0, 2, 0, 1 ]
[ 14, -1, 0, -5, 3, 0, 2, 0, 1 ]
[ 1, 0, 19, -14, 1, 0, 0, 0, 37 ]
[ 2, 0, 1, -14, 1, 0, 1, 0, 19 ]
[ 1, -8, 0, 0, 37, 0, 0, 16, 1 ]
[ 5, -3, 0, -1, 8, 0, 2, 0, 1 ]
[ 2, -1, -6, -5, 3, 0, 0, 0, 37 ]
[ 2, 0, 1, -5, 3, 0, -2, 1, 6 ]
[ 14, -1, 0, 1, 0, 19, 0, 0, 37 ]
[ 14, -1, 0, 2, 0, 1, 1, 0, 19 ]
[ 1, -8, 0, 0, 16, 1, 0, -5, 2 ]
[ 2, 0, 1, -1, 8, 0, -1, 3, 2 ]
[ -5, 3, 0, -2, 1, 6, 0, 0, 37 ]
[ 5, -3, 0, 2, 0, 1, -2, 1, 6 ]
[ 1, 0, 19, -2, 1, 6, 0, 0, 37 ]
[ 2, 0, 1, -2, 1, 6, 1, 0, 19 ]
[ 1, -8, 0, 0, 1, 7, 0, 0, 37 ]
[ -1, 8, 0, 0, -5, 2, 0, 1, 7 ]
[ 0, 1, 7, -1, 8, 0, 0, 0, 37 ]
[ 1, -3, -2, 0, 1, 7, 0, 0, 37 ]
[ 1, -3, -2, -1, 8, 0, 0, 1, 7 ]
[ 0, 1, 7, -1, 3, 2, 0, 0, 37 ]
[ 2, 0, 1, -1, 3, 2, 0, 1, 7 ]
[ 2, -1, -6, 1, 0, 19, 0, 0, 37 ]
[ 2, -1, -6, 2, 0, 1, 1, 0, 19 ]
[ 1, 0, 19, 0, 1, 7, 0, 0, 37 ]
[ 2, 0, 1, 0, 1, 7, 1, 0, 19 ]
[ 37, 0, 0, -16, 1, 0, 2, 0, 1 ]
[ 16, -1, 0, 5, 2, 0, 2, 0, 1 ]
[ 1, 0, 19, -16, 1, 0, 0, 0, 37 ]
[ 2, 0, 1, -16, 1, 0, 1, 0, 19 ]
[ 1, -7, 0, 0, 37, 0, 0, 14, 1 ]
[ 5, 2, 0, -1, 7, 0, 2, 0, 1 ]
[ -2, -1, -9, 5, 2, 0, 0, 0, 37 ]
[ 2, 0, 1, 5, 2, 0, 2, 1, 9 ]
[ 16, -1, 0, 1, 0, 19, 0, 0, 37 ]
[ 16, -1, 0, 2, 0, 1, 1, 0, 19 ]
[ 1, -7, 0, 0, 14, 1, 0, 5, 3 ]
[ 2, 0, 1, -1, 7, 0, 1, -2, 3 ]
[ 5, 2, 0, 2, 1, 9, 0, 0, 37 ]
[ -5, -2, 0, 2, 0, 1, 2, 1, 9 ]
[ 1, 0, 19, 2, 1, 9, 0, 0, 37 ]
[ 2, 0, 1, 2, 1, 9, 1, 0, 19 ]
[ 1, -7, 0, 0, 1, 8, 0, 0, 37 ]
[ 1, -7, 0, 0, 5, 3, 0, 1, 8 ]
[ 0, 1, 8, -1, 7, 0, 0, 0, 37 ]
[ 1, -2, 3, 0, 1, 8, 0, 0, 37 ]
[ 1, -2, 3, -1, 7, 0, 0, 1, 8 ]
[ -1, 1, -11, 1, -2, 3, 0, 0, 37 ]
[ -2, 0, -1, 1, -2, 3, 1, -1, 11 ]
[ -2, -1, -9, 1, 0, 19, 0, 0, 37 ]
[ -2, -1, -9, 2, 0, 1, 1, 0, 19 ]
[ -1, 0, -19, 1, -1, 11, 0, 0, 37 ]
[ -2, 0, -1, 1, -1, 11, 1, 0, 19 ]
[ 37, 0, 0, -18, 1, 0, 2, 0, 1 ]
[ 1, 2, 0, 0, 37, 0, 0, -4, 1 ]
[ 18, -1, 0, 1, 2, 0, 2, 0, 1 ]
[ 1, 0, 19, -18, 1, 0, 0, 0, 37 ]
[ 2, 0, 1, -18, 1, 0, 1, 0, 19 ]
[ 1, 2, 0, 0, 1, 9, 0, 0, 37 ]
[ -1, -2, 0, 0, -4, 1, 0, 1, 9 ]
[ 0, -1, -9, 1, 2, 0, 0, 0, 37 ]
[ 2, 0, 1, 1, 2, 0, 0, 1, 9 ]
[ 18, -1, 0, 1, 0, 19, 0, 0, 37 ]
[ 18, -1, 0, 2, 0, 1, 1, 0, 19 ]
[ 1, 0, 19, 0, 1, 9, 0, 0, 37 ]
[ 2, 0, 1, 0, 1, 9, 1, 0, 19 ]
[ 37, 0, 0, 17, 1, 0, 2, 0, 1 ]
[ 17, 1, 0, -3, 2, 0, 2, 0, 1 ]
[ 1, 0, 19, 17, 1, 0, 0, 0, 37 ]
[ 2, 0, 1, 17, 1, 0, 1, 0, 19 ]
[ 1, -13, 0, 0, 37, 0, 0, -11, 1 ]
[ 3, -2, 0, -1, 13, 0, -1, 2, 1 ]
[ 2, -1, -9, -3, 2, 0, 0, 0, 37 ]
[ 2, 0, 1, -3, 2, 0, -2, 1, 9 ]
[ -17, -1, 0, 1, 0, 19, 0, 0, 37 ]
[ -17, -1, 0, 2, 0, 1, 1, 0, 19 ]
[ -1, 13, 0, 0, -11, 1, 0, 4, 3 ]
[ 1, -2, -1, -1, 13, 0, 0, 4, 3 ]
[ 1, -1, 9, -1, 2, 1, 0, 0, 37 ]
[ -3, 2, 0, 1, -1, 9, 0, 0, 37 ]
[ 3, -2, 0, -1, 2, 1, 1, -1, 9 ]
[ 1, 0, 19, -2, 1, 9, 0, 0, 37 ]
[ 2, 0, 1, -2, 1, 9, 1, 0, 19 ]
[ 1, -13, 0, 0, 1, 10, 0, 0, 37 ]
[ 1, -13, 0, 0, 4, 3, 0, 1, 10 ]
[ 0, 1, 10, -1, 13, 0, 0, 0, 37 ]
[ 0, 4, 3, -1, 13, 0, 0, 1, 10 ]
[ 1, -2, -1, 0, 1, 10, 0, 0, 37 ]
[ 1, -2, -1, 0, 4, 3, 0, 1, 10 ]
[ 37, 0, 0, 15, 1, 0, 2, 0, 1 ]
[ 15, 1, 0, -7, 2, 0, 2, 0, 1 ]
[ 1, 0, 19, 15, 1, 0, 0, 0, 37 ]
[ 2, 0, 1, 15, 1, 0, 1, 0, 19 ]
[ 1, 5, 0, 0, 37, 0, 0, -10, 1 ]
[ 7, -2, 0, 1, 5, 0, 2, 0, 1 ]
[ 4, -1, -9, -7, 2, 0, 0, 0, 37 ]
[ 2, 0, 1, -7, 2, 0, -4, 1, 9 ]
[ -15, -1, 0, 1, 0, 19, 0, 0, 37 ]
[ -15, -1, 0, 2, 0, 1, 1, 0, 19 ]
[ -1, -5, 0, 0, -10, 1, 0, -3, 4 ]
[ 2, 0, 1, 1, 5, 0, 1, 2, 4 ]
[ -7, 2, 0, -4, 1, 9, 0, 0, 37 ]
[ 7, -2, 0, 2, 0, 1, -4, 1, 9 ]
[ 1, 0, 19, -4, 1, 9, 0, 0, 37 ]
[ 2, 0, 1, -4, 1, 9, 1, 0, 19 ]
[ 1, 5, 0, 0, 1, 11, 0, 0, 37 ]
[ -1, -5, 0, 0, -3, 4, 0, 1, 11 ]
[ 0, -1, -11, 1, 5, 0, 0, 0, 37 ]
[ 1, 2, 4, 0, 1, 11, 0, 0, 37 ]
[ 1, 2, 4, 1, 5, 0, 0, 1, 11 ]
[ 0, -1, -11, 1, 2, 4, 0, 0, 37 ]
[ 2, 0, 1, 1, 2, 4, 0, 1, 11 ]
[ 4, -1, -9, 1, 0, 19, 0, 0, 37 ]
[ 4, -1, -9, 2, 0, 1, 1, 0, 19 ]
[ 1, 0, 19, 0, 1, 11, 0, 0, 37 ]
[ 2, 0, 1, 0, 1, 11, 1, 0, 19 ]
[ 37, 0, 0, 13, 1, 0, 2, 0, 1 ]
[ 13, 1, 0, 2, 3, 0, 2, 0, 1 ]
[ 1, 0, 19, 13, 1, 0, 0, 0, 37 ]
[ 2, 0, 1, 13, 1, 0, 1, 0, 19 ]
[ 1, 20, 0, 0, 37, 0, 0, -3, 1 ]
[ 2, 3, 0, 1, 20, 0, 0, -3, 1 ]
[ 1, 1, -6, 2, 3, 0, 0, 0, 37 ]
[ 2, 0, 1, 2, 3, 0, -1, -1, 6 ]
[ -13, -1, 0, 1, 0, 19, 0, 0, 37 ]
[ -13, -1, 0, 2, 0, 1, 1, 0, 19 ]
[ 1, 20, 0, 0, 1, 12, 0, 0, 37 ]
[ -1, -20, 0, 0, -3, 1, 0, 1, 12 ]
[ 0, -1, -12, 1, 20, 0, 0, 0, 37 ]
[ 0, -3, 1, 1, 20, 0, 0, 1, 12 ]
[ 2, 3, 0, 1, 2, 6, 0, 0, 37 ]
[ -2, -3, 0, 0, -3, 1, 1, 2, 6 ]
[ -1, 0, -19, -1, -1, 6, 0, 0, 37 ]
[ -2, 0, -1, -1, -1, 6, 1, 0, 19 ]
[ 1, 2, 6, 0, 1, 12, 0, 0, 37 ]
[ -1, -2, -6, 0, -3, 1, 0, 1, 12 ]
[ 37, 0, 0, 11, 1, 0, 2, 0, 1 ]
[ 11, 1, 0, -4, 3, 0, 2, 0, 1 ]
[ 1, 0, 19, 11, 1, 0, 0, 0, 37 ]
[ 2, 0, 1, 11, 1, 0, 1, 0, 19 ]
[ 1, -10, 0, 0, 37, 0, 0, -17, 1 ]
[ 4, -3, 0, -1, 10, 0, -2, 3, 1 ]
[ -1, 1, -6, -4, 3, 0, 0, 0, 37 ]
[ 2, 0, 1, -4, 3, 0, 1, -1, 6 ]
[ -11, -1, 0, 1, 0, 19, 0, 0, 37 ]
[ -11, -1, 0, 2, 0, 1, 1, 0, 19 ]
[ -1, 10, 0, 0, -17, 1, 0, 3, 2 ]
[ 2, -3, -1, -1, 10, 0, 0, 3, 2 ]
[ 1, -1, 6, -2, 3, 1, 0, 0, 37 ]
[ -4, 3, 0, 1, -1, 6, 0, 0, 37 ]
[ 4, -3, 0, -2, 3, 1, 1, -1, 6 ]
[ -1, 0, -19, 1, -1, 6, 0, 0, 37 ]
[ -2, 0, -1, 1, -1, 6, 1, 0, 19 ]
[ 1, -10, 0, 0, 1, 13, 0, 0, 37 ]
[ 1, -10, 0, 0, 3, 2, 0, 1, 13 ]
[ 0, 1, 13, -1, 10, 0, 0, 0, 37 ]
[ 0, 3, 2, -1, 10, 0, 0, 1, 13 ]
[ 2, -3, -1, -1, 2, 7, 0, 0, 37 ]
[ 2, -3, -1, 0, 3, 2, -1, 2, 7 ]
[ 1, -2, -7, 0, 1, 13, 0, 0, 37 ]
[ 1, -2, -7, 0, 3, 2, 0, 1, 13 ]
[ 37, 0, 0, 9, 1, 0, 2, 0, 1 ]
[ 1, -4, 0, 0, 37, 0, 0, 8, 1 ]
[ 9, 1, 0, -1, 4, 0, 2, 0, 1 ]
[ 1, 0, 19, 9, 1, 0, 0, 0, 37 ]
[ 2, 0, 1, 9, 1, 0, 1, 0, 19 ]
[ 1, -4, 0, 0, 8, 1, 0, 3, 5 ]
[ 2, 0, 1, -1, 4, 0, 1, -1, 5 ]
[ -9, -1, 0, 1, 0, 19, 0, 0, 37 ]
[ -9, -1, 0, 2, 0, 1, 1, 0, 19 ]
[ 1, -4, 0, 0, 1, 14, 0, 0, 37 ]
[ 1, -4, 0, 0, 3, 5, 0, 1, 14 ]
[ 0, 1, 14, -1, 4, 0, 0, 0, 37 ]
[ 1, -1, 5, 0, 1, 14, 0, 0, 37 ]
[ 1, -1, 5, -1, 4, 0, 0, 1, 14 ]
[ -1, 0, -19, 1, -1, 5, 0, 0, 37 ]
[ -2, 0, -1, 1, -1, 5, 1, 0, 19 ]
[ 37, 0, 0, 7, 1, 0, 2, 0, 1 ]
[ 7, 1, 0, -2, 5, 0, 2, 0, 1 ]
[ 1, 0, 19, 7, 1, 0, 0, 0, 37 ]
[ 2, 0, 1, 7, 1, 0, 1, 0, 19 ]
[ 1, -21, 0, 0, 37, 0, 0, 5, 1 ]
[ 2, -5, 0, -1, 21, 0, 0, 5, 1 ]
[ 2, 0, 1, -2, 5, 0, 1, -1, 4 ]
[ -7, -1, 0, 1, 0, 19, 0, 0, 37 ]
[ -7, -1, 0, 2, 0, 1, 1, 0, 19 ]
[ 1, -21, 0, 0, 5, 1, 0, -2, 7 ]
[ 0, 5, 1, -1, 21, 0, 0, -2, 7 ]
[ 2, -5, 0, 0, 5, 1, -1, 4, 4 ]
[ 1, -2, -11, -2, 5, 0, 0, 0, 37 ]
[ 1, -1, 4, -1, 2, 11, 0, 0, 37 ]
[ 1, -1, 4, -2, 5, 0, -1, 2, 11 ]
[ -1, 0, -19, 1, -1, 4, 0, 0, 37 ]
[ -2, 0, -1, 1, -1, 4, 1, 0, 19 ]
[ -1, 21, 0, 0, -1, 22, 0, 0, 37 ]
[ -1, 21, 0, 0, -2, 7, 0, -1, 22 ]
[ 0, 1, -22, -1, 21, 0, 0, 0, 37 ]
[ 0, 2, -7, -1, 21, 0, 0, -1, 22 ]
[ 1, -4, -4, 0, 5, 1, 0, -2, 7 ]
[ 1, -3, 11, -1, 4, 4, 0, 0, 37 ]
[ -2, 5, 0, 1, -3, 11, 0, 0, 37 ]
[ 2, -5, 0, -1, 4, 4, 1, -3, 11 ]
[ -1, 4, 4, 0, -1, 22, 0, 0, 37 ]
[ -1, 4, 4, 0, -2, 7, 0, -1, 22 ]
[ 37, 0, 0, 5, 1, 0, 2, 0, 1 ]
[ 5, 1, 0, -2, 7, 0, 2, 0, 1 ]
[ 1, 0, 19, 5, 1, 0, 0, 0, 37 ]
[ 2, 0, 1, 5, 1, 0, 1, 0, 19 ]
[ 1, -22, 0, 0, 37, 0, 0, 7, 1 ]
[ 2, -7, 0, -1, 22, 0, 0, 7, 1 ]
[ 2, 0, 1, -2, 7, 0, 1, -1, 3 ]
[ -5, -1, 0, 1, 0, 19, 0, 0, 37 ]
[ -5, -1, 0, 2, 0, 1, 1, 0, 19 ]
[ 1, -22, 0, 0, 7, 1, 0, -2, 5 ]
[ 0, 7, 1, -1, 22, 0, 0, -2, 5 ]
[ 2, -7, 0, 0, 7, 1, -1, 6, 3 ]
[ 1, -3, 8, -2, 7, 0, 0, 0, 37 ]
[ 1, -1, 3, -2, 7, 0, 1, -3, 8 ]
[ -1, 0, -19, 1, -1, 3, 0, 0, 37 ]
[ -2, 0, -1, 1, -1, 3, 1, 0, 19 ]
[ -1, 22, 0, 0, -1, 21, 0, 0, 37 ]
[ -1, 22, 0, 0, -2, 5, 0, -1, 21 ]
[ 0, 1, -21, -1, 22, 0, 0, 0, 37 ]
[ 0, 2, -5, -1, 22, 0, 0, -1, 21 ]
[ 1, -6, -3, 0, 7, 1, 0, -2, 5 ]
[ 2, -7, 0, -1, 4, 8, 0, 0, 37 ]
[ 2, -7, 0, -1, 6, 3, -1, 4, 8 ]
[ -1, 2, -24, 1, -3, 8, 0, 0, 37 ]
[ -1, 1, -3, 1, -2, 24, 0, 0, 37 ]
[ -1, 1, -3, 1, -3, 8, 1, -2, 24 ]
[ -1, 6, 3, 0, -1, 21, 0, 0, 37 ]
[ -1, 6, 3, 0, -2, 5, 0, -1, 21 ]
[ 1, -5, -24, -1, 6, 3, 0, 0, 37 ]
[ 1, -4, -8, -1, 5, 24, 0, 0, 37 ]
[ 1, -4, -8, -1, 6, 3, -1, 5, 24 ]
[ 37, 0, 0, 3, 1, 0, 2, 0, 1 ]
[ 1, -12, 0, 0, 37, 0, 0, -13, 1 ]
[ 3, 1, 0, -1, 12, 0, -1, -1, 1 ]
[ 1, 0, 19, 3, 1, 0, 0, 0, 37 ]
[ 2, 0, 1, 3, 1, 0, 1, 0, 19 ]
[ -1, 12, 0, 0, -13, 1, 0, -2, 3 ]
[ 1, 1, -1, -1, 12, 0, 0, -2, 3 ]
[ -1, 0, -19, -1, -1, 1, 0, 0, 37 ]
[ -3, -1, 0, 1, 0, 19, 0, 0, 37 ]
[ -3, -1, 0, -1, -1, 1, 1, 0, 19 ]
[ -1, 12, 0, 0, -1, 20, 0, 0, 37 ]
[ -1, 12, 0, 0, -2, 3, 0, -1, 20 ]
[ 0, 1, -20, -1, 12, 0, 0, 0, 37 ]
[ 0, 2, -3, -1, 12, 0, 0, -1, 20 ]
[ -1, -1, 1, 0, -1, 20, 0, 0, 37 ]
[ -1, -1, 1, 0, -2, 3, 0, -1, 20 ]
[ 1, 1, 0, 0, 37, 0, 0, -2, 1 ]
[ 37, 0, 0, 1, 1, 0, 2, 0, 1 ]
[ -1, -1, 0, 0, -1, 19, 0, 0, 37 ]
[ -1, -1, 0, 0, -2, 1, 0, -1, 19 ]
[ 1, 0, 19, 1, 1, 0, 0, 0, 37 ]
[ 2, 0, 1, 1, 1, 0, 1, 0, 19 ]
[ 1, -1, 0, 0, 37, 0, 0, 2, 1 ]
[ 37, 0, 0, -1, 1, 0, 2, 0, 1 ]
[ 1, -1, 0, 0, 1, 19, 0, 0, 37 ]
[ 1, -1, 0, 0, 2, 1, 0, 1, 19 ]
[ 1, 0, 19, -1, 1, 0, 0, 0, 37 ]
[ 2, 0, 1, -1, 1, 0, 1, 0, 19 ]
[ 37, 0, 0, -3, 1, 0, 2, 0, 1 ]
[ 1, 12, 0, 0, 37, 0, 0, 13, 1 ]
[ 3, -1, 0, 1, 12, 0, -1, 1, 1 ]
[ 1, 0, 19, -3, 1, 0, 0, 0, 37 ]
[ 2, 0, 1, -3, 1, 0, 1, 0, 19 ]
[ 1, 12, 0, 0, 13, 1, 0, 2, 3 ]
[ 1, -1, -1, 1, 12, 0, 0, 2, 3 ]
[ 2, -1, -19, -1, 1, 1, 0, 0, 37 ]
[ 3, -1, 0, -2, 1, 19, 0, 0, 37 ]
[ 3, -1, 0, -1, 1, 1, -2, 1, 19 ]
[ 1, 12, 0, 0, 1, 20, 0, 0, 37 ]
[ 1, 12, 0, 0, 2, 3, 0, 1, 20 ]
[ 0, -1, -20, 1, 12, 0, 0, 0, 37 ]
[ 0, -2, -3, 1, 12, 0, 0, 1, 20 ]
[ 1, -1, -1, 0, 1, 20, 0, 0, 37 ]
[ 1, -1, -1, 0, 2, 3, 0, 1, 20 ]
[ 37, 0, 0, -5, 1, 0, 2, 0, 1 ]
[ 5, -1, 0, 2, 7, 0, 2, 0, 1 ]
[ 1, 0, 19, -5, 1, 0, 0, 0, 37 ]
[ 2, 0, 1, -5, 1, 0, 1, 0, 19 ]
[ 1, 22, 0, 0, 37, 0, 0, -7, 1 ]
[ 2, 7, 0, 1, 22, 0, 0, -7, 1 ]
[ 2, 0, 1, 2, 7, 0, 1, 1, 3 ]
[ 5, -1, 0, 1, 0, 19, 0, 0, 37 ]
[ 5, -1, 0, 2, 0, 1, 1, 0, 19 ]
[ -1, -22, 0, 0, -7, 1, 0, 2, 5 ]
[ 0, -7, 1, 1, 22, 0, 0, 2, 5 ]
[ -2, -7, 0, 0, -7, 1, 1, 1, 3 ]
[ 1, 3, 8, 2, 7, 0, 0, 0, 37 ]
[ 1, 1, 3, 2, 7, 0, 1, 3, 8 ]
[ 1, 0, 19, 1, 1, 3, 0, 0, 37 ]
[ 2, 0, 1, 1, 1, 3, 1, 0, 19 ]
[ 1, 22, 0, 0, 1, 21, 0, 0, 37 ]
[ 1, 22, 0, 0, 2, 5, 0, 1, 21 ]
[ 0, -1, -21, 1, 22, 0, 0, 0, 37 ]
[ 0, -2, -5, 1, 22, 0, 0, 1, 21 ]
[ -1, -1, -3, 0, -7, 1, 0, 2, 5 ]
[ -2, -7, 0, 1, 3, 8, 0, 0, 37 ]
[ -2, -7, 0, 1, 1, 3, 1, 3, 8 ]
[ 1, 2, 24, 1, 3, 8, 0, 0, 37 ]
[ 1, 1, 3, 1, 2, 24, 0, 0, 37 ]
[ 1, 1, 3, 1, 3, 8, 1, 2, 24 ]
[ 1, 1, 3, 0, 1, 21, 0, 0, 37 ]
[ 1, 1, 3, 0, 2, 5, 0, 1, 21 ]
[ -1, -2, -24, 1, 1, 3, 0, 0, 37 ]
[ -1, -3, -8, 1, 2, 24, 0, 0, 37 ]
[ -1, -3, -8, 1, 1, 3, 1, 2, 24 ]
[ 37, 0, 0, -7, 1, 0, 2, 0, 1 ]
[ 7, -1, 0, 2, 5, 0, 2, 0, 1 ]
[ 1, 0, 19, -7, 1, 0, 0, 0, 37 ]
[ 2, 0, 1, -7, 1, 0, 1, 0, 19 ]
[ 1, 21, 0, 0, 37, 0, 0, -5, 1 ]
[ 2, 5, 0, 1, 21, 0, 0, -5, 1 ]
[ 2, 0, 1, 2, 5, 0, 1, 1, 4 ]
[ 7, -1, 0, 1, 0, 19, 0, 0, 37 ]
[ 7, -1, 0, 2, 0, 1, 1, 0, 19 ]
[ -1, -21, 0, 0, -5, 1, 0, 2, 7 ]
[ 0, -5, 1, 1, 21, 0, 0, 2, 7 ]
[ -2, -5, 0, 0, -5, 1, 1, 1, 4 ]
[ 1, 2, -11, 2, 5, 0, 0, 0, 37 ]
[ -1, -1, -4, -1, -2, 11, 0, 0, 37 ]
[ 1, 1, 4, 2, 5, 0, -1, -2, 11 ]
[ 1, 0, 19, 1, 1, 4, 0, 0, 37 ]
[ 2, 0, 1, 1, 1, 4, 1, 0, 19 ]
[ 1, 21, 0, 0, 1, 22, 0, 0, 37 ]
[ 1, 21, 0, 0, 2, 7, 0, 1, 22 ]
[ 0, -1, -22, 1, 21, 0, 0, 0, 37 ]
[ 0, -2, -7, 1, 21, 0, 0, 1, 22 ]
[ -1, -1, -4, 0, -5, 1, 0, 2, 7 ]
[ -1, -2, 11, 1, 1, 4, 0, 0, 37 ]
[ 2, 5, 0, -1, -2, 11, 0, 0, 37 ]
[ -2, -5, 0, 1, 1, 4, -1, -2, 11 ]
[ 1, 1, 4, 0, 1, 22, 0, 0, 37 ]
[ 1, 1, 4, 0, 2, 7, 0, 1, 22 ]
[ 37, 0, 0, -9, 1, 0, 2, 0, 1 ]
[ 1, 4, 0, 0, 37, 0, 0, -8, 1 ]
[ 9, -1, 0, 1, 4, 0, 2, 0, 1 ]
[ 1, 0, 19, -9, 1, 0, 0, 0, 37 ]
[ 2, 0, 1, -9, 1, 0, 1, 0, 19 ]
[ -1, -4, 0, 0, -8, 1, 0, -3, 5 ]
[ 2, 0, 1, 1, 4, 0, 1, 1, 5 ]
[ 9, -1, 0, 1, 0, 19, 0, 0, 37 ]
[ 9, -1, 0, 2, 0, 1, 1, 0, 19 ]
[ -1, -4, 0, 0, -1, 14, 0, 0, 37 ]
[ -1, -4, 0, 0, -3, 5, 0, -1, 14 ]
[ 0, -1, 14, 1, 4, 0, 0, 0, 37 ]
[ -1, -1, -5, 0, -1, 14, 0, 0, 37 ]
[ 1, 1, 5, 1, 4, 0, 0, -1, 14 ]
[ 1, 0, 19, 1, 1, 5, 0, 0, 37 ]
[ 2, 0, 1, 1, 1, 5, 1, 0, 19 ]
[ 37, 0, 0, -11, 1, 0, 2, 0, 1 ]
[ 11, -1, 0, 4, 3, 0, 2, 0, 1 ]
[ 1, 0, 19, -11, 1, 0, 0, 0, 37 ]
[ 2, 0, 1, -11, 1, 0, 1, 0, 19 ]
[ 1, 10, 0, 0, 37, 0, 0, 17, 1 ]
[ 4, 3, 0, 1, 10, 0, -2, -3, 1 ]
[ -1, -1, -6, 4, 3, 0, 0, 0, 37 ]
[ 2, 0, 1, 4, 3, 0, 1, 1, 6 ]
[ 11, -1, 0, 1, 0, 19, 0, 0, 37 ]
[ 11, -1, 0, 2, 0, 1, 1, 0, 19 ]
[ 1, 10, 0, 0, 17, 1, 0, -3, 2 ]
[ 2, 3, -1, 1, 10, 0, 0, -3, 2 ]
[ -1, -1, -6, -2, -3, 1, 0, 0, 37 ]
[ 4, 3, 0, 1, 1, 6, 0, 0, 37 ]
[ -4, -3, 0, -2, -3, 1, 1, 1, 6 ]
[ 1, 0, 19, 1, 1, 6, 0, 0, 37 ]
[ 2, 0, 1, 1, 1, 6, 1, 0, 19 ]
[ -1, -10, 0, 0, -1, 13, 0, 0, 37 ]
[ -1, -10, 0, 0, -3, 2, 0, -1, 13 ]
[ 0, -1, 13, 1, 10, 0, 0, 0, 37 ]
[ 0, -3, 2, 1, 10, 0, 0, -1, 13 ]
[ -2, -3, 1, -1, -2, 7, 0, 0, 37 ]
[ -2, -3, 1, 0, -3, 2, -1, -2, 7 ]
[ -1, -2, 7, 0, -1, 13, 0, 0, 37 ]
[ -1, -2, 7, 0, -3, 2, 0, -1, 13 ]
[ 37, 0, 0, -13, 1, 0, 2, 0, 1 ]
[ 13, -1, 0, -2, 3, 0, 2, 0, 1 ]
[ 1, 0, 19, -13, 1, 0, 0, 0, 37 ]
[ 2, 0, 1, -13, 1, 0, 1, 0, 19 ]
[ 1, -20, 0, 0, 37, 0, 0, 3, 1 ]
[ 2, -3, 0, -1, 20, 0, 0, 3, 1 ]
[ 1, -1, -6, -2, 3, 0, 0, 0, 37 ]
[ 2, 0, 1, -2, 3, 0, -1, 1, 6 ]
[ 13, -1, 0, 1, 0, 19, 0, 0, 37 ]
[ 13, -1, 0, 2, 0, 1, 1, 0, 19 ]
[ -1, 20, 0, 0, -1, 12, 0, 0, 37 ]
[ 1, -20, 0, 0, 3, 1, 0, -1, 12 ]
[ 0, 1, -12, -1, 20, 0, 0, 0, 37 ]
[ 0, 3, 1, -1, 20, 0, 0, -1, 12 ]
[ -2, 3, 0, -1, 1, 6, 0, 0, 37 ]
[ 2, -3, 0, 0, 3, 1, -1, 1, 6 ]
[ 1, 0, 19, -1, 1, 6, 0, 0, 37 ]
[ 2, 0, 1, -1, 1, 6, 1, 0, 19 ]
[ -1, 1, 6, 0, -1, 12, 0, 0, 37 ]
[ 1, -1, -6, 0, 3, 1, 0, -1, 12 ]
[ 37, 0, 0, -15, 1, 0, 2, 0, 1 ]
[ 15, -1, 0, 7, 2, 0, 2, 0, 1 ]
[ 1, 0, 19, -15, 1, 0, 0, 0, 37 ]
[ 2, 0, 1, -15, 1, 0, 1, 0, 19 ]
[ 1, -5, 0, 0, 37, 0, 0, 10, 1 ]
[ 7, 2, 0, -1, 5, 0, 2, 0, 1 ]
[ -3, -1, -9, 7, 2, 0, 0, 0, 37 ]
[ 2, 0, 1, 7, 2, 0, 3, 1, 9 ]
[ 15, -1, 0, 1, 0, 19, 0, 0, 37 ]
[ 15, -1, 0, 2, 0, 1, 1, 0, 19 ]
[ 1, -5, 0, 0, 10, 1, 0, 3, 4 ]
[ 2, 0, 1, -1, 5, 0, 1, -2, 4 ]
[ 7, 2, 0, 3, 1, 9, 0, 0, 37 ]
[ -7, -2, 0, 2, 0, 1, 3, 1, 9 ]
[ 1, 0, 19, 3, 1, 9, 0, 0, 37 ]
[ 2, 0, 1, 3, 1, 9, 1, 0, 19 ]
[ -1, 5, 0, 0, -1, 11, 0, 0, 37 ]
[ 1, -5, 0, 0, 3, 4, 0, -1, 11 ]
[ 0, 1, -11, -1, 5, 0, 0, 0, 37 ]
[ -1, 2, -4, 0, -1, 11, 0, 0, 37 ]
[ 1, -2, 4, -1, 5, 0, 0, -1, 11 ]
[ 0, -1, 11, 1, -2, 4, 0, 0, 37 ]
[ -2, 0, -1, 1, -2, 4, 0, -1, 11 ]
[ -3, -1, -9, 1, 0, 19, 0, 0, 37 ]
[ -3, -1, -9, 2, 0, 1, 1, 0, 19 ]
[ -1, 0, -19, 0, -1, 11, 0, 0, 37 ]
[ -2, 0, -1, 0, -1, 11, 1, 0, 19 ]
[ 37, 0, 0, -17, 1, 0, 2, 0, 1 ]
[ 17, -1, 0, 3, 2, 0, 2, 0, 1 ]
[ 1, 0, 19, -17, 1, 0, 0, 0, 37 ]
[ 2, 0, 1, -17, 1, 0, 1, 0, 19 ]
[ 1, 13, 0, 0, 37, 0, 0, 11, 1 ]
[ 3, 2, 0, 1, 13, 0, -1, -2, 1 ]
[ -1, -1, -9, 3, 2, 0, 0, 0, 37 ]
[ 2, 0, 1, 3, 2, 0, 1, 1, 9 ]
[ 17, -1, 0, 1, 0, 19, 0, 0, 37 ]
[ 17, -1, 0, 2, 0, 1, 1, 0, 19 ]
[ 1, 13, 0, 0, 11, 1, 0, -4, 3 ]
[ 1, 2, -1, 1, 13, 0, 0, -4, 3 ]
[ -1, -1, -9, -1, -2, 1, 0, 0, 37 ]
[ 3, 2, 0, 1, 1, 9, 0, 0, 37 ]
[ -3, -2, 0, -1, -2, 1, 1, 1, 9 ]
[ 1, 0, 19, 1, 1, 9, 0, 0, 37 ]
[ 2, 0, 1, 1, 1, 9, 1, 0, 19 ]
[ -1, -13, 0, 0, -1, 10, 0, 0, 37 ]
[ -1, -13, 0, 0, -4, 3, 0, -1, 10 ]
[ 0, -1, 10, 1, 13, 0, 0, 0, 37 ]
[ 0, -4, 3, 1, 13, 0, 0, -1, 10 ]
[ -1, -2, 1, 0, -1, 10, 0, 0, 37 ]
[ -1, -2, 1, 0, -4, 3, 0, -1, 10 ]
[ 37, 0, 0, 18, 1, 0, 2, 0, 1 ]
[ 1, -2, 0, 0, 37, 0, 0, 4, 1 ]
[ 18, 1, 0, -1, 2, 0, 2, 0, 1 ]
[ 1, 0, 19, 18, 1, 0, 0, 0, 37 ]
[ 2, 0, 1, 18, 1, 0, 1, 0, 19 ]
[ -1, 2, 0, 0, -1, 9, 0, 0, 37 ]
[ 1, -2, 0, 0, 4, 1, 0, -1, 9 ]
[ 1, -1, -9, -1, 2, 0, 0, 0, 37 ]
[ 2, 0, 1, -1, 2, 0, -1, 1, 9 ]
[ -18, -1, 0, 1, 0, 19, 0, 0, 37 ]
[ -18, -1, 0, 2, 0, 1, 1, 0, 19 ]
[ 1, 0, 19, -1, 1, 9, 0, 0, 37 ]
[ 2, 0, 1, -1, 1, 9, 1, 0, 19 ]
[ 37, 0, 0, 16, 1, 0, 2, 0, 1 ]
[ 16, 1, 0, -5, 2, 0, 2, 0, 1 ]
[ 1, 0, 19, 16, 1, 0, 0, 0, 37 ]
[ 2, 0, 1, 16, 1, 0, 1, 0, 19 ]
[ 1, 7, 0, 0, 37, 0, 0, -14, 1 ]
[ 5, -2, 0, 1, 7, 0, 2, 0, 1 ]
[ 3, -1, -9, -5, 2, 0, 0, 0, 37 ]
[ 2, 0, 1, -5, 2, 0, -3, 1, 9 ]
[ -16, -1, 0, 1, 0, 19, 0, 0, 37 ]
[ -16, -1, 0, 2, 0, 1, 1, 0, 19 ]
[ -1, -7, 0, 0, -14, 1, 0, -5, 3 ]
[ 2, 0, 1, 1, 7, 0, 1, 2, 3 ]
[ -5, 2, 0, -3, 1, 9, 0, 0, 37 ]
[ 5, -2, 0, 2, 0, 1, -3, 1, 9 ]
[ 1, 0, 19, -3, 1, 9, 0, 0, 37 ]
[ 2, 0, 1, -3, 1, 9, 1, 0, 19 ]
[ -1, -7, 0, 0, -1, 8, 0, 0, 37 ]
[ -1, -7, 0, 0, -5, 3, 0, -1, 8 ]
[ 0, -1, 8, 1, 7, 0, 0, 0, 37 ]
[ -1, -2, -3, 0, -1, 8, 0, 0, 37 ]
[ 1, 2, 3, 1, 7, 0, 0, -1, 8 ]
[ 1, 1, 11, 1, 2, 3, 0, 0, 37 ]
[ 2, 0, 1, 1, 2, 3, 1, 1, 11 ]
[ 3, -1, -9, 1, 0, 19, 0, 0, 37 ]
[ 3, -1, -9, 2, 0, 1, 1, 0, 19 ]
[ 1, 0, 19, 1, 1, 11, 0, 0, 37 ]
[ 2, 0, 1, 1, 1, 11, 1, 0, 19 ]
[ 37, 0, 0, 14, 1, 0, 2, 0, 1 ]
[ 14, 1, 0, 5, 3, 0, 2, 0, 1 ]
[ 1, 0, 19, 14, 1, 0, 0, 0, 37 ]
[ 2, 0, 1, 14, 1, 0, 1, 0, 19 ]
[ 1, 8, 0, 0, 37, 0, 0, -16, 1 ]
[ 5, 3, 0, 1, 8, 0, 2, 0, 1 ]
[ 2, 1, -6, 5, 3, 0, 0, 0, 37 ]
[ 2, 0, 1, 5, 3, 0, -2, -1, 6 ]
[ -14, -1, 0, 1, 0, 19, 0, 0, 37 ]
[ -14, -1, 0, 2, 0, 1, 1, 0, 19 ]
[ -1, -8, 0, 0, -16, 1, 0, 5, 2 ]
[ 2, 0, 1, 1, 8, 0, -1, -3, 2 ]
[ 5, 3, 0, -2, -1, 6, 0, 0, 37 ]
[ -5, -3, 0, 2, 0, 1, -2, -1, 6 ]
[ -1, 0, -19, -2, -1, 6, 0, 0, 37 ]
[ -2, 0, -1, -2, -1, 6, 1, 0, 19 ]
[ -1, -8, 0, 0, -1, 7, 0, 0, 37 ]
[ 1, 8, 0, 0, 5, 2, 0, -1, 7 ]
[ 0, -1, 7, 1, 8, 0, 0, 0, 37 ]
[ -1, -3, 2, 0, -1, 7, 0, 0, 37 ]
[ 1, 3, -2, 1, 8, 0, 0, -1, 7 ]
[ 0, 1, -7, -1, -3, 2, 0, 0, 37 ]
[ -2, 0, -1, -1, -3, 2, 0, -1, 7 ]
[ -2, -1, 6, 1, 0, 19, 0, 0, 37 ]
[ -2, -1, 6, 2, 0, 1, 1, 0, 19 ]
[ -1, 0, -19, 0, -1, 7, 0, 0, 37 ]
[ -2, 0, -1, 0, -1, 7, 1, 0, 19 ]
[ 37, 0, 0, 12, 1, 0, 2, 0, 1 ]
[ 1, -3, 0, 0, 37, 0, 0, 6, 1 ]
[ 12, 1, 0, -1, 3, 0, 2, 0, 1 ]
[ 1, 0, 19, 12, 1, 0, 0, 0, 37 ]
[ 2, 0, 1, 12, 1, 0, 1, 0, 19 ]
[ -1, 3, 0, 0, -1, 6, 0, 0, 37 ]
[ 1, -3, 0, 0, 6, 1, 0, -1, 6 ]
[ 0, 1, -6, -1, 3, 0, 0, 0, 37 ]
[ 2, 0, 1, -1, 3, 0, 0, -1, 6 ]
[ -12, -1, 0, 1, 0, 19, 0, 0, 37 ]
[ -12, -1, 0, 2, 0, 1, 1, 0, 19 ]
[ -1, 0, -19, 0, -1, 6, 0, 0, 37 ]
[ -2, 0, -1, 0, -1, 6, 1, 0, 19 ]
[ 37, 0, 0, 10, 1, 0, 2, 0, 1 ]
[ 10, 1, 0, 3, 4, 0, 2, 0, 1 ]
[ 1, 0, 19, 10, 1, 0, 0, 0, 37 ]
[ 2, 0, 1, 10, 1, 0, 1, 0, 19 ]
[ 1, -11, 0, 0, 37, 0, 0, -15, 1 ]
[ 3, 4, 0, -1, 11, 0, -1, -4, 1 ]
[ 2, 0, 1, 3, 4, 0, 0, -1, 5 ]
[ -10, -1, 0, 1, 0, 19, 0, 0, 37 ]
[ -10, -1, 0, 2, 0, 1, 1, 0, 19 ]
[ -1, 11, 0, 0, -15, 1, 0, 7, 2 ]
[ 1, 4, -1, -1, 11, 0, 0, 7, 2 ]
[ 0, 1, -5, -1, -4, 1, 0, 0, 37 ]
[ -3, -4, 0, -1, -4, 1, 0, -1, 5 ]
[ 1, 1, 14, 3, 4, 0, 0, 0, 37 ]
[ 0, -1, 5, 1, 1, 14, 0, 0, 37 ]
[ 0, -1, 5, 3, 4, 0, 1, 1, 14 ]
[ -1, 0, -19, 0, -1, 5, 0, 0, 37 ]
[ -2, 0, -1, 0, -1, 5, 1, 0, 19 ]
[ -1, 11, 0, 0, -1, 5, 0, 0, 37 ]
[ 1, -11, 0, 0, 7, 2, 0, -1, 5 ]
[ 0, 1, -5, -1, 11, 0, 0, 0, 37 ]
[ 0, 7, 2, -1, 11, 0, 0, -1, 5 ]
[ -1, -4, 1, 0, -1, 5, 0, 0, 37 ]
[ 1, 4, -1, 0, 7, 2, 0, -1, 5 ]
[ -1, -1, -14, 0, -1, 5, 0, 0, 37 ]
[ -3, -4, 0, 1, 1, 14, 0, 0, 37 ]
[ -3, -4, 0, 0, -1, 5, 1, 1, 14 ]
[ 37, 0, 0, 8, 1, 0, 2, 0, 1 ]
[ 8, 1, 0, 3, 5, 0, 2, 0, 1 ]
[ 1, 0, 19, 8, 1, 0, 0, 0, 37 ]
[ 2, 0, 1, 8, 1, 0, 1, 0, 19 ]
[ 1, 14, 0, 0, 37, 0, 0, 9, 1 ]
[ 3, 5, 0, 1, 14, 0, -1, -5, 1 ]
[ 2, 0, 1, 3, 5, 0, 0, -1, 4 ]
[ -8, -1, 0, 1, 0, 19, 0, 0, 37 ]
[ -8, -1, 0, 2, 0, 1, 1, 0, 19 ]
[ -1, -14, 0, 0, -1, 4, 0, 0, 37 ]
[ 1, 14, 0, 0, 9, 1, 0, -1, 4 ]
[ 0, -1, 4, 1, 14, 0, 0, 0, 37 ]
[ -1, -5, 1, 0, -1, 4, 0, 0, 37 ]
[ 1, 5, -1, 1, 14, 0, 0, -1, 4 ]
[ 0, 1, -4, -1, -5, 1, 0, 0, 37 ]
[ -3, -5, 0, -1, -5, 1, 0, -1, 4 ]
[ -1, -2, -11, 3, 5, 0, 0, 0, 37 ]
[ 0, -1, 4, 1, 2, 11, 0, 0, 37 ]
[ 0, -1, 4, 3, 5, 0, 1, 2, 11 ]
[ -1, 0, -19, 0, -1, 4, 0, 0, 37 ]
[ -2, 0, -1, 0, -1, 4, 1, 0, 19 ]
[ -1, -2, -11, 0, -1, 4, 0, 0, 37 ]
[ 3, 5, 0, 1, 2, 11, 0, 0, 37 ]
[ -3, -5, 0, 0, -1, 4, 1, 2, 11 ]
[ 37, 0, 0, 6, 1, 0, 2, 0, 1 ]
[ 1, -6, 0, 0, 37, 0, 0, 12, 1 ]
[ 6, 1, 0, -1, 6, 0, 2, 0, 1 ]
[ 1, 0, 19, 6, 1, 0, 0, 0, 37 ]
[ 2, 0, 1, 6, 1, 0, 1, 0, 19 ]
[ -1, 6, 0, 0, -1, 3, 0, 0, 37 ]
[ 1, -6, 0, 0, 12, 1, 0, -1, 3 ]
[ 0, 1, -3, -1, 6, 0, 0, 0, 37 ]
[ 2, 0, 1, -1, 6, 0, 0, -1, 3 ]
[ -6, -1, 0, 1, 0, 19, 0, 0, 37 ]
[ -6, -1, 0, 2, 0, 1, 1, 0, 19 ]
[ -1, 0, -19, 0, -1, 3, 0, 0, 37 ]
[ -2, 0, -1, 0, -1, 3, 1, 0, 19 ]
[ 37, 0, 0, 4, 1, 0, 2, 0, 1 ]
[ 1, -9, 0, 0, 37, 0, 0, 18, 1 ]
[ 4, 1, 0, -1, 9, 0, 2, 0, 1 ]
[ 1, 0, 19, 4, 1, 0, 0, 0, 37 ]
[ 2, 0, 1, 4, 1, 0, 1, 0, 19 ]
[ -1, 9, 0, 0, -1, 2, 0, 0, 37 ]
[ 1, -9, 0, 0, 18, 1, 0, -1, 2 ]
[ 0, 1, -2, -1, 9, 0, 0, 0, 37 ]
[ 2, 0, 1, -1, 9, 0, 0, -1, 2 ]
[ -4, -1, 0, 1, 0, 19, 0, 0, 37 ]
[ -4, -1, 0, 2, 0, 1, 1, 0, 19 ]
[ -1, 0, -19, 0, -1, 2, 0, 0, 37 ]
[ -2, 0, -1, 0, -1, 2, 1, 0, 19 ]
[ 37, 0, 0, 2, 1, 0, 2, 0, 1 ]
[ -1, -19, 0, 0, -1, 1, 0, 0, 37 ]
[ 1, 19, 0, 0, 37, 0, 0, -1, 1 ]
[ 0, -1, 1, 1, 19, 0, 0, 0, 37 ]
[ 2, 1, 0, 1, 19, 0, 0, -1, 1 ]
[ 1, 0, 19, 2, 1, 0, 0, 0, 37 ]
[ 2, 0, 1, 2, 1, 0, 1, 0, 19 ]
[ -1, 0, -19, 0, -1, 1, 0, 0, 37 ]
[ -2, -1, 0, 1, 0, 19, 0, 0, 37 ]
[ -2, -1, 0, 0, -1, 1, 1, 0, 19 ]
[ 37, 0, 0, 0, 1, 0, 13, 0, 1 ]
[ 13, 0, 1, 0, 1, 0, 2, 0, 3 ]
[ 1, 0, 20, 0, 1, 0, 0, 0, 37 ]
[ 2, 0, 3, 0, 1, 0, 1, 0, 20 ]
[ 37, 0, 0, -13, 1, 0, 13, 0, 1 ]
[ 13, -1, 0, -2, 3, 0, 0, 1, 1 ]
[ 13, 0, 1, -13, 1, 0, 2, 0, 3 ]
[ 1, -20, 0, 0, 1, 1, 0, 0, 37 ]
[ 1, -20, 0, 0, 37, 0, 0, 1, 1 ]
[ 0, 1, 1, -1, 20, 0, 0, 0, 37 ]
[ 2, -3, 0, -1, 20, 0, 0, 1, 1 ]
[ -1, 2, 19, -2, 3, 0, 0, 0, 37 ]
[ 0, 1, 1, -1, 2, 19, 0, 0, 37 ]
[ 0, 1, 1, -2, 3, 0, -1, 2, 19 ]
[ 13, -1, 0, 0, 1, 1, 2, 0, 3 ]
[ 1, 0, 20, -13, 1, 0, 0, 0, 37 ]
[ 2, 0, 3, -13, 1, 0, 1, 0, 20 ]
[ 1, -2, -19, 0, 1, 1, 0, 0, 37 ]
[ 2, -3, 0, -1, 2, 19, 0, 0, 37 ]
[ 2, -3, 0, 0, 1, 1, -1, 2, 19 ]
[ 1, 0, 20, 0, 1, 1, 0, 0, 37 ]
[ 2, 0, 3, 0, 1, 1, 1, 0, 20 ]
[ 13, -1, 0, 1, 0, 20, 0, 0, 37 ]
[ 13, -1, 0, 2, 0, 3, 1, 0, 20 ]
[ 37, 0, 0, 11, 1, 0, 13, 0, 1 ]
[ 11, 1, 0, -4, 3, 0, 2, -1, 1 ]
[ 13, 0, 1, 11, 1, 0, 2, 0, 3 ]
[ 1, -10, 0, 0, 37, 0, 0, -18, 1 ]
[ 4, -3, 0, -1, 10, 0, -2, 2, 1 ]
[ -1, 1, 19, -4, 3, 0, 0, 0, 37 ]
[ 2, -1, 1, -1, 1, 19, 0, 0, 37 ]
[ 2, -1, 1, -4, 3, 0, -1, 1, 19 ]
[ -11, -1, 0, 2, -1, 1, 2, 0, 3 ]
[ 1, 0, 20, 11, 1, 0, 0, 0, 37 ]
[ 2, 0, 3, 11, 1, 0, 1, 0, 20 ]
[ 1, -10, 0, 0, 1, 2, 0, 0, 37 ]
[ -1, 10, 0, 0, -18, 1, 0, 1, 2 ]
[ 0, 1, 2, -1, 10, 0, 0, 0, 37 ]
[ 2, -2, -1, -1, 10, 0, 0, 1, 2 ]
[ 4, -3, 0, -1, 1, 19, 0, 0, 37 ]
[ 4, -3, 0, -2, 2, 1, -1, 1, 19 ]
[ -1, 0, -20, 2, -1, 1, 0, 0, 37 ]
[ -2, 0, -3, 2, -1, 1, 1, 0, 20 ]
[ -11, -1, 0, 1, 0, 20, 0, 0, 37 ]
[ -11, -1, 0, 2, 0, 3, 1, 0, 20 ]
[ 1, -1, -19, 0, 1, 2, 0, 0, 37 ]
[ 2, -2, -1, 0, 1, 2, -1, 1, 19 ]
[ 37, 0, 0, -2, 1, 0, 13, 0, 1 ]
[ 1, -19, 0, 0, 37, 0, 0, -12, 1 ]
[ 2, -1, 0, -1, 19, 0, -1, 7, 1 ]
[ 13, 0, 1, -2, 1, 0, 2, 0, 3 ]
[ 1, -19, 0, 0, 1, 3, 0, 0, 37 ]
[ -1, 19, 0, 0, -12, 1, 0, 1, 3 ]
[ 0, 1, 3, -1, 19, 0, 0, 0, 37 ]
[ 1, -7, -1, 0, 1, 3, 0, 0, 37 ]
[ 1, -7, -1, -1, 19, 0, 0, 1, 3 ]
[ 0, 1, 3, -1, 7, 1, 0, 0, 37 ]
[ 2, -1, 0, -1, 7, 1, 0, 1, 3 ]
[ 1, 0, 20, -2, 1, 0, 0, 0, 37 ]
[ 2, 0, 3, -2, 1, 0, 1, 0, 20 ]
[ 1, -1, -20, 0, 1, 3, 0, 0, 37 ]
[ 2, -1, 0, -1, 1, 20, 0, 0, 37 ]
[ 2, -1, 0, 0, 1, 3, -1, 1, 20 ]
[ 37, 0, 0, -15, 1, 0, 13, 0, 1 ]
[ 15, -1, 0, 7, 2, 0, -2, 1, 1 ]
[ 13, 0, 1, -15, 1, 0, 2, 0, 3 ]
[ 1, -5, 0, 0, 37, 0, 0, -9, 1 ]
[ 7, 2, 0, -1, 5, 0, -2, 1, 1 ]
[ 2, -1, -1, 7, 2, 0, 2, 0, 3 ]
[ 15, -1, 0, -2, 1, 1, 2, 0, 3 ]
[ 1, 0, 20, -15, 1, 0, 0, 0, 37 ]
[ 2, 0, 3, -15, 1, 0, 1, 0, 20 ]
[ 1, -5, 0, 0, 1, 4, 0, 0, 37 ]
[ -1, 5, 0, 0, -9, 1, 0, 1, 4 ]
[ 0, 1, 4, -1, 5, 0, 0, 0, 37 ]
[ 2, -1, -1, -1, 5, 0, 0, 1, 4 ]
[ 1, 0, 20, -2, 1, 1, 0, 0, 37 ]
[ 2, 0, 3, -2, 1, 1, 1, 0, 20 ]
[ 7, 2, 0, -2, 1, 1, 2, 0, 3 ]
[ 4, 1, 10, 7, 2, 0, 0, 0, 37 ]
[ 2, 0, 3, 7, 2, 0, 4, 1, 10 ]
[ 2, -1, -1, 1, 0, 20, 0, 0, 37 ]
[ 2, -1, -1, 2, 0, 3, 1, 0, 20 ]
[ 15, -1, 0, 1, 0, 20, 0, 0, 37 ]
[ 15, -1, 0, 2, 0, 3, 1, 0, 20 ]
[ 1, -1, -21, 0, 1, 4, 0, 0, 37 ]
[ 2, -1, -1, -1, 1, 21, 0, 0, 37 ]
[ 2, -1, -1, 0, 1, 4, -1, 1, 21 ]
[ -7, -2, 0, 4, 1, 10, 0, 0, 37 ]
[ -7, -2, 0, 2, 0, 3, 4, 1, 10 ]
[ 1, 0, 20, 4, 1, 10, 0, 0, 37 ]
[ 2, 0, 3, 4, 1, 10, 1, 0, 20 ]
[ 1, 0, 20, -2, 1, 1, 0, 0, 37 ]
[ 2, 0, 3, -2, 1, 1, 1, 0, 20 ]
[ -4, -1, -10, 1, 0, 20, 0, 0, 37 ]
[ -4, -1, -10, 2, 0, 3, 1, 0, 20 ]
[ 37, 0, 0, 9, 1, 0, 13, 0, 1 ]
[ 1, -4, 0, 0, 37, 0, 0, 15, 1 ]
[ 9, 1, 0, -1, 4, 0, 4, -1, 1 ]
[ 13, 0, 1, 9, 1, 0, 2, 0, 3 ]
[ 1, -4, 0, 0, 15, 1, 0, -7, 2 ]
[ 4, -1, 1, -1, 4, 0, -2, 1, 2 ]
[ -9, -1, 0, 4, -1, 1, 2, 0, 3 ]
[ 1, 0, 20, 9, 1, 0, 0, 0, 37 ]
[ 2, 0, 3, 9, 1, 0, 1, 0, 20 ]
[ 1, -4, 0, 0, 1, 5, 0, 0, 37 ]
[ -1, 4, 0, 0, -7, 2, 0, 1, 5 ]
[ 0, 1, 5, -1, 4, 0, 0, 0, 37 ]
[ 2, -1, -2, -1, 4, 0, 0, 1, 5 ]
[ 1, 0, 20, -2, 1, 2, 0, 0, 37 ]
[ 4, -1, 1, 1, 0, 20, 0, 0, 37 ]
[ 4, -1, 1, -2, 1, 2, 1, 0, 20 ]
[ -1, 0, -20, 4, -1, 1, 0, 0, 37 ]
[ -2, 0, -3, 4, -1, 1, 1, 0, 20 ]
[ -9, -1, 0, 1, 0, 20, 0, 0, 37 ]
[ -9, -1, 0, 2, 0, 3, 1, 0, 20 ]
[ 1, -1, -22, 0, 1, 5, 0, 0, 37 ]
[ 2, -1, -2, -1, 1, 22, 0, 0, 37 ]
[ 2, -1, -2, 0, 1, 5, -1, 1, 22 ]
[ 37, 0, 0, -4, 1, 0, 13, 0, 1 ]
[ 1, 9, 0, 0, 37, 0, 0, -6, 1 ]
[ 4, -1, 0, 1, 9, 0, 1, 3, 1 ]
[ 13, 0, 1, -4, 1, 0, 2, 0, 3 ]
[ 1, 9, 0, 0, 1, 6, 0, 0, 37 ]
[ -1, -9, 0, 0, -6, 1, 0, 1, 6 ]
[ 0, -1, -6, 1, 9, 0, 0, 0, 37 ]
[ 1, 3, 1, 0, 1, 6, 0, 0, 37 ]
[ 1, 3, 1, 1, 9, 0, 0, 1, 6 ]
[ 4, -1, 0, 1, 3, 1, 2, 0, 3 ]
[ 1, 0, 20, -4, 1, 0, 0, 0, 37 ]
[ 2, 0, 3, -4, 1, 0, 1, 0, 20 ]
[ 0, -1, -6, 1, 3, 1, 0, 0, 37 ]
[ 2, 0, 3, 1, 3, 1, 0, 1, 6 ]
[ 4, -1, 0, 1, 0, 20, 0, 0, 37 ]
[ 4, -1, 0, 2, 0, 3, 1, 0, 20 ]
[ 1, 0, 20, 0, 1, 6, 0, 0, 37 ]
[ 2, 0, 3, 0, 1, 6, 1, 0, 20 ]
[ 37, 0, 0, -17, 1, 0, 13, 0, 1 ]
[ 17, -1, 0, 3, 2, 0, -4, 1, 1 ]
[ 13, 0, 1, -17, 1, 0, 2, 0, 3 ]
[ 1, 13, 0, 0, 37, 0, 0, 16, 1 ]
[ 3, 2, 0, 1, 13, 0, -1, 3, 1 ]
[ 4, -1, -1, 3, 2, 0, 2, 0, 3 ]
[ 17, -1, 0, -4, 1, 1, 2, 0, 3 ]
[ 1, 0, 20, -17, 1, 0, 0, 0, 37 ]
[ 2, 0, 3, -17, 1, 0, 1, 0, 20 ]
[ 1, 13, 0, 0, 16, 1, 0, -5, 2 ]
[ 1, -3, -1, 1, 13, 0, 0, -5, 2 ]
[ 3, 2, 0, -1, 3, 1, -1, -2, 3 ]
[ 2, 1, 10, 3, 2, 0, 0, 0, 37 ]
[ 2, 0, 3, 3, 2, 0, 2, 1, 10 ]
[ 4, -1, -1, 1, 0, 20, 0, 0, 37 ]
[ 4, -1, -1, 2, 0, 3, 1, 0, 20 ]
[ 1, 0, 20, -4, 1, 1, 0, 0, 37 ]
[ 2, 0, 3, -4, 1, 1, 1, 0, 20 ]
[ 17, -1, 0, 1, 0, 20, 0, 0, 37 ]
[ 17, -1, 0, 2, 0, 3, 1, 0, 20 ]
[ 1, 13, 0, 0, 1, 7, 0, 0, 37 ]
[ -1, -13, 0, 0, -5, 2, 0, 1, 7 ]
[ 0, -1, -7, 1, 13, 0, 0, 0, 37 ]
[ 0, -5, 2, 1, 13, 0, 0, 1, 7 ]
[ 1, -3, -1, 0, 1, 7, 0, 0, 37 ]
[ -1, 3, 1, 0, -5, 2, 0, 1, 7 ]
[ 0, 1, 7, -1, 3, 1, 0, 0, 37 ]
[ 1, 2, -3, 0, 1, 7, 0, 0, 37 ]
[ 1, 2, -3, -1, 3, 1, 0, 1, 7 ]
[ -1, -1, 10, -1, -2, 3, 0, 0, 37 ]
[ -3, -2, 0, -1, -1, 10, 0, 0, 37 ]
[ -3, -2, 0, -1, -2, 3, -1, -1, 10 ]
[ 1, 0, 20, 2, 1, 10, 0, 0, 37 ]
[ 2, 0, 3, 2, 1, 10, 1, 0, 20 ]
[ 37, 0, 0, 7, 1, 0, 13, 0, 1 ]
[ 7, 1, 0, -2, 5, 0, -1, -2, 1 ]
[ 13, 0, 1, 7, 1, 0, 2, 0, 3 ]
[ 1, -21, 0, 0, 37, 0, 0, 14, 1 ]
[ 2, -5, 0, -1, 21, 0, 1, -7, 1 ]
[ 1, -2, 4, -2, 5, 0, 0, 0, 37 ]
[ 1, 2, -1, -2, 5, 0, 1, -2, 4 ]
[ -7, -1, 0, -1, -2, 1, 2, 0, 3 ]
[ 1, 0, 20, 7, 1, 0, 0, 0, 37 ]
[ 2, 0, 3, 7, 1, 0, 1, 0, 20 ]
[ 1, -21, 0, 0, 14, 1, 0, 5, 3 ]
[ 1, -7, 1, -1, 21, 0, 0, 5, 3 ]
[ 2, -5, 0, -1, 3, 4, 0, 0, 37 ]
[ -2, 5, 0, 1, -7, 1, -1, 3, 4 ]
[ 0, -1, -8, 1, -2, 4, 0, 0, 37 ]
[ 1, 2, -1, 0, 1, 8, 0, 0, 37 ]
[ -1, -2, 1, 1, -2, 4, 0, 1, 8 ]
[ -1, -1, 9, -1, -2, 1, 0, 0, 37 ]
[ -2, 0, -3, -1, -2, 1, -1, -1, 9 ]
[ -7, -1, 0, 1, 0, 20, 0, 0, 37 ]
[ -7, -1, 0, 2, 0, 3, 1, 0, 20 ]
[ 1, -21, 0, 0, 1, 8, 0, 0, 37 ]
[ 1, -21, 0, 0, 5, 3, 0, 1, 8 ]
[ 0, 1, 8, -1, 21, 0, 0, 0, 37 ]
[ 0, 5, 3, -1, 21, 0, 0, 1, 8 ]
[ 1, -7, 1, 0, 1, 8, 0, 0, 37 ]
[ 1, -7, 1, 0, 5, 3, 0, 1, 8 ]
[ 0, -1, -8, 1, -7, 1, 0, 0, 37 ]
[ 1, -3, -4, 0, 1, 8, 0, 0, 37 ]
[ -1, 3, 4, 1, -7, 1, 0, 1, 8 ]
[ -1, 0, -20, -1, -1, 9, 0, 0, 37 ]
[ -2, 0, -3, -1, -1, 9, 1, 0, 20 ]
[ 37, 0, 0, -6, 1, 0, 13, 0, 1 ]
[ 1, 6, 0, 0, 37, 0, 0, -4, 1 ]
[ 6, -1, 0, 1, 6, 0, 1, 2, 1 ]
[ 13, 0, 1, -6, 1, 0, 2, 0, 3 ]
[ 1, 6, 0, 0, 1, 9, 0, 0, 37 ]
[ -1, -6, 0, 0, -4, 1, 0, 1, 9 ]
[ 0, -1, -9, 1, 6, 0, 0, 0, 37 ]
[ 1, 2, 1, 0, 1, 9, 0, 0, 37 ]
[ 1, 2, 1, 1, 6, 0, 0, 1, 9 ]
[ 6, -1, 0, 1, 2, 1, 2, 0, 3 ]
[ 1, 0, 20, -6, 1, 0, 0, 0, 37 ]
[ 2, 0, 3, -6, 1, 0, 1, 0, 20 ]
[ 0, -1, -9, 1, 2, 1, 0, 0, 37 ]
[ 2, 0, 3, 1, 2, 1, 0, 1, 9 ]
[ 6, -1, 0, 1, 0, 20, 0, 0, 37 ]
[ 6, -1, 0, 2, 0, 3, 1, 0, 20 ]
[ 1, 0, 20, 0, 1, 9, 0, 0, 37 ]
[ 2, 0, 3, 0, 1, 9, 1, 0, 20 ]
[ 37, 0, 0, 18, 1, 0, 13, 0, 1 ]
[ 1, -2, 0, 0, 37, 0, 0, -11, 1 ]
[ 18, 1, 0, -1, 2, 0, -5, -1, 1 ]
[ 13, 0, 1, 18, 1, 0, 2, 0, 3 ]
[ -1, 2, 0, 0, -11, 1, 0, 4, 3 ]
[ 5, 1, -1, -1, 2, 0, 2, 0, 3 ]
[ -18, -1, 0, -5, -1, 1, 2, 0, 3 ]
[ 1, 0, 20, 18, 1, 0, 0, 0, 37 ]
[ 2, 0, 3, 18, 1, 0, 1, 0, 20 ]
[ 1, -2, 0, 0, 1, 10, 0, 0, 37 ]
[ 1, -2, 0, 0, 4, 3, 0, 1, 10 ]
[ 0, 1, 10, -1, 2, 0, 0, 0, 37 ]
[ 2, 0, 3, -1, 2, 0, 0, 1, 10 ]
[ -5, -1, 1, 1, 0, 20, 0, 0, 37 ]
[ -5, -1, 1, 2, 0, 3, 1, 0, 20 ]
[ -1, 0, -20, -5, -1, 1, 0, 0, 37 ]
[ -2, 0, -3, -5, -1, 1, 1, 0, 20 ]
[ -18, -1, 0, 1, 0, 20, 0, 0, 37 ]
[ -18, -1, 0, 2, 0, 3, 1, 0, 20 ]
[ 1, 0, 20, 0, 1, 10, 0, 0, 37 ]
[ 2, 0, 3, 0, 1, 10, 1, 0, 20 ]
[ 37, 0, 0, 5, 1, 0, 13, 0, 1 ]
[ 5, 1, 0, -2, 7, 0, 3, -2, 1 ]
[ 13, 0, 1, 5, 1, 0, 2, 0, 3 ]
[ 1, -22, 0, 0, 37, 0, 0, -10, 1 ]
[ 2, -7, 0, -1, 22, 0, -1, 12, 1 ]
[ 3, -2, 1, -2, 7, 0, -1, 2, 2 ]
[ -5, -1, 0, 3, -2, 1, 2, 0, 3 ]
[ 1, 0, 20, 5, 1, 0, 0, 0, 37 ]
[ 2, 0, 3, 5, 1, 0, 1, 0, 20 ]
[ -1, 22, 0, 0, -10, 1, 0, -3, 4 ]
[ 1, -12, -1, -1, 22, 0, 0, -3, 4 ]
[ 2, -7, 0, -1, 12, 1, 1, -5, 2 ]
[ 1, -3, -13, -2, 7, 0, 0, 0, 37 ]
[ 1, -2, -2, -1, 3, 13, 0, 0, 37 ]
[ 1, -2, -2, -2, 7, 0, -1, 3, 13 ]
[ 1, -1, 9, -1, 2, 2, 0, 0, 37 ]
[ -3, 2, -1, 1, -1, 9, 0, 0, 37 ]
[ 3, -2, 1, -1, 2, 2, 1, -1, 9 ]
[ 1, -1, 9, 3, -2, 1, 0, 0, 37 ]
[ -2, 0, -3, 3, -2, 1, 1, -1, 9 ]
[ -5, -1, 0, 1, 0, 20, 0, 0, 37 ]
[ -5, -1, 0, 2, 0, 3, 1, 0, 20 ]
[ 1, -22, 0, 0, 1, 11, 0, 0, 37 ]
[ -1, 22, 0, 0, -3, 4, 0, 1, 11 ]
[ 0, 1, 11, -1, 22, 0, 0, 0, 37 ]
[ 0, 3, -4, -1, 22, 0, 0, 1, 11 ]
[ 1, -12, -1, 0, 1, 11, 0, 0, 37 ]
[ -1, 12, 1, 0, -3, 4, 0, 1, 11 ]
[ 1, -5, 2, -1, 12, 1, 0, -3, 4 ]
[ -1, 4, -13, 1, -5, 2, 0, 0, 37 ]
[ -2, 7, 0, 1, -4, 13, 0, 0, 37 ]
[ -2, 7, 0, 1, -5, 2, 1, -4, 13 ]
[ -1, 0, -20, 1, -1, 9, 0, 0, 37 ]
[ -2, 0, -3, 1, -1, 9, 1, 0, 20 ]
[ 0, 1, 11, -1, 12, 1, 0, 0, 37 ]
[ 0, 3, -4, -1, 12, 1, 0, 1, 11 ]
[ 1, -5, 2, 0, 1, 11, 0, 0, 37 ]
[ -1, 5, -2, 0, -3, 4, 0, 1, 11 ]
[ 37, 0, 0, -8, 1, 0, 13, 0, 1 ]
[ 8, -1, 0, -3, 5, 0, -3, 2, 1 ]
[ 13, 0, 1, -8, 1, 0, 2, 0, 3 ]
[ 1, -14, 0, 0, 37, 0, 0, -3, 1 ]
[ 3, -5, 0, -1, 14, 0, 0, -3, 1 ]
[ -1, 2, 4, -3, 5, 0, 0, 0, 37 ]
[ 3, -2, -1, -3, 5, 0, -1, 2, 4 ]
[ 8, -1, 0, -3, 2, 1, 2, 0, 3 ]
[ 1, 0, 20, -8, 1, 0, 0, 0, 37 ]
[ 2, 0, 3, -8, 1, 0, 1, 0, 20 ]
[ 1, -14, 0, 0, 1, 12, 0, 0, 37 ]
[ -1, 14, 0, 0, -3, 1, 0, 1, 12 ]
[ 0, 1, 12, -1, 14, 0, 0, 0, 37 ]
[ 0, 3, -1, -1, 14, 0, 0, 1, 12 ]
[ 3, -5, 0, -1, 2, 4, 0, 0, 37 ]
[ -3, 5, 0, 0, -3, 1, -1, 2, 4 ]
[ 1, -1, 8, -1, 2, 4, 0, 0, 37 ]
[ -3, 2, 1, 1, -1, 8, 0, 0, 37 ]
[ 3, -2, -1, -1, 2, 4, 1, -1, 8 ]
[ 2, -1, -9, -3, 2, 1, 0, 0, 37 ]
[ 2, 0, 3, -3, 2, 1, -2, 1, 9 ]
[ 8, -1, 0, 1, 0, 20, 0, 0, 37 ]
[ 8, -1, 0, 2, 0, 3, 1, 0, 20 ]
[ 1, -2, -4, 0, 1, 12, 0, 0, 37 ]
[ -1, 2, 4, 0, -3, 1, 0, 1, 12 ]
[ 1, 0, 20, -2, 1, 9, 0, 0, 37 ]
[ 2, 0, 3, -2, 1, 9, 1, 0, 20 ]
[ 37, 0, 0, 16, 1, 0, 13, 0, 1 ]
[ 16, 1, 0, -5, 2, 0, -3, -1, 1 ]
[ 13, 0, 1, 16, 1, 0, 2, 0, 3 ]
[ 1, 7, 0, 0, 37, 0, 0, -17, 1 ]
[ 5, -2, 0, 1, 7, 0, 2, -3, 1 ]
[ 3, 1, -1, -5, 2, 0, 2, 0, 3 ]
[ -16, -1, 0, -3, -1, 1, 2, 0, 3 ]
[ 1, 0, 20, 16, 1, 0, 0, 0, 37 ]
[ 2, 0, 3, 16, 1, 0, 1, 0, 20 ]
[ -1, -7, 0, 0, -17, 1, 0, 3, 2 ]
[ 2, -3, 1, 1, 7, 0, 0, 3, 2 ]
[ -5, 2, 0, 2, -3, 1, -3, 2, 3 ]
[ -2, 1, 10, -5, 2, 0, 0, 0, 37 ]
[ 2, 0, 3, -5, 2, 0, -2, 1, 10 ]
[ -3, -1, 1, 1, 0, 20, 0, 0, 37 ]
[ -3, -1, 1, 2, 0, 3, 1, 0, 20 ]
[ -1, 0, -20, -3, -1, 1, 0, 0, 37 ]
[ -2, 0, -3, -3, -1, 1, 1, 0, 20 ]
[ -16, -1, 0, 1, 0, 20, 0, 0, 37 ]
[ -16, -1, 0, 2, 0, 3, 1, 0, 20 ]
[ 1, 7, 0, 0, 1, 13, 0, 0, 37 ]
[ 1, 7, 0, 0, 3, 2, 0, 1, 13 ]
[ 0, -1, -13, 1, 7, 0, 0, 0, 37 ]
[ 0, -3, -2, 1, 7, 0, 0, 1, 13 ]
[ 2, -3, 1, 1, -1, 7, 0, 0, 37 ]
[ 2, -3, 1, 0, 3, 2, 1, -1, 7 ]
[ -1, 1, -7, 2, -3, 1, 0, 0, 37 ]
[ -3, 2, 3, 1, -1, 7, 0, 0, 37 ]
[ -3, 2, 3, 2, -3, 1, 1, -1, 7 ]
[ 2, -1, -10, -3, 2, 3, 0, 0, 37 ]
[ 5, -2, 0, -2, 1, 10, 0, 0, 37 ]
[ 5, -2, 0, -3, 2, 3, -2, 1, 10 ]
[ 1, 0, 20, -2, 1, 10, 0, 0, 37 ]
[ 2, 0, 3, -2, 1, 10, 1, 0, 20 ]
[ 1, -1, 7, 0, 1, 13, 0, 0, 37 ]
[ 1, -1, 7, 0, 3, 2, 0, 1, 13 ]
[ 37, 0, 0, 3, 1, 0, 13, 0, 1 ]
[ 1, -12, 0, 0, 37, 0, 0, 8, 1 ]
[ 3, 1, 0, -1, 12, 0, 1, -4, 1 ]
[ 13, 0, 1, 3, 1, 0, 2, 0, 3 ]
[ 1, -12, 0, 0, 8, 1, 0, 3, 5 ]
[ 1, -4, 1, -1, 12, 0, 0, 3, 5 ]
[ -3, -1, 0, 1, -4, 1, -1, -1, 3 ]
[ 1, 0, 20, 3, 1, 0, 0, 0, 37 ]
[ 2, 0, 3, 3, 1, 0, 1, 0, 20 ]
[ 1, -12, 0, 0, 1, 14, 0, 0, 37 ]
[ 1, -12, 0, 0, 3, 5, 0, 1, 14 ]
[ 0, 1, 14, -1, 12, 0, 0, 0, 37 ]
[ 0, 3, 5, -1, 12, 0, 0, 1, 14 ]
[ 1, -4, 1, 0, 1, 14, 0, 0, 37 ]
[ 1, -4, 1, 0, 3, 5, 0, 1, 14 ]
[ -1, -1, 3, 1, -4, 1, 0, -2, 9 ]
[ -1, 0, -20, -1, -1, 3, 0, 0, 37 ]
[ -3, -1, 0, 1, 0, 20, 0, 0, 37 ]
[ -3, -1, 0, -1, -1, 3, 1, 0, 20 ]
[ 0, -1, 23, 1, -4, 1, 0, 0, 37 ]
[ 0, -2, 9, 1, -4, 1, 0, -1, 23 ]
[ -1, -1, 3, 0, -1, 23, 0, 0, 37 ]
[ -1, -1, 3, 0, -2, 9, 0, -1, 23 ]
[ 37, 0, 0, -10, 1, 0, 13, 0, 1 ]
[ 10, -1, 0, -3, 4, 0, 3, 1, 1 ]
[ 13, 0, 1, -10, 1, 0, 2, 0, 3 ]
[ 1, 11, 0, 0, 37, 0, 0, 5, 1 ]
[ 3, -4, 0, 1, 11, 0, 0, 5, 1 ]
[ 3, 1, 1, -3, 4, 0, -1, -1, 2 ]
[ 10, -1, 0, 3, 1, 1, 2, 0, 3 ]
[ 1, 0, 20, -10, 1, 0, 0, 0, 37 ]
[ 2, 0, 3, -10, 1, 0, 1, 0, 20 ]
[ 1, 11, 0, 0, 5, 1, 0, -2, 7 ]
[ 0, -5, -1, 1, 11, 0, 0, -2, 7 ]
[ 3, -4, 0, 0, 5, 1, -1, -1, 2 ]
[ 1, -1, 5, -3, 4, 0, 0, 0, 37 ]
[ 1, 1, -2, -3, 4, 0, 1, -1, 5 ]
[ -1, 0, -20, -1, -1, 2, 0, 0, 37 ]
[ -3, -1, -1, 1, 0, 20, 0, 0, 37 ]
[ -3, -1, -1, -1, -1, 2, 1, 0, 20 ]
[ 1, 0, 20, 3, 1, 1, 0, 0, 37 ]
[ 2, 0, 3, 3, 1, 1, 1, 0, 20 ]
[ 10, -1, 0, 1, 0, 20, 0, 0, 37 ]
[ 10, -1, 0, 2, 0, 3, 1, 0, 20 ]
[ -1, -11, 0, 0, -1, 22, 0, 0, 37 ]
[ -1, -11, 0, 0, -2, 7, 0, -1, 22 ]
[ 0, -1, 22, 1, 11, 0, 0, 0, 37 ]
[ 0, -2, 7, 1, 11, 0, 0, -1, 22 ]
[ 1, 1, -2, 0, 5, 1, 0, -2, 7 ]
[ 3, -4, 0, 1, -1, 5, 0, 0, 37 ]
[ -3, 4, 0, -1, -1, 2, 1, -1, 5 ]
[ 0, -1, 22, 1, -1, 5, 0, 0, 37 ]
[ -1, -1, 2, 0, -1, 22, 0, 0, 37 ]
[ -1, -1, 2, 1, -1, 5, 0, -1, 22 ]
[ -1, -1, 2, 0, -2, 7, 0, -1, 22 ]
[ 0, 1, -22, -1, -1, 2, 0, 0, 37 ]
[ -1, 1, -5, 0, -1, 22, 0, 0, 37 ]
[ -1, 1, -5, -1, -1, 2, 0, -1, 22 ]
[ -1, -1, 2, 0, -1, 22, 0, 0, 37 ]
[ 37, 0, 0, 14, 1, 0, 13, 0, 1 ]
[ 14, 1, 0, 5, 3, 0, -1, -1, 1 ]
[ 13, 0, 1, 14, 1, 0, 2, 0, 3 ]
[ 1, 8, 0, 0, 37, 0, 0, 7, 1 ]
[ 5, 3, 0, 1, 8, 0, -1, -1, 1 ]
[ 2, 1, 19, 5, 3, 0, 0, 0, 37 ]
[ -1, -1, 1, 2, 1, 19, 0, 0, 37 ]
[ -1, -1, 1, 5, 3, 0, 2, 1, 19 ]
[ -14, -1, 0, -1, -1, 1, 2, 0, 3 ]
[ 1, 0, 20, 14, 1, 0, 0, 0, 37 ]
[ 2, 0, 3, 14, 1, 0, 1, 0, 20 ]
[ 1, 8, 0, 0, 7, 1, 0, -2, 5 ]
[ 1, 1, -1, 1, 8, 0, 0, -2, 5 ]
[ -2, -1, -19, -1, -1, 1, 0, 0, 37 ]
[ -5, -3, 0, 2, 1, 19, 0, 0, 37 ]
[ -5, -3, 0, -1, -1, 1, 2, 1, 19 ]
[ -1, 0, -20, -1, -1, 1, 0, 0, 37 ]
[ -2, 0, -3, -1, -1, 1, 1, 0, 20 ]
[ -14, -1, 0, 1, 0, 20, 0, 0, 37 ]
[ -14, -1, 0, 2, 0, 3, 1, 0, 20 ]
[ -1, -8, 0, 0, -1, 21, 0, 0, 37 ]
[ -1, -8, 0, 0, -2, 5, 0, -1, 21 ]
[ 0, -1, 21, 1, 8, 0, 0, 0, 37 ]
[ 0, -2, 5, 1, 8, 0, 0, -1, 21 ]
[ -1, -1, 1, 0, -1, 21, 0, 0, 37 ]
[ -1, -1, 1, 0, -2, 5, 0, -1, 21 ]
[ 1, 1, 0, 0, 37, 0, 0, -13, 1 ]
[ 37, 0, 0, 1, 1, 0, 13, 0, 1 ]
[ -1, -1, 0, 0, -13, 1, 0, -2, 3 ]
[ 13, 0, 1, 1, 1, 0, 2, 0, 3 ]
[ -1, -1, 0, 0, -1, 20, 0, 0, 37 ]
[ -1, -1, 0, 0, -2, 3, 0, -1, 20 ]
[ 1, 0, 20, 1, 1, 0, 0, 0, 37 ]
[ 2, 0, 3, 1, 1, 0, 1, 0, 20 ]
[ 37, 0, 0, -12, 1, 0, 13, 0, 1 ]
[ 1, 3, 0, 0, 37, 0, 0, -2, 1 ]
[ 12, -1, 0, 1, 3, 0, 1, 1, 1 ]
[ 13, 0, 1, -12, 1, 0, 2, 0, 3 ]
[ -1, -3, 0, 0, -1, 19, 0, 0, 37 ]
[ -1, -3, 0, 0, -2, 1, 0, -1, 19 ]
[ 1, 2, 19, 1, 3, 0, 0, 0, 37 ]
[ 1, 1, 1, 1, 2, 19, 0, 0, 37 ]
[ 1, 1, 1, 1, 3, 0, 1, 2, 19 ]
[ 12, -1, 0, 1, 1, 1, 2, 0, 3 ]
[ 1, 0, 20, -12, 1, 0, 0, 0, 37 ]
[ 2, 0, 3, -12, 1, 0, 1, 0, 20 ]
[ 1, 0, 20, 1, 1, 1, 0, 0, 37 ]
[ 2, 0, 3, 1, 1, 1, 1, 0, 20 ]
[ 12, -1, 0, 1, 0, 20, 0, 0, 37 ]
[ 12, -1, 0, 2, 0, 3, 1, 0, 20 ]
[ 37, 0, 0, 12, 1, 0, 13, 0, 1 ]
[ 1, -3, 0, 0, 37, 0, 0, 2, 1 ]
[ 12, 1, 0, -1, 3, 0, 1, -1, 1 ]
[ 13, 0, 1, 12, 1, 0, 2, 0, 3 ]
[ 1, -3, 0, 0, 1, 19, 0, 0, 37 ]
[ 1, -3, 0, 0, 2, 1, 0, 1, 19 ]
[ 0, 1, 19, -1, 3, 0, 0, 0, 37 ]
[ 1, -1, 1, 0, 1, 19, 0, 0, 37 ]
[ 1, -1, 1, -1, 3, 0, 0, 1, 19 ]
[ -12, -1, 0, 1, -1, 1, 2, 0, 3 ]
[ 1, 0, 20, 12, 1, 0, 0, 0, 37 ]
[ 2, 0, 3, 12, 1, 0, 1, 0, 20 ]
[ -1, 0, -20, 1, -1, 1, 0, 0, 37 ]
[ -2, 0, -3, 1, -1, 1, 1, 0, 20 ]
[ -12, -1, 0, 1, 0, 20, 0, 0, 37 ]
[ -12, -1, 0, 2, 0, 3, 1, 0, 20 ]
[ 1, -1, 0, 0, 37, 0, 0, 13, 1 ]
[ 37, 0, 0, -1, 1, 0, 13, 0, 1 ]
[ 1, -1, 0, 0, 13, 1, 0, 2, 3 ]
[ 13, 0, 1, -1, 1, 0, 2, 0, 3 ]
[ 1, -1, 0, 0, 1, 20, 0, 0, 37 ]
[ 1, -1, 0, 0, 2, 3, 0, 1, 20 ]
[ 1, 0, 20, -1, 1, 0, 0, 0, 37 ]
[ 2, 0, 3, -1, 1, 0, 1, 0, 20 ]
[ 37, 0, 0, -14, 1, 0, 13, 0, 1 ]
[ 14, -1, 0, -5, 3, 0, -1, 1, 1 ]
[ 13, 0, 1, -14, 1, 0, 2, 0, 3 ]
[ 1, -8, 0, 0, 37, 0, 0, -7, 1 ]
[ 5, -3, 0, -1, 8, 0, -1, 1, 1 ]
[ -3, 2, 19, -5, 3, 0, 0, 0, 37 ]
[ -1, 1, 1, -3, 2, 19, 0, 0, 37 ]
[ -1, 1, 1, -5, 3, 0, -3, 2, 19 ]
[ 14, -1, 0, -1, 1, 1, 2, 0, 3 ]
[ 1, 0, 20, -14, 1, 0, 0, 0, 37 ]
[ 2, 0, 3, -14, 1, 0, 1, 0, 20 ]
[ -1, 8, 0, 0, -7, 1, 0, 2, 5 ]
[ 1, -1, -1, -1, 8, 0, 0, 2, 5 ]
[ 3, -2, -19, -1, 1, 1, 0, 0, 37 ]
[ 5, -3, 0, -3, 2, 19, 0, 0, 37 ]
[ 5, -3, 0, -1, 1, 1, -3, 2, 19 ]
[ 1, 0, 20, -1, 1, 1, 0, 0, 37 ]
[ 2, 0, 3, -1, 1, 1, 1, 0, 20 ]
[ 14, -1, 0, 1, 0, 20, 0, 0, 37 ]
[ 14, -1, 0, 2, 0, 3, 1, 0, 20 ]
[ 1, -8, 0, 0, 1, 21, 0, 0, 37 ]
[ 1, -8, 0, 0, 2, 5, 0, 1, 21 ]
[ 0, 1, 21, -1, 8, 0, 0, 0, 37 ]
[ 0, 2, 5, -1, 8, 0, 0, 1, 21 ]
[ 1, -1, -1, 0, 1, 21, 0, 0, 37 ]
[ 1, -1, -1, 0, 2, 5, 0, 1, 21 ]
[ 37, 0, 0, 10, 1, 0, 13, 0, 1 ]
[ 10, 1, 0, 3, 4, 0, 3, -1, 1 ]
[ 13, 0, 1, 10, 1, 0, 2, 0, 3 ]
[ 1, -11, 0, 0, 37, 0, 0, -5, 1 ]
[ 3, 4, 0, -1, 11, 0, 0, -5, 1 ]
[ 3, -1, 1, 3, 4, 0, -1, 1, 2 ]
[ -10, -1, 0, 3, -1, 1, 2, 0, 3 ]
[ 1, 0, 20, 10, 1, 0, 0, 0, 37 ]
[ 2, 0, 3, 10, 1, 0, 1, 0, 20 ]
[ -1, 11, 0, 0, -5, 1, 0, 2, 7 ]
[ 0, 5, -1, -1, 11, 0, 0, 2, 7 ]
[ -3, -4, 0, 0, -5, 1, -1, 1, 2 ]
[ 1, 1, 5, 3, 4, 0, 0, 0, 37 ]
[ 1, -1, -2, 3, 4, 0, 1, 1, 5 ]
[ 1, 0, 20, -1, 1, 2, 0, 0, 37 ]
[ 3, -1, 1, 1, 0, 20, 0, 0, 37 ]
[ 3, -1, 1, -1, 1, 2, 1, 0, 20 ]
[ -1, 0, -20, 3, -1, 1, 0, 0, 37 ]
[ -2, 0, -3, 3, -1, 1, 1, 0, 20 ]
[ -10, -1, 0, 1, 0, 20, 0, 0, 37 ]
[ -10, -1, 0, 2, 0, 3, 1, 0, 20 ]
[ 1, -11, 0, 0, 1, 22, 0, 0, 37 ]
[ 1, -11, 0, 0, 2, 7, 0, 1, 22 ]
[ 0, 1, 22, -1, 11, 0, 0, 0, 37 ]
[ 0, 2, 7, -1, 11, 0, 0, 1, 22 ]
[ -1, 1, 2, 0, -5, 1, 0, 2, 7 ]
[ -3, -4, 0, 1, 1, 5, 0, 0, 37 ]
[ 3, 4, 0, -1, 1, 2, 1, 1, 5 ]
[ 0, -1, -22, 1, 1, 5, 0, 0, 37 ]
[ 1, -1, -2, 0, 1, 22, 0, 0, 37 ]
[ 1, -1, -2, 1, 1, 5, 0, 1, 22 ]
[ 1, -1, -2, 0, 2, 7, 0, 1, 22 ]
[ 0, 1, 22, -1, 1, 2, 0, 0, 37 ]
[ 1, 1, 5, 0, 1, 22, 0, 0, 37 ]
[ 1, 1, 5, -1, 1, 2, 0, 1, 22 ]
[ 1, -1, -2, 0, 1, 22, 0, 0, 37 ]
[ 37, 0, 0, -3, 1, 0, 13, 0, 1 ]
[ 1, 12, 0, 0, 37, 0, 0, -8, 1 ]
[ 3, -1, 0, 1, 12, 0, 1, 4, 1 ]
[ 13, 0, 1, -3, 1, 0, 2, 0, 3 ]
[ -1, -12, 0, 0, -8, 1, 0, -3, 5 ]
[ 1, 4, 1, 1, 12, 0, 0, -3, 5 ]
[ 3, -1, 0, 1, 4, 1, -1, 1, 3 ]
[ 1, 0, 20, -3, 1, 0, 0, 0, 37 ]
[ 2, 0, 3, -3, 1, 0, 1, 0, 20 ]
[ -1, -12, 0, 0, -1, 14, 0, 0, 37 ]
[ -1, -12, 0, 0, -3, 5, 0, -1, 14 ]
[ 0, -1, 14, 1, 12, 0, 0, 0, 37 ]
[ 0, -3, 5, 1, 12, 0, 0, -1, 14 ]
[ -1, -4, -1, 0, -1, 14, 0, 0, 37 ]
[ -1, -4, -1, 0, -3, 5, 0, -1, 14 ]
[ 1, -1, -3, 1, 4, 1, 0, 2, 9 ]
[ 2, -1, -20, -1, 1, 3, 0, 0, 37 ]
[ 3, -1, 0, -2, 1, 20, 0, 0, 37 ]
[ 3, -1, 0, -1, 1, 3, -2, 1, 20 ]
[ 0, -1, -23, 1, 4, 1, 0, 0, 37 ]
[ 0, -2, -9, 1, 4, 1, 0, 1, 23 ]
[ 1, -1, -3, 0, 1, 23, 0, 0, 37 ]
[ 1, -1, -3, 0, 2, 9, 0, 1, 23 ]
[ 37, 0, 0, -16, 1, 0, 13, 0, 1 ]
[ 16, -1, 0, 5, 2, 0, -3, 1, 1 ]
[ 13, 0, 1, -16, 1, 0, 2, 0, 3 ]
[ 1, -7, 0, 0, 37, 0, 0, 17, 1 ]
[ 5, 2, 0, -1, 7, 0, 2, 3, 1 ]
[ 3, -1, -1, 5, 2, 0, 2, 0, 3 ]
[ 16, -1, 0, -3, 1, 1, 2, 0, 3 ]
[ 1, 0, 20, -16, 1, 0, 0, 0, 37 ]
[ 2, 0, 3, -16, 1, 0, 1, 0, 20 ]
[ 1, -7, 0, 0, 17, 1, 0, -3, 2 ]
[ 2, 3, 1, -1, 7, 0, 0, -3, 2 ]
[ 5, 2, 0, 2, 3, 1, -3, -2, 3 ]
[ 3, 1, 10, 5, 2, 0, 0, 0, 37 ]
[ 2, 0, 3, 5, 2, 0, 3, 1, 10 ]
[ 3, -1, -1, 1, 0, 20, 0, 0, 37 ]
[ 3, -1, -1, 2, 0, 3, 1, 0, 20 ]
[ 1, 0, 20, -3, 1, 1, 0, 0, 37 ]
[ 2, 0, 3, -3, 1, 1, 1, 0, 20 ]
[ 16, -1, 0, 1, 0, 20, 0, 0, 37 ]
[ 16, -1, 0, 2, 0, 3, 1, 0, 20 ]
[ -1, 7, 0, 0, -1, 13, 0, 0, 37 ]
[ -1, 7, 0, 0, -3, 2, 0, -1, 13 ]
[ 0, 1, -13, -1, 7, 0, 0, 0, 37 ]
[ 0, 3, -2, -1, 7, 0, 0, -1, 13 ]
[ -2, -3, -1, 1, 1, 7, 0, 0, 37 ]
[ -2, -3, -1, 0, -3, 2, 1, 1, 7 ]
[ 1, 1, 7, 2, 3, 1, 0, 0, 37 ]
[ 3, 2, -3, 1, 1, 7, 0, 0, 37 ]
[ 3, 2, -3, 2, 3, 1, 1, 1, 7 ]
[ -2, -1, 10, -3, -2, 3, 0, 0, 37 ]
[ -5, -2, 0, -2, -1, 10, 0, 0, 37 ]
[ -5, -2, 0, -3, -2, 3, -2, -1, 10 ]
[ 1, 0, 20, 3, 1, 10, 0, 0, 37 ]
[ 2, 0, 3, 3, 1, 10, 1, 0, 20 ]
[ -1, -1, -7, 0, -1, 13, 0, 0, 37 ]
[ -1, -1, -7, 0, -3, 2, 0, -1, 13 ]
[ 37, 0, 0, 8, 1, 0, 13, 0, 1 ]
[ 8, 1, 0, 3, 5, 0, -3, -2, 1 ]
[ 13, 0, 1, 8, 1, 0, 2, 0, 3 ]
[ 1, 14, 0, 0, 37, 0, 0, 3, 1 ]
[ 3, 5, 0, 1, 14, 0, 0, 3, 1 ]
[ -1, -2, 4, 3, 5, 0, 0, 0, 37 ]
[ 3, 2, -1, 3, 5, 0, -1, -2, 4 ]
[ -8, -1, 0, -3, -2, 1, 2, 0, 3 ]
[ 1, 0, 20, 8, 1, 0, 0, 0, 37 ]
[ 2, 0, 3, 8, 1, 0, 1, 0, 20 ]
[ -1, -14, 0, 0, -1, 12, 0, 0, 37 ]
[ 1, 14, 0, 0, 3, 1, 0, -1, 12 ]
[ 0, -1, 12, 1, 14, 0, 0, 0, 37 ]
[ 0, -3, -1, 1, 14, 0, 0, -1, 12 ]
[ -3, -5, 0, -1, -2, 4, 0, 0, 37 ]
[ 3, 5, 0, 0, 3, 1, -1, -2, 4 ]
[ -1, -1, -8, -1, -2, 4, 0, 0, 37 ]
[ 3, 2, -1, 1, 1, 8, 0, 0, 37 ]
[ -3, -2, 1, -1, -2, 4, 1, 1, 8 ]
[ -2, -1, 9, -3, -2, 1, 0, 0, 37 ]
[ -2, 0, -3, -3, -2, 1, -2, -1, 9 ]
[ -8, -1, 0, 1, 0, 20, 0, 0, 37 ]
[ -8, -1, 0, 2, 0, 3, 1, 0, 20 ]
[ -1, -2, 4, 0, -1, 12, 0, 0, 37 ]
[ 1, 2, -4, 0, 3, 1, 0, -1, 12 ]
[ -1, 0, -20, -2, -1, 9, 0, 0, 37 ]
[ -2, 0, -3, -2, -1, 9, 1, 0, 20 ]
[ 37, 0, 0, -5, 1, 0, 13, 0, 1 ]
[ 5, -1, 0, 2, 7, 0, 3, 2, 1 ]
[ 13, 0, 1, -5, 1, 0, 2, 0, 3 ]
[ 1, 22, 0, 0, 37, 0, 0, 10, 1 ]
[ 2, 7, 0, 1, 22, 0, -1, -12, 1 ]
[ 3, 2, 1, 2, 7, 0, -1, -2, 2 ]
[ 5, -1, 0, 3, 2, 1, 2, 0, 3 ]
[ 1, 0, 20, -5, 1, 0, 0, 0, 37 ]
[ 2, 0, 3, -5, 1, 0, 1, 0, 20 ]
[ 1, 22, 0, 0, 10, 1, 0, 3, 4 ]
[ 1, 12, -1, 1, 22, 0, 0, 3, 4 ]
[ -2, -7, 0, -1, -12, 1, 1, 5, 2 ]
[ 1, 3, -13, 2, 7, 0, 0, 0, 37 ]
[ -1, -2, 2, -1, -3, 13, 0, 0, 37 ]
[ 1, 2, -2, 2, 7, 0, -1, -3, 13 ]
[ -1, -1, -9, -1, -2, 2, 0, 0, 37 ]
[ 3, 2, 1, 1, 1, 9, 0, 0, 37 ]
[ -3, -2, -1, -1, -2, 2, 1, 1, 9 ]
[ -1, -1, -9, 3, 2, 1, 0, 0, 37 ]
[ 2, 0, 3, 3, 2, 1, 1, 1, 9 ]
[ 5, -1, 0, 1, 0, 20, 0, 0, 37 ]
[ 5, -1, 0, 2, 0, 3, 1, 0, 20 ]
[ -1, -22, 0, 0, -1, 11, 0, 0, 37 ]
[ 1, 22, 0, 0, 3, 4, 0, -1, 11 ]
[ 0, -1, 11, 1, 22, 0, 0, 0, 37 ]
[ 0, -3, -4, 1, 22, 0, 0, -1, 11 ]
[ -1, -12, 1, 0, -1, 11, 0, 0, 37 ]
[ 1, 12, -1, 0, 3, 4, 0, -1, 11 ]
[ -1, -5, -2, -1, -12, 1, 0, 3, 4 ]
[ 1, 4, 13, 1, 5, 2, 0, 0, 37 ]
[ 2, 7, 0, 1, 4, 13, 0, 0, 37 ]
[ 2, 7, 0, 1, 5, 2, 1, 4, 13 ]
[ 1, 0, 20, 1, 1, 9, 0, 0, 37 ]
[ 2, 0, 3, 1, 1, 9, 1, 0, 20 ]
[ 0, 1, -11, -1, -12, 1, 0, 0, 37 ]
[ 0, 3, 4, -1, -12, 1, 0, -1, 11 ]
[ -1, -5, -2, 0, -1, 11, 0, 0, 37 ]
[ 1, 5, 2, 0, 3, 4, 0, -1, 11 ]
[ 37, 0, 0, -18, 1, 0, 13, 0, 1 ]
[ 1, 2, 0, 0, 37, 0, 0, 11, 1 ]
[ 18, -1, 0, 1, 2, 0, -5, 1, 1 ]
[ 13, 0, 1, -18, 1, 0, 2, 0, 3 ]
[ 1, 2, 0, 0, 11, 1, 0, -4, 3 ]
[ 5, -1, -1, 1, 2, 0, 2, 0, 3 ]
[ 18, -1, 0, -5, 1, 1, 2, 0, 3 ]
[ 1, 0, 20, -18, 1, 0, 0, 0, 37 ]
[ 2, 0, 3, -18, 1, 0, 1, 0, 20 ]
[ -1, -2, 0, 0, -1, 10, 0, 0, 37 ]
[ -1, -2, 0, 0, -4, 3, 0, -1, 10 ]
[ 1, 1, 10, 1, 2, 0, 0, 0, 37 ]
[ 2, 0, 3, 1, 2, 0, 1, 1, 10 ]
[ 5, -1, -1, 1, 0, 20, 0, 0, 37 ]
[ 5, -1, -1, 2, 0, 3, 1, 0, 20 ]
[ 1, 0, 20, -5, 1, 1, 0, 0, 37 ]
[ 2, 0, 3, -5, 1, 1, 1, 0, 20 ]
[ 18, -1, 0, 1, 0, 20, 0, 0, 37 ]
[ 18, -1, 0, 2, 0, 3, 1, 0, 20 ]
[ 1, 0, 20, 1, 1, 10, 0, 0, 37 ]
[ 2, 0, 3, 1, 1, 10, 1, 0, 20 ]
[ 37, 0, 0, 6, 1, 0, 13, 0, 1 ]
[ 1, -6, 0, 0, 37, 0, 0, 4, 1 ]
[ 6, 1, 0, -1, 6, 0, 1, -2, 1 ]
[ 13, 0, 1, 6, 1, 0, 2, 0, 3 ]
[ -1, 6, 0, 0, -1, 9, 0, 0, 37 ]
[ 1, -6, 0, 0, 4, 1, 0, -1, 9 ]
[ 0, 1, -9, -1, 6, 0, 0, 0, 37 ]
[ -1, 2, -1, 0, -1, 9, 0, 0, 37 ]
[ 1, -2, 1, -1, 6, 0, 0, -1, 9 ]
[ -6, -1, 0, 1, -2, 1, 2, 0, 3 ]
[ 1, 0, 20, 6, 1, 0, 0, 0, 37 ]
[ 2, 0, 3, 6, 1, 0, 1, 0, 20 ]
[ 0, -1, 9, 1, -2, 1, 0, 0, 37 ]
[ -2, 0, -3, 1, -2, 1, 0, -1, 9 ]
[ -6, -1, 0, 1, 0, 20, 0, 0, 37 ]
[ -6, -1, 0, 2, 0, 3, 1, 0, 20 ]
[ -1, 0, -20, 0, -1, 9, 0, 0, 37 ]
[ -2, 0, -3, 0, -1, 9, 1, 0, 20 ]
[ 37, 0, 0, -7, 1, 0, 13, 0, 1 ]
[ 7, -1, 0, 2, 5, 0, -1, 2, 1 ]
[ 13, 0, 1, -7, 1, 0, 2, 0, 3 ]
[ 1, 21, 0, 0, 37, 0, 0, -14, 1 ]
[ 2, 5, 0, 1, 21, 0, 1, 7, 1 ]
[ 1, 2, 4, 2, 5, 0, 0, 0, 37 ]
[ 1, -2, -1, 2, 5, 0, 1, 2, 4 ]
[ 7, -1, 0, -1, 2, 1, 2, 0, 3 ]
[ 1, 0, 20, -7, 1, 0, 0, 0, 37 ]
[ 2, 0, 3, -7, 1, 0, 1, 0, 20 ]
[ -1, -21, 0, 0, -14, 1, 0, -5, 3 ]
[ 1, 7, 1, 1, 21, 0, 0, -5, 3 ]
[ -2, -5, 0, -1, -3, 4, 0, 0, 37 ]
[ 2, 5, 0, 1, 7, 1, -1, -3, 4 ]
[ 0, -1, 8, 1, 2, 4, 0, 0, 37 ]
[ -1, 2, 1, 0, -1, 8, 0, 0, 37 ]
[ 1, -2, -1, 1, 2, 4, 0, -1, 8 ]
[ 1, -1, -9, -1, 2, 1, 0, 0, 37 ]
[ 2, 0, 3, -1, 2, 1, -1, 1, 9 ]
[ 7, -1, 0, 1, 0, 20, 0, 0, 37 ]
[ 7, -1, 0, 2, 0, 3, 1, 0, 20 ]
[ -1, -21, 0, 0, -1, 8, 0, 0, 37 ]
[ -1, -21, 0, 0, -5, 3, 0, -1, 8 ]
[ 0, -1, 8, 1, 21, 0, 0, 0, 37 ]
[ 0, -5, 3, 1, 21, 0, 0, -1, 8 ]
[ -1, -7, -1, 0, -1, 8, 0, 0, 37 ]
[ -1, -7, -1, 0, -5, 3, 0, -1, 8 ]
[ 0, -1, 8, 1, 7, 1, 0, 0, 37 ]
[ -1, -3, 4, 0, -1, 8, 0, 0, 37 ]
[ 1, 3, -4, 1, 7, 1, 0, -1, 8 ]
[ 1, 0, 20, -1, 1, 9, 0, 0, 37 ]
[ 2, 0, 3, -1, 1, 9, 1, 0, 20 ]
[ 37, 0, 0, 17, 1, 0, 13, 0, 1 ]
[ 17, 1, 0, -3, 2, 0, -4, -1, 1 ]
[ 13, 0, 1, 17, 1, 0, 2, 0, 3 ]
[ 1, -13, 0, 0, 37, 0, 0, -16, 1 ]
[ 3, -2, 0, -1, 13, 0, -1, -3, 1 ]
[ 4, 1, -1, -3, 2, 0, 2, 0, 3 ]
[ -17, -1, 0, -4, -1, 1, 2, 0, 3 ]
[ 1, 0, 20, 17, 1, 0, 0, 0, 37 ]
[ 2, 0, 3, 17, 1, 0, 1, 0, 20 ]
[ -1, 13, 0, 0, -16, 1, 0, 5, 2 ]
[ 1, 3, -1, -1, 13, 0, 0, 5, 2 ]
[ -3, 2, 0, -1, -3, 1, -1, 2, 3 ]
[ -1, 1, 10, -3, 2, 0, 0, 0, 37 ]
[ 2, 0, 3, -3, 2, 0, -1, 1, 10 ]
[ -4, -1, 1, 1, 0, 20, 0, 0, 37 ]
[ -4, -1, 1, 2, 0, 3, 1, 0, 20 ]
[ -1, 0, -20, -4, -1, 1, 0, 0, 37 ]
[ -2, 0, -3, -4, -1, 1, 1, 0, 20 ]
[ -17, -1, 0, 1, 0, 20, 0, 0, 37 ]
[ -17, -1, 0, 2, 0, 3, 1, 0, 20 ]
[ -1, 13, 0, 0, -1, 7, 0, 0, 37 ]
[ 1, -13, 0, 0, 5, 2, 0, -1, 7 ]
[ 0, 1, -7, -1, 13, 0, 0, 0, 37 ]
[ 0, 5, 2, -1, 13, 0, 0, -1, 7 ]
[ -1, -3, 1, 0, -1, 7, 0, 0, 37 ]
[ 1, 3, -1, 0, 5, 2, 0, -1, 7 ]
[ 0, 1, -7, -1, -3, 1, 0, 0, 37 ]
[ -1, 2, 3, 0, -1, 7, 0, 0, 37 ]
[ -1, 2, 3, -1, -3, 1, 0, -1, 7 ]
[ 1, -1, -10, -1, 2, 3, 0, 0, 37 ]
[ 3, -2, 0, -1, 1, 10, 0, 0, 37 ]
[ 3, -2, 0, -1, 2, 3, -1, 1, 10 ]
[ 1, 0, 20, -1, 1, 10, 0, 0, 37 ]
[ 2, 0, 3, -1, 1, 10, 1, 0, 20 ]
[ 37, 0, 0, 4, 1, 0, 13, 0, 1 ]
[ 1, -9, 0, 0, 37, 0, 0, 6, 1 ]
[ 4, 1, 0, -1, 9, 0, 1, -3, 1 ]
[ 13, 0, 1, 4, 1, 0, 2, 0, 3 ]
[ -1, 9, 0, 0, -1, 6, 0, 0, 37 ]
[ 1, -9, 0, 0, 6, 1, 0, -1, 6 ]
[ 0, 1, -6, -1, 9, 0, 0, 0, 37 ]
[ -1, 3, -1, 0, -1, 6, 0, 0, 37 ]
[ 1, -3, 1, -1, 9, 0, 0, -1, 6 ]
[ -4, -1, 0, 1, -3, 1, 2, 0, 3 ]
[ 1, 0, 20, 4, 1, 0, 0, 0, 37 ]
[ 2, 0, 3, 4, 1, 0, 1, 0, 20 ]
[ 0, -1, 6, 1, -3, 1, 0, 0, 37 ]
[ -2, 0, -3, 1, -3, 1, 0, -1, 6 ]
[ -4, -1, 0, 1, 0, 20, 0, 0, 37 ]
[ -4, -1, 0, 2, 0, 3, 1, 0, 20 ]
[ -1, 0, -20, 0, -1, 6, 0, 0, 37 ]
[ -2, 0, -3, 0, -1, 6, 1, 0, 20 ]
[ 37, 0, 0, -9, 1, 0, 13, 0, 1 ]
[ 1, 4, 0, 0, 37, 0, 0, -15, 1 ]
[ 9, -1, 0, 1, 4, 0, 4, 1, 1 ]
[ 13, 0, 1, -9, 1, 0, 2, 0, 3 ]
[ -1, -4, 0, 0, -15, 1, 0, 7, 2 ]
[ 4, 1, 1, 1, 4, 0, -2, -1, 2 ]
[ 9, -1, 0, 4, 1, 1, 2, 0, 3 ]
[ 1, 0, 20, -9, 1, 0, 0, 0, 37 ]
[ 2, 0, 3, -9, 1, 0, 1, 0, 20 ]
[ -1, -4, 0, 0, -1, 5, 0, 0, 37 ]
[ 1, 4, 0, 0, 7, 2, 0, -1, 5 ]
[ 0, -1, 5, 1, 4, 0, 0, 0, 37 ]
[ 2, 1, -2, 1, 4, 0, 0, -1, 5 ]
[ -1, 0, -20, -2, -1, 2, 0, 0, 37 ]
[ -4, -1, -1, 1, 0, 20, 0, 0, 37 ]
[ -4, -1, -1, -2, -1, 2, 1, 0, 20 ]
[ 1, 0, 20, 4, 1, 1, 0, 0, 37 ]
[ 2, 0, 3, 4, 1, 1, 1, 0, 20 ]
[ 9, -1, 0, 1, 0, 20, 0, 0, 37 ]
[ 9, -1, 0, 2, 0, 3, 1, 0, 20 ]
[ -1, -1, 22, 0, -1, 5, 0, 0, 37 ]
[ -2, -1, 2, -1, -1, 22, 0, 0, 37 ]
[ -2, -1, 2, 0, -1, 5, -1, -1, 22 ]
[ 37, 0, 0, 15, 1, 0, 13, 0, 1 ]
[ 15, 1, 0, -7, 2, 0, -2, -1, 1 ]
[ 13, 0, 1, 15, 1, 0, 2, 0, 3 ]
[ 1, 5, 0, 0, 37, 0, 0, 9, 1 ]
[ 7, -2, 0, 1, 5, 0, -2, -1, 1 ]
[ 2, 1, -1, -7, 2, 0, 2, 0, 3 ]
[ -15, -1, 0, -2, -1, 1, 2, 0, 3 ]
[ 1, 0, 20, 15, 1, 0, 0, 0, 37 ]
[ 2, 0, 3, 15, 1, 0, 1, 0, 20 ]
[ -1, -5, 0, 0, -1, 4, 0, 0, 37 ]
[ 1, 5, 0, 0, 9, 1, 0, -1, 4 ]
[ 0, -1, 4, 1, 5, 0, 0, 0, 37 ]
[ 2, 1, -1, 1, 5, 0, 0, -1, 4 ]
[ -1, 0, -20, -2, -1, 1, 0, 0, 37 ]
[ -2, 0, -3, -2, -1, 1, 1, 0, 20 ]
[ -7, 2, 0, -2, -1, 1, 2, 0, 3 ]
[ -3, 1, 10, -7, 2, 0, 0, 0, 37 ]
[ 2, 0, 3, -7, 2, 0, -3, 1, 10 ]
[ -2, -1, 1, 1, 0, 20, 0, 0, 37 ]
[ -2, -1, 1, 2, 0, 3, 1, 0, 20 ]
[ -15, -1, 0, 1, 0, 20, 0, 0, 37 ]
[ -15, -1, 0, 2, 0, 3, 1, 0, 20 ]
[ -1, -1, 21, 0, -1, 4, 0, 0, 37 ]
[ -2, -1, 1, -1, -1, 21, 0, 0, 37 ]
[ -2, -1, 1, 0, -1, 4, -1, -1, 21 ]
[ 7, -2, 0, -3, 1, 10, 0, 0, 37 ]
[ 7, -2, 0, 2, 0, 3, -3, 1, 10 ]
[ 1, 0, 20, -3, 1, 10, 0, 0, 37 ]
[ 2, 0, 3, -3, 1, 10, 1, 0, 20 ]
[ -1, 0, -20, -2, -1, 1, 0, 0, 37 ]
[ -2, 0, -3, -2, -1, 1, 1, 0, 20 ]
[ 3, -1, -10, 1, 0, 20, 0, 0, 37 ]
[ 3, -1, -10, 2, 0, 3, 1, 0, 20 ]
[ 37, 0, 0, 2, 1, 0, 13, 0, 1 ]
[ 1, 19, 0, 0, 37, 0, 0, 12, 1 ]
[ 2, 1, 0, 1, 19, 0, -1, -7, 1 ]
[ 13, 0, 1, 2, 1, 0, 2, 0, 3 ]
[ -1, -19, 0, 0, -1, 3, 0, 0, 37 ]
[ 1, 19, 0, 0, 12, 1, 0, -1, 3 ]
[ 0, -1, 3, 1, 19, 0, 0, 0, 37 ]
[ -1, -7, 1, 0, -1, 3, 0, 0, 37 ]
[ 1, 7, -1, 1, 19, 0, 0, -1, 3 ]
[ 0, 1, -3, -1, -7, 1, 0, 0, 37 ]
[ -2, -1, 0, -1, -7, 1, 0, -1, 3 ]
[ 1, 0, 20, 2, 1, 0, 0, 0, 37 ]
[ 2, 0, 3, 2, 1, 0, 1, 0, 20 ]
[ -1, 0, -20, 0, -1, 3, 0, 0, 37 ]
[ -2, -1, 0, 1, 0, 20, 0, 0, 37 ]
[ -2, -1, 0, 0, -1, 3, 1, 0, 20 ]
[ 37, 0, 0, -11, 1, 0, 13, 0, 1 ]
[ 11, -1, 0, 4, 3, 0, 2, 1, 1 ]
[ 13, 0, 1, -11, 1, 0, 2, 0, 3 ]
[ 1, 10, 0, 0, 37, 0, 0, 18, 1 ]
[ 4, 3, 0, 1, 10, 0, -2, -2, 1 ]
[ 3, 2, 19, 4, 3, 0, 0, 0, 37 ]
[ 2, 1, 1, 3, 2, 19, 0, 0, 37 ]
[ 2, 1, 1, 4, 3, 0, 3, 2, 19 ]
[ 11, -1, 0, 2, 1, 1, 2, 0, 3 ]
[ 1, 0, 20, -11, 1, 0, 0, 0, 37 ]
[ 2, 0, 3, -11, 1, 0, 1, 0, 20 ]
[ -1, -10, 0, 0, -1, 2, 0, 0, 37 ]
[ 1, 10, 0, 0, 18, 1, 0, -1, 2 ]
[ 0, -1, 2, 1, 10, 0, 0, 0, 37 ]
[ 2, 2, -1, 1, 10, 0, 0, -1, 2 ]
[ -4, -3, 0, -1, -1, 19, 0, 0, 37 ]
[ -4, -3, 0, -2, -2, 1, -1, -1, 19 ]
[ 1, 0, 20, 2, 1, 1, 0, 0, 37 ]
[ 2, 0, 3, 2, 1, 1, 1, 0, 20 ]
[ 11, -1, 0, 1, 0, 20, 0, 0, 37 ]
[ 11, -1, 0, 2, 0, 3, 1, 0, 20 ]
[ -1, -1, 19, 0, -1, 2, 0, 0, 37 ]
[ -2, -2, 1, 0, -1, 2, -1, -1, 19 ]
[ 37, 0, 0, 13, 1, 0, 13, 0, 1 ]
[ 13, 1, 0, 2, 3, 0, 0, -1, 1 ]
[ 13, 0, 1, 13, 1, 0, 2, 0, 3 ]
[ -1, -20, 0, 0, -1, 1, 0, 0, 37 ]
[ 1, 20, 0, 0, 37, 0, 0, -1, 1 ]
[ 0, -1, 1, 1, 20, 0, 0, 0, 37 ]
[ 2, 3, 0, 1, 20, 0, 0, -1, 1 ]
[ 1, 1, 19, 2, 3, 0, 0, 0, 37 ]
[ 0, -1, 1, 1, 1, 19, 0, 0, 37 ]
[ 0, -1, 1, 2, 3, 0, 1, 1, 19 ]
[ -13, -1, 0, 0, -1, 1, 2, 0, 3 ]
[ 1, 0, 20, 13, 1, 0, 0, 0, 37 ]
[ 2, 0, 3, 13, 1, 0, 1, 0, 20 ]
[ -1, -1, -19, 0, -1, 1, 0, 0, 37 ]
[ -2, -3, 0, 1, 1, 19, 0, 0, 37 ]
[ -2, -3, 0, 0, -1, 1, 1, 1, 19 ]
[ -1, 0, -20, 0, -1, 1, 0, 0, 37 ]
[ -2, 0, -3, 0, -1, 1, 1, 0, 20 ]
[ -13, -1, 0, 1, 0, 20, 0, 0, 37 ]
[ -13, -1, 0, 2, 0, 3, 1, 0, 20 ]
[ 37, 0, 0, 0, 1, 0, -7, 0, 1 ]
[ 7, 0, -1, 0, 1, 0, 2, 0, 5 ]
[ 1, 0, 21, 0, 1, 0, 0, 0, 37 ]
[ 2, 0, 5, 0, 1, 0, 1, 0, 21 ]
[ 37, 0, 0, 7, 1, 0, -7, 0, 1 ]
[ 7, 1, 0, -2, 5, 0, 0, 1, 1 ]
[ 7, 0, -1, 7, 1, 0, 2, 0, 5 ]
[ 1, -21, 0, 0, 1, 1, 0, 0, 37 ]
[ 1, -21, 0, 0, 37, 0, 0, 1, 1 ]
[ 0, 1, 1, -1, 21, 0, 0, 0, 37 ]
[ 2, -5, 0, -1, 21, 0, 0, 1, 1 ]
[ -1, 3, 19, -2, 5, 0, 0, 0, 37 ]
[ 0, 1, 1, -1, 3, 19, 0, 0, 37 ]
[ 0, 1, 1, -2, 5, 0, -1, 3, 19 ]
[ 7, 1, 0, 0, 1, 1, 2, 0, 5 ]
[ 1, 0, 21, 7, 1, 0, 0, 0, 37 ]
[ 2, 0, 5, 7, 1, 0, 1, 0, 21 ]
[ 1, -3, -19, 0, 1, 1, 0, 0, 37 ]
[ 2, -5, 0, -1, 3, 19, 0, 0, 37 ]
[ 2, -5, 0, 0, 1, 1, -1, 3, 19 ]
[ 1, 0, 21, 0, 1, 1, 0, 0, 37 ]
[ 2, 0, 5, 0, 1, 1, 1, 0, 21 ]
[ -7, -1, 0, 1, 0, 21, 0, 0, 37 ]
[ -7, -1, 0, 2, 0, 5, 1, 0, 21 ]
[ 37, 0, 0, 14, 1, 0, -7, 0, 1 ]
[ 14, 1, 0, 5, 3, 0, 7, 1, 1 ]
[ 7, 0, -1, 14, 1, 0, 2, 0, 5 ]
[ 1, 8, 0, 0, 37, 0, 0, -18, 1 ]
[ 5, 3, 0, 1, 8, 0, 2, -2, 1 ]
[ 7, 1, 1, 5, 3, 0, 0, 1, 2 ]
[ 14, 1, 0, 7, 1, 1, 2, 0, 5 ]
[ 1, 0, 21, 14, 1, 0, 0, 0, 37 ]
[ 2, 0, 5, 14, 1, 0, 1, 0, 21 ]
[ 1, 8, 0, 0, 1, 2, 0, 0, 37 ]
[ -1, -8, 0, 0, -18, 1, 0, 1, 2 ]
[ 0, -1, -2, 1, 8, 0, 0, 0, 37 ]
[ 2, -2, 1, 1, 8, 0, 0, 1, 2 ]
[ -5, -3, 0, 2, -2, 1, 0, 1, 2 ]
[ 2, 1, 7, 5, 3, 0, 0, 0, 37 ]
[ 0, -1, -2, 5, 3, 0, 2, 1, 7 ]
[ 7, 1, 1, 0, 1, 2, 2, 0, 5 ]
[ 1, 0, 21, 7, 1, 1, 0, 0, 37 ]
[ 2, 0, 5, 7, 1, 1, 1, 0, 21 ]
[ -14, -1, 0, 1, 0, 21, 0, 0, 37 ]
[ -14, -1, 0, 2, 0, 5, 1, 0, 21 ]
[ 1, -1, 19, 0, 1, 2, 0, 0, 37 ]
[ 2, -2, 1, 0, 1, 2, 1, -1, 19 ]
[ 0, -1, -2, 1, -1, 19, 0, 0, 37 ]
[ 0, -1, -2, 2, -2, 1, 1, -1, 19 ]
[ -5, -3, 0, 2, 1, 7, 0, 0, 37 ]
[ 5, 3, 0, 0, 1, 2, 2, 1, 7 ]
[ -1, -1, -23, 2, 1, 7, 0, 0, 37 ]
[ 0, -1, -2, 1, 1, 23, 0, 0, 37 ]
[ 0, -1, -2, 2, 1, 7, 1, 1, 23 ]
[ 1, 0, 21, 0, 1, 2, 0, 0, 37 ]
[ 2, 0, 5, 0, 1, 2, 1, 0, 21 ]
[ -7, -1, -1, 1, 0, 21, 0, 0, 37 ]
[ -7, -1, -1, 2, 0, 5, 1, 0, 21 ]
[ 1, 1, 23, 0, 1, 2, 0, 0, 37 ]
[ 2, 1, 7, 1, 1, 23, 0, 0, 37 ]
[ 2, 1, 7, 0, 1, 2, 1, 1, 23 ]
[ 37, 0, 0, -16, 1, 0, -7, 0, 1 ]
[ 16, -1, 0, 5, 2, 0, -7, 0, 1 ]
[ 7, 0, -1, -16, 1, 0, 2, 0, 5 ]
[ 1, -7, 0, 0, 37, 0, 0, -12, 1 ]
[ 5, 2, 0, -1, 7, 0, -2, 2, 1 ]
[ 7, 0, -1, 5, 2, 0, 0, 1, 3 ]
[ -16, 1, 0, -7, 0, 1, 2, 0, 5 ]
[ 1, 0, 21, -16, 1, 0, 0, 0, 37 ]
[ 2, 0, 5, -16, 1, 0, 1, 0, 21 ]
[ 1, -7, 0, 0, 1, 3, 0, 0, 37 ]
[ -1, 7, 0, 0, -12, 1, 0, 1, 3 ]
[ 0, 1, 3, -1, 7, 0, 0, 0, 37 ]
[ 2, -2, -1, -1, 7, 0, 0, 1, 3 ]
[ 5, 2, 0, -2, 2, 1, 0, 1, 3 ]
[ -2, -1, -8, 5, 2, 0, 0, 0, 37 ]
[ 0, -1, -3, 5, 2, 0, 2, 1, 8 ]
[ 7, 0, -1, 0, 1, 3, 2, 0, 5 ]
[ 16, -1, 0, 1, 0, 21, 0, 0, 37 ]
[ 16, -1, 0, 2, 0, 5, 1, 0, 21 ]
[ 1, -1, -19, 0, 1, 3, 0, 0, 37 ]
[ 2, -2, -1, 0, 1, 3, -1, 1, 19 ]
[ 0, 1, 3, -1, 1, 19, 0, 0, 37 ]
[ 0, 1, 3, -2, 2, 1, -1, 1, 19 ]
[ 5, 2, 0, 2, 1, 8, 0, 0, 37 ]
[ 5, 2, 0, 0, 1, 3, 2, 1, 8 ]
[ -1, -1, -24, 2, 1, 8, 0, 0, 37 ]
[ 0, -1, -3, 1, 1, 24, 0, 0, 37 ]
[ 0, -1, -3, 2, 1, 8, 1, 1, 24 ]
[ 1, 0, 21, 0, 1, 3, 0, 0, 37 ]
[ 2, 0, 5, 0, 1, 3, 1, 0, 21 ]
[ 1, 1, 24, 0, 1, 3, 0, 0, 37 ]
[ 2, 1, 8, 1, 1, 24, 0, 0, 37 ]
[ 2, 1, 8, 0, 1, 3, 1, 1, 24 ]
[ 37, 0, 0, -9, 1, 0, -7, 0, 1 ]
[ 1, 4, 0, 0, 37, 0, 0, -9, 1 ]
[ 9, -1, 0, 1, 4, 0, 2, -1, 1 ]
[ 7, 0, -1, -9, 1, 0, 2, 0, 5 ]
[ 1, 4, 0, 0, 1, 4, 0, 0, 37 ]
[ -1, -4, 0, 0, -9, 1, 0, 1, 4 ]
[ 0, -1, -4, 1, 4, 0, 0, 0, 37 ]
[ 2, -1, 1, 1, 4, 0, 0, 1, 4 ]
[ -9, 1, 0, 2, -1, 1, 2, 0, 5 ]
[ 1, 0, 21, -9, 1, 0, 0, 0, 37 ]
[ 2, 0, 5, -9, 1, 0, 1, 0, 21 ]
[ 1, 0, 21, 0, 1, 4, 0, 0, 37 ]
[ 2, -1, 1, 1, 0, 21, 0, 0, 37 ]
[ 2, -1, 1, 0, 1, 4, 1, 0, 21 ]
[ -1, 0, -21, 2, -1, 1, 0, 0, 37 ]
[ -2, 0, -5, 2, -1, 1, 1, 0, 21 ]
[ 9, -1, 0, 1, 0, 21, 0, 0, 37 ]
[ 9, -1, 0, 2, 0, 5, 1, 0, 21 ]
[ 37, 0, 0, -2, 1, 0, -7, 0, 1 ]
[ 1, -19, 0, 0, 37, 0, 0, 15, 1 ]
[ 2, -1, 0, -1, 19, 0, 1, -4, 1 ]
[ 7, 0, -1, -2, 1, 0, 2, 0, 5 ]
[ 1, -19, 0, 0, 15, 1, 0, -7, 2 ]
[ 1, -4, 1, -1, 19, 0, 0, -7, 2 ]
[ 0, -1, -5, 1, -4, 1, 0, 0, 37 ]
[ -2, 1, 0, 1, -4, 1, 0, 1, 5 ]
[ 1, 0, 21, -2, 1, 0, 0, 0, 37 ]
[ 2, 0, 5, -2, 1, 0, 1, 0, 21 ]
[ 1, -19, 0, 0, 1, 5, 0, 0, 37 ]
[ -1, 19, 0, 0, -7, 2, 0, 1, 5 ]
[ 0, 1, 5, -1, 19, 0, 0, 0, 37 ]
[ 0, 7, -2, -1, 19, 0, 0, 1, 5 ]
[ 1, -4, 1, 0, 1, 5, 0, 0, 37 ]
[ -1, 4, -1, 0, -7, 2, 0, 1, 5 ]
[ 1, -1, -21, 0, 1, 5, 0, 0, 37 ]
[ 2, -1, 0, -1, 1, 21, 0, 0, 37 ]
[ 2, -1, 0, 0, 1, 5, -1, 1, 21 ]
[ 37, 0, 0, 5, 1, 0, -7, 0, 1 ]
[ 5, 1, 0, -2, 7, 0, -2, 1, 1 ]
[ 7, 0, -1, 5, 1, 0, 2, 0, 5 ]
[ 1, -22, 0, 0, 37, 0, 0, -6, 1 ]
[ 2, -7, 0, -1, 22, 0, 0, -6, 1 ]
[ 1, -3, 3, -2, 7, 0, 0, 0, 37 ]
[ 2, -1, -1, -2, 7, 0, 1, -3, 3 ]
[ 5, 1, 0, -2, 1, 1, 2, 0, 5 ]
[ 1, 0, 21, 5, 1, 0, 0, 0, 37 ]
[ 2, 0, 5, 5, 1, 0, 1, 0, 21 ]
[ 1, -22, 0, 0, 1, 6, 0, 0, 37 ]
[ -1, 22, 0, 0, -6, 1, 0, 1, 6 ]
[ 0, 1, 6, -1, 22, 0, 0, 0, 37 ]
[ 0, 6, -1, -1, 22, 0, 0, 1, 6 ]
[ 2, -7, 0, -1, 4, 3, 0, 0, 37 ]
[ -2, 7, 0, 0, -6, 1, -1, 4, 3 ]
[ 0, -1, -6, 1, -3, 3, 0, 0, 37 ]
[ -2, 1, 1, 1, -3, 3, 0, 1, 6 ]
[ 1, 0, 21, -2, 1, 1, 0, 0, 37 ]
[ 2, 0, 5, -2, 1, 1, 1, 0, 21 ]
[ -5, -1, 0, 1, 0, 21, 0, 0, 37 ]
[ -5, -1, 0, 2, 0, 5, 1, 0, 21 ]
[ 1, -4, -3, 0, 1, 6, 0, 0, 37 ]
[ -1, 4, 3, 0, -6, 1, 0, 1, 6 ]
[ 1, -1, -22, 0, 1, 6, 0, 0, 37 ]
[ 2, -1, -1, -1, 1, 22, 0, 0, 37 ]
[ 2, -1, -1, 0, 1, 6, -1, 1, 22 ]
[ 37, 0, 0, 12, 1, 0, -7, 0, 1 ]
[ 1, -3, 0, 0, 37, 0, 0, 16, 1 ]
[ 12, 1, 0, -1, 3, 0, 5, 1, 1 ]
[ 7, 0, -1, 12, 1, 0, 2, 0, 5 ]
[ 1, -3, 0, 0, 16, 1, 0, -5, 2 ]
[ 5, 1, 1, -1, 3, 0, -2, 1, 2 ]
[ 12, 1, 0, 5, 1, 1, 2, 0, 5 ]
[ 1, 0, 21, 12, 1, 0, 0, 0, 37 ]
[ 2, 0, 5, 12, 1, 0, 1, 0, 21 ]
[ 1, -3, 0, 0, 1, 7, 0, 0, 37 ]
[ -1, 3, 0, 0, -5, 2, 0, 1, 7 ]
[ 0, 1, 7, -1, 3, 0, 0, 0, 37 ]
[ 2, -1, -2, -1, 3, 0, 0, 1, 7 ]
[ 5, 1, 1, -2, 1, 2, 2, 0, 5 ]
[ 1, 0, 21, 5, 1, 1, 0, 0, 37 ]
[ 2, 0, 5, 5, 1, 1, 1, 0, 21 ]
[ -12, -1, 0, 1, 0, 21, 0, 0, 37 ]
[ -12, -1, 0, 2, 0, 5, 1, 0, 21 ]
[ 1, -1, -23, 0, 1, 7, 0, 0, 37 ]
[ 2, -1, -2, -1, 1, 23, 0, 0, 37 ]
[ 2, -1, -2, 0, 1, 7, -1, 1, 23 ]
[ 1, 0, 21, -2, 1, 2, 0, 0, 37 ]
[ 2, 0, 5, -2, 1, 2, 1, 0, 21 ]
[ -5, -1, -1, 1, 0, 21, 0, 0, 37 ]
[ -5, -1, -1, 2, 0, 5, 1, 0, 21 ]
[ 37, 0, 0, -18, 1, 0, -7, 0, 1 ]
[ 1, 2, 0, 0, 37, 0, 0, 14, 1 ]
[ 18, -1, 0, 1, 2, 0, -7, 0, 1 ]
[ 7, 0, -1, -18, 1, 0, 2, 0, 5 ]
[ 1, 2, 0, 0, 14, 1, 0, 5, 3 ]
[ 7, 0, -1, 1, 2, 0, -2, 1, 3 ]
[ -18, 1, 0, -7, 0, 1, 2, 0, 5 ]
[ 1, 0, 21, -18, 1, 0, 0, 0, 37 ]
[ 2, 0, 5, -18, 1, 0, 1, 0, 21 ]
[ 1, 2, 0, 0, 1, 8, 0, 0, 37 ]
[ 1, 2, 0, 0, 5, 3, 0, 1, 8 ]
[ 0, -1, -8, 1, 2, 0, 0, 0, 37 ]
[ 2, -1, -3, 1, 2, 0, 0, 1, 8 ]
[ 7, 0, -1, -2, 1, 3, 2, 0, 5 ]
[ 18, -1, 0, 1, 0, 21, 0, 0, 37 ]
[ 18, -1, 0, 2, 0, 5, 1, 0, 21 ]
[ 1, -1, -24, 0, 1, 8, 0, 0, 37 ]
[ 2, -1, -3, -1, 1, 24, 0, 0, 37 ]
[ 2, -1, -3, 0, 1, 8, -1, 1, 24 ]
[ 1, 0, 21, -2, 1, 3, 0, 0, 37 ]
[ 2, 0, 5, -2, 1, 3, 1, 0, 21 ]
[ 37, 0, 0, -11, 1, 0, -7, 0, 1 ]
[ 11, -1, 0, 4, 3, 0, 4, -1, 1 ]
[ 7, 0, -1, -11, 1, 0, 2, 0, 5 ]
[ 1, 10, 0, 0, 37, 0, 0, -4, 1 ]
[ 4, 3, 0, 1, 10, 0, 0, -4, 1 ]
[ 4, -1, 1, 4, 3, 0, -3, -1, 2 ]
[ -11, 1, 0, 4, -1, 1, 2, 0, 5 ]
[ 1, 0, 21, -11, 1, 0, 0, 0, 37 ]
[ 2, 0, 5, -11, 1, 0, 1, 0, 21 ]
[ 1, 10, 0, 0, 1, 9, 0, 0, 37 ]
[ -1, -10, 0, 0, -4, 1, 0, 1, 9 ]
[ 0, -1, -9, 1, 10, 0, 0, 0, 37 ]
[ 0, -4, 1, 1, 10, 0, 0, 1, 9 ]
[ -4, -3, 0, 0, -4, 1, 1, 2, 2 ]
[ -1, -1, 7, 4, 3, 0, 0, 0, 37 ]
[ 3, 1, -2, 4, 3, 0, -1, -1, 7 ]
[ -4, 1, -1, -3, -1, 2, 2, 0, 5 ]
[ -1, 0, -21, 4, -1, 1, 0, 0, 37 ]
[ -2, 0, -5, 4, -1, 1, 1, 0, 21 ]
[ 11, -1, 0, 1, 0, 21, 0, 0, 37 ]
[ 11, -1, 0, 2, 0, 5, 1, 0, 21 ]
[ 1, 2, 2, 0, 1, 9, 0, 0, 37 ]
[ -1, -2, -2, 0, -4, 1, 0, 1, 9 ]
[ 1, 1, -7, 1, 2, 2, 0, 0, 37 ]
[ -4, -3, 0, -1, -1, 7, 0, 0, 37 ]
[ 4, 3, 0, 1, 2, 2, -1, -1, 7 ]
[ -2, -1, 23, -1, -1, 7, 0, 0, 37 ]
[ -3, -1, 2, -2, -1, 23, 0, 0, 37 ]
[ -3, -1, 2, -1, -1, 7, -2, -1, 23 ]
[ -1, 0, -21, -3, -1, 2, 0, 0, 37 ]
[ -2, 0, -5, -3, -1, 2, 1, 0, 21 ]
[ 4, -1, 1, 1, 0, 21, 0, 0, 37 ]
[ 4, -1, 1, 2, 0, 5, 1, 0, 21 ]
[ 37, 0, 0, -4, 1, 0, -7, 0, 1 ]
[ 1, 9, 0, 0, 37, 0, 0, -11, 1 ]
[ 4, -1, 0, 1, 9, 0, 1, -2, 1 ]
[ 7, 0, -1, -4, 1, 0, 2, 0, 5 ]
[ -1, -9, 0, 0, -11, 1, 0, 4, 3 ]
[ 1, -2, 1, 1, 9, 0, 0, 4, 3 ]
[ -4, 1, 0, 1, -2, 1, -2, 1, 5 ]
[ 1, 0, 21, -4, 1, 0, 0, 0, 37 ]
[ 2, 0, 5, -4, 1, 0, 1, 0, 21 ]
[ 1, 9, 0, 0, 1, 10, 0, 0, 37 ]
[ 1, 9, 0, 0, 4, 3, 0, 1, 10 ]
[ 0, -1, -10, 1, 9, 0, 0, 0, 37 ]
[ 0, -4, -3, 1, 9, 0, 0, 1, 10 ]
[ 1, -2, 1, 0, 1, 10, 0, 0, 37 ]
[ 1, -2, 1, 0, 4, 3, 0, 1, 10 ]
[ -1, 1, -11, 1, -2, 1, 0, 0, 37 ]
[ -2, 1, 5, 1, -1, 11, 0, 0, 37 ]
[ -2, 1, 5, 1, -2, 1, 1, -1, 11 ]
[ 3, -1, -21, -2, 1, 5, 0, 0, 37 ]
[ 4, -1, 0, -3, 1, 21, 0, 0, 37 ]
[ 4, -1, 0, -2, 1, 5, -3, 1, 21 ]
[ 37, 0, 0, 3, 1, 0, -7, 0, 1 ]
[ 1, -12, 0, 0, 37, 0, 0, -10, 1 ]
[ 3, 1, 0, -1, 12, 0, -1, 2, 1 ]
[ 7, 0, -1, 3, 1, 0, 2, 0, 5 ]
[ -1, 12, 0, 0, -10, 1, 0, -3, 4 ]
[ 1, -2, -1, -1, 12, 0, 0, -3, 4 ]
[ 3, 1, 0, -1, 2, 1, -1, -1, 5 ]
[ 1, 0, 21, 3, 1, 0, 0, 0, 37 ]
[ 2, 0, 5, 3, 1, 0, 1, 0, 21 ]
[ 1, -12, 0, 0, 1, 11, 0, 0, 37 ]
[ -1, 12, 0, 0, -3, 4, 0, 1, 11 ]
[ 0, 1, 11, -1, 12, 0, 0, 0, 37 ]
[ 0, 3, -4, -1, 12, 0, 0, 1, 11 ]
[ 1, -2, -1, 0, 1, 11, 0, 0, 37 ]
[ -1, 2, 1, 0, -3, 4, 0, 1, 11 ]
[ 0, 1, 11, -1, 2, 1, 0, 0, 37 ]
[ 1, 1, -5, 0, 1, 11, 0, 0, 37 ]
[ 1, 1, -5, -1, 2, 1, 0, 1, 11 ]
[ -1, 0, -21, -1, -1, 5, 0, 0, 37 ]
[ -3, -1, 0, 1, 0, 21, 0, 0, 37 ]
[ -3, -1, 0, -1, -1, 5, 1, 0, 21 ]
[ 37, 0, 0, 10, 1, 0, -7, 0, 1 ]
[ 10, 1, 0, 3, 4, 0, 3, 1, 1 ]
[ 7, 0, -1, 10, 1, 0, 2, 0, 5 ]
[ 1, -11, 0, 0, 37, 0, 0, -3, 1 ]
[ 3, 4, 0, -1, 11, 0, 0, -3, 1 ]
[ 1, 1, -4, 3, 4, 0, 0, 0, 37 ]
[ 3, 1, 1, 3, 4, 0, -1, -1, 4 ]
[ 10, 1, 0, 3, 1, 1, 2, 0, 5 ]
[ 1, 0, 21, 10, 1, 0, 0, 0, 37 ]
[ 2, 0, 5, 10, 1, 0, 1, 0, 21 ]
[ 1, -11, 0, 0, 1, 12, 0, 0, 37 ]
[ -1, 11, 0, 0, -3, 1, 0, 1, 12 ]
[ 0, 1, 12, -1, 11, 0, 0, 0, 37 ]
[ 0, 3, -1, -1, 11, 0, 0, 1, 12 ]
[ 3, 4, 0, -1, -1, 4, 0, 0, 37 ]
[ -3, -4, 0, 0, -3, 1, -1, -1, 4 ]
[ -1, 0, -21, -1, -1, 4, 0, 0, 37 ]
[ -3, -1, -1, 1, 0, 21, 0, 0, 37 ]
[ -3, -1, -1, -1, -1, 4, 1, 0, 21 ]
[ 1, 0, 21, 3, 1, 1, 0, 0, 37 ]
[ 2, 0, 5, 3, 1, 1, 1, 0, 21 ]
[ -10, -1, 0, 1, 0, 21, 0, 0, 37 ]
[ -10, -1, 0, 2, 0, 5, 1, 0, 21 ]
[ 1, 1, -4, 0, 1, 12, 0, 0, 37 ]
[ -1, -1, 4, 0, -3, 1, 0, 1, 12 ]
[ 37, 0, 0, 17, 1, 0, -7, 0, 1 ]
[ 17, 1, 0, -3, 2, 0, -7, 0, 1 ]
[ 7, 0, -1, 17, 1, 0, 2, 0, 5 ]
[ 1, -13, 0, 0, 37, 0, 0, -17, 1 ]
[ 3, -2, 0, -1, 13, 0, -1, -4, 1 ]
[ 7, 0, -1, -3, 2, 0, -4, 1, 3 ]
[ 17, 1, 0, -7, 0, 1, 2, 0, 5 ]
[ 1, 0, 21, 17, 1, 0, 0, 0, 37 ]
[ 2, 0, 5, 17, 1, 0, 1, 0, 21 ]
[ -1, 13, 0, 0, -17, 1, 0, 3, 2 ]
[ 1, 4, -1, -1, 13, 0, 0, 3, 2 ]
[ -3, 2, 0, -1, -4, 1, -1, -1, 3 ]
[ 2, -1, -8, -3, 2, 0, 0, 0, 37 ]
[ 4, -1, -3, -3, 2, 0, -2, 1, 8 ]
[ 7, 0, -1, -4, 1, 3, 2, 0, 5 ]
[ -17, -1, 0, 1, 0, 21, 0, 0, 37 ]
[ -17, -1, 0, 2, 0, 5, 1, 0, 21 ]
[ 1, -13, 0, 0, 1, 13, 0, 0, 37 ]
[ 1, -13, 0, 0, 3, 2, 0, 1, 13 ]
[ 0, 1, 13, -1, 13, 0, 0, 0, 37 ]
[ 0, 3, 2, -1, 13, 0, 0, 1, 13 ]
[ 1, 4, -1, 0, 1, 13, 0, 0, 37 ]
[ 1, 4, -1, 0, 3, 2, 0, 1, 13 ]
[ 0, 1, 13, -1, -4, 1, 0, 0, 37 ]
[ 1, 1, -3, 0, 1, 13, 0, 0, 37 ]
[ -1, -1, 3, -1, -4, 1, 0, 1, 13 ]
[ -3, 2, 0, 1, -1, 8, 0, 0, 37 ]
[ -3, 2, 0, -1, -1, 3, 1, -1, 8 ]
[ 3, -1, -24, -2, 1, 8, 0, 0, 37 ]
[ 4, -1, -3, -3, 1, 24, 0, 0, 37 ]
[ 4, -1, -3, -2, 1, 8, -3, 1, 24 ]
[ 1, 0, 21, -4, 1, 3, 0, 0, 37 ]
[ 2, 0, 5, -4, 1, 3, 1, 0, 21 ]
[ 0, 1, -24, -1, -1, 3, 0, 0, 37 ]
[ -1, 1, -8, 0, -1, 24, 0, 0, 37 ]
[ -1, 1, -8, -1, -1, 3, 0, -1, 24 ]
[ 37, 0, 0, -13, 1, 0, -7, 0, 1 ]
[ 13, -1, 0, -2, 3, 0, 6, -1, 1 ]
[ 7, 0, -1, -13, 1, 0, 2, 0, 5 ]
[ 1, -20, 0, 0, 37, 0, 0, 8, 1 ]
[ 2, -3, 0, -1, 20, 0, 0, 8, 1 ]
[ 6, -1, 1, -2, 3, 0, -1, -1, 2 ]
[ -13, 1, 0, 6, -1, 1, 2, 0, 5 ]
[ 1, 0, 21, -13, 1, 0, 0, 0, 37 ]
[ 2, 0, 5, -13, 1, 0, 1, 0, 21 ]
[ 1, -20, 0, 0, 8, 1, 0, 3, 5 ]
[ 0, 8, 1, -1, 20, 0, 0, 3, 5 ]
[ 2, -3, 0, 0, 8, 1, -1, -1, 2 ]
[ 1, -1, 7, -2, 3, 0, 0, 0, 37 ]
[ 1, 1, -2, -2, 3, 0, 1, -1, 7 ]
[ -6, 1, -1, -1, -1, 2, 2, 0, 5 ]
[ -1, 0, -21, 6, -1, 1, 0, 0, 37 ]
[ -2, 0, -5, 6, -1, 1, 1, 0, 21 ]
[ 13, -1, 0, 1, 0, 21, 0, 0, 37 ]
[ 13, -1, 0, 2, 0, 5, 1, 0, 21 ]
[ 1, -20, 0, 0, 1, 14, 0, 0, 37 ]
[ 1, -20, 0, 0, 3, 5, 0, 1, 14 ]
[ 0, 1, 14, -1, 20, 0, 0, 0, 37 ]
[ 0, 3, 5, -1, 20, 0, 0, 1, 14 ]
[ 1, 1, -2, 0, 8, 1, 0, 3, 5 ]
[ 2, -3, 0, 1, -1, 7, 0, 0, 37 ]
[ -2, 3, 0, -1, -1, 2, 1, -1, 7 ]
[ 0, -1, 23, 1, -1, 7, 0, 0, 37 ]
[ -1, -1, 2, 0, -1, 23, 0, 0, 37 ]
[ -1, -1, 2, 1, -1, 7, 0, -1, 23 ]
[ -1, 0, -21, -1, -1, 2, 0, 0, 37 ]
[ -2, 0, -5, -1, -1, 2, 1, 0, 21 ]
[ 6, -1, 1, 1, 0, 21, 0, 0, 37 ]
[ 6, -1, 1, 2, 0, 5, 1, 0, 21 ]
[ 1, 1, -2, 0, 1, 14, 0, 0, 37 ]
[ 1, 1, -2, 0, 3, 5, 0, 1, 14 ]
[ 0, 1, -23, -1, -1, 2, 0, 0, 37 ]
[ -1, 1, -7, 0, -1, 23, 0, 0, 37 ]
[ -1, 1, -7, -1, -1, 2, 0, -1, 23 ]
[ 37, 0, 0, -6, 1, 0, -7, 0, 1 ]
[ 1, 6, 0, 0, 37, 0, 0, 5, 1 ]
[ 6, -1, 0, 1, 6, 0, -1, -1, 1 ]
[ 7, 0, -1, -6, 1, 0, 2, 0, 5 ]
[ 1, 6, 0, 0, 5, 1, 0, -2, 7 ]
[ 1, 1, -1, 1, 6, 0, 0, -2, 7 ]
[ -6, 1, 0, -1, -1, 1, 2, 0, 5 ]
[ 1, 0, 21, -6, 1, 0, 0, 0, 37 ]
[ 2, 0, 5, -6, 1, 0, 1, 0, 21 ]
[ -1, -6, 0, 0, -1, 22, 0, 0, 37 ]
[ -1, -6, 0, 0, -2, 7, 0, -1, 22 ]
[ 0, -1, 22, 1, 6, 0, 0, 0, 37 ]
[ 0, -2, 7, 1, 6, 0, 0, -1, 22 ]
[ -1, -1, 1, 0, -1, 22, 0, 0, 37 ]
[ -1, -1, 1, 0, -2, 7, 0, -1, 22 ]
[ -1, 0, -21, -1, -1, 1, 0, 0, 37 ]
[ -2, 0, -5, -1, -1, 1, 1, 0, 21 ]
[ 6, -1, 0, 1, 0, 21, 0, 0, 37 ]
[ 6, -1, 0, 2, 0, 5, 1, 0, 21 ]
[ 1, 1, 0, 0, 37, 0, 0, 7, 1 ]
[ 37, 0, 0, 1, 1, 0, -7, 0, 1 ]
[ 1, 1, 0, 0, 7, 1, 0, -2, 5 ]
[ 7, 0, -1, 1, 1, 0, 2, 0, 5 ]
[ -1, -1, 0, 0, -1, 21, 0, 0, 37 ]
[ -1, -1, 0, 0, -2, 5, 0, -1, 21 ]
[ 1, 0, 21, 1, 1, 0, 0, 0, 37 ]
[ 2, 0, 5, 1, 1, 0, 1, 0, 21 ]
[ 37, 0, 0, 8, 1, 0, -7, 0, 1 ]
[ 8, 1, 0, 3, 5, 0, 1, 1, 1 ]
[ 7, 0, -1, 8, 1, 0, 2, 0, 5 ]
[ 1, 14, 0, 0, 37, 0, 0, -13, 1 ]
[ 3, 5, 0, 1, 14, 0, 1, 1, 1 ]
[ 2, 3, 19, 3, 5, 0, 0, 0, 37 ]
[ 1, 1, 1, 2, 3, 19, 0, 0, 37 ]
[ 1, 1, 1, 3, 5, 0, 2, 3, 19 ]
[ 8, 1, 0, 1, 1, 1, 2, 0, 5 ]
[ 1, 0, 21, 8, 1, 0, 0, 0, 37 ]
[ 2, 0, 5, 8, 1, 0, 1, 0, 21 ]
[ -1, -14, 0, 0, -13, 1, 0, -2, 3 ]
[ 1, 1, 1, 1, 14, 0, 0, -2, 3 ]
[ -2, -3, -19, 1, 1, 1, 0, 0, 37 ]
[ -3, -5, 0, 2, 3, 19, 0, 0, 37 ]
[ -3, -5, 0, 1, 1, 1, 2, 3, 19 ]
[ 1, 0, 21, 1, 1, 1, 0, 0, 37 ]
[ 2, 0, 5, 1, 1, 1, 1, 0, 21 ]
[ -8, -1, 0, 1, 0, 21, 0, 0, 37 ]
[ -8, -1, 0, 2, 0, 5, 1, 0, 21 ]
[ -1, -14, 0, 0, -1, 20, 0, 0, 37 ]
[ -1, -14, 0, 0, -2, 3, 0, -1, 20 ]
[ 0, -1, 20, 1, 14, 0, 0, 0, 37 ]
[ 0, -2, 3, 1, 14, 0, 0, -1, 20 ]
[ -1, -1, -1, 0, -1, 20, 0, 0, 37 ]
[ -1, -1, -1, 0, -2, 3, 0, -1, 20 ]
[ 37, 0, 0, 15, 1, 0, -7, 0, 1 ]
[ 15, 1, 0, -7, 2, 0, -7, 0, 1 ]
[ 7, 0, -1, 15, 1, 0, 2, 0, 5 ]
[ 1, 5, 0, 0, 37, 0, 0, -2, 1 ]
[ 7, -2, 0, 1, 5, 0, 0, -2, 1 ]
[ 7, 0, -1, -7, 2, 0, -6, 1, 3 ]
[ 15, 1, 0, -7, 0, 1, 2, 0, 5 ]
[ 1, 0, 21, 15, 1, 0, 0, 0, 37 ]
[ 2, 0, 5, 15, 1, 0, 1, 0, 21 ]
[ -1, -5, 0, 0, -1, 19, 0, 0, 37 ]
[ -1, -5, 0, 0, -2, 1, 0, -1, 19 ]
[ 0, -1, 19, 1, 5, 0, 0, 0, 37 ]
[ 0, -2, 1, 1, 5, 0, 0, -1, 19 ]
[ -7, 2, 0, 0, -2, 1, 1, -1, 3 ]
[ 4, -1, -8, -7, 2, 0, 0, 0, 37 ]
[ 6, -1, -3, -7, 2, 0, -4, 1, 8 ]
[ 7, 0, -1, -6, 1, 3, 2, 0, 5 ]
[ -15, -1, 0, 1, 0, 21, 0, 0, 37 ]
[ -15, -1, 0, 2, 0, 5, 1, 0, 21 ]
[ -1, 1, -3, 0, -1, 19, 0, 0, 37 ]
[ -1, 1, -3, 0, -2, 1, 0, -1, 19 ]
[ -7, 2, 0, 3, -1, 8, 0, 0, 37 ]
[ -7, 2, 0, 1, -1, 3, 3, -1, 8 ]
[ 5, -1, -24, -4, 1, 8, 0, 0, 37 ]
[ 6, -1, -3, -5, 1, 24, 0, 0, 37 ]
[ 6, -1, -3, -4, 1, 8, -5, 1, 24 ]
[ 1, 0, 21, -6, 1, 3, 0, 0, 37 ]
[ 2, 0, 5, -6, 1, 3, 1, 0, 21 ]
[ -2, 1, -24, 1, -1, 3, 0, 0, 37 ]
[ -3, 1, -8, 2, -1, 24, 0, 0, 37 ]
[ -3, 1, -8, 1, -1, 3, 2, -1, 24 ]
[ 37, 0, 0, -15, 1, 0, -7, 0, 1 ]
[ 15, -1, 0, 7, 2, 0, -7, 0, 1 ]
[ 7, 0, -1, -15, 1, 0, 2, 0, 5 ]
[ 1, -5, 0, 0, 37, 0, 0, 2, 1 ]
[ 7, 2, 0, -1, 5, 0, 0, 2, 1 ]
[ 7, 0, -1, 7, 2, 0, 1, 1, 3 ]
[ -15, 1, 0, -7, 0, 1, 2, 0, 5 ]
[ 1, 0, 21, -15, 1, 0, 0, 0, 37 ]
[ 2, 0, 5, -15, 1, 0, 1, 0, 21 ]
[ 1, -5, 0, 0, 1, 19, 0, 0, 37 ]
[ 1, -5, 0, 0, 2, 1, 0, 1, 19 ]
[ 0, 1, 19, -1, 5, 0, 0, 0, 37 ]
[ 0, 2, 1, -1, 5, 0, 0, 1, 19 ]
[ 7, 2, 0, 0, 2, 1, 1, 1, 3 ]
[ -3, -1, -8, 7, 2, 0, 0, 0, 37 ]
[ -1, -1, -3, 7, 2, 0, 3, 1, 8 ]
[ 7, 0, -1, 1, 1, 3, 2, 0, 5 ]
[ 15, -1, 0, 1, 0, 21, 0, 0, 37 ]
[ 15, -1, 0, 2, 0, 5, 1, 0, 21 ]
[ 1, 1, 3, 0, 1, 19, 0, 0, 37 ]
[ 1, 1, 3, 0, 2, 1, 0, 1, 19 ]
[ 7, 2, 0, 3, 1, 8, 0, 0, 37 ]
[ 7, 2, 0, 1, 1, 3, 3, 1, 8 ]
[ -2, -1, -24, 3, 1, 8, 0, 0, 37 ]
[ -1, -1, -3, 2, 1, 24, 0, 0, 37 ]
[ -1, -1, -3, 3, 1, 8, 2, 1, 24 ]
[ 1, 0, 21, 1, 1, 3, 0, 0, 37 ]
[ 2, 0, 5, 1, 1, 3, 1, 0, 21 ]
[ 2, 1, 24, 1, 1, 3, 0, 0, 37 ]
[ 3, 1, 8, 2, 1, 24, 0, 0, 37 ]
[ 3, 1, 8, 1, 1, 3, 2, 1, 24 ]
[ 37, 0, 0, -8, 1, 0, -7, 0, 1 ]
[ 8, -1, 0, -3, 5, 0, 1, -1, 1 ]
[ 7, 0, -1, -8, 1, 0, 2, 0, 5 ]
[ 1, -14, 0, 0, 37, 0, 0, 13, 1 ]
[ 3, -5, 0, -1, 14, 0, 1, -1, 1 ]
[ -1, 2, 19, -3, 5, 0, 0, 0, 37 ]
[ 1, -1, 1, -1, 2, 19, 0, 0, 37 ]
[ 1, -1, 1, -3, 5, 0, -1, 2, 19 ]
[ -8, 1, 0, 1, -1, 1, 2, 0, 5 ]
[ 1, 0, 21, -8, 1, 0, 0, 0, 37 ]
[ 2, 0, 5, -8, 1, 0, 1, 0, 21 ]
[ 1, -14, 0, 0, 13, 1, 0, 2, 3 ]
[ 1, -1, 1, -1, 14, 0, 0, 2, 3 ]
[ 1, -2, -19, 1, -1, 1, 0, 0, 37 ]
[ 3, -5, 0, -1, 2, 19, 0, 0, 37 ]
[ 3, -5, 0, 1, -1, 1, -1, 2, 19 ]
[ -1, 0, -21, 1, -1, 1, 0, 0, 37 ]
[ -2, 0, -5, 1, -1, 1, 1, 0, 21 ]
[ 8, -1, 0, 1, 0, 21, 0, 0, 37 ]
[ 8, -1, 0, 2, 0, 5, 1, 0, 21 ]
[ 1, -14, 0, 0, 1, 20, 0, 0, 37 ]
[ 1, -14, 0, 0, 2, 3, 0, 1, 20 ]
[ 0, 1, 20, -1, 14, 0, 0, 0, 37 ]
[ 0, 2, 3, -1, 14, 0, 0, 1, 20 ]
[ 1, -1, 1, 0, 1, 20, 0, 0, 37 ]
[ 1, -1, 1, 0, 2, 3, 0, 1, 20 ]
[ 1, -1, 0, 0, 37, 0, 0, -7, 1 ]
[ 37, 0, 0, -1, 1, 0, -7, 0, 1 ]
[ -1, 1, 0, 0, -7, 1, 0, 2, 5 ]
[ 7, 0, -1, -1, 1, 0, 2, 0, 5 ]
[ 1, -1, 0, 0, 1, 21, 0, 0, 37 ]
[ 1, -1, 0, 0, 2, 5, 0, 1, 21 ]
[ 1, 0, 21, -1, 1, 0, 0, 0, 37 ]
[ 2, 0, 5, -1, 1, 0, 1, 0, 21 ]
[ 37, 0, 0, 6, 1, 0, -7, 0, 1 ]
[ 1, -6, 0, 0, 37, 0, 0, -5, 1 ]
[ 6, 1, 0, -1, 6, 0, -1, 1, 1 ]
[ 7, 0, -1, 6, 1, 0, 2, 0, 5 ]
[ -1, 6, 0, 0, -5, 1, 0, 2, 7 ]
[ 1, -1, -1, -1, 6, 0, 0, 2, 7 ]
[ 6, 1, 0, -1, 1, 1, 2, 0, 5 ]
[ 1, 0, 21, 6, 1, 0, 0, 0, 37 ]
[ 2, 0, 5, 6, 1, 0, 1, 0, 21 ]
[ 1, -6, 0, 0, 1, 22, 0, 0, 37 ]
[ 1, -6, 0, 0, 2, 7, 0, 1, 22 ]
[ 0, 1, 22, -1, 6, 0, 0, 0, 37 ]
[ 0, 2, 7, -1, 6, 0, 0, 1, 22 ]
[ 1, -1, -1, 0, 1, 22, 0, 0, 37 ]
[ 1, -1, -1, 0, 2, 7, 0, 1, 22 ]
[ 1, 0, 21, -1, 1, 1, 0, 0, 37 ]
[ 2, 0, 5, -1, 1, 1, 1, 0, 21 ]
[ -6, -1, 0, 1, 0, 21, 0, 0, 37 ]
[ -6, -1, 0, 2, 0, 5, 1, 0, 21 ]
[ 37, 0, 0, 13, 1, 0, -7, 0, 1 ]
[ 13, 1, 0, 2, 3, 0, 6, 1, 1 ]
[ 7, 0, -1, 13, 1, 0, 2, 0, 5 ]
[ 1, 20, 0, 0, 37, 0, 0, -8, 1 ]
[ 2, 3, 0, 1, 20, 0, 0, -8, 1 ]
[ 6, 1, 1, 2, 3, 0, -1, 1, 2 ]
[ 13, 1, 0, 6, 1, 1, 2, 0, 5 ]
[ 1, 0, 21, 13, 1, 0, 0, 0, 37 ]
[ 2, 0, 5, 13, 1, 0, 1, 0, 21 ]
[ -1, -20, 0, 0, -8, 1, 0, -3, 5 ]
[ 0, -8, 1, 1, 20, 0, 0, -3, 5 ]
[ -2, -3, 0, 0, -8, 1, 1, 4, 2 ]
[ 1, 1, 7, 2, 3, 0, 0, 0, 37 ]
[ 1, -1, -2, 2, 3, 0, 1, 1, 7 ]
[ 6, 1, 1, -1, 1, 2, 2, 0, 5 ]
[ 1, 0, 21, 6, 1, 1, 0, 0, 37 ]
[ 2, 0, 5, 6, 1, 1, 1, 0, 21 ]
[ -13, -1, 0, 1, 0, 21, 0, 0, 37 ]
[ -13, -1, 0, 2, 0, 5, 1, 0, 21 ]
[ -1, -20, 0, 0, -1, 14, 0, 0, 37 ]
[ -1, -20, 0, 0, -3, 5, 0, -1, 14 ]
[ 0, -1, 14, 1, 20, 0, 0, 0, 37 ]
[ 0, -3, 5, 1, 20, 0, 0, -1, 14 ]
[ -1, -4, -2, 0, -8, 1, 0, -3, 5 ]
[ -2, -3, 0, -1, -2, 7, 0, 0, 37 ]
[ 2, 3, 0, 1, 4, 2, -1, -2, 7 ]
[ 0, -1, -23, 1, 1, 7, 0, 0, 37 ]
[ 1, -1, -2, 0, 1, 23, 0, 0, 37 ]
[ 1, -1, -2, 1, 1, 7, 0, 1, 23 ]
[ 1, 0, 21, -1, 1, 2, 0, 0, 37 ]
[ 2, 0, 5, -1, 1, 2, 1, 0, 21 ]
[ -6, -1, -1, 1, 0, 21, 0, 0, 37 ]
[ -6, -1, -1, 2, 0, 5, 1, 0, 21 ]
[ -1, -4, -2, 0, -1, 14, 0, 0, 37 ]
[ -1, -4, -2, 0, -3, 5, 0, -1, 14 ]
[ 0, -1, -23, 1, 4, 2, 0, 0, 37 ]
[ 1, 2, -7, 0, 1, 23, 0, 0, 37 ]
[ 1, 2, -7, 1, 4, 2, 0, 1, 23 ]
[ 37, 0, 0, -17, 1, 0, -7, 0, 1 ]
[ 17, -1, 0, 3, 2, 0, -7, 0, 1 ]
[ 7, 0, -1, -17, 1, 0, 2, 0, 5 ]
[ 1, 13, 0, 0, 37, 0, 0, 17, 1 ]
[ 3, 2, 0, 1, 13, 0, -1, 4, 1 ]
[ 7, 0, -1, 3, 2, 0, -1, 1, 3 ]
[ -17, 1, 0, -7, 0, 1, 2, 0, 5 ]
[ 1, 0, 21, -17, 1, 0, 0, 0, 37 ]
[ 2, 0, 5, -17, 1, 0, 1, 0, 21 ]
[ 1, 13, 0, 0, 17, 1, 0, -3, 2 ]
[ 1, -4, -1, 1, 13, 0, 0, -3, 2 ]
[ 3, 2, 0, -1, 4, 1, -1, 1, 3 ]
[ -1, -1, -8, 3, 2, 0, 0, 0, 37 ]
[ 1, -1, -3, 3, 2, 0, 1, 1, 8 ]
[ 7, 0, -1, -1, 1, 3, 2, 0, 5 ]
[ 17, -1, 0, 1, 0, 21, 0, 0, 37 ]
[ 17, -1, 0, 2, 0, 5, 1, 0, 21 ]
[ -1, -13, 0, 0, -1, 13, 0, 0, 37 ]
[ -1, -13, 0, 0, -3, 2, 0, -1, 13 ]
[ 0, -1, 13, 1, 13, 0, 0, 0, 37 ]
[ 0, -3, 2, 1, 13, 0, 0, -1, 13 ]
[ -1, 4, 1, 0, -1, 13, 0, 0, 37 ]
[ -1, 4, 1, 0, -3, 2, 0, -1, 13 ]
[ 0, 1, -13, -1, 4, 1, 0, 0, 37 ]
[ -1, 1, 3, 0, -1, 13, 0, 0, 37 ]
[ 1, -1, -3, -1, 4, 1, 0, -1, 13 ]
[ 3, 2, 0, 1, 1, 8, 0, 0, 37 ]
[ 3, 2, 0, -1, 1, 3, 1, 1, 8 ]
[ 0, -1, -24, 1, 1, 8, 0, 0, 37 ]
[ 1, -1, -3, 0, 1, 24, 0, 0, 37 ]
[ 1, -1, -3, 1, 1, 8, 0, 1, 24 ]
[ 1, 0, 21, -1, 1, 3, 0, 0, 37 ]
[ 2, 0, 5, -1, 1, 3, 1, 0, 21 ]
[ 0, 1, 24, -1, 1, 3, 0, 0, 37 ]
[ 1, 1, 8, 0, 1, 24, 0, 0, 37 ]
[ 1, 1, 8, -1, 1, 3, 0, 1, 24 ]
[ 37, 0, 0, -10, 1, 0, -7, 0, 1 ]
[ 10, -1, 0, -3, 4, 0, 3, -1, 1 ]
[ 7, 0, -1, -10, 1, 0, 2, 0, 5 ]
[ 1, 11, 0, 0, 37, 0, 0, 3, 1 ]
[ 3, -4, 0, 1, 11, 0, 0, 3, 1 ]
[ 1, -1, -4, -3, 4, 0, 0, 0, 37 ]
[ 3, -1, 1, -3, 4, 0, -1, 1, 4 ]
[ -10, 1, 0, 3, -1, 1, 2, 0, 5 ]
[ 1, 0, 21, -10, 1, 0, 0, 0, 37 ]
[ 2, 0, 5, -10, 1, 0, 1, 0, 21 ]
[ -1, -11, 0, 0, -1, 12, 0, 0, 37 ]
[ 1, 11, 0, 0, 3, 1, 0, -1, 12 ]
[ 0, -1, 12, 1, 11, 0, 0, 0, 37 ]
[ 0, -3, -1, 1, 11, 0, 0, -1, 12 ]
[ -3, 4, 0, -1, 1, 4, 0, 0, 37 ]
[ 3, -4, 0, 0, 3, 1, -1, 1, 4 ]
[ 1, 0, 21, -1, 1, 4, 0, 0, 37 ]
[ 3, -1, 1, 1, 0, 21, 0, 0, 37 ]
[ 3, -1, 1, -1, 1, 4, 1, 0, 21 ]
[ -1, 0, -21, 3, -1, 1, 0, 0, 37 ]
[ -2, 0, -5, 3, -1, 1, 1, 0, 21 ]
[ 10, -1, 0, 1, 0, 21, 0, 0, 37 ]
[ 10, -1, 0, 2, 0, 5, 1, 0, 21 ]
[ -1, 1, 4, 0, -1, 12, 0, 0, 37 ]
[ 1, -1, -4, 0, 3, 1, 0, -1, 12 ]
[ 37, 0, 0, -3, 1, 0, -7, 0, 1 ]
[ 1, 12, 0, 0, 37, 0, 0, 10, 1 ]
[ 3, -1, 0, 1, 12, 0, -1, -2, 1 ]
[ 7, 0, -1, -3, 1, 0, 2, 0, 5 ]
[ 1, 12, 0, 0, 10, 1, 0, 3, 4 ]
[ 1, 2, -1, 1, 12, 0, 0, 3, 4 ]
[ -3, 1, 0, -1, -2, 1, -1, 1, 5 ]
[ 1, 0, 21, -3, 1, 0, 0, 0, 37 ]
[ 2, 0, 5, -3, 1, 0, 1, 0, 21 ]
[ -1, -12, 0, 0, -1, 11, 0, 0, 37 ]
[ 1, 12, 0, 0, 3, 4, 0, -1, 11 ]
[ 0, -1, 11, 1, 12, 0, 0, 0, 37 ]
[ 0, -3, -4, 1, 12, 0, 0, -1, 11 ]
[ -1, -2, 1, 0, -1, 11, 0, 0, 37 ]
[ 1, 2, -1, 0, 3, 4, 0, -1, 11 ]
[ 0, 1, -11, -1, -2, 1, 0, 0, 37 ]
[ -1, 1, 5, 0, -1, 11, 0, 0, 37 ]
[ -1, 1, 5, -1, -2, 1, 0, -1, 11 ]
[ 2, -1, -21, -1, 1, 5, 0, 0, 37 ]
[ 3, -1, 0, -2, 1, 21, 0, 0, 37 ]
[ 3, -1, 0, -1, 1, 5, -2, 1, 21 ]
[ 37, 0, 0, 4, 1, 0, -7, 0, 1 ]
[ 1, -9, 0, 0, 37, 0, 0, 11, 1 ]
[ 4, 1, 0, -1, 9, 0, 1, 2, 1 ]
[ 7, 0, -1, 4, 1, 0, 2, 0, 5 ]
[ 1, -9, 0, 0, 11, 1, 0, -4, 3 ]
[ 1, 2, 1, -1, 9, 0, 0, -4, 3 ]
[ 4, 1, 0, 1, 2, 1, -2, -1, 5 ]
[ 1, 0, 21, 4, 1, 0, 0, 0, 37 ]
[ 2, 0, 5, 4, 1, 0, 1, 0, 21 ]
[ -1, 9, 0, 0, -1, 10, 0, 0, 37 ]
[ -1, 9, 0, 0, -4, 3, 0, -1, 10 ]
[ 0, 1, -10, -1, 9, 0, 0, 0, 37 ]
[ 0, 4, -3, -1, 9, 0, 0, -1, 10 ]
[ -1, -2, -1, 0, -1, 10, 0, 0, 37 ]
[ -1, -2, -1, 0, -4, 3, 0, -1, 10 ]
[ 1, 1, 11, 1, 2, 1, 0, 0, 37 ]
[ 2, 1, -5, 1, 1, 11, 0, 0, 37 ]
[ 2, 1, -5, 1, 2, 1, 1, 1, 11 ]
[ -1, 0, -21, -2, -1, 5, 0, 0, 37 ]
[ -4, -1, 0, 1, 0, 21, 0, 0, 37 ]
[ -4, -1, 0, -2, -1, 5, 1, 0, 21 ]
[ 37, 0, 0, 11, 1, 0, -7, 0, 1 ]
[ 11, 1, 0, -4, 3, 0, 4, 1, 1 ]
[ 7, 0, -1, 11, 1, 0, 2, 0, 5 ]
[ 1, -10, 0, 0, 37, 0, 0, 4, 1 ]
[ 4, -3, 0, -1, 10, 0, 0, 4, 1 ]
[ 4, 1, 1, -4, 3, 0, -3, 1, 2 ]
[ 11, 1, 0, 4, 1, 1, 2, 0, 5 ]
[ 1, 0, 21, 11, 1, 0, 0, 0, 37 ]
[ 2, 0, 5, 11, 1, 0, 1, 0, 21 ]
[ -1, 10, 0, 0, -1, 9, 0, 0, 37 ]
[ 1, -10, 0, 0, 4, 1, 0, -1, 9 ]
[ 0, 1, -9, -1, 10, 0, 0, 0, 37 ]
[ 0, 4, 1, -1, 10, 0, 0, -1, 9 ]
[ 4, -3, 0, 0, 4, 1, 1, -2, 2 ]
[ -1, 1, 7, -4, 3, 0, 0, 0, 37 ]
[ 3, -1, -2, -4, 3, 0, -1, 1, 7 ]
[ 4, 1, 1, -3, 1, 2, 2, 0, 5 ]
[ 1, 0, 21, 4, 1, 1, 0, 0, 37 ]
[ 2, 0, 5, 4, 1, 1, 1, 0, 21 ]
[ -11, -1, 0, 1, 0, 21, 0, 0, 37 ]
[ -11, -1, 0, 2, 0, 5, 1, 0, 21 ]
[ -1, 2, -2, 0, -1, 9, 0, 0, 37 ]
[ 1, -2, 2, 0, 4, 1, 0, -1, 9 ]
[ -1, 1, 7, 1, -2, 2, 0, 0, 37 ]
[ 4, -3, 0, -1, 1, 7, 0, 0, 37 ]
[ -4, 3, 0, 1, -2, 2, -1, 1, 7 ]
[ 2, -1, -23, -1, 1, 7, 0, 0, 37 ]
[ 3, -1, -2, -2, 1, 23, 0, 0, 37 ]
[ 3, -1, -2, -1, 1, 7, -2, 1, 23 ]
[ 1, 0, 21, -3, 1, 2, 0, 0, 37 ]
[ 2, 0, 5, -3, 1, 2, 1, 0, 21 ]
[ -4, -1, -1, 1, 0, 21, 0, 0, 37 ]
[ -4, -1, -1, 2, 0, 5, 1, 0, 21 ]
[ 37, 0, 0, 18, 1, 0, -7, 0, 1 ]
[ 1, -2, 0, 0, 37, 0, 0, -14, 1 ]
[ 18, 1, 0, -1, 2, 0, -7, 0, 1 ]
[ 7, 0, -1, 18, 1, 0, 2, 0, 5 ]
[ -1, 2, 0, 0, -14, 1, 0, -5, 3 ]
[ 7, 0, -1, -1, 2, 0, -3, 1, 3 ]
[ 18, 1, 0, -7, 0, 1, 2, 0, 5 ]
[ 1, 0, 21, 18, 1, 0, 0, 0, 37 ]
[ 2, 0, 5, 18, 1, 0, 1, 0, 21 ]
[ -1, 2, 0, 0, -1, 8, 0, 0, 37 ]
[ -1, 2, 0, 0, -5, 3, 0, -1, 8 ]
[ 1, -1, -8, -1, 2, 0, 0, 0, 37 ]
[ 3, -1, -3, -1, 2, 0, -1, 1, 8 ]
[ 7, 0, -1, -3, 1, 3, 2, 0, 5 ]
[ -18, -1, 0, 1, 0, 21, 0, 0, 37 ]
[ -18, -1, 0, 2, 0, 5, 1, 0, 21 ]
[ 2, -1, -24, -1, 1, 8, 0, 0, 37 ]
[ 3, -1, -3, -2, 1, 24, 0, 0, 37 ]
[ 3, -1, -3, -1, 1, 8, -2, 1, 24 ]
[ 1, 0, 21, -3, 1, 3, 0, 0, 37 ]
[ 2, 0, 5, -3, 1, 3, 1, 0, 21 ]
[ 37, 0, 0, -12, 1, 0, -7, 0, 1 ]
[ 1, 3, 0, 0, 37, 0, 0, -16, 1 ]
[ 12, -1, 0, 1, 3, 0, 5, -1, 1 ]
[ 7, 0, -1, -12, 1, 0, 2, 0, 5 ]
[ -1, -3, 0, 0, -16, 1, 0, 5, 2 ]
[ 5, -1, 1, 1, 3, 0, -2, -1, 2 ]
[ -12, 1, 0, 5, -1, 1, 2, 0, 5 ]
[ 1, 0, 21, -12, 1, 0, 0, 0, 37 ]
[ 2, 0, 5, -12, 1, 0, 1, 0, 21 ]
[ -1, -3, 0, 0, -1, 7, 0, 0, 37 ]
[ 1, 3, 0, 0, 5, 2, 0, -1, 7 ]
[ 0, -1, 7, 1, 3, 0, 0, 0, 37 ]
[ 2, 1, -2, 1, 3, 0, 0, -1, 7 ]
[ -5, 1, -1, -2, -1, 2, 2, 0, 5 ]
[ -1, 0, -21, 5, -1, 1, 0, 0, 37 ]
[ -2, 0, -5, 5, -1, 1, 1, 0, 21 ]
[ 12, -1, 0, 1, 0, 21, 0, 0, 37 ]
[ 12, -1, 0, 2, 0, 5, 1, 0, 21 ]
[ -1, -1, 23, 0, -1, 7, 0, 0, 37 ]
[ -2, -1, 2, -1, -1, 23, 0, 0, 37 ]
[ -2, -1, 2, 0, -1, 7, -1, -1, 23 ]
[ -1, 0, -21, -2, -1, 2, 0, 0, 37 ]
[ -2, 0, -5, -2, -1, 2, 1, 0, 21 ]
[ 5, -1, 1, 1, 0, 21, 0, 0, 37 ]
[ 5, -1, 1, 2, 0, 5, 1, 0, 21 ]
[ 37, 0, 0, -5, 1, 0, -7, 0, 1 ]
[ 5, -1, 0, 2, 7, 0, -2, -1, 1 ]
[ 7, 0, -1, -5, 1, 0, 2, 0, 5 ]
[ 1, 22, 0, 0, 37, 0, 0, 6, 1 ]
[ 2, 7, 0, 1, 22, 0, 0, 6, 1 ]
[ 1, 3, 3, 2, 7, 0, 0, 0, 37 ]
[ 2, 1, -1, 2, 7, 0, 1, 3, 3 ]
[ -5, 1, 0, -2, -1, 1, 2, 0, 5 ]
[ 1, 0, 21, -5, 1, 0, 0, 0, 37 ]
[ 2, 0, 5, -5, 1, 0, 1, 0, 21 ]
[ -1, -22, 0, 0, -1, 6, 0, 0, 37 ]
[ 1, 22, 0, 0, 6, 1, 0, -1, 6 ]
[ 0, -1, 6, 1, 22, 0, 0, 0, 37 ]
[ 0, -6, -1, 1, 22, 0, 0, -1, 6 ]
[ -2, -7, 0, 1, 3, 3, 0, 0, 37 ]
[ 2, 7, 0, 0, 6, 1, 1, 3, 3 ]
[ 0, -1, 6, 1, 3, 3, 0, 0, 37 ]
[ 2, 1, -1, 1, 3, 3, 0, -1, 6 ]
[ -1, 0, -21, -2, -1, 1, 0, 0, 37 ]
[ -2, 0, -5, -2, -1, 1, 1, 0, 21 ]
[ 5, -1, 0, 1, 0, 21, 0, 0, 37 ]
[ 5, -1, 0, 2, 0, 5, 1, 0, 21 ]
[ -1, -3, -3, 0, -1, 6, 0, 0, 37 ]
[ 1, 3, 3, 0, 6, 1, 0, -1, 6 ]
[ -1, -1, 22, 0, -1, 6, 0, 0, 37 ]
[ -2, -1, 1, -1, -1, 22, 0, 0, 37 ]
[ -2, -1, 1, 0, -1, 6, -1, -1, 22 ]
[ 37, 0, 0, 2, 1, 0, -7, 0, 1 ]
[ 1, 19, 0, 0, 37, 0, 0, -15, 1 ]
[ 2, 1, 0, 1, 19, 0, 1, 4, 1 ]
[ 7, 0, -1, 2, 1, 0, 2, 0, 5 ]
[ -1, -19, 0, 0, -15, 1, 0, 7, 2 ]
[ 1, 4, 1, 1, 19, 0, 0, 7, 2 ]
[ 0, -1, 5, 1, 4, 1, 0, 0, 37 ]
[ 2, 1, 0, 1, 4, 1, 0, -1, 5 ]
[ 1, 0, 21, 2, 1, 0, 0, 0, 37 ]
[ 2, 0, 5, 2, 1, 0, 1, 0, 21 ]
[ -1, -19, 0, 0, -1, 5, 0, 0, 37 ]
[ 1, 19, 0, 0, 7, 2, 0, -1, 5 ]
[ 0, -1, 5, 1, 19, 0, 0, 0, 37 ]
[ 0, -7, -2, 1, 19, 0, 0, -1, 5 ]
[ -1, -4, -1, 0, -1, 5, 0, 0, 37 ]
[ 1, 4, 1, 0, 7, 2, 0, -1, 5 ]
[ -1, 0, -21, 0, -1, 5, 0, 0, 37 ]
[ -2, -1, 0, 1, 0, 21, 0, 0, 37 ]
[ -2, -1, 0, 0, -1, 5, 1, 0, 21 ]
[ 37, 0, 0, 9, 1, 0, -7, 0, 1 ]
[ 1, -4, 0, 0, 37, 0, 0, 9, 1 ]
[ 9, 1, 0, -1, 4, 0, 2, 1, 1 ]
[ 7, 0, -1, 9, 1, 0, 2, 0, 5 ]
[ -1, 4, 0, 0, -1, 4, 0, 0, 37 ]
[ 1, -4, 0, 0, 9, 1, 0, -1, 4 ]
[ 0, 1, -4, -1, 4, 0, 0, 0, 37 ]
[ 2, 1, 1, -1, 4, 0, 0, -1, 4 ]
[ 9, 1, 0, 2, 1, 1, 2, 0, 5 ]
[ 1, 0, 21, 9, 1, 0, 0, 0, 37 ]
[ 2, 0, 5, 9, 1, 0, 1, 0, 21 ]
[ -1, 0, -21, 0, -1, 4, 0, 0, 37 ]
[ -2, -1, -1, 1, 0, 21, 0, 0, 37 ]
[ -2, -1, -1, 0, -1, 4, 1, 0, 21 ]
[ 1, 0, 21, 2, 1, 1, 0, 0, 37 ]
[ 2, 0, 5, 2, 1, 1, 1, 0, 21 ]
[ -9, -1, 0, 1, 0, 21, 0, 0, 37 ]
[ -9, -1, 0, 2, 0, 5, 1, 0, 21 ]
[ 37, 0, 0, 16, 1, 0, -7, 0, 1 ]
[ 16, 1, 0, -5, 2, 0, -7, 0, 1 ]
[ 7, 0, -1, 16, 1, 0, 2, 0, 5 ]
[ 1, 7, 0, 0, 37, 0, 0, 12, 1 ]
[ 5, -2, 0, 1, 7, 0, -2, -2, 1 ]
[ 7, 0, -1, -5, 2, 0, -5, 1, 3 ]
[ 16, 1, 0, -7, 0, 1, 2, 0, 5 ]
[ 1, 0, 21, 16, 1, 0, 0, 0, 37 ]
[ 2, 0, 5, 16, 1, 0, 1, 0, 21 ]
[ -1, -7, 0, 0, -1, 3, 0, 0, 37 ]
[ 1, 7, 0, 0, 12, 1, 0, -1, 3 ]
[ 0, -1, 3, 1, 7, 0, 0, 0, 37 ]
[ 2, 2, -1, 1, 7, 0, 0, -1, 3 ]
[ -5, 2, 0, -2, -2, 1, 0, -1, 3 ]
[ 3, -1, -8, -5, 2, 0, 0, 0, 37 ]
[ 5, -1, -3, -5, 2, 0, -3, 1, 8 ]
[ 7, 0, -1, -5, 1, 3, 2, 0, 5 ]
[ -16, -1, 0, 1, 0, 21, 0, 0, 37 ]
[ -16, -1, 0, 2, 0, 5, 1, 0, 21 ]
[ -1, -1, 19, 0, -1, 3, 0, 0, 37 ]
[ -2, -2, 1, 0, -1, 3, -1, -1, 19 ]
[ 0, 1, -3, -1, -1, 19, 0, 0, 37 ]
[ 0, 1, -3, -2, -2, 1, -1, -1, 19 ]
[ -5, 2, 0, 2, -1, 8, 0, 0, 37 ]
[ -5, 2, 0, 0, -1, 3, 2, -1, 8 ]
[ 4, -1, -24, -3, 1, 8, 0, 0, 37 ]
[ 5, -1, -3, -4, 1, 24, 0, 0, 37 ]
[ 5, -1, -3, -3, 1, 8, -4, 1, 24 ]
[ 1, 0, 21, -5, 1, 3, 0, 0, 37 ]
[ 2, 0, 5, -5, 1, 3, 1, 0, 21 ]
[ -1, 1, -24, 0, -1, 3, 0, 0, 37 ]
[ -2, 1, -8, 1, -1, 24, 0, 0, 37 ]
[ -2, 1, -8, 0, -1, 3, 1, -1, 24 ]
[ 37, 0, 0, -14, 1, 0, -7, 0, 1 ]
[ 14, -1, 0, -5, 3, 0, 7, -1, 1 ]
[ 7, 0, -1, -14, 1, 0, 2, 0, 5 ]
[ 1, -8, 0, 0, 37, 0, 0, 18, 1 ]
[ 5, -3, 0, -1, 8, 0, 2, 2, 1 ]
[ 7, -1, 1, -5, 3, 0, 0, -1, 2 ]
[ -14, 1, 0, 7, -1, 1, 2, 0, 5 ]
[ 1, 0, 21, -14, 1, 0, 0, 0, 37 ]
[ 2, 0, 5, -14, 1, 0, 1, 0, 21 ]
[ -1, 8, 0, 0, -1, 2, 0, 0, 37 ]
[ 1, -8, 0, 0, 18, 1, 0, -1, 2 ]
[ 0, 1, -2, -1, 8, 0, 0, 0, 37 ]
[ 2, 2, 1, -1, 8, 0, 0, -1, 2 ]
[ 5, -3, 0, 2, 2, 1, 0, -1, 2 ]
[ 2, -1, 7, -5, 3, 0, 0, 0, 37 ]
[ 0, 1, -2, -5, 3, 0, 2, -1, 7 ]
[ -7, 1, -1, 0, -1, 2, 2, 0, 5 ]
[ -1, 0, -21, 7, -1, 1, 0, 0, 37 ]
[ -2, 0, -5, 7, -1, 1, 1, 0, 21 ]
[ 14, -1, 0, 1, 0, 21, 0, 0, 37 ]
[ 14, -1, 0, 2, 0, 5, 1, 0, 21 ]
[ -1, -1, -19, 0, -1, 2, 0, 0, 37 ]
[ -2, -2, -1, 0, -1, 2, 1, 1, 19 ]
[ 0, -1, 2, 1, 1, 19, 0, 0, 37 ]
[ 0, -1, 2, 2, 2, 1, 1, 1, 19 ]
[ 5, -3, 0, 2, -1, 7, 0, 0, 37 ]
[ -5, 3, 0, 0, -1, 2, 2, -1, 7 ]
[ 1, -1, 23, 2, -1, 7, 0, 0, 37 ]
[ 0, -1, 2, 1, -1, 23, 0, 0, 37 ]
[ 0, -1, 2, 2, -1, 7, 1, -1, 23 ]
[ -1, 0, -21, 0, -1, 2, 0, 0, 37 ]
[ -2, 0, -5, 0, -1, 2, 1, 0, 21 ]
[ 7, -1, 1, 1, 0, 21, 0, 0, 37 ]
[ 7, -1, 1, 2, 0, 5, 1, 0, 21 ]
[ -1, 1, -23, 0, -1, 2, 0, 0, 37 ]
[ -2, 1, -7, 1, -1, 23, 0, 0, 37 ]
[ -2, 1, -7, 0, -1, 2, 1, -1, 23 ]
[ 37, 0, 0, -7, 1, 0, -7, 0, 1 ]
[ 7, -1, 0, 2, 5, 0, 0, -1, 1 ]
[ 7, 0, -1, -7, 1, 0, 2, 0, 5 ]
[ -1, -21, 0, 0, -1, 1, 0, 0, 37 ]
[ 1, 21, 0, 0, 37, 0, 0, -1, 1 ]
[ 0, -1, 1, 1, 21, 0, 0, 0, 37 ]
[ 2, 5, 0, 1, 21, 0, 0, -1, 1 ]
[ 1, 2, 19, 2, 5, 0, 0, 0, 37 ]
[ 0, -1, 1, 1, 2, 19, 0, 0, 37 ]
[ 0, -1, 1, 2, 5, 0, 1, 2, 19 ]
[ -7, 1, 0, 0, -1, 1, 2, 0, 5 ]
[ 1, 0, 21, -7, 1, 0, 0, 0, 37 ]
[ 2, 0, 5, -7, 1, 0, 1, 0, 21 ]
[ -1, -2, -19, 0, -1, 1, 0, 0, 37 ]
[ -2, -5, 0, 1, 2, 19, 0, 0, 37 ]
[ -2, -5, 0, 0, -1, 1, 1, 2, 19 ]
[ -1, 0, -21, 0, -1, 1, 0, 0, 37 ]
[ -2, 0, -5, 0, -1, 1, 1, 0, 21 ]
[ 7, -1, 0, 1, 0, 21, 0, 0, 37 ]
[ 7, -1, 0, 2, 0, 5, 1, 0, 21 ]
[ 37, 0, 0, 0, 1, 0, -5, 0, 1 ]
[ 5, 0, -1, 0, 1, 0, 2, 0, 7 ]
[ 1, 0, 22, 0, 1, 0, 0, 0, 37 ]
[ 2, 0, 7, 0, 1, 0, 1, 0, 22 ]
[ 37, 0, 0, 5, 1, 0, -5, 0, 1 ]
[ 5, 1, 0, -2, 7, 0, 0, 1, 1 ]
[ 5, 0, -1, 5, 1, 0, 2, 0, 7 ]
[ 1, -22, 0, 0, 1, 1, 0, 0, 37 ]
[ 1, -22, 0, 0, 37, 0, 0, 1, 1 ]
[ 0, 1, 1, -1, 22, 0, 0, 0, 37 ]
[ 2, -7, 0, -1, 22, 0, 0, 1, 1 ]
[ -1, 4, 19, -2, 7, 0, 0, 0, 37 ]
[ 0, 1, 1, -1, 4, 19, 0, 0, 37 ]
[ 0, 1, 1, -2, 7, 0, -1, 4, 19 ]
[ 5, 1, 0, 0, 1, 1, 2, 0, 7 ]
[ 1, 0, 22, 5, 1, 0, 0, 0, 37 ]
[ 2, 0, 7, 5, 1, 0, 1, 0, 22 ]
[ 1, -4, -19, 0, 1, 1, 0, 0, 37 ]
[ 2, -7, 0, -1, 4, 19, 0, 0, 37 ]
[ 2, -7, 0, 0, 1, 1, -1, 4, 19 ]
[ 1, 0, 22, 0, 1, 1, 0, 0, 37 ]
[ 2, 0, 7, 0, 1, 1, 1, 0, 22 ]
[ -5, -1, 0, 1, 0, 22, 0, 0, 37 ]
[ -5, -1, 0, 2, 0, 7, 1, 0, 22 ]
[ 37, 0, 0, 10, 1, 0, -5, 0, 1 ]
[ 10, 1, 0, 3, 4, 0, 5, 1, 1 ]
[ 5, 0, -1, 10, 1, 0, 2, 0, 7 ]
[ 1, -11, 0, 0, 37, 0, 0, -18, 1 ]
[ 3, 4, 0, -1, 11, 0, -1, -7, 1 ]
[ 5, 1, 1, 3, 4, 0, 0, 1, 2 ]
[ 10, 1, 0, 5, 1, 1, 2, 0, 7 ]
[ 1, 0, 22, 10, 1, 0, 0, 0, 37 ]
[ 2, 0, 7, 10, 1, 0, 1, 0, 22 ]
[ 1, -11, 0, 0, 1, 2, 0, 0, 37 ]
[ -1, 11, 0, 0, -18, 1, 0, 1, 2 ]
[ 0, 1, 2, -1, 11, 0, 0, 0, 37 ]
[ 1, 7, -1, 0, 1, 2, 0, 0, 37 ]
[ 1, 7, -1, -1, 11, 0, 0, 1, 2 ]
[ 0, 1, 2, -1, -7, 1, 0, 0, 37 ]
[ -3, -4, 0, -1, -7, 1, 0, 1, 2 ]
[ 1, 1, -13, 3, 4, 0, 0, 0, 37 ]
[ 0, 1, 2, -1, -1, 13, 0, 0, 37 ]
[ 0, -1, -2, 3, 4, 0, -1, -1, 13 ]
[ 5, 1, 1, 0, 1, 2, 2, 0, 7 ]
[ 1, 0, 22, 5, 1, 1, 0, 0, 37 ]
[ 2, 0, 7, 5, 1, 1, 1, 0, 22 ]
[ -10, -1, 0, 1, 0, 22, 0, 0, 37 ]
[ -10, -1, 0, 2, 0, 7, 1, 0, 22 ]
[ 1, 1, -13, 0, 1, 2, 0, 0, 37 ]
[ 3, 4, 0, -1, -1, 13, 0, 0, 37 ]
[ 3, 4, 0, 0, 1, 2, -1, -1, 13 ]
[ 1, 0, 22, 0, 1, 2, 0, 0, 37 ]
[ 2, 0, 7, 0, 1, 2, 1, 0, 22 ]
[ -5, -1, -1, 1, 0, 22, 0, 0, 37 ]
[ -5, -1, -1, 2, 0, 7, 1, 0, 22 ]
[ 37, 0, 0, 15, 1, 0, -5, 0, 1 ]
[ 15, 1, 0, -7, 2, 0, -5, 0, 1 ]
[ 5, 0, -1, 15, 1, 0, 2, 0, 7 ]
[ 1, 5, 0, 0, 37, 0, 0, -12, 1 ]
[ 7, -2, 0, 1, 5, 0, 2, -2, 1 ]
[ 5, 0, -1, -7, 2, 0, -5, 1, 4 ]
[ 15, 1, 0, -5, 0, 1, 2, 0, 7 ]
[ 1, 0, 22, 15, 1, 0, 0, 0, 37 ]
[ 2, 0, 7, 15, 1, 0, 1, 0, 22 ]
[ 1, 5, 0, 0, 1, 3, 0, 0, 37 ]
[ -1, -5, 0, 0, -12, 1, 0, 1, 3 ]
[ 0, -1, -3, 1, 5, 0, 0, 0, 37 ]
[ 2, -2, 1, 1, 5, 0, 0, 1, 3 ]
[ -7, 2, 0, 2, -2, 1, 2, -1, 4 ]
[ 4, -1, 11, -7, 2, 0, 0, 0, 37 ]
[ -5, 1, 4, 4, -1, 11, 0, 0, 37 ]
[ 5, -1, -4, -7, 2, 0, 4, -1, 11 ]
[ 5, 0, -1, -5, 1, 4, 2, 0, 7 ]
[ -15, -1, 0, 1, 0, 22, 0, 0, 37 ]
[ -15, -1, 0, 2, 0, 7, 1, 0, 22 ]
[ 1, -1, 19, 0, 1, 3, 0, 0, 37 ]
[ 2, -2, 1, 0, 1, 3, 1, -1, 19 ]
[ -2, 1, -4, 1, -1, 19, 0, 0, 37 ]
[ -2, 1, -4, 2, -2, 1, 1, -1, 19 ]
[ -3, 1, 11, 2, -1, 4, 0, 0, 37 ]
[ 7, -2, 0, -3, 1, 11, 0, 0, 37 ]
[ -7, 2, 0, 2, -1, 4, -3, 1, 11 ]
[ 1, 0, 22, -5, 1, 4, 0, 0, 37 ]
[ 2, 0, 7, -5, 1, 4, 1, 0, 22 ]
[ 37, 0, 0, -17, 1, 0, -5, 0, 1 ]
[ 17, -1, 0, 3, 2, 0, -5, 0, 1 ]
[ 5, 0, -1, -17, 1, 0, 2, 0, 7 ]
[ 1, 13, 0, 0, 37, 0, 0, -9, 1 ]
[ 3, 2, 0, 1, 13, 0, 1, 4, 1 ]
[ 5, 0, -1, 3, 2, 0, 0, 1, 4 ]
[ -17, 1, 0, -5, 0, 1, 2, 0, 7 ]
[ 1, 0, 22, -17, 1, 0, 0, 0, 37 ]
[ 2, 0, 7, -17, 1, 0, 1, 0, 22 ]
[ 1, 13, 0, 0, 1, 4, 0, 0, 37 ]
[ -1, -13, 0, 0, -9, 1, 0, 1, 4 ]
[ 0, -1, -4, 1, 13, 0, 0, 0, 37 ]
[ 1, 4, 1, 0, 1, 4, 0, 0, 37 ]
[ 1, 4, 1, 1, 13, 0, 0, 1, 4 ]
[ 0, -1, -4, 1, 4, 1, 0, 0, 37 ]
[ 3, 2, 0, 1, 4, 1, 0, 1, 4 ]
[ -1, -1, 11, 3, 2, 0, 0, 0, 37 ]
[ 0, 1, 4, -1, -1, 11, 0, 0, 37 ]
[ 0, -1, -4, 3, 2, 0, -1, -1, 11 ]
[ 5, 0, -1, 0, 1, 4, 2, 0, 7 ]
[ 17, -1, 0, 1, 0, 22, 0, 0, 37 ]
[ 17, -1, 0, 2, 0, 7, 1, 0, 22 ]
[ 1, 1, -11, 0, 1, 4, 0, 0, 37 ]
[ -3, -2, 0, -1, -1, 11, 0, 0, 37 ]
[ 3, 2, 0, 0, 1, 4, -1, -1, 11 ]
[ 1, 0, 22, 0, 1, 4, 0, 0, 37 ]
[ 2, 0, 7, 0, 1, 4, 1, 0, 22 ]
[ 37, 0, 0, -12, 1, 0, -5, 0, 1 ]
[ 1, 3, 0, 0, 37, 0, 0, 15, 1 ]
[ 12, -1, 0, 1, 3, 0, -5, 0, 1 ]
[ 5, 0, -1, -12, 1, 0, 2, 0, 7 ]
[ 1, 3, 0, 0, 15, 1, 0, -7, 2 ]
[ 5, 0, -1, 1, 3, 0, 2, -1, 2 ]
[ -12, 1, 0, -5, 0, 1, 2, 0, 7 ]
[ 1, 0, 22, -12, 1, 0, 0, 0, 37 ]
[ 2, 0, 7, -12, 1, 0, 1, 0, 22 ]
[ 1, 3, 0, 0, 1, 5, 0, 0, 37 ]
[ -1, -3, 0, 0, -7, 2, 0, 1, 5 ]
[ 0, -1, -5, 1, 3, 0, 0, 0, 37 ]
[ 2, -1, 2, 1, 3, 0, 0, 1, 5 ]
[ -5, 0, 1, 2, -1, 2, 2, 0, 7 ]
[ 12, -1, 0, 1, 0, 22, 0, 0, 37 ]
[ 12, -1, 0, 2, 0, 7, 1, 0, 22 ]
[ 1, 0, 22, 0, 1, 5, 0, 0, 37 ]
[ 2, -1, 2, 1, 0, 22, 0, 0, 37 ]
[ 2, -1, 2, 0, 1, 5, 1, 0, 22 ]
[ -1, 0, -22, 2, -1, 2, 0, 0, 37 ]
[ -2, 0, -7, 2, -1, 2, 1, 0, 22 ]
[ 37, 0, 0, -7, 1, 0, -5, 0, 1 ]
[ 7, -1, 0, 2, 5, 0, 2, -1, 1 ]
[ 5, 0, -1, -7, 1, 0, 2, 0, 7 ]
[ 1, 21, 0, 0, 37, 0, 0, -6, 1 ]
[ 2, 5, 0, 1, 21, 0, 0, -6, 1 ]
[ 1, 2, -3, 2, 5, 0, 0, 0, 37 ]
[ 2, -1, 1, 2, 5, 0, -1, -2, 3 ]
[ -7, 1, 0, 2, -1, 1, 2, 0, 7 ]
[ 1, 0, 22, -7, 1, 0, 0, 0, 37 ]
[ 2, 0, 7, -7, 1, 0, 1, 0, 22 ]
[ 1, 21, 0, 0, 1, 6, 0, 0, 37 ]
[ -1, -21, 0, 0, -6, 1, 0, 1, 6 ]
[ 0, -1, -6, 1, 21, 0, 0, 0, 37 ]
[ 0, -6, 1, 1, 21, 0, 0, 1, 6 ]
[ 2, 5, 0, 1, 3, 3, 0, 0, 37 ]
[ -2, -5, 0, 0, -6, 1, 1, 3, 3 ]
[ 0, 1, 6, -1, -2, 3, 0, 0, 37 ]
[ -2, 1, -1, -1, -2, 3, 0, 1, 6 ]
[ -1, 0, -22, 2, -1, 1, 0, 0, 37 ]
[ -2, 0, -7, 2, -1, 1, 1, 0, 22 ]
[ 7, -1, 0, 1, 0, 22, 0, 0, 37 ]
[ 7, -1, 0, 2, 0, 7, 1, 0, 22 ]
[ 1, 3, 3, 0, 1, 6, 0, 0, 37 ]
[ -1, -3, -3, 0, -6, 1, 0, 1, 6 ]
[ 1, 0, 22, 0, 1, 6, 0, 0, 37 ]
[ 2, -1, 1, 1, 0, 22, 0, 0, 37 ]
[ 2, -1, 1, 0, 1, 6, 1, 0, 22 ]
[ 37, 0, 0, -2, 1, 0, -5, 0, 1 ]
[ 1, -19, 0, 0, 37, 0, 0, 16, 1 ]
[ 2, -1, 0, -1, 19, 0, 1, -3, 1 ]
[ 5, 0, -1, -2, 1, 0, 2, 0, 7 ]
[ 1, -19, 0, 0, 16, 1, 0, -5, 2 ]
[ 1, -3, 1, -1, 19, 0, 0, -5, 2 ]
[ 0, -1, -7, 1, -3, 1, 0, 0, 37 ]
[ -2, 1, 0, 1, -3, 1, 0, 1, 7 ]
[ 1, 0, 22, -2, 1, 0, 0, 0, 37 ]
[ 2, 0, 7, -2, 1, 0, 1, 0, 22 ]
[ 1, -19, 0, 0, 1, 7, 0, 0, 37 ]
[ -1, 19, 0, 0, -5, 2, 0, 1, 7 ]
[ 0, 1, 7, -1, 19, 0, 0, 0, 37 ]
[ 0, 5, -2, -1, 19, 0, 0, 1, 7 ]
[ 1, -3, 1, 0, 1, 7, 0, 0, 37 ]
[ -1, 3, -1, 0, -5, 2, 0, 1, 7 ]
[ 1, -1, -22, 0, 1, 7, 0, 0, 37 ]
[ 2, -1, 0, -1, 1, 22, 0, 0, 37 ]
[ 2, -1, 0, 0, 1, 7, -1, 1, 22 ]
[ 37, 0, 0, 3, 1, 0, -5, 0, 1 ]
[ 1, -12, 0, 0, 37, 0, 0, 14, 1 ]
[ 3, 1, 0, -1, 12, 0, 1, 2, 1 ]
[ 5, 0, -1, 3, 1, 0, 2, 0, 7 ]
[ 1, -12, 0, 0, 14, 1, 0, 5, 3 ]
[ 1, 2, 1, -1, 12, 0, 0, 5, 3 ]
[ 1, 1, -7, 1, 2, 1, 0, 0, 37 ]
[ 3, 1, 0, 1, 2, 1, -1, -1, 7 ]
[ 1, 0, 22, 3, 1, 0, 0, 0, 37 ]
[ 2, 0, 7, 3, 1, 0, 1, 0, 22 ]
[ 1, -12, 0, 0, 1, 8, 0, 0, 37 ]
[ 1, -12, 0, 0, 5, 3, 0, 1, 8 ]
[ 0, 1, 8, -1, 12, 0, 0, 0, 37 ]
[ 0, 5, 3, -1, 12, 0, 0, 1, 8 ]
[ 1, 2, 1, 0, 1, 8, 0, 0, 37 ]
[ 1, 2, 1, 0, 5, 3, 0, 1, 8 ]
[ -1, 0, -22, -1, -1, 7, 0, 0, 37 ]
[ -3, -1, 0, 1, 0, 22, 0, 0, 37 ]
[ -3, -1, 0, -1, -1, 7, 1, 0, 22 ]
[ 37, 0, 0, 8, 1, 0, -5, 0, 1 ]
[ 8, 1, 0, 3, 5, 0, 3, 1, 1 ]
[ 5, 0, -1, 8, 1, 0, 2, 0, 7 ]
[ 1, 14, 0, 0, 37, 0, 0, -4, 1 ]
[ 3, 5, 0, 1, 14, 0, 0, -4, 1 ]
[ -1, -2, -3, 3, 5, 0, 0, 0, 37 ]
[ 3, 1, 1, 3, 5, 0, 1, 2, 3 ]
[ 8, 1, 0, 3, 1, 1, 2, 0, 7 ]
[ 1, 0, 22, 8, 1, 0, 0, 0, 37 ]
[ 2, 0, 7, 8, 1, 0, 1, 0, 22 ]
[ 1, 14, 0, 0, 1, 9, 0, 0, 37 ]
[ -1, -14, 0, 0, -4, 1, 0, 1, 9 ]
[ 0, -1, -9, 1, 14, 0, 0, 0, 37 ]
[ 0, -4, 1, 1, 14, 0, 0, 1, 9 ]
[ 3, 5, 0, 1, 2, 3, 0, 0, 37 ]
[ -3, -5, 0, 0, -4, 1, 1, 2, 3 ]
[ 1, 1, -6, 1, 2, 3, 0, 0, 37 ]
[ 3, 1, 1, 1, 2, 3, -1, -1, 6 ]
[ 1, 0, 22, 3, 1, 1, 0, 0, 37 ]
[ 2, 0, 7, 3, 1, 1, 1, 0, 22 ]
[ -8, -1, 0, 1, 0, 22, 0, 0, 37 ]
[ -8, -1, 0, 2, 0, 7, 1, 0, 22 ]
[ 1, 2, 3, 0, 1, 9, 0, 0, 37 ]
[ -1, -2, -3, 0, -4, 1, 0, 1, 9 ]
[ -1, 0, -22, -1, -1, 6, 0, 0, 37 ]
[ -3, -1, -1, 1, 0, 22, 0, 0, 37 ]
[ -3, -1, -1, -1, -1, 6, 1, 0, 22 ]
[ 37, 0, 0, 13, 1, 0, -5, 0, 1 ]
[ 13, 1, 0, 2, 3, 0, -5, 0, 1 ]
[ 5, 0, -1, 13, 1, 0, 2, 0, 7 ]
[ 1, 20, 0, 0, 37, 0, 0, -11, 1 ]
[ 2, 3, 0, 1, 20, 0, 1, 9, 1 ]
[ 5, 0, -1, 2, 3, 0, 3, 1, 2 ]
[ 13, 1, 0, -5, 0, 1, 2, 0, 7 ]
[ 1, 0, 22, 13, 1, 0, 0, 0, 37 ]
[ 2, 0, 7, 13, 1, 0, 1, 0, 22 ]
[ -1, -20, 0, 0, -11, 1, 0, 4, 3 ]
[ 1, 9, 1, 1, 20, 0, 0, 4, 3 ]
[ 2, 3, 0, 1, 9, 1, -1, -5, 2 ]
[ 1, 1, -5, 2, 3, 0, 0, 0, 37 ]
[ 3, 1, 2, 2, 3, 0, -1, -1, 5 ]
[ 5, 0, -1, 3, 1, 2, 2, 0, 7 ]
[ -13, -1, 0, 1, 0, 22, 0, 0, 37 ]
[ -13, -1, 0, 2, 0, 7, 1, 0, 22 ]
[ 1, 20, 0, 0, 1, 10, 0, 0, 37 ]
[ 1, 20, 0, 0, 4, 3, 0, 1, 10 ]
[ 0, -1, -10, 1, 20, 0, 0, 0, 37 ]
[ 0, -4, -3, 1, 20, 0, 0, 1, 10 ]
[ 1, 9, 1, 0, 1, 10, 0, 0, 37 ]
[ 1, 9, 1, 0, 4, 3, 0, 1, 10 ]
[ 0, -1, -10, 1, 9, 1, 0, 0, 37 ]
[ 1, 5, -2, 0, 1, 10, 0, 0, 37 ]
[ 1, 5, -2, 1, 9, 1, 0, 1, 10 ]
[ 2, 3, 0, 1, 2, 5, 0, 0, 37 ]
[ -2, -3, 0, -1, -5, 2, 1, 2, 5 ]
[ -1, 0, -22, -1, -1, 5, 0, 0, 37 ]
[ -3, -1, -2, 1, 0, 22, 0, 0, 37 ]
[ -3, -1, -2, -1, -1, 5, 1, 0, 22 ]
[ 1, 0, 22, 3, 1, 2, 0, 0, 37 ]
[ 2, 0, 7, 3, 1, 2, 1, 0, 22 ]
[ 0, 1, 10, -1, -5, 2, 0, 0, 37 ]
[ 1, 2, 5, 0, 1, 10, 0, 0, 37 ]
[ -1, -2, -5, -1, -5, 2, 0, 1, 10 ]
[ 37, 0, 0, 18, 1, 0, -5, 0, 1 ]
[ 1, -2, 0, 0, 37, 0, 0, -10, 1 ]
[ 18, 1, 0, -1, 2, 0, -5, 0, 1 ]
[ 5, 0, -1, 18, 1, 0, 2, 0, 7 ]
[ -1, 2, 0, 0, -10, 1, 0, -3, 4 ]
[ 5, 0, -1, -1, 2, 0, -2, 1, 4 ]
[ 18, 1, 0, -5, 0, 1, 2, 0, 7 ]
[ 1, 0, 22, 18, 1, 0, 0, 0, 37 ]
[ 2, 0, 7, 18, 1, 0, 1, 0, 22 ]
[ 1, -2, 0, 0, 1, 11, 0, 0, 37 ]
[ -1, 2, 0, 0, -3, 4, 0, 1, 11 ]
[ 1, -1, 11, -1, 2, 0, 0, 0, 37 ]
[ -2, 1, 4, 1, -1, 11, 0, 0, 37 ]
[ 2, -1, -4, -1, 2, 0, 1, -1, 11 ]
[ 5, 0, -1, -2, 1, 4, 2, 0, 7 ]
[ -18, -1, 0, 1, 0, 22, 0, 0, 37 ]
[ -18, -1, 0, 2, 0, 7, 1, 0, 22 ]
[ 1, 0, 22, -2, 1, 4, 0, 0, 37 ]
[ 2, 0, 7, -2, 1, 4, 1, 0, 22 ]
[ 37, 0, 0, -14, 1, 0, -5, 0, 1 ]
[ 14, -1, 0, -5, 3, 0, -5, 0, 1 ]
[ 5, 0, -1, -14, 1, 0, 2, 0, 7 ]
[ 1, -8, 0, 0, 37, 0, 0, -3, 1 ]
[ 5, -3, 0, -1, 8, 0, 0, -3, 1 ]
[ 5, 0, -1, -5, 3, 0, 4, -1, 2 ]
[ -14, 1, 0, -5, 0, 1, 2, 0, 7 ]
[ 1, 0, 22, -14, 1, 0, 0, 0, 37 ]
[ 2, 0, 7, -14, 1, 0, 1, 0, 22 ]
[ 1, -8, 0, 0, 1, 12, 0, 0, 37 ]
[ -1, 8, 0, 0, -3, 1, 0, 1, 12 ]
[ 0, 1, 12, -1, 8, 0, 0, 0, 37 ]
[ 0, 3, -1, -1, 8, 0, 0, 1, 12 ]
[ -5, 3, 0, 0, -3, 1, -1, 2, 2 ]
[ 2, -1, -5, -5, 3, 0, 0, 0, 37 ]
[ 4, -1, 2, -5, 3, 0, -2, 1, 5 ]
[ -5, 0, 1, 4, -1, 2, 2, 0, 7 ]
[ 14, -1, 0, 1, 0, 22, 0, 0, 37 ]
[ 14, -1, 0, 2, 0, 7, 1, 0, 22 ]
[ 1, -2, -2, 0, 1, 12, 0, 0, 37 ]
[ -1, 2, 2, 0, -3, 1, 0, 1, 12 ]
[ -5, 3, 0, -2, 1, 5, 0, 0, 37 ]
[ 5, -3, 0, -1, 2, 2, -2, 1, 5 ]
[ 1, 0, 22, -2, 1, 5, 0, 0, 37 ]
[ 4, -1, 2, 1, 0, 22, 0, 0, 37 ]
[ 4, -1, 2, -2, 1, 5, 1, 0, 22 ]
[ -1, 0, -22, 4, -1, 2, 0, 0, 37 ]
[ -2, 0, -7, 4, -1, 2, 1, 0, 22 ]
[ 1, -1, 10, -1, 2, 2, 0, 0, 37 ]
[ -2, 1, 5, 1, -1, 10, 0, 0, 37 ]
[ 2, -1, -5, -1, 2, 2, 1, -1, 10 ]
[ 37, 0, 0, -9, 1, 0, -5, 0, 1 ]
[ 1, 4, 0, 0, 37, 0, 0, -17, 1 ]
[ 9, -1, 0, 1, 4, 0, 4, -1, 1 ]
[ 5, 0, -1, -9, 1, 0, 2, 0, 7 ]
[ -1, -4, 0, 0, -17, 1, 0, 3, 2 ]
[ 4, -1, 1, 1, 4, 0, -1, -1, 2 ]
[ -9, 1, 0, 4, -1, 1, 2, 0, 7 ]
[ 1, 0, 22, -9, 1, 0, 0, 0, 37 ]
[ 2, 0, 7, -9, 1, 0, 1, 0, 22 ]
[ 1, 4, 0, 0, 1, 13, 0, 0, 37 ]
[ 1, 4, 0, 0, 3, 2, 0, 1, 13 ]
[ 0, -1, -13, 1, 4, 0, 0, 0, 37 ]
[ 1, 1, -2, 0, 1, 13, 0, 0, 37 ]
[ 1, 1, -2, 1, 4, 0, 0, 1, 13 ]
[ -4, 1, -1, -1, -1, 2, 2, 0, 7 ]
[ -1, 0, -22, 4, -1, 1, 0, 0, 37 ]
[ -2, 0, -7, 4, -1, 1, 1, 0, 22 ]
[ 9, -1, 0, 1, 0, 22, 0, 0, 37 ]
[ 9, -1, 0, 2, 0, 7, 1, 0, 22 ]
[ -1, 0, -22, -1, -1, 2, 0, 0, 37 ]
[ -2, 0, -7, -1, -1, 2, 1, 0, 22 ]
[ 4, -1, 1, 1, 0, 22, 0, 0, 37 ]
[ 4, -1, 1, 2, 0, 7, 1, 0, 22 ]
[ 37, 0, 0, -4, 1, 0, -5, 0, 1 ]
[ 1, 9, 0, 0, 37, 0, 0, 8, 1 ]
[ 4, -1, 0, 1, 9, 0, -1, -1, 1 ]
[ 5, 0, -1, -4, 1, 0, 2, 0, 7 ]
[ 1, 9, 0, 0, 8, 1, 0, 3, 5 ]
[ 1, 1, -1, 1, 9, 0, 0, 3, 5 ]
[ -4, 1, 0, -1, -1, 1, 2, 0, 7 ]
[ 1, 0, 22, -4, 1, 0, 0, 0, 37 ]
[ 2, 0, 7, -4, 1, 0, 1, 0, 22 ]
[ 1, 9, 0, 0, 1, 14, 0, 0, 37 ]
[ 1, 9, 0, 0, 3, 5, 0, 1, 14 ]
[ 0, -1, -14, 1, 9, 0, 0, 0, 37 ]
[ 0, -3, -5, 1, 9, 0, 0, 1, 14 ]
[ 1, 1, -1, 0, 1, 14, 0, 0, 37 ]
[ 1, 1, -1, 0, 3, 5, 0, 1, 14 ]
[ -1, 0, -22, -1, -1, 1, 0, 0, 37 ]
[ -2, 0, -7, -1, -1, 1, 1, 0, 22 ]
[ 4, -1, 0, 1, 0, 22, 0, 0, 37 ]
[ 4, -1, 0, 2, 0, 7, 1, 0, 22 ]
[ 1, 1, 0, 0, 37, 0, 0, 5, 1 ]
[ 37, 0, 0, 1, 1, 0, -5, 0, 1 ]
[ 1, 1, 0, 0, 5, 1, 0, -2, 7 ]
[ 5, 0, -1, 1, 1, 0, 2, 0, 7 ]
[ -1, -1, 0, 0, -1, 22, 0, 0, 37 ]
[ -1, -1, 0, 0, -2, 7, 0, -1, 22 ]
[ 1, 0, 22, 1, 1, 0, 0, 0, 37 ]
[ 2, 0, 7, 1, 1, 0, 1, 0, 22 ]
[ 37, 0, 0, 6, 1, 0, -5, 0, 1 ]
[ 1, -6, 0, 0, 37, 0, 0, 7, 1 ]
[ 6, 1, 0, -1, 6, 0, 1, 1, 1 ]
[ 5, 0, -1, 6, 1, 0, 2, 0, 7 ]
[ 1, -6, 0, 0, 7, 1, 0, -2, 5 ]
[ 1, 1, 1, -1, 6, 0, 0, -2, 5 ]
[ 6, 1, 0, 1, 1, 1, 2, 0, 7 ]
[ 1, 0, 22, 6, 1, 0, 0, 0, 37 ]
[ 2, 0, 7, 6, 1, 0, 1, 0, 22 ]
[ -1, 6, 0, 0, -1, 21, 0, 0, 37 ]
[ -1, 6, 0, 0, -2, 5, 0, -1, 21 ]
[ 0, 1, -21, -1, 6, 0, 0, 0, 37 ]
[ 0, 2, -5, -1, 6, 0, 0, -1, 21 ]
[ -1, -1, -1, 0, -1, 21, 0, 0, 37 ]
[ -1, -1, -1, 0, -2, 5, 0, -1, 21 ]
[ 1, 0, 22, 1, 1, 1, 0, 0, 37 ]
[ 2, 0, 7, 1, 1, 1, 1, 0, 22 ]
[ -6, -1, 0, 1, 0, 22, 0, 0, 37 ]
[ -6, -1, 0, 2, 0, 7, 1, 0, 22 ]
[ 37, 0, 0, 11, 1, 0, -5, 0, 1 ]
[ 11, 1, 0, -4, 3, 0, -5, 0, 1 ]
[ 5, 0, -1, 11, 1, 0, 2, 0, 7 ]
[ 1, -10, 0, 0, 37, 0, 0, -13, 1 ]
[ 4, -3, 0, -1, 10, 0, -1, -3, 1 ]
[ 5, 0, -1, -4, 3, 0, 1, 1, 2 ]
[ 11, 1, 0, -5, 0, 1, 2, 0, 7 ]
[ 1, 0, 22, 11, 1, 0, 0, 0, 37 ]
[ 2, 0, 7, 11, 1, 0, 1, 0, 22 ]
[ -1, 10, 0, 0, -13, 1, 0, -2, 3 ]
[ 1, 3, -1, -1, 10, 0, 0, -2, 3 ]
[ -4, 3, 0, -1, -3, 1, 1, 1, 2 ]
[ -1, 1, -5, -4, 3, 0, 0, 0, 37 ]
[ 1, 1, 2, -4, 3, 0, 1, -1, 5 ]
[ 5, 0, -1, 1, 1, 2, 2, 0, 7 ]
[ -11, -1, 0, 1, 0, 22, 0, 0, 37 ]
[ -11, -1, 0, 2, 0, 7, 1, 0, 22 ]
[ -1, 10, 0, 0, -1, 20, 0, 0, 37 ]
[ -1, 10, 0, 0, -2, 3, 0, -1, 20 ]
[ 0, 1, -20, -1, 10, 0, 0, 0, 37 ]
[ 0, 2, -3, -1, 10, 0, 0, -1, 20 ]
[ -1, -3, 1, 0, -1, 20, 0, 0, 37 ]
[ -1, -3, 1, 0, -2, 3, 0, -1, 20 ]
[ 0, 1, -20, -1, -3, 1, 0, 0, 37 ]
[ -1, -1, -2, 0, -1, 20, 0, 0, 37 ]
[ -1, -1, -2, -1, -3, 1, 0, -1, 20 ]
[ -4, 3, 0, 1, -1, 5, 0, 0, 37 ]
[ 4, -3, 0, 1, 1, 2, 1, -1, 5 ]
[ -1, 0, -22, 1, -1, 5, 0, 0, 37 ]
[ -1, -1, -2, 1, 0, 22, 0, 0, 37 ]
[ -1, -1, -2, 1, -1, 5, 1, 0, 22 ]
[ 1, 0, 22, 1, 1, 2, 0, 0, 37 ]
[ 2, 0, 7, 1, 1, 2, 1, 0, 22 ]
[ 1, -1, 5, 1, 0, 22, 0, 0, 37 ]
[ 1, -1, 5, 1, 1, 2, 1, 0, 22 ]
[ 1, 0, 22, 1, 1, 2, 0, 0, 37 ]
[ 37, 0, 0, 16, 1, 0, -5, 0, 1 ]
[ 16, 1, 0, -5, 2, 0, -5, 0, 1 ]
[ 5, 0, -1, 16, 1, 0, 2, 0, 7 ]
[ 1, 7, 0, 0, 37, 0, 0, -2, 1 ]
[ 5, -2, 0, 1, 7, 0, 0, -2, 1 ]
[ 5, 0, -1, -5, 2, 0, -4, 1, 4 ]
[ 16, 1, 0, -5, 0, 1, 2, 0, 7 ]
[ 1, 0, 22, 16, 1, 0, 0, 0, 37 ]
[ 2, 0, 7, 16, 1, 0, 1, 0, 22 ]
[ -1, -7, 0, 0, -1, 19, 0, 0, 37 ]
[ -1, -7, 0, 0, -2, 1, 0, -1, 19 ]
[ 0, -1, 19, 1, 7, 0, 0, 0, 37 ]
[ 0, -2, 1, 1, 7, 0, 0, -1, 19 ]
[ -5, 2, 0, 0, -2, 1, 1, -1, 4 ]
[ 3, -1, 11, -5, 2, 0, 0, 0, 37 ]
[ -4, 1, 4, 3, -1, 11, 0, 0, 37 ]
[ 4, -1, -4, -5, 2, 0, 3, -1, 11 ]
[ 5, 0, -1, -4, 1, 4, 2, 0, 7 ]
[ -16, -1, 0, 1, 0, 22, 0, 0, 37 ]
[ -16, -1, 0, 2, 0, 7, 1, 0, 22 ]
[ -1, 1, -4, 0, -1, 19, 0, 0, 37 ]
[ -1, 1, -4, 0, -2, 1, 0, -1, 19 ]
[ -2, 1, 11, 1, -1, 4, 0, 0, 37 ]
[ 5, -2, 0, -2, 1, 11, 0, 0, 37 ]
[ -5, 2, 0, 1, -1, 4, -2, 1, 11 ]
[ 1, 0, 22, -4, 1, 4, 0, 0, 37 ]
[ 2, 0, 7, -4, 1, 4, 1, 0, 22 ]
[ 37, 0, 0, -16, 1, 0, -5, 0, 1 ]
[ 16, -1, 0, 5, 2, 0, -5, 0, 1 ]
[ 5, 0, -1, -16, 1, 0, 2, 0, 7 ]
[ 1, -7, 0, 0, 37, 0, 0, 2, 1 ]
[ 5, 2, 0, -1, 7, 0, 0, 2, 1 ]
[ 5, 0, -1, 5, 2, 0, 1, 1, 4 ]
[ -16, 1, 0, -5, 0, 1, 2, 0, 7 ]
[ 1, 0, 22, -16, 1, 0, 0, 0, 37 ]
[ 2, 0, 7, -16, 1, 0, 1, 0, 22 ]
[ 1, -7, 0, 0, 1, 19, 0, 0, 37 ]
[ 1, -7, 0, 0, 2, 1, 0, 1, 19 ]
[ 0, 1, 19, -1, 7, 0, 0, 0, 37 ]
[ 0, 2, 1, -1, 7, 0, 0, 1, 19 ]
[ 5, 2, 0, 0, 2, 1, 1, 1, 4 ]
[ -2, -1, 11, 5, 2, 0, 0, 0, 37 ]
[ 1, 1, 4, -2, -1, 11, 0, 0, 37 ]
[ -1, -1, -4, 5, 2, 0, -2, -1, 11 ]
[ 5, 0, -1, 1, 1, 4, 2, 0, 7 ]
[ 16, -1, 0, 1, 0, 22, 0, 0, 37 ]
[ 16, -1, 0, 2, 0, 7, 1, 0, 22 ]
[ 1, 1, 4, 0, 1, 19, 0, 0, 37 ]
[ 1, 1, 4, 0, 2, 1, 0, 1, 19 ]
[ 2, 1, -11, 1, 1, 4, 0, 0, 37 ]
[ -5, -2, 0, -2, -1, 11, 0, 0, 37 ]
[ 5, 2, 0, 1, 1, 4, -2, -1, 11 ]
[ 1, 0, 22, 1, 1, 4, 0, 0, 37 ]
[ 2, 0, 7, 1, 1, 4, 1, 0, 22 ]
[ 37, 0, 0, -11, 1, 0, -5, 0, 1 ]
[ 11, -1, 0, 4, 3, 0, -5, 0, 1 ]
[ 5, 0, -1, -11, 1, 0, 2, 0, 7 ]
[ 1, 10, 0, 0, 37, 0, 0, 13, 1 ]
[ 4, 3, 0, 1, 10, 0, -1, 3, 1 ]
[ 5, 0, -1, 4, 3, 0, 1, -1, 2 ]
[ -11, 1, 0, -5, 0, 1, 2, 0, 7 ]
[ 1, 0, 22, -11, 1, 0, 0, 0, 37 ]
[ 2, 0, 7, -11, 1, 0, 1, 0, 22 ]
[ 1, 10, 0, 0, 13, 1, 0, 2, 3 ]
[ 1, -3, -1, 1, 10, 0, 0, 2, 3 ]
[ 4, 3, 0, -1, 3, 1, 1, -1, 2 ]
[ -1, -1, -5, 4, 3, 0, 0, 0, 37 ]
[ 1, -1, 2, 4, 3, 0, 1, 1, 5 ]
[ -5, 0, 1, 1, -1, 2, 2, 0, 7 ]
[ 11, -1, 0, 1, 0, 22, 0, 0, 37 ]
[ 11, -1, 0, 2, 0, 7, 1, 0, 22 ]
[ 1, 10, 0, 0, 1, 20, 0, 0, 37 ]
[ 1, 10, 0, 0, 2, 3, 0, 1, 20 ]
[ 0, -1, -20, 1, 10, 0, 0, 0, 37 ]
[ 0, -2, -3, 1, 10, 0, 0, 1, 20 ]
[ 1, -3, -1, 0, 1, 20, 0, 0, 37 ]
[ 1, -3, -1, 0, 2, 3, 0, 1, 20 ]
[ 0, 1, 20, -1, 3, 1, 0, 0, 37 ]
[ 1, -1, 2, 0, 1, 20, 0, 0, 37 ]
[ 1, -1, 2, -1, 3, 1, 0, 1, 20 ]
[ 4, 3, 0, 1, 1, 5, 0, 0, 37 ]
[ -4, -3, 0, 1, -1, 2, 1, 1, 5 ]
[ 1, 0, 22, 1, 1, 5, 0, 0, 37 ]
[ 1, -1, 2, 1, 0, 22, 0, 0, 37 ]
[ 1, -1, 2, 1, 1, 5, 1, 0, 22 ]
[ -1, 0, -22, 1, -1, 2, 0, 0, 37 ]
[ -2, 0, -7, 1, -1, 2, 1, 0, 22 ]
[ -1, -1, -5, 1, 0, 22, 0, 0, 37 ]
[ -1, -1, -5, 1, -1, 2, 1, 0, 22 ]
[ -1, 0, -22, 1, -1, 2, 0, 0, 37 ]
[ 37, 0, 0, -6, 1, 0, -5, 0, 1 ]
[ 1, 6, 0, 0, 37, 0, 0, -7, 1 ]
[ 6, -1, 0, 1, 6, 0, 1, -1, 1 ]
[ 5, 0, -1, -6, 1, 0, 2, 0, 7 ]
[ -1, -6, 0, 0, -7, 1, 0, 2, 5 ]
[ 1, -1, 1, 1, 6, 0, 0, 2, 5 ]
[ -6, 1, 0, 1, -1, 1, 2, 0, 7 ]
[ 1, 0, 22, -6, 1, 0, 0, 0, 37 ]
[ 2, 0, 7, -6, 1, 0, 1, 0, 22 ]
[ 1, 6, 0, 0, 1, 21, 0, 0, 37 ]
[ 1, 6, 0, 0, 2, 5, 0, 1, 21 ]
[ 0, -1, -21, 1, 6, 0, 0, 0, 37 ]
[ 0, -2, -5, 1, 6, 0, 0, 1, 21 ]
[ 1, -1, 1, 0, 1, 21, 0, 0, 37 ]
[ 1, -1, 1, 0, 2, 5, 0, 1, 21 ]
[ -1, 0, -22, 1, -1, 1, 0, 0, 37 ]
[ -2, 0, -7, 1, -1, 1, 1, 0, 22 ]
[ 6, -1, 0, 1, 0, 22, 0, 0, 37 ]
[ 6, -1, 0, 2, 0, 7, 1, 0, 22 ]
[ 1, -1, 0, 0, 37, 0, 0, -5, 1 ]
[ 37, 0, 0, -1, 1, 0, -5, 0, 1 ]
[ -1, 1, 0, 0, -5, 1, 0, 2, 7 ]
[ 5, 0, -1, -1, 1, 0, 2, 0, 7 ]
[ 1, -1, 0, 0, 1, 22, 0, 0, 37 ]
[ 1, -1, 0, 0, 2, 7, 0, 1, 22 ]
[ 1, 0, 22, -1, 1, 0, 0, 0, 37 ]
[ 2, 0, 7, -1, 1, 0, 1, 0, 22 ]
[ 37, 0, 0, 4, 1, 0, -5, 0, 1 ]
[ 1, -9, 0, 0, 37, 0, 0, -8, 1 ]
[ 4, 1, 0, -1, 9, 0, -1, 1, 1 ]
[ 5, 0, -1, 4, 1, 0, 2, 0, 7 ]
[ -1, 9, 0, 0, -8, 1, 0, -3, 5 ]
[ 1, -1, -1, -1, 9, 0, 0, -3, 5 ]
[ 4, 1, 0, -1, 1, 1, 2, 0, 7 ]
[ 1, 0, 22, 4, 1, 0, 0, 0, 37 ]
[ 2, 0, 7, 4, 1, 0, 1, 0, 22 ]
[ -1, 9, 0, 0, -1, 14, 0, 0, 37 ]
[ -1, 9, 0, 0, -3, 5, 0, -1, 14 ]
[ 0, 1, -14, -1, 9, 0, 0, 0, 37 ]
[ 0, 3, -5, -1, 9, 0, 0, -1, 14 ]
[ -1, 1, 1, 0, -1, 14, 0, 0, 37 ]
[ -1, 1, 1, 0, -3, 5, 0, -1, 14 ]
[ 1, 0, 22, -1, 1, 1, 0, 0, 37 ]
[ 2, 0, 7, -1, 1, 1, 1, 0, 22 ]
[ -4, -1, 0, 1, 0, 22, 0, 0, 37 ]
[ -4, -1, 0, 2, 0, 7, 1, 0, 22 ]
[ 37, 0, 0, 9, 1, 0, -5, 0, 1 ]
[ 1, -4, 0, 0, 37, 0, 0, 17, 1 ]
[ 9, 1, 0, -1, 4, 0, 4, 1, 1 ]
[ 5, 0, -1, 9, 1, 0, 2, 0, 7 ]
[ 1, -4, 0, 0, 17, 1, 0, -3, 2 ]
[ 4, 1, 1, -1, 4, 0, -1, 1, 2 ]
[ 9, 1, 0, 4, 1, 1, 2, 0, 7 ]
[ 1, 0, 22, 9, 1, 0, 0, 0, 37 ]
[ 2, 0, 7, 9, 1, 0, 1, 0, 22 ]
[ -1, 4, 0, 0, -1, 13, 0, 0, 37 ]
[ -1, 4, 0, 0, -3, 2, 0, -1, 13 ]
[ 0, 1, -13, -1, 4, 0, 0, 0, 37 ]
[ -1, 1, 2, 0, -1, 13, 0, 0, 37 ]
[ 1, -1, -2, -1, 4, 0, 0, -1, 13 ]
[ 4, 1, 1, -1, 1, 2, 2, 0, 7 ]
[ 1, 0, 22, 4, 1, 1, 0, 0, 37 ]
[ 2, 0, 7, 4, 1, 1, 1, 0, 22 ]
[ -9, -1, 0, 1, 0, 22, 0, 0, 37 ]
[ -9, -1, 0, 2, 0, 7, 1, 0, 22 ]
[ 1, 0, 22, -1, 1, 2, 0, 0, 37 ]
[ 2, 0, 7, -1, 1, 2, 1, 0, 22 ]
[ -4, -1, -1, 1, 0, 22, 0, 0, 37 ]
[ -4, -1, -1, 2, 0, 7, 1, 0, 22 ]
[ 37, 0, 0, 14, 1, 0, -5, 0, 1 ]
[ 14, 1, 0, 5, 3, 0, -5, 0, 1 ]
[ 5, 0, -1, 14, 1, 0, 2, 0, 7 ]
[ 1, 8, 0, 0, 37, 0, 0, 3, 1 ]
[ 5, 3, 0, 1, 8, 0, 0, 3, 1 ]
[ 5, 0, -1, 5, 3, 0, 4, 1, 2 ]
[ 14, 1, 0, -5, 0, 1, 2, 0, 7 ]
[ 1, 0, 22, 14, 1, 0, 0, 0, 37 ]
[ 2, 0, 7, 14, 1, 0, 1, 0, 22 ]
[ -1, -8, 0, 0, -1, 12, 0, 0, 37 ]
[ 1, 8, 0, 0, 3, 1, 0, -1, 12 ]
[ 0, -1, 12, 1, 8, 0, 0, 0, 37 ]
[ 0, -3, -1, 1, 8, 0, 0, -1, 12 ]
[ 5, 3, 0, 0, 3, 1, -1, -2, 2 ]
[ 2, 1, -5, 5, 3, 0, 0, 0, 37 ]
[ 4, 1, 2, 5, 3, 0, -2, -1, 5 ]
[ 5, 0, -1, 4, 1, 2, 2, 0, 7 ]
[ -14, -1, 0, 1, 0, 22, 0, 0, 37 ]
[ -14, -1, 0, 2, 0, 7, 1, 0, 22 ]
[ -1, -2, 2, 0, -1, 12, 0, 0, 37 ]
[ 1, 2, -2, 0, 3, 1, 0, -1, 12 ]
[ 5, 3, 0, -2, -1, 5, 0, 0, 37 ]
[ -5, -3, 0, -1, -2, 2, -2, -1, 5 ]
[ -1, 0, -22, -2, -1, 5, 0, 0, 37 ]
[ -4, -1, -2, 1, 0, 22, 0, 0, 37 ]
[ -4, -1, -2, -2, -1, 5, 1, 0, 22 ]
[ 1, 0, 22, 4, 1, 2, 0, 0, 37 ]
[ 2, 0, 7, 4, 1, 2, 1, 0, 22 ]
[ -1, -1, -10, -1, -2, 2, 0, 0, 37 ]
[ 2, 1, -5, 1, 1, 10, 0, 0, 37 ]
[ -2, -1, 5, -1, -2, 2, 1, 1, 10 ]
[ 37, 0, 0, -18, 1, 0, -5, 0, 1 ]
[ 1, 2, 0, 0, 37, 0, 0, 10, 1 ]
[ 18, -1, 0, 1, 2, 0, -5, 0, 1 ]
[ 5, 0, -1, -18, 1, 0, 2, 0, 7 ]
[ 1, 2, 0, 0, 10, 1, 0, 3, 4 ]
[ 5, 0, -1, 1, 2, 0, -1, 1, 4 ]
[ -18, 1, 0, -5, 0, 1, 2, 0, 7 ]
[ 1, 0, 22, -18, 1, 0, 0, 0, 37 ]
[ 2, 0, 7, -18, 1, 0, 1, 0, 22 ]
[ -1, -2, 0, 0, -1, 11, 0, 0, 37 ]
[ 1, 2, 0, 0, 3, 4, 0, -1, 11 ]
[ 0, -1, 11, 1, 2, 0, 0, 0, 37 ]
[ -1, 1, 4, 0, -1, 11, 0, 0, 37 ]
[ 1, -1, -4, 1, 2, 0, 0, -1, 11 ]
[ 5, 0, -1, -1, 1, 4, 2, 0, 7 ]
[ 18, -1, 0, 1, 0, 22, 0, 0, 37 ]
[ 18, -1, 0, 2, 0, 7, 1, 0, 22 ]
[ 1, 0, 22, -1, 1, 4, 0, 0, 37 ]
[ 2, 0, 7, -1, 1, 4, 1, 0, 22 ]
[ 37, 0, 0, -13, 1, 0, -5, 0, 1 ]
[ 13, -1, 0, -2, 3, 0, -5, 0, 1 ]
[ 5, 0, -1, -13, 1, 0, 2, 0, 7 ]
[ 1, -20, 0, 0, 37, 0, 0, 11, 1 ]
[ 2, -3, 0, -1, 20, 0, 1, -9, 1 ]
[ 5, 0, -1, -2, 3, 0, 3, -1, 2 ]
[ -13, 1, 0, -5, 0, 1, 2, 0, 7 ]
[ 1, 0, 22, -13, 1, 0, 0, 0, 37 ]
[ 2, 0, 7, -13, 1, 0, 1, 0, 22 ]
[ 1, -20, 0, 0, 11, 1, 0, -4, 3 ]
[ 1, -9, 1, -1, 20, 0, 0, -4, 3 ]
[ -2, 3, 0, 1, -9, 1, -1, 5, 2 ]
[ 1, -1, -5, -2, 3, 0, 0, 0, 37 ]
[ 3, -1, 2, -2, 3, 0, -1, 1, 5 ]
[ -5, 0, 1, 3, -1, 2, 2, 0, 7 ]
[ 13, -1, 0, 1, 0, 22, 0, 0, 37 ]
[ 13, -1, 0, 2, 0, 7, 1, 0, 22 ]
[ -1, 20, 0, 0, -1, 10, 0, 0, 37 ]
[ -1, 20, 0, 0, -4, 3, 0, -1, 10 ]
[ 0, 1, -10, -1, 20, 0, 0, 0, 37 ]
[ 0, 4, -3, -1, 20, 0, 0, -1, 10 ]
[ -1, 9, -1, 0, -1, 10, 0, 0, 37 ]
[ -1, 9, -1, 0, -4, 3, 0, -1, 10 ]
[ 0, -1, 10, 1, -9, 1, 0, 0, 37 ]
[ -1, 5, 2, 0, -1, 10, 0, 0, 37 ]
[ -1, 5, 2, 1, -9, 1, 0, -1, 10 ]
[ -2, 3, 0, 1, -2, 5, 0, 0, 37 ]
[ 2, -3, 0, -1, 5, 2, 1, -2, 5 ]
[ 1, 0, 22, -1, 1, 5, 0, 0, 37 ]
[ 3, -1, 2, 1, 0, 22, 0, 0, 37 ]
[ 3, -1, 2, -1, 1, 5, 1, 0, 22 ]
[ -1, 0, -22, 3, -1, 2, 0, 0, 37 ]
[ -2, 0, -7, 3, -1, 2, 1, 0, 22 ]
[ 0, 1, -10, -1, 5, 2, 0, 0, 37 ]
[ -1, 2, -5, 0, -1, 10, 0, 0, 37 ]
[ 1, -2, 5, -1, 5, 2, 0, -1, 10 ]
[ 37, 0, 0, -8, 1, 0, -5, 0, 1 ]
[ 8, -1, 0, -3, 5, 0, 3, -1, 1 ]
[ 5, 0, -1, -8, 1, 0, 2, 0, 7 ]
[ 1, -14, 0, 0, 37, 0, 0, 4, 1 ]
[ 3, -5, 0, -1, 14, 0, 0, 4, 1 ]
[ -1, 2, -3, -3, 5, 0, 0, 0, 37 ]
[ 3, -1, 1, -3, 5, 0, 1, -2, 3 ]
[ -8, 1, 0, 3, -1, 1, 2, 0, 7 ]
[ 1, 0, 22, -8, 1, 0, 0, 0, 37 ]
[ 2, 0, 7, -8, 1, 0, 1, 0, 22 ]
[ -1, 14, 0, 0, -1, 9, 0, 0, 37 ]
[ 1, -14, 0, 0, 4, 1, 0, -1, 9 ]
[ 0, 1, -9, -1, 14, 0, 0, 0, 37 ]
[ 0, 4, 1, -1, 14, 0, 0, -1, 9 ]
[ -3, 5, 0, 1, -2, 3, 0, 0, 37 ]
[ 3, -5, 0, 0, 4, 1, 1, -2, 3 ]
[ -1, 1, 6, 1, -2, 3, 0, 0, 37 ]
[ -3, 1, -1, 1, -2, 3, -1, 1, 6 ]
[ -1, 0, -22, 3, -1, 1, 0, 0, 37 ]
[ -2, 0, -7, 3, -1, 1, 1, 0, 22 ]
[ 8, -1, 0, 1, 0, 22, 0, 0, 37 ]
[ 8, -1, 0, 2, 0, 7, 1, 0, 22 ]
[ -1, 2, -3, 0, -1, 9, 0, 0, 37 ]
[ 1, -2, 3, 0, 4, 1, 0, -1, 9 ]
[ 1, 0, 22, -1, 1, 6, 0, 0, 37 ]
[ 3, -1, 1, 1, 0, 22, 0, 0, 37 ]
[ 3, -1, 1, -1, 1, 6, 1, 0, 22 ]
[ 37, 0, 0, -3, 1, 0, -5, 0, 1 ]
[ 1, 12, 0, 0, 37, 0, 0, -14, 1 ]
[ 3, -1, 0, 1, 12, 0, 1, -2, 1 ]
[ 5, 0, -1, -3, 1, 0, 2, 0, 7 ]
[ -1, -12, 0, 0, -14, 1, 0, -5, 3 ]
[ 1, -2, 1, 1, 12, 0, 0, -5, 3 ]
[ -1, 1, 7, 1, -2, 1, 0, 0, 37 ]
[ -3, 1, 0, 1, -2, 1, -1, 1, 7 ]
[ 1, 0, 22, -3, 1, 0, 0, 0, 37 ]
[ 2, 0, 7, -3, 1, 0, 1, 0, 22 ]
[ -1, -12, 0, 0, -1, 8, 0, 0, 37 ]
[ -1, -12, 0, 0, -5, 3, 0, -1, 8 ]
[ 0, -1, 8, 1, 12, 0, 0, 0, 37 ]
[ 0, -5, 3, 1, 12, 0, 0, -1, 8 ]
[ -1, 2, -1, 0, -1, 8, 0, 0, 37 ]
[ -1, 2, -1, 0, -5, 3, 0, -1, 8 ]
[ 2, -1, -22, -1, 1, 7, 0, 0, 37 ]
[ 3, -1, 0, -2, 1, 22, 0, 0, 37 ]
[ 3, -1, 0, -1, 1, 7, -2, 1, 22 ]
[ 37, 0, 0, 2, 1, 0, -5, 0, 1 ]
[ 1, 19, 0, 0, 37, 0, 0, -16, 1 ]
[ 2, 1, 0, 1, 19, 0, 1, 3, 1 ]
[ 5, 0, -1, 2, 1, 0, 2, 0, 7 ]
[ -1, -19, 0, 0, -16, 1, 0, 5, 2 ]
[ 1, 3, 1, 1, 19, 0, 0, 5, 2 ]
[ 0, -1, 7, 1, 3, 1, 0, 0, 37 ]
[ 2, 1, 0, 1, 3, 1, 0, -1, 7 ]
[ 1, 0, 22, 2, 1, 0, 0, 0, 37 ]
[ 2, 0, 7, 2, 1, 0, 1, 0, 22 ]
[ -1, -19, 0, 0, -1, 7, 0, 0, 37 ]
[ 1, 19, 0, 0, 5, 2, 0, -1, 7 ]
[ 0, -1, 7, 1, 19, 0, 0, 0, 37 ]
[ 0, -5, -2, 1, 19, 0, 0, -1, 7 ]
[ -1, -3, -1, 0, -1, 7, 0, 0, 37 ]
[ 1, 3, 1, 0, 5, 2, 0, -1, 7 ]
[ -1, 0, -22, 0, -1, 7, 0, 0, 37 ]
[ -2, -1, 0, 1, 0, 22, 0, 0, 37 ]
[ -2, -1, 0, 0, -1, 7, 1, 0, 22 ]
[ 37, 0, 0, 7, 1, 0, -5, 0, 1 ]
[ 7, 1, 0, -2, 5, 0, 2, 1, 1 ]
[ 5, 0, -1, 7, 1, 0, 2, 0, 7 ]
[ 1, -21, 0, 0, 37, 0, 0, 6, 1 ]
[ 2, -5, 0, -1, 21, 0, 0, 6, 1 ]
[ 1, -2, -3, -2, 5, 0, 0, 0, 37 ]
[ 2, 1, 1, -2, 5, 0, -1, 2, 3 ]
[ 7, 1, 0, 2, 1, 1, 2, 0, 7 ]
[ 1, 0, 22, 7, 1, 0, 0, 0, 37 ]
[ 2, 0, 7, 7, 1, 0, 1, 0, 22 ]
[ -1, 21, 0, 0, -1, 6, 0, 0, 37 ]
[ 1, -21, 0, 0, 6, 1, 0, -1, 6 ]
[ 0, 1, -6, -1, 21, 0, 0, 0, 37 ]
[ 0, 6, 1, -1, 21, 0, 0, -1, 6 ]
[ -2, 5, 0, -1, 2, 3, 0, 0, 37 ]
[ 2, -5, 0, 0, 6, 1, -1, 2, 3 ]
[ 0, 1, -6, -1, 2, 3, 0, 0, 37 ]
[ 2, 1, 1, -1, 2, 3, 0, -1, 6 ]
[ 1, 0, 22, 2, 1, 1, 0, 0, 37 ]
[ 2, 0, 7, 2, 1, 1, 1, 0, 22 ]
[ -7, -1, 0, 1, 0, 22, 0, 0, 37 ]
[ -7, -1, 0, 2, 0, 7, 1, 0, 22 ]
[ -1, 2, 3, 0, -1, 6, 0, 0, 37 ]
[ 1, -2, -3, 0, 6, 1, 0, -1, 6 ]
[ -1, 0, -22, 0, -1, 6, 0, 0, 37 ]
[ -2, -1, -1, 1, 0, 22, 0, 0, 37 ]
[ -2, -1, -1, 0, -1, 6, 1, 0, 22 ]
[ 37, 0, 0, 12, 1, 0, -5, 0, 1 ]
[ 1, -3, 0, 0, 37, 0, 0, -15, 1 ]
[ 12, 1, 0, -1, 3, 0, -5, 0, 1 ]
[ 5, 0, -1, 12, 1, 0, 2, 0, 7 ]
[ -1, 3, 0, 0, -15, 1, 0, 7, 2 ]
[ 5, 0, -1, -1, 3, 0, 2, 1, 2 ]
[ 12, 1, 0, -5, 0, 1, 2, 0, 7 ]
[ 1, 0, 22, 12, 1, 0, 0, 0, 37 ]
[ 2, 0, 7, 12, 1, 0, 1, 0, 22 ]
[ -1, 3, 0, 0, -1, 5, 0, 0, 37 ]
[ 1, -3, 0, 0, 7, 2, 0, -1, 5 ]
[ 0, 1, -5, -1, 3, 0, 0, 0, 37 ]
[ 2, 1, 2, -1, 3, 0, 0, -1, 5 ]
[ 5, 0, -1, 2, 1, 2, 2, 0, 7 ]
[ -12, -1, 0, 1, 0, 22, 0, 0, 37 ]
[ -12, -1, 0, 2, 0, 7, 1, 0, 22 ]
[ -1, 0, -22, 0, -1, 5, 0, 0, 37 ]
[ -2, -1, -2, 1, 0, 22, 0, 0, 37 ]
[ -2, -1, -2, 0, -1, 5, 1, 0, 22 ]
[ 1, 0, 22, 2, 1, 2, 0, 0, 37 ]
[ 2, 0, 7, 2, 1, 2, 1, 0, 22 ]
[ 37, 0, 0, 17, 1, 0, -5, 0, 1 ]
[ 17, 1, 0, -3, 2, 0, -5, 0, 1 ]
[ 5, 0, -1, 17, 1, 0, 2, 0, 7 ]
[ 1, -13, 0, 0, 37, 0, 0, 9, 1 ]
[ 3, -2, 0, -1, 13, 0, 1, -4, 1 ]
[ 5, 0, -1, -3, 2, 0, -3, 1, 4 ]
[ 17, 1, 0, -5, 0, 1, 2, 0, 7 ]
[ 1, 0, 22, 17, 1, 0, 0, 0, 37 ]
[ 2, 0, 7, 17, 1, 0, 1, 0, 22 ]
[ -1, 13, 0, 0, -1, 4, 0, 0, 37 ]
[ 1, -13, 0, 0, 9, 1, 0, -1, 4 ]
[ 0, 1, -4, -1, 13, 0, 0, 0, 37 ]
[ -1, 4, -1, 0, -1, 4, 0, 0, 37 ]
[ 1, -4, 1, -1, 13, 0, 0, -1, 4 ]
[ 0, -1, 4, 1, -4, 1, 0, 0, 37 ]
[ -3, 2, 0, 1, -4, 1, 0, -1, 4 ]
[ 2, -1, 11, -3, 2, 0, 0, 0, 37 ]
[ -3, 1, 4, 2, -1, 11, 0, 0, 37 ]
[ 3, -1, -4, -3, 2, 0, 2, -1, 11 ]
[ 5, 0, -1, -3, 1, 4, 2, 0, 7 ]
[ -17, -1, 0, 1, 0, 22, 0, 0, 37 ]
[ -17, -1, 0, 2, 0, 7, 1, 0, 22 ]
[ -1, 1, 11, 0, -1, 4, 0, 0, 37 ]
[ 3, -2, 0, -1, 1, 11, 0, 0, 37 ]
[ -3, 2, 0, 0, -1, 4, -1, 1, 11 ]
[ 1, 0, 22, -3, 1, 4, 0, 0, 37 ]
[ 2, 0, 7, -3, 1, 4, 1, 0, 22 ]
[ 37, 0, 0, -15, 1, 0, -5, 0, 1 ]
[ 15, -1, 0, 7, 2, 0, -5, 0, 1 ]
[ 5, 0, -1, -15, 1, 0, 2, 0, 7 ]
[ 1, -5, 0, 0, 37, 0, 0, 12, 1 ]
[ 7, 2, 0, -1, 5, 0, 2, 2, 1 ]
[ 5, 0, -1, 7, 2, 0, 2, 1, 4 ]
[ -15, 1, 0, -5, 0, 1, 2, 0, 7 ]
[ 1, 0, 22, -15, 1, 0, 0, 0, 37 ]
[ 2, 0, 7, -15, 1, 0, 1, 0, 22 ]
[ -1, 5, 0, 0, -1, 3, 0, 0, 37 ]
[ 1, -5, 0, 0, 12, 1, 0, -1, 3 ]
[ 0, 1, -3, -1, 5, 0, 0, 0, 37 ]
[ 2, 2, 1, -1, 5, 0, 0, -1, 3 ]
[ 7, 2, 0, 2, 2, 1, 2, 1, 4 ]
[ -3, -1, 11, 7, 2, 0, 0, 0, 37 ]
[ 2, 1, 4, -3, -1, 11, 0, 0, 37 ]
[ -2, -1, -4, 7, 2, 0, -3, -1, 11 ]
[ 5, 0, -1, 2, 1, 4, 2, 0, 7 ]
[ 15, -1, 0, 1, 0, 22, 0, 0, 37 ]
[ 15, -1, 0, 2, 0, 7, 1, 0, 22 ]
[ -1, -1, -19, 0, -1, 3, 0, 0, 37 ]
[ -2, -2, -1, 0, -1, 3, 1, 1, 19 ]
[ 2, 1, 4, 1, 1, 19, 0, 0, 37 ]
[ 2, 1, 4, 2, 2, 1, 1, 1, 19 ]
[ 3, 1, -11, 2, 1, 4, 0, 0, 37 ]
[ -7, -2, 0, -3, -1, 11, 0, 0, 37 ]
[ 7, 2, 0, 2, 1, 4, -3, -1, 11 ]
[ 1, 0, 22, 2, 1, 4, 0, 0, 37 ]
[ 2, 0, 7, 2, 1, 4, 1, 0, 22 ]
[ 37, 0, 0, -10, 1, 0, -5, 0, 1 ]
[ 10, -1, 0, -3, 4, 0, 5, -1, 1 ]
[ 5, 0, -1, -10, 1, 0, 2, 0, 7 ]
[ 1, 11, 0, 0, 37, 0, 0, 18, 1 ]
[ 3, -4, 0, 1, 11, 0, -1, 7, 1 ]
[ 5, -1, 1, -3, 4, 0, 0, -1, 2 ]
[ -10, 1, 0, 5, -1, 1, 2, 0, 7 ]
[ 1, 0, 22, -10, 1, 0, 0, 0, 37 ]
[ 2, 0, 7, -10, 1, 0, 1, 0, 22 ]
[ -1, -11, 0, 0, -1, 2, 0, 0, 37 ]
[ 1, 11, 0, 0, 18, 1, 0, -1, 2 ]
[ 0, -1, 2, 1, 11, 0, 0, 0, 37 ]
[ -1, 7, 1, 0, -1, 2, 0, 0, 37 ]
[ 1, -7, -1, 1, 11, 0, 0, -1, 2 ]
[ 0, 1, -2, -1, 7, 1, 0, 0, 37 ]
[ 3, -4, 0, -1, 7, 1, 0, -1, 2 ]
[ 1, -1, -13, -3, 4, 0, 0, 0, 37 ]
[ 0, 1, -2, -1, 1, 13, 0, 0, 37 ]
[ 0, 1, -2, -3, 4, 0, -1, 1, 13 ]
[ -5, 1, -1, 0, -1, 2, 2, 0, 7 ]
[ -1, 0, -22, 5, -1, 1, 0, 0, 37 ]
[ -2, 0, -7, 5, -1, 1, 1, 0, 22 ]
[ 10, -1, 0, 1, 0, 22, 0, 0, 37 ]
[ 10, -1, 0, 2, 0, 7, 1, 0, 22 ]
[ -1, 1, 13, 0, -1, 2, 0, 0, 37 ]
[ -3, 4, 0, -1, 1, 13, 0, 0, 37 ]
[ -3, 4, 0, 0, -1, 2, -1, 1, 13 ]
[ -1, 0, -22, 0, -1, 2, 0, 0, 37 ]
[ -2, 0, -7, 0, -1, 2, 1, 0, 22 ]
[ 5, -1, 1, 1, 0, 22, 0, 0, 37 ]
[ 5, -1, 1, 2, 0, 7, 1, 0, 22 ]
[ 37, 0, 0, -5, 1, 0, -5, 0, 1 ]
[ 5, -1, 0, 2, 7, 0, 0, -1, 1 ]
[ 5, 0, -1, -5, 1, 0, 2, 0, 7 ]
[ -1, -22, 0, 0, -1, 1, 0, 0, 37 ]
[ 1, 22, 0, 0, 37, 0, 0, -1, 1 ]
[ 0, -1, 1, 1, 22, 0, 0, 0, 37 ]
[ 2, 7, 0, 1, 22, 0, 0, -1, 1 ]
[ 1, 3, 19, 2, 7, 0, 0, 0, 37 ]
[ 0, -1, 1, 1, 3, 19, 0, 0, 37 ]
[ 0, -1, 1, 2, 7, 0, 1, 3, 19 ]
[ -5, 1, 0, 0, -1, 1, 2, 0, 7 ]
[ 1, 0, 22, -5, 1, 0, 0, 0, 37 ]
[ 2, 0, 7, -5, 1, 0, 1, 0, 22 ]
[ -1, -3, -19, 0, -1, 1, 0, 0, 37 ]
[ -2, -7, 0, 1, 3, 19, 0, 0, 37 ]
[ -2, -7, 0, 0, -1, 1, 1, 3, 19 ]
[ -1, 0, -22, 0, -1, 1, 0, 0, 37 ]
[ -2, 0, -7, 0, -1, 1, 1, 0, 22 ]
[ 5, -1, 0, 1, 0, 22, 0, 0, 37 ]
[ 5, -1, 0, 2, 0, 7, 1, 0, 22 ]
[ 37, 0, 0, 0, 1, 0, -8, 0, 1 ]
[ 8, 0, -1, 0, 1, 0, -3, 0, 5 ]
[ 1, 0, -14, 0, 1, 0, 0, 0, 37 ]
[ 3, 0, -5, 0, 1, 0, -1, 0, 14 ]
[ 37, 0, 0, 8, 1, 0, -8, 0, 1 ]
[ 8, 1, 0, 3, 5, 0, 0, 1, 1 ]
[ 8, 0, -1, 8, 1, 0, -3, 0, 5 ]
[ 1, 14, 0, 0, 1, 1, 0, 0, 37 ]
[ 1, 14, 0, 0, 37, 0, 0, 1, 1 ]
[ 0, -1, -1, 1, 14, 0, 0, 0, 37 ]
[ 3, 5, 0, 1, 14, 0, 0, 1, 1 ]
[ -1, -2, 12, 3, 5, 0, 0, 0, 37 ]
[ 0, 1, 1, -1, -2, 12, 0, 0, 37 ]
[ 0, -1, -1, 3, 5, 0, -1, -2, 12 ]
[ 8, 1, 0, 0, 1, 1, -3, 0, 5 ]
[ 1, 0, -14, 8, 1, 0, 0, 0, 37 ]
[ 3, 0, -5, 8, 1, 0, -1, 0, 14 ]
[ 1, 2, -12, 0, 1, 1, 0, 0, 37 ]
[ -3, -5, 0, -1, -2, 12, 0, 0, 37 ]
[ 3, 5, 0, 0, 1, 1, -1, -2, 12 ]
[ 1, 0, -14, 0, 1, 1, 0, 0, 37 ]
[ 3, 0, -5, 0, 1, 1, -1, 0, 14 ]
[ 8, 1, 0, -1, 0, 14, 0, 0, 37 ]
[ 8, 1, 0, -3, 0, 5, -1, 0, 14 ]
[ 37, 0, 0, 16, 1, 0, -8, 0, 1 ]
[ 16, 1, 0, -5, 2, 0, -8, 0, 1 ]
[ 8, 0, -1, 16, 1, 0, -3, 0, 5 ]
[ 1, 7, 0, 0, 37, 0, 0, -18, 1 ]
[ 5, -2, 0, 1, 7, 0, 2, -4, 1 ]
[ 8, 0, -1, -5, 2, 0, 0, 1, 2 ]
[ 16, 1, 0, -8, 0, 1, -3, 0, 5 ]
[ 1, 0, -14, 16, 1, 0, 0, 0, 37 ]
[ 3, 0, -5, 16, 1, 0, -1, 0, 14 ]
[ 1, 7, 0, 0, 1, 2, 0, 0, 37 ]
[ -1, -7, 0, 0, -18, 1, 0, 1, 2 ]
[ 0, -1, -2, 1, 7, 0, 0, 0, 37 ]
[ 2, -4, 1, 1, 7, 0, 0, 1, 2 ]
[ -5, 2, 0, 2, -4, 1, 0, 1, 2 ]
[ -2, 1, -7, -5, 2, 0, 0, 0, 37 ]
[ 0, 1, 2, -5, 2, 0, 2, -1, 7 ]
[ 8, 0, -1, 0, 1, 2, -3, 0, 5 ]
[ 16, 1, 0, -1, 0, 14, 0, 0, 37 ]
[ 16, 1, 0, -3, 0, 5, -1, 0, 14 ]
[ 1, -2, 19, 0, 1, 2, 0, 0, 37 ]
[ 2, -4, 1, 0, 1, 2, 1, -2, 19 ]
[ 0, -1, -2, 1, -2, 19, 0, 0, 37 ]
[ 0, -1, -2, 2, -4, 1, 1, -2, 19 ]
[ -5, 2, 0, 2, -1, 7, 0, 0, 37 ]
[ 5, -2, 0, 0, 1, 2, 2, -1, 7 ]
[ -1, 0, -23, 2, -1, 7, 0, 0, 37 ]
[ 0, -1, -2, 1, 0, 23, 0, 0, 37 ]
[ 0, -1, -2, 2, -1, 7, 1, 0, 23 ]
[ 1, 0, -14, 0, 1, 2, 0, 0, 37 ]
[ 3, 0, -5, 0, 1, 2, -1, 0, 14 ]
[ 1, 0, 23, 0, 1, 2, 0, 0, 37 ]
[ 2, -1, 7, 1, 0, 23, 0, 0, 37 ]
[ 2, -1, 7, 0, 1, 2, 1, 0, 23 ]
[ 37, 0, 0, -13, 1, 0, -8, 0, 1 ]
[ 13, -1, 0, -2, 3, 0, 5, -1, 1 ]
[ 8, 0, -1, -13, 1, 0, -3, 0, 5 ]
[ 1, -20, 0, 0, 37, 0, 0, -12, 1 ]
[ 2, -3, 0, -1, 20, 0, -1, 8, 1 ]
[ 5, -1, 1, -2, 3, 0, 0, 1, 3 ]
[ -13, 1, 0, 5, -1, 1, -3, 0, 5 ]
[ 1, 0, -14, -13, 1, 0, 0, 0, 37 ]
[ 3, 0, -5, -13, 1, 0, -1, 0, 14 ]
[ 1, -20, 0, 0, 1, 3, 0, 0, 37 ]
[ -1, 20, 0, 0, -12, 1, 0, 1, 3 ]
[ 0, 1, 3, -1, 20, 0, 0, 0, 37 ]
[ 1, -8, -1, 0, 1, 3, 0, 0, 37 ]
[ 1, -8, -1, -1, 20, 0, 0, 1, 3 ]
[ 0, 1, 3, -1, 8, 1, 0, 0, 37 ]
[ 2, -3, 0, -1, 8, 1, 0, 1, 3 ]
[ -1, 2, 20, -2, 3, 0, 0, 0, 37 ]
[ 0, 1, 3, -1, 2, 20, 0, 0, 37 ]
[ 0, 1, 3, -2, 3, 0, -1, 2, 20 ]
[ 5, -1, 1, 0, 1, 3, 2, 0, 9 ]
[ -1, 0, 14, 5, -1, 1, 0, 0, 37 ]
[ -3, 0, 5, 5, -1, 1, -1, 0, 14 ]
[ -13, 1, 0, -1, 0, 14, 0, 0, 37 ]
[ -13, 1, 0, -3, 0, 5, -1, 0, 14 ]
[ 1, -2, -20, 0, 1, 3, 0, 0, 37 ]
[ 2, -3, 0, -1, 2, 20, 0, 0, 37 ]
[ 2, -3, 0, 0, 1, 3, -1, 2, 20 ]
[ 1, 0, 23, 0, 1, 3, 0, 0, 37 ]
[ 2, 0, 9, 0, 1, 3, 1, 0, 23 ]
[ 5, -1, 1, 1, 0, 23, 0, 0, 37 ]
[ 5, -1, 1, 2, 0, 9, 1, 0, 23 ]
[ 37, 0, 0, -5, 1, 0, -8, 0, 1 ]
[ 5, -1, 0, 2, 7, 0, 2, -2, 1 ]
[ 8, 0, -1, -5, 1, 0, -3, 0, 5 ]
[ 1, 22, 0, 0, 37, 0, 0, -9, 1 ]
[ 2, 7, 0, 1, 22, 0, 0, -9, 1 ]
[ 1, 3, -2, 2, 7, 0, 0, 0, 37 ]
[ 2, -2, 1, 2, 7, 0, -1, -3, 2 ]
[ -5, 1, 0, 2, -2, 1, 2, -1, 5 ]
[ 1, 0, -14, -5, 1, 0, 0, 0, 37 ]
[ 3, 0, -5, -5, 1, 0, -1, 0, 14 ]
[ 1, 22, 0, 0, 1, 4, 0, 0, 37 ]
[ -1, -22, 0, 0, -9, 1, 0, 1, 4 ]
[ 0, -1, -4, 1, 22, 0, 0, 0, 37 ]
[ 0, -9, 1, 1, 22, 0, 0, 1, 4 ]
[ 2, 7, 0, 1, 4, 2, 0, 0, 37 ]
[ -2, -7, 0, 0, -9, 1, 1, 4, 2 ]
[ 0, 1, 4, -1, -3, 2, 0, 0, 37 ]
[ -2, 2, -1, -1, -3, 2, 0, 1, 4 ]
[ -2, 1, -5, 1, -1, 19, 0, 0, 37 ]
[ -2, 1, -5, 2, -2, 1, 1, -1, 19 ]
[ -1, 0, 14, 2, -1, 5, 0, 0, 37 ]
[ -5, 1, 0, -1, 0, 14, 0, 0, 37 ]
[ -5, 1, 0, 2, -1, 5, -1, 0, 14 ]
[ 1, 4, 2, 0, 1, 4, 0, 0, 37 ]
[ -1, -4, -2, 0, -9, 1, 0, 1, 4 ]
[ 1, -1, 19, 0, 1, 4, 0, 0, 37 ]
[ 2, -2, 1, 0, 1, 4, 1, -1, 19 ]
[ 37, 0, 0, 3, 1, 0, -8, 0, 1 ]
[ 1, -12, 0, 0, 37, 0, 0, 15, 1 ]
[ 3, 1, 0, -1, 12, 0, 1, 3, 1 ]
[ 8, 0, -1, 3, 1, 0, -3, 0, 5 ]
[ 1, -12, 0, 0, 15, 1, 0, -7, 2 ]
[ 1, 3, 1, -1, 12, 0, 0, -7, 2 ]
[ 0, -1, -5, 1, 3, 1, 0, 0, 37 ]
[ 3, 1, 0, 1, 3, 1, 0, 1, 5 ]
[ 1, 0, -14, 3, 1, 0, 0, 0, 37 ]
[ 3, 0, -5, 3, 1, 0, -1, 0, 14 ]
[ 1, -12, 0, 0, 1, 5, 0, 0, 37 ]
[ -1, 12, 0, 0, -7, 2, 0, 1, 5 ]
[ 0, 1, 5, -1, 12, 0, 0, 0, 37 ]
[ 0, 7, -2, -1, 12, 0, 0, 1, 5 ]
[ 1, 3, 1, 0, 1, 5, 0, 0, 37 ]
[ -1, -3, -1, 0, -7, 2, 0, 1, 5 ]
[ 1, 0, -14, 0, 1, 5, 0, 0, 37 ]
[ 3, 1, 0, -1, 0, 14, 0, 0, 37 ]
[ 3, 1, 0, 0, 1, 5, -1, 0, 14 ]
[ 37, 0, 0, 11, 1, 0, -8, 0, 1 ]
[ 11, 1, 0, -4, 3, 0, 3, 1, 1 ]
[ 8, 0, -1, 11, 1, 0, -3, 0, 5 ]
[ 1, -10, 0, 0, 37, 0, 0, -6, 1 ]
[ 4, -3, 0, -1, 10, 0, -1, 4, 1 ]
[ 3, 1, 1, -4, 3, 0, 2, -1, 3 ]
[ 11, 1, 0, 3, 1, 1, -3, 0, 5 ]
[ 1, 0, -14, 11, 1, 0, 0, 0, 37 ]
[ 3, 0, -5, 11, 1, 0, -1, 0, 14 ]
[ 1, -10, 0, 0, 1, 6, 0, 0, 37 ]
[ -1, 10, 0, 0, -6, 1, 0, 1, 6 ]
[ 0, 1, 6, -1, 10, 0, 0, 0, 37 ]
[ 1, -4, -1, 0, 1, 6, 0, 0, 37 ]
[ 1, -4, -1, -1, 10, 0, 0, 1, 6 ]
[ 4, -3, 0, -1, 4, 1, -2, 2, 3 ]
[ -1, 1, 20, -4, 3, 0, 0, 0, 37 ]
[ 2, -1, 3, -1, 1, 20, 0, 0, 37 ]
[ 2, -1, 3, -4, 3, 0, -1, 1, 20 ]
[ -3, -1, -1, 2, -1, 3, 2, 0, 9 ]
[ 1, 0, -14, 3, 1, 1, 0, 0, 37 ]
[ 3, 0, -5, 3, 1, 1, -1, 0, 14 ]
[ 11, 1, 0, -1, 0, 14, 0, 0, 37 ]
[ 11, 1, 0, -3, 0, 5, -1, 0, 14 ]
[ 0, 1, 6, -1, 4, 1, 0, 0, 37 ]
[ 2, -2, -3, -1, 4, 1, 0, 1, 6 ]
[ 4, -3, 0, -1, 1, 20, 0, 0, 37 ]
[ 4, -3, 0, -2, 2, 3, -1, 1, 20 ]
[ -1, 0, -23, 2, -1, 3, 0, 0, 37 ]
[ -2, 0, -9, 2, -1, 3, 1, 0, 23 ]
[ -3, -1, -1, 1, 0, 23, 0, 0, 37 ]
[ -3, -1, -1, 2, 0, 9, 1, 0, 23 ]
[ 1, -1, -20, 0, 1, 6, 0, 0, 37 ]
[ 2, -2, -3, 0, 1, 6, -1, 1, 20 ]
[ 37, 0, 0, -18, 1, 0, -8, 0, 1 ]
[ 1, 2, 0, 0, 37, 0, 0, 16, 1 ]
[ 18, -1, 0, 1, 2, 0, -8, 0, 1 ]
[ 8, 0, -1, -18, 1, 0, -3, 0, 5 ]
[ 1, 2, 0, 0, 16, 1, 0, -5, 2 ]
[ 8, 0, -1, 1, 2, 0, 3, 1, 2 ]
[ -18, 1, 0, -8, 0, 1, -3, 0, 5 ]
[ 1, 0, -14, -18, 1, 0, 0, 0, 37 ]
[ 3, 0, -5, -18, 1, 0, -1, 0, 14 ]
[ 1, 2, 0, 0, 1, 7, 0, 0, 37 ]
[ -1, -2, 0, 0, -5, 2, 0, 1, 7 ]
[ 1, 1, -7, 1, 2, 0, 0, 0, 37 ]
[ 3, 1, 2, 1, 2, 0, -1, -1, 7 ]
[ 8, 0, -1, 3, 1, 2, -3, 0, 5 ]
[ -18, 1, 0, -1, 0, 14, 0, 0, 37 ]
[ -18, 1, 0, -3, 0, 5, -1, 0, 14 ]
[ -1, 0, -23, -1, -1, 7, 0, 0, 37 ]
[ -3, -1, -2, 1, 0, 23, 0, 0, 37 ]
[ -3, -1, -2, -1, -1, 7, 1, 0, 23 ]
[ 1, 0, -14, 3, 1, 2, 0, 0, 37 ]
[ 3, 0, -5, 3, 1, 2, -1, 0, 14 ]
[ 37, 0, 0, -10, 1, 0, -8, 0, 1 ]
[ 10, -1, 0, -3, 4, 0, 2, -1, 1 ]
[ 8, 0, -1, -10, 1, 0, -3, 0, 5 ]
[ 1, 11, 0, 0, 37, 0, 0, 14, 1 ]
[ 3, -4, 0, 1, 11, 0, -1, 3, 1 ]
[ 2, -1, 1, -3, 4, 0, -2, 2, 7 ]
[ -10, 1, 0, 2, -1, 1, -3, 0, 5 ]
[ 1, 0, -14, -10, 1, 0, 0, 0, 37 ]
[ 3, 0, -5, -10, 1, 0, -1, 0, 14 ]
[ 1, 11, 0, 0, 14, 1, 0, 5, 3 ]
[ 1, -3, -1, 1, 11, 0, 0, 5, 3 ]
[ 1, -2, 7, -1, 3, 1, 0, 0, 37 ]
[ 3, -4, 0, -1, 3, 1, 1, -2, 7 ]
[ 1, -1, -22, -3, 4, 0, 0, 0, 37 ]
[ 2, -2, -7, -3, 4, 0, -1, 1, 22 ]
[ 2, -1, 1, -1, 1, 22, 0, 0, 37 ]
[ 2, -1, 1, -2, 2, 7, -1, 1, 22 ]
[ -1, 0, 14, 2, -1, 1, 0, 0, 37 ]
[ -3, 0, 5, 2, -1, 1, -1, 0, 14 ]
[ -10, 1, 0, -1, 0, 14, 0, 0, 37 ]
[ -10, 1, 0, -3, 0, 5, -1, 0, 14 ]
[ 1, 11, 0, 0, 1, 8, 0, 0, 37 ]
[ 1, 11, 0, 0, 5, 3, 0, 1, 8 ]
[ 0, -1, -8, 1, 11, 0, 0, 0, 37 ]
[ 0, -5, -3, 1, 11, 0, 0, 1, 8 ]
[ 1, -3, -1, 0, 1, 8, 0, 0, 37 ]
[ 1, -3, -1, 0, 5, 3, 0, 1, 8 ]
[ -1, 1, 22, 1, -2, 7, 0, 0, 37 ]
[ -3, 4, 0, -1, 1, 22, 0, 0, 37 ]
[ -3, 4, 0, 1, -2, 7, -1, 1, 22 ]
[ 37, 0, 0, -2, 1, 0, -8, 0, 1 ]
[ 1, -19, 0, 0, 37, 0, 0, -4, 1 ]
[ 2, -1, 0, -1, 19, 0, 0, -4, 1 ]
[ 8, 0, -1, -2, 1, 0, -3, 0, 5 ]
[ 1, -19, 0, 0, 1, 9, 0, 0, 37 ]
[ -1, 19, 0, 0, -4, 1, 0, 1, 9 ]
[ 0, 1, 9, -1, 19, 0, 0, 0, 37 ]
[ 0, 4, -1, -1, 19, 0, 0, 1, 9 ]
[ -2, 1, 0, 0, -4, 1, -1, -1, 5 ]
[ 1, 0, -14, -2, 1, 0, 0, 0, 37 ]
[ 3, 0, -5, -2, 1, 0, -1, 0, 14 ]
[ 1, 1, -5, 0, 1, 9, 0, 0, 37 ]
[ -1, -1, 5, 0, -4, 1, 0, 1, 9 ]
[ -1, 0, 14, -1, -1, 5, 0, 0, 37 ]
[ -2, 1, 0, -1, 0, 14, 0, 0, 37 ]
[ -2, 1, 0, -1, -1, 5, -1, 0, 14 ]
[ 37, 0, 0, 6, 1, 0, -8, 0, 1 ]
[ 1, -6, 0, 0, 37, 0, 0, -11, 1 ]
[ 6, 1, 0, -1, 6, 0, -2, 1, 1 ]
[ 8, 0, -1, 6, 1, 0, -3, 0, 5 ]
[ -1, 6, 0, 0, -11, 1, 0, 4, 3 ]
[ 2, -1, -1, -1, 6, 0, 1, -2, 3 ]
[ 6, 1, 0, -2, 1, 1, -3, 0, 5 ]
[ 1, 0, -14, 6, 1, 0, 0, 0, 37 ]
[ 3, 0, -5, 6, 1, 0, -1, 0, 14 ]
[ 1, -6, 0, 0, 1, 10, 0, 0, 37 ]
[ 1, -6, 0, 0, 4, 3, 0, 1, 10 ]
[ 0, 1, 10, -1, 6, 0, 0, 0, 37 ]
[ 1, -2, 3, 0, 1, 10, 0, 0, 37 ]
[ 1, -2, 3, -1, 6, 0, 0, 1, 10 ]
[ -1, 1, -13, 1, -2, 3, 0, 0, 37 ]
[ -2, 1, 1, 1, -1, 13, 0, 0, 37 ]
[ -2, 1, 1, 1, -2, 3, 1, -1, 13 ]
[ 1, 0, -14, -2, 1, 1, 0, 0, 37 ]
[ 3, 0, -5, -2, 1, 1, -1, 0, 14 ]
[ 6, 1, 0, -1, 0, 14, 0, 0, 37 ]
[ 6, 1, 0, -3, 0, 5, -1, 0, 14 ]
[ 37, 0, 0, 14, 1, 0, -8, 0, 1 ]
[ 14, 1, 0, 5, 3, 0, 6, 1, 1 ]
[ 8, 0, -1, 14, 1, 0, -3, 0, 5 ]
[ 1, 8, 0, 0, 37, 0, 0, -10, 1 ]
[ 5, 3, 0, 1, 8, 0, 1, -2, 1 ]
[ 6, 1, 1, 5, 3, 0, -1, -1, 3 ]
[ 14, 1, 0, 6, 1, 1, -3, 0, 5 ]
[ 1, 0, -14, 14, 1, 0, 0, 0, 37 ]
[ 3, 0, -5, 14, 1, 0, -1, 0, 14 ]
[ -1, -8, 0, 0, -10, 1, 0, -3, 4 ]
[ 1, -2, 1, 1, 8, 0, 0, -3, 4 ]
[ -5, -3, 0, 1, -2, 1, -1, -1, 3 ]
[ 2, 1, 20, 5, 3, 0, 0, 0, 37 ]
[ -1, -1, 3, 2, 1, 20, 0, 0, 37 ]
[ -1, -1, 3, 5, 3, 0, 2, 1, 20 ]
[ -6, -1, -1, -1, -1, 3, 2, 0, 9 ]
[ 1, 0, -14, 6, 1, 1, 0, 0, 37 ]
[ 3, 0, -5, 6, 1, 1, -1, 0, 14 ]
[ 14, 1, 0, -1, 0, 14, 0, 0, 37 ]
[ 14, 1, 0, -3, 0, 5, -1, 0, 14 ]
[ 1, 8, 0, 0, 1, 11, 0, 0, 37 ]
[ -1, -8, 0, 0, -3, 4, 0, 1, 11 ]
[ 0, -1, -11, 1, 8, 0, 0, 0, 37 ]
[ 0, -3, 4, 1, 8, 0, 0, 1, 11 ]
[ 1, -2, 1, 0, 1, 11, 0, 0, 37 ]
[ -1, 2, -1, 0, -3, 4, 0, 1, 11 ]
[ 0, -1, -11, 1, -2, 1, 0, 0, 37 ]
[ 1, 1, -3, 0, 1, 11, 0, 0, 37 ]
[ -1, -1, 3, 1, -2, 1, 0, 1, 11 ]
[ -2, -1, -20, -1, -1, 3, 0, 0, 37 ]
[ -5, -3, 0, 2, 1, 20, 0, 0, 37 ]
[ -5, -3, 0, -1, -1, 3, 2, 1, 20 ]
[ -1, 0, -23, -1, -1, 3, 0, 0, 37 ]
[ -2, 0, -9, -1, -1, 3, 1, 0, 23 ]
[ -6, -1, -1, 1, 0, 23, 0, 0, 37 ]
[ -6, -1, -1, 2, 0, 9, 1, 0, 23 ]
[ 37, 0, 0, -15, 1, 0, -8, 0, 1 ]
[ 15, -1, 0, 7, 2, 0, -8, 0, 1 ]
[ 8, 0, -1, -15, 1, 0, -3, 0, 5 ]
[ 1, -5, 0, 0, 37, 0, 0, -3, 1 ]
[ 7, 2, 0, -1, 5, 0, -1, 2, 1 ]
[ 8, 0, -1, 7, 2, 0, 6, 1, 2 ]
[ -15, 1, 0, -8, 0, 1, -3, 0, 5 ]
[ 1, 0, -14, -15, 1, 0, 0, 0, 37 ]
[ 3, 0, -5, -15, 1, 0, -1, 0, 14 ]
[ 1, -5, 0, 0, 1, 12, 0, 0, 37 ]
[ -1, 5, 0, 0, -3, 1, 0, 1, 12 ]
[ 0, 1, 12, -1, 5, 0, 0, 0, 37 ]
[ 1, -2, -1, 0, 1, 12, 0, 0, 37 ]
[ 1, -2, -1, -1, 5, 0, 0, 1, 12 ]
[ 7, 2, 0, -1, 2, 1, -1, -1, 2 ]
[ 4, 1, -7, 7, 2, 0, 0, 0, 37 ]
[ 6, 1, 2, 7, 2, 0, -4, -1, 7 ]
[ 8, 0, -1, 6, 1, 2, -3, 0, 5 ]
[ -15, 1, 0, -1, 0, 14, 0, 0, 37 ]
[ -15, 1, 0, -3, 0, 5, -1, 0, 14 ]
[ 0, 1, 12, -1, 2, 1, 0, 0, 37 ]
[ 1, 1, -2, 0, 1, 12, 0, 0, 37 ]
[ 1, 1, -2, -1, 2, 1, 0, 1, 12 ]
[ 7, 2, 0, 3, 1, 7, 0, 0, 37 ]
[ -7, -2, 0, -1, -1, 2, 3, 1, 7 ]
[ -1, 0, -23, -4, -1, 7, 0, 0, 37 ]
[ -6, -1, -2, 1, 0, 23, 0, 0, 37 ]
[ -6, -1, -2, -4, -1, 7, 1, 0, 23 ]
[ 1, 0, -14, 6, 1, 2, 0, 0, 37 ]
[ 3, 0, -5, 6, 1, 2, -1, 0, 14 ]
[ -1, 0, -23, -1, -1, 2, 0, 0, 37 ]
[ -3, -1, -7, 1, 0, 23, 0, 0, 37 ]
[ -3, -1, -7, -1, -1, 2, 1, 0, 23 ]
[ 37, 0, 0, -7, 1, 0, -8, 0, 1 ]
[ 7, -1, 0, 2, 5, 0, -1, -1, 1 ]
[ 8, 0, -1, -7, 1, 0, -3, 0, 5 ]
[ 1, 21, 0, 0, 37, 0, 0, -17, 1 ]
[ 2, 5, 0, 1, 21, 0, 1, 4, 1 ]
[ 1, 2, 12, 2, 5, 0, 0, 0, 37 ]
[ 1, 1, -1, 1, 2, 12, 0, 0, 37 ]
[ 1, 1, -1, 2, 5, 0, 1, 2, 12 ]
[ -7, 1, 0, -1, -1, 1, -3, 0, 5 ]
[ 1, 0, -14, -7, 1, 0, 0, 0, 37 ]
[ 3, 0, -5, -7, 1, 0, -1, 0, 14 ]
[ -1, -21, 0, 0, -17, 1, 0, 3, 2 ]
[ 1, 4, 1, 1, 21, 0, 0, 3, 2 ]
[ 1, 3, -12, 1, 4, 1, 0, 0, 37 ]
[ -2, -5, 0, -1, -3, 12, 0, 0, 37 ]
[ 2, 5, 0, 1, 4, 1, -1, -3, 12 ]
[ -1, 0, 14, -1, -1, 1, 0, 0, 37 ]
[ -3, 0, 5, -1, -1, 1, -1, 0, 14 ]
[ -7, 1, 0, -1, 0, 14, 0, 0, 37 ]
[ -7, 1, 0, -3, 0, 5, -1, 0, 14 ]
[ 1, 21, 0, 0, 1, 13, 0, 0, 37 ]
[ 1, 21, 0, 0, 3, 2, 0, 1, 13 ]
[ 0, -1, -13, 1, 21, 0, 0, 0, 37 ]
[ 0, -3, -2, 1, 21, 0, 0, 1, 13 ]
[ 1, 4, 1, 0, 1, 13, 0, 0, 37 ]
[ 1, 4, 1, 0, 3, 2, 0, 1, 13 ]
[ 1, 1, 0, 0, 37, 0, 0, 8, 1 ]
[ 37, 0, 0, 1, 1, 0, -8, 0, 1 ]
[ 1, 1, 0, 0, 8, 1, 0, 3, 5 ]
[ 8, 0, -1, 1, 1, 0, -3, 0, 5 ]
[ 1, 1, 0, 0, 1, 14, 0, 0, 37 ]
[ 1, 1, 0, 0, 3, 5, 0, 1, 14 ]
[ 1, 0, -14, 1, 1, 0, 0, 0, 37 ]
[ 3, 0, -5, 1, 1, 0, -1, 0, 14 ]
[ 37, 0, 0, 9, 1, 0, -8, 0, 1 ]
[ 1, -4, 0, 0, 37, 0, 0, 5, 1 ]
[ 9, 1, 0, -1, 4, 0, 1, 1, 1 ]
[ 8, 0, -1, 9, 1, 0, -3, 0, 5 ]
[ 1, -4, 0, 0, 5, 1, 0, -2, 7 ]
[ 1, 1, 1, -1, 4, 0, 0, -2, 7 ]
[ 9, 1, 0, 1, 1, 1, -3, 0, 5 ]
[ 1, 0, -14, 9, 1, 0, 0, 0, 37 ]
[ 3, 0, -5, 9, 1, 0, -1, 0, 14 ]
[ -1, 4, 0, 0, -1, 22, 0, 0, 37 ]
[ -1, 4, 0, 0, -2, 7, 0, -1, 22 ]
[ 0, 1, -22, -1, 4, 0, 0, 0, 37 ]
[ 0, 2, -7, -1, 4, 0, 0, -1, 22 ]
[ -1, -1, -1, 0, -1, 22, 0, 0, 37 ]
[ -1, -1, -1, 0, -2, 7, 0, -1, 22 ]
[ 1, 0, -14, 1, 1, 1, 0, 0, 37 ]
[ 3, 0, -5, 1, 1, 1, -1, 0, 14 ]
[ 9, 1, 0, -1, 0, 14, 0, 0, 37 ]
[ 9, 1, 0, -3, 0, 5, -1, 0, 14 ]
[ 37, 0, 0, 17, 1, 0, -8, 0, 1 ]
[ 17, 1, 0, -3, 2, 0, -8, 0, 1 ]
[ 8, 0, -1, 17, 1, 0, -3, 0, 5 ]
[ 1, -13, 0, 0, 37, 0, 0, 7, 1 ]
[ 3, -2, 0, -1, 13, 0, 1, -6, 1 ]
[ 8, 0, -1, -3, 2, 0, 1, 1, 2 ]
[ 17, 1, 0, -8, 0, 1, -3, 0, 5 ]
[ 1, 0, -14, 17, 1, 0, 0, 0, 37 ]
[ 3, 0, -5, 17, 1, 0, -1, 0, 14 ]
[ 1, -13, 0, 0, 7, 1, 0, -2, 5 ]
[ 1, -6, 1, -1, 13, 0, 0, -2, 5 ]
[ -3, 2, 0, 1, -6, 1, 1, 1, 2 ]
[ -1, 1, -7, -3, 2, 0, 0, 0, 37 ]
[ 1, 1, 2, -3, 2, 0, 1, -1, 7 ]
[ 8, 0, -1, 1, 1, 2, -3, 0, 5 ]
[ 17, 1, 0, -1, 0, 14, 0, 0, 37 ]
[ 17, 1, 0, -3, 0, 5, -1, 0, 14 ]
[ -1, 13, 0, 0, -1, 21, 0, 0, 37 ]
[ -1, 13, 0, 0, -2, 5, 0, -1, 21 ]
[ 0, 1, -21, -1, 13, 0, 0, 0, 37 ]
[ 0, 2, -5, -1, 13, 0, 0, -1, 21 ]
[ -1, 6, -1, 0, -1, 21, 0, 0, 37 ]
[ -1, 6, -1, 0, -2, 5, 0, -1, 21 ]
[ -1, -1, -2, 1, -6, 1, 0, -2, 5 ]
[ -3, 2, 0, 1, -1, 7, 0, 0, 37 ]
[ 3, -2, 0, 1, 1, 2, 1, -1, 7 ]
[ -1, 0, -23, 1, -1, 7, 0, 0, 37 ]
[ -1, -1, -2, 1, 0, 23, 0, 0, 37 ]
[ -1, -1, -2, 1, -1, 7, 1, 0, 23 ]
[ 1, 0, -14, 1, 1, 2, 0, 0, 37 ]
[ 3, 0, -5, 1, 1, 2, -1, 0, 14 ]
[ 0, -1, 21, 1, -6, 1, 0, 0, 37 ]
[ 0, -2, 5, 1, -6, 1, 0, -1, 21 ]
[ -1, -1, -2, 0, -1, 21, 0, 0, 37 ]
[ -1, -1, -2, 0, -2, 5, 0, -1, 21 ]
[ 1, 0, 23, 1, 1, 2, 0, 0, 37 ]
[ 1, -1, 7, 1, 0, 23, 0, 0, 37 ]
[ 1, -1, 7, 1, 1, 2, 1, 0, 23 ]
[ 37, 0, 0, -12, 1, 0, -8, 0, 1 ]
[ 1, 3, 0, 0, 37, 0, 0, -13, 1 ]
[ 12, -1, 0, 1, 3, 0, 4, -1, 1 ]
[ 8, 0, -1, -12, 1, 0, -3, 0, 5 ]
[ -1, -3, 0, 0, -13, 1, 0, -2, 3 ]
[ 4, -1, 1, 1, 3, 0, 1, 1, 3 ]
[ -12, 1, 0, 4, -1, 1, -3, 0, 5 ]
[ 1, 0, -14, -12, 1, 0, 0, 0, 37 ]
[ 3, 0, -5, -12, 1, 0, -1, 0, 14 ]
[ -1, -3, 0, 0, -1, 20, 0, 0, 37 ]
[ -1, -3, 0, 0, -2, 3, 0, -1, 20 ]
[ 1, 2, 20, 1, 3, 0, 0, 0, 37 ]
[ 1, 1, 3, 1, 2, 20, 0, 0, 37 ]
[ 1, 1, 3, 1, 3, 0, 1, 2, 20 ]
[ 4, -1, 1, 1, 1, 3, 2, 0, 9 ]
[ -1, 0, 14, 4, -1, 1, 0, 0, 37 ]
[ -3, 0, 5, 4, -1, 1, -1, 0, 14 ]
[ -12, 1, 0, -1, 0, 14, 0, 0, 37 ]
[ -12, 1, 0, -3, 0, 5, -1, 0, 14 ]
[ 1, 0, 23, 1, 1, 3, 0, 0, 37 ]
[ 2, 0, 9, 1, 1, 3, 1, 0, 23 ]
[ 4, -1, 1, 1, 0, 23, 0, 0, 37 ]
[ 4, -1, 1, 2, 0, 9, 1, 0, 23 ]
[ 37, 0, 0, -4, 1, 0, -8, 0, 1 ]
[ 1, 9, 0, 0, 37, 0, 0, -2, 1 ]
[ 4, -1, 0, 1, 9, 0, 0, -2, 1 ]
[ 8, 0, -1, -4, 1, 0, -3, 0, 5 ]
[ -1, -9, 0, 0, -1, 19, 0, 0, 37 ]
[ -1, -9, 0, 0, -2, 1, 0, -1, 19 ]
[ 0, -1, 19, 1, 9, 0, 0, 0, 37 ]
[ 0, -2, 1, 1, 9, 0, 0, -1, 19 ]
[ -4, 1, 0, 0, -2, 1, 1, -1, 5 ]
[ 1, 0, -14, -4, 1, 0, 0, 0, 37 ]
[ 3, 0, -5, -4, 1, 0, -1, 0, 14 ]
[ -1, 1, -5, 0, -1, 19, 0, 0, 37 ]
[ -1, 1, -5, 0, -2, 1, 0, -1, 19 ]
[ -1, 0, 14, 1, -1, 5, 0, 0, 37 ]
[ -4, 1, 0, -1, 0, 14, 0, 0, 37 ]
[ -4, 1, 0, 1, -1, 5, -1, 0, 14 ]
[ 37, 0, 0, 4, 1, 0, -8, 0, 1 ]
[ 1, -9, 0, 0, 37, 0, 0, 2, 1 ]
[ 4, 1, 0, -1, 9, 0, 0, 2, 1 ]
[ 8, 0, -1, 4, 1, 0, -3, 0, 5 ]
[ 1, -9, 0, 0, 1, 19, 0, 0, 37 ]
[ 1, -9, 0, 0, 2, 1, 0, 1, 19 ]
[ 0, 1, 19, -1, 9, 0, 0, 0, 37 ]
[ 0, 2, 1, -1, 9, 0, 0, 1, 19 ]
[ 4, 1, 0, 0, 2, 1, 1, 1, 5 ]
[ 1, 0, -14, 4, 1, 0, 0, 0, 37 ]
[ 3, 0, -5, 4, 1, 0, -1, 0, 14 ]
[ 1, 1, 5, 0, 1, 19, 0, 0, 37 ]
[ 1, 1, 5, 0, 2, 1, 0, 1, 19 ]
[ 1, 0, -14, 1, 1, 5, 0, 0, 37 ]
[ 4, 1, 0, -1, 0, 14, 0, 0, 37 ]
[ 4, 1, 0, 1, 1, 5, -1, 0, 14 ]
[ 37, 0, 0, 12, 1, 0, -8, 0, 1 ]
[ 1, -3, 0, 0, 37, 0, 0, 13, 1 ]
[ 12, 1, 0, -1, 3, 0, 4, 1, 1 ]
[ 8, 0, -1, 12, 1, 0, -3, 0, 5 ]
[ 1, -3, 0, 0, 13, 1, 0, 2, 3 ]
[ 4, 1, 1, -1, 3, 0, 1, -1, 3 ]
[ 12, 1, 0, 4, 1, 1, -3, 0, 5 ]
[ 1, 0, -14, 12, 1, 0, 0, 0, 37 ]
[ 3, 0, -5, 12, 1, 0, -1, 0, 14 ]
[ 1, -3, 0, 0, 1, 20, 0, 0, 37 ]
[ 1, -3, 0, 0, 2, 3, 0, 1, 20 ]
[ 0, 1, 20, -1, 3, 0, 0, 0, 37 ]
[ 1, -1, 3, 0, 1, 20, 0, 0, 37 ]
[ 1, -1, 3, -1, 3, 0, 0, 1, 20 ]
[ -4, -1, -1, 1, -1, 3, 2, 0, 9 ]
[ 1, 0, -14, 4, 1, 1, 0, 0, 37 ]
[ 3, 0, -5, 4, 1, 1, -1, 0, 14 ]
[ 12, 1, 0, -1, 0, 14, 0, 0, 37 ]
[ 12, 1, 0, -3, 0, 5, -1, 0, 14 ]
[ -1, 0, -23, 1, -1, 3, 0, 0, 37 ]
[ -2, 0, -9, 1, -1, 3, 1, 0, 23 ]
[ -4, -1, -1, 1, 0, 23, 0, 0, 37 ]
[ -4, -1, -1, 2, 0, 9, 1, 0, 23 ]
[ 37, 0, 0, -17, 1, 0, -8, 0, 1 ]
[ 17, -1, 0, 3, 2, 0, -8, 0, 1 ]
[ 8, 0, -1, -17, 1, 0, -3, 0, 5 ]
[ 1, 13, 0, 0, 37, 0, 0, -7, 1 ]
[ 3, 2, 0, 1, 13, 0, 1, 6, 1 ]
[ 8, 0, -1, 3, 2, 0, 4, 1, 2 ]
[ -17, 1, 0, -8, 0, 1, -3, 0, 5 ]
[ 1, 0, -14, -17, 1, 0, 0, 0, 37 ]
[ 3, 0, -5, -17, 1, 0, -1, 0, 14 ]
[ -1, -13, 0, 0, -7, 1, 0, 2, 5 ]
[ 1, 6, 1, 1, 13, 0, 0, 2, 5 ]
[ 3, 2, 0, 1, 6, 1, 1, -1, 2 ]
[ 2, 1, -7, 3, 2, 0, 0, 0, 37 ]
[ 4, 1, 2, 3, 2, 0, -2, -1, 7 ]
[ 8, 0, -1, 4, 1, 2, -3, 0, 5 ]
[ -17, 1, 0, -1, 0, 14, 0, 0, 37 ]
[ -17, 1, 0, -3, 0, 5, -1, 0, 14 ]
[ 1, 13, 0, 0, 1, 21, 0, 0, 37 ]
[ 1, 13, 0, 0, 2, 5, 0, 1, 21 ]
[ 0, -1, -21, 1, 13, 0, 0, 0, 37 ]
[ 0, -2, -5, 1, 13, 0, 0, 1, 21 ]
[ 1, 6, 1, 0, 1, 21, 0, 0, 37 ]
[ 1, 6, 1, 0, 2, 5, 0, 1, 21 ]
[ 1, -1, 2, 1, 6, 1, 0, 2, 5 ]
[ 3, 2, 0, 1, 1, 7, 0, 0, 37 ]
[ -3, -2, 0, 1, -1, 2, 1, 1, 7 ]
[ -1, 0, -23, -2, -1, 7, 0, 0, 37 ]
[ -4, -1, -2, 1, 0, 23, 0, 0, 37 ]
[ -4, -1, -2, -2, -1, 7, 1, 0, 23 ]
[ 1, 0, -14, 4, 1, 2, 0, 0, 37 ]
[ 3, 0, -5, 4, 1, 2, -1, 0, 14 ]
[ 0, -1, -21, 1, 6, 1, 0, 0, 37 ]
[ 0, -2, -5, 1, 6, 1, 0, 1, 21 ]
[ 1, -1, 2, 0, 1, 21, 0, 0, 37 ]
[ 1, -1, 2, 0, 2, 5, 0, 1, 21 ]
[ -1, 0, -23, 1, -1, 2, 0, 0, 37 ]
[ -1, -1, -7, 1, 0, 23, 0, 0, 37 ]
[ -1, -1, -7, 1, -1, 2, 1, 0, 23 ]
[ 37, 0, 0, -9, 1, 0, -8, 0, 1 ]
[ 1, 4, 0, 0, 37, 0, 0, -5, 1 ]
[ 9, -1, 0, 1, 4, 0, 1, -1, 1 ]
[ 8, 0, -1, -9, 1, 0, -3, 0, 5 ]
[ -1, -4, 0, 0, -5, 1, 0, 2, 7 ]
[ 1, -1, 1, 1, 4, 0, 0, 2, 7 ]
[ -9, 1, 0, 1, -1, 1, -3, 0, 5 ]
[ 1, 0, -14, -9, 1, 0, 0, 0, 37 ]
[ 3, 0, -5, -9, 1, 0, -1, 0, 14 ]
[ 1, 4, 0, 0, 1, 22, 0, 0, 37 ]
[ 1, 4, 0, 0, 2, 7, 0, 1, 22 ]
[ 0, -1, -22, 1, 4, 0, 0, 0, 37 ]
[ 0, -2, -7, 1, 4, 0, 0, 1, 22 ]
[ 1, -1, 1, 0, 1, 22, 0, 0, 37 ]
[ 1, -1, 1, 0, 2, 7, 0, 1, 22 ]
[ -1, 0, 14, 1, -1, 1, 0, 0, 37 ]
[ -3, 0, 5, 1, -1, 1, -1, 0, 14 ]
[ -9, 1, 0, -1, 0, 14, 0, 0, 37 ]
[ -9, 1, 0, -3, 0, 5, -1, 0, 14 ]
[ 1, -1, 0, 0, 37, 0, 0, -8, 1 ]
[ 37, 0, 0, -1, 1, 0, -8, 0, 1 ]
[ -1, 1, 0, 0, -8, 1, 0, -3, 5 ]
[ 8, 0, -1, -1, 1, 0, -3, 0, 5 ]
[ -1, 1, 0, 0, -1, 14, 0, 0, 37 ]
[ -1, 1, 0, 0, -3, 5, 0, -1, 14 ]
[ 1, 0, -14, -1, 1, 0, 0, 0, 37 ]
[ 3, 0, -5, -1, 1, 0, -1, 0, 14 ]
[ 37, 0, 0, 7, 1, 0, -8, 0, 1 ]
[ 7, 1, 0, -2, 5, 0, -1, 1, 1 ]
[ 8, 0, -1, 7, 1, 0, -3, 0, 5 ]
[ 1, -21, 0, 0, 37, 0, 0, 17, 1 ]
[ 2, -5, 0, -1, 21, 0, 1, -4, 1 ]
[ 1, -2, 12, -2, 5, 0, 0, 0, 37 ]
[ -1, 1, 1, 1, -2, 12, 0, 0, 37 ]
[ 1, -1, -1, -2, 5, 0, 1, -2, 12 ]
[ 7, 1, 0, -1, 1, 1, -3, 0, 5 ]
[ 1, 0, -14, 7, 1, 0, 0, 0, 37 ]
[ 3, 0, -5, 7, 1, 0, -1, 0, 14 ]
[ 1, -21, 0, 0, 17, 1, 0, -3, 2 ]
[ 1, -4, 1, -1, 21, 0, 0, -3, 2 ]
[ -1, 3, 12, 1, -4, 1, 0, 0, 37 ]
[ 2, -5, 0, -1, 3, 12, 0, 0, 37 ]
[ -2, 5, 0, 1, -4, 1, -1, 3, 12 ]
[ 1, 0, -14, -1, 1, 1, 0, 0, 37 ]
[ 3, 0, -5, -1, 1, 1, -1, 0, 14 ]
[ 7, 1, 0, -1, 0, 14, 0, 0, 37 ]
[ 7, 1, 0, -3, 0, 5, -1, 0, 14 ]
[ -1, 21, 0, 0, -1, 13, 0, 0, 37 ]
[ -1, 21, 0, 0, -3, 2, 0, -1, 13 ]
[ 0, 1, -13, -1, 21, 0, 0, 0, 37 ]
[ 0, 3, -2, -1, 21, 0, 0, -1, 13 ]
[ -1, 4, -1, 0, -1, 13, 0, 0, 37 ]
[ -1, 4, -1, 0, -3, 2, 0, -1, 13 ]
[ 37, 0, 0, 15, 1, 0, -8, 0, 1 ]
[ 15, 1, 0, -7, 2, 0, -8, 0, 1 ]
[ 8, 0, -1, 15, 1, 0, -3, 0, 5 ]
[ 1, 5, 0, 0, 37, 0, 0, 3, 1 ]
[ 7, -2, 0, 1, 5, 0, -1, -2, 1 ]
[ 8, 0, -1, -7, 2, 0, -1, 1, 2 ]
[ 15, 1, 0, -8, 0, 1, -3, 0, 5 ]
[ 1, 0, -14, 15, 1, 0, 0, 0, 37 ]
[ 3, 0, -5, 15, 1, 0, -1, 0, 14 ]
[ -1, -5, 0, 0, -1, 12, 0, 0, 37 ]
[ 1, 5, 0, 0, 3, 1, 0, -1, 12 ]
[ 0, -1, 12, 1, 5, 0, 0, 0, 37 ]
[ -1, -2, 1, 0, -1, 12, 0, 0, 37 ]
[ 1, 2, -1, 1, 5, 0, 0, -1, 12 ]
[ -7, 2, 0, -1, -2, 1, -1, 1, 2 ]
[ -3, 1, -7, -7, 2, 0, 0, 0, 37 ]
[ -1, 1, 2, -7, 2, 0, 3, -1, 7 ]
[ 8, 0, -1, -1, 1, 2, -3, 0, 5 ]
[ 15, 1, 0, -1, 0, 14, 0, 0, 37 ]
[ 15, 1, 0, -3, 0, 5, -1, 0, 14 ]
[ 0, 1, -12, -1, -2, 1, 0, 0, 37 ]
[ -1, 1, 2, 0, -1, 12, 0, 0, 37 ]
[ -1, 1, 2, -1, -2, 1, 0, -1, 12 ]
[ -7, 2, 0, 3, -1, 7, 0, 0, 37 ]
[ 7, -2, 0, -1, 1, 2, 3, -1, 7 ]
[ -1, 0, -23, 3, -1, 7, 0, 0, 37 ]
[ 1, -1, -2, 1, 0, 23, 0, 0, 37 ]
[ 1, -1, -2, 3, -1, 7, 1, 0, 23 ]
[ 1, 0, -14, -1, 1, 2, 0, 0, 37 ]
[ 3, 0, -5, -1, 1, 2, -1, 0, 14 ]
[ 1, 0, 23, -1, 1, 2, 0, 0, 37 ]
[ 3, -1, 7, 1, 0, 23, 0, 0, 37 ]
[ 3, -1, 7, -1, 1, 2, 1, 0, 23 ]
[ 37, 0, 0, -14, 1, 0, -8, 0, 1 ]
[ 14, -1, 0, -5, 3, 0, 6, -1, 1 ]
[ 8, 0, -1, -14, 1, 0, -3, 0, 5 ]
[ 1, -8, 0, 0, 37, 0, 0, 10, 1 ]
[ 5, -3, 0, -1, 8, 0, 1, 2, 1 ]
[ 6, -1, 1, -5, 3, 0, -1, 1, 3 ]
[ -14, 1, 0, 6, -1, 1, -3, 0, 5 ]
[ 1, 0, -14, -14, 1, 0, 0, 0, 37 ]
[ 3, 0, -5, -14, 1, 0, -1, 0, 14 ]
[ 1, -8, 0, 0, 10, 1, 0, 3, 4 ]
[ 1, 2, 1, -1, 8, 0, 0, 3, 4 ]
[ 5, -3, 0, 1, 2, 1, -1, 1, 3 ]
[ -3, 2, 20, -5, 3, 0, 0, 0, 37 ]
[ -1, 1, 3, -3, 2, 20, 0, 0, 37 ]
[ -1, 1, 3, -5, 3, 0, -3, 2, 20 ]
[ 6, -1, 1, -1, 1, 3, 2, 0, 9 ]
[ -1, 0, 14, 6, -1, 1, 0, 0, 37 ]
[ -3, 0, 5, 6, -1, 1, -1, 0, 14 ]
[ -14, 1, 0, -1, 0, 14, 0, 0, 37 ]
[ -14, 1, 0, -3, 0, 5, -1, 0, 14 ]
[ -1, 8, 0, 0, -1, 11, 0, 0, 37 ]
[ 1, -8, 0, 0, 3, 4, 0, -1, 11 ]
[ 0, 1, -11, -1, 8, 0, 0, 0, 37 ]
[ 0, 3, 4, -1, 8, 0, 0, -1, 11 ]
[ -1, -2, -1, 0, -1, 11, 0, 0, 37 ]
[ 1, 2, 1, 0, 3, 4, 0, -1, 11 ]
[ 0, -1, 11, 1, 2, 1, 0, 0, 37 ]
[ -1, 1, 3, 0, -1, 11, 0, 0, 37 ]
[ 1, -1, -3, 1, 2, 1, 0, -1, 11 ]
[ 3, -2, -20, -1, 1, 3, 0, 0, 37 ]
[ 5, -3, 0, -3, 2, 20, 0, 0, 37 ]
[ 5, -3, 0, -1, 1, 3, -3, 2, 20 ]
[ 1, 0, 23, -1, 1, 3, 0, 0, 37 ]
[ 2, 0, 9, -1, 1, 3, 1, 0, 23 ]
[ 6, -1, 1, 1, 0, 23, 0, 0, 37 ]
[ 6, -1, 1, 2, 0, 9, 1, 0, 23 ]
[ 37, 0, 0, -6, 1, 0, -8, 0, 1 ]
[ 1, 6, 0, 0, 37, 0, 0, 11, 1 ]
[ 6, -1, 0, 1, 6, 0, -2, -1, 1 ]
[ 8, 0, -1, -6, 1, 0, -3, 0, 5 ]
[ 1, 6, 0, 0, 11, 1, 0, -4, 3 ]
[ 2, 1, -1, 1, 6, 0, 1, 2, 3 ]
[ -6, 1, 0, -2, -1, 1, -3, 0, 5 ]
[ 1, 0, -14, -6, 1, 0, 0, 0, 37 ]
[ 3, 0, -5, -6, 1, 0, -1, 0, 14 ]
[ -1, -6, 0, 0, -1, 10, 0, 0, 37 ]
[ -1, -6, 0, 0, -4, 3, 0, -1, 10 ]
[ 0, -1, 10, 1, 6, 0, 0, 0, 37 ]
[ -1, -2, -3, 0, -1, 10, 0, 0, 37 ]
[ 1, 2, 3, 1, 6, 0, 0, -1, 10 ]
[ 1, 1, 13, 1, 2, 3, 0, 0, 37 ]
[ 2, 1, -1, 1, 1, 13, 0, 0, 37 ]
[ 2, 1, -1, 1, 2, 3, 1, 1, 13 ]
[ -1, 0, 14, -2, -1, 1, 0, 0, 37 ]
[ -3, 0, 5, -2, -1, 1, -1, 0, 14 ]
[ -6, 1, 0, -1, 0, 14, 0, 0, 37 ]
[ -6, 1, 0, -3, 0, 5, -1, 0, 14 ]
[ 37, 0, 0, 2, 1, 0, -8, 0, 1 ]
[ 1, 19, 0, 0, 37, 0, 0, 4, 1 ]
[ 2, 1, 0, 1, 19, 0, 0, 4, 1 ]
[ 8, 0, -1, 2, 1, 0, -3, 0, 5 ]
[ -1, -19, 0, 0, -1, 9, 0, 0, 37 ]
[ 1, 19, 0, 0, 4, 1, 0, -1, 9 ]
[ 0, -1, 9, 1, 19, 0, 0, 0, 37 ]
[ 0, -4, -1, 1, 19, 0, 0, -1, 9 ]
[ 2, 1, 0, 0, 4, 1, 1, 2, 5 ]
[ 1, 0, -14, 2, 1, 0, 0, 0, 37 ]
[ 3, 0, -5, 2, 1, 0, -1, 0, 14 ]
[ -1, -2, -5, 0, -1, 9, 0, 0, 37 ]
[ 1, 2, 5, 0, 4, 1, 0, -1, 9 ]
[ 1, 1, 14, 1, 2, 5, 0, 0, 37 ]
[ 2, 1, 0, 1, 1, 14, 0, 0, 37 ]
[ 2, 1, 0, 1, 2, 5, 1, 1, 14 ]
[ 37, 0, 0, 10, 1, 0, -8, 0, 1 ]
[ 10, 1, 0, 3, 4, 0, 2, 1, 1 ]
[ 8, 0, -1, 10, 1, 0, -3, 0, 5 ]
[ 1, -11, 0, 0, 37, 0, 0, -14, 1 ]
[ 3, 4, 0, -1, 11, 0, -1, -3, 1 ]
[ 2, 1, 1, 3, 4, 0, -2, -2, 7 ]
[ 10, 1, 0, 2, 1, 1, -3, 0, 5 ]
[ 1, 0, -14, 10, 1, 0, 0, 0, 37 ]
[ 3, 0, -5, 10, 1, 0, -1, 0, 14 ]
[ -1, 11, 0, 0, -14, 1, 0, -5, 3 ]
[ 1, 3, -1, -1, 11, 0, 0, -5, 3 ]
[ -1, -2, -7, -1, -3, 1, 0, 0, 37 ]
[ -3, -4, 0, -1, -3, 1, 1, 2, 7 ]
[ 1, 1, -22, 3, 4, 0, 0, 0, 37 ]
[ 2, 2, -7, 3, 4, 0, -1, -1, 22 ]
[ -2, -1, -1, -1, -1, 22, 0, 0, 37 ]
[ -2, -1, -1, -2, -2, 7, -1, -1, 22 ]
[ 1, 0, -14, 2, 1, 1, 0, 0, 37 ]
[ 3, 0, -5, 2, 1, 1, -1, 0, 14 ]
[ 10, 1, 0, -1, 0, 14, 0, 0, 37 ]
[ 10, 1, 0, -3, 0, 5, -1, 0, 14 ]
[ -1, 11, 0, 0, -1, 8, 0, 0, 37 ]
[ -1, 11, 0, 0, -5, 3, 0, -1, 8 ]
[ 0, 1, -8, -1, 11, 0, 0, 0, 37 ]
[ 0, 5, -3, -1, 11, 0, 0, -1, 8 ]
[ -1, -3, 1, 0, -1, 8, 0, 0, 37 ]
[ -1, -3, 1, 0, -5, 3, 0, -1, 8 ]
[ 2, 3, 22, 1, 2, 7, 0, 0, 37 ]
[ 3, 4, 0, 2, 3, 22, 0, 0, 37 ]
[ 3, 4, 0, 1, 2, 7, 2, 3, 22 ]
[ 37, 0, 0, 18, 1, 0, -8, 0, 1 ]
[ 1, -2, 0, 0, 37, 0, 0, -16, 1 ]
[ 18, 1, 0, -1, 2, 0, -8, 0, 1 ]
[ 8, 0, -1, 18, 1, 0, -3, 0, 5 ]
[ -1, 2, 0, 0, -16, 1, 0, 5, 2 ]
[ 8, 0, -1, -1, 2, 0, 2, 1, 2 ]
[ 18, 1, 0, -8, 0, 1, -3, 0, 5 ]
[ 1, 0, -14, 18, 1, 0, 0, 0, 37 ]
[ 3, 0, -5, 18, 1, 0, -1, 0, 14 ]
[ -1, 2, 0, 0, -1, 7, 0, 0, 37 ]
[ 1, -2, 0, 0, 5, 2, 0, -1, 7 ]
[ 0, 1, -7, -1, 2, 0, 0, 0, 37 ]
[ 2, 1, 2, -1, 2, 0, 0, -1, 7 ]
[ 8, 0, -1, 2, 1, 2, -3, 0, 5 ]
[ 18, 1, 0, -1, 0, 14, 0, 0, 37 ]
[ 18, 1, 0, -3, 0, 5, -1, 0, 14 ]
[ -1, 0, -23, 0, -1, 7, 0, 0, 37 ]
[ -2, -1, -2, 1, 0, 23, 0, 0, 37 ]
[ -2, -1, -2, 0, -1, 7, 1, 0, 23 ]
[ 1, 0, -14, 2, 1, 2, 0, 0, 37 ]
[ 3, 0, -5, 2, 1, 2, -1, 0, 14 ]
[ 37, 0, 0, -11, 1, 0, -8, 0, 1 ]
[ 11, -1, 0, 4, 3, 0, 3, -1, 1 ]
[ 8, 0, -1, -11, 1, 0, -3, 0, 5 ]
[ 1, 10, 0, 0, 37, 0, 0, 6, 1 ]
[ 4, 3, 0, 1, 10, 0, -1, -4, 1 ]
[ 3, -1, 1, 4, 3, 0, 2, 1, 3 ]
[ -11, 1, 0, 3, -1, 1, -3, 0, 5 ]
[ 1, 0, -14, -11, 1, 0, 0, 0, 37 ]
[ 3, 0, -5, -11, 1, 0, -1, 0, 14 ]
[ -1, -10, 0, 0, -1, 6, 0, 0, 37 ]
[ 1, 10, 0, 0, 6, 1, 0, -1, 6 ]
[ 0, -1, 6, 1, 10, 0, 0, 0, 37 ]
[ -1, -4, 1, 0, -1, 6, 0, 0, 37 ]
[ 1, 4, -1, 1, 10, 0, 0, -1, 6 ]
[ -4, -3, 0, -1, -4, 1, -2, -2, 3 ]
[ 3, 2, 20, 4, 3, 0, 0, 0, 37 ]
[ 2, 1, 3, 3, 2, 20, 0, 0, 37 ]
[ 2, 1, 3, 4, 3, 0, 3, 2, 20 ]
[ 3, -1, 1, 2, 1, 3, 2, 0, 9 ]
[ -1, 0, 14, 3, -1, 1, 0, 0, 37 ]
[ -3, 0, 5, 3, -1, 1, -1, 0, 14 ]
[ -11, 1, 0, -1, 0, 14, 0, 0, 37 ]
[ -11, 1, 0, -3, 0, 5, -1, 0, 14 ]
[ 0, 1, -6, -1, -4, 1, 0, 0, 37 ]
[ -2, -2, 3, -1, -4, 1, 0, -1, 6 ]
[ -4, -3, 0, -1, -1, 20, 0, 0, 37 ]
[ -4, -3, 0, -2, -2, 3, -1, -1, 20 ]
[ 1, 0, 23, 2, 1, 3, 0, 0, 37 ]
[ 2, 0, 9, 2, 1, 3, 1, 0, 23 ]
[ 3, -1, 1, 1, 0, 23, 0, 0, 37 ]
[ 3, -1, 1, 2, 0, 9, 1, 0, 23 ]
[ -1, -1, 20, 0, -1, 6, 0, 0, 37 ]
[ -2, -2, 3, 0, -1, 6, -1, -1, 20 ]
[ 37, 0, 0, -3, 1, 0, -8, 0, 1 ]
[ 1, 12, 0, 0, 37, 0, 0, -15, 1 ]
[ 3, -1, 0, 1, 12, 0, 1, -3, 1 ]
[ 8, 0, -1, -3, 1, 0, -3, 0, 5 ]
[ -1, -12, 0, 0, -15, 1, 0, 7, 2 ]
[ 1, -3, 1, 1, 12, 0, 0, 7, 2 ]
[ 0, -1, 5, 1, -3, 1, 0, 0, 37 ]
[ -3, 1, 0, 1, -3, 1, 0, -1, 5 ]
[ 1, 0, -14, -3, 1, 0, 0, 0, 37 ]
[ 3, 0, -5, -3, 1, 0, -1, 0, 14 ]
[ -1, -12, 0, 0, -1, 5, 0, 0, 37 ]
[ 1, 12, 0, 0, 7, 2, 0, -1, 5 ]
[ 0, -1, 5, 1, 12, 0, 0, 0, 37 ]
[ 0, -7, -2, 1, 12, 0, 0, -1, 5 ]
[ -1, 3, -1, 0, -1, 5, 0, 0, 37 ]
[ 1, -3, 1, 0, 7, 2, 0, -1, 5 ]
[ -1, 0, 14, 0, -1, 5, 0, 0, 37 ]
[ -3, 1, 0, -1, 0, 14, 0, 0, 37 ]
[ -3, 1, 0, 0, -1, 5, -1, 0, 14 ]
[ 37, 0, 0, 5, 1, 0, -8, 0, 1 ]
[ 5, 1, 0, -2, 7, 0, 2, 2, 1 ]
[ 8, 0, -1, 5, 1, 0, -3, 0, 5 ]
[ 1, -22, 0, 0, 37, 0, 0, 9, 1 ]
[ 2, -7, 0, -1, 22, 0, 0, 9, 1 ]
[ 1, -3, -2, -2, 7, 0, 0, 0, 37 ]
[ 2, 2, 1, -2, 7, 0, -1, 3, 2 ]
[ 5, 1, 0, 2, 2, 1, 2, 1, 5 ]
[ 1, 0, -14, 5, 1, 0, 0, 0, 37 ]
[ 3, 0, -5, 5, 1, 0, -1, 0, 14 ]
[ -1, 22, 0, 0, -1, 4, 0, 0, 37 ]
[ 1, -22, 0, 0, 9, 1, 0, -1, 4 ]
[ 0, 1, -4, -1, 22, 0, 0, 0, 37 ]
[ 0, 9, 1, -1, 22, 0, 0, -1, 4 ]
[ -2, 7, 0, -1, 3, 2, 0, 0, 37 ]
[ 2, -7, 0, 0, 9, 1, -1, 3, 2 ]
[ 0, 1, -4, -1, 3, 2, 0, 0, 37 ]
[ 2, 2, 1, -1, 3, 2, 0, -1, 4 ]
[ 2, 1, 5, 1, 1, 19, 0, 0, 37 ]
[ 2, 1, 5, 2, 2, 1, 1, 1, 19 ]
[ 1, 0, -14, 2, 1, 5, 0, 0, 37 ]
[ 5, 1, 0, -1, 0, 14, 0, 0, 37 ]
[ 5, 1, 0, 2, 1, 5, -1, 0, 14 ]
[ -1, 3, 2, 0, -1, 4, 0, 0, 37 ]
[ 1, -3, -2, 0, 9, 1, 0, -1, 4 ]
[ -1, -1, -19, 0, -1, 4, 0, 0, 37 ]
[ -2, -2, -1, 0, -1, 4, 1, 1, 19 ]
[ 37, 0, 0, 13, 1, 0, -8, 0, 1 ]
[ 13, 1, 0, 2, 3, 0, 5, 1, 1 ]
[ 8, 0, -1, 13, 1, 0, -3, 0, 5 ]
[ 1, 20, 0, 0, 37, 0, 0, 12, 1 ]
[ 2, 3, 0, 1, 20, 0, -1, -8, 1 ]
[ 5, 1, 1, 2, 3, 0, 0, -1, 3 ]
[ 13, 1, 0, 5, 1, 1, -3, 0, 5 ]
[ 1, 0, -14, 13, 1, 0, 0, 0, 37 ]
[ 3, 0, -5, 13, 1, 0, -1, 0, 14 ]
[ -1, -20, 0, 0, -1, 3, 0, 0, 37 ]
[ 1, 20, 0, 0, 12, 1, 0, -1, 3 ]
[ 0, -1, 3, 1, 20, 0, 0, 0, 37 ]
[ -1, -8, 1, 0, -1, 3, 0, 0, 37 ]
[ 1, 8, -1, 1, 20, 0, 0, -1, 3 ]
[ 0, 1, -3, -1, -8, 1, 0, 0, 37 ]
[ -2, -3, 0, -1, -8, 1, 0, -1, 3 ]
[ 1, 1, 20, 2, 3, 0, 0, 0, 37 ]
[ 0, -1, 3, 1, 1, 20, 0, 0, 37 ]
[ 0, -1, 3, 2, 3, 0, 1, 1, 20 ]
[ -5, -1, -1, 0, -1, 3, 2, 0, 9 ]
[ 1, 0, -14, 5, 1, 1, 0, 0, 37 ]
[ 3, 0, -5, 5, 1, 1, -1, 0, 14 ]
[ 13, 1, 0, -1, 0, 14, 0, 0, 37 ]
[ 13, 1, 0, -3, 0, 5, -1, 0, 14 ]
[ -1, -1, -20, 0, -1, 3, 0, 0, 37 ]
[ -2, -3, 0, 1, 1, 20, 0, 0, 37 ]
[ -2, -3, 0, 0, -1, 3, 1, 1, 20 ]
[ -1, 0, -23, 0, -1, 3, 0, 0, 37 ]
[ -2, 0, -9, 0, -1, 3, 1, 0, 23 ]
[ -5, -1, -1, 1, 0, 23, 0, 0, 37 ]
[ -5, -1, -1, 2, 0, 9, 1, 0, 23 ]
[ 37, 0, 0, -16, 1, 0, -8, 0, 1 ]
[ 16, -1, 0, 5, 2, 0, -8, 0, 1 ]
[ 8, 0, -1, -16, 1, 0, -3, 0, 5 ]
[ 1, -7, 0, 0, 37, 0, 0, 18, 1 ]
[ 5, 2, 0, -1, 7, 0, 2, 4, 1 ]
[ 8, 0, -1, 5, 2, 0, 5, 1, 2 ]
[ -16, 1, 0, -8, 0, 1, -3, 0, 5 ]
[ 1, 0, -14, -16, 1, 0, 0, 0, 37 ]
[ 3, 0, -5, -16, 1, 0, -1, 0, 14 ]
[ -1, 7, 0, 0, -1, 2, 0, 0, 37 ]
[ 1, -7, 0, 0, 18, 1, 0, -1, 2 ]
[ 0, 1, -2, -1, 7, 0, 0, 0, 37 ]
[ 2, 4, 1, -1, 7, 0, 0, -1, 2 ]
[ 5, 2, 0, 2, 4, 1, 0, -1, 2 ]
[ 3, 1, -7, 5, 2, 0, 0, 0, 37 ]
[ 5, 1, 2, 5, 2, 0, -3, -1, 7 ]
[ 8, 0, -1, 5, 1, 2, -3, 0, 5 ]
[ -16, 1, 0, -1, 0, 14, 0, 0, 37 ]
[ -16, 1, 0, -3, 0, 5, -1, 0, 14 ]
[ -1, -2, -19, 0, -1, 2, 0, 0, 37 ]
[ -2, -4, -1, 0, -1, 2, 1, 2, 19 ]
[ 0, -1, 2, 1, 2, 19, 0, 0, 37 ]
[ 0, -1, 2, 2, 4, 1, 1, 2, 19 ]
[ 5, 2, 0, 2, 1, 7, 0, 0, 37 ]
[ -5, -2, 0, 0, -1, 2, 2, 1, 7 ]
[ -1, 0, -23, -3, -1, 7, 0, 0, 37 ]
[ -5, -1, -2, 1, 0, 23, 0, 0, 37 ]
[ -5, -1, -2, -3, -1, 7, 1, 0, 23 ]
[ 1, 0, -14, 5, 1, 2, 0, 0, 37 ]
[ 3, 0, -5, 5, 1, 2, -1, 0, 14 ]
[ -1, 0, -23, 0, -1, 2, 0, 0, 37 ]
[ -2, -1, -7, 1, 0, 23, 0, 0, 37 ]
[ -2, -1, -7, 0, -1, 2, 1, 0, 23 ]
[ 37, 0, 0, -8, 1, 0, -8, 0, 1 ]
[ 8, -1, 0, -3, 5, 0, 0, -1, 1 ]
[ 8, 0, -1, -8, 1, 0, -3, 0, 5 ]
[ -1, 14, 0, 0, -1, 1, 0, 0, 37 ]
[ 1, -14, 0, 0, 37, 0, 0, -1, 1 ]
[ 0, 1, -1, -1, 14, 0, 0, 0, 37 ]
[ 3, -5, 0, -1, 14, 0, 0, -1, 1 ]
[ -1, 2, 12, -3, 5, 0, 0, 0, 37 ]
[ 0, 1, -1, -1, 2, 12, 0, 0, 37 ]
[ 0, 1, -1, -3, 5, 0, -1, 2, 12 ]
[ -8, 1, 0, 0, -1, 1, -3, 0, 5 ]
[ 1, 0, -14, -8, 1, 0, 0, 0, 37 ]
[ 3, 0, -5, -8, 1, 0, -1, 0, 14 ]
[ -1, 2, 12, 0, -1, 1, 0, 0, 37 ]
[ 3, -5, 0, -1, 2, 12, 0, 0, 37 ]
[ -3, 5, 0, 0, -1, 1, -1, 2, 12 ]
[ -1, 0, 14, 0, -1, 1, 0, 0, 37 ]
[ -3, 0, 5, 0, -1, 1, -1, 0, 14 ]
[ -8, 1, 0, -1, 0, 14, 0, 0, 37 ]
[ -8, 1, 0, -3, 0, 5, -1, 0, 14 ]
[ 37, 0, 0, 0, 1, 0, 17, 0, 1 ]
[ 17, 0, 1, 0, 1, 0, -3, 0, 2 ]
[ 1, 0, -13, 0, 1, 0, 0, 0, 37 ]
[ 3, 0, -2, 0, 1, 0, -1, 0, 13 ]
[ 37, 0, 0, -17, 1, 0, 17, 0, 1 ]
[ 17, -1, 0, 3, 2, 0, 0, 1, 1 ]
[ 17, 0, 1, -17, 1, 0, -3, 0, 2 ]
[ 1, 13, 0, 0, 1, 1, 0, 0, 37 ]
[ 1, 13, 0, 0, 37, 0, 0, 1, 1 ]
[ 0, -1, -1, 1, 13, 0, 0, 0, 37 ]
[ 3, 2, 0, 1, 13, 0, 0, 1, 1 ]
[ -1, -1, 12, 3, 2, 0, 0, 0, 37 ]
[ 0, 1, 1, -1, -1, 12, 0, 0, 37 ]
[ 0, -1, -1, 3, 2, 0, -1, -1, 12 ]
[ 17, -1, 0, 0, 1, 1, -3, 0, 2 ]
[ 1, 0, -13, -17, 1, 0, 0, 0, 37 ]
[ 3, 0, -2, -17, 1, 0, -1, 0, 13 ]
[ 1, 1, -12, 0, 1, 1, 0, 0, 37 ]
[ -3, -2, 0, -1, -1, 12, 0, 0, 37 ]
[ 3, 2, 0, 0, 1, 1, -1, -1, 12 ]
[ 1, 0, -13, 0, 1, 1, 0, 0, 37 ]
[ 3, 0, -2, 0, 1, 1, -1, 0, 13 ]
[ -17, 1, 0, -1, 0, 13, 0, 0, 37 ]
[ -17, 1, 0, -3, 0, 2, -1, 0, 13 ]
[ 37, 0, 0, 3, 1, 0, 17, 0, 1 ]
[ 1, -12, 0, 0, 37, 0, 0, -18, 1 ]
[ 3, 1, 0, -1, 12, 0, -1, -6, 1 ]
[ 17, 0, 1, 3, 1, 0, -3, 0, 2 ]
[ 1, -12, 0, 0, 1, 2, 0, 0, 37 ]
[ -1, 12, 0, 0, -18, 1, 0, 1, 2 ]
[ 0, 1, 2, -1, 12, 0, 0, 0, 37 ]
[ 1, 6, -1, 0, 1, 2, 0, 0, 37 ]
[ 1, 6, -1, -1, 12, 0, 0, 1, 2 ]
[ 0, 1, 2, -1, -6, 1, 0, 0, 37 ]
[ -3, -1, 0, -1, -6, 1, 0, 1, 2 ]
[ 1, 0, -13, 3, 1, 0, 0, 0, 37 ]
[ 3, 0, -2, 3, 1, 0, -1, 0, 13 ]
[ 1, 0, -13, 0, 1, 2, 0, 0, 37 ]
[ 3, 1, 0, -1, 0, 13, 0, 0, 37 ]
[ 3, 1, 0, 0, 1, 2, -1, 0, 13 ]
[ 37, 0, 0, -14, 1, 0, 17, 0, 1 ]
[ 14, -1, 0, -5, 3, 0, 3, 1, 1 ]
[ 17, 0, 1, -14, 1, 0, -3, 0, 2 ]
[ 1, -8, 0, 0, 37, 0, 0, -12, 1 ]
[ 5, -3, 0, -1, 8, 0, -2, 4, 1 ]
[ 3, 1, 1, -5, 3, 0, 0, 1, 3 ]
[ 14, -1, 0, 3, 1, 1, -3, 0, 2 ]
[ 1, 0, -13, -14, 1, 0, 0, 0, 37 ]
[ 3, 0, -2, -14, 1, 0, -1, 0, 13 ]
[ 1, -8, 0, 0, 1, 3, 0, 0, 37 ]
[ -1, 8, 0, 0, -12, 1, 0, 1, 3 ]
[ 0, 1, 3, -1, 8, 0, 0, 0, 37 ]
[ 2, -4, -1, -1, 8, 0, 0, 1, 3 ]
[ 5, -3, 0, -2, 4, 1, 0, 1, 3 ]
[ 2, -1, 8, -5, 3, 0, 0, 0, 37 ]
[ 0, 1, 3, -5, 3, 0, 2, -1, 8 ]
[ 1, 0, -13, 0, 1, 3, 0, 0, 37 ]
[ 3, 1, 1, -1, 0, 13, 0, 0, 37 ]
[ 3, 1, 1, 0, 1, 3, -1, 0, 13 ]
[ 1, 0, -13, 3, 1, 1, 0, 0, 37 ]
[ 3, 0, -2, 3, 1, 1, -1, 0, 13 ]
[ -14, 1, 0, -1, 0, 13, 0, 0, 37 ]
[ -14, 1, 0, -3, 0, 2, -1, 0, 13 ]
[ 1, -2, -19, 0, 1, 3, 0, 0, 37 ]
[ 2, -4, -1, 0, 1, 3, -1, 2, 19 ]
[ 0, 1, 3, -1, 2, 19, 0, 0, 37 ]
[ 0, 1, 3, -2, 4, 1, -1, 2, 19 ]
[ 5, -3, 0, 2, -1, 8, 0, 0, 37 ]
[ 5, -3, 0, 0, 1, 3, 2, -1, 8 ]
[ -1, 0, -24, 2, -1, 8, 0, 0, 37 ]
[ 0, -1, -3, 1, 0, 24, 0, 0, 37 ]
[ 0, -1, -3, 2, -1, 8, 1, 0, 24 ]
[ 1, 0, 24, 0, 1, 3, 0, 0, 37 ]
[ 2, -1, 8, 1, 0, 24, 0, 0, 37 ]
[ 2, -1, 8, 0, 1, 3, 1, 0, 24 ]
[ 37, 0, 0, 6, 1, 0, 17, 0, 1 ]
[ 1, -6, 0, 0, 37, 0, 0, -9, 1 ]
[ 6, 1, 0, -1, 6, 0, -1, -3, 1 ]
[ 17, 0, 1, 6, 1, 0, -3, 0, 2 ]
[ 1, -6, 0, 0, 1, 4, 0, 0, 37 ]
[ -1, 6, 0, 0, -9, 1, 0, 1, 4 ]
[ 0, 1, 4, -1, 6, 0, 0, 0, 37 ]
[ 1, 3, -1, 0, 1, 4, 0, 0, 37 ]
[ 1, 3, -1, -1, 6, 0, 0, 1, 4 ]
[ -6, -1, 0, -1, -3, 1, 3, 1, 2 ]
[ 1, 0, -13, 6, 1, 0, 0, 0, 37 ]
[ 3, 0, -2, 6, 1, 0, -1, 0, 13 ]
[ 0, 1, 4, -1, -3, 1, 0, 0, 37 ]
[ -3, -1, -2, -1, -3, 1, 0, 1, 4 ]
[ 1, 0, -13, 3, 1, 2, 0, 0, 37 ]
[ 6, 1, 0, -1, 0, 13, 0, 0, 37 ]
[ 6, 1, 0, 3, 1, 2, -1, 0, 13 ]
[ 1, 0, -13, 0, 1, 4, 0, 0, 37 ]
[ 3, 1, 2, -1, 0, 13, 0, 0, 37 ]
[ 3, 1, 2, 0, 1, 4, -1, 0, 13 ]
[ 37, 0, 0, -11, 1, 0, 17, 0, 1 ]
[ 11, -1, 0, 4, 3, 0, 6, 1, 1 ]
[ 17, 0, 1, -11, 1, 0, -3, 0, 2 ]
[ 1, 10, 0, 0, 37, 0, 0, 15, 1 ]
[ 4, 3, 0, 1, 10, 0, -2, -5, 1 ]
[ 6, 1, 1, 4, 3, 0, 3, 1, 3 ]
[ 11, -1, 0, 6, 1, 1, -3, 0, 2 ]
[ 1, 0, -13, -11, 1, 0, 0, 0, 37 ]
[ 3, 0, -2, -11, 1, 0, -1, 0, 13 ]
[ 1, 10, 0, 0, 15, 1, 0, -7, 2 ]
[ 2, 5, -1, 1, 3, 2, 0, 0, 37 ]
[ 2, 5, -1, 1, 10, 0, 1, 3, 2 ]
[ -1, -2, 3, -2, -5, 1, 0, 0, 37 ]
[ -4, -3, 0, -2, -5, 1, -1, -2, 3 ]
[ -1, -1, 8, 4, 3, 0, 0, 0, 37 ]
[ 3, 1, 3, 4, 3, 0, -1, -1, 8 ]
[ 1, 0, -13, 3, 1, 3, 0, 0, 37 ]
[ 6, 1, 1, -1, 0, 13, 0, 0, 37 ]
[ 6, 1, 1, 3, 1, 3, -1, 0, 13 ]
[ 1, 0, -13, 6, 1, 1, 0, 0, 37 ]
[ 3, 0, -2, 6, 1, 1, -1, 0, 13 ]
[ -11, 1, 0, -1, 0, 13, 0, 0, 37 ]
[ -11, 1, 0, -3, 0, 2, -1, 0, 13 ]
[ 1, 10, 0, 0, 1, 5, 0, 0, 37 ]
[ -1, -10, 0, 0, -7, 2, 0, 1, 5 ]
[ 0, -1, -5, 1, 10, 0, 0, 0, 37 ]
[ 1, 3, 2, 0, 1, 5, 0, 0, 37 ]
[ 1, 3, 2, 1, 10, 0, 0, 1, 5 ]
[ -1, -1, 8, -1, -2, 3, 0, 0, 37 ]
[ -4, -3, 0, -1, -1, 8, 0, 0, 37 ]
[ -4, -3, 0, -1, -2, 3, -1, -1, 8 ]
[ -1, 0, -24, -1, -1, 8, 0, 0, 37 ]
[ -3, -1, -3, 1, 0, 24, 0, 0, 37 ]
[ -3, -1, -3, -1, -1, 8, 1, 0, 24 ]
[ 37, 0, 0, 9, 1, 0, 17, 0, 1 ]
[ 1, -4, 0, 0, 37, 0, 0, -6, 1 ]
[ 9, 1, 0, -1, 4, 0, -1, -2, 1 ]
[ 17, 0, 1, 9, 1, 0, -3, 0, 2 ]
[ 1, -4, 0, 0, 1, 6, 0, 0, 37 ]
[ -1, 4, 0, 0, -6, 1, 0, 1, 6 ]
[ 0, 1, 6, -1, 4, 0, 0, 0, 37 ]
[ 1, 2, -1, 0, 1, 6, 0, 0, 37 ]
[ 1, 2, -1, -1, 4, 0, 0, 1, 6 ]
[ -9, -1, 0, -1, -2, 1, -3, 0, 2 ]
[ 1, 0, -13, 9, 1, 0, 0, 0, 37 ]
[ 3, 0, -2, 9, 1, 0, -1, 0, 13 ]
[ -1, -1, 7, -1, -2, 1, 0, 0, 37 ]
[ -3, 0, 2, -1, -2, 1, -1, -1, 7 ]
[ 9, 1, 0, -1, 0, 13, 0, 0, 37 ]
[ 9, 1, 0, -3, 0, 2, -1, 0, 13 ]
[ -1, 0, 13, -1, -1, 7, 0, 0, 37 ]
[ -3, 0, 2, -1, -1, 7, -1, 0, 13 ]
[ 37, 0, 0, -8, 1, 0, 17, 0, 1 ]
[ 8, -1, 0, -3, 5, 0, 1, 2, 1 ]
[ 17, 0, 1, -8, 1, 0, -3, 0, 2 ]
[ 1, -14, 0, 0, 37, 0, 0, 16, 1 ]
[ 3, -5, 0, -1, 14, 0, 1, 2, 1 ]
[ 1, 2, 1, -3, 5, 0, 1, -3, 3 ]
[ 8, -1, 0, 1, 2, 1, -3, 0, 2 ]
[ 1, 0, -13, -8, 1, 0, 0, 0, 37 ]
[ 3, 0, -2, -8, 1, 0, -1, 0, 13 ]
[ 1, -14, 0, 0, 16, 1, 0, -5, 2 ]
[ 1, 2, 1, -1, 14, 0, 0, -5, 2 ]
[ 3, -5, 0, 1, 2, 1, 1, -3, 3 ]
[ -1, 2, -10, -3, 5, 0, 0, 0, 37 ]
[ 1, -3, 3, 1, -2, 10, 0, 0, 37 ]
[ -1, 3, -3, -3, 5, 0, 1, -2, 10 ]
[ 0, -1, -7, 1, -3, 3, 0, 0, 37 ]
[ 1, 2, 1, 0, 1, 7, 0, 0, 37 ]
[ -1, -2, -1, 1, -3, 3, 0, 1, 7 ]
[ 0, -1, -7, 1, 2, 1, 0, 0, 37 ]
[ 3, 0, -2, 1, 2, 1, 0, 1, 7 ]
[ -8, 1, 0, -1, 0, 13, 0, 0, 37 ]
[ -8, 1, 0, -3, 0, 2, -1, 0, 13 ]
[ 1, -14, 0, 0, 1, 7, 0, 0, 37 ]
[ -1, 14, 0, 0, -5, 2, 0, 1, 7 ]
[ 0, 1, 7, -1, 14, 0, 0, 0, 37 ]
[ 0, 5, -2, -1, 14, 0, 0, 1, 7 ]
[ -1, -2, -1, 0, -5, 2, 0, 1, 7 ]
[ 1, -3, 3, 0, 1, 7, 0, 0, 37 ]
[ 1, -3, 3, 1, 2, 1, 0, 1, 7 ]
[ -1, 2, -10, 1, -3, 3, 0, 0, 37 ]
[ -3, 5, 0, 1, -2, 10, 0, 0, 37 ]
[ -3, 5, 0, 1, -3, 3, 1, -2, 10 ]
[ 1, 2, 1, 0, 1, 7, 0, 0, 37 ]
[ 0, -1, -7, 1, 2, 1, 0, 0, 37 ]
[ 1, 0, -13, 0, 1, 7, 0, 0, 37 ]
[ 3, 0, -2, 0, 1, 7, -1, 0, 13 ]
[ 37, 0, 0, 12, 1, 0, 17, 0, 1 ]
[ 1, -3, 0, 0, 37, 0, 0, 14, 1 ]
[ 12, 1, 0, -1, 3, 0, 5, -1, 1 ]
[ 17, 0, 1, 12, 1, 0, -3, 0, 2 ]
[ 1, -3, 0, 0, 14, 1, 0, 5, 3 ]
[ 5, -1, 1, -1, 3, 0, 2, -1, 3 ]
[ -12, -1, 0, 5, -1, 1, -3, 0, 2 ]
[ 1, 0, -13, 12, 1, 0, 0, 0, 37 ]
[ 3, 0, -2, 12, 1, 0, -1, 0, 13 ]
[ 1, -3, 0, 0, 1, 8, 0, 0, 37 ]
[ 1, -3, 0, 0, 5, 3, 0, 1, 8 ]
[ 0, 1, 8, -1, 3, 0, 0, 0, 37 ]
[ 2, -1, 3, -1, 3, 0, 0, 1, 8 ]
[ -1, 0, 13, 2, -1, 3, 0, 0, 37 ]
[ -5, 1, -1, -1, 0, 13, 0, 0, 37 ]
[ -5, 1, -1, 2, -1, 3, -1, 0, 13 ]
[ -1, 0, 13, 5, -1, 1, 0, 0, 37 ]
[ -3, 0, 2, 5, -1, 1, -1, 0, 13 ]
[ 12, 1, 0, -1, 0, 13, 0, 0, 37 ]
[ 12, 1, 0, -3, 0, 2, -1, 0, 13 ]
[ 1, 0, 24, 0, 1, 8, 0, 0, 37 ]
[ 2, -1, 3, 1, 0, 24, 0, 0, 37 ]
[ 2, -1, 3, 0, 1, 8, 1, 0, 24 ]
[ 37, 0, 0, -5, 1, 0, 17, 0, 1 ]
[ 5, -1, 0, 2, 7, 0, 2, 3, 1 ]
[ 17, 0, 1, -5, 1, 0, -3, 0, 2 ]
[ 1, 22, 0, 0, 37, 0, 0, -4, 1 ]
[ 2, 7, 0, 1, 22, 0, 0, -4, 1 ]
[ 2, 3, 1, 1, 2, 5, 0, 0, 37 ]
[ 2, 3, 1, 2, 7, 0, 1, 2, 5 ]
[ 5, -1, 0, 2, 3, 1, 2, -1, 2 ]
[ 1, 0, -13, -5, 1, 0, 0, 0, 37 ]
[ 3, 0, -2, -5, 1, 0, -1, 0, 13 ]
[ 1, 22, 0, 0, 1, 9, 0, 0, 37 ]
[ -1, -22, 0, 0, -4, 1, 0, 1, 9 ]
[ 0, -1, -9, 1, 22, 0, 0, 0, 37 ]
[ 0, -4, 1, 1, 22, 0, 0, 1, 9 ]
[ -2, -7, 0, 0, -4, 1, 1, 2, 5 ]
[ 1, 3, 14, 2, 7, 0, 0, 0, 37 ]
[ 1, 2, 5, 1, 3, 14, 0, 0, 37 ]
[ 1, 2, 5, 2, 7, 0, 1, 3, 14 ]
[ 1, 1, -4, 2, 3, 1, 0, 0, 37 ]
[ 2, -1, 2, 2, 3, 1, -1, -1, 4 ]
[ -1, 0, 13, 2, -1, 2, 0, 0, 37 ]
[ -5, 1, 0, -1, 0, 13, 0, 0, 37 ]
[ -5, 1, 0, 2, -1, 2, -1, 0, 13 ]
[ 1, 2, 5, 0, 1, 9, 0, 0, 37 ]
[ -1, -2, -5, 0, -4, 1, 0, 1, 9 ]
[ -1, -3, -14, 1, 2, 5, 0, 0, 37 ]
[ -2, -7, 0, 1, 3, 14, 0, 0, 37 ]
[ -2, -7, 0, 1, 2, 5, 1, 3, 14 ]
[ -1, 0, 13, -1, -1, 4, 0, 0, 37 ]
[ -2, 1, -2, -1, 0, 13, 0, 0, 37 ]
[ -2, 1, -2, -1, -1, 4, -1, 0, 13 ]
[ 37, 0, 0, 15, 1, 0, 17, 0, 1 ]
[ 15, 1, 0, -7, 2, 0, 2, -1, 1 ]
[ 17, 0, 1, 15, 1, 0, -3, 0, 2 ]
[ 1, 5, 0, 0, 37, 0, 0, -11, 1 ]
[ 7, -2, 0, 1, 5, 0, 2, -1, 1 ]
[ -3, 1, 12, -7, 2, 0, 0, 0, 37 ]
[ -2, 1, -1, -3, 1, 12, 0, 0, 37 ]
[ -2, 1, -1, -7, 2, 0, -3, 1, 12 ]
[ -15, -1, 0, 2, -1, 1, -3, 0, 2 ]
[ 1, 0, -13, 15, 1, 0, 0, 0, 37 ]
[ 3, 0, -2, 15, 1, 0, -1, 0, 13 ]
[ -1, -5, 0, 0, -11, 1, 0, 4, 3 ]
[ 2, -1, 1, 1, 5, 0, -1, -1, 3 ]
[ -3, 1, 12, 2, -1, 1, 0, 0, 37 ]
[ 7, -2, 0, -3, 1, 12, 0, 0, 37 ]
[ -7, 2, 0, 2, -1, 1, -3, 1, 12 ]
[ -1, 0, 13, 2, -1, 1, 0, 0, 37 ]
[ -3, 0, 2, 2, -1, 1, -1, 0, 13 ]
[ 15, 1, 0, -1, 0, 13, 0, 0, 37 ]
[ 15, 1, 0, -3, 0, 2, -1, 0, 13 ]
[ 1, 5, 0, 0, 1, 10, 0, 0, 37 ]
[ 1, 5, 0, 0, 4, 3, 0, 1, 10 ]
[ 0, -1, -10, 1, 5, 0, 0, 0, 37 ]
[ 1, 1, -3, 0, 1, 10, 0, 0, 37 ]
[ 1, 1, -3, 1, 5, 0, 0, 1, 10 ]
[ -1, 0, 13, -1, -1, 3, 0, 0, 37 ]
[ -2, 1, -1, -1, 0, 13, 0, 0, 37 ]
[ -2, 1, -1, -1, -1, 3, -1, 0, 13 ]
[ 37, 0, 0, -2, 1, 0, 17, 0, 1 ]
[ 1, -19, 0, 0, 37, 0, 0, -10, 1 ]
[ 2, -1, 0, -1, 19, 0, -1, 9, 1 ]
[ 17, 0, 1, -2, 1, 0, -3, 0, 2 ]
[ -1, 19, 0, 0, -10, 1, 0, -3, 4 ]
[ 1, -9, -1, -1, 19, 0, 0, -3, 4 ]
[ 2, -1, 0, -1, 9, 1, 1, -2, 2 ]
[ 1, 0, -13, -2, 1, 0, 0, 0, 37 ]
[ 3, 0, -2, -2, 1, 0, -1, 0, 13 ]
[ 1, -19, 0, 0, 1, 11, 0, 0, 37 ]
[ -1, 19, 0, 0, -3, 4, 0, 1, 11 ]
[ 0, 1, 11, -1, 19, 0, 0, 0, 37 ]
[ 0, 3, -4, -1, 19, 0, 0, 1, 11 ]
[ 1, -9, -1, 0, 1, 11, 0, 0, 37 ]
[ -1, 9, 1, 0, -3, 4, 0, 1, 11 ]
[ 1, -2, 2, -1, 9, 1, 0, -3, 4 ]
[ -1, 1, -13, 1, -2, 2, 0, 0, 37 ]
[ -2, 1, 0, 1, -1, 13, 0, 0, 37 ]
[ -2, 1, 0, 1, -2, 2, 1, -1, 13 ]
[ 0, 1, 11, -1, 9, 1, 0, 0, 37 ]
[ 0, 3, -4, -1, 9, 1, 0, 1, 11 ]
[ 1, -2, 2, 0, 1, 11, 0, 0, 37 ]
[ -1, 2, -2, 0, -3, 4, 0, 1, 11 ]
[ 37, 0, 0, 18, 1, 0, 17, 0, 1 ]
[ 1, -2, 0, 0, 37, 0, 0, -3, 1 ]
[ 18, 1, 0, -1, 2, 0, -1, -1, 1 ]
[ 17, 0, 1, 18, 1, 0, -3, 0, 2 ]
[ 1, -2, 0, 0, 1, 12, 0, 0, 37 ]
[ -1, 2, 0, 0, -3, 1, 0, 1, 12 ]
[ 0, 1, 12, -1, 2, 0, 0, 0, 37 ]
[ 1, 1, -1, 0, 1, 12, 0, 0, 37 ]
[ 1, 1, -1, -1, 2, 0, 0, 1, 12 ]
[ -18, -1, 0, -1, -1, 1, -3, 0, 2 ]
[ 1, 0, -13, 18, 1, 0, 0, 0, 37 ]
[ 3, 0, -2, 18, 1, 0, -1, 0, 13 ]
[ -1, 0, 13, -1, -1, 1, 0, 0, 37 ]
[ -3, 0, 2, -1, -1, 1, -1, 0, 13 ]
[ 18, 1, 0, -1, 0, 13, 0, 0, 37 ]
[ 18, 1, 0, -3, 0, 2, -1, 0, 13 ]
[ 1, 1, 0, 0, 37, 0, 0, -17, 1 ]
[ 37, 0, 0, 1, 1, 0, 17, 0, 1 ]
[ -1, -1, 0, 0, -17, 1, 0, 3, 2 ]
[ 17, 0, 1, 1, 1, 0, -3, 0, 2 ]
[ 1, 1, 0, 0, 1, 13, 0, 0, 37 ]
[ 1, 1, 0, 0, 3, 2, 0, 1, 13 ]
[ 1, 0, -13, 1, 1, 0, 0, 0, 37 ]
[ 3, 0, -2, 1, 1, 0, -1, 0, 13 ]
[ 37, 0, 0, -16, 1, 0, 17, 0, 1 ]
[ 16, -1, 0, 5, 2, 0, 1, 1, 1 ]
[ 17, 0, 1, -16, 1, 0, -3, 0, 2 ]
[ 1, -7, 0, 0, 37, 0, 0, 8, 1 ]
[ 5, 2, 0, -1, 7, 0, 1, 1, 1 ]
[ -2, -1, 12, 5, 2, 0, 0, 0, 37 ]
[ 1, 1, 1, -2, -1, 12, 0, 0, 37 ]
[ -1, -1, -1, 5, 2, 0, -2, -1, 12 ]
[ 16, -1, 0, 1, 1, 1, -3, 0, 2 ]
[ 1, 0, -13, -16, 1, 0, 0, 0, 37 ]
[ 3, 0, -2, -16, 1, 0, -1, 0, 13 ]
[ 1, -7, 0, 0, 8, 1, 0, 3, 5 ]
[ 1, 1, 1, -1, 7, 0, 0, 3, 5 ]
[ 2, 1, -12, 1, 1, 1, 0, 0, 37 ]
[ -5, -2, 0, -2, -1, 12, 0, 0, 37 ]
[ 5, 2, 0, 1, 1, 1, -2, -1, 12 ]
[ 1, 0, -13, 1, 1, 1, 0, 0, 37 ]
[ 3, 0, -2, 1, 1, 1, -1, 0, 13 ]
[ -16, 1, 0, -1, 0, 13, 0, 0, 37 ]
[ -16, 1, 0, -3, 0, 2, -1, 0, 13 ]
[ 1, -7, 0, 0, 1, 14, 0, 0, 37 ]
[ 1, -7, 0, 0, 3, 5, 0, 1, 14 ]
[ 0, 1, 14, -1, 7, 0, 0, 0, 37 ]
[ 0, 3, 5, -1, 7, 0, 0, 1, 14 ]
[ 1, 1, 1, 0, 1, 14, 0, 0, 37 ]
[ 1, 1, 1, 0, 3, 5, 0, 1, 14 ]
[ 37, 0, 0, 4, 1, 0, 17, 0, 1 ]
[ 1, -9, 0, 0, 37, 0, 0, 5, 1 ]
[ 4, 1, 0, -1, 9, 0, 1, -4, 1 ]
[ 17, 0, 1, 4, 1, 0, -3, 0, 2 ]
[ 1, -9, 0, 0, 5, 1, 0, -2, 7 ]
[ 1, -4, 1, -1, 9, 0, 0, -2, 7 ]
[ -4, -1, 0, 1, -4, 1, 1, 1, 2 ]
[ 1, 0, -13, 4, 1, 0, 0, 0, 37 ]
[ 3, 0, -2, 4, 1, 0, -1, 0, 13 ]
[ -1, 9, 0, 0, -1, 22, 0, 0, 37 ]
[ -1, 9, 0, 0, -2, 7, 0, -1, 22 ]
[ 0, 1, -22, -1, 9, 0, 0, 0, 37 ]
[ 0, 2, -7, -1, 9, 0, 0, -1, 22 ]
[ -1, 4, -1, 0, -1, 22, 0, 0, 37 ]
[ -1, 4, -1, 0, -2, 7, 0, -1, 22 ]
[ -1, -1, -2, 1, -4, 1, 0, -2, 7 ]
[ 1, 0, -13, 1, 1, 2, 0, 0, 37 ]
[ 4, 1, 0, -1, 0, 13, 0, 0, 37 ]
[ 4, 1, 0, 1, 1, 2, -1, 0, 13 ]
[ 0, -1, 22, 1, -4, 1, 0, 0, 37 ]
[ 0, -2, 7, 1, -4, 1, 0, -1, 22 ]
[ -1, -1, -2, 0, -1, 22, 0, 0, 37 ]
[ -1, -1, -2, 0, -2, 7, 0, -1, 22 ]
[ 37, 0, 0, -13, 1, 0, 17, 0, 1 ]
[ 13, -1, 0, -2, 3, 0, 4, 1, 1 ]
[ 17, 0, 1, -13, 1, 0, -3, 0, 2 ]
[ 1, -20, 0, 0, 37, 0, 0, 7, 1 ]
[ 2, -3, 0, -1, 20, 0, 0, 7, 1 ]
[ 4, 1, 1, -2, 3, 0, 1, 1, 3 ]
[ 13, -1, 0, 4, 1, 1, -3, 0, 2 ]
[ 1, 0, -13, -13, 1, 0, 0, 0, 37 ]
[ 3, 0, -2, -13, 1, 0, -1, 0, 13 ]
[ 1, -20, 0, 0, 7, 1, 0, -2, 5 ]
[ 0, 7, 1, -1, 20, 0, 0, -2, 5 ]
[ 2, -3, 0, 0, 7, 1, -1, 4, 3 ]
[ 1, -1, 8, -2, 3, 0, 0, 0, 37 ]
[ 1, 1, 3, -2, 3, 0, 1, -1, 8 ]
[ 1, 0, -13, 1, 1, 3, 0, 0, 37 ]
[ 4, 1, 1, -1, 0, 13, 0, 0, 37 ]
[ 4, 1, 1, 1, 1, 3, -1, 0, 13 ]
[ 1, 0, -13, 4, 1, 1, 0, 0, 37 ]
[ 3, 0, -2, 4, 1, 1, -1, 0, 13 ]
[ -13, 1, 0, -1, 0, 13, 0, 0, 37 ]
[ -13, 1, 0, -3, 0, 2, -1, 0, 13 ]
[ -1, 20, 0, 0, -1, 21, 0, 0, 37 ]
[ -1, 20, 0, 0, -2, 5, 0, -1, 21 ]
[ 0, 1, -21, -1, 20, 0, 0, 0, 37 ]
[ 0, 2, -5, -1, 20, 0, 0, -1, 21 ]
[ 1, -4, -3, 0, 7, 1, 0, -2, 5 ]
[ 2, -3, 0, -1, 2, 8, 0, 0, 37 ]
[ 2, -3, 0, -1, 4, 3, -1, 2, 8 ]
[ -1, 0, -24, 1, -1, 8, 0, 0, 37 ]
[ -1, -1, -3, 1, 0, 24, 0, 0, 37 ]
[ -1, -1, -3, 1, -1, 8, 1, 0, 24 ]
[ -1, 4, 3, 0, -1, 21, 0, 0, 37 ]
[ -1, 4, 3, 0, -2, 5, 0, -1, 21 ]
[ 1, -3, -24, -1, 4, 3, 0, 0, 37 ]
[ 1, -2, -8, -1, 3, 24, 0, 0, 37 ]
[ 1, -2, -8, -1, 4, 3, -1, 3, 24 ]
[ 37, 0, 0, 7, 1, 0, 17, 0, 1 ]
[ 7, 1, 0, -2, 5, 0, 3, -2, 1 ]
[ 17, 0, 1, 7, 1, 0, -3, 0, 2 ]
[ 1, -21, 0, 0, 37, 0, 0, -13, 1 ]
[ 2, -5, 0, -1, 21, 0, -1, 8, 1 ]
[ 3, -2, 1, -2, 5, 0, -2, 3, 3 ]
[ -7, -1, 0, 3, -2, 1, -3, 0, 2 ]
[ 1, 0, -13, 7, 1, 0, 0, 0, 37 ]
[ 3, 0, -2, 7, 1, 0, -1, 0, 13 ]
[ -1, 21, 0, 0, -13, 1, 0, -2, 3 ]
[ 1, -8, -1, -1, 21, 0, 0, -2, 3 ]
[ 2, -5, 0, -1, 8, 1, 0, -2, 3 ]
[ 1, -2, -10, -2, 5, 0, 0, 0, 37 ]
[ 2, -3, -3, -1, 2, 10, 0, 0, 37 ]
[ 2, -3, -3, -2, 5, 0, -1, 2, 10 ]
[ 1, -1, 7, -2, 3, 3, 0, 0, 37 ]
[ -3, 2, -1, 1, -1, 7, 0, 0, 37 ]
[ 3, -2, 1, -2, 3, 3, 1, -1, 7 ]
[ 1, -1, 7, 3, -2, 1, 0, 0, 37 ]
[ -3, 0, 2, 3, -2, 1, 1, -1, 7 ]
[ 7, 1, 0, -1, 0, 13, 0, 0, 37 ]
[ 7, 1, 0, -3, 0, 2, -1, 0, 13 ]
[ -1, 21, 0, 0, -1, 20, 0, 0, 37 ]
[ -1, 21, 0, 0, -2, 3, 0, -1, 20 ]
[ 0, 1, -20, -1, 21, 0, 0, 0, 37 ]
[ 0, 2, -3, -1, 21, 0, 0, -1, 20 ]
[ -1, 8, 1, 0, -1, 20, 0, 0, 37 ]
[ -1, 8, 1, 0, -2, 3, 0, -1, 20 ]
[ 0, 1, -20, -1, 8, 1, 0, 0, 37 ]
[ 0, 2, -3, -1, 8, 1, 0, -1, 20 ]
[ -2, 5, 0, -1, 2, 10, 0, 0, 37 ]
[ -2, 5, 0, 0, -2, 3, -1, 2, 10 ]
[ -1, 0, 13, 1, -1, 7, 0, 0, 37 ]
[ -3, 0, 2, 1, -1, 7, -1, 0, 13 ]
[ -1, 2, 10, 0, -1, 20, 0, 0, 37 ]
[ -1, 2, 10, 0, -2, 3, 0, -1, 20 ]
[ 37, 0, 0, -10, 1, 0, 17, 0, 1 ]
[ 10, -1, 0, -3, 4, 0, -3, 2, 1 ]
[ 17, 0, 1, -10, 1, 0, -3, 0, 2 ]
[ 1, 11, 0, 0, 37, 0, 0, -2, 1 ]
[ 3, -4, 0, 1, 11, 0, 0, -2, 1 ]
[ 1, -1, 6, -3, 4, 0, 0, 0, 37 ]
[ -3, 2, 1, 1, -1, 6, 0, 0, 37 ]
[ 3, -2, -1, -3, 4, 0, 1, -1, 6 ]
[ 10, -1, 0, -3, 2, 1, -3, 0, 2 ]
[ 1, 0, -13, -10, 1, 0, 0, 0, 37 ]
[ 3, 0, -2, -10, 1, 0, -1, 0, 13 ]
[ -1, -11, 0, 0, -1, 19, 0, 0, 37 ]
[ -1, -11, 0, 0, -2, 1, 0, -1, 19 ]
[ 0, -1, 19, 1, 11, 0, 0, 0, 37 ]
[ 0, -2, 1, 1, 11, 0, 0, -1, 19 ]
[ 3, -4, 0, 1, -1, 6, 0, 0, 37 ]
[ -3, 4, 0, 0, -2, 1, 1, -1, 6 ]
[ 2, -1, -7, -3, 2, 1, 0, 0, 37 ]
[ 3, 0, -2, -3, 2, 1, -2, 1, 7 ]
[ -10, 1, 0, -1, 0, 13, 0, 0, 37 ]
[ -10, 1, 0, -3, 0, 2, -1, 0, 13 ]
[ -1, 1, -6, 0, -1, 19, 0, 0, 37 ]
[ -1, 1, -6, 0, -2, 1, 0, -1, 19 ]
[ 1, 0, -13, -2, 1, 7, 0, 0, 37 ]
[ 3, 0, -2, -2, 1, 7, -1, 0, 13 ]
[ 37, 0, 0, 10, 1, 0, 17, 0, 1 ]
[ 10, 1, 0, 3, 4, 0, -3, -2, 1 ]
[ 17, 0, 1, 10, 1, 0, -3, 0, 2 ]
[ 1, -11, 0, 0, 37, 0, 0, 2, 1 ]
[ 3, 4, 0, -1, 11, 0, 0, 2, 1 ]
[ 1, 1, 6, 3, 4, 0, 0, 0, 37 ]
[ 3, 2, -1, 1, 1, 6, 0, 0, 37 ]
[ 3, 2, -1, 3, 4, 0, 1, 1, 6 ]
[ -10, -1, 0, -3, -2, 1, -3, 0, 2 ]
[ 1, 0, -13, 10, 1, 0, 0, 0, 37 ]
[ 3, 0, -2, 10, 1, 0, -1, 0, 13 ]
[ 1, -11, 0, 0, 1, 19, 0, 0, 37 ]
[ 1, -11, 0, 0, 2, 1, 0, 1, 19 ]
[ 0, 1, 19, -1, 11, 0, 0, 0, 37 ]
[ 0, 2, 1, -1, 11, 0, 0, 1, 19 ]
[ -3, -4, 0, 1, 1, 6, 0, 0, 37 ]
[ 3, 4, 0, 0, 2, 1, 1, 1, 6 ]
[ -2, -1, 7, -3, -2, 1, 0, 0, 37 ]
[ -3, 0, 2, -3, -2, 1, -2, -1, 7 ]
[ 10, 1, 0, -1, 0, 13, 0, 0, 37 ]
[ 10, 1, 0, -3, 0, 2, -1, 0, 13 ]
[ 1, 1, 6, 0, 1, 19, 0, 0, 37 ]
[ 1, 1, 6, 0, 2, 1, 0, 1, 19 ]
[ -1, 0, 13, -2, -1, 7, 0, 0, 37 ]
[ -3, 0, 2, -2, -1, 7, -1, 0, 13 ]
[ 37, 0, 0, -7, 1, 0, 17, 0, 1 ]
[ 7, -1, 0, 2, 5, 0, 3, 2, 1 ]
[ 17, 0, 1, -7, 1, 0, -3, 0, 2 ]
[ 1, 21, 0, 0, 37, 0, 0, 13, 1 ]
[ 2, 5, 0, 1, 21, 0, -1, -8, 1 ]
[ 3, 2, 1, 2, 5, 0, -2, -3, 3 ]
[ 7, -1, 0, 3, 2, 1, -3, 0, 2 ]
[ 1, 0, -13, -7, 1, 0, 0, 0, 37 ]
[ 3, 0, -2, -7, 1, 0, -1, 0, 13 ]
[ 1, 21, 0, 0, 13, 1, 0, 2, 3 ]
[ 1, 8, -1, 1, 21, 0, 0, 2, 3 ]
[ -2, -5, 0, -1, -8, 1, 0, 2, 3 ]
[ 1, 2, -10, 2, 5, 0, 0, 0, 37 ]
[ -2, -3, 3, -1, -2, 10, 0, 0, 37 ]
[ 2, 3, -3, 2, 5, 0, -1, -2, 10 ]
[ -1, -1, -7, -2, -3, 3, 0, 0, 37 ]
[ 3, 2, 1, 1, 1, 7, 0, 0, 37 ]
[ -3, -2, -1, -2, -3, 3, 1, 1, 7 ]
[ -1, -1, -7, 3, 2, 1, 0, 0, 37 ]
[ 3, 0, -2, 3, 2, 1, 1, 1, 7 ]
[ -7, 1, 0, -1, 0, 13, 0, 0, 37 ]
[ -7, 1, 0, -3, 0, 2, -1, 0, 13 ]
[ 1, 21, 0, 0, 1, 20, 0, 0, 37 ]
[ 1, 21, 0, 0, 2, 3, 0, 1, 20 ]
[ 0, -1, -20, 1, 21, 0, 0, 0, 37 ]
[ 0, -2, -3, 1, 21, 0, 0, 1, 20 ]
[ 1, 8, -1, 0, 1, 20, 0, 0, 37 ]
[ 1, 8, -1, 0, 2, 3, 0, 1, 20 ]
[ 0, 1, 20, -1, -8, 1, 0, 0, 37 ]
[ 0, 2, 3, -1, -8, 1, 0, 1, 20 ]
[ 2, 5, 0, 1, 3, 10, 0, 0, 37 ]
[ 2, 5, 0, 0, 2, 3, 1, 3, 10 ]
[ 1, 0, -13, 1, 1, 7, 0, 0, 37 ]
[ 3, 0, -2, 1, 1, 7, -1, 0, 13 ]
[ 1, 3, 10, 0, 1, 20, 0, 0, 37 ]
[ 1, 3, 10, 0, 2, 3, 0, 1, 20 ]
[ 37, 0, 0, 13, 1, 0, 17, 0, 1 ]
[ 13, 1, 0, 2, 3, 0, 4, -1, 1 ]
[ 17, 0, 1, 13, 1, 0, -3, 0, 2 ]
[ 1, 20, 0, 0, 37, 0, 0, -7, 1 ]
[ 2, 3, 0, 1, 20, 0, 0, -7, 1 ]
[ 4, -1, 1, 2, 3, 0, 1, -1, 3 ]
[ -13, -1, 0, 4, -1, 1, -3, 0, 2 ]
[ 1, 0, -13, 13, 1, 0, 0, 0, 37 ]
[ 3, 0, -2, 13, 1, 0, -1, 0, 13 ]
[ -1, -20, 0, 0, -7, 1, 0, 2, 5 ]
[ 0, -7, 1, 1, 20, 0, 0, 2, 5 ]
[ -2, -3, 0, 0, -7, 1, 1, -1, 3 ]
[ 1, 1, 8, 2, 3, 0, 0, 0, 37 ]
[ 1, -1, 3, 2, 3, 0, 1, 1, 8 ]
[ -1, 0, 13, 1, -1, 3, 0, 0, 37 ]
[ -4, 1, -1, -1, 0, 13, 0, 0, 37 ]
[ -4, 1, -1, 1, -1, 3, -1, 0, 13 ]
[ -1, 0, 13, 4, -1, 1, 0, 0, 37 ]
[ -3, 0, 2, 4, -1, 1, -1, 0, 13 ]
[ 13, 1, 0, -1, 0, 13, 0, 0, 37 ]
[ 13, 1, 0, -3, 0, 2, -1, 0, 13 ]
[ 1, 20, 0, 0, 1, 21, 0, 0, 37 ]
[ 1, 20, 0, 0, 2, 5, 0, 1, 21 ]
[ 0, -1, -21, 1, 20, 0, 0, 0, 37 ]
[ 0, -2, -5, 1, 20, 0, 0, 1, 21 ]
[ -1, 1, -3, 0, -7, 1, 0, 2, 5 ]
[ -2, -3, 0, 1, 1, 8, 0, 0, 37 ]
[ -2, -3, 0, 1, -1, 3, 1, 1, 8 ]
[ 1, 0, 24, 1, 1, 8, 0, 0, 37 ]
[ 1, -1, 3, 1, 0, 24, 0, 0, 37 ]
[ 1, -1, 3, 1, 1, 8, 1, 0, 24 ]
[ 1, -1, 3, 0, 1, 21, 0, 0, 37 ]
[ 1, -1, 3, 0, 2, 5, 0, 1, 21 ]
[ -1, 0, -24, 1, -1, 3, 0, 0, 37 ]
[ -1, -1, -8, 1, 0, 24, 0, 0, 37 ]
[ -1, -1, -8, 1, -1, 3, 1, 0, 24 ]
[ 37, 0, 0, -4, 1, 0, 17, 0, 1 ]
[ 1, 9, 0, 0, 37, 0, 0, -5, 1 ]
[ 4, -1, 0, 1, 9, 0, 1, 4, 1 ]
[ 17, 0, 1, -4, 1, 0, -3, 0, 2 ]
[ -1, -9, 0, 0, -5, 1, 0, 2, 7 ]
[ 1, 4, 1, 1, 9, 0, 0, 2, 7 ]
[ 4, -1, 0, 1, 4, 1, 1, -1, 2 ]
[ 1, 0, -13, -4, 1, 0, 0, 0, 37 ]
[ 3, 0, -2, -4, 1, 0, -1, 0, 13 ]
[ 1, 9, 0, 0, 1, 22, 0, 0, 37 ]
[ 1, 9, 0, 0, 2, 7, 0, 1, 22 ]
[ 0, -1, -22, 1, 9, 0, 0, 0, 37 ]
[ 0, -2, -7, 1, 9, 0, 0, 1, 22 ]
[ 1, 4, 1, 0, 1, 22, 0, 0, 37 ]
[ 1, 4, 1, 0, 2, 7, 0, 1, 22 ]
[ 1, -1, 2, 1, 4, 1, 0, 2, 7 ]
[ -1, 0, 13, 1, -1, 2, 0, 0, 37 ]
[ -4, 1, 0, -1, 0, 13, 0, 0, 37 ]
[ -4, 1, 0, 1, -1, 2, -1, 0, 13 ]
[ 0, -1, -22, 1, 4, 1, 0, 0, 37 ]
[ 0, -2, -7, 1, 4, 1, 0, 1, 22 ]
[ 1, -1, 2, 0, 1, 22, 0, 0, 37 ]
[ 1, -1, 2, 0, 2, 7, 0, 1, 22 ]
[ 37, 0, 0, 16, 1, 0, 17, 0, 1 ]
[ 16, 1, 0, -5, 2, 0, 1, -1, 1 ]
[ 17, 0, 1, 16, 1, 0, -3, 0, 2 ]
[ 1, 7, 0, 0, 37, 0, 0, -8, 1 ]
[ 5, -2, 0, 1, 7, 0, 1, -1, 1 ]
[ -2, 1, 12, -5, 2, 0, 0, 0, 37 ]
[ -1, 1, -1, -2, 1, 12, 0, 0, 37 ]
[ -1, 1, -1, -5, 2, 0, -2, 1, 12 ]
[ -16, -1, 0, 1, -1, 1, -3, 0, 2 ]
[ 1, 0, -13, 16, 1, 0, 0, 0, 37 ]
[ 3, 0, -2, 16, 1, 0, -1, 0, 13 ]
[ -1, -7, 0, 0, -8, 1, 0, -3, 5 ]
[ 1, -1, 1, 1, 7, 0, 0, -3, 5 ]
[ -2, 1, 12, 1, -1, 1, 0, 0, 37 ]
[ 5, -2, 0, -2, 1, 12, 0, 0, 37 ]
[ -5, 2, 0, 1, -1, 1, -2, 1, 12 ]
[ -1, 0, 13, 1, -1, 1, 0, 0, 37 ]
[ -3, 0, 2, 1, -1, 1, -1, 0, 13 ]
[ 16, 1, 0, -1, 0, 13, 0, 0, 37 ]
[ 16, 1, 0, -3, 0, 2, -1, 0, 13 ]
[ -1, -7, 0, 0, -1, 14, 0, 0, 37 ]
[ -1, -7, 0, 0, -3, 5, 0, -1, 14 ]
[ 0, -1, 14, 1, 7, 0, 0, 0, 37 ]
[ 0, -3, 5, 1, 7, 0, 0, -1, 14 ]
[ -1, 1, -1, 0, -1, 14, 0, 0, 37 ]
[ -1, 1, -1, 0, -3, 5, 0, -1, 14 ]
[ 1, -1, 0, 0, 37, 0, 0, 17, 1 ]
[ 37, 0, 0, -1, 1, 0, 17, 0, 1 ]
[ 1, -1, 0, 0, 17, 1, 0, -3, 2 ]
[ 17, 0, 1, -1, 1, 0, -3, 0, 2 ]
[ -1, 1, 0, 0, -1, 13, 0, 0, 37 ]
[ -1, 1, 0, 0, -3, 2, 0, -1, 13 ]
[ 1, 0, -13, -1, 1, 0, 0, 0, 37 ]
[ 3, 0, -2, -1, 1, 0, -1, 0, 13 ]
[ 37, 0, 0, -18, 1, 0, 17, 0, 1 ]
[ 1, 2, 0, 0, 37, 0, 0, 3, 1 ]
[ 18, -1, 0, 1, 2, 0, -1, 1, 1 ]
[ 17, 0, 1, -18, 1, 0, -3, 0, 2 ]
[ -1, -2, 0, 0, -1, 12, 0, 0, 37 ]
[ 1, 2, 0, 0, 3, 1, 0, -1, 12 ]
[ 0, -1, 12, 1, 2, 0, 0, 0, 37 ]
[ -1, 1, 1, 0, -1, 12, 0, 0, 37 ]
[ 1, -1, -1, 1, 2, 0, 0, -1, 12 ]
[ 18, -1, 0, -1, 1, 1, -3, 0, 2 ]
[ 1, 0, -13, -18, 1, 0, 0, 0, 37 ]
[ 3, 0, -2, -18, 1, 0, -1, 0, 13 ]
[ 1, 0, -13, -1, 1, 1, 0, 0, 37 ]
[ 3, 0, -2, -1, 1, 1, -1, 0, 13 ]
[ -18, 1, 0, -1, 0, 13, 0, 0, 37 ]
[ -18, 1, 0, -3, 0, 2, -1, 0, 13 ]
[ 37, 0, 0, 2, 1, 0, 17, 0, 1 ]
[ 1, 19, 0, 0, 37, 0, 0, 10, 1 ]
[ 2, 1, 0, 1, 19, 0, -1, -9, 1 ]
[ 17, 0, 1, 2, 1, 0, -3, 0, 2 ]
[ 1, 19, 0, 0, 10, 1, 0, 3, 4 ]
[ 1, 9, -1, 1, 19, 0, 0, 3, 4 ]
[ -2, -1, 0, -1, -9, 1, 1, 2, 2 ]
[ 1, 0, -13, 2, 1, 0, 0, 0, 37 ]
[ 3, 0, -2, 2, 1, 0, -1, 0, 13 ]
[ -1, -19, 0, 0, -1, 11, 0, 0, 37 ]
[ 1, 19, 0, 0, 3, 4, 0, -1, 11 ]
[ 0, -1, 11, 1, 19, 0, 0, 0, 37 ]
[ 0, -3, -4, 1, 19, 0, 0, -1, 11 ]
[ -1, -9, 1, 0, -1, 11, 0, 0, 37 ]
[ 1, 9, -1, 0, 3, 4, 0, -1, 11 ]
[ -1, -2, -2, -1, -9, 1, 0, 3, 4 ]
[ 1, 1, 13, 1, 2, 2, 0, 0, 37 ]
[ 2, 1, 0, 1, 1, 13, 0, 0, 37 ]
[ 2, 1, 0, 1, 2, 2, 1, 1, 13 ]
[ 0, 1, -11, -1, -9, 1, 0, 0, 37 ]
[ 0, 3, 4, -1, -9, 1, 0, -1, 11 ]
[ -1, -2, -2, 0, -1, 11, 0, 0, 37 ]
[ 1, 2, 2, 0, 3, 4, 0, -1, 11 ]
[ 37, 0, 0, -15, 1, 0, 17, 0, 1 ]
[ 15, -1, 0, 7, 2, 0, 2, 1, 1 ]
[ 17, 0, 1, -15, 1, 0, -3, 0, 2 ]
[ 1, -5, 0, 0, 37, 0, 0, 11, 1 ]
[ 7, 2, 0, -1, 5, 0, 2, 1, 1 ]
[ -3, -1, 12, 7, 2, 0, 0, 0, 37 ]
[ 2, 1, 1, -3, -1, 12, 0, 0, 37 ]
[ -2, -1, -1, 7, 2, 0, -3, -1, 12 ]
[ 15, -1, 0, 2, 1, 1, -3, 0, 2 ]
[ 1, 0, -13, -15, 1, 0, 0, 0, 37 ]
[ 3, 0, -2, -15, 1, 0, -1, 0, 13 ]
[ 1, -5, 0, 0, 11, 1, 0, -4, 3 ]
[ 2, 1, 1, -1, 5, 0, -1, 1, 3 ]
[ 3, 1, -12, 2, 1, 1, 0, 0, 37 ]
[ -7, -2, 0, -3, -1, 12, 0, 0, 37 ]
[ 7, 2, 0, 2, 1, 1, -3, -1, 12 ]
[ 1, 0, -13, 2, 1, 1, 0, 0, 37 ]
[ 3, 0, -2, 2, 1, 1, -1, 0, 13 ]
[ -15, 1, 0, -1, 0, 13, 0, 0, 37 ]
[ -15, 1, 0, -3, 0, 2, -1, 0, 13 ]
[ -1, 5, 0, 0, -1, 10, 0, 0, 37 ]
[ -1, 5, 0, 0, -4, 3, 0, -1, 10 ]
[ 0, 1, -10, -1, 5, 0, 0, 0, 37 ]
[ -1, 1, 3, 0, -1, 10, 0, 0, 37 ]
[ 1, -1, -3, -1, 5, 0, 0, -1, 10 ]
[ 1, 0, -13, -1, 1, 3, 0, 0, 37 ]
[ 2, 1, 1, -1, 0, 13, 0, 0, 37 ]
[ 2, 1, 1, -1, 1, 3, -1, 0, 13 ]
[ 37, 0, 0, 5, 1, 0, 17, 0, 1 ]
[ 5, 1, 0, -2, 7, 0, 2, -3, 1 ]
[ 17, 0, 1, 5, 1, 0, -3, 0, 2 ]
[ 1, -22, 0, 0, 37, 0, 0, 4, 1 ]
[ 2, -7, 0, -1, 22, 0, 0, 4, 1 ]
[ -2, 3, -1, 1, -2, 5, 0, 0, 37 ]
[ 2, -3, 1, -2, 7, 0, 1, -2, 5 ]
[ -5, -1, 0, 2, -3, 1, 2, 1, 2 ]
[ 1, 0, -13, 5, 1, 0, 0, 0, 37 ]
[ 3, 0, -2, 5, 1, 0, -1, 0, 13 ]
[ -1, 22, 0, 0, -1, 9, 0, 0, 37 ]
[ 1, -22, 0, 0, 4, 1, 0, -1, 9 ]
[ 0, 1, -9, -1, 22, 0, 0, 0, 37 ]
[ 0, 4, 1, -1, 22, 0, 0, -1, 9 ]
[ 2, -7, 0, 0, 4, 1, -1, 5, 5 ]
[ 1, -3, 14, -2, 7, 0, 0, 0, 37 ]
[ -1, 2, -5, 1, -3, 14, 0, 0, 37 ]
[ 1, -2, 5, -2, 7, 0, 1, -3, 14 ]
[ -1, 1, 4, 2, -3, 1, 0, 0, 37 ]
[ -2, -1, -2, 2, -3, 1, -1, 1, 4 ]
[ 1, 0, -13, 2, 1, 2, 0, 0, 37 ]
[ 5, 1, 0, -1, 0, 13, 0, 0, 37 ]
[ 5, 1, 0, 2, 1, 2, -1, 0, 13 ]
[ -1, 5, 5, 0, -1, 9, 0, 0, 37 ]
[ 1, -5, -5, 0, 4, 1, 0, -1, 9 ]
[ 1, -4, -14, -1, 5, 5, 0, 0, 37 ]
[ 2, -7, 0, -1, 4, 14, 0, 0, 37 ]
[ 2, -7, 0, -1, 5, 5, -1, 4, 14 ]
[ 1, 0, -13, -1, 1, 4, 0, 0, 37 ]
[ 2, 1, 2, -1, 0, 13, 0, 0, 37 ]
[ 2, 1, 2, -1, 1, 4, -1, 0, 13 ]
[ 37, 0, 0, -12, 1, 0, 17, 0, 1 ]
[ 1, 3, 0, 0, 37, 0, 0, -14, 1 ]
[ 12, -1, 0, 1, 3, 0, 5, 1, 1 ]
[ 17, 0, 1, -12, 1, 0, -3, 0, 2 ]
[ -1, -3, 0, 0, -14, 1, 0, -5, 3 ]
[ 5, 1, 1, 1, 3, 0, 2, 1, 3 ]
[ 12, -1, 0, 5, 1, 1, -3, 0, 2 ]
[ 1, 0, -13, -12, 1, 0, 0, 0, 37 ]
[ 3, 0, -2, -12, 1, 0, -1, 0, 13 ]
[ -1, -3, 0, 0, -1, 8, 0, 0, 37 ]
[ -1, -3, 0, 0, -5, 3, 0, -1, 8 ]
[ 0, -1, 8, 1, 3, 0, 0, 0, 37 ]
[ 2, 1, 3, 1, 3, 0, 0, -1, 8 ]
[ 1, 0, -13, 2, 1, 3, 0, 0, 37 ]
[ 5, 1, 1, -1, 0, 13, 0, 0, 37 ]
[ 5, 1, 1, 2, 1, 3, -1, 0, 13 ]
[ 1, 0, -13, 5, 1, 1, 0, 0, 37 ]
[ 3, 0, -2, 5, 1, 1, -1, 0, 13 ]
[ -12, 1, 0, -1, 0, 13, 0, 0, 37 ]
[ -12, 1, 0, -3, 0, 2, -1, 0, 13 ]
[ -1, 0, -24, 0, -1, 8, 0, 0, 37 ]
[ -2, -1, -3, 1, 0, 24, 0, 0, 37 ]
[ -2, -1, -3, 0, -1, 8, 1, 0, 24 ]
[ 37, 0, 0, 8, 1, 0, 17, 0, 1 ]
[ 8, 1, 0, 3, 5, 0, 1, -2, 1 ]
[ 17, 0, 1, 8, 1, 0, -3, 0, 2 ]
[ 1, 14, 0, 0, 37, 0, 0, -16, 1 ]
[ 3, 5, 0, 1, 14, 0, 1, -2, 1 ]
[ 1, -2, 1, 3, 5, 0, 1, 3, 3 ]
[ -8, -1, 0, 1, -2, 1, -3, 0, 2 ]
[ 1, 0, -13, 8, 1, 0, 0, 0, 37 ]
[ 3, 0, -2, 8, 1, 0, -1, 0, 13 ]
[ -1, -14, 0, 0, -16, 1, 0, 5, 2 ]
[ 1, -2, 1, 1, 14, 0, 0, 5, 2 ]
[ -3, -5, 0, 1, -2, 1, 1, 3, 3 ]
[ -1, -2, -10, 3, 5, 0, 0, 0, 37 ]
[ -1, -3, -3, 1, 2, 10, 0, 0, 37 ]
[ -1, -3, -3, 3, 5, 0, 1, 2, 10 ]
[ 0, -1, 7, 1, 3, 3, 0, 0, 37 ]
[ -1, 2, -1, 0, -1, 7, 0, 0, 37 ]
[ 1, -2, 1, 1, 3, 3, 0, -1, 7 ]
[ 0, -1, 7, 1, -2, 1, 0, 0, 37 ]
[ -3, 0, 2, 1, -2, 1, 0, -1, 7 ]
[ 8, 1, 0, -1, 0, 13, 0, 0, 37 ]
[ 8, 1, 0, -3, 0, 2, -1, 0, 13 ]
[ -1, -14, 0, 0, -1, 7, 0, 0, 37 ]
[ 1, 14, 0, 0, 5, 2, 0, -1, 7 ]
[ 0, -1, 7, 1, 14, 0, 0, 0, 37 ]
[ 0, -5, -2, 1, 14, 0, 0, -1, 7 ]
[ 1, -2, 1, 0, 5, 2, 0, -1, 7 ]
[ -1, -3, -3, 0, -1, 7, 0, 0, 37 ]
[ -1, -3, -3, 1, -2, 1, 0, -1, 7 ]
[ 1, 2, 10, 1, 3, 3, 0, 0, 37 ]
[ 3, 5, 0, 1, 2, 10, 0, 0, 37 ]
[ 3, 5, 0, 1, 3, 3, 1, 2, 10 ]
[ -1, 2, -1, 0, -1, 7, 0, 0, 37 ]
[ 0, -1, 7, 1, -2, 1, 0, 0, 37 ]
[ -1, 0, 13, 0, -1, 7, 0, 0, 37 ]
[ -3, 0, 2, 0, -1, 7, -1, 0, 13 ]
[ 37, 0, 0, -9, 1, 0, 17, 0, 1 ]
[ 1, 4, 0, 0, 37, 0, 0, 6, 1 ]
[ 9, -1, 0, 1, 4, 0, -1, 2, 1 ]
[ 17, 0, 1, -9, 1, 0, -3, 0, 2 ]
[ -1, -4, 0, 0, -1, 6, 0, 0, 37 ]
[ 1, 4, 0, 0, 6, 1, 0, -1, 6 ]
[ 0, -1, 6, 1, 4, 0, 0, 0, 37 ]
[ -1, 2, 1, 0, -1, 6, 0, 0, 37 ]
[ 1, -2, -1, 1, 4, 0, 0, -1, 6 ]
[ 9, -1, 0, -1, 2, 1, -3, 0, 2 ]
[ 1, 0, -13, -9, 1, 0, 0, 0, 37 ]
[ 3, 0, -2, -9, 1, 0, -1, 0, 13 ]
[ 1, -1, -7, -1, 2, 1, 0, 0, 37 ]
[ 3, 0, -2, -1, 2, 1, -1, 1, 7 ]
[ -9, 1, 0, -1, 0, 13, 0, 0, 37 ]
[ -9, 1, 0, -3, 0, 2, -1, 0, 13 ]
[ 1, 0, -13, -1, 1, 7, 0, 0, 37 ]
[ 3, 0, -2, -1, 1, 7, -1, 0, 13 ]
[ 37, 0, 0, 11, 1, 0, 17, 0, 1 ]
[ 11, 1, 0, -4, 3, 0, 6, -1, 1 ]
[ 17, 0, 1, 11, 1, 0, -3, 0, 2 ]
[ 1, -10, 0, 0, 37, 0, 0, -15, 1 ]
[ 4, -3, 0, -1, 10, 0, -2, 5, 1 ]
[ 6, -1, 1, -4, 3, 0, 3, -1, 3 ]
[ -11, -1, 0, 6, -1, 1, -3, 0, 2 ]
[ 1, 0, -13, 11, 1, 0, 0, 0, 37 ]
[ 3, 0, -2, 11, 1, 0, -1, 0, 13 ]
[ -1, 10, 0, 0, -15, 1, 0, 7, 2 ]
[ -2, 5, 1, 1, -3, 2, 0, 0, 37 ]
[ 2, -5, -1, -1, 10, 0, 1, -3, 2 ]
[ 1, -2, -3, -2, 5, 1, 0, 0, 37 ]
[ 4, -3, 0, -2, 5, 1, -1, 2, 3 ]
[ -1, 1, 8, -4, 3, 0, 0, 0, 37 ]
[ 3, -1, 3, -4, 3, 0, -1, 1, 8 ]
[ -1, 0, 13, 3, -1, 3, 0, 0, 37 ]
[ -6, 1, -1, -1, 0, 13, 0, 0, 37 ]
[ -6, 1, -1, 3, -1, 3, -1, 0, 13 ]
[ -1, 0, 13, 6, -1, 1, 0, 0, 37 ]
[ -3, 0, 2, 6, -1, 1, -1, 0, 13 ]
[ 11, 1, 0, -1, 0, 13, 0, 0, 37 ]
[ 11, 1, 0, -3, 0, 2, -1, 0, 13 ]
[ -1, 10, 0, 0, -1, 5, 0, 0, 37 ]
[ 1, -10, 0, 0, 7, 2, 0, -1, 5 ]
[ 0, 1, -5, -1, 10, 0, 0, 0, 37 ]
[ -1, 3, -2, 0, -1, 5, 0, 0, 37 ]
[ 1, -3, 2, -1, 10, 0, 0, -1, 5 ]
[ 1, -1, -8, -1, 2, 3, 0, 0, 37 ]
[ 4, -3, 0, -1, 1, 8, 0, 0, 37 ]
[ 4, -3, 0, -1, 2, 3, -1, 1, 8 ]
[ 1, 0, 24, -1, 1, 8, 0, 0, 37 ]
[ 3, -1, 3, 1, 0, 24, 0, 0, 37 ]
[ 3, -1, 3, -1, 1, 8, 1, 0, 24 ]
[ 37, 0, 0, -6, 1, 0, 17, 0, 1 ]
[ 1, 6, 0, 0, 37, 0, 0, 9, 1 ]
[ 6, -1, 0, 1, 6, 0, -1, 3, 1 ]
[ 17, 0, 1, -6, 1, 0, -3, 0, 2 ]
[ -1, -6, 0, 0, -1, 4, 0, 0, 37 ]
[ 1, 6, 0, 0, 9, 1, 0, -1, 4 ]
[ 0, -1, 4, 1, 6, 0, 0, 0, 37 ]
[ -1, 3, 1, 0, -1, 4, 0, 0, 37 ]
[ 1, -3, -1, 1, 6, 0, 0, -1, 4 ]
[ 6, -1, 0, -1, 3, 1, 3, -1, 2 ]
[ 1, 0, -13, -6, 1, 0, 0, 0, 37 ]
[ 3, 0, -2, -6, 1, 0, -1, 0, 13 ]
[ 0, 1, -4, -1, 3, 1, 0, 0, 37 ]
[ 3, -1, 2, -1, 3, 1, 0, -1, 4 ]
[ -1, 0, 13, 3, -1, 2, 0, 0, 37 ]
[ -6, 1, 0, -1, 0, 13, 0, 0, 37 ]
[ -6, 1, 0, 3, -1, 2, -1, 0, 13 ]
[ -1, 0, 13, 0, -1, 4, 0, 0, 37 ]
[ -3, 1, -2, -1, 0, 13, 0, 0, 37 ]
[ -3, 1, -2, 0, -1, 4, -1, 0, 13 ]
[ 37, 0, 0, 14, 1, 0, 17, 0, 1 ]
[ 14, 1, 0, 5, 3, 0, 3, -1, 1 ]
[ 17, 0, 1, 14, 1, 0, -3, 0, 2 ]
[ 1, 8, 0, 0, 37, 0, 0, 12, 1 ]
[ 5, 3, 0, 1, 8, 0, -2, -4, 1 ]
[ 3, -1, 1, 5, 3, 0, 0, -1, 3 ]
[ -14, -1, 0, 3, -1, 1, -3, 0, 2 ]
[ 1, 0, -13, 14, 1, 0, 0, 0, 37 ]
[ 3, 0, -2, 14, 1, 0, -1, 0, 13 ]
[ -1, -8, 0, 0, -1, 3, 0, 0, 37 ]
[ 1, 8, 0, 0, 12, 1, 0, -1, 3 ]
[ 0, -1, 3, 1, 8, 0, 0, 0, 37 ]
[ 2, 4, -1, 1, 8, 0, 0, -1, 3 ]
[ -5, -3, 0, -2, -4, 1, 0, -1, 3 ]
[ 2, 1, 8, 5, 3, 0, 0, 0, 37 ]
[ 0, -1, 3, 5, 3, 0, 2, 1, 8 ]
[ -1, 0, 13, 0, -1, 3, 0, 0, 37 ]
[ -3, 1, -1, -1, 0, 13, 0, 0, 37 ]
[ -3, 1, -1, 0, -1, 3, -1, 0, 13 ]
[ -1, 0, 13, 3, -1, 1, 0, 0, 37 ]
[ -3, 0, 2, 3, -1, 1, -1, 0, 13 ]
[ 14, 1, 0, -1, 0, 13, 0, 0, 37 ]
[ 14, 1, 0, -3, 0, 2, -1, 0, 13 ]
[ -1, -2, 19, 0, -1, 3, 0, 0, 37 ]
[ -2, -4, 1, 0, -1, 3, -1, -2, 19 ]
[ 0, 1, -3, -1, -2, 19, 0, 0, 37 ]
[ 0, 1, -3, -2, -4, 1, -1, -2, 19 ]
[ -5, -3, 0, 2, 1, 8, 0, 0, 37 ]
[ -5, -3, 0, 0, -1, 3, 2, 1, 8 ]
[ 1, 0, 24, 2, 1, 8, 0, 0, 37 ]
[ 0, -1, 3, 1, 0, 24, 0, 0, 37 ]
[ 0, -1, 3, 2, 1, 8, 1, 0, 24 ]
[ -1, 0, -24, 0, -1, 3, 0, 0, 37 ]
[ -2, -1, -8, 1, 0, 24, 0, 0, 37 ]
[ -2, -1, -8, 0, -1, 3, 1, 0, 24 ]
[ 37, 0, 0, -3, 1, 0, 17, 0, 1 ]
[ 1, 12, 0, 0, 37, 0, 0, 18, 1 ]
[ 3, -1, 0, 1, 12, 0, -1, 6, 1 ]
[ 17, 0, 1, -3, 1, 0, -3, 0, 2 ]
[ -1, -12, 0, 0, -1, 2, 0, 0, 37 ]
[ 1, 12, 0, 0, 18, 1, 0, -1, 2 ]
[ 0, -1, 2, 1, 12, 0, 0, 0, 37 ]
[ -1, 6, 1, 0, -1, 2, 0, 0, 37 ]
[ 1, -6, -1, 1, 12, 0, 0, -1, 2 ]
[ 0, 1, -2, -1, 6, 1, 0, 0, 37 ]
[ 3, -1, 0, -1, 6, 1, 0, -1, 2 ]
[ 1, 0, -13, -3, 1, 0, 0, 0, 37 ]
[ 3, 0, -2, -3, 1, 0, -1, 0, 13 ]
[ -1, 0, 13, 0, -1, 2, 0, 0, 37 ]
[ -3, 1, 0, -1, 0, 13, 0, 0, 37 ]
[ -3, 1, 0, 0, -1, 2, -1, 0, 13 ]
[ 37, 0, 0, 17, 1, 0, 17, 0, 1 ]
[ 17, 1, 0, -3, 2, 0, 0, -1, 1 ]
[ 17, 0, 1, 17, 1, 0, -3, 0, 2 ]
[ -1, 13, 0, 0, -1, 1, 0, 0, 37 ]
[ 1, -13, 0, 0, 37, 0, 0, -1, 1 ]
[ 0, 1, -1, -1, 13, 0, 0, 0, 37 ]
[ 3, -2, 0, -1, 13, 0, 0, -1, 1 ]
[ -1, 1, 12, -3, 2, 0, 0, 0, 37 ]
[ 0, 1, -1, -1, 1, 12, 0, 0, 37 ]
[ 0, 1, -1, -3, 2, 0, -1, 1, 12 ]
[ -17, -1, 0, 0, -1, 1, -3, 0, 2 ]
[ 1, 0, -13, 17, 1, 0, 0, 0, 37 ]
[ 3, 0, -2, 17, 1, 0, -1, 0, 13 ]
[ -1, 1, 12, 0, -1, 1, 0, 0, 37 ]
[ 3, -2, 0, -1, 1, 12, 0, 0, 37 ]
[ -3, 2, 0, 0, -1, 1, -1, 1, 12 ]
[ -1, 0, 13, 0, -1, 1, 0, 0, 37 ]
[ -3, 0, 2, 0, -1, 1, -1, 0, 13 ]
[ 17, 1, 0, -1, 0, 13, 0, 0, 37 ]
[ 17, 1, 0, -3, 0, 2, -1, 0, 13 ]
[ 37, 0, 0, 0, 1, 0, 3, 0, 1 ]
[ 1, 0, -12, 0, 1, 0, 0, 0, 37 ]
[ 3, 0, 1, 0, 1, 0, -1, 0, 12 ]
[ 37, 0, 0, -3, 1, 0, 3, 0, 1 ]
[ 1, 12, 0, 0, 1, 1, 0, 0, 37 ]
[ 1, 12, 0, 0, 37, 0, 0, 1, 1 ]
[ 0, -1, -1, 1, 12, 0, 0, 0, 37 ]
[ 3, -1, 0, 1, 12, 0, 0, 1, 1 ]
[ 1, 0, -12, -3, 1, 0, 0, 0, 37 ]
[ 3, 0, 1, -3, 1, 0, -1, 0, 12 ]
[ 1, 0, -12, 0, 1, 1, 0, 0, 37 ]
[ -3, 1, 0, -1, 0, 12, 0, 0, 37 ]
[ 3, -1, 0, 0, 1, 1, -1, 0, 12 ]
[ 37, 0, 0, -6, 1, 0, 3, 0, 1 ]
[ 1, 6, 0, 0, 37, 0, 0, -18, 1 ]
[ 6, -1, 0, 1, 6, 0, 3, 0, 1 ]
[ 1, 0, -12, -6, 1, 0, 0, 0, 37 ]
[ 3, 0, 1, -6, 1, 0, -1, 0, 12 ]
[ 1, 6, 0, 0, 1, 2, 0, 0, 37 ]
[ -1, -6, 0, 0, -18, 1, 0, 1, 2 ]
[ 0, -1, -2, 1, 6, 0, 0, 0, 37 ]
[ 3, 0, 1, 1, 6, 0, 0, 1, 2 ]
[ -6, 1, 0, -1, 0, 12, 0, 0, 37 ]
[ 6, -1, 0, 3, 0, 1, -1, 0, 12 ]
[ 1, 0, -12, 0, 1, 2, 0, 0, 37 ]
[ 3, 0, 1, 0, 1, 2, -1, 0, 12 ]
[ 37, 0, 0, -9, 1, 0, 3, 0, 1 ]
[ 1, 4, 0, 0, 37, 0, 0, -12, 1 ]
[ 9, -1, 0, 1, 4, 0, 3, 0, 1 ]
[ 1, 0, -12, -9, 1, 0, 0, 0, 37 ]
[ 3, 0, 1, -9, 1, 0, -1, 0, 12 ]
[ 1, 4, 0, 0, 1, 3, 0, 0, 37 ]
[ -1, -4, 0, 0, -12, 1, 0, 1, 3 ]
[ 0, -1, -3, 1, 4, 0, 0, 0, 37 ]
[ 3, 0, 1, 1, 4, 0, 0, 1, 3 ]
[ -9, 1, 0, -1, 0, 12, 0, 0, 37 ]
[ 9, -1, 0, 3, 0, 1, -1, 0, 12 ]
[ 1, 0, -12, 0, 1, 3, 0, 0, 37 ]
[ 3, 0, 1, 0, 1, 3, -1, 0, 12 ]
[ 37, 0, 0, -12, 1, 0, 3, 0, 1 ]
[ 1, 3, 0, 0, 37, 0, 0, -9, 1 ]
[ 12, -1, 0, 1, 3, 0, 3, 0, 1 ]
[ 1, 0, -12, -12, 1, 0, 0, 0, 37 ]
[ 3, 0, 1, -12, 1, 0, -1, 0, 12 ]
[ 1, 3, 0, 0, 1, 4, 0, 0, 37 ]
[ -1, -3, 0, 0, -9, 1, 0, 1, 4 ]
[ 0, -1, -4, 1, 3, 0, 0, 0, 37 ]
[ 3, 0, 1, 1, 3, 0, 0, 1, 4 ]
[ -12, 1, 0, -1, 0, 12, 0, 0, 37 ]
[ 12, -1, 0, 3, 0, 1, -1, 0, 12 ]
[ 1, 0, -12, 0, 1, 4, 0, 0, 37 ]
[ 3, 0, 1, 0, 1, 4, -1, 0, 12 ]
[ 37, 0, 0, -15, 1, 0, 3, 0, 1 ]
[ 15, -1, 0, 7, 2, 0, 3, 0, 1 ]
[ 1, 0, -12, -15, 1, 0, 0, 0, 37 ]
[ 3, 0, 1, -15, 1, 0, -1, 0, 12 ]
[ 1, -5, 0, 0, 37, 0, 0, 15, 1 ]
[ 7, 2, 0, -1, 5, 0, 3, 0, 1 ]
[ -3, -1, -6, 7, 2, 0, 0, 0, 37 ]
[ 3, 0, 1, 7, 2, 0, 3, 1, 6 ]
[ -15, 1, 0, -1, 0, 12, 0, 0, 37 ]
[ 15, -1, 0, 3, 0, 1, -1, 0, 12 ]
[ 1, -5, 0, 0, 15, 1, 0, -7, 2 ]
[ 3, 0, 1, -1, 5, 0, -1, -2, 2 ]
[ 7, 2, 0, 3, 1, 6, 0, 0, 37 ]
[ -7, -2, 0, 3, 0, 1, 3, 1, 6 ]
[ 1, 0, -12, 3, 1, 6, 0, 0, 37 ]
[ 3, 0, 1, 3, 1, 6, -1, 0, 12 ]
[ 1, -5, 0, 0, 1, 5, 0, 0, 37 ]
[ -1, 5, 0, 0, -7, 2, 0, 1, 5 ]
[ 0, 1, 5, -1, 5, 0, 0, 0, 37 ]
[ 1, 2, -2, 0, 1, 5, 0, 0, 37 ]
[ 1, 2, -2, -1, 5, 0, 0, 1, 5 ]
[ -1, -1, 7, -1, -2, 2, 0, 0, 37 ]
[ -3, 0, -1, -1, -2, 2, -1, -1, 7 ]
[ 3, 1, 6, -1, 0, 12, 0, 0, 37 ]
[ -3, -1, -6, 3, 0, 1, -1, 0, 12 ]
[ -1, 0, 12, -1, -1, 7, 0, 0, 37 ]
[ -3, 0, -1, -1, -1, 7, -1, 0, 12 ]
[ 37, 0, 0, -18, 1, 0, 3, 0, 1 ]
[ 1, 2, 0, 0, 37, 0, 0, -6, 1 ]
[ 18, -1, 0, 1, 2, 0, 3, 0, 1 ]
[ 1, 0, -12, -18, 1, 0, 0, 0, 37 ]
[ 3, 0, 1, -18, 1, 0, -1, 0, 12 ]
[ 1, 2, 0, 0, 1, 6, 0, 0, 37 ]
[ -1, -2, 0, 0, -6, 1, 0, 1, 6 ]
[ 0, -1, -6, 1, 2, 0, 0, 0, 37 ]
[ 3, 0, 1, 1, 2, 0, 0, 1, 6 ]
[ -18, 1, 0, -1, 0, 12, 0, 0, 37 ]
[ 18, -1, 0, 3, 0, 1, -1, 0, 12 ]
[ 1, 0, -12, 0, 1, 6, 0, 0, 37 ]
[ 3, 0, 1, 0, 1, 6, -1, 0, 12 ]
[ 37, 0, 0, 16, 1, 0, 3, 0, 1 ]
[ 16, 1, 0, -5, 2, 0, 3, 0, 1 ]
[ 1, 0, -12, 16, 1, 0, 0, 0, 37 ]
[ 3, 0, 1, 16, 1, 0, -1, 0, 12 ]
[ 1, 7, 0, 0, 37, 0, 0, 16, 1 ]
[ 5, -2, 0, 1, 7, 0, -2, 2, 1 ]
[ 3, -1, -6, -5, 2, 0, 0, 0, 37 ]
[ 3, 0, 1, -5, 2, 0, -3, 1, 6 ]
[ 16, 1, 0, -1, 0, 12, 0, 0, 37 ]
[ -16, -1, 0, 3, 0, 1, -1, 0, 12 ]
[ 1, 7, 0, 0, 16, 1, 0, -5, 2 ]
[ 2, -2, -1, 1, 7, 0, 1, 2, 2 ]
[ -5, 2, 0, 2, -1, 6, 0, 0, 37 ]
[ 5, -2, 0, -2, 2, 1, 2, -1, 6 ]
[ 1, 0, -12, -3, 1, 6, 0, 0, 37 ]
[ 3, 0, 1, -3, 1, 6, -1, 0, 12 ]
[ 1, 7, 0, 0, 1, 7, 0, 0, 37 ]
[ -1, -7, 0, 0, -5, 2, 0, 1, 7 ]
[ 0, -1, -7, 1, 7, 0, 0, 0, 37 ]
[ 1, 2, 2, 0, 1, 7, 0, 0, 37 ]
[ 1, 2, 2, 1, 7, 0, 0, 1, 7 ]
[ 0, -1, -7, 1, 2, 2, 0, 0, 37 ]
[ 2, -2, -1, 1, 2, 2, 0, 1, 7 ]
[ 2, -1, 6, -1, 1, 19, 0, 0, 37 ]
[ 2, -1, 6, -2, 2, 1, -1, 1, 19 ]
[ 1, -1, -19, 0, 1, 7, 0, 0, 37 ]
[ 2, -2, -1, 0, 1, 7, -1, 1, 19 ]
[ 37, 0, 0, 13, 1, 0, 3, 0, 1 ]
[ 13, 1, 0, 2, 3, 0, 3, 0, 1 ]
[ 1, 0, -12, 13, 1, 0, 0, 0, 37 ]
[ 3, 0, 1, 13, 1, 0, -1, 0, 12 ]
[ 1, 20, 0, 0, 37, 0, 0, 14, 1 ]
[ 2, 3, 0, 1, 20, 0, -1, -6, 1 ]
[ 1, 1, -4, 2, 3, 0, 0, 0, 37 ]
[ 3, 0, 1, 2, 3, 0, -1, -1, 4 ]
[ 13, 1, 0, -1, 0, 12, 0, 0, 37 ]
[ -13, -1, 0, 3, 0, 1, -1, 0, 12 ]
[ 1, 20, 0, 0, 14, 1, 0, 5, 3 ]
[ 1, 6, -1, 1, 20, 0, 0, 5, 3 ]
[ 2, 3, 0, 1, 2, 4, 0, 0, 37 ]
[ -2, -3, 0, -1, -6, 1, 1, 2, 4 ]
[ -1, 0, 12, -1, -1, 4, 0, 0, 37 ]
[ -3, 0, -1, -1, -1, 4, -1, 0, 12 ]
[ 1, 20, 0, 0, 1, 8, 0, 0, 37 ]
[ 1, 20, 0, 0, 5, 3, 0, 1, 8 ]
[ 0, -1, -8, 1, 20, 0, 0, 0, 37 ]
[ 0, -5, -3, 1, 20, 0, 0, 1, 8 ]
[ 1, 6, -1, 0, 1, 8, 0, 0, 37 ]
[ 1, 6, -1, 0, 5, 3, 0, 1, 8 ]
[ 0, 1, 8, -1, -6, 1, 0, 0, 37 ]
[ 1, 2, 4, 0, 1, 8, 0, 0, 37 ]
[ -1, -2, -4, -1, -6, 1, 0, 1, 8 ]
[ 37, 0, 0, 10, 1, 0, 3, 0, 1 ]
[ 10, 1, 0, 3, 4, 0, 3, 0, 1 ]
[ 1, 0, -12, 10, 1, 0, 0, 0, 37 ]
[ 3, 0, 1, 10, 1, 0, -1, 0, 12 ]
[ 1, -11, 0, 0, 37, 0, 0, -4, 1 ]
[ 3, 4, 0, -1, 11, 0, 0, -4, 1 ]
[ 1, 1, -3, 3, 4, 0, 0, 0, 37 ]
[ 3, 0, 1, 3, 4, 0, -1, -1, 3 ]
[ 10, 1, 0, -1, 0, 12, 0, 0, 37 ]
[ -10, -1, 0, 3, 0, 1, -1, 0, 12 ]
[ 1, -11, 0, 0, 1, 9, 0, 0, 37 ]
[ -1, 11, 0, 0, -4, 1, 0, 1, 9 ]
[ 0, 1, 9, -1, 11, 0, 0, 0, 37 ]
[ 0, 4, -1, -1, 11, 0, 0, 1, 9 ]
[ 3, 4, 0, -1, -1, 3, 0, 0, 37 ]
[ -3, -4, 0, 0, -4, 1, -1, -1, 3 ]
[ -1, 0, 12, -1, -1, 3, 0, 0, 37 ]
[ -3, 0, -1, -1, -1, 3, -1, 0, 12 ]
[ 1, 1, -3, 0, 1, 9, 0, 0, 37 ]
[ -1, -1, 3, 0, -4, 1, 0, 1, 9 ]
[ 37, 0, 0, 7, 1, 0, 3, 0, 1 ]
[ 7, 1, 0, -2, 5, 0, 3, 0, 1 ]
[ 1, 0, -12, 7, 1, 0, 0, 0, 37 ]
[ 3, 0, 1, 7, 1, 0, -1, 0, 12 ]
[ 1, -21, 0, 0, 37, 0, 0, -11, 1 ]
[ 2, -5, 0, -1, 21, 0, -1, 10, 1 ]
[ 3, 0, 1, -2, 5, 0, -1, -1, 2 ]
[ 7, 1, 0, -1, 0, 12, 0, 0, 37 ]
[ -7, -1, 0, 3, 0, 1, -1, 0, 12 ]
[ -1, 21, 0, 0, -11, 1, 0, 4, 3 ]
[ 1, -10, -1, -1, 21, 0, 0, 4, 3 ]
[ 2, -5, 0, -1, 10, 1, 1, -6, 2 ]
[ 1, -2, 5, -2, 5, 0, 0, 0, 37 ]
[ 1, 1, -2, -2, 5, 0, 1, -2, 5 ]
[ -1, 0, 12, -1, -1, 2, 0, 0, 37 ]
[ -3, 0, -1, -1, -1, 2, -1, 0, 12 ]
[ 1, -21, 0, 0, 1, 10, 0, 0, 37 ]
[ 1, -21, 0, 0, 4, 3, 0, 1, 10 ]
[ 0, 1, 10, -1, 21, 0, 0, 0, 37 ]
[ 0, 4, 3, -1, 21, 0, 0, 1, 10 ]
[ 1, -10, -1, 0, 1, 10, 0, 0, 37 ]
[ 1, -10, -1, 0, 4, 3, 0, 1, 10 ]
[ 0, 1, 10, -1, 10, 1, 0, 0, 37 ]
[ 1, -6, 2, 0, 1, 10, 0, 0, 37 ]
[ 1, -6, 2, -1, 10, 1, 0, 1, 10 ]
[ 2, -5, 0, -1, 3, 5, 0, 0, 37 ]
[ -2, 5, 0, 1, -6, 2, -1, 3, 5 ]
[ 0, -1, -10, 1, -2, 5, 0, 0, 37 ]
[ 1, 1, -2, 0, 1, 10, 0, 0, 37 ]
[ -1, -1, 2, 1, -2, 5, 0, 1, 10 ]
[ 0, -1, -10, 1, -6, 2, 0, 0, 37 ]
[ 1, -3, -5, 0, 1, 10, 0, 0, 37 ]
[ -1, 3, 5, 1, -6, 2, 0, 1, 10 ]
[ 37, 0, 0, 4, 1, 0, 3, 0, 1 ]
[ 1, -9, 0, 0, 37, 0, 0, -10, 1 ]
[ 4, 1, 0, -1, 9, 0, -1, -1, 1 ]
[ 1, 0, -12, 4, 1, 0, 0, 0, 37 ]
[ 3, 0, 1, 4, 1, 0, -1, 0, 12 ]
[ -1, 9, 0, 0, -10, 1, 0, -3, 4 ]
[ 1, 1, -1, -1, 9, 0, 0, -3, 4 ]
[ -1, 0, 12, -1, -1, 1, 0, 0, 37 ]
[ 4, 1, 0, -1, 0, 12, 0, 0, 37 ]
[ -4, -1, 0, -1, -1, 1, -1, 0, 12 ]
[ 1, -9, 0, 0, 1, 11, 0, 0, 37 ]
[ -1, 9, 0, 0, -3, 4, 0, 1, 11 ]
[ 0, 1, 11, -1, 9, 0, 0, 0, 37 ]
[ 0, 3, -4, -1, 9, 0, 0, 1, 11 ]
[ 1, 1, -1, 0, 1, 11, 0, 0, 37 ]
[ -1, -1, 1, 0, -3, 4, 0, 1, 11 ]
[ 1, 1, 0, 0, 37, 0, 0, -3, 1 ]
[ 37, 0, 0, 1, 1, 0, 3, 0, 1 ]
[ 1, 1, 0, 0, 1, 12, 0, 0, 37 ]
[ -1, -1, 0, 0, -3, 1, 0, 1, 12 ]
[ 1, 0, -12, 1, 1, 0, 0, 0, 37 ]
[ 3, 0, 1, 1, 1, 0, -1, 0, 12 ]
[ 37, 0, 0, -2, 1, 0, 3, 0, 1 ]
[ 1, -19, 0, 0, 37, 0, 0, -17, 1 ]
[ 2, -1, 0, -1, 19, 0, -1, 2, 1 ]
[ 1, 0, -12, -2, 1, 0, 0, 0, 37 ]
[ 3, 0, 1, -2, 1, 0, -1, 0, 12 ]
[ -1, 19, 0, 0, -17, 1, 0, 3, 2 ]
[ 1, -2, -1, -1, 19, 0, 0, 3, 2 ]
[ 1, -1, 12, -1, 2, 1, 0, 0, 37 ]
[ -2, 1, 0, 1, -1, 12, 0, 0, 37 ]
[ 2, -1, 0, -1, 2, 1, 1, -1, 12 ]
[ 1, -19, 0, 0, 1, 13, 0, 0, 37 ]
[ 1, -19, 0, 0, 3, 2, 0, 1, 13 ]
[ 0, 1, 13, -1, 19, 0, 0, 0, 37 ]
[ 0, 3, 2, -1, 19, 0, 0, 1, 13 ]
[ 1, -2, -1, 0, 1, 13, 0, 0, 37 ]
[ 1, -2, -1, 0, 3, 2, 0, 1, 13 ]
[ 37, 0, 0, -5, 1, 0, 3, 0, 1 ]
[ 5, -1, 0, 2, 7, 0, -2, 1, 1 ]
[ 1, 0, -12, -5, 1, 0, 0, 0, 37 ]
[ 3, 0, 1, -5, 1, 0, -1, 0, 12 ]
[ 1, 22, 0, 0, 37, 0, 0, 8, 1 ]
[ 2, 7, 0, 1, 22, 0, 0, 8, 1 ]
[ 2, -1, -1, 2, 7, 0, 1, 1, 2 ]
[ 1, 0, -12, -2, 1, 1, 0, 0, 37 ]
[ -5, 1, 0, -1, 0, 12, 0, 0, 37 ]
[ 5, -1, 0, -2, 1, 1, -1, 0, 12 ]
[ 1, 22, 0, 0, 8, 1, 0, 3, 5 ]
[ 0, -8, -1, 1, 22, 0, 0, 3, 5 ]
[ 2, 7, 0, 0, 8, 1, 1, 1, 2 ]
[ 1, 3, -7, 2, 7, 0, 0, 0, 37 ]
[ 1, 1, 2, 2, 7, 0, -1, -3, 7 ]
[ 1, 0, -12, 1, 1, 2, 0, 0, 37 ]
[ -2, 1, 1, -1, 0, 12, 0, 0, 37 ]
[ 2, -1, -1, 1, 1, 2, -1, 0, 12 ]
[ 1, 22, 0, 0, 1, 14, 0, 0, 37 ]
[ 1, 22, 0, 0, 3, 5, 0, 1, 14 ]
[ 0, -1, -14, 1, 22, 0, 0, 0, 37 ]
[ 0, -3, -5, 1, 22, 0, 0, 1, 14 ]
[ 1, 1, 2, 0, 8, 1, 0, 3, 5 ]
[ 2, 7, 0, -1, -3, 7, 0, 0, 37 ]
[ -2, -7, 0, 1, 1, 2, -1, -3, 7 ]
[ 0, 1, -23, -1, -3, 7, 0, 0, 37 ]
[ -1, -1, -2, 0, -1, 23, 0, 0, 37 ]
[ -1, -1, -2, -1, -3, 7, 0, -1, 23 ]
[ 1, 1, 2, 0, 1, 14, 0, 0, 37 ]
[ 1, 1, 2, 0, 3, 5, 0, 1, 14 ]
[ 0, -1, 23, 1, 1, 2, 0, 0, 37 ]
[ -1, -3, 7, 0, -1, 23, 0, 0, 37 ]
[ -1, -3, 7, 1, 1, 2, 0, -1, 23 ]
[ 37, 0, 0, -8, 1, 0, 3, 0, 1 ]
[ 8, -1, 0, -3, 5, 0, 3, 0, 1 ]
[ 1, 0, -12, -8, 1, 0, 0, 0, 37 ]
[ 3, 0, 1, -8, 1, 0, -1, 0, 12 ]
[ 1, -14, 0, 0, 37, 0, 0, 5, 1 ]
[ 3, -5, 0, -1, 14, 0, 0, 5, 1 ]
[ 3, 0, 1, -3, 5, 0, -2, 1, 2 ]
[ -8, 1, 0, -1, 0, 12, 0, 0, 37 ]
[ 8, -1, 0, 3, 0, 1, -1, 0, 12 ]
[ 1, -14, 0, 0, 5, 1, 0, -2, 7 ]
[ 0, 5, 1, -1, 14, 0, 0, -2, 7 ]
[ 3, -5, 0, 0, 5, 1, 1, -4, 2 ]
[ -1, 2, 5, -3, 5, 0, 0, 0, 37 ]
[ 2, -1, -2, -3, 5, 0, -1, 2, 5 ]
[ 1, 0, -12, -2, 1, 2, 0, 0, 37 ]
[ 3, 0, 1, -2, 1, 2, -1, 0, 12 ]
[ -1, 14, 0, 0, -1, 22, 0, 0, 37 ]
[ -1, 14, 0, 0, -2, 7, 0, -1, 22 ]
[ 0, 1, -22, -1, 14, 0, 0, 0, 37 ]
[ 0, 2, -7, -1, 14, 0, 0, -1, 22 ]
[ 1, -4, 2, 0, 5, 1, 0, -2, 7 ]
[ 3, -5, 0, -1, 2, 5, 0, 0, 37 ]
[ -3, 5, 0, 1, -4, 2, -1, 2, 5 ]
[ 1, -1, 10, -1, 2, 5, 0, 0, 37 ]
[ -2, 1, 2, 1, -1, 10, 0, 0, 37 ]
[ 2, -1, -2, -1, 2, 5, 1, -1, 10 ]
[ -1, 4, -2, 0, -1, 22, 0, 0, 37 ]
[ -1, 4, -2, 0, -2, 7, 0, -1, 22 ]
[ 0, -1, 22, 1, -4, 2, 0, 0, 37 ]
[ -1, 2, 5, 0, -1, 22, 0, 0, 37 ]
[ -1, 2, 5, 1, -4, 2, 0, -1, 22 ]
[ 37, 0, 0, -11, 1, 0, 3, 0, 1 ]
[ 11, -1, 0, 4, 3, 0, 3, 0, 1 ]
[ 1, 0, -12, -11, 1, 0, 0, 0, 37 ]
[ 3, 0, 1, -11, 1, 0, -1, 0, 12 ]
[ 1, 10, 0, 0, 37, 0, 0, 7, 1 ]
[ 4, 3, 0, 1, 10, 0, -1, -3, 1 ]
[ -1, -1, -4, 4, 3, 0, 0, 0, 37 ]
[ 3, 0, 1, 4, 3, 0, 1, 1, 4 ]
[ -11, 1, 0, -1, 0, 12, 0, 0, 37 ]
[ 11, -1, 0, 3, 0, 1, -1, 0, 12 ]
[ 1, 10, 0, 0, 7, 1, 0, -2, 5 ]
[ 1, 3, -1, 1, 10, 0, 0, -2, 5 ]
[ 4, 3, 0, 1, 1, 4, 0, 0, 37 ]
[ -4, -3, 0, -1, -3, 1, 1, 1, 4 ]
[ 1, 0, -12, 1, 1, 4, 0, 0, 37 ]
[ 3, 0, 1, 1, 1, 4, -1, 0, 12 ]
[ -1, -10, 0, 0, -1, 21, 0, 0, 37 ]
[ -1, -10, 0, 0, -2, 5, 0, -1, 21 ]
[ 0, -1, 21, 1, 10, 0, 0, 0, 37 ]
[ 0, -2, 5, 1, 10, 0, 0, -1, 21 ]
[ -1, -3, 1, 0, -1, 21, 0, 0, 37 ]
[ -1, -3, 1, 0, -2, 5, 0, -1, 21 ]
[ 0, 1, -21, -1, -3, 1, 0, 0, 37 ]
[ -1, -1, -4, 0, -1, 21, 0, 0, 37 ]
[ -1, -1, -4, -1, -3, 1, 0, -1, 21 ]
[ 37, 0, 0, -14, 1, 0, 3, 0, 1 ]
[ 14, -1, 0, -5, 3, 0, 3, 0, 1 ]
[ 1, 0, -12, -14, 1, 0, 0, 0, 37 ]
[ 3, 0, 1, -14, 1, 0, -1, 0, 12 ]
[ 1, -8, 0, 0, 37, 0, 0, -13, 1 ]
[ 5, -3, 0, -1, 8, 0, -2, 3, 1 ]
[ 2, -1, -4, -5, 3, 0, 0, 0, 37 ]
[ 3, 0, 1, -5, 3, 0, -2, 1, 4 ]
[ -14, 1, 0, -1, 0, 12, 0, 0, 37 ]
[ 14, -1, 0, 3, 0, 1, -1, 0, 12 ]
[ -1, 8, 0, 0, -13, 1, 0, -2, 3 ]
[ 2, -3, -1, -1, 8, 0, 0, -2, 3 ]
[ -5, 3, 0, -2, 1, 4, 0, 0, 37 ]
[ 5, -3, 0, -2, 3, 1, -2, 1, 4 ]
[ 1, 0, -12, -2, 1, 4, 0, 0, 37 ]
[ 3, 0, 1, -2, 1, 4, -1, 0, 12 ]
[ -1, 8, 0, 0, -1, 20, 0, 0, 37 ]
[ -1, 8, 0, 0, -2, 3, 0, -1, 20 ]
[ 0, 1, -20, -1, 8, 0, 0, 0, 37 ]
[ 0, 2, -3, -1, 8, 0, 0, -1, 20 ]
[ 2, -3, -1, -1, 2, 9, 0, 0, 37 ]
[ -2, 3, 1, 0, -2, 3, -1, 2, 9 ]
[ 1, -1, 8, -2, 3, 1, 0, 0, 37 ]
[ -2, 1, 4, 1, -1, 8, 0, 0, 37 ]
[ 2, -1, -4, -2, 3, 1, 1, -1, 8 ]
[ -1, 2, 9, 0, -1, 20, 0, 0, 37 ]
[ -1, 2, 9, 0, -2, 3, 0, -1, 20 ]
[ 37, 0, 0, -17, 1, 0, 3, 0, 1 ]
[ 17, -1, 0, 3, 2, 0, 3, 0, 1 ]
[ 1, 0, -12, -17, 1, 0, 0, 0, 37 ]
[ 3, 0, 1, -17, 1, 0, -1, 0, 12 ]
[ 1, 13, 0, 0, 37, 0, 0, -2, 1 ]
[ 3, 2, 0, 1, 13, 0, 0, -2, 1 ]
[ -1, -1, -6, 3, 2, 0, 0, 0, 37 ]
[ 3, 0, 1, 3, 2, 0, 1, 1, 6 ]
[ -17, 1, 0, -1, 0, 12, 0, 0, 37 ]
[ 17, -1, 0, 3, 0, 1, -1, 0, 12 ]
[ -1, -13, 0, 0, -1, 19, 0, 0, 37 ]
[ -1, -13, 0, 0, -2, 1, 0, -1, 19 ]
[ 0, -1, 19, 1, 13, 0, 0, 0, 37 ]
[ 0, -2, 1, 1, 13, 0, 0, -1, 19 ]
[ 3, 2, 0, 1, 1, 6, 0, 0, 37 ]
[ -3, -2, 0, 0, -2, 1, 1, 1, 6 ]
[ 1, 0, -12, 1, 1, 6, 0, 0, 37 ]
[ 3, 0, 1, 1, 1, 6, -1, 0, 12 ]
[ -1, -1, -6, 0, -1, 19, 0, 0, 37 ]
[ -1, -1, -6, 0, -2, 1, 0, -1, 19 ]
[ 37, 0, 0, 17, 1, 0, 3, 0, 1 ]
[ 17, 1, 0, -3, 2, 0, 3, 0, 1 ]
[ 1, 0, -12, 17, 1, 0, 0, 0, 37 ]
[ 3, 0, 1, 17, 1, 0, -1, 0, 12 ]
[ 1, -13, 0, 0, 37, 0, 0, 2, 1 ]
[ 3, -2, 0, -1, 13, 0, 0, 2, 1 ]
[ 2, -1, -6, -3, 2, 0, 0, 0, 37 ]
[ 3, 0, 1, -3, 2, 0, -2, 1, 6 ]
[ 17, 1, 0, -1, 0, 12, 0, 0, 37 ]
[ -17, -1, 0, 3, 0, 1, -1, 0, 12 ]
[ 1, -13, 0, 0, 1, 19, 0, 0, 37 ]
[ 1, -13, 0, 0, 2, 1, 0, 1, 19 ]
[ 0, 1, 19, -1, 13, 0, 0, 0, 37 ]
[ 0, 2, 1, -1, 13, 0, 0, 1, 19 ]
[ -3, 2, 0, 1, -1, 6, 0, 0, 37 ]
[ 3, -2, 0, 0, 2, 1, 1, -1, 6 ]
[ 1, 0, -12, -2, 1, 6, 0, 0, 37 ]
[ 3, 0, 1, -2, 1, 6, -1, 0, 12 ]
[ 1, -1, 6, 0, 1, 19, 0, 0, 37 ]
[ 1, -1, 6, 0, 2, 1, 0, 1, 19 ]
[ 37, 0, 0, 14, 1, 0, 3, 0, 1 ]
[ 14, 1, 0, 5, 3, 0, 3, 0, 1 ]
[ 1, 0, -12, 14, 1, 0, 0, 0, 37 ]
[ 3, 0, 1, 14, 1, 0, -1, 0, 12 ]
[ 1, 8, 0, 0, 37, 0, 0, 13, 1 ]
[ 5, 3, 0, 1, 8, 0, -2, -3, 1 ]
[ 2, 1, -4, 5, 3, 0, 0, 0, 37 ]
[ 3, 0, 1, 5, 3, 0, -2, -1, 4 ]
[ 14, 1, 0, -1, 0, 12, 0, 0, 37 ]
[ -14, -1, 0, 3, 0, 1, -1, 0, 12 ]
[ 1, 8, 0, 0, 13, 1, 0, 2, 3 ]
[ 2, 3, -1, 1, 8, 0, 0, 2, 3 ]
[ 5, 3, 0, -2, -1, 4, 0, 0, 37 ]
[ -5, -3, 0, -2, -3, 1, -2, -1, 4 ]
[ -1, 0, 12, -2, -1, 4, 0, 0, 37 ]
[ -3, 0, -1, -2, -1, 4, -1, 0, 12 ]
[ 1, 8, 0, 0, 1, 20, 0, 0, 37 ]
[ 1, 8, 0, 0, 2, 3, 0, 1, 20 ]
[ 0, -1, -20, 1, 8, 0, 0, 0, 37 ]
[ 0, -2, -3, 1, 8, 0, 0, 1, 20 ]
[ -2, -3, 1, -1, -2, 9, 0, 0, 37 ]
[ 2, 3, -1, 0, 2, 3, -1, -2, 9 ]
[ -1, -1, -8, -2, -3, 1, 0, 0, 37 ]
[ 2, 1, -4, 1, 1, 8, 0, 0, 37 ]
[ -2, -1, 4, -2, -3, 1, 1, 1, 8 ]
[ 1, 2, -9, 0, 1, 20, 0, 0, 37 ]
[ 1, 2, -9, 0, 2, 3, 0, 1, 20 ]
[ 37, 0, 0, 11, 1, 0, 3, 0, 1 ]
[ 11, 1, 0, -4, 3, 0, 3, 0, 1 ]
[ 1, 0, -12, 11, 1, 0, 0, 0, 37 ]
[ 3, 0, 1, 11, 1, 0, -1, 0, 12 ]
[ 1, -10, 0, 0, 37, 0, 0, -7, 1 ]
[ 4, -3, 0, -1, 10, 0, -1, 3, 1 ]
[ -1, 1, -4, -4, 3, 0, 0, 0, 37 ]
[ 3, 0, 1, -4, 3, 0, 1, -1, 4 ]
[ 11, 1, 0, -1, 0, 12, 0, 0, 37 ]
[ -11, -1, 0, 3, 0, 1, -1, 0, 12 ]
[ -1, 10, 0, 0, -7, 1, 0, 2, 5 ]
[ 1, -3, -1, -1, 10, 0, 0, 2, 5 ]
[ -4, 3, 0, 1, -1, 4, 0, 0, 37 ]
[ 4, -3, 0, -1, 3, 1, 1, -1, 4 ]
[ -1, 0, 12, 1, -1, 4, 0, 0, 37 ]
[ -3, 0, -1, 1, -1, 4, -1, 0, 12 ]
[ 1, -10, 0, 0, 1, 21, 0, 0, 37 ]
[ 1, -10, 0, 0, 2, 5, 0, 1, 21 ]
[ 0, 1, 21, -1, 10, 0, 0, 0, 37 ]
[ 0, 2, 5, -1, 10, 0, 0, 1, 21 ]
[ 1, -3, -1, 0, 1, 21, 0, 0, 37 ]
[ 1, -3, -1, 0, 2, 5, 0, 1, 21 ]
[ 0, 1, 21, -1, 3, 1, 0, 0, 37 ]
[ 1, -1, 4, 0, 1, 21, 0, 0, 37 ]
[ 1, -1, 4, -1, 3, 1, 0, 1, 21 ]
[ 37, 0, 0, 8, 1, 0, 3, 0, 1 ]
[ 8, 1, 0, 3, 5, 0, 3, 0, 1 ]
[ 1, 0, -12, 8, 1, 0, 0, 0, 37 ]
[ 3, 0, 1, 8, 1, 0, -1, 0, 12 ]
[ 1, 14, 0, 0, 37, 0, 0, -5, 1 ]
[ 3, 5, 0, 1, 14, 0, 0, -5, 1 ]
[ 3, 0, 1, 3, 5, 0, -2, -1, 2 ]
[ 8, 1, 0, -1, 0, 12, 0, 0, 37 ]
[ -8, -1, 0, 3, 0, 1, -1, 0, 12 ]
[ -1, -14, 0, 0, -5, 1, 0, 2, 7 ]
[ 0, -5, 1, 1, 14, 0, 0, 2, 7 ]
[ -3, -5, 0, 0, -5, 1, 1, 4, 2 ]
[ -1, -2, 5, 3, 5, 0, 0, 0, 37 ]
[ 2, 1, -2, 3, 5, 0, -1, -2, 5 ]
[ -1, 0, 12, -2, -1, 2, 0, 0, 37 ]
[ -3, 0, -1, -2, -1, 2, -1, 0, 12 ]
[ 1, 14, 0, 0, 1, 22, 0, 0, 37 ]
[ 1, 14, 0, 0, 2, 7, 0, 1, 22 ]
[ 0, -1, -22, 1, 14, 0, 0, 0, 37 ]
[ 0, -2, -7, 1, 14, 0, 0, 1, 22 ]
[ -1, -4, -2, 0, -5, 1, 0, 2, 7 ]
[ -3, -5, 0, -1, -2, 5, 0, 0, 37 ]
[ 3, 5, 0, 1, 4, 2, -1, -2, 5 ]
[ -1, -1, -10, -1, -2, 5, 0, 0, 37 ]
[ 2, 1, -2, 1, 1, 10, 0, 0, 37 ]
[ -2, -1, 2, -1, -2, 5, 1, 1, 10 ]
[ 1, 4, 2, 0, 1, 22, 0, 0, 37 ]
[ 1, 4, 2, 0, 2, 7, 0, 1, 22 ]
[ 0, -1, -22, 1, 4, 2, 0, 0, 37 ]
[ 1, 2, -5, 0, 1, 22, 0, 0, 37 ]
[ 1, 2, -5, 1, 4, 2, 0, 1, 22 ]
[ 37, 0, 0, 5, 1, 0, 3, 0, 1 ]
[ 5, 1, 0, -2, 7, 0, -2, -1, 1 ]
[ 1, 0, -12, 5, 1, 0, 0, 0, 37 ]
[ 3, 0, 1, 5, 1, 0, -1, 0, 12 ]
[ 1, -22, 0, 0, 37, 0, 0, -8, 1 ]
[ 2, -7, 0, -1, 22, 0, 0, -8, 1 ]
[ 2, 1, -1, -2, 7, 0, 1, -1, 2 ]
[ -1, 0, 12, -2, -1, 1, 0, 0, 37 ]
[ 5, 1, 0, -1, 0, 12, 0, 0, 37 ]
[ -5, -1, 0, -2, -1, 1, -1, 0, 12 ]
[ -1, 22, 0, 0, -8, 1, 0, -3, 5 ]
[ 0, 8, -1, -1, 22, 0, 0, -3, 5 ]
[ -2, 7, 0, 0, -8, 1, -1, 6, 2 ]
[ 1, -3, -7, -2, 7, 0, 0, 0, 37 ]
[ 1, -1, 2, -2, 7, 0, -1, 3, 7 ]
[ -1, 0, 12, 1, -1, 2, 0, 0, 37 ]
[ 2, 1, -1, -1, 0, 12, 0, 0, 37 ]
[ -2, -1, 1, 1, -1, 2, -1, 0, 12 ]
[ -1, 22, 0, 0, -1, 14, 0, 0, 37 ]
[ -1, 22, 0, 0, -3, 5, 0, -1, 14 ]
[ 0, 1, -14, -1, 22, 0, 0, 0, 37 ]
[ 0, 3, -5, -1, 22, 0, 0, -1, 14 ]
[ -1, 6, 2, 0, -8, 1, 0, -3, 5 ]
[ -2, 7, 0, 1, -4, 7, 0, 0, 37 ]
[ 2, -7, 0, -1, 6, 2, 1, -4, 7 ]
[ 0, 1, 23, -1, 3, 7, 0, 0, 37 ]
[ 1, -1, 2, 0, 1, 23, 0, 0, 37 ]
[ 1, -1, 2, -1, 3, 7, 0, 1, 23 ]
[ -1, 6, 2, 0, -1, 14, 0, 0, 37 ]
[ -1, 6, 2, 0, -3, 5, 0, -1, 14 ]
[ 0, 1, 23, -1, 6, 2, 0, 0, 37 ]
[ 1, -4, 7, 0, 1, 23, 0, 0, 37 ]
[ 1, -4, 7, -1, 6, 2, 0, 1, 23 ]
[ 37, 0, 0, 2, 1, 0, 3, 0, 1 ]
[ 1, 19, 0, 0, 37, 0, 0, 17, 1 ]
[ 2, 1, 0, 1, 19, 0, -1, -2, 1 ]
[ 1, 0, -12, 2, 1, 0, 0, 0, 37 ]
[ 3, 0, 1, 2, 1, 0, -1, 0, 12 ]
[ 1, 19, 0, 0, 17, 1, 0, -3, 2 ]
[ 1, 2, -1, 1, 19, 0, 0, -3, 2 ]
[ -1, -1, -12, -1, -2, 1, 0, 0, 37 ]
[ 2, 1, 0, 1, 1, 12, 0, 0, 37 ]
[ -2, -1, 0, -1, -2, 1, 1, 1, 12 ]
[ -1, -19, 0, 0, -1, 13, 0, 0, 37 ]
[ -1, -19, 0, 0, -3, 2, 0, -1, 13 ]
[ 0, -1, 13, 1, 19, 0, 0, 0, 37 ]
[ 0, -3, 2, 1, 19, 0, 0, -1, 13 ]
[ -1, -2, 1, 0, -1, 13, 0, 0, 37 ]
[ -1, -2, 1, 0, -3, 2, 0, -1, 13 ]
[ 1, -1, 0, 0, 37, 0, 0, 3, 1 ]
[ 37, 0, 0, -1, 1, 0, 3, 0, 1 ]
[ -1, 1, 0, 0, -1, 12, 0, 0, 37 ]
[ 1, -1, 0, 0, 3, 1, 0, -1, 12 ]
[ 1, 0, -12, -1, 1, 0, 0, 0, 37 ]
[ 3, 0, 1, -1, 1, 0, -1, 0, 12 ]
[ 37, 0, 0, -4, 1, 0, 3, 0, 1 ]
[ 1, 9, 0, 0, 37, 0, 0, 10, 1 ]
[ 4, -1, 0, 1, 9, 0, -1, 1, 1 ]
[ 1, 0, -12, -4, 1, 0, 0, 0, 37 ]
[ 3, 0, 1, -4, 1, 0, -1, 0, 12 ]
[ 1, 9, 0, 0, 10, 1, 0, 3, 4 ]
[ 1, -1, -1, 1, 9, 0, 0, 3, 4 ]
[ 1, 0, -12, -1, 1, 1, 0, 0, 37 ]
[ -4, 1, 0, -1, 0, 12, 0, 0, 37 ]
[ 4, -1, 0, -1, 1, 1, -1, 0, 12 ]
[ -1, -9, 0, 0, -1, 11, 0, 0, 37 ]
[ 1, 9, 0, 0, 3, 4, 0, -1, 11 ]
[ 0, -1, 11, 1, 9, 0, 0, 0, 37 ]
[ 0, -3, -4, 1, 9, 0, 0, -1, 11 ]
[ -1, 1, 1, 0, -1, 11, 0, 0, 37 ]
[ 1, -1, -1, 0, 3, 4, 0, -1, 11 ]
[ 37, 0, 0, -7, 1, 0, 3, 0, 1 ]
[ 7, -1, 0, 2, 5, 0, 3, 0, 1 ]
[ 1, 0, -12, -7, 1, 0, 0, 0, 37 ]
[ 3, 0, 1, -7, 1, 0, -1, 0, 12 ]
[ 1, 21, 0, 0, 37, 0, 0, 11, 1 ]
[ 2, 5, 0, 1, 21, 0, -1, -10, 1 ]
[ 3, 0, 1, 2, 5, 0, -1, 1, 2 ]
[ -7, 1, 0, -1, 0, 12, 0, 0, 37 ]
[ 7, -1, 0, 3, 0, 1, -1, 0, 12 ]
[ 1, 21, 0, 0, 11, 1, 0, -4, 3 ]
[ 1, 10, -1, 1, 21, 0, 0, -4, 3 ]
[ -2, -5, 0, -1, -10, 1, 1, 6, 2 ]
[ 1, 2, 5, 2, 5, 0, 0, 0, 37 ]
[ 1, -1, -2, 2, 5, 0, 1, 2, 5 ]
[ 1, 0, -12, -1, 1, 2, 0, 0, 37 ]
[ 3, 0, 1, -1, 1, 2, -1, 0, 12 ]
[ -1, -21, 0, 0, -1, 10, 0, 0, 37 ]
[ -1, -21, 0, 0, -4, 3, 0, -1, 10 ]
[ 0, -1, 10, 1, 21, 0, 0, 0, 37 ]
[ 0, -4, 3, 1, 21, 0, 0, -1, 10 ]
[ -1, -10, 1, 0, -1, 10, 0, 0, 37 ]
[ -1, -10, 1, 0, -4, 3, 0, -1, 10 ]
[ 0, 1, -10, -1, -10, 1, 0, 0, 37 ]
[ -1, -6, -2, 0, -1, 10, 0, 0, 37 ]
[ -1, -6, -2, -1, -10, 1, 0, -1, 10 ]
[ -2, -5, 0, -1, -3, 5, 0, 0, 37 ]
[ 2, 5, 0, 1, 6, 2, -1, -3, 5 ]
[ 0, -1, 10, 1, 2, 5, 0, 0, 37 ]
[ -1, 1, 2, 0, -1, 10, 0, 0, 37 ]
[ 1, -1, -2, 1, 2, 5, 0, -1, 10 ]
[ 0, -1, 10, 1, 6, 2, 0, 0, 37 ]
[ -1, -3, 5, 0, -1, 10, 0, 0, 37 ]
[ 1, 3, -5, 1, 6, 2, 0, -1, 10 ]
[ 37, 0, 0, -10, 1, 0, 3, 0, 1 ]
[ 10, -1, 0, -3, 4, 0, 3, 0, 1 ]
[ 1, 0, -12, -10, 1, 0, 0, 0, 37 ]
[ 3, 0, 1, -10, 1, 0, -1, 0, 12 ]
[ 1, 11, 0, 0, 37, 0, 0, 4, 1 ]
[ 3, -4, 0, 1, 11, 0, 0, 4, 1 ]
[ 1, -1, -3, -3, 4, 0, 0, 0, 37 ]
[ 3, 0, 1, -3, 4, 0, -1, 1, 3 ]
[ -10, 1, 0, -1, 0, 12, 0, 0, 37 ]
[ 10, -1, 0, 3, 0, 1, -1, 0, 12 ]
[ -1, -11, 0, 0, -1, 9, 0, 0, 37 ]
[ 1, 11, 0, 0, 4, 1, 0, -1, 9 ]
[ 0, -1, 9, 1, 11, 0, 0, 0, 37 ]
[ 0, -4, -1, 1, 11, 0, 0, -1, 9 ]
[ -3, 4, 0, -1, 1, 3, 0, 0, 37 ]
[ 3, -4, 0, 0, 4, 1, -1, 1, 3 ]
[ 1, 0, -12, -1, 1, 3, 0, 0, 37 ]
[ 3, 0, 1, -1, 1, 3, -1, 0, 12 ]
[ -1, 1, 3, 0, -1, 9, 0, 0, 37 ]
[ 1, -1, -3, 0, 4, 1, 0, -1, 9 ]
[ 37, 0, 0, -13, 1, 0, 3, 0, 1 ]
[ 13, -1, 0, -2, 3, 0, 3, 0, 1 ]
[ 1, 0, -12, -13, 1, 0, 0, 0, 37 ]
[ 3, 0, 1, -13, 1, 0, -1, 0, 12 ]
[ 1, -20, 0, 0, 37, 0, 0, -14, 1 ]
[ 2, -3, 0, -1, 20, 0, -1, 6, 1 ]
[ 1, -1, -4, -2, 3, 0, 0, 0, 37 ]
[ 3, 0, 1, -2, 3, 0, -1, 1, 4 ]
[ -13, 1, 0, -1, 0, 12, 0, 0, 37 ]
[ 13, -1, 0, 3, 0, 1, -1, 0, 12 ]
[ -1, 20, 0, 0, -14, 1, 0, -5, 3 ]
[ 1, -6, -1, -1, 20, 0, 0, -5, 3 ]
[ -2, 3, 0, 1, -2, 4, 0, 0, 37 ]
[ 2, -3, 0, -1, 6, 1, 1, -2, 4 ]
[ 1, 0, -12, -1, 1, 4, 0, 0, 37 ]
[ 3, 0, 1, -1, 1, 4, -1, 0, 12 ]
[ -1, 20, 0, 0, -1, 8, 0, 0, 37 ]
[ -1, 20, 0, 0, -5, 3, 0, -1, 8 ]
[ 0, 1, -8, -1, 20, 0, 0, 0, 37 ]
[ 0, 5, -3, -1, 20, 0, 0, -1, 8 ]
[ -1, 6, 1, 0, -1, 8, 0, 0, 37 ]
[ -1, 6, 1, 0, -5, 3, 0, -1, 8 ]
[ 0, 1, -8, -1, 6, 1, 0, 0, 37 ]
[ -1, 2, -4, 0, -1, 8, 0, 0, 37 ]
[ 1, -2, 4, -1, 6, 1, 0, -1, 8 ]
[ 37, 0, 0, -16, 1, 0, 3, 0, 1 ]
[ 16, -1, 0, 5, 2, 0, 3, 0, 1 ]
[ 1, 0, -12, -16, 1, 0, 0, 0, 37 ]
[ 3, 0, 1, -16, 1, 0, -1, 0, 12 ]
[ 1, -7, 0, 0, 37, 0, 0, -16, 1 ]
[ 5, 2, 0, -1, 7, 0, -2, -2, 1 ]
[ -2, -1, -6, 5, 2, 0, 0, 0, 37 ]
[ 3, 0, 1, 5, 2, 0, 2, 1, 6 ]
[ -16, 1, 0, -1, 0, 12, 0, 0, 37 ]
[ 16, -1, 0, 3, 0, 1, -1, 0, 12 ]
[ -1, 7, 0, 0, -16, 1, 0, 5, 2 ]
[ 2, 2, -1, -1, 7, 0, 1, -2, 2 ]
[ 5, 2, 0, 2, 1, 6, 0, 0, 37 ]
[ -5, -2, 0, -2, -2, 1, 2, 1, 6 ]
[ 1, 0, -12, 2, 1, 6, 0, 0, 37 ]
[ 3, 0, 1, 2, 1, 6, -1, 0, 12 ]
[ -1, 7, 0, 0, -1, 7, 0, 0, 37 ]
[ 1, -7, 0, 0, 5, 2, 0, -1, 7 ]
[ 0, 1, -7, -1, 7, 0, 0, 0, 37 ]
[ -1, 2, -2, 0, -1, 7, 0, 0, 37 ]
[ 1, -2, 2, -1, 7, 0, 0, -1, 7 ]
[ 0, -1, 7, 1, -2, 2, 0, 0, 37 ]
[ -2, -2, 1, 1, -2, 2, 0, -1, 7 ]
[ -2, -1, -6, -1, -1, 19, 0, 0, 37 ]
[ -2, -1, -6, -2, -2, 1, -1, -1, 19 ]
[ -1, -1, 19, 0, -1, 7, 0, 0, 37 ]
[ -2, -2, 1, 0, -1, 7, -1, -1, 19 ]
[ 37, 0, 0, 18, 1, 0, 3, 0, 1 ]
[ 1, -2, 0, 0, 37, 0, 0, 6, 1 ]
[ 18, 1, 0, -1, 2, 0, 3, 0, 1 ]
[ 1, 0, -12, 18, 1, 0, 0, 0, 37 ]
[ 3, 0, 1, 18, 1, 0, -1, 0, 12 ]
[ -1, 2, 0, 0, -1, 6, 0, 0, 37 ]
[ 1, -2, 0, 0, 6, 1, 0, -1, 6 ]
[ 1, -1, -6, -1, 2, 0, 0, 0, 37 ]
[ 3, 0, 1, -1, 2, 0, -1, 1, 6 ]
[ 18, 1, 0, -1, 0, 12, 0, 0, 37 ]
[ -18, -1, 0, 3, 0, 1, -1, 0, 12 ]
[ 1, 0, -12, -1, 1, 6, 0, 0, 37 ]
[ 3, 0, 1, -1, 1, 6, -1, 0, 12 ]
[ 37, 0, 0, 15, 1, 0, 3, 0, 1 ]
[ 15, 1, 0, -7, 2, 0, 3, 0, 1 ]
[ 1, 0, -12, 15, 1, 0, 0, 0, 37 ]
[ 3, 0, 1, 15, 1, 0, -1, 0, 12 ]
[ 1, 5, 0, 0, 37, 0, 0, -15, 1 ]
[ 7, -2, 0, 1, 5, 0, 3, 0, 1 ]
[ 4, -1, -6, -7, 2, 0, 0, 0, 37 ]
[ 3, 0, 1, -7, 2, 0, -4, 1, 6 ]
[ 15, 1, 0, -1, 0, 12, 0, 0, 37 ]
[ -15, -1, 0, 3, 0, 1, -1, 0, 12 ]
[ -1, -5, 0, 0, -15, 1, 0, 7, 2 ]
[ 3, 0, 1, 1, 5, 0, -1, 2, 2 ]
[ -7, 2, 0, -4, 1, 6, 0, 0, 37 ]
[ 7, -2, 0, 3, 0, 1, -4, 1, 6 ]
[ 1, 0, -12, -4, 1, 6, 0, 0, 37 ]
[ 3, 0, 1, -4, 1, 6, -1, 0, 12 ]
[ -1, -5, 0, 0, -1, 5, 0, 0, 37 ]
[ 1, 5, 0, 0, 7, 2, 0, -1, 5 ]
[ 0, -1, 5, 1, 5, 0, 0, 0, 37 ]
[ -1, 2, 2, 0, -1, 5, 0, 0, 37 ]
[ 1, -2, -2, 1, 5, 0, 0, -1, 5 ]
[ 1, -1, -7, -1, 2, 2, 0, 0, 37 ]
[ 3, 0, 1, -1, 2, 2, -1, 1, 7 ]
[ -4, 1, 6, -1, 0, 12, 0, 0, 37 ]
[ 4, -1, -6, 3, 0, 1, -1, 0, 12 ]
[ 1, 0, -12, -1, 1, 7, 0, 0, 37 ]
[ 3, 0, 1, -1, 1, 7, -1, 0, 12 ]
[ 37, 0, 0, 12, 1, 0, 3, 0, 1 ]
[ 1, -3, 0, 0, 37, 0, 0, 9, 1 ]
[ 12, 1, 0, -1, 3, 0, 3, 0, 1 ]
[ 1, 0, -12, 12, 1, 0, 0, 0, 37 ]
[ 3, 0, 1, 12, 1, 0, -1, 0, 12 ]
[ -1, 3, 0, 0, -1, 4, 0, 0, 37 ]
[ 1, -3, 0, 0, 9, 1, 0, -1, 4 ]
[ 0, 1, -4, -1, 3, 0, 0, 0, 37 ]
[ 3, 0, 1, -1, 3, 0, 0, -1, 4 ]
[ 12, 1, 0, -1, 0, 12, 0, 0, 37 ]
[ -12, -1, 0, 3, 0, 1, -1, 0, 12 ]
[ -1, 0, 12, 0, -1, 4, 0, 0, 37 ]
[ -3, 0, -1, 0, -1, 4, -1, 0, 12 ]
[ 37, 0, 0, 9, 1, 0, 3, 0, 1 ]
[ 1, -4, 0, 0, 37, 0, 0, 12, 1 ]
[ 9, 1, 0, -1, 4, 0, 3, 0, 1 ]
[ 1, 0, -12, 9, 1, 0, 0, 0, 37 ]
[ 3, 0, 1, 9, 1, 0, -1, 0, 12 ]
[ -1, 4, 0, 0, -1, 3, 0, 0, 37 ]
[ 1, -4, 0, 0, 12, 1, 0, -1, 3 ]
[ 0, 1, -3, -1, 4, 0, 0, 0, 37 ]
[ 3, 0, 1, -1, 4, 0, 0, -1, 3 ]
[ 9, 1, 0, -1, 0, 12, 0, 0, 37 ]
[ -9, -1, 0, 3, 0, 1, -1, 0, 12 ]
[ -1, 0, 12, 0, -1, 3, 0, 0, 37 ]
[ -3, 0, -1, 0, -1, 3, -1, 0, 12 ]
[ 37, 0, 0, 6, 1, 0, 3, 0, 1 ]
[ 1, -6, 0, 0, 37, 0, 0, 18, 1 ]
[ 6, 1, 0, -1, 6, 0, 3, 0, 1 ]
[ 1, 0, -12, 6, 1, 0, 0, 0, 37 ]
[ 3, 0, 1, 6, 1, 0, -1, 0, 12 ]
[ -1, 6, 0, 0, -1, 2, 0, 0, 37 ]
[ 1, -6, 0, 0, 18, 1, 0, -1, 2 ]
[ 0, 1, -2, -1, 6, 0, 0, 0, 37 ]
[ 3, 0, 1, -1, 6, 0, 0, -1, 2 ]
[ 6, 1, 0, -1, 0, 12, 0, 0, 37 ]
[ -6, -1, 0, 3, 0, 1, -1, 0, 12 ]
[ -1, 0, 12, 0, -1, 2, 0, 0, 37 ]
[ -3, 0, -1, 0, -1, 2, -1, 0, 12 ]
[ 37, 0, 0, 3, 1, 0, 3, 0, 1 ]
[ -1, 12, 0, 0, -1, 1, 0, 0, 37 ]
[ 1, -12, 0, 0, 37, 0, 0, -1, 1 ]
[ 0, 1, -1, -1, 12, 0, 0, 0, 37 ]
[ 3, 1, 0, -1, 12, 0, 0, -1, 1 ]
[ 1, 0, -12, 3, 1, 0, 0, 0, 37 ]
[ 3, 0, 1, 3, 1, 0, -1, 0, 12 ]
[ -1, 0, 12, 0, -1, 1, 0, 0, 37 ]
[ 3, 1, 0, -1, 0, 12, 0, 0, 37 ]
[ -3, -1, 0, 0, -1, 1, -1, 0, 12 ]
[ 37, 0, 0, 0, 1, 0, 10, 0, 1 ]
[ 10, 0, 1, 0, 1, 0, 3, 0, 4 ]
[ 1, 0, -11, 0, 1, 0, 0, 0, 37 ]
[ 3, 0, 4, 0, 1, 0, -1, 0, 11 ]
[ 37, 0, 0, -10, 1, 0, 10, 0, 1 ]
[ 10, -1, 0, -3, 4, 0, 0, 1, 1 ]
[ 10, 0, 1, -10, 1, 0, 3, 0, 4 ]
[ 1, 11, 0, 0, 1, 1, 0, 0, 37 ]
[ 1, 11, 0, 0, 37, 0, 0, 1, 1 ]
[ 0, -1, -1, 1, 11, 0, 0, 0, 37 ]
[ 3, -4, 0, 1, 11, 0, 0, 1, 1 ]
[ 1, -1, -12, -3, 4, 0, 0, 0, 37 ]
[ 0, 1, 1, -1, 1, 12, 0, 0, 37 ]
[ 0, 1, 1, -3, 4, 0, -1, 1, 12 ]
[ 10, -1, 0, 0, 1, 1, 3, 0, 4 ]
[ 1, 0, -11, -10, 1, 0, 0, 0, 37 ]
[ 3, 0, 4, -10, 1, 0, -1, 0, 11 ]
[ 1, -1, -12, 0, 1, 1, 0, 0, 37 ]
[ -3, 4, 0, -1, 1, 12, 0, 0, 37 ]
[ 3, -4, 0, 0, 1, 1, -1, 1, 12 ]
[ 1, 0, -11, 0, 1, 1, 0, 0, 37 ]
[ 3, 0, 4, 0, 1, 1, -1, 0, 11 ]
[ -10, 1, 0, -1, 0, 11, 0, 0, 37 ]
[ 10, -1, 0, 3, 0, 4, -1, 0, 11 ]
[ 37, 0, 0, 17, 1, 0, 10, 0, 1 ]
[ 17, 1, 0, -3, 2, 0, -7, -1, 1 ]
[ 10, 0, 1, 17, 1, 0, 3, 0, 4 ]
[ 1, -13, 0, 0, 37, 0, 0, -18, 1 ]
[ 3, -2, 0, -1, 13, 0, -1, -5, 1 ]
[ 7, 1, -1, -3, 2, 0, 0, 1, 2 ]
[ -17, -1, 0, -7, -1, 1, 3, 0, 4 ]
[ 1, 0, -11, 17, 1, 0, 0, 0, 37 ]
[ 3, 0, 4, 17, 1, 0, -1, 0, 11 ]
[ 1, -13, 0, 0, 1, 2, 0, 0, 37 ]
[ -1, 13, 0, 0, -18, 1, 0, 1, 2 ]
[ 0, 1, 2, -1, 13, 0, 0, 0, 37 ]
[ 1, 5, -1, 0, 1, 2, 0, 0, 37 ]
[ 1, 5, -1, -1, 13, 0, 0, 1, 2 ]
[ 0, 1, 2, -1, -5, 1, 0, 0, 37 ]
[ -3, 2, 0, -1, -5, 1, 0, 1, 2 ]
[ -1, 1, 13, -3, 2, 0, 0, 0, 37 ]
[ 0, 1, 2, -1, 1, 13, 0, 0, 37 ]
[ 0, 1, 2, -3, 2, 0, -1, 1, 13 ]
[ 7, 1, -1, 0, 1, 2, 3, 0, 4 ]
[ -1, 0, 11, -7, -1, 1, 0, 0, 37 ]
[ -3, 0, -4, -7, -1, 1, -1, 0, 11 ]
[ 17, 1, 0, -1, 0, 11, 0, 0, 37 ]
[ -17, -1, 0, 3, 0, 4, -1, 0, 11 ]
[ 1, -1, -13, 0, 1, 2, 0, 0, 37 ]
[ 3, -2, 0, -1, 1, 13, 0, 0, 37 ]
[ 3, -2, 0, 0, 1, 2, -1, 1, 13 ]
[ 1, 0, -11, 0, 1, 2, 0, 0, 37 ]
[ 3, 0, 4, 0, 1, 2, -1, 0, 11 ]
[ 7, 1, -1, -1, 0, 11, 0, 0, 37 ]
[ -7, -1, 1, 3, 0, 4, -1, 0, 11 ]
[ 37, 0, 0, 7, 1, 0, 10, 0, 1 ]
[ 7, 1, 0, -2, 5, 0, 3, -1, 1 ]
[ 10, 0, 1, 7, 1, 0, 3, 0, 4 ]
[ 1, -21, 0, 0, 37, 0, 0, -12, 1 ]
[ 2, -5, 0, -1, 21, 0, -1, 9, 1 ]
[ 3, -1, 1, -2, 5, 0, 0, 1, 3 ]
[ -7, -1, 0, 3, -1, 1, 3, 0, 4 ]
[ 1, 0, -11, 7, 1, 0, 0, 0, 37 ]
[ 3, 0, 4, 7, 1, 0, -1, 0, 11 ]
[ 1, -21, 0, 0, 1, 3, 0, 0, 37 ]
[ -1, 21, 0, 0, -12, 1, 0, 1, 3 ]
[ 0, 1, 3, -1, 21, 0, 0, 0, 37 ]
[ 1, -9, -1, 0, 1, 3, 0, 0, 37 ]
[ 1, -9, -1, -1, 21, 0, 0, 1, 3 ]
[ 0, 1, 3, -1, 9, 1, 0, 0, 37 ]
[ 2, -5, 0, -1, 9, 1, 0, 1, 3 ]
[ -1, 3, 20, -2, 5, 0, 0, 0, 37 ]
[ 0, 1, 3, -1, 3, 20, 0, 0, 37 ]
[ 0, 1, 3, -2, 5, 0, -1, 3, 20 ]
[ 1, 0, -11, 0, 1, 3, 0, 0, 37 ]
[ -3, 1, -1, -1, 0, 11, 0, 0, 37 ]
[ 3, -1, 1, 0, 1, 3, -1, 0, 11 ]
[ -1, 0, 11, 3, -1, 1, 0, 0, 37 ]
[ -3, 0, -4, 3, -1, 1, -1, 0, 11 ]
[ 7, 1, 0, -1, 0, 11, 0, 0, 37 ]
[ -7, -1, 0, 3, 0, 4, -1, 0, 11 ]
[ 1, -3, -20, 0, 1, 3, 0, 0, 37 ]
[ 2, -5, 0, -1, 3, 20, 0, 0, 37 ]
[ 2, -5, 0, 0, 1, 3, -1, 3, 20 ]
[ 37, 0, 0, -3, 1, 0, 10, 0, 1 ]
[ 1, 12, 0, 0, 37, 0, 0, -9, 1 ]
[ 3, -1, 0, 1, 12, 0, 1, 3, 1 ]
[ 10, 0, 1, -3, 1, 0, 3, 0, 4 ]
[ 1, 12, 0, 0, 1, 4, 0, 0, 37 ]
[ -1, -12, 0, 0, -9, 1, 0, 1, 4 ]
[ 0, -1, -4, 1, 12, 0, 0, 0, 37 ]
[ 1, 3, 1, 0, 1, 4, 0, 0, 37 ]
[ 1, 3, 1, 1, 12, 0, 0, 1, 4 ]
[ 0, -1, -4, 1, 3, 1, 0, 0, 37 ]
[ 3, -1, 0, 1, 3, 1, 0, 1, 4 ]
[ 1, 0, -11, -3, 1, 0, 0, 0, 37 ]
[ 3, 0, 4, -3, 1, 0, -1, 0, 11 ]
[ 1, 0, -11, 0, 1, 4, 0, 0, 37 ]
[ -3, 1, 0, -1, 0, 11, 0, 0, 37 ]
[ 3, -1, 0, 0, 1, 4, -1, 0, 11 ]
[ 37, 0, 0, -13, 1, 0, 10, 0, 1 ]
[ 13, -1, 0, -2, 3, 0, -3, 1, 1 ]
[ 10, 0, 1, -13, 1, 0, 3, 0, 4 ]
[ 1, -20, 0, 0, 37, 0, 0, 15, 1 ]
[ 2, -3, 0, -1, 20, 0, 1, -5, 1 ]
[ 3, -1, -1, -2, 3, 0, 0, 1, 5 ]
[ 13, -1, 0, -3, 1, 1, 3, 0, 4 ]
[ 1, 0, -11, -13, 1, 0, 0, 0, 37 ]
[ 3, 0, 4, -13, 1, 0, -1, 0, 11 ]
[ 1, -20, 0, 0, 15, 1, 0, -7, 2 ]
[ 1, -5, 1, -1, 20, 0, 0, -7, 2 ]
[ 0, -1, -5, 1, -5, 1, 0, 0, 37 ]
[ -2, 3, 0, 1, -5, 1, 0, 1, 5 ]
[ -1, 2, 21, -2, 3, 0, 0, 0, 37 ]
[ 0, 1, 5, -1, 2, 21, 0, 0, 37 ]
[ 0, 1, 5, -2, 3, 0, -1, 2, 21 ]
[ 1, 0, -11, 0, 1, 5, 0, 0, 37 ]
[ -3, 1, 1, -1, 0, 11, 0, 0, 37 ]
[ 3, -1, -1, 0, 1, 5, -1, 0, 11 ]
[ 1, 0, -11, -3, 1, 1, 0, 0, 37 ]
[ 3, 0, 4, -3, 1, 1, -1, 0, 11 ]
[ -13, 1, 0, -1, 0, 11, 0, 0, 37 ]
[ 13, -1, 0, 3, 0, 4, -1, 0, 11 ]
[ 1, -20, 0, 0, 1, 5, 0, 0, 37 ]
[ -1, 20, 0, 0, -7, 2, 0, 1, 5 ]
[ 0, 1, 5, -1, 20, 0, 0, 0, 37 ]
[ 0, 7, -2, -1, 20, 0, 0, 1, 5 ]
[ 1, -5, 1, 0, 1, 5, 0, 0, 37 ]
[ -1, 5, -1, 0, -7, 2, 0, 1, 5 ]
[ 1, -2, -21, 0, 1, 5, 0, 0, 37 ]
[ 2, -3, 0, -1, 2, 21, 0, 0, 37 ]
[ 2, -3, 0, 0, 1, 5, -1, 2, 21 ]
[ 37, 0, 0, 14, 1, 0, 10, 0, 1 ]
[ 14, 1, 0, 5, 3, 0, -4, -1, 1 ]
[ 10, 0, 1, 14, 1, 0, 3, 0, 4 ]
[ 1, 8, 0, 0, 37, 0, 0, -6, 1 ]
[ 5, 3, 0, 1, 8, 0, 1, 2, 1 ]
[ 4, 1, -1, 5, 3, 0, -1, -1, 5 ]
[ -14, -1, 0, -4, -1, 1, 3, 0, 4 ]
[ 1, 0, -11, 14, 1, 0, 0, 0, 37 ]
[ 3, 0, 4, 14, 1, 0, -1, 0, 11 ]
[ 1, 8, 0, 0, 1, 6, 0, 0, 37 ]
[ -1, -8, 0, 0, -6, 1, 0, 1, 6 ]
[ 0, -1, -6, 1, 8, 0, 0, 0, 37 ]
[ 1, 2, 1, 0, 1, 6, 0, 0, 37 ]
[ 1, 2, 1, 1, 8, 0, 0, 1, 6 ]
[ 1, 1, -5, 1, 2, 1, 0, 0, 37 ]
[ 5, 3, 0, 1, 2, 1, -1, -1, 5 ]
[ 2, 1, 21, 5, 3, 0, 0, 0, 37 ]
[ -1, -1, 5, 2, 1, 21, 0, 0, 37 ]
[ -1, -1, 5, 5, 3, 0, 2, 1, 21 ]
[ -1, 0, 11, -1, -1, 5, 0, 0, 37 ]
[ 4, 1, -1, -1, 0, 11, 0, 0, 37 ]
[ -4, -1, 1, -1, -1, 5, -1, 0, 11 ]
[ -1, 0, 11, -4, -1, 1, 0, 0, 37 ]
[ -3, 0, -4, -4, -1, 1, -1, 0, 11 ]
[ 14, 1, 0, -1, 0, 11, 0, 0, 37 ]
[ -14, -1, 0, 3, 0, 4, -1, 0, 11 ]
[ -2, -1, -21, -1, -1, 5, 0, 0, 37 ]
[ -5, -3, 0, 2, 1, 21, 0, 0, 37 ]
[ -5, -3, 0, -1, -1, 5, 2, 1, 21 ]
[ 37, 0, 0, 4, 1, 0, 10, 0, 1 ]
[ 1, -9, 0, 0, 37, 0, 0, 16, 1 ]
[ 4, 1, 0, -1, 9, 0, 2, -2, 1 ]
[ 10, 0, 1, 4, 1, 0, 3, 0, 4 ]
[ 1, -9, 0, 0, 16, 1, 0, -5, 2 ]
[ 2, -2, 1, -1, 9, 0, -1, 4, 2 ]
[ -4, -1, 0, 2, -2, 1, -1, -1, 4 ]
[ 1, 0, -11, 4, 1, 0, 0, 0, 37 ]
[ 3, 0, 4, 4, 1, 0, -1, 0, 11 ]
[ 1, -9, 0, 0, 1, 7, 0, 0, 37 ]
[ -1, 9, 0, 0, -5, 2, 0, 1, 7 ]
[ 0, 1, 7, -1, 9, 0, 0, 0, 37 ]
[ 1, -4, -2, 0, 1, 7, 0, 0, 37 ]
[ 1, -4, -2, -1, 9, 0, 0, 1, 7 ]
[ 0, 1, 7, -1, 4, 2, 0, 0, 37 ]
[ 2, -2, 1, -1, 4, 2, 0, 1, 7 ]
[ 1, 1, -4, -1, 0, 11, 0, 0, 37 ]
[ -1, -1, 4, 2, -2, 1, -1, 0, 11 ]
[ -1, 0, 11, -1, -1, 4, 0, 0, 37 ]
[ 4, 1, 0, -1, 0, 11, 0, 0, 37 ]
[ -4, -1, 0, -1, -1, 4, -1, 0, 11 ]
[ 1, -1, 19, 0, 1, 7, 0, 0, 37 ]
[ 2, -2, 1, 0, 1, 7, 1, -1, 19 ]
[ -1, 0, 11, 1, -1, 19, 0, 0, 37 ]
[ -1, 0, 11, 2, -2, 1, 1, -1, 19 ]
[ 37, 0, 0, -6, 1, 0, 10, 0, 1 ]
[ 1, 6, 0, 0, 37, 0, 0, 14, 1 ]
[ 6, -1, 0, 1, 6, 0, -2, 2, 1 ]
[ 10, 0, 1, -6, 1, 0, 3, 0, 4 ]
[ 1, 6, 0, 0, 14, 1, 0, 5, 3 ]
[ 2, -2, -1, 1, 6, 0, -1, -1, 3 ]
[ 6, -1, 0, -2, 2, 1, -3, 1, 4 ]
[ 1, 0, -11, -6, 1, 0, 0, 0, 37 ]
[ 3, 0, 4, -6, 1, 0, -1, 0, 11 ]
[ 1, 6, 0, 0, 1, 8, 0, 0, 37 ]
[ 1, 6, 0, 0, 5, 3, 0, 1, 8 ]
[ 0, -1, -8, 1, 6, 0, 0, 0, 37 ]
[ 1, 1, -3, 0, 1, 8, 0, 0, 37 ]
[ 1, 1, -3, 1, 6, 0, 0, 1, 8 ]
[ -1, 0, 11, -1, -1, 3, 0, 0, 37 ]
[ -2, 2, 1, -1, -1, 3, -1, 0, 11 ]
[ -3, 1, 4, -1, 0, 11, 0, 0, 37 ]
[ 3, -1, -4, -2, 2, 1, -1, 0, 11 ]
[ 1, 0, -11, -3, 1, 4, 0, 0, 37 ]
[ -6, 1, 0, -1, 0, 11, 0, 0, 37 ]
[ 6, -1, 0, -3, 1, 4, -1, 0, 11 ]
[ -1, 1, 19, -1, 0, 11, 0, 0, 37 ]
[ -2, 2, 1, -1, 0, 11, -1, 1, 19 ]
[ 1, 0, -11, -1, 1, 19, 0, 0, 37 ]
[ 1, 0, -11, -2, 2, 1, -1, 1, 19 ]
[ 37, 0, 0, -16, 1, 0, 10, 0, 1 ]
[ 16, -1, 0, 5, 2, 0, -6, 1, 1 ]
[ 10, 0, 1, -16, 1, 0, 3, 0, 4 ]
[ 1, -7, 0, 0, 37, 0, 0, -4, 1 ]
[ 5, 2, 0, -1, 7, 0, -1, 3, 1 ]
[ 6, -1, -1, 5, 2, 0, -1, -1, 2 ]
[ 16, -1, 0, -6, 1, 1, 3, 0, 4 ]
[ 1, 0, -11, -16, 1, 0, 0, 0, 37 ]
[ 3, 0, 4, -16, 1, 0, -1, 0, 11 ]
[ 1, -7, 0, 0, 1, 9, 0, 0, 37 ]
[ -1, 7, 0, 0, -4, 1, 0, 1, 9 ]
[ 0, 1, 9, -1, 7, 0, 0, 0, 37 ]
[ 1, -3, -1, 0, 1, 9, 0, 0, 37 ]
[ 1, -3, -1, -1, 7, 0, 0, 1, 9 ]
[ 5, 2, 0, -1, 3, 1, -1, -1, 2 ]
[ -2, -1, 13, 5, 2, 0, 0, 0, 37 ]
[ 1, 1, -2, -2, -1, 13, 0, 0, 37 ]
[ -1, -1, 2, 5, 2, 0, -2, -1, 13 ]
[ -6, 1, 1, -1, -1, 2, 3, 0, 4 ]
[ 1, 0, -11, -6, 1, 1, 0, 0, 37 ]
[ 3, 0, 4, -6, 1, 1, -1, 0, 11 ]
[ -16, 1, 0, -1, 0, 11, 0, 0, 37 ]
[ 16, -1, 0, 3, 0, 4, -1, 0, 11 ]
[ 0, 1, 9, -1, 3, 1, 0, 0, 37 ]
[ 1, 1, -2, 0, 1, 9, 0, 0, 37 ]
[ 1, 1, -2, -1, 3, 1, 0, 1, 9 ]
[ -2, -1, 13, -1, -1, 2, 0, 0, 37 ]
[ -5, -2, 0, -2, -1, 13, 0, 0, 37 ]
[ -5, -2, 0, -1, -1, 2, -2, -1, 13 ]
[ -1, 0, 11, -1, -1, 2, 0, 0, 37 ]
[ -3, 0, -4, -1, -1, 2, -1, 0, 11 ]
[ -6, 1, 1, -1, 0, 11, 0, 0, 37 ]
[ 6, -1, -1, 3, 0, 4, -1, 0, 11 ]
[ 37, 0, 0, 11, 1, 0, 10, 0, 1 ]
[ 11, 1, 0, -4, 3, 0, -1, -1, 1 ]
[ 10, 0, 1, 11, 1, 0, 3, 0, 4 ]
[ 1, -10, 0, 0, 37, 0, 0, -11, 1 ]
[ 4, -3, 0, -1, 10, 0, -1, -1, 1 ]
[ 1, 1, -1, -4, 3, 0, 2, -1, 5 ]
[ -11, -1, 0, -1, -1, 1, 3, 0, 4 ]
[ 1, 0, -11, 11, 1, 0, 0, 0, 37 ]
[ 3, 0, 4, 11, 1, 0, -1, 0, 11 ]
[ -1, 10, 0, 0, -11, 1, 0, 4, 3 ]
[ 1, 1, -1, -1, 10, 0, 0, 4, 3 ]
[ -4, 3, 0, -1, -1, 1, 2, -1, 5 ]
[ -1, 1, 21, -4, 3, 0, 0, 0, 37 ]
[ 2, -1, 5, -1, 1, 21, 0, 0, 37 ]
[ 2, -1, 5, -4, 3, 0, -1, 1, 21 ]
[ -1, 0, 11, 2, -1, 5, 0, 0, 37 ]
[ 1, 1, -1, -1, 0, 11, 0, 0, 37 ]
[ -1, -1, 1, 2, -1, 5, -1, 0, 11 ]
[ -1, 0, 11, -1, -1, 1, 0, 0, 37 ]
[ -3, 0, -4, -1, -1, 1, -1, 0, 11 ]
[ 11, 1, 0, -1, 0, 11, 0, 0, 37 ]
[ -11, -1, 0, 3, 0, 4, -1, 0, 11 ]
[ 1, -10, 0, 0, 1, 10, 0, 0, 37 ]
[ 1, -10, 0, 0, 4, 3, 0, 1, 10 ]
[ 0, 1, 10, -1, 10, 0, 0, 0, 37 ]
[ 0, 4, 3, -1, 10, 0, 0, 1, 10 ]
[ 1, 1, -1, 0, 1, 10, 0, 0, 37 ]
[ 1, 1, -1, 0, 4, 3, 0, 1, 10 ]
[ -2, 1, -5, -1, 0, 11, 0, 0, 37 ]
[ -2, 1, -5, -1, -1, 1, -1, 0, 11 ]
[ 1, -1, -21, 2, -1, 5, 0, 0, 37 ]
[ 4, -3, 0, -1, 1, 21, 0, 0, 37 ]
[ 4, -3, 0, 2, -1, 5, -1, 1, 21 ]
[ -1, 0, 11, -1, -1, 1, 0, 0, 37 ]
[ 1, 1, 0, 0, 37, 0, 0, -10, 1 ]
[ 37, 0, 0, 1, 1, 0, 10, 0, 1 ]
[ -1, -1, 0, 0, -10, 1, 0, -3, 4 ]
[ 10, 0, 1, 1, 1, 0, 3, 0, 4 ]
[ 1, 1, 0, 0, 1, 11, 0, 0, 37 ]
[ -1, -1, 0, 0, -3, 4, 0, 1, 11 ]
[ 1, 0, -11, 1, 1, 0, 0, 0, 37 ]
[ 3, 0, 4, 1, 1, 0, -1, 0, 11 ]
[ 37, 0, 0, -9, 1, 0, 10, 0, 1 ]
[ 1, 4, 0, 0, 37, 0, 0, -3, 1 ]
[ 9, -1, 0, 1, 4, 0, 1, 1, 1 ]
[ 10, 0, 1, -9, 1, 0, 3, 0, 4 ]
[ 1, 4, 0, 0, 1, 12, 0, 0, 37 ]
[ -1, -4, 0, 0, -3, 1, 0, 1, 12 ]
[ 0, -1, -12, 1, 4, 0, 0, 0, 37 ]
[ 1, 1, 1, 0, 1, 12, 0, 0, 37 ]
[ 1, 1, 1, 1, 4, 0, 0, 1, 12 ]
[ 9, -1, 0, 1, 1, 1, 3, 0, 4 ]
[ 1, 0, -11, -9, 1, 0, 0, 0, 37 ]
[ 3, 0, 4, -9, 1, 0, -1, 0, 11 ]
[ 1, 0, -11, 1, 1, 1, 0, 0, 37 ]
[ 3, 0, 4, 1, 1, 1, -1, 0, 11 ]
[ -9, 1, 0, -1, 0, 11, 0, 0, 37 ]
[ 9, -1, 0, 3, 0, 4, -1, 0, 11 ]
[ 37, 0, 0, 18, 1, 0, 10, 0, 1 ]
[ 1, -2, 0, 0, 37, 0, 0, -17, 1 ]
[ 18, 1, 0, -1, 2, 0, -8, -1, 1 ]
[ 10, 0, 1, 18, 1, 0, 3, 0, 4 ]
[ -1, 2, 0, 0, -17, 1, 0, 3, 2 ]
[ 8, 1, -1, -1, 2, 0, 1, 1, 2 ]
[ -18, -1, 0, -8, -1, 1, 3, 0, 4 ]
[ 1, 0, -11, 18, 1, 0, 0, 0, 37 ]
[ 3, 0, 4, 18, 1, 0, -1, 0, 11 ]
[ 1, -2, 0, 0, 1, 13, 0, 0, 37 ]
[ 1, -2, 0, 0, 3, 2, 0, 1, 13 ]
[ 0, 1, 13, -1, 2, 0, 0, 0, 37 ]
[ 1, 1, 2, 0, 1, 13, 0, 0, 37 ]
[ 1, 1, 2, -1, 2, 0, 0, 1, 13 ]
[ 8, 1, -1, 1, 1, 2, 3, 0, 4 ]
[ -1, 0, 11, -8, -1, 1, 0, 0, 37 ]
[ -3, 0, -4, -8, -1, 1, -1, 0, 11 ]
[ 18, 1, 0, -1, 0, 11, 0, 0, 37 ]
[ -18, -1, 0, 3, 0, 4, -1, 0, 11 ]
[ 1, 0, -11, 1, 1, 2, 0, 0, 37 ]
[ 3, 0, 4, 1, 1, 2, -1, 0, 11 ]
[ 8, 1, -1, -1, 0, 11, 0, 0, 37 ]
[ -8, -1, 1, 3, 0, 4, -1, 0, 11 ]
[ 37, 0, 0, 8, 1, 0, 10, 0, 1 ]
[ 8, 1, 0, 3, 5, 0, 2, -1, 1 ]
[ 10, 0, 1, 8, 1, 0, 3, 0, 4 ]
[ 1, 14, 0, 0, 37, 0, 0, 8, 1 ]
[ 3, 5, 0, 1, 14, 0, -1, -6, 1 ]
[ 2, -1, 1, 3, 5, 0, 1, 1, 3 ]
[ -8, -1, 0, 2, -1, 1, 3, 0, 4 ]
[ 1, 0, -11, 8, 1, 0, 0, 0, 37 ]
[ 3, 0, 4, 8, 1, 0, -1, 0, 11 ]
[ 1, 14, 0, 0, 8, 1, 0, 3, 5 ]
[ 1, 6, -1, 1, 14, 0, 0, 3, 5 ]
[ -3, -5, 0, -1, -6, 1, 1, 1, 3 ]
[ 2, 3, 20, 3, 5, 0, 0, 0, 37 ]
[ 1, 1, 3, 2, 3, 20, 0, 0, 37 ]
[ 1, 1, 3, 3, 5, 0, 2, 3, 20 ]
[ 1, 0, -11, 1, 1, 3, 0, 0, 37 ]
[ -2, 1, -1, -1, 0, 11, 0, 0, 37 ]
[ 2, -1, 1, 1, 1, 3, -1, 0, 11 ]
[ -1, 0, 11, 2, -1, 1, 0, 0, 37 ]
[ -3, 0, -4, 2, -1, 1, -1, 0, 11 ]
[ 8, 1, 0, -1, 0, 11, 0, 0, 37 ]
[ -8, -1, 0, 3, 0, 4, -1, 0, 11 ]
[ 1, 14, 0, 0, 1, 14, 0, 0, 37 ]
[ 1, 14, 0, 0, 3, 5, 0, 1, 14 ]
[ 0, -1, -14, 1, 14, 0, 0, 0, 37 ]
[ 0, -3, -5, 1, 14, 0, 0, 1, 14 ]
[ 1, 6, -1, 0, 1, 14, 0, 0, 37 ]
[ 1, 6, -1, 0, 3, 5, 0, 1, 14 ]
[ -1, -1, -3, -1, -6, 1, 0, -2, 9 ]
[ -2, -3, -20, 1, 1, 3, 0, 0, 37 ]
[ -3, -5, 0, 2, 3, 20, 0, 0, 37 ]
[ -3, -5, 0, 1, 1, 3, 2, 3, 20 ]
[ 0, 1, -23, -1, -6, 1, 0, 0, 37 ]
[ 0, 2, -9, -1, -6, 1, 0, -1, 23 ]
[ -1, -1, -3, 0, -1, 23, 0, 0, 37 ]
[ -1, -1, -3, 0, -2, 9, 0, -1, 23 ]
[ 37, 0, 0, -2, 1, 0, 10, 0, 1 ]
[ 1, -19, 0, 0, 37, 0, 0, 5, 1 ]
[ 2, -1, 0, -1, 19, 0, 0, 5, 1 ]
[ 10, 0, 1, -2, 1, 0, 3, 0, 4 ]
[ 1, -19, 0, 0, 5, 1, 0, -2, 7 ]
[ 0, 5, 1, -1, 19, 0, 0, -2, 7 ]
[ 2, -1, 0, 0, 5, 1, -1, 2, 4 ]
[ 1, 0, -11, -2, 1, 0, 0, 0, 37 ]
[ 3, 0, 4, -2, 1, 0, -1, 0, 11 ]
[ -1, 19, 0, 0, -1, 22, 0, 0, 37 ]
[ -1, 19, 0, 0, -2, 7, 0, -1, 22 ]
[ 0, 1, -22, -1, 19, 0, 0, 0, 37 ]
[ 0, 2, -7, -1, 19, 0, 0, -1, 22 ]
[ 1, -2, -4, 0, 5, 1, 0, -2, 7 ]
[ 1, -1, 11, -1, 2, 4, 0, 0, 37 ]
[ -2, 1, 0, 1, -1, 11, 0, 0, 37 ]
[ 2, -1, 0, -1, 2, 4, 1, -1, 11 ]
[ -1, 2, 4, 0, -1, 22, 0, 0, 37 ]
[ -1, 2, 4, 0, -2, 7, 0, -1, 22 ]
[ 37, 0, 0, -12, 1, 0, 10, 0, 1 ]
[ 1, 3, 0, 0, 37, 0, 0, 7, 1 ]
[ 12, -1, 0, 1, 3, 0, -2, 1, 1 ]
[ 10, 0, 1, -12, 1, 0, 3, 0, 4 ]
[ 1, 3, 0, 0, 7, 1, 0, -2, 5 ]
[ 2, -1, -1, 1, 3, 0, 1, 1, 5 ]
[ 12, -1, 0, -2, 1, 1, 3, 0, 4 ]
[ 1, 0, -11, -12, 1, 0, 0, 0, 37 ]
[ 3, 0, 4, -12, 1, 0, -1, 0, 11 ]
[ -1, -3, 0, 0, -1, 21, 0, 0, 37 ]
[ -1, -3, 0, 0, -2, 5, 0, -1, 21 ]
[ 1, 2, 21, 1, 3, 0, 0, 0, 37 ]
[ 1, 1, 5, 1, 2, 21, 0, 0, 37 ]
[ 1, 1, 5, 1, 3, 0, 1, 2, 21 ]
[ 1, 0, -11, 1, 1, 5, 0, 0, 37 ]
[ -2, 1, 1, -1, 0, 11, 0, 0, 37 ]
[ 2, -1, -1, 1, 1, 5, -1, 0, 11 ]
[ 1, 0, -11, -2, 1, 1, 0, 0, 37 ]
[ 3, 0, 4, -2, 1, 1, -1, 0, 11 ]
[ -12, 1, 0, -1, 0, 11, 0, 0, 37 ]
[ 12, -1, 0, 3, 0, 4, -1, 0, 11 ]
[ 37, 0, 0, 15, 1, 0, 10, 0, 1 ]
[ 15, 1, 0, -7, 2, 0, -5, -1, 1 ]
[ 10, 0, 1, 15, 1, 0, 3, 0, 4 ]
[ 1, 5, 0, 0, 37, 0, 0, -13, 1 ]
[ 7, -2, 0, 1, 5, 0, 2, -3, 1 ]
[ 5, 1, -1, -7, 2, 0, -2, 1, 2 ]
[ -15, -1, 0, -5, -1, 1, 3, 0, 4 ]
[ 1, 0, -11, 15, 1, 0, 0, 0, 37 ]
[ 3, 0, 4, 15, 1, 0, -1, 0, 11 ]
[ -1, -5, 0, 0, -13, 1, 0, -2, 3 ]
[ 2, -3, 1, 1, 5, 0, 0, -2, 3 ]
[ -7, 2, 0, 2, -3, 1, -2, 1, 2 ]
[ -3, 1, 13, -7, 2, 0, 0, 0, 37 ]
[ -2, 1, 2, -3, 1, 13, 0, 0, 37 ]
[ -2, 1, 2, -7, 2, 0, -3, 1, 13 ]
[ 5, 1, -1, -2, 1, 2, 3, 0, 4 ]
[ -1, 0, 11, -5, -1, 1, 0, 0, 37 ]
[ -3, 0, -4, -5, -1, 1, -1, 0, 11 ]
[ 15, 1, 0, -1, 0, 11, 0, 0, 37 ]
[ -15, -1, 0, 3, 0, 4, -1, 0, 11 ]
[ -1, -5, 0, 0, -1, 20, 0, 0, 37 ]
[ -1, -5, 0, 0, -2, 3, 0, -1, 20 ]
[ 0, -1, 20, 1, 5, 0, 0, 0, 37 ]
[ 0, -2, 3, 1, 5, 0, 0, -1, 20 ]
[ 2, -3, 1, 1, -1, 9, 0, 0, 37 ]
[ -2, 3, -1, 0, -2, 3, 1, -1, 9 ]
[ -1, 1, -9, 2, -3, 1, 0, 0, 37 ]
[ -2, 1, 2, 1, -1, 9, 0, 0, 37 ]
[ -2, 1, 2, 2, -3, 1, 1, -1, 9 ]
[ 3, -1, -13, -2, 1, 2, 0, 0, 37 ]
[ 7, -2, 0, -3, 1, 13, 0, 0, 37 ]
[ 7, -2, 0, -2, 1, 2, -3, 1, 13 ]
[ 1, 0, -11, -2, 1, 2, 0, 0, 37 ]
[ 3, 0, 4, -2, 1, 2, -1, 0, 11 ]
[ 5, 1, -1, -1, 0, 11, 0, 0, 37 ]
[ -5, -1, 1, 3, 0, 4, -1, 0, 11 ]
[ -1, 1, -9, 0, -1, 20, 0, 0, 37 ]
[ -1, 1, -9, 0, -2, 3, 0, -1, 20 ]
[ 37, 0, 0, 5, 1, 0, 10, 0, 1 ]
[ 5, 1, 0, -2, 7, 0, 0, -2, 1 ]
[ 10, 0, 1, 5, 1, 0, 3, 0, 4 ]
[ 1, -22, 0, 0, 37, 0, 0, -2, 1 ]
[ 2, -7, 0, -1, 22, 0, 0, -2, 1 ]
[ -1, 4, 9, -2, 7, 0, 0, 0, 37 ]
[ 0, 2, -1, -2, 7, 0, -1, 4, 9 ]
[ -5, -1, 0, 0, -2, 1, -2, -1, 4 ]
[ 1, 0, -11, 5, 1, 0, 0, 0, 37 ]
[ 3, 0, 4, 5, 1, 0, -1, 0, 11 ]
[ -1, 22, 0, 0, -1, 19, 0, 0, 37 ]
[ -1, 22, 0, 0, -2, 1, 0, -1, 19 ]
[ 0, 1, -19, -1, 22, 0, 0, 0, 37 ]
[ 0, 2, -1, -1, 22, 0, 0, -1, 19 ]
[ 2, -7, 0, -1, 4, 9, 0, 0, 37 ]
[ -2, 7, 0, 0, -2, 1, -1, 4, 9 ]
[ 0, 1, -19, -1, 4, 9, 0, 0, 37 ]
[ 0, 2, -1, -1, 4, 9, 0, -1, 19 ]
[ 2, 1, -4, -1, 0, 11, 0, 0, 37 ]
[ -2, -1, 4, 0, -2, 1, -1, 0, 11 ]
[ -1, 0, 11, -2, -1, 4, 0, 0, 37 ]
[ 5, 1, 0, -1, 0, 11, 0, 0, 37 ]
[ -5, -1, 0, -2, -1, 4, -1, 0, 11 ]
[ -1, 4, 9, 0, -1, 19, 0, 0, 37 ]
[ -1, 4, 9, 0, -2, 1, 0, -1, 19 ]
[ -1, 0, 11, 0, -1, 19, 0, 0, 37 ]
[ -1, 0, 11, 0, -2, 1, 0, -1, 19 ]
[ 37, 0, 0, -5, 1, 0, 10, 0, 1 ]
[ 5, -1, 0, 2, 7, 0, 0, 2, 1 ]
[ 10, 0, 1, -5, 1, 0, 3, 0, 4 ]
[ 1, 22, 0, 0, 37, 0, 0, 2, 1 ]
[ 2, 7, 0, 1, 22, 0, 0, 2, 1 ]
[ 1, 3, 9, 2, 7, 0, 0, 0, 37 ]
[ 0, -2, -1, 2, 7, 0, 1, 3, 9 ]
[ 5, -1, 0, 0, 2, 1, -2, 1, 4 ]
[ 1, 0, -11, -5, 1, 0, 0, 0, 37 ]
[ 3, 0, 4, -5, 1, 0, -1, 0, 11 ]
[ 1, 22, 0, 0, 1, 19, 0, 0, 37 ]
[ 1, 22, 0, 0, 2, 1, 0, 1, 19 ]
[ 0, -1, -19, 1, 22, 0, 0, 0, 37 ]
[ 0, -2, -1, 1, 22, 0, 0, 1, 19 ]
[ -2, -7, 0, 1, 3, 9, 0, 0, 37 ]
[ 2, 7, 0, 0, 2, 1, 1, 3, 9 ]
[ 0, -1, -19, 1, 3, 9, 0, 0, 37 ]
[ 0, -2, -1, 1, 3, 9, 0, 1, 19 ]
[ -2, 1, 4, -1, 0, 11, 0, 0, 37 ]
[ 2, -1, -4, 0, 2, 1, -1, 0, 11 ]
[ 1, 0, -11, -2, 1, 4, 0, 0, 37 ]
[ -5, 1, 0, -1, 0, 11, 0, 0, 37 ]
[ 5, -1, 0, -2, 1, 4, -1, 0, 11 ]
[ 1, 3, 9, 0, 1, 19, 0, 0, 37 ]
[ 1, 3, 9, 0, 2, 1, 0, 1, 19 ]
[ 1, 0, -11, 0, 1, 19, 0, 0, 37 ]
[ 1, 0, -11, 0, 2, 1, 0, 1, 19 ]
[ 37, 0, 0, -15, 1, 0, 10, 0, 1 ]
[ 15, -1, 0, 7, 2, 0, -5, 1, 1 ]
[ 10, 0, 1, -15, 1, 0, 3, 0, 4 ]
[ 1, -5, 0, 0, 37, 0, 0, 13, 1 ]
[ 7, 2, 0, -1, 5, 0, 2, 3, 1 ]
[ 5, -1, -1, 7, 2, 0, -2, -1, 2 ]
[ 15, -1, 0, -5, 1, 1, 3, 0, 4 ]
[ 1, 0, -11, -15, 1, 0, 0, 0, 37 ]
[ 3, 0, 4, -15, 1, 0, -1, 0, 11 ]
[ 1, -5, 0, 0, 13, 1, 0, 2, 3 ]
[ 2, 3, 1, -1, 5, 0, 0, 2, 3 ]
[ 7, 2, 0, 2, 3, 1, -2, -1, 2 ]
[ -3, -1, 13, 7, 2, 0, 0, 0, 37 ]
[ 2, 1, -2, -3, -1, 13, 0, 0, 37 ]
[ -2, -1, 2, 7, 2, 0, -3, -1, 13 ]
[ -5, 1, 1, -2, -1, 2, 3, 0, 4 ]
[ 1, 0, -11, -5, 1, 1, 0, 0, 37 ]
[ 3, 0, 4, -5, 1, 1, -1, 0, 11 ]
[ -15, 1, 0, -1, 0, 11, 0, 0, 37 ]
[ 15, -1, 0, 3, 0, 4, -1, 0, 11 ]
[ 1, -5, 0, 0, 1, 20, 0, 0, 37 ]
[ 1, -5, 0, 0, 2, 3, 0, 1, 20 ]
[ 0, 1, 20, -1, 5, 0, 0, 0, 37 ]
[ 0, 2, 3, -1, 5, 0, 0, 1, 20 ]
[ -2, -3, -1, 1, 1, 9, 0, 0, 37 ]
[ 2, 3, 1, 0, 2, 3, 1, 1, 9 ]
[ 1, 1, 9, 2, 3, 1, 0, 0, 37 ]
[ 2, 1, -2, 1, 1, 9, 0, 0, 37 ]
[ 2, 1, -2, 2, 3, 1, 1, 1, 9 ]
[ -3, -1, 13, -2, -1, 2, 0, 0, 37 ]
[ -7, -2, 0, -3, -1, 13, 0, 0, 37 ]
[ -7, -2, 0, -2, -1, 2, -3, -1, 13 ]
[ -1, 0, 11, -2, -1, 2, 0, 0, 37 ]
[ -3, 0, -4, -2, -1, 2, -1, 0, 11 ]
[ -5, 1, 1, -1, 0, 11, 0, 0, 37 ]
[ 5, -1, -1, 3, 0, 4, -1, 0, 11 ]
[ 1, 1, 9, 0, 1, 20, 0, 0, 37 ]
[ 1, 1, 9, 0, 2, 3, 0, 1, 20 ]
[ 37, 0, 0, 12, 1, 0, 10, 0, 1 ]
[ 1, -3, 0, 0, 37, 0, 0, -7, 1 ]
[ 12, 1, 0, -1, 3, 0, -2, -1, 1 ]
[ 10, 0, 1, 12, 1, 0, 3, 0, 4 ]
[ -1, 3, 0, 0, -7, 1, 0, 2, 5 ]
[ 2, 1, -1, -1, 3, 0, 1, -1, 5 ]
[ -12, -1, 0, -2, -1, 1, 3, 0, 4 ]
[ 1, 0, -11, 12, 1, 0, 0, 0, 37 ]
[ 3, 0, 4, 12, 1, 0, -1, 0, 11 ]
[ 1, -3, 0, 0, 1, 21, 0, 0, 37 ]
[ 1, -3, 0, 0, 2, 5, 0, 1, 21 ]
[ 0, 1, 21, -1, 3, 0, 0, 0, 37 ]
[ 1, -1, 5, 0, 1, 21, 0, 0, 37 ]
[ 1, -1, 5, -1, 3, 0, 0, 1, 21 ]
[ -1, 0, 11, 1, -1, 5, 0, 0, 37 ]
[ 2, 1, -1, -1, 0, 11, 0, 0, 37 ]
[ -2, -1, 1, 1, -1, 5, -1, 0, 11 ]
[ -1, 0, 11, -2, -1, 1, 0, 0, 37 ]
[ -3, 0, -4, -2, -1, 1, -1, 0, 11 ]
[ 12, 1, 0, -1, 0, 11, 0, 0, 37 ]
[ -12, -1, 0, 3, 0, 4, -1, 0, 11 ]
[ 37, 0, 0, 2, 1, 0, 10, 0, 1 ]
[ 1, 19, 0, 0, 37, 0, 0, -5, 1 ]
[ 2, 1, 0, 1, 19, 0, 0, -5, 1 ]
[ 10, 0, 1, 2, 1, 0, 3, 0, 4 ]
[ -1, -19, 0, 0, -5, 1, 0, 2, 7 ]
[ 0, -5, 1, 1, 19, 0, 0, 2, 7 ]
[ -2, -1, 0, 0, -5, 1, 1, -1, 4 ]
[ 1, 0, -11, 2, 1, 0, 0, 0, 37 ]
[ 3, 0, 4, 2, 1, 0, -1, 0, 11 ]
[ 1, 19, 0, 0, 1, 22, 0, 0, 37 ]
[ 1, 19, 0, 0, 2, 7, 0, 1, 22 ]
[ 0, -1, -22, 1, 19, 0, 0, 0, 37 ]
[ 0, -2, -7, 1, 19, 0, 0, 1, 22 ]
[ -1, 1, -4, 0, -5, 1, 0, 2, 7 ]
[ -1, 0, 11, 1, -1, 4, 0, 0, 37 ]
[ 2, 1, 0, -1, 0, 11, 0, 0, 37 ]
[ -2, -1, 0, 1, -1, 4, -1, 0, 11 ]
[ 1, -1, 4, 0, 1, 22, 0, 0, 37 ]
[ 1, -1, 4, 0, 2, 7, 0, 1, 22 ]
[ 37, 0, 0, -8, 1, 0, 10, 0, 1 ]
[ 8, -1, 0, -3, 5, 0, 2, 1, 1 ]
[ 10, 0, 1, -8, 1, 0, 3, 0, 4 ]
[ 1, -14, 0, 0, 37, 0, 0, -8, 1 ]
[ 3, -5, 0, -1, 14, 0, -1, 6, 1 ]
[ 2, 1, 1, -3, 5, 0, 1, -1, 3 ]
[ 8, -1, 0, 2, 1, 1, 3, 0, 4 ]
[ 1, 0, -11, -8, 1, 0, 0, 0, 37 ]
[ 3, 0, 4, -8, 1, 0, -1, 0, 11 ]
[ -1, 14, 0, 0, -8, 1, 0, -3, 5 ]
[ 1, -6, -1, -1, 14, 0, 0, -3, 5 ]
[ 3, -5, 0, -1, 6, 1, 1, -1, 3 ]
[ -1, 2, 20, -3, 5, 0, 0, 0, 37 ]
[ 1, -1, 3, -1, 2, 20, 0, 0, 37 ]
[ 1, -1, 3, -3, 5, 0, -1, 2, 20 ]
[ -1, 0, 11, 1, -1, 3, 0, 0, 37 ]
[ 2, 1, 1, -1, 0, 11, 0, 0, 37 ]
[ -2, -1, -1, 1, -1, 3, -1, 0, 11 ]
[ 1, 0, -11, 2, 1, 1, 0, 0, 37 ]
[ 3, 0, 4, 2, 1, 1, -1, 0, 11 ]
[ -8, 1, 0, -1, 0, 11, 0, 0, 37 ]
[ 8, -1, 0, 3, 0, 4, -1, 0, 11 ]
[ -1, 14, 0, 0, -1, 14, 0, 0, 37 ]
[ -1, 14, 0, 0, -3, 5, 0, -1, 14 ]
[ 0, 1, -14, -1, 14, 0, 0, 0, 37 ]
[ 0, 3, -5, -1, 14, 0, 0, -1, 14 ]
[ -1, 6, 1, 0, -1, 14, 0, 0, 37 ]
[ -1, 6, 1, 0, -3, 5, 0, -1, 14 ]
[ 1, -1, 3, -1, 6, 1, 0, 2, 9 ]
[ 1, -2, -20, 1, -1, 3, 0, 0, 37 ]
[ 3, -5, 0, -1, 2, 20, 0, 0, 37 ]
[ 3, -5, 0, 1, -1, 3, -1, 2, 20 ]
[ 0, 1, 23, -1, 6, 1, 0, 0, 37 ]
[ 0, 2, 9, -1, 6, 1, 0, 1, 23 ]
[ 1, -1, 3, 0, 1, 23, 0, 0, 37 ]
[ 1, -1, 3, 0, 2, 9, 0, 1, 23 ]
[ 37, 0, 0, -18, 1, 0, 10, 0, 1 ]
[ 1, 2, 0, 0, 37, 0, 0, 17, 1 ]
[ 18, -1, 0, 1, 2, 0, -8, 1, 1 ]
[ 10, 0, 1, -18, 1, 0, 3, 0, 4 ]
[ 1, 2, 0, 0, 17, 1, 0, -3, 2 ]
[ 8, -1, -1, 1, 2, 0, 1, -1, 2 ]
[ 18, -1, 0, -8, 1, 1, 3, 0, 4 ]
[ 1, 0, -11, -18, 1, 0, 0, 0, 37 ]
[ 3, 0, 4, -18, 1, 0, -1, 0, 11 ]
[ -1, -2, 0, 0, -1, 13, 0, 0, 37 ]
[ -1, -2, 0, 0, -3, 2, 0, -1, 13 ]
[ 0, -1, 13, 1, 2, 0, 0, 0, 37 ]
[ -1, 1, -2, 0, -1, 13, 0, 0, 37 ]
[ 1, -1, 2, 1, 2, 0, 0, -1, 13 ]
[ -8, 1, 1, 1, -1, 2, 3, 0, 4 ]
[ 1, 0, -11, -8, 1, 1, 0, 0, 37 ]
[ 3, 0, 4, -8, 1, 1, -1, 0, 11 ]
[ -18, 1, 0, -1, 0, 11, 0, 0, 37 ]
[ 18, -1, 0, 3, 0, 4, -1, 0, 11 ]
[ -1, 0, 11, 1, -1, 2, 0, 0, 37 ]
[ -3, 0, -4, 1, -1, 2, -1, 0, 11 ]
[ -8, 1, 1, -1, 0, 11, 0, 0, 37 ]
[ 8, -1, -1, 3, 0, 4, -1, 0, 11 ]
[ 37, 0, 0, 9, 1, 0, 10, 0, 1 ]
[ 1, -4, 0, 0, 37, 0, 0, 3, 1 ]
[ 9, 1, 0, -1, 4, 0, 1, -1, 1 ]
[ 10, 0, 1, 9, 1, 0, 3, 0, 4 ]
[ -1, 4, 0, 0, -1, 12, 0, 0, 37 ]
[ 1, -4, 0, 0, 3, 1, 0, -1, 12 ]
[ 0, 1, -12, -1, 4, 0, 0, 0, 37 ]
[ -1, 1, -1, 0, -1, 12, 0, 0, 37 ]
[ 1, -1, 1, -1, 4, 0, 0, -1, 12 ]
[ -9, -1, 0, 1, -1, 1, 3, 0, 4 ]
[ 1, 0, -11, 9, 1, 0, 0, 0, 37 ]
[ 3, 0, 4, 9, 1, 0, -1, 0, 11 ]
[ -1, 0, 11, 1, -1, 1, 0, 0, 37 ]
[ -3, 0, -4, 1, -1, 1, -1, 0, 11 ]
[ 9, 1, 0, -1, 0, 11, 0, 0, 37 ]
[ -9, -1, 0, 3, 0, 4, -1, 0, 11 ]
[ 1, -1, 0, 0, 37, 0, 0, 10, 1 ]
[ 37, 0, 0, -1, 1, 0, 10, 0, 1 ]
[ 1, -1, 0, 0, 10, 1, 0, 3, 4 ]
[ 10, 0, 1, -1, 1, 0, 3, 0, 4 ]
[ -1, 1, 0, 0, -1, 11, 0, 0, 37 ]
[ 1, -1, 0, 0, 3, 4, 0, -1, 11 ]
[ 1, 0, -11, -1, 1, 0, 0, 0, 37 ]
[ 3, 0, 4, -1, 1, 0, -1, 0, 11 ]
[ 37, 0, 0, -11, 1, 0, 10, 0, 1 ]
[ 11, -1, 0, 4, 3, 0, -1, 1, 1 ]
[ 10, 0, 1, -11, 1, 0, 3, 0, 4 ]
[ 1, 10, 0, 0, 37, 0, 0, 11, 1 ]
[ 4, 3, 0, 1, 10, 0, -1, 1, 1 ]
[ 1, -1, -1, 4, 3, 0, 2, 1, 5 ]
[ 11, -1, 0, -1, 1, 1, 3, 0, 4 ]
[ 1, 0, -11, -11, 1, 0, 0, 0, 37 ]
[ 3, 0, 4, -11, 1, 0, -1, 0, 11 ]
[ 1, 10, 0, 0, 11, 1, 0, -4, 3 ]
[ 1, -1, -1, 1, 10, 0, 0, -4, 3 ]
[ 4, 3, 0, -1, 1, 1, 2, 1, 5 ]
[ 3, 2, 21, 4, 3, 0, 0, 0, 37 ]
[ 2, 1, 5, 3, 2, 21, 0, 0, 37 ]
[ 2, 1, 5, 4, 3, 0, 3, 2, 21 ]
[ 1, 0, -11, 2, 1, 5, 0, 0, 37 ]
[ -1, 1, 1, -1, 0, 11, 0, 0, 37 ]
[ 1, -1, -1, 2, 1, 5, -1, 0, 11 ]
[ 1, 0, -11, -1, 1, 1, 0, 0, 37 ]
[ 3, 0, 4, -1, 1, 1, -1, 0, 11 ]
[ -11, 1, 0, -1, 0, 11, 0, 0, 37 ]
[ 11, -1, 0, 3, 0, 4, -1, 0, 11 ]
[ -1, -10, 0, 0, -1, 10, 0, 0, 37 ]
[ -1, -10, 0, 0, -4, 3, 0, -1, 10 ]
[ 0, -1, 10, 1, 10, 0, 0, 0, 37 ]
[ 0, -4, 3, 1, 10, 0, 0, -1, 10 ]
[ -1, 1, 1, 0, -1, 10, 0, 0, 37 ]
[ -1, 1, 1, 0, -4, 3, 0, -1, 10 ]
[ 2, 1, 5, -1, 0, 11, 0, 0, 37 ]
[ 2, 1, 5, -1, 1, 1, -1, 0, 11 ]
[ -3, -2, -21, 2, 1, 5, 0, 0, 37 ]
[ -4, -3, 0, 3, 2, 21, 0, 0, 37 ]
[ -4, -3, 0, 2, 1, 5, 3, 2, 21 ]
[ 1, 0, -11, -1, 1, 1, 0, 0, 37 ]
[ 37, 0, 0, 16, 1, 0, 10, 0, 1 ]
[ 16, 1, 0, -5, 2, 0, -6, -1, 1 ]
[ 10, 0, 1, 16, 1, 0, 3, 0, 4 ]
[ 1, 7, 0, 0, 37, 0, 0, 4, 1 ]
[ 5, -2, 0, 1, 7, 0, -1, -3, 1 ]
[ 6, 1, -1, -5, 2, 0, -1, 1, 2 ]
[ -16, -1, 0, -6, -1, 1, 3, 0, 4 ]
[ 1, 0, -11, 16, 1, 0, 0, 0, 37 ]
[ 3, 0, 4, 16, 1, 0, -1, 0, 11 ]
[ -1, -7, 0, 0, -1, 9, 0, 0, 37 ]
[ 1, 7, 0, 0, 4, 1, 0, -1, 9 ]
[ 0, -1, 9, 1, 7, 0, 0, 0, 37 ]
[ -1, -3, 1, 0, -1, 9, 0, 0, 37 ]
[ 1, 3, -1, 1, 7, 0, 0, -1, 9 ]
[ -5, 2, 0, -1, -3, 1, -1, 1, 2 ]
[ -2, 1, 13, -5, 2, 0, 0, 0, 37 ]
[ -1, 1, 2, -2, 1, 13, 0, 0, 37 ]
[ -1, 1, 2, -5, 2, 0, -2, 1, 13 ]
[ 6, 1, -1, -1, 1, 2, 3, 0, 4 ]
[ -1, 0, 11, -6, -1, 1, 0, 0, 37 ]
[ -3, 0, -4, -6, -1, 1, -1, 0, 11 ]
[ 16, 1, 0, -1, 0, 11, 0, 0, 37 ]
[ -16, -1, 0, 3, 0, 4, -1, 0, 11 ]
[ 0, 1, -9, -1, -3, 1, 0, 0, 37 ]
[ -1, 1, 2, 0, -1, 9, 0, 0, 37 ]
[ -1, 1, 2, -1, -3, 1, 0, -1, 9 ]
[ 2, -1, -13, -1, 1, 2, 0, 0, 37 ]
[ 5, -2, 0, -2, 1, 13, 0, 0, 37 ]
[ 5, -2, 0, -1, 1, 2, -2, 1, 13 ]
[ 1, 0, -11, -1, 1, 2, 0, 0, 37 ]
[ 3, 0, 4, -1, 1, 2, -1, 0, 11 ]
[ 6, 1, -1, -1, 0, 11, 0, 0, 37 ]
[ -6, -1, 1, 3, 0, 4, -1, 0, 11 ]
[ 37, 0, 0, 6, 1, 0, 10, 0, 1 ]
[ 1, -6, 0, 0, 37, 0, 0, -14, 1 ]
[ 6, 1, 0, -1, 6, 0, -2, -2, 1 ]
[ 10, 0, 1, 6, 1, 0, 3, 0, 4 ]
[ -1, 6, 0, 0, -14, 1, 0, -5, 3 ]
[ 2, 2, -1, -1, 6, 0, -1, 1, 3 ]
[ -6, -1, 0, -2, -2, 1, -3, -1, 4 ]
[ 1, 0, -11, 6, 1, 0, 0, 0, 37 ]
[ 3, 0, 4, 6, 1, 0, -1, 0, 11 ]
[ -1, 6, 0, 0, -1, 8, 0, 0, 37 ]
[ -1, 6, 0, 0, -5, 3, 0, -1, 8 ]
[ 0, 1, -8, -1, 6, 0, 0, 0, 37 ]
[ -1, 1, 3, 0, -1, 8, 0, 0, 37 ]
[ 1, -1, -3, -1, 6, 0, 0, -1, 8 ]
[ 1, 0, -11, -1, 1, 3, 0, 0, 37 ]
[ 2, 2, -1, -1, 1, 3, -1, 0, 11 ]
[ 3, 1, -4, -1, 0, 11, 0, 0, 37 ]
[ -3, -1, 4, -2, -2, 1, -1, 0, 11 ]
[ -1, 0, 11, -3, -1, 4, 0, 0, 37 ]
[ 6, 1, 0, -1, 0, 11, 0, 0, 37 ]
[ -6, -1, 0, -3, -1, 4, -1, 0, 11 ]
[ 1, 1, -19, -1, 0, 11, 0, 0, 37 ]
[ 2, 2, -1, -1, 0, 11, -1, -1, 19 ]
[ -1, 0, 11, -1, -1, 19, 0, 0, 37 ]
[ -1, 0, 11, -2, -2, 1, -1, -1, 19 ]
[ 37, 0, 0, -4, 1, 0, 10, 0, 1 ]
[ 1, 9, 0, 0, 37, 0, 0, -16, 1 ]
[ 4, -1, 0, 1, 9, 0, 2, 2, 1 ]
[ 10, 0, 1, -4, 1, 0, 3, 0, 4 ]
[ -1, -9, 0, 0, -16, 1, 0, 5, 2 ]
[ 2, 2, 1, 1, 9, 0, -1, -4, 2 ]
[ 4, -1, 0, 2, 2, 1, -1, 1, 4 ]
[ 1, 0, -11, -4, 1, 0, 0, 0, 37 ]
[ 3, 0, 4, -4, 1, 0, -1, 0, 11 ]
[ -1, -9, 0, 0, -1, 7, 0, 0, 37 ]
[ 1, 9, 0, 0, 5, 2, 0, -1, 7 ]
[ 0, -1, 7, 1, 9, 0, 0, 0, 37 ]
[ -1, -4, 2, 0, -1, 7, 0, 0, 37 ]
[ 1, 4, -2, 1, 9, 0, 0, -1, 7 ]
[ 0, 1, -7, -1, -4, 2, 0, 0, 37 ]
[ -2, -2, -1, -1, -4, 2, 0, -1, 7 ]
[ -1, 1, 4, -1, 0, 11, 0, 0, 37 ]
[ 1, -1, -4, 2, 2, 1, -1, 0, 11 ]
[ 1, 0, -11, -1, 1, 4, 0, 0, 37 ]
[ -4, 1, 0, -1, 0, 11, 0, 0, 37 ]
[ 4, -1, 0, -1, 1, 4, -1, 0, 11 ]
[ -1, -1, -19, 0, -1, 7, 0, 0, 37 ]
[ -2, -2, -1, 0, -1, 7, 1, 1, 19 ]
[ 1, 0, -11, 1, 1, 19, 0, 0, 37 ]
[ 1, 0, -11, 2, 2, 1, 1, 1, 19 ]
[ 37, 0, 0, -14, 1, 0, 10, 0, 1 ]
[ 14, -1, 0, -5, 3, 0, -4, 1, 1 ]
[ 10, 0, 1, -14, 1, 0, 3, 0, 4 ]
[ 1, -8, 0, 0, 37, 0, 0, 6, 1 ]
[ 5, -3, 0, -1, 8, 0, 1, -2, 1 ]
[ 4, -1, -1, -5, 3, 0, -1, 1, 5 ]
[ 14, -1, 0, -4, 1, 1, 3, 0, 4 ]
[ 1, 0, -11, -14, 1, 0, 0, 0, 37 ]
[ 3, 0, 4, -14, 1, 0, -1, 0, 11 ]
[ -1, 8, 0, 0, -1, 6, 0, 0, 37 ]
[ 1, -8, 0, 0, 6, 1, 0, -1, 6 ]
[ 0, 1, -6, -1, 8, 0, 0, 0, 37 ]
[ -1, 2, -1, 0, -1, 6, 0, 0, 37 ]
[ 1, -2, 1, -1, 8, 0, 0, -1, 6 ]
[ -1, 1, 5, 1, -2, 1, 0, 0, 37 ]
[ -5, 3, 0, 1, -2, 1, -1, 1, 5 ]
[ -3, 2, 21, -5, 3, 0, 0, 0, 37 ]
[ -1, 1, 5, -3, 2, 21, 0, 0, 37 ]
[ -1, 1, 5, -5, 3, 0, -3, 2, 21 ]
[ 1, 0, -11, -1, 1, 5, 0, 0, 37 ]
[ -4, 1, 1, -1, 0, 11, 0, 0, 37 ]
[ 4, -1, -1, -1, 1, 5, -1, 0, 11 ]
[ 1, 0, -11, -4, 1, 1, 0, 0, 37 ]
[ 3, 0, 4, -4, 1, 1, -1, 0, 11 ]
[ -14, 1, 0, -1, 0, 11, 0, 0, 37 ]
[ 14, -1, 0, 3, 0, 4, -1, 0, 11 ]
[ 3, -2, -21, -1, 1, 5, 0, 0, 37 ]
[ 5, -3, 0, -3, 2, 21, 0, 0, 37 ]
[ 5, -3, 0, -1, 1, 5, -3, 2, 21 ]
[ 37, 0, 0, 13, 1, 0, 10, 0, 1 ]
[ 13, 1, 0, 2, 3, 0, -3, -1, 1 ]
[ 10, 0, 1, 13, 1, 0, 3, 0, 4 ]
[ 1, 20, 0, 0, 37, 0, 0, -15, 1 ]
[ 2, 3, 0, 1, 20, 0, 1, 5, 1 ]
[ 3, 1, -1, 2, 3, 0, 0, -1, 5 ]
[ -13, -1, 0, -3, -1, 1, 3, 0, 4 ]
[ 1, 0, -11, 13, 1, 0, 0, 0, 37 ]
[ 3, 0, 4, 13, 1, 0, -1, 0, 11 ]
[ -1, -20, 0, 0, -15, 1, 0, 7, 2 ]
[ 1, 5, 1, 1, 20, 0, 0, 7, 2 ]
[ 0, -1, 5, 1, 5, 1, 0, 0, 37 ]
[ 2, 3, 0, 1, 5, 1, 0, -1, 5 ]
[ 1, 1, 21, 2, 3, 0, 0, 0, 37 ]
[ 0, -1, 5, 1, 1, 21, 0, 0, 37 ]
[ 0, -1, 5, 2, 3, 0, 1, 1, 21 ]
[ -1, 0, 11, 0, -1, 5, 0, 0, 37 ]
[ 3, 1, -1, -1, 0, 11, 0, 0, 37 ]
[ -3, -1, 1, 0, -1, 5, -1, 0, 11 ]
[ -1, 0, 11, -3, -1, 1, 0, 0, 37 ]
[ -3, 0, -4, -3, -1, 1, -1, 0, 11 ]
[ 13, 1, 0, -1, 0, 11, 0, 0, 37 ]
[ -13, -1, 0, 3, 0, 4, -1, 0, 11 ]
[ -1, -20, 0, 0, -1, 5, 0, 0, 37 ]
[ 1, 20, 0, 0, 7, 2, 0, -1, 5 ]
[ 0, -1, 5, 1, 20, 0, 0, 0, 37 ]
[ 0, -7, -2, 1, 20, 0, 0, -1, 5 ]
[ -1, -5, -1, 0, -1, 5, 0, 0, 37 ]
[ 1, 5, 1, 0, 7, 2, 0, -1, 5 ]
[ -1, -1, -21, 0, -1, 5, 0, 0, 37 ]
[ -2, -3, 0, 1, 1, 21, 0, 0, 37 ]
[ -2, -3, 0, 0, -1, 5, 1, 1, 21 ]
[ 37, 0, 0, 3, 1, 0, 10, 0, 1 ]
[ 1, -12, 0, 0, 37, 0, 0, 9, 1 ]
[ 3, 1, 0, -1, 12, 0, 1, -3, 1 ]
[ 10, 0, 1, 3, 1, 0, 3, 0, 4 ]
[ -1, 12, 0, 0, -1, 4, 0, 0, 37 ]
[ 1, -12, 0, 0, 9, 1, 0, -1, 4 ]
[ 0, 1, -4, -1, 12, 0, 0, 0, 37 ]
[ -1, 3, -1, 0, -1, 4, 0, 0, 37 ]
[ 1, -3, 1, -1, 12, 0, 0, -1, 4 ]
[ 0, -1, 4, 1, -3, 1, 0, 0, 37 ]
[ -3, -1, 0, 1, -3, 1, 0, -1, 4 ]
[ 1, 0, -11, 3, 1, 0, 0, 0, 37 ]
[ 3, 0, 4, 3, 1, 0, -1, 0, 11 ]
[ -1, 0, 11, 0, -1, 4, 0, 0, 37 ]
[ 3, 1, 0, -1, 0, 11, 0, 0, 37 ]
[ -3, -1, 0, 0, -1, 4, -1, 0, 11 ]
[ 37, 0, 0, -7, 1, 0, 10, 0, 1 ]
[ 7, -1, 0, 2, 5, 0, 3, 1, 1 ]
[ 10, 0, 1, -7, 1, 0, 3, 0, 4 ]
[ 1, 21, 0, 0, 37, 0, 0, 12, 1 ]
[ 2, 5, 0, 1, 21, 0, -1, -9, 1 ]
[ 3, 1, 1, 2, 5, 0, 0, -1, 3 ]
[ 7, -1, 0, 3, 1, 1, 3, 0, 4 ]
[ 1, 0, -11, -7, 1, 0, 0, 0, 37 ]
[ 3, 0, 4, -7, 1, 0, -1, 0, 11 ]
[ -1, -21, 0, 0, -1, 3, 0, 0, 37 ]
[ 1, 21, 0, 0, 12, 1, 0, -1, 3 ]
[ 0, -1, 3, 1, 21, 0, 0, 0, 37 ]
[ -1, -9, 1, 0, -1, 3, 0, 0, 37 ]
[ 1, 9, -1, 1, 21, 0, 0, -1, 3 ]
[ 0, 1, -3, -1, -9, 1, 0, 0, 37 ]
[ -2, -5, 0, -1, -9, 1, 0, -1, 3 ]
[ 1, 2, 20, 2, 5, 0, 0, 0, 37 ]
[ 0, -1, 3, 1, 2, 20, 0, 0, 37 ]
[ 0, -1, 3, 2, 5, 0, 1, 2, 20 ]
[ -1, 0, 11, 0, -1, 3, 0, 0, 37 ]
[ 3, 1, 1, -1, 0, 11, 0, 0, 37 ]
[ -3, -1, -1, 0, -1, 3, -1, 0, 11 ]
[ 1, 0, -11, 3, 1, 1, 0, 0, 37 ]
[ 3, 0, 4, 3, 1, 1, -1, 0, 11 ]
[ -7, 1, 0, -1, 0, 11, 0, 0, 37 ]
[ 7, -1, 0, 3, 0, 4, -1, 0, 11 ]
[ -1, -2, -20, 0, -1, 3, 0, 0, 37 ]
[ -2, -5, 0, 1, 2, 20, 0, 0, 37 ]
[ -2, -5, 0, 0, -1, 3, 1, 2, 20 ]
[ 37, 0, 0, -17, 1, 0, 10, 0, 1 ]
[ 17, -1, 0, 3, 2, 0, -7, 1, 1 ]
[ 10, 0, 1, -17, 1, 0, 3, 0, 4 ]
[ 1, 13, 0, 0, 37, 0, 0, 18, 1 ]
[ 3, 2, 0, 1, 13, 0, -1, 5, 1 ]
[ 7, -1, -1, 3, 2, 0, 0, -1, 2 ]
[ 17, -1, 0, -7, 1, 1, 3, 0, 4 ]
[ 1, 0, -11, -17, 1, 0, 0, 0, 37 ]
[ 3, 0, 4, -17, 1, 0, -1, 0, 11 ]
[ -1, -13, 0, 0, -1, 2, 0, 0, 37 ]
[ 1, 13, 0, 0, 18, 1, 0, -1, 2 ]
[ 0, -1, 2, 1, 13, 0, 0, 0, 37 ]
[ -1, 5, 1, 0, -1, 2, 0, 0, 37 ]
[ 1, -5, -1, 1, 13, 0, 0, -1, 2 ]
[ 0, 1, -2, -1, 5, 1, 0, 0, 37 ]
[ 3, 2, 0, -1, 5, 1, 0, -1, 2 ]
[ -1, -1, 13, 3, 2, 0, 0, 0, 37 ]
[ 0, 1, -2, -1, -1, 13, 0, 0, 37 ]
[ 0, -1, 2, 3, 2, 0, -1, -1, 13 ]
[ -7, 1, 1, 0, -1, 2, 3, 0, 4 ]
[ 1, 0, -11, -7, 1, 1, 0, 0, 37 ]
[ 3, 0, 4, -7, 1, 1, -1, 0, 11 ]
[ -17, 1, 0, -1, 0, 11, 0, 0, 37 ]
[ 17, -1, 0, 3, 0, 4, -1, 0, 11 ]
[ -1, -1, 13, 0, -1, 2, 0, 0, 37 ]
[ -3, -2, 0, -1, -1, 13, 0, 0, 37 ]
[ -3, -2, 0, 0, -1, 2, -1, -1, 13 ]
[ -1, 0, 11, 0, -1, 2, 0, 0, 37 ]
[ -3, 0, -4, 0, -1, 2, -1, 0, 11 ]
[ -7, 1, 1, -1, 0, 11, 0, 0, 37 ]
[ 7, -1, -1, 3, 0, 4, -1, 0, 11 ]
[ 37, 0, 0, 10, 1, 0, 10, 0, 1 ]
[ 10, 1, 0, 3, 4, 0, 0, -1, 1 ]
[ 10, 0, 1, 10, 1, 0, 3, 0, 4 ]
[ -1, 11, 0, 0, -1, 1, 0, 0, 37 ]
[ 1, -11, 0, 0, 37, 0, 0, -1, 1 ]
[ 0, 1, -1, -1, 11, 0, 0, 0, 37 ]
[ 3, 4, 0, -1, 11, 0, 0, -1, 1 ]
[ 1, 1, -12, 3, 4, 0, 0, 0, 37 ]
[ 0, 1, -1, -1, -1, 12, 0, 0, 37 ]
[ 0, -1, 1, 3, 4, 0, -1, -1, 12 ]
[ -10, -1, 0, 0, -1, 1, 3, 0, 4 ]
[ 1, 0, -11, 10, 1, 0, 0, 0, 37 ]
[ 3, 0, 4, 10, 1, 0, -1, 0, 11 ]
[ -1, -1, 12, 0, -1, 1, 0, 0, 37 ]
[ 3, 4, 0, -1, -1, 12, 0, 0, 37 ]
[ -3, -4, 0, 0, -1, 1, -1, -1, 12 ]
[ -1, 0, 11, 0, -1, 1, 0, 0, 37 ]
[ -3, 0, -4, 0, -1, 1, -1, 0, 11 ]
[ 10, 1, 0, -1, 0, 11, 0, 0, 37 ]
[ -10, -1, 0, 3, 0, 4, -1, 0, 11 ]
[ 37, 0, 0, 0, 1, 0, 11, 0, 1 ]
[ 11, 0, 1, 0, 1, 0, -4, 0, 3 ]
[ 1, 0, -10, 0, 1, 0, 0, 0, 37 ]
[ 4, 0, -3, 0, 1, 0, -1, 0, 10 ]
[ 37, 0, 0, -11, 1, 0, 11, 0, 1 ]
[ 11, -1, 0, 4, 3, 0, 0, 1, 1 ]
[ 11, 0, 1, -11, 1, 0, -4, 0, 3 ]
[ 1, 10, 0, 0, 1, 1, 0, 0, 37 ]
[ 1, 10, 0, 0, 37, 0, 0, 1, 1 ]
[ 0, -1, -1, 1, 10, 0, 0, 0, 37 ]
[ 4, 3, 0, 1, 10, 0, 0, 1, 1 ]
[ -1, -1, 9, 4, 3, 0, 0, 0, 37 ]
[ 0, 1, 1, -1, -1, 9, 0, 0, 37 ]
[ 0, -1, -1, 4, 3, 0, -1, -1, 9 ]
[ 11, -1, 0, 0, 1, 1, -4, 0, 3 ]
[ 1, 0, -10, -11, 1, 0, 0, 0, 37 ]
[ 4, 0, -3, -11, 1, 0, -1, 0, 10 ]
[ 1, 1, -9, 0, 1, 1, 0, 0, 37 ]
[ -4, -3, 0, -1, -1, 9, 0, 0, 37 ]
[ 4, 3, 0, 0, 1, 1, -1, -1, 9 ]
[ 1, 0, -10, 0, 1, 1, 0, 0, 37 ]
[ 4, 0, -3, 0, 1, 1, -1, 0, 10 ]
[ -11, 1, 0, -1, 0, 10, 0, 0, 37 ]
[ -11, 1, 0, -4, 0, 3, -1, 0, 10 ]
[ 37, 0, 0, 15, 1, 0, 11, 0, 1 ]
[ 15, 1, 0, -7, 2, 0, -4, -1, 1 ]
[ 11, 0, 1, 15, 1, 0, -4, 0, 3 ]
[ 1, 5, 0, 0, 37, 0, 0, -18, 1 ]
[ 7, -2, 0, 1, 5, 0, 3, -3, 1 ]
[ 4, 1, -1, -7, 2, 0, 0, 1, 2 ]
[ -15, -1, 0, -4, -1, 1, -4, 0, 3 ]
[ 1, 0, -10, 15, 1, 0, 0, 0, 37 ]
[ 4, 0, -3, 15, 1, 0, -1, 0, 10 ]
[ 1, 5, 0, 0, 1, 2, 0, 0, 37 ]
[ -1, -5, 0, 0, -18, 1, 0, 1, 2 ]
[ 0, -1, -2, 1, 5, 0, 0, 0, 37 ]
[ 3, -3, 1, 1, 5, 0, 0, 1, 2 ]
[ -7, 2, 0, 3, -3, 1, 0, 1, 2 ]
[ -3, 1, -5, -7, 2, 0, 0, 0, 37 ]
[ 0, 1, 2, -7, 2, 0, 3, -1, 5 ]
[ 1, 0, -10, 0, 1, 2, 0, 0, 37 ]
[ 4, 1, -1, -1, 0, 10, 0, 0, 37 ]
[ 4, 1, -1, 0, 1, 2, -1, 0, 10 ]
[ -1, 0, 10, -4, -1, 1, 0, 0, 37 ]
[ -4, 0, 3, -4, -1, 1, -1, 0, 10 ]
[ 15, 1, 0, -1, 0, 10, 0, 0, 37 ]
[ 15, 1, 0, -4, 0, 3, -1, 0, 10 ]
[ 1, -1, -12, 0, 1, 2, 0, 0, 37 ]
[ 3, -3, 1, 0, 1, 2, -1, 1, 12 ]
[ 0, 1, 2, -1, 1, 12, 0, 0, 37 ]
[ 0, -1, -2, 3, -3, 1, -1, 1, 12 ]
[ -7, 2, 0, 3, -1, 5, 0, 0, 37 ]
[ 7, -2, 0, 0, 1, 2, 3, -1, 5 ]
[ -1, 0, 10, 3, -1, 5, 0, 0, 37 ]
[ 0, 1, 2, -1, 0, 10, 0, 0, 37 ]
[ 0, -1, -2, 3, -1, 5, -1, 0, 10 ]
[ 1, 0, -10, 0, 1, 2, 0, 0, 37 ]
[ -3, 1, -5, -1, 0, 10, 0, 0, 37 ]
[ 3, -1, 5, 0, 1, 2, -1, 0, 10 ]
[ 37, 0, 0, 4, 1, 0, 11, 0, 1 ]
[ 1, -9, 0, 0, 37, 0, 0, -12, 1 ]
[ 4, 1, 0, -1, 9, 0, -1, -3, 1 ]
[ 11, 0, 1, 4, 1, 0, -4, 0, 3 ]
[ 1, -9, 0, 0, 1, 3, 0, 0, 37 ]
[ -1, 9, 0, 0, -12, 1, 0, 1, 3 ]
[ 0, 1, 3, -1, 9, 0, 0, 0, 37 ]
[ 1, 3, -1, 0, 1, 3, 0, 0, 37 ]
[ 1, 3, -1, -1, 9, 0, 0, 1, 3 ]
[ 0, 1, 3, -1, -3, 1, 0, 0, 37 ]
[ -4, -1, 0, -1, -3, 1, 0, 1, 3 ]
[ 1, 0, -10, 4, 1, 0, 0, 0, 37 ]
[ 4, 0, -3, 4, 1, 0, -1, 0, 10 ]
[ 1, 0, -10, 0, 1, 3, 0, 0, 37 ]
[ 4, 1, 0, -1, 0, 10, 0, 0, 37 ]
[ 4, 1, 0, 0, 1, 3, -1, 0, 10 ]
[ 37, 0, 0, -7, 1, 0, 11, 0, 1 ]
[ 7, -1, 0, 2, 5, 0, 4, 1, 1 ]
[ 11, 0, 1, -7, 1, 0, -4, 0, 3 ]
[ 1, 21, 0, 0, 37, 0, 0, -9, 1 ]
[ 2, 5, 0, 1, 21, 0, 0, -9, 1 ]
[ 1, 2, -2, 2, 5, 0, 0, 0, 37 ]
[ 4, 1, 1, 2, 5, 0, -1, -2, 2 ]
[ 7, -1, 0, 4, 1, 1, -4, 0, 3 ]
[ 1, 0, -10, -7, 1, 0, 0, 0, 37 ]
[ 4, 0, -3, -7, 1, 0, -1, 0, 10 ]
[ 1, 21, 0, 0, 1, 4, 0, 0, 37 ]
[ -1, -21, 0, 0, -9, 1, 0, 1, 4 ]
[ 0, -1, -4, 1, 21, 0, 0, 0, 37 ]
[ 0, -9, 1, 1, 21, 0, 0, 1, 4 ]
[ 2, 5, 0, 1, 3, 2, 0, 0, 37 ]
[ -2, -5, 0, 0, -9, 1, 1, 3, 2 ]
[ -1, -1, 6, -1, -2, 2, 0, 0, 37 ]
[ -4, -1, -1, -1, -2, 2, -1, -1, 6 ]
[ 1, 0, -10, 4, 1, 1, 0, 0, 37 ]
[ 4, 0, -3, 4, 1, 1, -1, 0, 10 ]
[ -7, 1, 0, -1, 0, 10, 0, 0, 37 ]
[ -7, 1, 0, -4, 0, 3, -1, 0, 10 ]
[ 1, 3, 2, 0, 1, 4, 0, 0, 37 ]
[ -1, -3, -2, 0, -9, 1, 0, 1, 4 ]
[ -1, 0, 10, -1, -1, 6, 0, 0, 37 ]
[ 4, 1, 1, -1, 0, 10, 0, 0, 37 ]
[ -4, -1, -1, -1, -1, 6, -1, 0, 10 ]
[ 37, 0, 0, -18, 1, 0, 11, 0, 1 ]
[ 1, 2, 0, 0, 37, 0, 0, 15, 1 ]
[ 18, -1, 0, 1, 2, 0, -7, 1, 1 ]
[ 11, 0, 1, -18, 1, 0, -4, 0, 3 ]
[ 1, 2, 0, 0, 15, 1, 0, -7, 2 ]
[ 7, -1, -1, 1, 2, 0, 3, -1, 2 ]
[ 18, -1, 0, -7, 1, 1, -4, 0, 3 ]
[ 1, 0, -10, -18, 1, 0, 0, 0, 37 ]
[ 4, 0, -3, -18, 1, 0, -1, 0, 10 ]
[ 1, 2, 0, 0, 1, 5, 0, 0, 37 ]
[ -1, -2, 0, 0, -7, 2, 0, 1, 5 ]
[ 0, -1, -5, 1, 2, 0, 0, 0, 37 ]
[ 3, -1, 2, 1, 2, 0, 0, 1, 5 ]
[ -1, 0, 10, 3, -1, 2, 0, 0, 37 ]
[ -7, 1, 1, -1, 0, 10, 0, 0, 37 ]
[ -7, 1, 1, 3, -1, 2, -1, 0, 10 ]
[ 1, 0, -10, -7, 1, 1, 0, 0, 37 ]
[ 4, 0, -3, -7, 1, 1, -1, 0, 10 ]
[ -18, 1, 0, -1, 0, 10, 0, 0, 37 ]
[ -18, 1, 0, -4, 0, 3, -1, 0, 10 ]
[ 1, 0, -10, 0, 1, 5, 0, 0, 37 ]
[ -3, 1, -2, -1, 0, 10, 0, 0, 37 ]
[ 3, -1, 2, 0, 1, 5, -1, 0, 10 ]
[ 37, 0, 0, 8, 1, 0, 11, 0, 1 ]
[ 8, 1, 0, 3, 5, 0, 3, -1, 1 ]
[ 11, 0, 1, 8, 1, 0, -4, 0, 3 ]
[ 1, 14, 0, 0, 37, 0, 0, -6, 1 ]
[ 3, 5, 0, 1, 14, 0, 0, -6, 1 ]
[ -1, -2, -2, 3, 5, 0, 0, 0, 37 ]
[ 3, -1, 1, 3, 5, 0, 1, 2, 2 ]
[ -8, -1, 0, 3, -1, 1, -4, 0, 3 ]
[ 1, 0, -10, 8, 1, 0, 0, 0, 37 ]
[ 4, 0, -3, 8, 1, 0, -1, 0, 10 ]
[ 1, 14, 0, 0, 1, 6, 0, 0, 37 ]
[ -1, -14, 0, 0, -6, 1, 0, 1, 6 ]
[ 0, -1, -6, 1, 14, 0, 0, 0, 37 ]
[ 0, -6, 1, 1, 14, 0, 0, 1, 6 ]
[ 3, 5, 0, 1, 2, 2, 0, 0, 37 ]
[ -3, -5, 0, 0, -6, 1, 1, 2, 2 ]
[ 0, -1, -6, 1, 2, 2, 0, 0, 37 ]
[ 3, -1, 1, 1, 2, 2, 0, 1, 6 ]
[ -1, 0, 10, 3, -1, 1, 0, 0, 37 ]
[ -4, 0, 3, 3, -1, 1, -1, 0, 10 ]
[ 8, 1, 0, -1, 0, 10, 0, 0, 37 ]
[ 8, 1, 0, -4, 0, 3, -1, 0, 10 ]
[ 1, 2, 2, 0, 1, 6, 0, 0, 37 ]
[ -1, -2, -2, 0, -6, 1, 0, 1, 6 ]
[ 1, 0, -10, 0, 1, 6, 0, 0, 37 ]
[ -3, 1, -1, -1, 0, 10, 0, 0, 37 ]
[ 3, -1, 1, 0, 1, 6, -1, 0, 10 ]
[ 37, 0, 0, -3, 1, 0, 11, 0, 1 ]
[ 1, 12, 0, 0, 37, 0, 0, 16, 1 ]
[ 3, -1, 0, 1, 12, 0, -1, 4, 1 ]
[ 11, 0, 1, -3, 1, 0, -4, 0, 3 ]
[ 1, 12, 0, 0, 16, 1, 0, -5, 2 ]
[ 1, -4, -1, 1, 12, 0, 0, -5, 2 ]
[ 3, -1, 0, -1, 4, 1, -1, -1, 3 ]
[ 1, 0, -10, -3, 1, 0, 0, 0, 37 ]
[ 4, 0, -3, -3, 1, 0, -1, 0, 10 ]
[ 1, 12, 0, 0, 1, 7, 0, 0, 37 ]
[ -1, -12, 0, 0, -5, 2, 0, 1, 7 ]
[ 0, -1, -7, 1, 12, 0, 0, 0, 37 ]
[ 0, -5, 2, 1, 12, 0, 0, 1, 7 ]
[ 1, -4, -1, 0, 1, 7, 0, 0, 37 ]
[ -1, 4, 1, 0, -5, 2, 0, 1, 7 ]
[ 0, 1, 7, -1, 4, 1, 0, 0, 37 ]
[ 1, 1, -3, 0, 1, 7, 0, 0, 37 ]
[ 1, 1, -3, -1, 4, 1, 0, 1, 7 ]
[ -1, 0, 10, -1, -1, 3, 0, 0, 37 ]
[ -3, 1, 0, -1, 0, 10, 0, 0, 37 ]
[ -3, 1, 0, -1, -1, 3, -1, 0, 10 ]
[ 37, 0, 0, -14, 1, 0, 11, 0, 1 ]
[ 14, -1, 0, -5, 3, 0, -3, 1, 1 ]
[ 11, 0, 1, -14, 1, 0, -4, 0, 3 ]
[ 1, -8, 0, 0, 37, 0, 0, 14, 1 ]
[ 5, -3, 0, -1, 8, 0, 2, -2, 1 ]
[ 2, -1, 9, -5, 3, 0, 0, 0, 37 ]
[ -3, 1, 1, 2, -1, 9, 0, 0, 37 ]
[ 3, -1, -1, -5, 3, 0, 2, -1, 9 ]
[ 14, -1, 0, -3, 1, 1, -4, 0, 3 ]
[ 1, 0, -10, -14, 1, 0, 0, 0, 37 ]
[ 4, 0, -3, -14, 1, 0, -1, 0, 10 ]
[ 1, -8, 0, 0, 14, 1, 0, 5, 3 ]
[ 2, -2, 1, -1, 8, 0, 1, -3, 3 ]
[ 5, -3, 0, -3, 2, 9, 0, 0, 37 ]
[ -5, 3, 0, 2, -2, 1, -3, 2, 9 ]
[ 1, 0, -10, -3, 1, 1, 0, 0, 37 ]
[ 4, 0, -3, -3, 1, 1, -1, 0, 10 ]
[ -14, 1, 0, -1, 0, 10, 0, 0, 37 ]
[ -14, 1, 0, -4, 0, 3, -1, 0, 10 ]
[ 1, -8, 0, 0, 1, 8, 0, 0, 37 ]
[ 1, -8, 0, 0, 5, 3, 0, 1, 8 ]
[ 0, 1, 8, -1, 8, 0, 0, 0, 37 ]
[ 1, -3, 3, 0, 1, 8, 0, 0, 37 ]
[ 1, -3, 3, -1, 8, 0, 0, 1, 8 ]
[ -1, 2, -11, 1, -3, 3, 0, 0, 37 ]
[ -2, 2, -1, 1, -3, 3, 1, -2, 11 ]
[ -3, 2, 9, 1, -1, 19, 0, 0, 37 ]
[ -3, 2, 9, 2, -2, 1, 1, -1, 19 ]
[ -1, 1, -19, 1, -2, 11, 0, 0, 37 ]
[ -2, 2, -1, 1, -2, 11, 1, -1, 19 ]
[ 37, 0, 0, 12, 1, 0, 11, 0, 1 ]
[ 1, -3, 0, 0, 37, 0, 0, -4, 1 ]
[ 12, 1, 0, -1, 3, 0, -1, -1, 1 ]
[ 11, 0, 1, 12, 1, 0, -4, 0, 3 ]
[ 1, -3, 0, 0, 1, 9, 0, 0, 37 ]
[ -1, 3, 0, 0, -4, 1, 0, 1, 9 ]
[ 0, 1, 9, -1, 3, 0, 0, 0, 37 ]
[ 1, 1, -1, 0, 1, 9, 0, 0, 37 ]
[ 1, 1, -1, -1, 3, 0, 0, 1, 9 ]
[ -12, -1, 0, -1, -1, 1, -4, 0, 3 ]
[ 1, 0, -10, 12, 1, 0, 0, 0, 37 ]
[ 4, 0, -3, 12, 1, 0, -1, 0, 10 ]
[ -1, 0, 10, -1, -1, 1, 0, 0, 37 ]
[ -4, 0, 3, -1, -1, 1, -1, 0, 10 ]
[ 12, 1, 0, -1, 0, 10, 0, 0, 37 ]
[ 12, 1, 0, -4, 0, 3, -1, 0, 10 ]
[ 1, 1, 0, 0, 37, 0, 0, -11, 1 ]
[ 37, 0, 0, 1, 1, 0, 11, 0, 1 ]
[ -1, -1, 0, 0, -11, 1, 0, 4, 3 ]
[ 11, 0, 1, 1, 1, 0, -4, 0, 3 ]
[ 1, 1, 0, 0, 1, 10, 0, 0, 37 ]
[ 1, 1, 0, 0, 4, 3, 0, 1, 10 ]
[ 1, 0, -10, 1, 1, 0, 0, 0, 37 ]
[ 4, 0, -3, 1, 1, 0, -1, 0, 10 ]
[ 37, 0, 0, -10, 1, 0, 11, 0, 1 ]
[ 10, -1, 0, -3, 4, 0, 1, 1, 1 ]
[ 11, 0, 1, -10, 1, 0, -4, 0, 3 ]
[ 1, 11, 0, 0, 37, 0, 0, -10, 1 ]
[ 3, -4, 0, 1, 11, 0, 1, 1, 1 ]
[ 1, 1, 1, -3, 4, 0, 1, -2, 5 ]
[ 10, -1, 0, 1, 1, 1, -4, 0, 3 ]
[ 1, 0, -10, -10, 1, 0, 0, 0, 37 ]
[ 4, 0, -3, -10, 1, 0, -1, 0, 10 ]
[ -1, -11, 0, 0, -10, 1, 0, -3, 4 ]
[ 1, 1, 1, 1, 11, 0, 0, -3, 4 ]
[ 3, -4, 0, 1, 1, 1, 1, -2, 5 ]
[ 1, -1, -21, -3, 4, 0, 0, 0, 37 ]
[ -1, 2, -5, -1, 1, 21, 0, 0, 37 ]
[ -1, 2, -5, -3, 4, 0, -1, 1, 21 ]
[ 0, -1, -11, 1, -2, 5, 0, 0, 37 ]
[ 1, 1, 1, 0, 1, 11, 0, 0, 37 ]
[ -1, -1, -1, 1, -2, 5, 0, 1, 11 ]
[ 1, 0, -10, 1, 1, 1, 0, 0, 37 ]
[ 4, 0, -3, 1, 1, 1, -1, 0, 10 ]
[ -10, 1, 0, -1, 0, 10, 0, 0, 37 ]
[ -10, 1, 0, -4, 0, 3, -1, 0, 10 ]
[ 1, 11, 0, 0, 1, 11, 0, 0, 37 ]
[ -1, -11, 0, 0, -3, 4, 0, 1, 11 ]
[ 0, -1, -11, 1, 11, 0, 0, 0, 37 ]
[ 0, -3, 4, 1, 11, 0, 0, 1, 11 ]
[ -1, -1, -1, 0, -3, 4, 0, 1, 11 ]
[ 0, -1, -11, 1, 1, 1, 0, 0, 37 ]
[ 1, -2, 5, 0, 1, 11, 0, 0, 37 ]
[ 1, -2, 5, 1, 1, 1, 0, 1, 11 ]
[ -1, 1, 21, 1, -2, 5, 0, 0, 37 ]
[ -3, 4, 0, -1, 1, 21, 0, 0, 37 ]
[ -3, 4, 0, 1, -2, 5, -1, 1, 21 ]
[ 1, 1, 1, 0, 1, 11, 0, 0, 37 ]
[ 37, 0, 0, 16, 1, 0, 11, 0, 1 ]
[ 16, 1, 0, -5, 2, 0, -5, -1, 1 ]
[ 11, 0, 1, 16, 1, 0, -4, 0, 3 ]
[ 1, 7, 0, 0, 37, 0, 0, -3, 1 ]
[ 5, -2, 0, 1, 7, 0, 0, -3, 1 ]
[ 5, 1, -1, -5, 2, 0, 1, 1, 2 ]
[ -16, -1, 0, -5, -1, 1, -4, 0, 3 ]
[ 1, 0, -10, 16, 1, 0, 0, 0, 37 ]
[ 4, 0, -3, 16, 1, 0, -1, 0, 10 ]
[ 1, 7, 0, 0, 1, 12, 0, 0, 37 ]
[ -1, -7, 0, 0, -3, 1, 0, 1, 12 ]
[ 0, -1, -12, 1, 7, 0, 0, 0, 37 ]
[ 0, -3, 1, 1, 7, 0, 0, 1, 12 ]
[ -5, 2, 0, 0, -3, 1, 1, 1, 2 ]
[ -2, 1, -5, -5, 2, 0, 0, 0, 37 ]
[ 1, 1, 2, -5, 2, 0, 2, -1, 5 ]
[ 1, 0, -10, 1, 1, 2, 0, 0, 37 ]
[ 5, 1, -1, -1, 0, 10, 0, 0, 37 ]
[ 5, 1, -1, 1, 1, 2, -1, 0, 10 ]
[ -1, 0, 10, -5, -1, 1, 0, 0, 37 ]
[ -4, 0, 3, -5, -1, 1, -1, 0, 10 ]
[ 16, 1, 0, -1, 0, 10, 0, 0, 37 ]
[ 16, 1, 0, -4, 0, 3, -1, 0, 10 ]
[ 1, 1, 2, 0, 1, 12, 0, 0, 37 ]
[ -1, -1, -2, 0, -3, 1, 0, 1, 12 ]
[ -5, 2, 0, 2, -1, 5, 0, 0, 37 ]
[ 5, -2, 0, 1, 1, 2, 2, -1, 5 ]
[ -1, 0, 10, 2, -1, 5, 0, 0, 37 ]
[ 1, 1, 2, -1, 0, 10, 0, 0, 37 ]
[ -1, -1, -2, 2, -1, 5, -1, 0, 10 ]
[ 1, 0, -10, 1, 1, 2, 0, 0, 37 ]
[ -2, 1, -5, -1, 0, 10, 0, 0, 37 ]
[ 2, -1, 5, 1, 1, 2, -1, 0, 10 ]
[ 37, 0, 0, 5, 1, 0, 11, 0, 1 ]
[ 5, 1, 0, -2, 7, 0, 1, -2, 1 ]
[ 11, 0, 1, 5, 1, 0, -4, 0, 3 ]
[ 1, -22, 0, 0, 37, 0, 0, -17, 1 ]
[ 2, -7, 0, -1, 22, 0, -1, 5, 1 ]
[ 1, -3, -12, -2, 7, 0, 0, 0, 37 ]
[ 1, -2, 1, -1, 3, 12, 0, 0, 37 ]
[ 1, -2, 1, -2, 7, 0, -1, 3, 12 ]
[ -5, -1, 0, 1, -2, 1, 1, 1, 3 ]
[ 1, 0, -10, 5, 1, 0, 0, 0, 37 ]
[ 4, 0, -3, 5, 1, 0, -1, 0, 10 ]
[ -1, 22, 0, 0, -17, 1, 0, 3, 2 ]
[ 1, -5, -1, -1, 22, 0, 0, 3, 2 ]
[ 1, -4, 12, -1, 5, 1, 0, 0, 37 ]
[ -2, 7, 0, 1, -4, 12, 0, 0, 37 ]
[ 2, -7, 0, -1, 5, 1, 1, -4, 12 ]
[ 0, -1, -13, 1, -2, 1, 0, 0, 37 ]
[ 1, 1, 3, 0, 1, 13, 0, 0, 37 ]
[ -1, -1, -3, 1, -2, 1, 0, 1, 13 ]
[ 1, 0, -10, 1, 1, 3, 0, 0, 37 ]
[ 5, 1, 0, -1, 0, 10, 0, 0, 37 ]
[ 5, 1, 0, 1, 1, 3, -1, 0, 10 ]
[ 1, -22, 0, 0, 1, 13, 0, 0, 37 ]
[ 1, -22, 0, 0, 3, 2, 0, 1, 13 ]
[ 0, 1, 13, -1, 22, 0, 0, 0, 37 ]
[ 0, 3, 2, -1, 22, 0, 0, 1, 13 ]
[ 1, -5, -1, 0, 1, 13, 0, 0, 37 ]
[ 1, -5, -1, 0, 3, 2, 0, 1, 13 ]
[ 37, 0, 0, -6, 1, 0, 11, 0, 1 ]
[ 1, 6, 0, 0, 37, 0, 0, 8, 1 ]
[ 6, -1, 0, 1, 6, 0, -1, 2, 1 ]
[ 11, 0, 1, -6, 1, 0, -4, 0, 3 ]
[ 1, 6, 0, 0, 8, 1, 0, 3, 5 ]
[ 1, -2, -1, 1, 6, 0, 0, 3, 5 ]
[ 6, -1, 0, -1, 2, 1, 2, -1, 3 ]
[ 1, 0, -10, -6, 1, 0, 0, 0, 37 ]
[ 4, 0, -3, -6, 1, 0, -1, 0, 10 ]
[ 1, 6, 0, 0, 1, 14, 0, 0, 37 ]
[ 1, 6, 0, 0, 3, 5, 0, 1, 14 ]
[ 0, -1, -14, 1, 6, 0, 0, 0, 37 ]
[ 0, -3, -5, 1, 6, 0, 0, 1, 14 ]
[ 1, -2, -1, 0, 1, 14, 0, 0, 37 ]
[ 1, -2, -1, 0, 3, 5, 0, 1, 14 ]
[ 1, -1, 13, -1, 2, 1, 0, 0, 37 ]
[ -2, 1, -3, 1, -1, 13, 0, 0, 37 ]
[ 2, -1, 3, -1, 2, 1, 1, -1, 13 ]
[ -1, 0, 10, 2, -1, 3, 0, 0, 37 ]
[ -6, 1, 0, -1, 0, 10, 0, 0, 37 ]
[ -6, 1, 0, 2, -1, 3, -1, 0, 10 ]
[ 37, 0, 0, -17, 1, 0, 11, 0, 1 ]
[ 17, -1, 0, 3, 2, 0, -6, 1, 1 ]
[ 11, 0, 1, -17, 1, 0, -4, 0, 3 ]
[ 1, 13, 0, 0, 37, 0, 0, 5, 1 ]
[ 3, 2, 0, 1, 13, 0, 0, 5, 1 ]
[ 6, -1, -1, 3, 2, 0, 2, -1, 2 ]
[ 17, -1, 0, -6, 1, 1, -4, 0, 3 ]
[ 1, 0, -10, -17, 1, 0, 0, 0, 37 ]
[ 4, 0, -3, -17, 1, 0, -1, 0, 10 ]
[ 1, 13, 0, 0, 5, 1, 0, -2, 7 ]
[ 0, -5, -1, 1, 13, 0, 0, -2, 7 ]
[ 3, 2, 0, 0, 5, 1, -1, -3, 2 ]
[ -1, -1, -5, 3, 2, 0, 0, 0, 37 ]
[ 2, -1, 2, 3, 2, 0, 1, 1, 5 ]
[ -1, 0, 10, 2, -1, 2, 0, 0, 37 ]
[ -6, 1, 1, -1, 0, 10, 0, 0, 37 ]
[ -6, 1, 1, 2, -1, 2, -1, 0, 10 ]
[ 1, 0, -10, -6, 1, 1, 0, 0, 37 ]
[ 4, 0, -3, -6, 1, 1, -1, 0, 10 ]
[ -17, 1, 0, -1, 0, 10, 0, 0, 37 ]
[ -17, 1, 0, -4, 0, 3, -1, 0, 10 ]
[ -1, -13, 0, 0, -1, 22, 0, 0, 37 ]
[ -1, -13, 0, 0, -2, 7, 0, -1, 22 ]
[ 0, -1, 22, 1, 13, 0, 0, 0, 37 ]
[ 0, -2, 7, 1, 13, 0, 0, -1, 22 ]
[ 1, 3, -2, 0, 5, 1, 0, -2, 7 ]
[ 3, 2, 0, 1, 1, 5, 0, 0, 37 ]
[ -3, -2, 0, -1, -3, 2, 1, 1, 5 ]
[ 1, 0, -10, 1, 1, 5, 0, 0, 37 ]
[ -2, 1, -2, -1, 0, 10, 0, 0, 37 ]
[ 2, -1, 2, 1, 1, 5, -1, 0, 10 ]
[ -1, -3, 2, 0, -1, 22, 0, 0, 37 ]
[ -1, -3, 2, 0, -2, 7, 0, -1, 22 ]
[ 0, 1, -22, -1, -3, 2, 0, 0, 37 ]
[ -1, -1, -5, 0, -1, 22, 0, 0, 37 ]
[ -1, -1, -5, -1, -3, 2, 0, -1, 22 ]
[ 37, 0, 0, 9, 1, 0, 11, 0, 1 ]
[ 1, -4, 0, 0, 37, 0, 0, 7, 1 ]
[ 9, 1, 0, -1, 4, 0, 2, -1, 1 ]
[ 11, 0, 1, 9, 1, 0, -4, 0, 3 ]
[ 1, -4, 0, 0, 7, 1, 0, -2, 5 ]
[ 2, -1, 1, -1, 4, 0, -1, 2, 5 ]
[ -9, -1, 0, 2, -1, 1, -4, 0, 3 ]
[ 1, 0, -10, 9, 1, 0, 0, 0, 37 ]
[ 4, 0, -3, 9, 1, 0, -1, 0, 10 ]
[ -1, 4, 0, 0, -1, 21, 0, 0, 37 ]
[ -1, 4, 0, 0, -2, 5, 0, -1, 21 ]
[ 1, -3, -21, -1, 4, 0, 0, 0, 37 ]
[ 1, -2, -5, -1, 3, 21, 0, 0, 37 ]
[ 1, -2, -5, -1, 4, 0, -1, 3, 21 ]
[ 1, -1, 11, -1, 2, 5, 0, 0, 37 ]
[ -2, 1, -1, 1, -1, 11, 0, 0, 37 ]
[ 2, -1, 1, -1, 2, 5, 1, -1, 11 ]
[ -1, 0, 10, 2, -1, 1, 0, 0, 37 ]
[ -4, 0, 3, 2, -1, 1, -1, 0, 10 ]
[ 9, 1, 0, -1, 0, 10, 0, 0, 37 ]
[ 9, 1, 0, -4, 0, 3, -1, 0, 10 ]
[ 37, 0, 0, -2, 1, 0, 11, 0, 1 ]
[ 1, -19, 0, 0, 37, 0, 0, -13, 1 ]
[ 2, -1, 0, -1, 19, 0, -1, 6, 1 ]
[ 11, 0, 1, -2, 1, 0, -4, 0, 3 ]
[ -1, 19, 0, 0, -13, 1, 0, -2, 3 ]
[ 1, -6, -1, -1, 19, 0, 0, -2, 3 ]
[ 2, -1, 0, -1, 6, 1, 0, -2, 3 ]
[ 1, 0, -10, -2, 1, 0, 0, 0, 37 ]
[ 4, 0, -3, -2, 1, 0, -1, 0, 10 ]
[ -1, 19, 0, 0, -1, 20, 0, 0, 37 ]
[ -1, 19, 0, 0, -2, 3, 0, -1, 20 ]
[ 0, 1, -20, -1, 19, 0, 0, 0, 37 ]
[ 0, 2, -3, -1, 19, 0, 0, -1, 20 ]
[ -1, 6, 1, 0, -1, 20, 0, 0, 37 ]
[ -1, 6, 1, 0, -2, 3, 0, -1, 20 ]
[ 0, 1, -20, -1, 6, 1, 0, 0, 37 ]
[ 0, 2, -3, -1, 6, 1, 0, -1, 20 ]
[ -2, 1, 0, -1, 0, 10, 0, 0, 37 ]
[ -2, 1, 0, 0, -2, 3, -1, 0, 10 ]
[ -1, 0, 10, 0, -1, 20, 0, 0, 37 ]
[ -1, 0, 10, 0, -2, 3, 0, -1, 20 ]
[ 37, 0, 0, -13, 1, 0, 11, 0, 1 ]
[ 13, -1, 0, -2, 3, 0, -2, 1, 1 ]
[ 11, 0, 1, -13, 1, 0, -4, 0, 3 ]
[ 1, -20, 0, 0, 37, 0, 0, -2, 1 ]
[ 2, -3, 0, -1, 20, 0, 0, -2, 1 ]
[ 1, -1, 9, -2, 3, 0, 0, 0, 37 ]
[ -2, 1, 1, 1, -1, 9, 0, 0, 37 ]
[ 2, -1, -1, -2, 3, 0, 1, -1, 9 ]
[ 13, -1, 0, -2, 1, 1, -4, 0, 3 ]
[ 1, 0, -10, -13, 1, 0, 0, 0, 37 ]
[ 4, 0, -3, -13, 1, 0, -1, 0, 10 ]
[ -1, 20, 0, 0, -1, 19, 0, 0, 37 ]
[ -1, 20, 0, 0, -2, 1, 0, -1, 19 ]
[ 0, 1, -19, -1, 20, 0, 0, 0, 37 ]
[ 0, 2, -1, -1, 20, 0, 0, -1, 19 ]
[ 2, -3, 0, -1, 2, 9, 0, 0, 37 ]
[ -2, 3, 0, 0, -2, 1, -1, 2, 9 ]
[ 1, 0, -10, -2, 1, 1, 0, 0, 37 ]
[ 4, 0, -3, -2, 1, 1, -1, 0, 10 ]
[ -13, 1, 0, -1, 0, 10, 0, 0, 37 ]
[ -13, 1, 0, -4, 0, 3, -1, 0, 10 ]
[ -1, 2, 9, 0, -1, 19, 0, 0, 37 ]
[ -1, 2, 9, 0, -2, 1, 0, -1, 19 ]
[ 37, 0, 0, 13, 1, 0, 11, 0, 1 ]
[ 13, 1, 0, 2, 3, 0, -2, -1, 1 ]
[ 11, 0, 1, 13, 1, 0, -4, 0, 3 ]
[ 1, 20, 0, 0, 37, 0, 0, 2, 1 ]
[ 2, 3, 0, 1, 20, 0, 0, 2, 1 ]
[ 1, 1, 9, 2, 3, 0, 0, 0, 37 ]
[ 2, 1, -1, 1, 1, 9, 0, 0, 37 ]
[ 2, 1, -1, 2, 3, 0, 1, 1, 9 ]
[ -13, -1, 0, -2, -1, 1, -4, 0, 3 ]
[ 1, 0, -10, 13, 1, 0, 0, 0, 37 ]
[ 4, 0, -3, 13, 1, 0, -1, 0, 10 ]
[ 1, 20, 0, 0, 1, 19, 0, 0, 37 ]
[ 1, 20, 0, 0, 2, 1, 0, 1, 19 ]
[ 0, -1, -19, 1, 20, 0, 0, 0, 37 ]
[ 0, -2, -1, 1, 20, 0, 0, 1, 19 ]
[ -2, -3, 0, 1, 1, 9, 0, 0, 37 ]
[ 2, 3, 0, 0, 2, 1, 1, 1, 9 ]
[ -1, 0, 10, -2, -1, 1, 0, 0, 37 ]
[ -4, 0, 3, -2, -1, 1, -1, 0, 10 ]
[ 13, 1, 0, -1, 0, 10, 0, 0, 37 ]
[ 13, 1, 0, -4, 0, 3, -1, 0, 10 ]
[ 1, 1, 9, 0, 1, 19, 0, 0, 37 ]
[ 1, 1, 9, 0, 2, 1, 0, 1, 19 ]
[ 37, 0, 0, 2, 1, 0, 11, 0, 1 ]
[ 1, 19, 0, 0, 37, 0, 0, 13, 1 ]
[ 2, 1, 0, 1, 19, 0, -1, -6, 1 ]
[ 11, 0, 1, 2, 1, 0, -4, 0, 3 ]
[ 1, 19, 0, 0, 13, 1, 0, 2, 3 ]
[ 1, 6, -1, 1, 19, 0, 0, 2, 3 ]
[ -2, -1, 0, -1, -6, 1, 0, 2, 3 ]
[ 1, 0, -10, 2, 1, 0, 0, 0, 37 ]
[ 4, 0, -3, 2, 1, 0, -1, 0, 10 ]
[ 1, 19, 0, 0, 1, 20, 0, 0, 37 ]
[ 1, 19, 0, 0, 2, 3, 0, 1, 20 ]
[ 0, -1, -20, 1, 19, 0, 0, 0, 37 ]
[ 0, -2, -3, 1, 19, 0, 0, 1, 20 ]
[ 1, 6, -1, 0, 1, 20, 0, 0, 37 ]
[ 1, 6, -1, 0, 2, 3, 0, 1, 20 ]
[ 0, 1, 20, -1, -6, 1, 0, 0, 37 ]
[ 0, 2, 3, -1, -6, 1, 0, 1, 20 ]
[ 2, 1, 0, 1, 1, 10, 0, 0, 37 ]
[ 2, 1, 0, 0, 2, 3, 1, 1, 10 ]
[ 1, 1, 10, 0, 1, 20, 0, 0, 37 ]
[ 1, 1, 10, 0, 2, 3, 0, 1, 20 ]
[ 37, 0, 0, -9, 1, 0, 11, 0, 1 ]
[ 1, 4, 0, 0, 37, 0, 0, -7, 1 ]
[ 9, -1, 0, 1, 4, 0, 2, 1, 1 ]
[ 11, 0, 1, -9, 1, 0, -4, 0, 3 ]
[ -1, -4, 0, 0, -7, 1, 0, 2, 5 ]
[ 2, 1, 1, 1, 4, 0, -1, -2, 5 ]
[ 9, -1, 0, 2, 1, 1, -4, 0, 3 ]
[ 1, 0, -10, -9, 1, 0, 0, 0, 37 ]
[ 4, 0, -3, -9, 1, 0, -1, 0, 10 ]
[ 1, 4, 0, 0, 1, 21, 0, 0, 37 ]
[ 1, 4, 0, 0, 2, 5, 0, 1, 21 ]
[ 0, -1, -21, 1, 4, 0, 0, 0, 37 ]
[ 1, 2, -5, 0, 1, 21, 0, 0, 37 ]
[ 1, 2, -5, 1, 4, 0, 0, 1, 21 ]
[ -1, -1, -11, -1, -2, 5, 0, 0, 37 ]
[ 2, 1, 1, 1, 1, 11, 0, 0, 37 ]
[ -2, -1, -1, -1, -2, 5, 1, 1, 11 ]
[ 1, 0, -10, 2, 1, 1, 0, 0, 37 ]
[ 4, 0, -3, 2, 1, 1, -1, 0, 10 ]
[ -9, 1, 0, -1, 0, 10, 0, 0, 37 ]
[ -9, 1, 0, -4, 0, 3, -1, 0, 10 ]
[ 37, 0, 0, 17, 1, 0, 11, 0, 1 ]
[ 17, 1, 0, -3, 2, 0, -6, -1, 1 ]
[ 11, 0, 1, 17, 1, 0, -4, 0, 3 ]
[ 1, -13, 0, 0, 37, 0, 0, -5, 1 ]
[ 3, -2, 0, -1, 13, 0, 0, -5, 1 ]
[ 6, 1, -1, -3, 2, 0, 2, 1, 2 ]
[ -17, -1, 0, -6, -1, 1, -4, 0, 3 ]
[ 1, 0, -10, 17, 1, 0, 0, 0, 37 ]
[ 4, 0, -3, 17, 1, 0, -1, 0, 10 ]
[ -1, 13, 0, 0, -5, 1, 0, 2, 7 ]
[ 0, 5, -1, -1, 13, 0, 0, 2, 7 ]
[ -3, 2, 0, 0, -5, 1, -1, 3, 2 ]
[ -1, 1, -5, -3, 2, 0, 0, 0, 37 ]
[ 2, 1, 2, -3, 2, 0, 1, -1, 5 ]
[ 1, 0, -10, 2, 1, 2, 0, 0, 37 ]
[ 6, 1, -1, -1, 0, 10, 0, 0, 37 ]
[ 6, 1, -1, 2, 1, 2, -1, 0, 10 ]
[ -1, 0, 10, -6, -1, 1, 0, 0, 37 ]
[ -4, 0, 3, -6, -1, 1, -1, 0, 10 ]
[ 17, 1, 0, -1, 0, 10, 0, 0, 37 ]
[ 17, 1, 0, -4, 0, 3, -1, 0, 10 ]
[ 1, -13, 0, 0, 1, 22, 0, 0, 37 ]
[ 1, -13, 0, 0, 2, 7, 0, 1, 22 ]
[ 0, 1, 22, -1, 13, 0, 0, 0, 37 ]
[ 0, 2, 7, -1, 13, 0, 0, 1, 22 ]
[ -1, 3, 2, 0, -5, 1, 0, 2, 7 ]
[ -3, 2, 0, 1, -1, 5, 0, 0, 37 ]
[ 3, -2, 0, -1, 3, 2, 1, -1, 5 ]
[ -1, 0, 10, 1, -1, 5, 0, 0, 37 ]
[ 2, 1, 2, -1, 0, 10, 0, 0, 37 ]
[ -2, -1, -2, 1, -1, 5, -1, 0, 10 ]
[ 1, -3, -2, 0, 1, 22, 0, 0, 37 ]
[ 1, -3, -2, 0, 2, 7, 0, 1, 22 ]
[ 0, 1, 22, -1, 3, 2, 0, 0, 37 ]
[ 1, -1, 5, 0, 1, 22, 0, 0, 37 ]
[ 1, -1, 5, -1, 3, 2, 0, 1, 22 ]
[ 37, 0, 0, 6, 1, 0, 11, 0, 1 ]
[ 1, -6, 0, 0, 37, 0, 0, -8, 1 ]
[ 6, 1, 0, -1, 6, 0, -1, -2, 1 ]
[ 11, 0, 1, 6, 1, 0, -4, 0, 3 ]
[ -1, 6, 0, 0, -8, 1, 0, -3, 5 ]
[ 1, 2, -1, -1, 6, 0, 0, -3, 5 ]
[ -6, -1, 0, -1, -2, 1, 2, 1, 3 ]
[ 1, 0, -10, 6, 1, 0, 0, 0, 37 ]
[ 4, 0, -3, 6, 1, 0, -1, 0, 10 ]
[ -1, 6, 0, 0, -1, 14, 0, 0, 37 ]
[ -1, 6, 0, 0, -3, 5, 0, -1, 14 ]
[ 0, 1, -14, -1, 6, 0, 0, 0, 37 ]
[ 0, 3, -5, -1, 6, 0, 0, -1, 14 ]
[ -1, -2, 1, 0, -1, 14, 0, 0, 37 ]
[ -1, -2, 1, 0, -3, 5, 0, -1, 14 ]
[ -1, -1, -13, -1, -2, 1, 0, 0, 37 ]
[ 2, 1, 3, 1, 1, 13, 0, 0, 37 ]
[ -2, -1, -3, -1, -2, 1, 1, 1, 13 ]
[ 1, 0, -10, 2, 1, 3, 0, 0, 37 ]
[ 6, 1, 0, -1, 0, 10, 0, 0, 37 ]
[ 6, 1, 0, 2, 1, 3, -1, 0, 10 ]
[ 37, 0, 0, -5, 1, 0, 11, 0, 1 ]
[ 5, -1, 0, 2, 7, 0, 1, 2, 1 ]
[ 11, 0, 1, -5, 1, 0, -4, 0, 3 ]
[ 1, 22, 0, 0, 37, 0, 0, 17, 1 ]
[ 2, 7, 0, 1, 22, 0, -1, -5, 1 ]
[ 1, 3, -12, 2, 7, 0, 0, 0, 37 ]
[ -1, -2, -1, -1, -3, 12, 0, 0, 37 ]
[ 1, 2, 1, 2, 7, 0, -1, -3, 12 ]
[ 5, -1, 0, 1, 2, 1, 1, -1, 3 ]
[ 1, 0, -10, -5, 1, 0, 0, 0, 37 ]
[ 4, 0, -3, -5, 1, 0, -1, 0, 10 ]
[ 1, 22, 0, 0, 17, 1, 0, -3, 2 ]
[ 1, 5, -1, 1, 22, 0, 0, -3, 2 ]
[ -1, -4, -12, -1, -5, 1, 0, 0, 37 ]
[ 2, 7, 0, 1, 4, 12, 0, 0, 37 ]
[ -2, -7, 0, -1, -5, 1, 1, 4, 12 ]
[ 0, -1, 13, 1, 2, 1, 0, 0, 37 ]
[ -1, 1, -3, 0, -1, 13, 0, 0, 37 ]
[ 1, -1, 3, 1, 2, 1, 0, -1, 13 ]
[ -1, 0, 10, 1, -1, 3, 0, 0, 37 ]
[ -5, 1, 0, -1, 0, 10, 0, 0, 37 ]
[ -5, 1, 0, 1, -1, 3, -1, 0, 10 ]
[ -1, -22, 0, 0, -1, 13, 0, 0, 37 ]
[ -1, -22, 0, 0, -3, 2, 0, -1, 13 ]
[ 0, -1, 13, 1, 22, 0, 0, 0, 37 ]
[ 0, -3, 2, 1, 22, 0, 0, -1, 13 ]
[ -1, -5, 1, 0, -1, 13, 0, 0, 37 ]
[ -1, -5, 1, 0, -3, 2, 0, -1, 13 ]
[ 37, 0, 0, -16, 1, 0, 11, 0, 1 ]
[ 16, -1, 0, 5, 2, 0, -5, 1, 1 ]
[ 11, 0, 1, -16, 1, 0, -4, 0, 3 ]
[ 1, -7, 0, 0, 37, 0, 0, 3, 1 ]
[ 5, 2, 0, -1, 7, 0, 0, 3, 1 ]
[ 5, -1, -1, 5, 2, 0, 1, -1, 2 ]
[ 16, -1, 0, -5, 1, 1, -4, 0, 3 ]
[ 1, 0, -10, -16, 1, 0, 0, 0, 37 ]
[ 4, 0, -3, -16, 1, 0, -1, 0, 10 ]
[ -1, 7, 0, 0, -1, 12, 0, 0, 37 ]
[ 1, -7, 0, 0, 3, 1, 0, -1, 12 ]
[ 0, 1, -12, -1, 7, 0, 0, 0, 37 ]
[ 0, 3, 1, -1, 7, 0, 0, -1, 12 ]
[ 5, 2, 0, 0, 3, 1, 1, -1, 2 ]
[ -2, -1, -5, 5, 2, 0, 0, 0, 37 ]
[ 1, -1, 2, 5, 2, 0, 2, 1, 5 ]
[ -1, 0, 10, 1, -1, 2, 0, 0, 37 ]
[ -5, 1, 1, -1, 0, 10, 0, 0, 37 ]
[ -5, 1, 1, 1, -1, 2, -1, 0, 10 ]
[ 1, 0, -10, -5, 1, 1, 0, 0, 37 ]
[ 4, 0, -3, -5, 1, 1, -1, 0, 10 ]
[ -16, 1, 0, -1, 0, 10, 0, 0, 37 ]
[ -16, 1, 0, -4, 0, 3, -1, 0, 10 ]
[ -1, 1, -2, 0, -1, 12, 0, 0, 37 ]
[ 1, -1, 2, 0, 3, 1, 0, -1, 12 ]
[ 5, 2, 0, 2, 1, 5, 0, 0, 37 ]
[ -5, -2, 0, 1, -1, 2, 2, 1, 5 ]
[ 1, 0, -10, 2, 1, 5, 0, 0, 37 ]
[ -1, 1, -2, -1, 0, 10, 0, 0, 37 ]
[ 1, -1, 2, 2, 1, 5, -1, 0, 10 ]
[ -1, 0, 10, 1, -1, 2, 0, 0, 37 ]
[ 2, 1, 5, -1, 0, 10, 0, 0, 37 ]
[ -2, -1, -5, 1, -1, 2, -1, 0, 10 ]
[ 37, 0, 0, 10, 1, 0, 11, 0, 1 ]
[ 10, 1, 0, 3, 4, 0, 1, -1, 1 ]
[ 11, 0, 1, 10, 1, 0, -4, 0, 3 ]
[ 1, -11, 0, 0, 37, 0, 0, 10, 1 ]
[ 3, 4, 0, -1, 11, 0, 1, -1, 1 ]
[ 1, -1, 1, 3, 4, 0, 1, 2, 5 ]
[ -10, -1, 0, 1, -1, 1, -4, 0, 3 ]
[ 1, 0, -10, 10, 1, 0, 0, 0, 37 ]
[ 4, 0, -3, 10, 1, 0, -1, 0, 10 ]
[ 1, -11, 0, 0, 10, 1, 0, 3, 4 ]
[ 1, -1, 1, -1, 11, 0, 0, 3, 4 ]
[ -3, -4, 0, 1, -1, 1, 1, 2, 5 ]
[ -2, -3, -21, 3, 4, 0, 0, 0, 37 ]
[ -1, -2, -5, 2, 3, 21, 0, 0, 37 ]
[ -1, -2, -5, 3, 4, 0, 2, 3, 21 ]
[ 0, -1, 11, 1, 2, 5, 0, 0, 37 ]
[ -1, 1, -1, 0, -1, 11, 0, 0, 37 ]
[ 1, -1, 1, 1, 2, 5, 0, -1, 11 ]
[ -1, 0, 10, 1, -1, 1, 0, 0, 37 ]
[ -4, 0, 3, 1, -1, 1, -1, 0, 10 ]
[ 10, 1, 0, -1, 0, 10, 0, 0, 37 ]
[ 10, 1, 0, -4, 0, 3, -1, 0, 10 ]
[ -1, 11, 0, 0, -1, 11, 0, 0, 37 ]
[ 1, -11, 0, 0, 3, 4, 0, -1, 11 ]
[ 0, 1, -11, -1, 11, 0, 0, 0, 37 ]
[ 0, 3, 4, -1, 11, 0, 0, -1, 11 ]
[ 1, -1, 1, 0, 3, 4, 0, -1, 11 ]
[ 0, -1, 11, 1, -1, 1, 0, 0, 37 ]
[ -1, -2, -5, 0, -1, 11, 0, 0, 37 ]
[ -1, -2, -5, 1, -1, 1, 0, -1, 11 ]
[ 2, 3, 21, 1, 2, 5, 0, 0, 37 ]
[ 3, 4, 0, 2, 3, 21, 0, 0, 37 ]
[ 3, 4, 0, 1, 2, 5, 2, 3, 21 ]
[ -1, 1, -1, 0, -1, 11, 0, 0, 37 ]
[ 1, -1, 0, 0, 37, 0, 0, 11, 1 ]
[ 37, 0, 0, -1, 1, 0, 11, 0, 1 ]
[ 1, -1, 0, 0, 11, 1, 0, -4, 3 ]
[ 11, 0, 1, -1, 1, 0, -4, 0, 3 ]
[ -1, 1, 0, 0, -1, 10, 0, 0, 37 ]
[ -1, 1, 0, 0, -4, 3, 0, -1, 10 ]
[ 1, 0, -10, -1, 1, 0, 0, 0, 37 ]
[ 4, 0, -3, -1, 1, 0, -1, 0, 10 ]
[ 37, 0, 0, -12, 1, 0, 11, 0, 1 ]
[ 1, 3, 0, 0, 37, 0, 0, 4, 1 ]
[ 12, -1, 0, 1, 3, 0, -1, 1, 1 ]
[ 11, 0, 1, -12, 1, 0, -4, 0, 3 ]
[ -1, -3, 0, 0, -1, 9, 0, 0, 37 ]
[ 1, 3, 0, 0, 4, 1, 0, -1, 9 ]
[ 0, -1, 9, 1, 3, 0, 0, 0, 37 ]
[ -1, 1, 1, 0, -1, 9, 0, 0, 37 ]
[ 1, -1, -1, 1, 3, 0, 0, -1, 9 ]
[ 12, -1, 0, -1, 1, 1, -4, 0, 3 ]
[ 1, 0, -10, -12, 1, 0, 0, 0, 37 ]
[ 4, 0, -3, -12, 1, 0, -1, 0, 10 ]
[ 1, 0, -10, -1, 1, 1, 0, 0, 37 ]
[ 4, 0, -3, -1, 1, 1, -1, 0, 10 ]
[ -12, 1, 0, -1, 0, 10, 0, 0, 37 ]
[ -12, 1, 0, -4, 0, 3, -1, 0, 10 ]
[ 37, 0, 0, 14, 1, 0, 11, 0, 1 ]
[ 14, 1, 0, 5, 3, 0, -3, -1, 1 ]
[ 11, 0, 1, 14, 1, 0, -4, 0, 3 ]
[ 1, 8, 0, 0, 37, 0, 0, -14, 1 ]
[ 5, 3, 0, 1, 8, 0, 2, 2, 1 ]
[ 2, 1, 9, 5, 3, 0, 0, 0, 37 ]
[ 3, 1, -1, 2, 1, 9, 0, 0, 37 ]
[ 3, 1, -1, 5, 3, 0, 2, 1, 9 ]
[ -14, -1, 0, -3, -1, 1, -4, 0, 3 ]
[ 1, 0, -10, 14, 1, 0, 0, 0, 37 ]
[ 4, 0, -3, 14, 1, 0, -1, 0, 10 ]
[ -1, -8, 0, 0, -14, 1, 0, -5, 3 ]
[ 2, 2, 1, 1, 8, 0, 1, 3, 3 ]
[ -5, -3, 0, 2, 1, 9, 0, 0, 37 ]
[ 5, 3, 0, 2, 2, 1, 2, 1, 9 ]
[ -1, 0, 10, -3, -1, 1, 0, 0, 37 ]
[ -4, 0, 3, -3, -1, 1, -1, 0, 10 ]
[ 14, 1, 0, -1, 0, 10, 0, 0, 37 ]
[ 14, 1, 0, -4, 0, 3, -1, 0, 10 ]
[ -1, -8, 0, 0, -1, 8, 0, 0, 37 ]
[ -1, -8, 0, 0, -5, 3, 0, -1, 8 ]
[ 0, -1, 8, 1, 8, 0, 0, 0, 37 ]
[ -1, -3, -3, 0, -1, 8, 0, 0, 37 ]
[ 1, 3, 3, 1, 8, 0, 0, -1, 8 ]
[ 1, 2, 11, 1, 3, 3, 0, 0, 37 ]
[ 2, 2, 1, 1, 3, 3, 1, 2, 11 ]
[ 2, 1, 9, 1, 1, 19, 0, 0, 37 ]
[ 2, 1, 9, 2, 2, 1, 1, 1, 19 ]
[ 1, 1, 19, 1, 2, 11, 0, 0, 37 ]
[ 2, 2, 1, 1, 2, 11, 1, 1, 19 ]
[ 37, 0, 0, 3, 1, 0, 11, 0, 1 ]
[ 1, -12, 0, 0, 37, 0, 0, -16, 1 ]
[ 3, 1, 0, -1, 12, 0, -1, -4, 1 ]
[ 11, 0, 1, 3, 1, 0, -4, 0, 3 ]
[ -1, 12, 0, 0, -16, 1, 0, 5, 2 ]
[ 1, 4, -1, -1, 12, 0, 0, 5, 2 ]
[ -3, -1, 0, -1, -4, 1, -1, 1, 3 ]
[ 1, 0, -10, 3, 1, 0, 0, 0, 37 ]
[ 4, 0, -3, 3, 1, 0, -1, 0, 10 ]
[ -1, 12, 0, 0, -1, 7, 0, 0, 37 ]
[ 1, -12, 0, 0, 5, 2, 0, -1, 7 ]
[ 0, 1, -7, -1, 12, 0, 0, 0, 37 ]
[ 0, 5, 2, -1, 12, 0, 0, -1, 7 ]
[ -1, -4, 1, 0, -1, 7, 0, 0, 37 ]
[ 1, 4, -1, 0, 5, 2, 0, -1, 7 ]
[ 0, 1, -7, -1, -4, 1, 0, 0, 37 ]
[ -1, 1, 3, 0, -1, 7, 0, 0, 37 ]
[ -1, 1, 3, -1, -4, 1, 0, -1, 7 ]
[ 1, 0, -10, -1, 1, 3, 0, 0, 37 ]
[ 3, 1, 0, -1, 0, 10, 0, 0, 37 ]
[ 3, 1, 0, -1, 1, 3, -1, 0, 10 ]
[ 37, 0, 0, -8, 1, 0, 11, 0, 1 ]
[ 8, -1, 0, -3, 5, 0, 3, 1, 1 ]
[ 11, 0, 1, -8, 1, 0, -4, 0, 3 ]
[ 1, -14, 0, 0, 37, 0, 0, 6, 1 ]
[ 3, -5, 0, -1, 14, 0, 0, 6, 1 ]
[ -1, 2, -2, -3, 5, 0, 0, 0, 37 ]
[ 3, 1, 1, -3, 5, 0, 1, -2, 2 ]
[ 8, -1, 0, 3, 1, 1, -4, 0, 3 ]
[ 1, 0, -10, -8, 1, 0, 0, 0, 37 ]
[ 4, 0, -3, -8, 1, 0, -1, 0, 10 ]
[ -1, 14, 0, 0, -1, 6, 0, 0, 37 ]
[ 1, -14, 0, 0, 6, 1, 0, -1, 6 ]
[ 0, 1, -6, -1, 14, 0, 0, 0, 37 ]
[ 0, 6, 1, -1, 14, 0, 0, -1, 6 ]
[ -3, 5, 0, 1, -2, 2, 0, 0, 37 ]
[ 3, -5, 0, 0, 6, 1, 1, -2, 2 ]
[ 0, -1, 6, 1, -2, 2, 0, 0, 37 ]
[ -3, -1, -1, 1, -2, 2, 0, -1, 6 ]
[ 1, 0, -10, 3, 1, 1, 0, 0, 37 ]
[ 4, 0, -3, 3, 1, 1, -1, 0, 10 ]
[ -8, 1, 0, -1, 0, 10, 0, 0, 37 ]
[ -8, 1, 0, -4, 0, 3, -1, 0, 10 ]
[ -1, 2, -2, 0, -1, 6, 0, 0, 37 ]
[ 1, -2, 2, 0, 6, 1, 0, -1, 6 ]
[ -1, 0, 10, 0, -1, 6, 0, 0, 37 ]
[ 3, 1, 1, -1, 0, 10, 0, 0, 37 ]
[ -3, -1, -1, 0, -1, 6, -1, 0, 10 ]
[ 37, 0, 0, 18, 1, 0, 11, 0, 1 ]
[ 1, -2, 0, 0, 37, 0, 0, -15, 1 ]
[ 18, 1, 0, -1, 2, 0, -7, -1, 1 ]
[ 11, 0, 1, 18, 1, 0, -4, 0, 3 ]
[ -1, 2, 0, 0, -15, 1, 0, 7, 2 ]
[ 7, 1, -1, -1, 2, 0, 3, 1, 2 ]
[ -18, -1, 0, -7, -1, 1, -4, 0, 3 ]
[ 1, 0, -10, 18, 1, 0, 0, 0, 37 ]
[ 4, 0, -3, 18, 1, 0, -1, 0, 10 ]
[ -1, 2, 0, 0, -1, 5, 0, 0, 37 ]
[ 1, -2, 0, 0, 7, 2, 0, -1, 5 ]
[ 0, 1, -5, -1, 2, 0, 0, 0, 37 ]
[ 3, 1, 2, -1, 2, 0, 0, -1, 5 ]
[ 1, 0, -10, 3, 1, 2, 0, 0, 37 ]
[ 7, 1, -1, -1, 0, 10, 0, 0, 37 ]
[ 7, 1, -1, 3, 1, 2, -1, 0, 10 ]
[ -1, 0, 10, -7, -1, 1, 0, 0, 37 ]
[ -4, 0, 3, -7, -1, 1, -1, 0, 10 ]
[ 18, 1, 0, -1, 0, 10, 0, 0, 37 ]
[ 18, 1, 0, -4, 0, 3, -1, 0, 10 ]
[ -1, 0, 10, 0, -1, 5, 0, 0, 37 ]
[ 3, 1, 2, -1, 0, 10, 0, 0, 37 ]
[ -3, -1, -2, 0, -1, 5, -1, 0, 10 ]
[ 37, 0, 0, 7, 1, 0, 11, 0, 1 ]
[ 7, 1, 0, -2, 5, 0, 4, -1, 1 ]
[ 11, 0, 1, 7, 1, 0, -4, 0, 3 ]
[ 1, -21, 0, 0, 37, 0, 0, 9, 1 ]
[ 2, -5, 0, -1, 21, 0, 0, 9, 1 ]
[ 1, -2, -2, -2, 5, 0, 0, 0, 37 ]
[ 4, -1, 1, -2, 5, 0, -1, 2, 2 ]
[ -7, -1, 0, 4, -1, 1, -4, 0, 3 ]
[ 1, 0, -10, 7, 1, 0, 0, 0, 37 ]
[ 4, 0, -3, 7, 1, 0, -1, 0, 10 ]
[ -1, 21, 0, 0, -1, 4, 0, 0, 37 ]
[ 1, -21, 0, 0, 9, 1, 0, -1, 4 ]
[ 0, 1, -4, -1, 21, 0, 0, 0, 37 ]
[ 0, 9, 1, -1, 21, 0, 0, -1, 4 ]
[ -2, 5, 0, -1, 2, 2, 0, 0, 37 ]
[ 2, -5, 0, 0, 9, 1, -1, 2, 2 ]
[ 1, -1, -6, -1, 2, 2, 0, 0, 37 ]
[ 4, -1, 1, -1, 2, 2, -1, 1, 6 ]
[ -1, 0, 10, 4, -1, 1, 0, 0, 37 ]
[ -4, 0, 3, 4, -1, 1, -1, 0, 10 ]
[ 7, 1, 0, -1, 0, 10, 0, 0, 37 ]
[ 7, 1, 0, -4, 0, 3, -1, 0, 10 ]
[ -1, 2, 2, 0, -1, 4, 0, 0, 37 ]
[ 1, -2, -2, 0, 9, 1, 0, -1, 4 ]
[ 1, 0, -10, -1, 1, 6, 0, 0, 37 ]
[ -4, 1, -1, -1, 0, 10, 0, 0, 37 ]
[ 4, -1, 1, -1, 1, 6, -1, 0, 10 ]
[ 37, 0, 0, -4, 1, 0, 11, 0, 1 ]
[ 1, 9, 0, 0, 37, 0, 0, 12, 1 ]
[ 4, -1, 0, 1, 9, 0, -1, 3, 1 ]
[ 11, 0, 1, -4, 1, 0, -4, 0, 3 ]
[ -1, -9, 0, 0, -1, 3, 0, 0, 37 ]
[ 1, 9, 0, 0, 12, 1, 0, -1, 3 ]
[ 0, -1, 3, 1, 9, 0, 0, 0, 37 ]
[ -1, 3, 1, 0, -1, 3, 0, 0, 37 ]
[ 1, -3, -1, 1, 9, 0, 0, -1, 3 ]
[ 0, 1, -3, -1, 3, 1, 0, 0, 37 ]
[ 4, -1, 0, -1, 3, 1, 0, -1, 3 ]
[ 1, 0, -10, -4, 1, 0, 0, 0, 37 ]
[ 4, 0, -3, -4, 1, 0, -1, 0, 10 ]
[ -1, 0, 10, 0, -1, 3, 0, 0, 37 ]
[ -4, 1, 0, -1, 0, 10, 0, 0, 37 ]
[ -4, 1, 0, 0, -1, 3, -1, 0, 10 ]
[ 37, 0, 0, -15, 1, 0, 11, 0, 1 ]
[ 15, -1, 0, 7, 2, 0, -4, 1, 1 ]
[ 11, 0, 1, -15, 1, 0, -4, 0, 3 ]
[ 1, -5, 0, 0, 37, 0, 0, 18, 1 ]
[ 7, 2, 0, -1, 5, 0, 3, 3, 1 ]
[ 4, -1, -1, 7, 2, 0, 0, -1, 2 ]
[ 15, -1, 0, -4, 1, 1, -4, 0, 3 ]
[ 1, 0, -10, -15, 1, 0, 0, 0, 37 ]
[ 4, 0, -3, -15, 1, 0, -1, 0, 10 ]
[ -1, 5, 0, 0, -1, 2, 0, 0, 37 ]
[ 1, -5, 0, 0, 18, 1, 0, -1, 2 ]
[ 0, 1, -2, -1, 5, 0, 0, 0, 37 ]
[ 3, 3, 1, -1, 5, 0, 0, -1, 2 ]
[ 7, 2, 0, 3, 3, 1, 0, -1, 2 ]
[ -3, -1, -5, 7, 2, 0, 0, 0, 37 ]
[ 0, -1, 2, 7, 2, 0, 3, 1, 5 ]
[ -1, 0, 10, 0, -1, 2, 0, 0, 37 ]
[ -4, 1, 1, -1, 0, 10, 0, 0, 37 ]
[ -4, 1, 1, 0, -1, 2, -1, 0, 10 ]
[ 1, 0, -10, -4, 1, 1, 0, 0, 37 ]
[ 4, 0, -3, -4, 1, 1, -1, 0, 10 ]
[ -15, 1, 0, -1, 0, 10, 0, 0, 37 ]
[ -15, 1, 0, -4, 0, 3, -1, 0, 10 ]
[ -1, -1, 12, 0, -1, 2, 0, 0, 37 ]
[ -3, -3, -1, 0, -1, 2, -1, -1, 12 ]
[ 0, 1, -2, -1, -1, 12, 0, 0, 37 ]
[ 0, -1, 2, 3, 3, 1, -1, -1, 12 ]
[ 7, 2, 0, 3, 1, 5, 0, 0, 37 ]
[ -7, -2, 0, 0, -1, 2, 3, 1, 5 ]
[ 1, 0, -10, 3, 1, 5, 0, 0, 37 ]
[ 0, 1, -2, -1, 0, 10, 0, 0, 37 ]
[ 0, -1, 2, 3, 1, 5, -1, 0, 10 ]
[ -1, 0, 10, 0, -1, 2, 0, 0, 37 ]
[ 3, 1, 5, -1, 0, 10, 0, 0, 37 ]
[ -3, -1, -5, 0, -1, 2, -1, 0, 10 ]
[ 37, 0, 0, 11, 1, 0, 11, 0, 1 ]
[ 11, 1, 0, -4, 3, 0, 0, -1, 1 ]
[ 11, 0, 1, 11, 1, 0, -4, 0, 3 ]
[ -1, 10, 0, 0, -1, 1, 0, 0, 37 ]
[ 1, -10, 0, 0, 37, 0, 0, -1, 1 ]
[ 0, 1, -1, -1, 10, 0, 0, 0, 37 ]
[ 4, -3, 0, -1, 10, 0, 0, -1, 1 ]
[ -1, 1, 9, -4, 3, 0, 0, 0, 37 ]
[ 0, 1, -1, -1, 1, 9, 0, 0, 37 ]
[ 0, 1, -1, -4, 3, 0, -1, 1, 9 ]
[ -11, -1, 0, 0, -1, 1, -4, 0, 3 ]
[ 1, 0, -10, 11, 1, 0, 0, 0, 37 ]
[ 4, 0, -3, 11, 1, 0, -1, 0, 10 ]
[ -1, 1, 9, 0, -1, 1, 0, 0, 37 ]
[ 4, -3, 0, -1, 1, 9, 0, 0, 37 ]
[ -4, 3, 0, 0, -1, 1, -1, 1, 9 ]
[ -1, 0, 10, 0, -1, 1, 0, 0, 37 ]
[ -4, 0, 3, 0, -1, 1, -1, 0, 10 ]
[ 11, 1, 0, -1, 0, 10, 0, 0, 37 ]
[ 11, 1, 0, -4, 0, 3, -1, 0, 10 ]
[ 37, 0, 0, 0, 1, 0, 4, 0, 1 ]
[ 1, 0, -9, 0, 1, 0, 0, 0, 37 ]
[ 4, 0, 1, 0, 1, 0, -1, 0, 9 ]
[ 37, 0, 0, -4, 1, 0, 4, 0, 1 ]
[ 1, 9, 0, 0, 1, 1, 0, 0, 37 ]
[ 1, 9, 0, 0, 37, 0, 0, 1, 1 ]
[ 0, -1, -1, 1, 9, 0, 0, 0, 37 ]
[ 4, -1, 0, 1, 9, 0, 0, 1, 1 ]
[ 1, 0, -9, -4, 1, 0, 0, 0, 37 ]
[ 4, 0, 1, -4, 1, 0, -1, 0, 9 ]
[ 1, 0, -9, 0, 1, 1, 0, 0, 37 ]
[ -4, 1, 0, -1, 0, 9, 0, 0, 37 ]
[ 4, -1, 0, 0, 1, 1, -1, 0, 9 ]
[ 37, 0, 0, -8, 1, 0, 4, 0, 1 ]
[ 8, -1, 0, -3, 5, 0, -4, 1, 1 ]
[ 1, 0, -9, -8, 1, 0, 0, 0, 37 ]
[ 4, 0, 1, -8, 1, 0, -1, 0, 9 ]
[ 1, -14, 0, 0, 37, 0, 0, -18, 1 ]
[ 3, -5, 0, -1, 14, 0, -1, -4, 1 ]
[ 4, -1, -1, -3, 5, 0, 0, 1, 2 ]
[ 1, 0, -9, -4, 1, 1, 0, 0, 37 ]
[ -8, 1, 0, -1, 0, 9, 0, 0, 37 ]
[ 8, -1, 0, -4, 1, 1, -1, 0, 9 ]
[ 1, -14, 0, 0, 1, 2, 0, 0, 37 ]
[ -1, 14, 0, 0, -18, 1, 0, 1, 2 ]
[ 0, 1, 2, -1, 14, 0, 0, 0, 37 ]
[ 1, 4, -1, 0, 1, 2, 0, 0, 37 ]
[ 1, 4, -1, -1, 14, 0, 0, 1, 2 ]
[ 0, 1, 2, -1, -4, 1, 0, 0, 37 ]
[ -3, 5, 0, -1, -4, 1, 0, 1, 2 ]
[ -1, 2, 13, -3, 5, 0, 0, 0, 37 ]
[ 0, 1, 2, -1, 2, 13, 0, 0, 37 ]
[ 0, 1, 2, -3, 5, 0, -1, 2, 13 ]
[ 1, 0, -9, 0, 1, 2, 0, 0, 37 ]
[ -4, 1, 1, -1, 0, 9, 0, 0, 37 ]
[ 4, -1, -1, 0, 1, 2, -1, 0, 9 ]
[ 1, -2, -13, 0, 1, 2, 0, 0, 37 ]
[ 3, -5, 0, -1, 2, 13, 0, 0, 37 ]
[ 3, -5, 0, 0, 1, 2, -1, 2, 13 ]
[ 37, 0, 0, -12, 1, 0, 4, 0, 1 ]
[ 1, 3, 0, 0, 37, 0, 0, -12, 1 ]
[ 12, -1, 0, 1, 3, 0, 4, 0, 1 ]
[ 1, 0, -9, -12, 1, 0, 0, 0, 37 ]
[ 4, 0, 1, -12, 1, 0, -1, 0, 9 ]
[ 1, 3, 0, 0, 1, 3, 0, 0, 37 ]
[ -1, -3, 0, 0, -12, 1, 0, 1, 3 ]
[ 0, -1, -3, 1, 3, 0, 0, 0, 37 ]
[ 4, 0, 1, 1, 3, 0, 0, 1, 3 ]
[ -12, 1, 0, -1, 0, 9, 0, 0, 37 ]
[ 12, -1, 0, 4, 0, 1, -1, 0, 9 ]
[ 1, 0, -9, 0, 1, 3, 0, 0, 37 ]
[ 4, 0, 1, 0, 1, 3, -1, 0, 9 ]
[ 37, 0, 0, -16, 1, 0, 4, 0, 1 ]
[ 16, -1, 0, 5, 2, 0, 4, 0, 1 ]
[ 1, 0, -9, -16, 1, 0, 0, 0, 37 ]
[ 4, 0, 1, -16, 1, 0, -1, 0, 9 ]
[ 1, -7, 0, 0, 37, 0, 0, -9, 1 ]
[ 5, 2, 0, -1, 7, 0, -1, -2, 1 ]
[ 4, 0, 1, 5, 2, 0, 4, 1, 5 ]
[ -16, 1, 0, -1, 0, 9, 0, 0, 37 ]
[ 16, -1, 0, 4, 0, 1, -1, 0, 9 ]
[ 1, -7, 0, 0, 1, 4, 0, 0, 37 ]
[ -1, 7, 0, 0, -9, 1, 0, 1, 4 ]
[ 0, 1, 4, -1, 7, 0, 0, 0, 37 ]
[ 1, 2, -1, 0, 1, 4, 0, 0, 37 ]
[ 1, 2, -1, -1, 7, 0, 0, 1, 4 ]
[ -1, -1, 5, -1, -2, 1, 0, 0, 37 ]
[ -5, -2, 0, -1, -2, 1, -1, -1, 5 ]
[ 3, 1, 14, 5, 2, 0, 0, 0, 37 ]
[ 4, 1, 5, 3, 1, 14, 0, 0, 37 ]
[ 4, 1, 5, 5, 2, 0, 3, 1, 14 ]
[ 1, 0, -9, 4, 1, 5, 0, 0, 37 ]
[ 4, 0, 1, 4, 1, 5, -1, 0, 9 ]
[ -2, -1, 14, -1, -1, 5, 0, 0, 37 ]
[ -5, -2, 0, -2, -1, 14, 0, 0, 37 ]
[ -5, -2, 0, -1, -1, 5, -2, -1, 14 ]
[ 37, 0, 0, 17, 1, 0, 4, 0, 1 ]
[ 17, 1, 0, -3, 2, 0, 4, 0, 1 ]
[ 1, 0, -9, 17, 1, 0, 0, 0, 37 ]
[ 4, 0, 1, 17, 1, 0, -1, 0, 9 ]
[ 1, -13, 0, 0, 37, 0, 0, 15, 1 ]
[ 3, -2, 0, -1, 13, 0, 1, 2, 1 ]
[ 4, 0, 1, -3, 2, 0, 0, 1, 5 ]
[ 17, 1, 0, -1, 0, 9, 0, 0, 37 ]
[ -17, -1, 0, 4, 0, 1, -1, 0, 9 ]
[ 1, -13, 0, 0, 15, 1, 0, -7, 2 ]
[ 1, 2, 1, -1, 13, 0, 0, -7, 2 ]
[ 0, -1, -5, 1, 2, 1, 0, 0, 37 ]
[ 3, -2, 0, 1, 2, 1, 0, 1, 5 ]
[ -1, 1, 14, -3, 2, 0, 0, 0, 37 ]
[ 0, 1, 5, -1, 1, 14, 0, 0, 37 ]
[ 0, 1, 5, -3, 2, 0, -1, 1, 14 ]
[ 1, 0, -9, 0, 1, 5, 0, 0, 37 ]
[ 4, 0, 1, 0, 1, 5, -1, 0, 9 ]
[ 1, -13, 0, 0, 1, 5, 0, 0, 37 ]
[ -1, 13, 0, 0, -7, 2, 0, 1, 5 ]
[ 0, 1, 5, -1, 13, 0, 0, 0, 37 ]
[ 0, 7, -2, -1, 13, 0, 0, 1, 5 ]
[ 1, 2, 1, 0, 1, 5, 0, 0, 37 ]
[ -1, -2, -1, 0, -7, 2, 0, 1, 5 ]
[ 1, -1, -14, 0, 1, 5, 0, 0, 37 ]
[ 3, -2, 0, -1, 1, 14, 0, 0, 37 ]
[ 3, -2, 0, 0, 1, 5, -1, 1, 14 ]
[ 37, 0, 0, 13, 1, 0, 4, 0, 1 ]
[ 13, 1, 0, 2, 3, 0, 4, 0, 1 ]
[ 1, 0, -9, 13, 1, 0, 0, 0, 37 ]
[ 4, 0, 1, 13, 1, 0, -1, 0, 9 ]
[ 1, 20, 0, 0, 37, 0, 0, -6, 1 ]
[ 2, 3, 0, 1, 20, 0, 0, -6, 1 ]
[ 1, 1, -3, 2, 3, 0, 0, 0, 37 ]
[ 4, 0, 1, 2, 3, 0, -1, -1, 3 ]
[ 13, 1, 0, -1, 0, 9, 0, 0, 37 ]
[ -13, -1, 0, 4, 0, 1, -1, 0, 9 ]
[ 1, 20, 0, 0, 1, 6, 0, 0, 37 ]
[ -1, -20, 0, 0, -6, 1, 0, 1, 6 ]
[ 0, -1, -6, 1, 20, 0, 0, 0, 37 ]
[ 0, -6, 1, 1, 20, 0, 0, 1, 6 ]
[ 2, 3, 0, 1, 2, 3, 0, 0, 37 ]
[ -2, -3, 0, 0, -6, 1, 1, 2, 3 ]
[ -1, 0, 9, -1, -1, 3, 0, 0, 37 ]
[ -4, 0, -1, -1, -1, 3, -1, 0, 9 ]
[ 1, 2, 3, 0, 1, 6, 0, 0, 37 ]
[ -1, -2, -3, 0, -6, 1, 0, 1, 6 ]
[ 37, 0, 0, 9, 1, 0, 4, 0, 1 ]
[ 1, -4, 0, 0, 37, 0, 0, 16, 1 ]
[ 9, 1, 0, -1, 4, 0, 4, 0, 1 ]
[ 1, 0, -9, 9, 1, 0, 0, 0, 37 ]
[ 4, 0, 1, 9, 1, 0, -1, 0, 9 ]
[ 1, -4, 0, 0, 16, 1, 0, -5, 2 ]
[ 4, 0, 1, -1, 4, 0, -1, -1, 2 ]
[ 9, 1, 0, -1, 0, 9, 0, 0, 37 ]
[ -9, -1, 0, 4, 0, 1, -1, 0, 9 ]
[ 1, -4, 0, 0, 1, 7, 0, 0, 37 ]
[ -1, 4, 0, 0, -5, 2, 0, 1, 7 ]
[ 0, 1, 7, -1, 4, 0, 0, 0, 37 ]
[ 1, 1, -2, 0, 1, 7, 0, 0, 37 ]
[ 1, 1, -2, -1, 4, 0, 0, 1, 7 ]
[ -1, 0, 9, -1, -1, 2, 0, 0, 37 ]
[ -4, 0, -1, -1, -1, 2, -1, 0, 9 ]
[ 37, 0, 0, 5, 1, 0, 4, 0, 1 ]
[ 5, 1, 0, -2, 7, 0, -1, -1, 1 ]
[ 1, 0, -9, 5, 1, 0, 0, 0, 37 ]
[ 4, 0, 1, 5, 1, 0, -1, 0, 9 ]
[ 1, -22, 0, 0, 37, 0, 0, 14, 1 ]
[ 2, -7, 0, -1, 22, 0, 1, -8, 1 ]
[ 1, -3, 4, -2, 7, 0, 0, 0, 37 ]
[ 1, 1, -1, -2, 7, 0, 1, -3, 4 ]
[ -1, 0, 9, -1, -1, 1, 0, 0, 37 ]
[ 5, 1, 0, -1, 0, 9, 0, 0, 37 ]
[ -5, -1, 0, -1, -1, 1, -1, 0, 9 ]
[ 1, -22, 0, 0, 14, 1, 0, 5, 3 ]
[ 1, -8, 1, -1, 22, 0, 0, 5, 3 ]
[ 2, -7, 0, -1, 4, 4, 0, 0, 37 ]
[ -2, 7, 0, 1, -8, 1, -1, 4, 4 ]
[ 0, -1, -8, 1, -3, 4, 0, 0, 37 ]
[ 1, 1, -1, 0, 1, 8, 0, 0, 37 ]
[ -1, -1, 1, 1, -3, 4, 0, 1, 8 ]
[ 1, -22, 0, 0, 1, 8, 0, 0, 37 ]
[ 1, -22, 0, 0, 5, 3, 0, 1, 8 ]
[ 0, 1, 8, -1, 22, 0, 0, 0, 37 ]
[ 0, 5, 3, -1, 22, 0, 0, 1, 8 ]
[ 1, -8, 1, 0, 1, 8, 0, 0, 37 ]
[ 1, -8, 1, 0, 5, 3, 0, 1, 8 ]
[ 0, -1, -8, 1, -8, 1, 0, 0, 37 ]
[ 1, -4, -4, 0, 1, 8, 0, 0, 37 ]
[ -1, 4, 4, 1, -8, 1, 0, 1, 8 ]
[ 1, 1, 0, 0, 37, 0, 0, -4, 1 ]
[ 37, 0, 0, 1, 1, 0, 4, 0, 1 ]
[ 1, 1, 0, 0, 1, 9, 0, 0, 37 ]
[ -1, -1, 0, 0, -4, 1, 0, 1, 9 ]
[ 1, 0, -9, 1, 1, 0, 0, 0, 37 ]
[ 4, 0, 1, 1, 1, 0, -1, 0, 9 ]
[ 37, 0, 0, -3, 1, 0, 4, 0, 1 ]
[ 1, 12, 0, 0, 37, 0, 0, -11, 1 ]
[ 3, -1, 0, 1, 12, 0, 1, 1, 1 ]
[ 1, 0, -9, -3, 1, 0, 0, 0, 37 ]
[ 4, 0, 1, -3, 1, 0, -1, 0, 9 ]
[ -1, -12, 0, 0, -11, 1, 0, 4, 3 ]
[ 1, 1, 1, 1, 12, 0, 0, 4, 3 ]
[ 1, 0, -9, 1, 1, 1, 0, 0, 37 ]
[ -3, 1, 0, -1, 0, 9, 0, 0, 37 ]
[ 3, -1, 0, 1, 1, 1, -1, 0, 9 ]
[ 1, 12, 0, 0, 1, 10, 0, 0, 37 ]
[ 1, 12, 0, 0, 4, 3, 0, 1, 10 ]
[ 0, -1, -10, 1, 12, 0, 0, 0, 37 ]
[ 0, -4, -3, 1, 12, 0, 0, 1, 10 ]
[ 1, 1, 1, 0, 1, 10, 0, 0, 37 ]
[ 1, 1, 1, 0, 4, 3, 0, 1, 10 ]
[ 37, 0, 0, -7, 1, 0, 4, 0, 1 ]
[ 7, -1, 0, 2, 5, 0, -3, 1, 1 ]
[ 1, 0, -9, -7, 1, 0, 0, 0, 37 ]
[ 4, 0, 1, -7, 1, 0, -1, 0, 9 ]
[ 1, 21, 0, 0, 37, 0, 0, -10, 1 ]
[ 2, 5, 0, 1, 21, 0, 1, 11, 1 ]
[ 3, -1, -1, 2, 5, 0, 1, 1, 2 ]
[ 1, 0, -9, -3, 1, 1, 0, 0, 37 ]
[ -7, 1, 0, -1, 0, 9, 0, 0, 37 ]
[ 7, -1, 0, -3, 1, 1, -1, 0, 9 ]
[ -1, -21, 0, 0, -10, 1, 0, -3, 4 ]
[ 1, 11, 1, 1, 21, 0, 0, -3, 4 ]
[ 2, 5, 0, 1, 11, 1, -1, -4, 2 ]
[ 1, 2, 13, 2, 5, 0, 0, 0, 37 ]
[ 1, 1, 2, 1, 2, 13, 0, 0, 37 ]
[ 1, 1, 2, 2, 5, 0, 1, 2, 13 ]
[ 1, 0, -9, 1, 1, 2, 0, 0, 37 ]
[ -3, 1, 1, -1, 0, 9, 0, 0, 37 ]
[ 3, -1, -1, 1, 1, 2, -1, 0, 9 ]
[ 1, 21, 0, 0, 1, 11, 0, 0, 37 ]
[ -1, -21, 0, 0, -3, 4, 0, 1, 11 ]
[ 0, -1, -11, 1, 21, 0, 0, 0, 37 ]
[ 0, -3, 4, 1, 21, 0, 0, 1, 11 ]
[ 1, 11, 1, 0, 1, 11, 0, 0, 37 ]
[ -1, -11, -1, 0, -3, 4, 0, 1, 11 ]
[ 1, 4, -2, 1, 11, 1, 0, -3, 4 ]
[ -1, -3, 13, -1, -4, 2, 0, 0, 37 ]
[ -2, -5, 0, -1, -3, 13, 0, 0, 37 ]
[ -2, -5, 0, -1, -4, 2, -1, -3, 13 ]
[ 0, -1, -11, 1, 11, 1, 0, 0, 37 ]
[ 0, -3, 4, 1, 11, 1, 0, 1, 11 ]
[ 1, 4, -2, 0, 1, 11, 0, 0, 37 ]
[ -1, -4, 2, 0, -3, 4, 0, 1, 11 ]
[ 37, 0, 0, -11, 1, 0, 4, 0, 1 ]
[ 11, -1, 0, 4, 3, 0, 4, 0, 1 ]
[ 1, 0, -9, -11, 1, 0, 0, 0, 37 ]
[ 4, 0, 1, -11, 1, 0, -1, 0, 9 ]
[ 1, 10, 0, 0, 37, 0, 0, -3, 1 ]
[ 4, 3, 0, 1, 10, 0, 0, -3, 1 ]
[ -1, -1, -3, 4, 3, 0, 0, 0, 37 ]
[ 4, 0, 1, 4, 3, 0, 1, 1, 3 ]
[ -11, 1, 0, -1, 0, 9, 0, 0, 37 ]
[ 11, -1, 0, 4, 0, 1, -1, 0, 9 ]
[ 1, 10, 0, 0, 1, 12, 0, 0, 37 ]
[ -1, -10, 0, 0, -3, 1, 0, 1, 12 ]
[ 0, -1, -12, 1, 10, 0, 0, 0, 37 ]
[ 0, -3, 1, 1, 10, 0, 0, 1, 12 ]
[ 4, 3, 0, 1, 1, 3, 0, 0, 37 ]
[ -4, -3, 0, 0, -3, 1, 1, 1, 3 ]
[ 1, 0, -9, 1, 1, 3, 0, 0, 37 ]
[ 4, 0, 1, 1, 1, 3, -1, 0, 9 ]
[ 1, 1, 3, 0, 1, 12, 0, 0, 37 ]
[ -1, -1, -3, 0, -3, 1, 0, 1, 12 ]
[ 37, 0, 0, -15, 1, 0, 4, 0, 1 ]
[ 15, -1, 0, 7, 2, 0, 4, 0, 1 ]
[ 1, 0, -9, -15, 1, 0, 0, 0, 37 ]
[ 4, 0, 1, -15, 1, 0, -1, 0, 9 ]
[ 1, -5, 0, 0, 37, 0, 0, -17, 1 ]
[ 7, 2, 0, -1, 5, 0, -3, -2, 1 ]
[ 4, 0, 1, 7, 2, 0, 5, 1, 5 ]
[ -15, 1, 0, -1, 0, 9, 0, 0, 37 ]
[ 15, -1, 0, 4, 0, 1, -1, 0, 9 ]
[ -1, 5, 0, 0, -17, 1, 0, 3, 2 ]
[ 3, 2, -1, -1, 5, 0, 1, -2, 2 ]
[ -2, -1, 5, -3, -2, 1, 0, 0, 37 ]
[ -7, -2, 0, -3, -2, 1, -2, -1, 5 ]
[ 4, 1, 14, 7, 2, 0, 0, 0, 37 ]
[ 5, 1, 5, 4, 1, 14, 0, 0, 37 ]
[ 5, 1, 5, 7, 2, 0, 4, 1, 14 ]
[ 1, 0, -9, 5, 1, 5, 0, 0, 37 ]
[ 4, 0, 1, 5, 1, 5, -1, 0, 9 ]
[ 1, -5, 0, 0, 1, 13, 0, 0, 37 ]
[ 1, -5, 0, 0, 3, 2, 0, 1, 13 ]
[ 0, 1, 13, -1, 5, 0, 0, 0, 37 ]
[ 1, -2, 2, 0, 1, 13, 0, 0, 37 ]
[ 1, -2, 2, -1, 5, 0, 0, 1, 13 ]
[ 3, 2, -1, 1, 1, 4, 0, 0, 37 ]
[ -3, -2, 1, 1, -2, 2, 1, 1, 4 ]
[ -3, -1, 14, -2, -1, 5, 0, 0, 37 ]
[ -7, -2, 0, -3, -1, 14, 0, 0, 37 ]
[ -7, -2, 0, -2, -1, 5, -3, -1, 14 ]
[ 0, -1, -13, 1, -2, 2, 0, 0, 37 ]
[ 1, 1, 4, 0, 1, 13, 0, 0, 37 ]
[ -1, -1, -4, 1, -2, 2, 0, 1, 13 ]
[ 37, 0, 0, 18, 1, 0, 4, 0, 1 ]
[ 1, -2, 0, 0, 37, 0, 0, 8, 1 ]
[ 18, 1, 0, -1, 2, 0, 4, 0, 1 ]
[ 1, 0, -9, 18, 1, 0, 0, 0, 37 ]
[ 4, 0, 1, 18, 1, 0, -1, 0, 9 ]
[ 1, -2, 0, 0, 8, 1, 0, 3, 5 ]
[ 4, 0, 1, -1, 2, 0, 1, 1, 5 ]
[ 18, 1, 0, -1, 0, 9, 0, 0, 37 ]
[ -18, -1, 0, 4, 0, 1, -1, 0, 9 ]
[ 1, -2, 0, 0, 1, 14, 0, 0, 37 ]
[ 1, -2, 0, 0, 3, 5, 0, 1, 14 ]
[ 0, 1, 14, -1, 2, 0, 0, 0, 37 ]
[ 1, 1, 5, 0, 1, 14, 0, 0, 37 ]
[ 1, 1, 5, -1, 2, 0, 0, 1, 14 ]
[ 1, 0, -9, 1, 1, 5, 0, 0, 37 ]
[ 4, 0, 1, 1, 1, 5, -1, 0, 9 ]
[ 37, 0, 0, 14, 1, 0, 4, 0, 1 ]
[ 14, 1, 0, 5, 3, 0, 4, 0, 1 ]
[ 1, 0, -9, 14, 1, 0, 0, 0, 37 ]
[ 4, 0, 1, 14, 1, 0, -1, 0, 9 ]
[ 1, 8, 0, 0, 37, 0, 0, 5, 1 ]
[ 5, 3, 0, 1, 8, 0, -1, -3, 1 ]
[ 2, 1, -3, 5, 3, 0, 0, 0, 37 ]
[ 4, 0, 1, 5, 3, 0, -2, -1, 3 ]
[ 14, 1, 0, -1, 0, 9, 0, 0, 37 ]
[ -14, -1, 0, 4, 0, 1, -1, 0, 9 ]
[ 1, 8, 0, 0, 5, 1, 0, -2, 7 ]
[ 1, 3, -1, 1, 8, 0, 0, -2, 7 ]
[ 5, 3, 0, -2, -1, 3, 0, 0, 37 ]
[ -5, -3, 0, -1, -3, 1, -2, -1, 3 ]
[ -1, 0, 9, -2, -1, 3, 0, 0, 37 ]
[ -4, 0, -1, -2, -1, 3, -1, 0, 9 ]
[ -1, -8, 0, 0, -1, 22, 0, 0, 37 ]
[ -1, -8, 0, 0, -2, 7, 0, -1, 22 ]
[ 0, -1, 22, 1, 8, 0, 0, 0, 37 ]
[ 0, -2, 7, 1, 8, 0, 0, -1, 22 ]
[ -1, -3, 1, 0, -1, 22, 0, 0, 37 ]
[ -1, -3, 1, 0, -2, 7, 0, -1, 22 ]
[ 2, 1, -3, 1, 1, 6, 0, 0, 37 ]
[ -2, -1, 3, -1, -3, 1, 1, 1, 6 ]
[ 0, 1, -22, -1, -3, 1, 0, 0, 37 ]
[ -1, -1, -6, 0, -1, 22, 0, 0, 37 ]
[ -1, -1, -6, -1, -3, 1, 0, -1, 22 ]
[ 37, 0, 0, 10, 1, 0, 4, 0, 1 ]
[ 10, 1, 0, 3, 4, 0, 4, 0, 1 ]
[ 1, 0, -9, 10, 1, 0, 0, 0, 37 ]
[ 4, 0, 1, 10, 1, 0, -1, 0, 9 ]
[ 1, -11, 0, 0, 37, 0, 0, 7, 1 ]
[ 3, 4, 0, -1, 11, 0, 1, -4, 1 ]
[ 4, 0, 1, 3, 4, 0, -2, -1, 2 ]
[ 10, 1, 0, -1, 0, 9, 0, 0, 37 ]
[ -10, -1, 0, 4, 0, 1, -1, 0, 9 ]
[ 1, -11, 0, 0, 7, 1, 0, -2, 5 ]
[ 1, -4, 1, -1, 11, 0, 0, -2, 5 ]
[ -3, -4, 0, 1, -4, 1, 1, 3, 2 ]
[ 1, 1, 7, 3, 4, 0, 0, 0, 37 ]
[ 2, 1, -2, 1, 1, 7, 0, 0, 37 ]
[ 2, 1, -2, 3, 4, 0, 1, 1, 7 ]
[ -1, 0, 9, -2, -1, 2, 0, 0, 37 ]
[ -4, 0, -1, -2, -1, 2, -1, 0, 9 ]
[ -1, 11, 0, 0, -1, 21, 0, 0, 37 ]
[ -1, 11, 0, 0, -2, 5, 0, -1, 21 ]
[ 0, 1, -21, -1, 11, 0, 0, 0, 37 ]
[ 0, 2, -5, -1, 11, 0, 0, -1, 21 ]
[ -1, 4, -1, 0, -1, 21, 0, 0, 37 ]
[ -1, 4, -1, 0, -2, 5, 0, -1, 21 ]
[ -1, -3, -2, 1, -4, 1, 0, -2, 5 ]
[ -3, -4, 0, 1, 1, 7, 0, 0, 37 ]
[ 3, 4, 0, 1, 3, 2, 1, 1, 7 ]
[ 0, -1, 21, 1, -4, 1, 0, 0, 37 ]
[ 0, -2, 5, 1, -4, 1, 0, -1, 21 ]
[ -1, -3, -2, 0, -1, 21, 0, 0, 37 ]
[ -1, -3, -2, 0, -2, 5, 0, -1, 21 ]
[ 1, 2, 23, 1, 3, 2, 0, 0, 37 ]
[ 1, 1, 7, 1, 2, 23, 0, 0, 37 ]
[ 1, 1, 7, 1, 3, 2, 1, 2, 23 ]
[ 37, 0, 0, 6, 1, 0, 4, 0, 1 ]
[ 1, -6, 0, 0, 37, 0, 0, -13, 1 ]
[ 6, 1, 0, -1, 6, 0, -2, -1, 1 ]
[ 1, 0, -9, 6, 1, 0, 0, 0, 37 ]
[ 4, 0, 1, 6, 1, 0, -1, 0, 9 ]
[ -1, 6, 0, 0, -13, 1, 0, -2, 3 ]
[ 2, 1, -1, -1, 6, 0, 0, -2, 3 ]
[ -1, 0, 9, -2, -1, 1, 0, 0, 37 ]
[ 6, 1, 0, -1, 0, 9, 0, 0, 37 ]
[ -6, -1, 0, -2, -1, 1, -1, 0, 9 ]
[ -1, 6, 0, 0, -1, 20, 0, 0, 37 ]
[ -1, 6, 0, 0, -2, 3, 0, -1, 20 ]
[ 0, 1, -20, -1, 6, 0, 0, 0, 37 ]
[ 0, 2, -3, -1, 6, 0, 0, -1, 20 ]
[ 2, 1, -1, -1, 0, 9, 0, 0, 37 ]
[ -2, -1, 1, 0, -2, 3, -1, 0, 9 ]
[ -1, 0, 9, 0, -1, 20, 0, 0, 37 ]
[ -1, 0, 9, 0, -2, 3, 0, -1, 20 ]
[ 37, 0, 0, 2, 1, 0, 4, 0, 1 ]
[ 1, 19, 0, 0, 37, 0, 0, -2, 1 ]
[ 2, 1, 0, 1, 19, 0, 0, -2, 1 ]
[ 1, 0, -9, 2, 1, 0, 0, 0, 37 ]
[ 4, 0, 1, 2, 1, 0, -1, 0, 9 ]
[ -1, -19, 0, 0, -1, 19, 0, 0, 37 ]
[ -1, -19, 0, 0, -2, 1, 0, -1, 19 ]
[ 0, -1, 19, 1, 19, 0, 0, 0, 37 ]
[ 0, -2, 1, 1, 19, 0, 0, -1, 19 ]
[ 2, 1, 0, 1, 1, 9, 0, 0, 37 ]
[ -2, -1, 0, 0, -2, 1, 1, 1, 9 ]
[ -1, -1, -9, 0, -1, 19, 0, 0, 37 ]
[ -1, -1, -9, 0, -2, 1, 0, -1, 19 ]
[ 37, 0, 0, -2, 1, 0, 4, 0, 1 ]
[ 1, -19, 0, 0, 37, 0, 0, 2, 1 ]
[ 2, -1, 0, -1, 19, 0, 0, 2, 1 ]
[ 1, 0, -9, -2, 1, 0, 0, 0, 37 ]
[ 4, 0, 1, -2, 1, 0, -1, 0, 9 ]
[ 1, -19, 0, 0, 1, 19, 0, 0, 37 ]
[ 1, -19, 0, 0, 2, 1, 0, 1, 19 ]
[ 0, 1, 19, -1, 19, 0, 0, 0, 37 ]
[ 0, 2, 1, -1, 19, 0, 0, 1, 19 ]
[ -2, 1, 0, -1, 0, 9, 0, 0, 37 ]
[ 2, -1, 0, 0, 2, 1, -1, 0, 9 ]
[ 1, 0, -9, 0, 1, 19, 0, 0, 37 ]
[ 1, 0, -9, 0, 2, 1, 0, 1, 19 ]
[ 37, 0, 0, -6, 1, 0, 4, 0, 1 ]
[ 1, 6, 0, 0, 37, 0, 0, 13, 1 ]
[ 6, -1, 0, 1, 6, 0, -2, 1, 1 ]
[ 1, 0, -9, -6, 1, 0, 0, 0, 37 ]
[ 4, 0, 1, -6, 1, 0, -1, 0, 9 ]
[ 1, 6, 0, 0, 13, 1, 0, 2, 3 ]
[ 2, -1, -1, 1, 6, 0, 0, 2, 3 ]
[ 1, 0, -9, -2, 1, 1, 0, 0, 37 ]
[ -6, 1, 0, -1, 0, 9, 0, 0, 37 ]
[ 6, -1, 0, -2, 1, 1, -1, 0, 9 ]
[ 1, 6, 0, 0, 1, 20, 0, 0, 37 ]
[ 1, 6, 0, 0, 2, 3, 0, 1, 20 ]
[ 0, -1, -20, 1, 6, 0, 0, 0, 37 ]
[ 0, -2, -3, 1, 6, 0, 0, 1, 20 ]
[ -2, 1, 1, -1, 0, 9, 0, 0, 37 ]
[ 2, -1, -1, 0, 2, 3, -1, 0, 9 ]
[ 1, 0, -9, 0, 1, 20, 0, 0, 37 ]
[ 1, 0, -9, 0, 2, 3, 0, 1, 20 ]
[ 37, 0, 0, -10, 1, 0, 4, 0, 1 ]
[ 10, -1, 0, -3, 4, 0, 4, 0, 1 ]
[ 1, 0, -9, -10, 1, 0, 0, 0, 37 ]
[ 4, 0, 1, -10, 1, 0, -1, 0, 9 ]
[ 1, 11, 0, 0, 37, 0, 0, -7, 1 ]
[ 3, -4, 0, 1, 11, 0, 1, 4, 1 ]
[ 4, 0, 1, -3, 4, 0, -2, 1, 2 ]
[ -10, 1, 0, -1, 0, 9, 0, 0, 37 ]
[ 10, -1, 0, 4, 0, 1, -1, 0, 9 ]
[ -1, -11, 0, 0, -7, 1, 0, 2, 5 ]
[ 1, 4, 1, 1, 11, 0, 0, 2, 5 ]
[ 3, -4, 0, 1, 4, 1, 1, -3, 2 ]
[ 1, -1, 7, -3, 4, 0, 0, 0, 37 ]
[ -2, 1, 2, 1, -1, 7, 0, 0, 37 ]
[ 2, -1, -2, -3, 4, 0, 1, -1, 7 ]
[ 1, 0, -9, -2, 1, 2, 0, 0, 37 ]
[ 4, 0, 1, -2, 1, 2, -1, 0, 9 ]
[ 1, 11, 0, 0, 1, 21, 0, 0, 37 ]
[ 1, 11, 0, 0, 2, 5, 0, 1, 21 ]
[ 0, -1, -21, 1, 11, 0, 0, 0, 37 ]
[ 0, -2, -5, 1, 11, 0, 0, 1, 21 ]
[ 1, 4, 1, 0, 1, 21, 0, 0, 37 ]
[ 1, 4, 1, 0, 2, 5, 0, 1, 21 ]
[ 1, -3, 2, 1, 4, 1, 0, 2, 5 ]
[ 3, -4, 0, 1, -1, 7, 0, 0, 37 ]
[ -3, 4, 0, 1, -3, 2, 1, -1, 7 ]
[ 0, -1, -21, 1, 4, 1, 0, 0, 37 ]
[ 0, -2, -5, 1, 4, 1, 0, 1, 21 ]
[ 1, -3, 2, 0, 1, 21, 0, 0, 37 ]
[ 1, -3, 2, 0, 2, 5, 0, 1, 21 ]
[ -1, 2, -23, 1, -3, 2, 0, 0, 37 ]
[ -1, 1, -7, 1, -2, 23, 0, 0, 37 ]
[ -1, 1, -7, 1, -3, 2, 1, -2, 23 ]
[ 37, 0, 0, -14, 1, 0, 4, 0, 1 ]
[ 14, -1, 0, -5, 3, 0, 4, 0, 1 ]
[ 1, 0, -9, -14, 1, 0, 0, 0, 37 ]
[ 4, 0, 1, -14, 1, 0, -1, 0, 9 ]
[ 1, -8, 0, 0, 37, 0, 0, -5, 1 ]
[ 5, -3, 0, -1, 8, 0, -1, 3, 1 ]
[ 2, -1, -3, -5, 3, 0, 0, 0, 37 ]
[ 4, 0, 1, -5, 3, 0, -2, 1, 3 ]
[ -14, 1, 0, -1, 0, 9, 0, 0, 37 ]
[ 14, -1, 0, 4, 0, 1, -1, 0, 9 ]
[ -1, 8, 0, 0, -5, 1, 0, 2, 7 ]
[ 1, -3, -1, -1, 8, 0, 0, 2, 7 ]
[ -5, 3, 0, -2, 1, 3, 0, 0, 37 ]
[ 5, -3, 0, -1, 3, 1, -2, 1, 3 ]
[ 1, 0, -9, -2, 1, 3, 0, 0, 37 ]
[ 4, 0, 1, -2, 1, 3, -1, 0, 9 ]
[ 1, -8, 0, 0, 1, 22, 0, 0, 37 ]
[ 1, -8, 0, 0, 2, 7, 0, 1, 22 ]
[ 0, 1, 22, -1, 8, 0, 0, 0, 37 ]
[ 0, 2, 7, -1, 8, 0, 0, 1, 22 ]
[ 1, -3, -1, 0, 1, 22, 0, 0, 37 ]
[ 1, -3, -1, 0, 2, 7, 0, 1, 22 ]
[ -2, 1, 3, 1, -1, 6, 0, 0, 37 ]
[ 2, -1, -3, -1, 3, 1, 1, -1, 6 ]
[ 0, 1, 22, -1, 3, 1, 0, 0, 37 ]
[ 1, -1, 6, 0, 1, 22, 0, 0, 37 ]
[ 1, -1, 6, -1, 3, 1, 0, 1, 22 ]
[ 37, 0, 0, -18, 1, 0, 4, 0, 1 ]
[ 1, 2, 0, 0, 37, 0, 0, -8, 1 ]
[ 18, -1, 0, 1, 2, 0, 4, 0, 1 ]
[ 1, 0, -9, -18, 1, 0, 0, 0, 37 ]
[ 4, 0, 1, -18, 1, 0, -1, 0, 9 ]
[ -1, -2, 0, 0, -8, 1, 0, -3, 5 ]
[ 4, 0, 1, 1, 2, 0, 2, 1, 5 ]
[ -18, 1, 0, -1, 0, 9, 0, 0, 37 ]
[ 18, -1, 0, 4, 0, 1, -1, 0, 9 ]
[ -1, -2, 0, 0, -1, 14, 0, 0, 37 ]
[ -1, -2, 0, 0, -3, 5, 0, -1, 14 ]
[ 1, 1, 14, 1, 2, 0, 0, 0, 37 ]
[ 2, 1, 5, 1, 1, 14, 0, 0, 37 ]
[ 2, 1, 5, 1, 2, 0, 1, 1, 14 ]
[ 1, 0, -9, 2, 1, 5, 0, 0, 37 ]
[ 4, 0, 1, 2, 1, 5, -1, 0, 9 ]
[ 37, 0, 0, 15, 1, 0, 4, 0, 1 ]
[ 15, 1, 0, -7, 2, 0, 4, 0, 1 ]
[ 1, 0, -9, 15, 1, 0, 0, 0, 37 ]
[ 4, 0, 1, 15, 1, 0, -1, 0, 9 ]
[ 1, 5, 0, 0, 37, 0, 0, 17, 1 ]
[ 7, -2, 0, 1, 5, 0, -3, 2, 1 ]
[ 4, 0, 1, -7, 2, 0, -2, 1, 5 ]
[ 15, 1, 0, -1, 0, 9, 0, 0, 37 ]
[ -15, -1, 0, 4, 0, 1, -1, 0, 9 ]
[ 1, 5, 0, 0, 17, 1, 0, -3, 2 ]
[ 3, -2, -1, 1, 5, 0, 1, 2, 2 ]
[ 2, -1, -5, -3, 2, 1, 0, 0, 37 ]
[ 7, -2, 0, -3, 2, 1, -2, 1, 5 ]
[ -3, 1, 14, -7, 2, 0, 0, 0, 37 ]
[ -2, 1, 5, -3, 1, 14, 0, 0, 37 ]
[ -2, 1, 5, -7, 2, 0, -3, 1, 14 ]
[ 1, 0, -9, -2, 1, 5, 0, 0, 37 ]
[ 4, 0, 1, -2, 1, 5, -1, 0, 9 ]
[ -1, -5, 0, 0, -1, 13, 0, 0, 37 ]
[ -1, -5, 0, 0, -3, 2, 0, -1, 13 ]
[ 0, -1, 13, 1, 5, 0, 0, 0, 37 ]
[ -1, -2, -2, 0, -1, 13, 0, 0, 37 ]
[ 1, 2, 2, 1, 5, 0, 0, -1, 13 ]
[ -3, 2, 1, 1, -1, 4, 0, 0, 37 ]
[ 3, -2, -1, 1, 2, 2, 1, -1, 4 ]
[ 3, -1, -14, -2, 1, 5, 0, 0, 37 ]
[ 7, -2, 0, -3, 1, 14, 0, 0, 37 ]
[ 7, -2, 0, -2, 1, 5, -3, 1, 14 ]
[ 0, -1, 13, 1, 2, 2, 0, 0, 37 ]
[ -1, 1, -4, 0, -1, 13, 0, 0, 37 ]
[ 1, -1, 4, 1, 2, 2, 0, -1, 13 ]
[ 37, 0, 0, 11, 1, 0, 4, 0, 1 ]
[ 11, 1, 0, -4, 3, 0, 4, 0, 1 ]
[ 1, 0, -9, 11, 1, 0, 0, 0, 37 ]
[ 4, 0, 1, 11, 1, 0, -1, 0, 9 ]
[ 1, -10, 0, 0, 37, 0, 0, 3, 1 ]
[ 4, -3, 0, -1, 10, 0, 0, 3, 1 ]
[ -1, 1, -3, -4, 3, 0, 0, 0, 37 ]
[ 4, 0, 1, -4, 3, 0, 1, -1, 3 ]
[ 11, 1, 0, -1, 0, 9, 0, 0, 37 ]
[ -11, -1, 0, 4, 0, 1, -1, 0, 9 ]
[ -1, 10, 0, 0, -1, 12, 0, 0, 37 ]
[ 1, -10, 0, 0, 3, 1, 0, -1, 12 ]
[ 0, 1, -12, -1, 10, 0, 0, 0, 37 ]
[ 0, 3, 1, -1, 10, 0, 0, -1, 12 ]
[ -4, 3, 0, 1, -1, 3, 0, 0, 37 ]
[ 4, -3, 0, 0, 3, 1, 1, -1, 3 ]
[ -1, 0, 9, 1, -1, 3, 0, 0, 37 ]
[ -4, 0, -1, 1, -1, 3, -1, 0, 9 ]
[ -1, 1, -3, 0, -1, 12, 0, 0, 37 ]
[ 1, -1, 3, 0, 3, 1, 0, -1, 12 ]
[ 37, 0, 0, 7, 1, 0, 4, 0, 1 ]
[ 7, 1, 0, -2, 5, 0, -3, -1, 1 ]
[ 1, 0, -9, 7, 1, 0, 0, 0, 37 ]
[ 4, 0, 1, 7, 1, 0, -1, 0, 9 ]
[ 1, -21, 0, 0, 37, 0, 0, 10, 1 ]
[ 2, -5, 0, -1, 21, 0, 1, -11, 1 ]
[ 3, 1, -1, -2, 5, 0, 1, -1, 2 ]
[ -1, 0, 9, -3, -1, 1, 0, 0, 37 ]
[ 7, 1, 0, -1, 0, 9, 0, 0, 37 ]
[ -7, -1, 0, -3, -1, 1, -1, 0, 9 ]
[ 1, -21, 0, 0, 10, 1, 0, 3, 4 ]
[ 1, -11, 1, -1, 21, 0, 0, 3, 4 ]
[ -2, 5, 0, 1, -11, 1, -1, 4, 2 ]
[ 1, -2, 13, -2, 5, 0, 0, 0, 37 ]
[ -1, 1, -2, 1, -2, 13, 0, 0, 37 ]
[ 1, -1, 2, -2, 5, 0, 1, -2, 13 ]
[ -1, 0, 9, 1, -1, 2, 0, 0, 37 ]
[ 3, 1, -1, -1, 0, 9, 0, 0, 37 ]
[ -3, -1, 1, 1, -1, 2, -1, 0, 9 ]
[ -1, 21, 0, 0, -1, 11, 0, 0, 37 ]
[ 1, -21, 0, 0, 3, 4, 0, -1, 11 ]
[ 0, 1, -11, -1, 21, 0, 0, 0, 37 ]
[ 0, 3, 4, -1, 21, 0, 0, -1, 11 ]
[ -1, 11, -1, 0, -1, 11, 0, 0, 37 ]
[ 1, -11, 1, 0, 3, 4, 0, -1, 11 ]
[ -1, 4, 2, 1, -11, 1, 0, 3, 4 ]
[ 1, -3, -13, -1, 4, 2, 0, 0, 37 ]
[ 2, -5, 0, -1, 3, 13, 0, 0, 37 ]
[ 2, -5, 0, -1, 4, 2, -1, 3, 13 ]
[ 0, -1, 11, 1, -11, 1, 0, 0, 37 ]
[ 0, -3, -4, 1, -11, 1, 0, -1, 11 ]
[ -1, 4, 2, 0, -1, 11, 0, 0, 37 ]
[ 1, -4, -2, 0, 3, 4, 0, -1, 11 ]
[ 37, 0, 0, 3, 1, 0, 4, 0, 1 ]
[ 1, -12, 0, 0, 37, 0, 0, 11, 1 ]
[ 3, 1, 0, -1, 12, 0, 1, -1, 1 ]
[ 1, 0, -9, 3, 1, 0, 0, 0, 37 ]
[ 4, 0, 1, 3, 1, 0, -1, 0, 9 ]
[ 1, -12, 0, 0, 11, 1, 0, -4, 3 ]
[ 1, -1, 1, -1, 12, 0, 0, -4, 3 ]
[ -1, 0, 9, 1, -1, 1, 0, 0, 37 ]
[ 3, 1, 0, -1, 0, 9, 0, 0, 37 ]
[ -3, -1, 0, 1, -1, 1, -1, 0, 9 ]
[ -1, 12, 0, 0, -1, 10, 0, 0, 37 ]
[ -1, 12, 0, 0, -4, 3, 0, -1, 10 ]
[ 0, 1, -10, -1, 12, 0, 0, 0, 37 ]
[ 0, 4, -3, -1, 12, 0, 0, -1, 10 ]
[ -1, 1, -1, 0, -1, 10, 0, 0, 37 ]
[ -1, 1, -1, 0, -4, 3, 0, -1, 10 ]
[ 1, -1, 0, 0, 37, 0, 0, 4, 1 ]
[ 37, 0, 0, -1, 1, 0, 4, 0, 1 ]
[ -1, 1, 0, 0, -1, 9, 0, 0, 37 ]
[ 1, -1, 0, 0, 4, 1, 0, -1, 9 ]
[ 1, 0, -9, -1, 1, 0, 0, 0, 37 ]
[ 4, 0, 1, -1, 1, 0, -1, 0, 9 ]
[ 37, 0, 0, -5, 1, 0, 4, 0, 1 ]
[ 5, -1, 0, 2, 7, 0, -1, 1, 1 ]
[ 1, 0, -9, -5, 1, 0, 0, 0, 37 ]
[ 4, 0, 1, -5, 1, 0, -1, 0, 9 ]
[ 1, 22, 0, 0, 37, 0, 0, -14, 1 ]
[ 2, 7, 0, 1, 22, 0, 1, 8, 1 ]
[ 1, 3, 4, 2, 7, 0, 0, 0, 37 ]
[ 1, -1, -1, 2, 7, 0, 1, 3, 4 ]
[ 1, 0, -9, -1, 1, 1, 0, 0, 37 ]
[ -5, 1, 0, -1, 0, 9, 0, 0, 37 ]
[ 5, -1, 0, -1, 1, 1, -1, 0, 9 ]
[ -1, -22, 0, 0, -14, 1, 0, -5, 3 ]
[ 1, 8, 1, 1, 22, 0, 0, -5, 3 ]
[ -2, -7, 0, -1, -4, 4, 0, 0, 37 ]
[ 2, 7, 0, 1, 8, 1, -1, -4, 4 ]
[ 0, -1, 8, 1, 3, 4, 0, 0, 37 ]
[ -1, 1, 1, 0, -1, 8, 0, 0, 37 ]
[ 1, -1, -1, 1, 3, 4, 0, -1, 8 ]
[ -1, -22, 0, 0, -1, 8, 0, 0, 37 ]
[ -1, -22, 0, 0, -5, 3, 0, -1, 8 ]
[ 0, -1, 8, 1, 22, 0, 0, 0, 37 ]
[ 0, -5, 3, 1, 22, 0, 0, -1, 8 ]
[ -1, -8, -1, 0, -1, 8, 0, 0, 37 ]
[ -1, -8, -1, 0, -5, 3, 0, -1, 8 ]
[ 0, -1, 8, 1, 8, 1, 0, 0, 37 ]
[ -1, -4, 4, 0, -1, 8, 0, 0, 37 ]
[ 1, 4, -4, 1, 8, 1, 0, -1, 8 ]
[ 37, 0, 0, -9, 1, 0, 4, 0, 1 ]
[ 1, 4, 0, 0, 37, 0, 0, -16, 1 ]
[ 9, -1, 0, 1, 4, 0, 4, 0, 1 ]
[ 1, 0, -9, -9, 1, 0, 0, 0, 37 ]
[ 4, 0, 1, -9, 1, 0, -1, 0, 9 ]
[ -1, -4, 0, 0, -16, 1, 0, 5, 2 ]
[ 4, 0, 1, 1, 4, 0, -1, 1, 2 ]
[ -9, 1, 0, -1, 0, 9, 0, 0, 37 ]
[ 9, -1, 0, 4, 0, 1, -1, 0, 9 ]
[ -1, -4, 0, 0, -1, 7, 0, 0, 37 ]
[ 1, 4, 0, 0, 5, 2, 0, -1, 7 ]
[ 0, -1, 7, 1, 4, 0, 0, 0, 37 ]
[ -1, 1, 2, 0, -1, 7, 0, 0, 37 ]
[ 1, -1, -2, 1, 4, 0, 0, -1, 7 ]
[ 1, 0, -9, -1, 1, 2, 0, 0, 37 ]
[ 4, 0, 1, -1, 1, 2, -1, 0, 9 ]
[ 37, 0, 0, -13, 1, 0, 4, 0, 1 ]
[ 13, -1, 0, -2, 3, 0, 4, 0, 1 ]
[ 1, 0, -9, -13, 1, 0, 0, 0, 37 ]
[ 4, 0, 1, -13, 1, 0, -1, 0, 9 ]
[ 1, -20, 0, 0, 37, 0, 0, 6, 1 ]
[ 2, -3, 0, -1, 20, 0, 0, 6, 1 ]
[ 1, -1, -3, -2, 3, 0, 0, 0, 37 ]
[ 4, 0, 1, -2, 3, 0, -1, 1, 3 ]
[ -13, 1, 0, -1, 0, 9, 0, 0, 37 ]
[ 13, -1, 0, 4, 0, 1, -1, 0, 9 ]
[ -1, 20, 0, 0, -1, 6, 0, 0, 37 ]
[ 1, -20, 0, 0, 6, 1, 0, -1, 6 ]
[ 0, 1, -6, -1, 20, 0, 0, 0, 37 ]
[ 0, 6, 1, -1, 20, 0, 0, -1, 6 ]
[ -2, 3, 0, -1, 1, 3, 0, 0, 37 ]
[ 2, -3, 0, 0, 6, 1, -1, 1, 3 ]
[ 1, 0, -9, -1, 1, 3, 0, 0, 37 ]
[ 4, 0, 1, -1, 1, 3, -1, 0, 9 ]
[ -1, 1, 3, 0, -1, 6, 0, 0, 37 ]
[ 1, -1, -3, 0, 6, 1, 0, -1, 6 ]
[ 37, 0, 0, -17, 1, 0, 4, 0, 1 ]
[ 17, -1, 0, 3, 2, 0, 4, 0, 1 ]
[ 1, 0, -9, -17, 1, 0, 0, 0, 37 ]
[ 4, 0, 1, -17, 1, 0, -1, 0, 9 ]
[ 1, 13, 0, 0, 37, 0, 0, -15, 1 ]
[ 3, 2, 0, 1, 13, 0, 1, -2, 1 ]
[ 4, 0, 1, 3, 2, 0, 3, 1, 5 ]
[ -17, 1, 0, -1, 0, 9, 0, 0, 37 ]
[ 17, -1, 0, 4, 0, 1, -1, 0, 9 ]
[ -1, -13, 0, 0, -15, 1, 0, 7, 2 ]
[ 1, -2, 1, 1, 13, 0, 0, 7, 2 ]
[ 0, -1, 5, 1, -2, 1, 0, 0, 37 ]
[ -3, -2, 0, 1, -2, 1, 0, -1, 5 ]
[ 2, 1, 14, 3, 2, 0, 0, 0, 37 ]
[ 3, 1, 5, 2, 1, 14, 0, 0, 37 ]
[ 3, 1, 5, 3, 2, 0, 2, 1, 14 ]
[ 1, 0, -9, 3, 1, 5, 0, 0, 37 ]
[ 4, 0, 1, 3, 1, 5, -1, 0, 9 ]
[ -1, -13, 0, 0, -1, 5, 0, 0, 37 ]
[ 1, 13, 0, 0, 7, 2, 0, -1, 5 ]
[ 0, -1, 5, 1, 13, 0, 0, 0, 37 ]
[ 0, -7, -2, 1, 13, 0, 0, -1, 5 ]
[ -1, 2, -1, 0, -1, 5, 0, 0, 37 ]
[ 1, -2, 1, 0, 7, 2, 0, -1, 5 ]
[ -1, -1, 14, 0, -1, 5, 0, 0, 37 ]
[ -3, -2, 0, -1, -1, 14, 0, 0, 37 ]
[ -3, -2, 0, 0, -1, 5, -1, -1, 14 ]
[ 37, 0, 0, 16, 1, 0, 4, 0, 1 ]
[ 16, 1, 0, -5, 2, 0, 4, 0, 1 ]
[ 1, 0, -9, 16, 1, 0, 0, 0, 37 ]
[ 4, 0, 1, 16, 1, 0, -1, 0, 9 ]
[ 1, 7, 0, 0, 37, 0, 0, 9, 1 ]
[ 5, -2, 0, 1, 7, 0, -1, 2, 1 ]
[ 4, 0, 1, -5, 2, 0, -1, 1, 5 ]
[ 16, 1, 0, -1, 0, 9, 0, 0, 37 ]
[ -16, -1, 0, 4, 0, 1, -1, 0, 9 ]
[ -1, -7, 0, 0, -1, 4, 0, 0, 37 ]
[ 1, 7, 0, 0, 9, 1, 0, -1, 4 ]
[ 0, -1, 4, 1, 7, 0, 0, 0, 37 ]
[ -1, 2, 1, 0, -1, 4, 0, 0, 37 ]
[ 1, -2, -1, 1, 7, 0, 0, -1, 4 ]
[ 1, -1, -5, -1, 2, 1, 0, 0, 37 ]
[ 5, -2, 0, -1, 2, 1, -1, 1, 5 ]
[ -2, 1, 14, -5, 2, 0, 0, 0, 37 ]
[ -1, 1, 5, -2, 1, 14, 0, 0, 37 ]
[ -1, 1, 5, -5, 2, 0, -2, 1, 14 ]
[ 1, 0, -9, -1, 1, 5, 0, 0, 37 ]
[ 4, 0, 1, -1, 1, 5, -1, 0, 9 ]
[ 2, -1, -14, -1, 1, 5, 0, 0, 37 ]
[ 5, -2, 0, -2, 1, 14, 0, 0, 37 ]
[ 5, -2, 0, -1, 1, 5, -2, 1, 14 ]
[ 37, 0, 0, 12, 1, 0, 4, 0, 1 ]
[ 1, -3, 0, 0, 37, 0, 0, 12, 1 ]
[ 12, 1, 0, -1, 3, 0, 4, 0, 1 ]
[ 1, 0, -9, 12, 1, 0, 0, 0, 37 ]
[ 4, 0, 1, 12, 1, 0, -1, 0, 9 ]
[ -1, 3, 0, 0, -1, 3, 0, 0, 37 ]
[ 1, -3, 0, 0, 12, 1, 0, -1, 3 ]
[ 0, 1, -3, -1, 3, 0, 0, 0, 37 ]
[ 4, 0, 1, -1, 3, 0, 0, -1, 3 ]
[ 12, 1, 0, -1, 0, 9, 0, 0, 37 ]
[ -12, -1, 0, 4, 0, 1, -1, 0, 9 ]
[ -1, 0, 9, 0, -1, 3, 0, 0, 37 ]
[ -4, 0, -1, 0, -1, 3, -1, 0, 9 ]
[ 37, 0, 0, 8, 1, 0, 4, 0, 1 ]
[ 8, 1, 0, 3, 5, 0, -4, -1, 1 ]
[ 1, 0, -9, 8, 1, 0, 0, 0, 37 ]
[ 4, 0, 1, 8, 1, 0, -1, 0, 9 ]
[ 1, 14, 0, 0, 37, 0, 0, 18, 1 ]
[ 3, 5, 0, 1, 14, 0, -1, 4, 1 ]
[ 4, 1, -1, 3, 5, 0, 0, -1, 2 ]
[ -1, 0, 9, -4, -1, 1, 0, 0, 37 ]
[ 8, 1, 0, -1, 0, 9, 0, 0, 37 ]
[ -8, -1, 0, -4, -1, 1, -1, 0, 9 ]
[ -1, -14, 0, 0, -1, 2, 0, 0, 37 ]
[ 1, 14, 0, 0, 18, 1, 0, -1, 2 ]
[ 0, -1, 2, 1, 14, 0, 0, 0, 37 ]
[ -1, 4, 1, 0, -1, 2, 0, 0, 37 ]
[ 1, -4, -1, 1, 14, 0, 0, -1, 2 ]
[ 0, 1, -2, -1, 4, 1, 0, 0, 37 ]
[ 3, 5, 0, -1, 4, 1, 0, -1, 2 ]
[ -1, -2, 13, 3, 5, 0, 0, 0, 37 ]
[ 0, 1, -2, -1, -2, 13, 0, 0, 37 ]
[ 0, -1, 2, 3, 5, 0, -1, -2, 13 ]
[ -1, 0, 9, 0, -1, 2, 0, 0, 37 ]
[ 4, 1, -1, -1, 0, 9, 0, 0, 37 ]
[ -4, -1, 1, 0, -1, 2, -1, 0, 9 ]
[ -1, -2, 13, 0, -1, 2, 0, 0, 37 ]
[ -3, -5, 0, -1, -2, 13, 0, 0, 37 ]
[ -3, -5, 0, 0, -1, 2, -1, -2, 13 ]
[ 37, 0, 0, 4, 1, 0, 4, 0, 1 ]
[ -1, 9, 0, 0, -1, 1, 0, 0, 37 ]
[ 1, -9, 0, 0, 37, 0, 0, -1, 1 ]
[ 0, 1, -1, -1, 9, 0, 0, 0, 37 ]
[ 4, 1, 0, -1, 9, 0, 0, -1, 1 ]
[ 1, 0, -9, 4, 1, 0, 0, 0, 37 ]
[ 4, 0, 1, 4, 1, 0, -1, 0, 9 ]
[ -1, 0, 9, 0, -1, 1, 0, 0, 37 ]
[ 4, 1, 0, -1, 0, 9, 0, 0, 37 ]
[ -4, -1, 0, 0, -1, 1, -1, 0, 9 ]
[ 37, 0, 0, 0, 1, 0, -14, 0, 1 ]
[ 14, 0, -1, 0, 1, 0, -5, 0, 3 ]
[ 1, 0, -8, 0, 1, 0, 0, 0, 37 ]
[ 5, 0, -3, 0, 1, 0, -1, 0, 8 ]
[ 37, 0, 0, 14, 1, 0, -14, 0, 1 ]
[ 14, 1, 0, 5, 3, 0, 0, 1, 1 ]
[ 14, 0, -1, 14, 1, 0, -5, 0, 3 ]
[ 1, 8, 0, 0, 1, 1, 0, 0, 37 ]
[ 1, 8, 0, 0, 37, 0, 0, 1, 1 ]
[ 0, -1, -1, 1, 8, 0, 0, 0, 37 ]
[ 5, 3, 0, 1, 8, 0, 0, 1, 1 ]
[ 0, 1, 1, -1, -1, 7, 0, 0, 37 ]
[ 0, -1, -1, 5, 3, 0, -1, -1, 7 ]
[ 14, 1, 0, 0, 1, 1, -5, 0, 3 ]
[ 1, 0, -8, 14, 1, 0, 0, 0, 37 ]
[ 5, 0, -3, 14, 1, 0, -1, 0, 8 ]
[ 1, 1, -7, 0, 1, 1, 0, 0, 37 ]
[ 5, 3, 0, 0, 1, 1, -1, -1, 7 ]
[ 2, 1, 22, 5, 3, 0, 0, 0, 37 ]
[ -1, -1, 7, 2, 1, 22, 0, 0, 37 ]
[ -1, -1, 7, 5, 3, 0, 2, 1, 22 ]
[ 1, 0, -8, 0, 1, 1, 0, 0, 37 ]
[ 5, 0, -3, 0, 1, 1, -1, 0, 8 ]
[ 14, 1, 0, -1, 0, 8, 0, 0, 37 ]
[ 14, 1, 0, -5, 0, 3, -1, 0, 8 ]
[ -2, -1, -22, -1, -1, 7, 0, 0, 37 ]
[ -5, -3, 0, 2, 1, 22, 0, 0, 37 ]
[ -5, -3, 0, -1, -1, 7, 2, 1, 22 ]
[ 37, 0, 0, -9, 1, 0, -14, 0, 1 ]
[ 1, 4, 0, 0, 37, 0, 0, -18, 1 ]
[ 9, -1, 0, 1, 4, 0, 4, -2, 1 ]
[ 14, 0, -1, -9, 1, 0, -5, 0, 3 ]
[ 1, 4, 0, 0, 1, 2, 0, 0, 37 ]
[ -1, -4, 0, 0, -18, 1, 0, 1, 2 ]
[ 0, -1, -2, 1, 4, 0, 0, 0, 37 ]
[ 4, -2, 1, 1, 4, 0, 0, 1, 2 ]
[ -9, 1, 0, 4, -2, 1, 4, -1, 3 ]
[ 1, 0, -8, -9, 1, 0, 0, 0, 37 ]
[ 5, 0, -3, -9, 1, 0, -1, 0, 8 ]
[ 1, -1, -10, 0, 1, 2, 0, 0, 37 ]
[ 4, -2, 1, 0, 1, 2, -1, 1, 10 ]
[ -4, 1, -3, 3, -1, 11, 0, 0, 37 ]
[ -4, 1, -3, 4, -2, 1, 3, -1, 11 ]
[ -1, 0, 8, 4, -1, 3, 0, 0, 37 ]
[ -9, 1, 0, -1, 0, 8, 0, 0, 37 ]
[ -9, 1, 0, 4, -1, 3, -1, 0, 8 ]
[ 2, -1, 19, -1, 1, 10, 0, 0, 37 ]
[ 4, -2, 1, -1, 1, 10, 2, -1, 19 ]
[ -3, 1, -11, 2, -1, 19, 0, 0, 37 ]
[ -3, 1, -11, 4, -2, 1, 2, -1, 19 ]
[ 37, 0, 0, 5, 1, 0, -14, 0, 1 ]
[ 5, 1, 0, -2, 7, 0, 1, 3, 1 ]
[ 14, 0, -1, 5, 1, 0, -5, 0, 3 ]
[ 1, -22, 0, 0, 37, 0, 0, -12, 1 ]
[ 2, -7, 0, -1, 22, 0, -1, 10, 1 ]
[ 1, 3, 1, 0, 1, 3, 0, 0, 37 ]
[ 1, 3, 1, -2, 7, 0, 0, 1, 3 ]
[ 0, -1, -3, 1, 3, 1, 0, 0, 37 ]
[ 5, 1, 0, 1, 3, 1, 0, 1, 3 ]
[ 1, 0, -8, 5, 1, 0, 0, 0, 37 ]
[ 5, 0, -3, 5, 1, 0, -1, 0, 8 ]
[ 1, -22, 0, 0, 1, 3, 0, 0, 37 ]
[ -1, 22, 0, 0, -12, 1, 0, 1, 3 ]
[ 0, 1, 3, -1, 22, 0, 0, 0, 37 ]
[ 1, -10, -1, 0, 1, 3, 0, 0, 37 ]
[ 1, -10, -1, -1, 22, 0, 0, 1, 3 ]
[ 0, 1, 3, -1, 10, 1, 0, 0, 37 ]
[ 2, -7, 0, -1, 10, 1, 0, 1, 3 ]
[ -1, 4, 20, -2, 7, 0, 0, 0, 37 ]
[ 0, 1, 3, -1, 4, 20, 0, 0, 37 ]
[ 0, 1, 3, -2, 7, 0, -1, 4, 20 ]
[ 1, 0, -8, 0, 1, 3, 0, 0, 37 ]
[ 5, 1, 0, -1, 0, 8, 0, 0, 37 ]
[ 5, 1, 0, 0, 1, 3, -1, 0, 8 ]
[ 1, -4, -20, 0, 1, 3, 0, 0, 37 ]
[ 2, -7, 0, -1, 4, 20, 0, 0, 37 ]
[ 2, -7, 0, 0, 1, 3, -1, 4, 20 ]
[ 37, 0, 0, -18, 1, 0, -14, 0, 1 ]
[ 1, 2, 0, 0, 37, 0, 0, -9, 1 ]
[ 18, -1, 0, 1, 2, 0, 4, -1, 1 ]
[ 14, 0, -1, -18, 1, 0, -5, 0, 3 ]
[ 1, 2, 0, 0, 1, 4, 0, 0, 37 ]
[ -1, -2, 0, 0, -9, 1, 0, 1, 4 ]
[ 0, -1, -4, 1, 2, 0, 0, 0, 37 ]
[ 4, -1, 1, 1, 2, 0, 0, 1, 4 ]
[ -18, 1, 0, 4, -1, 1, -5, 0, 3 ]
[ 1, 0, -8, -18, 1, 0, 0, 0, 37 ]
[ 5, 0, -3, -18, 1, 0, -1, 0, 8 ]
[ 1, 0, -8, 0, 1, 4, 0, 0, 37 ]
[ -4, 1, -1, -1, 0, 8, 0, 0, 37 ]
[ 4, -1, 1, 0, 1, 4, -1, 0, 8 ]
[ -1, 0, 8, 4, -1, 1, 0, 0, 37 ]
[ -5, 0, 3, 4, -1, 1, -1, 0, 8 ]
[ -18, 1, 0, -1, 0, 8, 0, 0, 37 ]
[ -18, 1, 0, -5, 0, 3, -1, 0, 8 ]
[ 37, 0, 0, -4, 1, 0, -14, 0, 1 ]
[ 1, 9, 0, 0, 37, 0, 0, 15, 1 ]
[ 4, -1, 0, 1, 9, 0, -2, -3, 1 ]
[ 14, 0, -1, -4, 1, 0, -5, 0, 3 ]
[ 1, 9, 0, 0, 15, 1, 0, -7, 2 ]
[ 2, 3, -1, 1, 2, 2, 0, 0, 37 ]
[ 2, 3, -1, 1, 9, 0, 1, 2, 2 ]
[ -1, -1, 3, -2, -3, 1, 0, 0, 37 ]
[ -4, 1, 0, -2, -3, 1, -1, -1, 3 ]
[ 1, 0, -8, -4, 1, 0, 0, 0, 37 ]
[ 5, 0, -3, -4, 1, 0, -1, 0, 8 ]
[ 1, 9, 0, 0, 1, 5, 0, 0, 37 ]
[ -1, -9, 0, 0, -7, 2, 0, 1, 5 ]
[ 0, -1, -5, 1, 9, 0, 0, 0, 37 ]
[ 1, 2, 2, 0, 1, 5, 0, 0, 37 ]
[ 1, 2, 2, 1, 9, 0, 0, 1, 5 ]
[ -1, 0, 8, -1, -1, 3, 0, 0, 37 ]
[ -4, 1, 0, -1, 0, 8, 0, 0, 37 ]
[ -4, 1, 0, -1, -1, 3, -1, 0, 8 ]
[ 37, 0, 0, 10, 1, 0, -14, 0, 1 ]
[ 10, 1, 0, 3, 4, 0, 6, 2, 1 ]
[ 14, 0, -1, 10, 1, 0, -5, 0, 3 ]
[ 1, -11, 0, 0, 37, 0, 0, -6, 1 ]
[ 3, 4, 0, -1, 11, 0, 0, -6, 1 ]
[ 1, 1, -2, 3, 4, 0, 0, 0, 37 ]
[ 6, 2, 1, 3, 4, 0, -1, -1, 2 ]
[ 10, 1, 0, 6, 2, 1, 5, 1, 3 ]
[ 1, 0, -8, 10, 1, 0, 0, 0, 37 ]
[ 5, 0, -3, 10, 1, 0, -1, 0, 8 ]
[ 1, -11, 0, 0, 1, 6, 0, 0, 37 ]
[ -1, 11, 0, 0, -6, 1, 0, 1, 6 ]
[ 0, 1, 6, -1, 11, 0, 0, 0, 37 ]
[ 0, 6, -1, -1, 11, 0, 0, 1, 6 ]
[ 3, 4, 0, -1, -1, 2, 0, 0, 37 ]
[ -3, -4, 0, 0, -6, 1, -1, -1, 2 ]
[ -2, -1, 10, -1, -1, 2, 0, 0, 37 ]
[ -6, -2, -1, -1, -1, 2, -2, -1, 10 ]
[ 5, 1, 3, 4, 1, 11, 0, 0, 37 ]
[ 5, 1, 3, 6, 2, 1, 4, 1, 11 ]
[ 1, 0, -8, 5, 1, 3, 0, 0, 37 ]
[ 10, 1, 0, -1, 0, 8, 0, 0, 37 ]
[ 10, 1, 0, 5, 1, 3, -1, 0, 8 ]
[ 1, 1, -2, 0, 1, 6, 0, 0, 37 ]
[ -1, -1, 2, 0, -6, 1, 0, 1, 6 ]
[ -3, -1, -19, -2, -1, 10, 0, 0, 37 ]
[ -6, -2, -1, -2, -1, 10, 3, 1, 19 ]
[ 4, 1, 11, 3, 1, 19, 0, 0, 37 ]
[ 4, 1, 11, 6, 2, 1, 3, 1, 19 ]
[ 37, 0, 0, -13, 1, 0, -14, 0, 1 ]
[ 13, -1, 0, -2, 3, 0, -1, -1, 1 ]
[ 14, 0, -1, -13, 1, 0, -5, 0, 3 ]
[ 1, -20, 0, 0, 37, 0, 0, 16, 1 ]
[ 2, -3, 0, -1, 20, 0, 1, -4, 1 ]
[ 1, 1, -1, 0, 1, 7, 0, 0, 37 ]
[ 1, 1, -1, -2, 3, 0, 0, 1, 7 ]
[ -13, 1, 0, -1, -1, 1, -5, 0, 3 ]
[ 1, 0, -8, -13, 1, 0, 0, 0, 37 ]
[ 5, 0, -3, -13, 1, 0, -1, 0, 8 ]
[ 1, -20, 0, 0, 16, 1, 0, -5, 2 ]
[ 1, -4, 1, -1, 20, 0, 0, -5, 2 ]
[ 0, -1, -7, 1, -4, 1, 0, 0, 37 ]
[ -2, 3, 0, 1, -4, 1, 0, 1, 7 ]
[ -1, 2, 22, -2, 3, 0, 0, 0, 37 ]
[ 0, 1, 7, -1, 2, 22, 0, 0, 37 ]
[ 0, 1, 7, -2, 3, 0, -1, 2, 22 ]
[ -1, 0, 8, -1, -1, 1, 0, 0, 37 ]
[ -5, 0, 3, -1, -1, 1, -1, 0, 8 ]
[ -13, 1, 0, -1, 0, 8, 0, 0, 37 ]
[ -13, 1, 0, -5, 0, 3, -1, 0, 8 ]
[ 1, -20, 0, 0, 1, 7, 0, 0, 37 ]
[ -1, 20, 0, 0, -5, 2, 0, 1, 7 ]
[ 0, 1, 7, -1, 20, 0, 0, 0, 37 ]
[ 0, 5, -2, -1, 20, 0, 0, 1, 7 ]
[ 1, -4, 1, 0, 1, 7, 0, 0, 37 ]
[ -1, 4, -1, 0, -5, 2, 0, 1, 7 ]
[ 1, -2, -22, 0, 1, 7, 0, 0, 37 ]
[ 2, -3, 0, -1, 2, 22, 0, 0, 37 ]
[ 2, -3, 0, 0, 1, 7, -1, 2, 22 ]
[ 1, 1, 0, 0, 37, 0, 0, 14, 1 ]
[ 37, 0, 0, 1, 1, 0, -14, 0, 1 ]
[ 1, 1, 0, 0, 14, 1, 0, 5, 3 ]
[ 14, 0, -1, 1, 1, 0, -5, 0, 3 ]
[ 1, 1, 0, 0, 1, 8, 0, 0, 37 ]
[ 1, 1, 0, 0, 5, 3, 0, 1, 8 ]
[ 1, 0, -8, 1, 1, 0, 0, 0, 37 ]
[ 5, 0, -3, 1, 1, 0, -1, 0, 8 ]
[ 37, 0, 0, 15, 1, 0, -14, 0, 1 ]
[ 15, 1, 0, -7, 2, 0, 1, 1, 1 ]
[ 14, 0, -1, 15, 1, 0, -5, 0, 3 ]
[ 1, 5, 0, 0, 37, 0, 0, -4, 1 ]
[ 7, -2, 0, 1, 5, 0, 1, 1, 1 ]
[ -3, 1, -4, -7, 2, 0, 0, 0, 37 ]
[ 1, 1, 1, -7, 2, 0, 3, -1, 4 ]
[ 15, 1, 0, 1, 1, 1, -5, 0, 3 ]
[ 1, 0, -8, 15, 1, 0, 0, 0, 37 ]
[ 5, 0, -3, 15, 1, 0, -1, 0, 8 ]
[ 1, 5, 0, 0, 1, 9, 0, 0, 37 ]
[ -1, -5, 0, 0, -4, 1, 0, 1, 9 ]
[ 0, -1, -9, 1, 5, 0, 0, 0, 37 ]
[ 1, 1, 1, 0, 1, 9, 0, 0, 37 ]
[ 1, 1, 1, 1, 5, 0, 0, 1, 9 ]
[ -7, 2, 0, 3, -1, 4, 0, 0, 37 ]
[ 7, -2, 0, 1, 1, 1, 3, -1, 4 ]
[ -1, 0, 8, 3, -1, 4, 0, 0, 37 ]
[ 1, 1, 1, -1, 0, 8, 0, 0, 37 ]
[ -1, -1, -1, 3, -1, 4, -1, 0, 8 ]
[ 1, 0, -8, 1, 1, 1, 0, 0, 37 ]
[ 5, 0, -3, 1, 1, 1, -1, 0, 8 ]
[ 15, 1, 0, -1, 0, 8, 0, 0, 37 ]
[ 15, 1, 0, -5, 0, 3, -1, 0, 8 ]
[ -3, 1, -4, -1, 0, 8, 0, 0, 37 ]
[ 3, -1, 4, 1, 1, 1, -1, 0, 8 ]
[ 1, 0, -8, 1, 1, 1, 0, 0, 37 ]
[ 37, 0, 0, -8, 1, 0, -14, 0, 1 ]
[ 8, -1, 0, -3, 5, 0, 2, -2, 1 ]
[ 14, 0, -1, -8, 1, 0, -5, 0, 3 ]
[ 1, -14, 0, 0, 37, 0, 0, -11, 1 ]
[ 3, -5, 0, -1, 14, 0, -1, 3, 1 ]
[ 2, -3, -9, -3, 5, 0, 0, 0, 37 ]
[ 2, -2, 1, -3, 5, 0, -2, 3, 9 ]
[ -8, 1, 0, 2, -2, 1, 3, -1, 3 ]
[ 1, 0, -8, -8, 1, 0, 0, 0, 37 ]
[ 5, 0, -3, -8, 1, 0, -1, 0, 8 ]
[ -1, 14, 0, 0, -11, 1, 0, 4, 3 ]
[ 1, -3, -1, -1, 14, 0, 0, 4, 3 ]
[ 1, -2, 9, -1, 3, 1, 0, 0, 37 ]
[ -3, 5, 0, 1, -2, 9, 0, 0, 37 ]
[ 3, -5, 0, -1, 3, 1, 1, -2, 9 ]
[ 1, -1, 19, -2, 3, 9, 0, 0, 37 ]
[ 2, -2, 1, -2, 3, 9, 1, -1, 19 ]
[ -3, 1, -3, 2, -1, 11, 0, 0, 37 ]
[ -3, 1, -3, 2, -2, 1, 2, -1, 11 ]
[ -1, 0, 8, 3, -1, 3, 0, 0, 37 ]
[ -8, 1, 0, -1, 0, 8, 0, 0, 37 ]
[ -8, 1, 0, 3, -1, 3, -1, 0, 8 ]
[ 1, -14, 0, 0, 1, 10, 0, 0, 37 ]
[ 1, -14, 0, 0, 4, 3, 0, 1, 10 ]
[ 0, 1, 10, -1, 14, 0, 0, 0, 37 ]
[ 0, 4, 3, -1, 14, 0, 0, 1, 10 ]
[ 1, -3, -1, 0, 1, 10, 0, 0, 37 ]
[ 1, -3, -1, 0, 4, 3, 0, 1, 10 ]
[ -2, 1, -11, 1, -1, 19, 0, 0, 37 ]
[ -2, 1, -11, 2, -2, 1, 1, -1, 19 ]
[ 37, 0, 0, 6, 1, 0, -14, 0, 1 ]
[ 1, -6, 0, 0, 37, 0, 0, -10, 1 ]
[ 6, 1, 0, -1, 6, 0, -2, 2, 1 ]
[ 14, 0, -1, 6, 1, 0, -5, 0, 3 ]
[ -1, 6, 0, 0, -10, 1, 0, -3, 4 ]
[ 2, -2, -1, -1, 6, 0, -1, 3, 4 ]
[ 6, 1, 0, -2, 2, 1, 1, 1, 3 ]
[ 1, 0, -8, 6, 1, 0, 0, 0, 37 ]
[ 5, 0, -3, 6, 1, 0, -1, 0, 8 ]
[ 1, -6, 0, 0, 1, 11, 0, 0, 37 ]
[ -1, 6, 0, 0, -3, 4, 0, 1, 11 ]
[ 0, 1, 11, -1, 6, 0, 0, 0, 37 ]
[ 1, -3, -4, 0, 1, 11, 0, 0, 37 ]
[ 1, -3, -4, -1, 6, 0, 0, 1, 11 ]
[ 0, 1, 11, -1, 3, 4, 0, 0, 37 ]
[ 2, -2, -1, -1, 3, 4, 0, 1, 11 ]
[ 1, 1, 3, 0, 1, 11, 0, 0, 37 ]
[ 1, 1, 3, -2, 2, 1, 0, 1, 11 ]
[ 1, 0, -8, 1, 1, 3, 0, 0, 37 ]
[ 6, 1, 0, -1, 0, 8, 0, 0, 37 ]
[ 6, 1, 0, 1, 1, 3, -1, 0, 8 ]
[ 1, -1, -19, 0, 1, 11, 0, 0, 37 ]
[ 2, -2, -1, 0, 1, 11, -1, 1, 19 ]
[ 0, 1, 11, -1, 1, 19, 0, 0, 37 ]
[ 0, 1, 11, -2, 2, 1, -1, 1, 19 ]
[ 37, 0, 0, -17, 1, 0, -14, 0, 1 ]
[ 17, -1, 0, 3, 2, 0, 3, -1, 1 ]
[ 14, 0, -1, -17, 1, 0, -5, 0, 3 ]
[ 1, 13, 0, 0, 37, 0, 0, -3, 1 ]
[ 3, 2, 0, 1, 13, 0, 0, -3, 1 ]
[ -1, -1, -4, 3, 2, 0, 0, 0, 37 ]
[ 3, -1, 1, 3, 2, 0, 1, 1, 4 ]
[ -17, 1, 0, 3, -1, 1, -5, 0, 3 ]
[ 1, 0, -8, -17, 1, 0, 0, 0, 37 ]
[ 5, 0, -3, -17, 1, 0, -1, 0, 8 ]
[ 1, 13, 0, 0, 1, 12, 0, 0, 37 ]
[ -1, -13, 0, 0, -3, 1, 0, 1, 12 ]
[ 0, -1, -12, 1, 13, 0, 0, 0, 37 ]
[ 0, -3, 1, 1, 13, 0, 0, 1, 12 ]
[ 3, 2, 0, 1, 1, 4, 0, 0, 37 ]
[ -3, -2, 0, 0, -3, 1, 1, 1, 4 ]
[ 1, 0, -8, 1, 1, 4, 0, 0, 37 ]
[ -3, 1, -1, -1, 0, 8, 0, 0, 37 ]
[ 3, -1, 1, 1, 1, 4, -1, 0, 8 ]
[ -1, 0, 8, 3, -1, 1, 0, 0, 37 ]
[ -5, 0, 3, 3, -1, 1, -1, 0, 8 ]
[ -17, 1, 0, -1, 0, 8, 0, 0, 37 ]
[ -17, 1, 0, -5, 0, 3, -1, 0, 8 ]
[ 1, 1, 4, 0, 1, 12, 0, 0, 37 ]
[ -1, -1, -4, 0, -3, 1, 0, 1, 12 ]
[ 37, 0, 0, -3, 1, 0, -14, 0, 1 ]
[ 1, 12, 0, 0, 37, 0, 0, -17, 1 ]
[ 3, -1, 0, 1, 12, 0, 1, -5, 1 ]
[ 14, 0, -1, -3, 1, 0, -5, 0, 3 ]
[ -1, -12, 0, 0, -17, 1, 0, 3, 2 ]
[ 1, -5, 1, 1, 12, 0, 0, 3, 2 ]
[ -3, 1, 0, 1, -5, 1, 1, -2, 3 ]
[ 1, 0, -8, -3, 1, 0, 0, 0, 37 ]
[ 5, 0, -3, -3, 1, 0, -1, 0, 8 ]
[ 1, 12, 0, 0, 1, 13, 0, 0, 37 ]
[ 1, 12, 0, 0, 3, 2, 0, 1, 13 ]
[ 0, -1, -13, 1, 12, 0, 0, 0, 37 ]
[ 0, -3, -2, 1, 12, 0, 0, 1, 13 ]
[ 1, -5, 1, 0, 1, 13, 0, 0, 37 ]
[ 1, -5, 1, 0, 3, 2, 0, 1, 13 ]
[ 0, -1, -13, 1, -5, 1, 0, 0, 37 ]
[ 1, -2, 3, 0, 1, 13, 0, 0, 37 ]
[ -1, 2, -3, 1, -5, 1, 0, 1, 13 ]
[ -3, 1, 0, -1, 0, 8, 0, 0, 37 ]
[ -3, 1, 0, 1, -2, 3, -1, 0, 8 ]
[ 0, -1, 24, 1, -2, 3, 0, 0, 37 ]
[ -1, 0, 8, 0, -1, 24, 0, 0, 37 ]
[ -1, 0, 8, 1, -2, 3, 0, -1, 24 ]
[ 37, 0, 0, 11, 1, 0, -14, 0, 1 ]
[ 11, 1, 0, -4, 3, 0, -3, 1, 1 ]
[ 14, 0, -1, 11, 1, 0, -5, 0, 3 ]
[ 1, -10, 0, 0, 37, 0, 0, 8, 1 ]
[ 4, -3, 0, -1, 10, 0, 1, -2, 1 ]
[ -3, 1, 1, 2, -1, 7, 0, 0, 37 ]
[ 3, -1, -1, -4, 3, 0, 2, -1, 7 ]
[ 11, 1, 0, -3, 1, 1, -5, 0, 3 ]
[ 1, 0, -8, 11, 1, 0, 0, 0, 37 ]
[ 5, 0, -3, 11, 1, 0, -1, 0, 8 ]
[ 1, -10, 0, 0, 8, 1, 0, 3, 5 ]
[ 1, -2, 1, -1, 10, 0, 0, 3, 5 ]
[ -4, 3, 0, 1, -2, 1, -2, 2, 7 ]
[ -1, 1, 22, -4, 3, 0, 0, 0, 37 ]
[ 2, -1, 7, -1, 1, 22, 0, 0, 37 ]
[ 2, -1, 7, -4, 3, 0, -1, 1, 22 ]
[ 1, 0, -8, -3, 1, 1, 0, 0, 37 ]
[ 5, 0, -3, -3, 1, 1, -1, 0, 8 ]
[ 11, 1, 0, -1, 0, 8, 0, 0, 37 ]
[ 11, 1, 0, -5, 0, 3, -1, 0, 8 ]
[ 1, -10, 0, 0, 1, 14, 0, 0, 37 ]
[ 1, -10, 0, 0, 3, 5, 0, 1, 14 ]
[ 0, 1, 14, -1, 10, 0, 0, 0, 37 ]
[ 0, 3, 5, -1, 10, 0, 0, 1, 14 ]
[ 1, -2, 1, 0, 1, 14, 0, 0, 37 ]
[ 1, -2, 1, 0, 3, 5, 0, 1, 14 ]
[ -1, 1, 22, 1, -2, 1, 0, 0, 37 ]
[ -2, 2, 7, 1, -2, 1, -1, 1, 22 ]
[ 4, -3, 0, -1, 1, 22, 0, 0, 37 ]
[ 4, -3, 0, -2, 2, 7, -1, 1, 22 ]
[ 37, 0, 0, -12, 1, 0, -14, 0, 1 ]
[ 1, 3, 0, 0, 37, 0, 0, 5, 1 ]
[ 12, -1, 0, 1, 3, 0, -2, -1, 1 ]
[ 14, 0, -1, -12, 1, 0, -5, 0, 3 ]
[ 1, 3, 0, 0, 5, 1, 0, -2, 7 ]
[ 2, 1, -1, 1, 1, 7, 0, 0, 37 ]
[ 2, 1, -1, 1, 3, 0, 1, 1, 7 ]
[ -12, 1, 0, -2, -1, 1, -5, 0, 3 ]
[ 1, 0, -8, -12, 1, 0, 0, 0, 37 ]
[ 5, 0, -3, -12, 1, 0, -1, 0, 8 ]
[ -1, -3, 0, 0, -1, 22, 0, 0, 37 ]
[ -1, -3, 0, 0, -2, 7, 0, -1, 22 ]
[ 1, 2, 22, 1, 3, 0, 0, 0, 37 ]
[ 1, 1, 7, 1, 2, 22, 0, 0, 37 ]
[ 1, 1, 7, 1, 3, 0, 1, 2, 22 ]
[ -1, 0, 8, -2, -1, 1, 0, 0, 37 ]
[ -5, 0, 3, -2, -1, 1, -1, 0, 8 ]
[ -12, 1, 0, -1, 0, 8, 0, 0, 37 ]
[ -12, 1, 0, -5, 0, 3, -1, 0, 8 ]
[ 37, 0, 0, 2, 1, 0, -14, 0, 1 ]
[ 1, 19, 0, 0, 37, 0, 0, 7, 1 ]
[ 2, 1, 0, 1, 19, 0, 0, 7, 1 ]
[ 14, 0, -1, 2, 1, 0, -5, 0, 3 ]
[ 1, 19, 0, 0, 7, 1, 0, -2, 5 ]
[ 0, -7, -1, 1, 19, 0, 0, -2, 5 ]
[ 2, 1, 0, 0, 7, 1, 1, 3, 3 ]
[ 1, 0, -8, 2, 1, 0, 0, 0, 37 ]
[ 5, 0, -3, 2, 1, 0, -1, 0, 8 ]
[ -1, -19, 0, 0, -1, 21, 0, 0, 37 ]
[ -1, -19, 0, 0, -2, 5, 0, -1, 21 ]
[ 0, -1, 21, 1, 19, 0, 0, 0, 37 ]
[ 0, -2, 5, 1, 19, 0, 0, -1, 21 ]
[ 1, 3, 3, 0, 7, 1, 0, -2, 5 ]
[ 2, 1, 0, 1, 1, 8, 0, 0, 37 ]
[ 2, 1, 0, 1, 3, 3, 1, 1, 8 ]
[ -1, -3, -3, 0, -1, 21, 0, 0, 37 ]
[ -1, -3, -3, 0, -2, 5, 0, -1, 21 ]
[ 1, 2, 24, 1, 3, 3, 0, 0, 37 ]
[ 1, 1, 8, 1, 2, 24, 0, 0, 37 ]
[ 1, 1, 8, 1, 3, 3, 1, 2, 24 ]
[ 37, 0, 0, 16, 1, 0, -14, 0, 1 ]
[ 16, 1, 0, -5, 2, 0, 2, 1, 1 ]
[ 14, 0, -1, 16, 1, 0, -5, 0, 3 ]
[ 1, 7, 0, 0, 37, 0, 0, -13, 1 ]
[ 5, -2, 0, 1, 7, 0, 2, 1, 1 ]
[ -2, 1, -4, -5, 2, 0, 0, 0, 37 ]
[ 2, 1, 1, -5, 2, 0, 2, -1, 4 ]
[ 16, 1, 0, 2, 1, 1, -5, 0, 3 ]
[ 1, 0, -8, 16, 1, 0, 0, 0, 37 ]
[ 5, 0, -3, 16, 1, 0, -1, 0, 8 ]
[ -1, -7, 0, 0, -13, 1, 0, -2, 3 ]
[ 2, 1, 1, 1, 7, 0, 0, -2, 3 ]
[ -5, 2, 0, 2, -1, 4, 0, 0, 37 ]
[ 5, -2, 0, 2, 1, 1, 2, -1, 4 ]
[ -1, 0, 8, 2, -1, 4, 0, 0, 37 ]
[ 2, 1, 1, -1, 0, 8, 0, 0, 37 ]
[ -2, -1, -1, 2, -1, 4, -1, 0, 8 ]
[ 1, 0, -8, 2, 1, 1, 0, 0, 37 ]
[ 5, 0, -3, 2, 1, 1, -1, 0, 8 ]
[ 16, 1, 0, -1, 0, 8, 0, 0, 37 ]
[ 16, 1, 0, -5, 0, 3, -1, 0, 8 ]
[ -1, -7, 0, 0, -1, 20, 0, 0, 37 ]
[ -1, -7, 0, 0, -2, 3, 0, -1, 20 ]
[ 0, -1, 20, 1, 7, 0, 0, 0, 37 ]
[ 0, -2, 3, 1, 7, 0, 0, -1, 20 ]
[ 2, 1, 1, 1, 1, 9, 0, 0, 37 ]
[ -2, -1, -1, 0, -2, 3, 1, 1, 9 ]
[ -2, 1, -4, -1, 0, 8, 0, 0, 37 ]
[ 2, -1, 4, 2, 1, 1, -1, 0, 8 ]
[ 1, 0, -8, 2, 1, 1, 0, 0, 37 ]
[ -1, -1, -9, 0, -1, 20, 0, 0, 37 ]
[ -1, -1, -9, 0, -2, 3, 0, -1, 20 ]
[ 37, 0, 0, -7, 1, 0, -14, 0, 1 ]
[ 7, -1, 0, 2, 5, 0, 0, -2, 1 ]
[ 14, 0, -1, -7, 1, 0, -5, 0, 3 ]
[ 1, 21, 0, 0, 37, 0, 0, -2, 1 ]
[ 2, 5, 0, 1, 21, 0, 0, -2, 1 ]
[ -1, -3, -9, 2, 5, 0, 0, 0, 37 ]
[ 0, -2, 1, 2, 5, 0, 1, 3, 9 ]
[ -7, 1, 0, 0, -2, 1, 2, -1, 3 ]
[ 1, 0, -8, -7, 1, 0, 0, 0, 37 ]
[ 5, 0, -3, -7, 1, 0, -1, 0, 8 ]
[ -1, -21, 0, 0, -1, 19, 0, 0, 37 ]
[ -1, -21, 0, 0, -2, 1, 0, -1, 19 ]
[ 0, -1, 19, 1, 21, 0, 0, 0, 37 ]
[ 0, -2, 1, 1, 21, 0, 0, -1, 19 ]
[ 2, 5, 0, 1, 3, 9, 0, 0, 37 ]
[ -2, -5, 0, 0, -2, 1, 1, 3, 9 ]
[ 0, -1, 19, 1, 3, 9, 0, 0, 37 ]
[ 0, -2, 1, 1, 3, 9, 0, -1, 19 ]
[ -2, 1, -3, 1, -1, 11, 0, 0, 37 ]
[ -2, 1, -3, 0, -2, 1, 1, -1, 11 ]
[ -1, 0, 8, 2, -1, 3, 0, 0, 37 ]
[ -7, 1, 0, -1, 0, 8, 0, 0, 37 ]
[ -7, 1, 0, 2, -1, 3, -1, 0, 8 ]
[ -1, -3, -9, 0, -1, 19, 0, 0, 37 ]
[ -1, -3, -9, 0, -2, 1, 0, -1, 19 ]
[ -1, 1, -11, 0, -1, 19, 0, 0, 37 ]
[ -1, 1, -11, 0, -2, 1, 0, -1, 19 ]
[ 37, 0, 0, 7, 1, 0, -14, 0, 1 ]
[ 7, 1, 0, -2, 5, 0, 0, 2, 1 ]
[ 14, 0, -1, 7, 1, 0, -5, 0, 3 ]
[ 1, -21, 0, 0, 37, 0, 0, 2, 1 ]
[ 2, -5, 0, -1, 21, 0, 0, 2, 1 ]
[ 1, -2, -9, -2, 5, 0, 0, 0, 37 ]
[ 0, 2, 1, -2, 5, 0, -1, 2, 9 ]
[ 7, 1, 0, 0, 2, 1, 2, 1, 3 ]
[ 1, 0, -8, 7, 1, 0, 0, 0, 37 ]
[ 5, 0, -3, 7, 1, 0, -1, 0, 8 ]
[ 1, -21, 0, 0, 1, 19, 0, 0, 37 ]
[ 1, -21, 0, 0, 2, 1, 0, 1, 19 ]
[ 0, 1, 19, -1, 21, 0, 0, 0, 37 ]
[ 0, 2, 1, -1, 21, 0, 0, 1, 19 ]
[ -2, 5, 0, -1, 2, 9, 0, 0, 37 ]
[ 2, -5, 0, 0, 2, 1, -1, 2, 9 ]
[ 0, 1, 19, -1, 2, 9, 0, 0, 37 ]
[ 0, 2, 1, -1, 2, 9, 0, 1, 19 ]
[ 2, 1, 3, 1, 1, 11, 0, 0, 37 ]
[ 2, 1, 3, 0, 2, 1, 1, 1, 11 ]
[ 1, 0, -8, 2, 1, 3, 0, 0, 37 ]
[ 7, 1, 0, -1, 0, 8, 0, 0, 37 ]
[ 7, 1, 0, 2, 1, 3, -1, 0, 8 ]
[ 1, -2, -9, 0, 1, 19, 0, 0, 37 ]
[ 1, -2, -9, 0, 2, 1, 0, 1, 19 ]
[ 1, 1, 11, 0, 1, 19, 0, 0, 37 ]
[ 1, 1, 11, 0, 2, 1, 0, 1, 19 ]
[ 37, 0, 0, -16, 1, 0, -14, 0, 1 ]
[ 16, -1, 0, 5, 2, 0, 2, -1, 1 ]
[ 14, 0, -1, -16, 1, 0, -5, 0, 3 ]
[ 1, -7, 0, 0, 37, 0, 0, 13, 1 ]
[ 5, 2, 0, -1, 7, 0, 2, -1, 1 ]
[ -2, -1, -4, 5, 2, 0, 0, 0, 37 ]
[ 2, -1, 1, 5, 2, 0, 2, 1, 4 ]
[ -16, 1, 0, 2, -1, 1, -5, 0, 3 ]
[ 1, 0, -8, -16, 1, 0, 0, 0, 37 ]
[ 5, 0, -3, -16, 1, 0, -1, 0, 8 ]
[ 1, -7, 0, 0, 13, 1, 0, 2, 3 ]
[ 2, -1, 1, -1, 7, 0, 0, 2, 3 ]
[ 5, 2, 0, 2, 1, 4, 0, 0, 37 ]
[ -5, -2, 0, 2, -1, 1, 2, 1, 4 ]
[ 1, 0, -8, 2, 1, 4, 0, 0, 37 ]
[ -2, 1, -1, -1, 0, 8, 0, 0, 37 ]
[ 2, -1, 1, 2, 1, 4, -1, 0, 8 ]
[ -1, 0, 8, 2, -1, 1, 0, 0, 37 ]
[ -5, 0, 3, 2, -1, 1, -1, 0, 8 ]
[ -16, 1, 0, -1, 0, 8, 0, 0, 37 ]
[ -16, 1, 0, -5, 0, 3, -1, 0, 8 ]
[ 1, -7, 0, 0, 1, 20, 0, 0, 37 ]
[ 1, -7, 0, 0, 2, 3, 0, 1, 20 ]
[ 0, 1, 20, -1, 7, 0, 0, 0, 37 ]
[ 0, 2, 3, -1, 7, 0, 0, 1, 20 ]
[ -2, 1, -1, 1, -1, 9, 0, 0, 37 ]
[ 2, -1, 1, 0, 2, 3, 1, -1, 9 ]
[ 2, 1, 4, -1, 0, 8, 0, 0, 37 ]
[ -2, -1, -4, 2, -1, 1, -1, 0, 8 ]
[ -1, 0, 8, 2, -1, 1, 0, 0, 37 ]
[ 1, -1, 9, 0, 1, 20, 0, 0, 37 ]
[ 1, -1, 9, 0, 2, 3, 0, 1, 20 ]
[ 37, 0, 0, -2, 1, 0, -14, 0, 1 ]
[ 1, -19, 0, 0, 37, 0, 0, -7, 1 ]
[ 2, -1, 0, -1, 19, 0, 0, -7, 1 ]
[ 14, 0, -1, -2, 1, 0, -5, 0, 3 ]
[ -1, 19, 0, 0, -7, 1, 0, 2, 5 ]
[ 0, 7, -1, -1, 19, 0, 0, 2, 5 ]
[ -2, 1, 0, 0, -7, 1, -1, -2, 3 ]
[ 1, 0, -8, -2, 1, 0, 0, 0, 37 ]
[ 5, 0, -3, -2, 1, 0, -1, 0, 8 ]
[ 1, -19, 0, 0, 1, 21, 0, 0, 37 ]
[ 1, -19, 0, 0, 2, 5, 0, 1, 21 ]
[ 0, 1, 21, -1, 19, 0, 0, 0, 37 ]
[ 0, 2, 5, -1, 19, 0, 0, 1, 21 ]
[ -1, -2, 3, 0, -7, 1, 0, 2, 5 ]
[ -2, 1, 0, -1, 0, 8, 0, 0, 37 ]
[ -2, 1, 0, -1, -2, 3, -1, 0, 8 ]
[ 1, 2, -3, 0, 1, 21, 0, 0, 37 ]
[ 1, 2, -3, 0, 2, 5, 0, 1, 21 ]
[ -1, -1, 24, -1, -2, 3, 0, 0, 37 ]
[ -1, 0, 8, -1, -1, 24, 0, 0, 37 ]
[ -1, 0, 8, -1, -2, 3, -1, -1, 24 ]
[ 37, 0, 0, 12, 1, 0, -14, 0, 1 ]
[ 1, -3, 0, 0, 37, 0, 0, -5, 1 ]
[ 12, 1, 0, -1, 3, 0, -2, 1, 1 ]
[ 14, 0, -1, 12, 1, 0, -5, 0, 3 ]
[ -1, 3, 0, 0, -5, 1, 0, 2, 7 ]
[ -2, 1, 1, 1, -1, 7, 0, 0, 37 ]
[ 2, -1, -1, -1, 3, 0, 1, -1, 7 ]
[ 12, 1, 0, -2, 1, 1, -5, 0, 3 ]
[ 1, 0, -8, 12, 1, 0, 0, 0, 37 ]
[ 5, 0, -3, 12, 1, 0, -1, 0, 8 ]
[ 1, -3, 0, 0, 1, 22, 0, 0, 37 ]
[ 1, -3, 0, 0, 2, 7, 0, 1, 22 ]
[ 0, 1, 22, -1, 3, 0, 0, 0, 37 ]
[ 1, -1, 7, 0, 1, 22, 0, 0, 37 ]
[ 1, -1, 7, -1, 3, 0, 0, 1, 22 ]
[ 1, 0, -8, -2, 1, 1, 0, 0, 37 ]
[ 5, 0, -3, -2, 1, 1, -1, 0, 8 ]
[ 12, 1, 0, -1, 0, 8, 0, 0, 37 ]
[ 12, 1, 0, -5, 0, 3, -1, 0, 8 ]
[ 37, 0, 0, -11, 1, 0, -14, 0, 1 ]
[ 11, -1, 0, 4, 3, 0, -3, -1, 1 ]
[ 14, 0, -1, -11, 1, 0, -5, 0, 3 ]
[ 1, 10, 0, 0, 37, 0, 0, -8, 1 ]
[ 4, 3, 0, 1, 10, 0, 1, 2, 1 ]
[ 3, 1, -1, 2, 1, 7, 0, 0, 37 ]
[ 3, 1, -1, 4, 3, 0, 2, 1, 7 ]
[ -11, 1, 0, -3, -1, 1, -5, 0, 3 ]
[ 1, 0, -8, -11, 1, 0, 0, 0, 37 ]
[ 5, 0, -3, -11, 1, 0, -1, 0, 8 ]
[ -1, -10, 0, 0, -8, 1, 0, -3, 5 ]
[ 1, 2, 1, 1, 10, 0, 0, -3, 5 ]
[ 4, 3, 0, 1, 2, 1, -2, -2, 7 ]
[ 3, 2, 22, 4, 3, 0, 0, 0, 37 ]
[ 2, 1, 7, 3, 2, 22, 0, 0, 37 ]
[ 2, 1, 7, 4, 3, 0, 3, 2, 22 ]
[ -1, 0, 8, -3, -1, 1, 0, 0, 37 ]
[ -5, 0, 3, -3, -1, 1, -1, 0, 8 ]
[ -11, 1, 0, -1, 0, 8, 0, 0, 37 ]
[ -11, 1, 0, -5, 0, 3, -1, 0, 8 ]
[ -1, -10, 0, 0, -1, 14, 0, 0, 37 ]
[ -1, -10, 0, 0, -3, 5, 0, -1, 14 ]
[ 0, -1, 14, 1, 10, 0, 0, 0, 37 ]
[ 0, -3, 5, 1, 10, 0, 0, -1, 14 ]
[ -1, -2, -1, 0, -1, 14, 0, 0, 37 ]
[ -1, -2, -1, 0, -3, 5, 0, -1, 14 ]
[ 1, 1, -22, 1, 2, 1, 0, 0, 37 ]
[ 2, 2, -7, 1, 2, 1, -1, -1, 22 ]
[ -4, -3, 0, -1, -1, 22, 0, 0, 37 ]
[ -4, -3, 0, -2, -2, 7, -1, -1, 22 ]
[ 37, 0, 0, 3, 1, 0, -14, 0, 1 ]
[ 1, -12, 0, 0, 37, 0, 0, 17, 1 ]
[ 3, 1, 0, -1, 12, 0, 1, 5, 1 ]
[ 14, 0, -1, 3, 1, 0, -5, 0, 3 ]
[ 1, -12, 0, 0, 17, 1, 0, -3, 2 ]
[ 1, 5, 1, -1, 12, 0, 0, -3, 2 ]
[ 3, 1, 0, 1, 5, 1, 1, 2, 3 ]
[ 1, 0, -8, 3, 1, 0, 0, 0, 37 ]
[ 5, 0, -3, 3, 1, 0, -1, 0, 8 ]
[ -1, 12, 0, 0, -1, 13, 0, 0, 37 ]
[ -1, 12, 0, 0, -3, 2, 0, -1, 13 ]
[ 0, 1, -13, -1, 12, 0, 0, 0, 37 ]
[ 0, 3, -2, -1, 12, 0, 0, -1, 13 ]
[ -1, -5, -1, 0, -1, 13, 0, 0, 37 ]
[ -1, -5, -1, 0, -3, 2, 0, -1, 13 ]
[ 0, -1, 13, 1, 5, 1, 0, 0, 37 ]
[ -1, -2, -3, 0, -1, 13, 0, 0, 37 ]
[ 1, 2, 3, 1, 5, 1, 0, -1, 13 ]
[ 3, 1, 0, -1, 0, 8, 0, 0, 37 ]
[ 3, 1, 0, 1, 2, 3, -1, 0, 8 ]
[ 0, -1, -24, 1, 2, 3, 0, 0, 37 ]
[ 1, 0, -8, 0, 1, 24, 0, 0, 37 ]
[ 1, 0, -8, 1, 2, 3, 0, 1, 24 ]
[ 37, 0, 0, 17, 1, 0, -14, 0, 1 ]
[ 17, 1, 0, -3, 2, 0, 3, 1, 1 ]
[ 14, 0, -1, 17, 1, 0, -5, 0, 3 ]
[ 1, -13, 0, 0, 37, 0, 0, 3, 1 ]
[ 3, -2, 0, -1, 13, 0, 0, 3, 1 ]
[ -1, 1, -4, -3, 2, 0, 0, 0, 37 ]
[ 3, 1, 1, -3, 2, 0, 1, -1, 4 ]
[ 17, 1, 0, 3, 1, 1, -5, 0, 3 ]
[ 1, 0, -8, 17, 1, 0, 0, 0, 37 ]
[ 5, 0, -3, 17, 1, 0, -1, 0, 8 ]
[ -1, 13, 0, 0, -1, 12, 0, 0, 37 ]
[ 1, -13, 0, 0, 3, 1, 0, -1, 12 ]
[ 0, 1, -12, -1, 13, 0, 0, 0, 37 ]
[ 0, 3, 1, -1, 13, 0, 0, -1, 12 ]
[ -3, 2, 0, 1, -1, 4, 0, 0, 37 ]
[ 3, -2, 0, 0, 3, 1, 1, -1, 4 ]
[ -1, 0, 8, 1, -1, 4, 0, 0, 37 ]
[ 3, 1, 1, -1, 0, 8, 0, 0, 37 ]
[ -3, -1, -1, 1, -1, 4, -1, 0, 8 ]
[ 1, 0, -8, 3, 1, 1, 0, 0, 37 ]
[ 5, 0, -3, 3, 1, 1, -1, 0, 8 ]
[ 17, 1, 0, -1, 0, 8, 0, 0, 37 ]
[ 17, 1, 0, -5, 0, 3, -1, 0, 8 ]
[ -1, 1, -4, 0, -1, 12, 0, 0, 37 ]
[ 1, -1, 4, 0, 3, 1, 0, -1, 12 ]
[ 37, 0, 0, -6, 1, 0, -14, 0, 1 ]
[ 1, 6, 0, 0, 37, 0, 0, 10, 1 ]
[ 6, -1, 0, 1, 6, 0, -2, -2, 1 ]
[ 14, 0, -1, -6, 1, 0, -5, 0, 3 ]
[ 1, 6, 0, 0, 10, 1, 0, 3, 4 ]
[ 2, 2, -1, 1, 6, 0, -1, -3, 4 ]
[ -6, 1, 0, -2, -2, 1, 1, -1, 3 ]
[ 1, 0, -8, -6, 1, 0, 0, 0, 37 ]
[ 5, 0, -3, -6, 1, 0, -1, 0, 8 ]
[ -1, -6, 0, 0, -1, 11, 0, 0, 37 ]
[ 1, 6, 0, 0, 3, 4, 0, -1, 11 ]
[ 0, -1, 11, 1, 6, 0, 0, 0, 37 ]
[ -1, -3, 4, 0, -1, 11, 0, 0, 37 ]
[ 1, 3, -4, 1, 6, 0, 0, -1, 11 ]
[ 0, 1, -11, -1, -3, 4, 0, 0, 37 ]
[ -2, -2, 1, -1, -3, 4, 0, -1, 11 ]
[ -1, 1, -3, 0, -1, 11, 0, 0, 37 ]
[ -1, 1, -3, -2, -2, 1, 0, -1, 11 ]
[ -1, 0, 8, 1, -1, 3, 0, 0, 37 ]
[ -6, 1, 0, -1, 0, 8, 0, 0, 37 ]
[ -6, 1, 0, 1, -1, 3, -1, 0, 8 ]
[ -1, -1, 19, 0, -1, 11, 0, 0, 37 ]
[ -2, -2, 1, 0, -1, 11, -1, -1, 19 ]
[ 0, 1, -11, -1, -1, 19, 0, 0, 37 ]
[ 0, 1, -11, -2, -2, 1, -1, -1, 19 ]
[ 37, 0, 0, 8, 1, 0, -14, 0, 1 ]
[ 8, 1, 0, 3, 5, 0, 2, 2, 1 ]
[ 14, 0, -1, 8, 1, 0, -5, 0, 3 ]
[ 1, 14, 0, 0, 37, 0, 0, 11, 1 ]
[ 3, 5, 0, 1, 14, 0, -1, -3, 1 ]
[ -1, -2, -9, 3, 5, 0, 0, 0, 37 ]
[ 2, 2, 1, 3, 5, 0, 1, 2, 9 ]
[ 8, 1, 0, 2, 2, 1, 3, 1, 3 ]
[ 1, 0, -8, 8, 1, 0, 0, 0, 37 ]
[ 5, 0, -3, 8, 1, 0, -1, 0, 8 ]
[ 1, 14, 0, 0, 11, 1, 0, -4, 3 ]
[ 1, 3, -1, 1, 14, 0, 0, -4, 3 ]
[ -1, -2, -9, -1, -3, 1, 0, 0, 37 ]
[ 3, 5, 0, 1, 2, 9, 0, 0, 37 ]
[ -3, -5, 0, -1, -3, 1, 1, 2, 9 ]
[ 1, 1, 19, 1, 2, 9, 0, 0, 37 ]
[ 2, 2, 1, 1, 2, 9, 1, 1, 19 ]
[ 3, 1, 3, 2, 1, 11, 0, 0, 37 ]
[ 3, 1, 3, 2, 2, 1, 2, 1, 11 ]
[ 1, 0, -8, 3, 1, 3, 0, 0, 37 ]
[ 8, 1, 0, -1, 0, 8, 0, 0, 37 ]
[ 8, 1, 0, 3, 1, 3, -1, 0, 8 ]
[ -1, -14, 0, 0, -1, 10, 0, 0, 37 ]
[ -1, -14, 0, 0, -4, 3, 0, -1, 10 ]
[ 0, -1, 10, 1, 14, 0, 0, 0, 37 ]
[ 0, -4, 3, 1, 14, 0, 0, -1, 10 ]
[ -1, -3, 1, 0, -1, 10, 0, 0, 37 ]
[ -1, -3, 1, 0, -4, 3, 0, -1, 10 ]
[ 2, 1, 11, 1, 1, 19, 0, 0, 37 ]
[ 2, 1, 11, 2, 2, 1, 1, 1, 19 ]
[ 37, 0, 0, -15, 1, 0, -14, 0, 1 ]
[ 15, -1, 0, 7, 2, 0, 1, -1, 1 ]
[ 14, 0, -1, -15, 1, 0, -5, 0, 3 ]
[ 1, -5, 0, 0, 37, 0, 0, 4, 1 ]
[ 7, 2, 0, -1, 5, 0, 1, -1, 1 ]
[ -3, -1, -4, 7, 2, 0, 0, 0, 37 ]
[ 1, -1, 1, 7, 2, 0, 3, 1, 4 ]
[ -15, 1, 0, 1, -1, 1, -5, 0, 3 ]
[ 1, 0, -8, -15, 1, 0, 0, 0, 37 ]
[ 5, 0, -3, -15, 1, 0, -1, 0, 8 ]
[ -1, 5, 0, 0, -1, 9, 0, 0, 37 ]
[ 1, -5, 0, 0, 4, 1, 0, -1, 9 ]
[ 0, 1, -9, -1, 5, 0, 0, 0, 37 ]
[ -1, 1, -1, 0, -1, 9, 0, 0, 37 ]
[ 1, -1, 1, -1, 5, 0, 0, -1, 9 ]
[ 7, 2, 0, 3, 1, 4, 0, 0, 37 ]
[ -7, -2, 0, 1, -1, 1, 3, 1, 4 ]
[ 1, 0, -8, 3, 1, 4, 0, 0, 37 ]
[ -1, 1, -1, -1, 0, 8, 0, 0, 37 ]
[ 1, -1, 1, 3, 1, 4, -1, 0, 8 ]
[ -1, 0, 8, 1, -1, 1, 0, 0, 37 ]
[ -5, 0, 3, 1, -1, 1, -1, 0, 8 ]
[ -15, 1, 0, -1, 0, 8, 0, 0, 37 ]
[ -15, 1, 0, -5, 0, 3, -1, 0, 8 ]
[ 3, 1, 4, -1, 0, 8, 0, 0, 37 ]
[ -3, -1, -4, 1, -1, 1, -1, 0, 8 ]
[ -1, 0, 8, 1, -1, 1, 0, 0, 37 ]
[ 1, -1, 0, 0, 37, 0, 0, -14, 1 ]
[ 37, 0, 0, -1, 1, 0, -14, 0, 1 ]
[ -1, 1, 0, 0, -14, 1, 0, -5, 3 ]
[ 14, 0, -1, -1, 1, 0, -5, 0, 3 ]
[ -1, 1, 0, 0, -1, 8, 0, 0, 37 ]
[ -1, 1, 0, 0, -5, 3, 0, -1, 8 ]
[ 1, 0, -8, -1, 1, 0, 0, 0, 37 ]
[ 5, 0, -3, -1, 1, 0, -1, 0, 8 ]
[ 37, 0, 0, 13, 1, 0, -14, 0, 1 ]
[ 13, 1, 0, 2, 3, 0, -1, 1, 1 ]
[ 14, 0, -1, 13, 1, 0, -5, 0, 3 ]
[ 1, 20, 0, 0, 37, 0, 0, -16, 1 ]
[ 2, 3, 0, 1, 20, 0, 1, 4, 1 ]
[ -1, 1, 1, 0, -1, 7, 0, 0, 37 ]
[ 1, -1, -1, 2, 3, 0, 0, -1, 7 ]
[ 13, 1, 0, -1, 1, 1, -5, 0, 3 ]
[ 1, 0, -8, 13, 1, 0, 0, 0, 37 ]
[ 5, 0, -3, 13, 1, 0, -1, 0, 8 ]
[ -1, -20, 0, 0, -16, 1, 0, 5, 2 ]
[ 1, 4, 1, 1, 20, 0, 0, 5, 2 ]
[ 0, -1, 7, 1, 4, 1, 0, 0, 37 ]
[ 2, 3, 0, 1, 4, 1, 0, -1, 7 ]
[ 1, 1, 22, 2, 3, 0, 0, 0, 37 ]
[ 0, -1, 7, 1, 1, 22, 0, 0, 37 ]
[ 0, -1, 7, 2, 3, 0, 1, 1, 22 ]
[ 1, 0, -8, -1, 1, 1, 0, 0, 37 ]
[ 5, 0, -3, -1, 1, 1, -1, 0, 8 ]
[ 13, 1, 0, -1, 0, 8, 0, 0, 37 ]
[ 13, 1, 0, -5, 0, 3, -1, 0, 8 ]
[ -1, -20, 0, 0, -1, 7, 0, 0, 37 ]
[ 1, 20, 0, 0, 5, 2, 0, -1, 7 ]
[ 0, -1, 7, 1, 20, 0, 0, 0, 37 ]
[ 0, -5, -2, 1, 20, 0, 0, -1, 7 ]
[ -1, -4, -1, 0, -1, 7, 0, 0, 37 ]
[ 1, 4, 1, 0, 5, 2, 0, -1, 7 ]
[ -1, -1, -22, 0, -1, 7, 0, 0, 37 ]
[ -2, -3, 0, 1, 1, 22, 0, 0, 37 ]
[ -2, -3, 0, 0, -1, 7, 1, 1, 22 ]
[ 37, 0, 0, -10, 1, 0, -14, 0, 1 ]
[ 10, -1, 0, -3, 4, 0, 6, -2, 1 ]
[ 14, 0, -1, -10, 1, 0, -5, 0, 3 ]
[ 1, 11, 0, 0, 37, 0, 0, 6, 1 ]
[ 3, -4, 0, 1, 11, 0, 0, 6, 1 ]
[ 1, -1, -2, -3, 4, 0, 0, 0, 37 ]
[ 6, -2, 1, -3, 4, 0, -1, 1, 2 ]
[ -10, 1, 0, 6, -2, 1, 5, -1, 3 ]
[ 1, 0, -8, -10, 1, 0, 0, 0, 37 ]
[ 5, 0, -3, -10, 1, 0, -1, 0, 8 ]
[ -1, -11, 0, 0, -1, 6, 0, 0, 37 ]
[ 1, 11, 0, 0, 6, 1, 0, -1, 6 ]
[ 0, -1, 6, 1, 11, 0, 0, 0, 37 ]
[ 0, -6, -1, 1, 11, 0, 0, -1, 6 ]
[ -3, 4, 0, -1, 1, 2, 0, 0, 37 ]
[ 3, -4, 0, 0, 6, 1, -1, 1, 2 ]
[ 2, -1, -10, -1, 1, 2, 0, 0, 37 ]
[ 6, -2, 1, -1, 1, 2, -2, 1, 10 ]
[ -5, 1, -3, 4, -1, 11, 0, 0, 37 ]
[ -5, 1, -3, 6, -2, 1, 4, -1, 11 ]
[ -1, 0, 8, 5, -1, 3, 0, 0, 37 ]
[ -10, 1, 0, -1, 0, 8, 0, 0, 37 ]
[ -10, 1, 0, 5, -1, 3, -1, 0, 8 ]
[ -1, 1, 2, 0, -1, 6, 0, 0, 37 ]
[ 1, -1, -2, 0, 6, 1, 0, -1, 6 ]
[ 3, -1, 19, -2, 1, 10, 0, 0, 37 ]
[ 6, -2, 1, -2, 1, 10, 3, -1, 19 ]
[ -4, 1, -11, 3, -1, 19, 0, 0, 37 ]
[ -4, 1, -11, 6, -2, 1, 3, -1, 19 ]
[ 37, 0, 0, 4, 1, 0, -14, 0, 1 ]
[ 1, -9, 0, 0, 37, 0, 0, -15, 1 ]
[ 4, 1, 0, -1, 9, 0, -2, 3, 1 ]
[ 14, 0, -1, 4, 1, 0, -5, 0, 3 ]
[ -1, 9, 0, 0, -15, 1, 0, 7, 2 ]
[ -2, 3, 1, 1, -2, 2, 0, 0, 37 ]
[ 2, -3, -1, -1, 9, 0, 1, -2, 2 ]
[ 1, -1, -3, -2, 3, 1, 0, 0, 37 ]
[ 4, 1, 0, -2, 3, 1, -1, 1, 3 ]
[ 1, 0, -8, 4, 1, 0, 0, 0, 37 ]
[ 5, 0, -3, 4, 1, 0, -1, 0, 8 ]
[ -1, 9, 0, 0, -1, 5, 0, 0, 37 ]
[ 1, -9, 0, 0, 7, 2, 0, -1, 5 ]
[ 0, 1, -5, -1, 9, 0, 0, 0, 37 ]
[ -1, 2, -2, 0, -1, 5, 0, 0, 37 ]
[ 1, -2, 2, -1, 9, 0, 0, -1, 5 ]
[ 1, 0, -8, -1, 1, 3, 0, 0, 37 ]
[ 4, 1, 0, -1, 0, 8, 0, 0, 37 ]
[ 4, 1, 0, -1, 1, 3, -1, 0, 8 ]
[ 37, 0, 0, 18, 1, 0, -14, 0, 1 ]
[ 1, -2, 0, 0, 37, 0, 0, 9, 1 ]
[ 18, 1, 0, -1, 2, 0, 4, 1, 1 ]
[ 14, 0, -1, 18, 1, 0, -5, 0, 3 ]
[ -1, 2, 0, 0, -1, 4, 0, 0, 37 ]
[ 1, -2, 0, 0, 9, 1, 0, -1, 4 ]
[ 0, 1, -4, -1, 2, 0, 0, 0, 37 ]
[ 4, 1, 1, -1, 2, 0, 0, -1, 4 ]
[ 18, 1, 0, 4, 1, 1, -5, 0, 3 ]
[ 1, 0, -8, 18, 1, 0, 0, 0, 37 ]
[ 5, 0, -3, 18, 1, 0, -1, 0, 8 ]
[ -1, 0, 8, 0, -1, 4, 0, 0, 37 ]
[ 4, 1, 1, -1, 0, 8, 0, 0, 37 ]
[ -4, -1, -1, 0, -1, 4, -1, 0, 8 ]
[ 1, 0, -8, 4, 1, 1, 0, 0, 37 ]
[ 5, 0, -3, 4, 1, 1, -1, 0, 8 ]
[ 18, 1, 0, -1, 0, 8, 0, 0, 37 ]
[ 18, 1, 0, -5, 0, 3, -1, 0, 8 ]
[ 37, 0, 0, -5, 1, 0, -14, 0, 1 ]
[ 5, -1, 0, 2, 7, 0, 1, -3, 1 ]
[ 14, 0, -1, -5, 1, 0, -5, 0, 3 ]
[ 1, 22, 0, 0, 37, 0, 0, 12, 1 ]
[ 2, 7, 0, 1, 22, 0, -1, -10, 1 ]
[ -1, 3, -1, 0, -1, 3, 0, 0, 37 ]
[ 1, -3, 1, 2, 7, 0, 0, -1, 3 ]
[ 0, -1, 3, 1, -3, 1, 0, 0, 37 ]
[ -5, 1, 0, 1, -3, 1, 0, -1, 3 ]
[ 1, 0, -8, -5, 1, 0, 0, 0, 37 ]
[ 5, 0, -3, -5, 1, 0, -1, 0, 8 ]
[ -1, -22, 0, 0, -1, 3, 0, 0, 37 ]
[ 1, 22, 0, 0, 12, 1, 0, -1, 3 ]
[ 0, -1, 3, 1, 22, 0, 0, 0, 37 ]
[ -1, -10, 1, 0, -1, 3, 0, 0, 37 ]
[ 1, 10, -1, 1, 22, 0, 0, -1, 3 ]
[ 0, 1, -3, -1, -10, 1, 0, 0, 37 ]
[ -2, -7, 0, -1, -10, 1, 0, -1, 3 ]
[ 1, 3, 20, 2, 7, 0, 0, 0, 37 ]
[ 0, -1, 3, 1, 3, 20, 0, 0, 37 ]
[ 0, -1, 3, 2, 7, 0, 1, 3, 20 ]
[ -1, 0, 8, 0, -1, 3, 0, 0, 37 ]
[ -5, 1, 0, -1, 0, 8, 0, 0, 37 ]
[ -5, 1, 0, 0, -1, 3, -1, 0, 8 ]
[ -1, -3, -20, 0, -1, 3, 0, 0, 37 ]
[ -2, -7, 0, 1, 3, 20, 0, 0, 37 ]
[ -2, -7, 0, 0, -1, 3, 1, 3, 20 ]
[ 37, 0, 0, 9, 1, 0, -14, 0, 1 ]
[ 1, -4, 0, 0, 37, 0, 0, 18, 1 ]
[ 9, 1, 0, -1, 4, 0, 4, 2, 1 ]
[ 14, 0, -1, 9, 1, 0, -5, 0, 3 ]
[ -1, 4, 0, 0, -1, 2, 0, 0, 37 ]
[ 1, -4, 0, 0, 18, 1, 0, -1, 2 ]
[ 0, 1, -2, -1, 4, 0, 0, 0, 37 ]
[ 4, 2, 1, -1, 4, 0, 0, -1, 2 ]
[ 9, 1, 0, 4, 2, 1, 4, 1, 3 ]
[ 1, 0, -8, 9, 1, 0, 0, 0, 37 ]
[ 5, 0, -3, 9, 1, 0, -1, 0, 8 ]
[ -1, -1, 10, 0, -1, 2, 0, 0, 37 ]
[ -4, -2, -1, 0, -1, 2, -1, -1, 10 ]
[ 4, 1, 3, 3, 1, 11, 0, 0, 37 ]
[ 4, 1, 3, 4, 2, 1, 3, 1, 11 ]
[ 1, 0, -8, 4, 1, 3, 0, 0, 37 ]
[ 9, 1, 0, -1, 0, 8, 0, 0, 37 ]
[ 9, 1, 0, 4, 1, 3, -1, 0, 8 ]
[ -2, -1, -19, -1, -1, 10, 0, 0, 37 ]
[ -4, -2, -1, -1, -1, 10, 2, 1, 19 ]
[ 3, 1, 11, 2, 1, 19, 0, 0, 37 ]
[ 3, 1, 11, 4, 2, 1, 2, 1, 19 ]
[ 37, 0, 0, -14, 1, 0, -14, 0, 1 ]
[ 14, -1, 0, -5, 3, 0, 0, -1, 1 ]
[ 14, 0, -1, -14, 1, 0, -5, 0, 3 ]
[ -1, 8, 0, 0, -1, 1, 0, 0, 37 ]
[ 1, -8, 0, 0, 37, 0, 0, -1, 1 ]
[ 0, 1, -1, -1, 8, 0, 0, 0, 37 ]
[ 5, -3, 0, -1, 8, 0, 0, -1, 1 ]
[ 0, 1, -1, -1, 1, 7, 0, 0, 37 ]
[ 0, 1, -1, -5, 3, 0, -1, 1, 7 ]
[ -14, 1, 0, 0, -1, 1, -5, 0, 3 ]
[ 1, 0, -8, -14, 1, 0, 0, 0, 37 ]
[ 5, 0, -3, -14, 1, 0, -1, 0, 8 ]
[ -1, 1, 7, 0, -1, 1, 0, 0, 37 ]
[ -5, 3, 0, 0, -1, 1, -1, 1, 7 ]
[ -3, 2, 22, -5, 3, 0, 0, 0, 37 ]
[ -1, 1, 7, -3, 2, 22, 0, 0, 37 ]
[ -1, 1, 7, -5, 3, 0, -3, 2, 22 ]
[ -1, 0, 8, 0, -1, 1, 0, 0, 37 ]
[ -5, 0, 3, 0, -1, 1, -1, 0, 8 ]
[ -14, 1, 0, -1, 0, 8, 0, 0, 37 ]
[ -14, 1, 0, -5, 0, 3, -1, 0, 8 ]
[ 3, -2, -22, -1, 1, 7, 0, 0, 37 ]
[ 5, -3, 0, -3, 2, 22, 0, 0, 37 ]
[ 5, -3, 0, -1, 1, 7, -3, 2, 22 ]
[ 37, 0, 0, 0, 1, 0, -16, 0, 1 ]
[ 16, 0, -1, 0, 1, 0, 5, 0, 2 ]
[ 1, 0, -7, 0, 1, 0, 0, 0, 37 ]
[ 5, 0, 2, 0, 1, 0, -1, 0, 7 ]
[ 37, 0, 0, 16, 1, 0, -16, 0, 1 ]
[ 16, 1, 0, -5, 2, 0, 0, 1, 1 ]
[ 16, 0, -1, 16, 1, 0, 5, 0, 2 ]
[ 1, 7, 0, 0, 1, 1, 0, 0, 37 ]
[ 1, 7, 0, 0, 37, 0, 0, 1, 1 ]
[ 0, -1, -1, 1, 7, 0, 0, 0, 37 ]
[ 5, -2, 0, 1, 7, 0, 0, 1, 1 ]
[ 0, 1, 1, -1, 0, 7, 0, 0, 37 ]
[ 0, 1, 1, -5, 2, 0, -1, 0, 7 ]
[ 16, 1, 0, 0, 1, 1, 5, 0, 2 ]
[ 1, 0, -7, 16, 1, 0, 0, 0, 37 ]
[ 5, 0, 2, 16, 1, 0, -1, 0, 7 ]
[ 1, 0, -7, 0, 1, 1, 0, 0, 37 ]
[ 5, -2, 0, 0, 1, 1, -1, 0, 7 ]
[ 3, -1, -22, -5, 2, 0, 0, 0, 37 ]
[ 1, 0, -7, -3, 1, 22, 0, 0, 37 ]
[ 1, 0, -7, -5, 2, 0, -3, 1, 22 ]
[ 1, 0, -7, 0, 1, 1, 0, 0, 37 ]
[ 5, 0, 2, 0, 1, 1, -1, 0, 7 ]
[ 16, 1, 0, -1, 0, 7, 0, 0, 37 ]
[ -16, -1, 0, 5, 0, 2, -1, 0, 7 ]
[ -3, 1, 22, -1, 0, 7, 0, 0, 37 ]
[ -5, 2, 0, -3, 1, 22, 0, 0, 37 ]
[ -5, 2, 0, -1, 0, 7, -3, 1, 22 ]
[ 37, 0, 0, -5, 1, 0, -16, 0, 1 ]
[ 1, 3, -1, 2, 7, 0, 0, 0, 37 ]
[ 5, -1, 0, 2, 7, 0, -1, -3, 1 ]
[ 16, 0, -1, -5, 1, 0, 5, 0, 2 ]
[ 1, 22, 0, 0, 37, 0, 0, -18, 1 ]
[ 2, 7, 0, 1, 4, 1, 0, 0, 37 ]
[ 2, 7, 0, 1, 22, 0, 1, 4, 1 ]
[ 0, 1, 2, -1, -3, 1, 0, 0, 37 ]
[ -5, 1, 0, -1, -3, 1, 0, 1, 2 ]
[ 1, 0, -7, -5, 1, 0, 0, 0, 37 ]
[ 5, 0, 2, -5, 1, 0, -1, 0, 7 ]
[ 1, 22, 0, 0, 1, 2, 0, 0, 37 ]
[ -1, -22, 0, 0, -18, 1, 0, 1, 2 ]
[ 0, -1, -2, 1, 22, 0, 0, 0, 37 ]
[ 1, 4, 1, 0, 1, 2, 0, 0, 37 ]
[ 1, 4, 1, 1, 22, 0, 0, 1, 2 ]
[ 1, 0, -7, 0, 1, 2, 0, 0, 37 ]
[ -5, 1, 0, -1, 0, 7, 0, 0, 37 ]
[ 5, -1, 0, 0, 1, 2, -1, 0, 7 ]
[ 37, 0, 0, 11, 1, 0, -16, 0, 1 ]
[ 11, 1, 0, -4, 3, 0, -5, 1, 1 ]
[ 16, 0, -1, 11, 1, 0, 5, 0, 2 ]
[ 1, -10, 0, 0, 37, 0, 0, -12, 1 ]
[ 4, -3, 0, -1, 10, 0, -1, -2, 1 ]
[ 5, -1, -1, -4, 3, 0, 0, 1, 3 ]
[ 11, 1, 0, -5, 1, 1, 5, 0, 2 ]
[ 1, 0, -7, 11, 1, 0, 0, 0, 37 ]
[ 5, 0, 2, 11, 1, 0, -1, 0, 7 ]
[ 1, -10, 0, 0, 1, 3, 0, 0, 37 ]
[ -1, 10, 0, 0, -12, 1, 0, 1, 3 ]
[ 0, 1, 3, -1, 10, 0, 0, 0, 37 ]
[ 1, 2, -1, 0, 1, 3, 0, 0, 37 ]
[ 1, 2, -1, -1, 10, 0, 0, 1, 3 ]
[ 0, 1, 3, -1, -2, 1, 0, 0, 37 ]
[ -4, 3, 0, -1, -2, 1, 0, 1, 3 ]
[ -1, 1, 10, -4, 3, 0, 0, 0, 37 ]
[ 0, 1, 3, -1, 1, 10, 0, 0, 37 ]
[ 0, 1, 3, -4, 3, 0, -1, 1, 10 ]
[ 1, 0, -7, 0, 1, 3, 0, 0, 37 ]
[ -5, 1, 1, -1, 0, 7, 0, 0, 37 ]
[ 5, -1, -1, 0, 1, 3, -1, 0, 7 ]
[ 1, 0, -7, -5, 1, 1, 0, 0, 37 ]
[ 5, 0, 2, -5, 1, 1, -1, 0, 7 ]
[ 11, 1, 0, -1, 0, 7, 0, 0, 37 ]
[ -11, -1, 0, 5, 0, 2, -1, 0, 7 ]
[ 1, -1, -10, 0, 1, 3, 0, 0, 37 ]
[ 4, -3, 0, -1, 1, 10, 0, 0, 37 ]
[ 4, -3, 0, 0, 1, 3, -1, 1, 10 ]
[ 37, 0, 0, -10, 1, 0, -16, 0, 1 ]
[ 10, -1, 0, -3, 4, 0, 4, -2, 1 ]
[ 16, 0, -1, -10, 1, 0, 5, 0, 2 ]
[ 1, 11, 0, 0, 37, 0, 0, -9, 1 ]
[ 3, -4, 0, 1, 11, 0, 1, 2, 1 ]
[ 4, -2, 1, -3, 4, 0, 0, 1, 4 ]
[ -10, 1, 0, 4, -2, 1, -5, 1, 2 ]
[ 1, 0, -7, -10, 1, 0, 0, 0, 37 ]
[ 5, 0, 2, -10, 1, 0, -1, 0, 7 ]
[ 1, 11, 0, 0, 1, 4, 0, 0, 37 ]
[ -1, -11, 0, 0, -9, 1, 0, 1, 4 ]
[ 0, -1, -4, 1, 11, 0, 0, 0, 37 ]
[ 1, 2, 1, 0, 1, 4, 0, 0, 37 ]
[ 1, 2, 1, 1, 11, 0, 0, 1, 4 ]
[ 0, -1, -4, 1, 2, 1, 0, 0, 37 ]
[ 3, -4, 0, 1, 2, 1, 0, 1, 4 ]
[ 1, -1, -11, -3, 4, 0, 0, 0, 37 ]
[ 0, 1, 4, -1, 1, 11, 0, 0, 37 ]
[ 0, 1, 4, -3, 4, 0, -1, 1, 11 ]
[ 1, -1, -11, 0, 1, 4, 0, 0, 37 ]
[ 4, -2, 1, 0, 1, 4, -1, 1, 11 ]
[ -5, 1, 2, -1, 0, 7, 0, 0, 37 ]
[ -5, 1, 2, 4, -2, 1, -1, 0, 7 ]
[ 1, 0, -7, -5, 1, 2, 0, 0, 37 ]
[ -10, 1, 0, -1, 0, 7, 0, 0, 37 ]
[ 10, -1, 0, -5, 1, 2, -1, 0, 7 ]
[ -3, 4, 0, -1, 1, 11, 0, 0, 37 ]
[ 3, -4, 0, 0, 1, 4, -1, 1, 11 ]
[ 1, -1, -11, 0, 1, 4, 0, 0, 37 ]
[ 2, -1, 19, -1, 1, 11, 0, 0, 37 ]
[ 4, -2, 1, -1, 1, 11, 2, -1, 19 ]
[ -1, 0, 7, 2, -1, 19, 0, 0, 37 ]
[ -1, 0, 7, 4, -2, 1, 2, -1, 19 ]
[ 37, 0, 0, 6, 1, 0, -16, 0, 1 ]
[ 1, -6, 0, 0, 37, 0, 0, 15, 1 ]
[ 6, 1, 0, -1, 6, 0, 2, 3, 1 ]
[ 16, 0, -1, 6, 1, 0, 5, 0, 2 ]
[ 1, -6, 0, 0, 15, 1, 0, -7, 2 ]
[ 2, 3, 1, -1, -1, 2, 0, 0, 37 ]
[ 2, 3, 1, -1, 6, 0, -1, -1, 2 ]
[ 1, 1, -2, 2, 3, 1, 0, 0, 37 ]
[ 6, 1, 0, 2, 3, 1, -1, -1, 2 ]
[ 1, 0, -7, 6, 1, 0, 0, 0, 37 ]
[ 5, 0, 2, 6, 1, 0, -1, 0, 7 ]
[ 1, -6, 0, 0, 1, 5, 0, 0, 37 ]
[ -1, 6, 0, 0, -7, 2, 0, 1, 5 ]
[ 0, 1, 5, -1, 6, 0, 0, 0, 37 ]
[ 1, 1, -2, 0, 1, 5, 0, 0, 37 ]
[ 1, 1, -2, -1, 6, 0, 0, 1, 5 ]
[ -1, 0, 7, -1, -1, 2, 0, 0, 37 ]
[ 6, 1, 0, -1, 0, 7, 0, 0, 37 ]
[ -6, -1, 0, -1, -1, 2, -1, 0, 7 ]
[ 37, 0, 0, -15, 1, 0, -16, 0, 1 ]
[ 15, -1, 0, 7, 2, 0, -1, -1, 1 ]
[ 16, 0, -1, -15, 1, 0, 5, 0, 2 ]
[ 1, -5, 0, 0, 37, 0, 0, -6, 1 ]
[ 7, 2, 0, -1, 5, 0, -1, -1, 1 ]
[ 1, 1, -1, -1, 0, 7, 0, 0, 37 ]
[ -1, -1, 1, 7, 2, 0, -1, 0, 7 ]
[ -15, 1, 0, -1, -1, 1, 5, 0, 2 ]
[ 1, 0, -7, -15, 1, 0, 0, 0, 37 ]
[ 5, 0, 2, -15, 1, 0, -1, 0, 7 ]
[ 1, -5, 0, 0, 1, 6, 0, 0, 37 ]
[ -1, 5, 0, 0, -6, 1, 0, 1, 6 ]
[ 0, 1, 6, -1, 5, 0, 0, 0, 37 ]
[ 1, 1, -1, 0, 1, 6, 0, 0, 37 ]
[ 1, 1, -1, -1, 5, 0, 0, 1, 6 ]
[ -1, 0, 7, -1, -1, 1, 0, 0, 37 ]
[ -7, -2, 0, -1, -1, 1, -1, 0, 7 ]
[ -3, -1, -22, 7, 2, 0, 0, 0, 37 ]
[ 1, 0, -7, 3, 1, 22, 0, 0, 37 ]
[ 1, 0, -7, 7, 2, 0, 3, 1, 22 ]
[ -1, 0, 7, -1, -1, 1, 0, 0, 37 ]
[ -5, 0, -2, -1, -1, 1, -1, 0, 7 ]
[ -15, 1, 0, -1, 0, 7, 0, 0, 37 ]
[ 15, -1, 0, 5, 0, 2, -1, 0, 7 ]
[ 3, 1, 22, -1, 0, 7, 0, 0, 37 ]
[ 7, 2, 0, 3, 1, 22, 0, 0, 37 ]
[ 7, 2, 0, -1, 0, 7, 3, 1, 22 ]
[ 1, 1, 0, 0, 37, 0, 0, 16, 1 ]
[ 37, 0, 0, 1, 1, 0, -16, 0, 1 ]
[ 1, 1, 0, 0, 16, 1, 0, -5, 2 ]
[ 16, 0, -1, 1, 1, 0, 5, 0, 2 ]
[ 1, 1, 0, 0, 1, 7, 0, 0, 37 ]
[ -1, -1, 0, 0, -5, 2, 0, 1, 7 ]
[ 1, 0, -7, 1, 1, 0, 0, 0, 37 ]
[ 5, 0, 2, 1, 1, 0, -1, 0, 7 ]
[ 37, 0, 0, 17, 1, 0, -16, 0, 1 ]
[ 17, 1, 0, -3, 2, 0, 1, 1, 1 ]
[ 16, 0, -1, 17, 1, 0, 5, 0, 2 ]
[ 1, -13, 0, 0, 37, 0, 0, 14, 1 ]
[ 3, -2, 0, -1, 13, 0, 1, 1, 1 ]
[ 1, 1, 1, -1, 0, 7, 0, 0, 37 ]
[ 1, 1, 1, -3, 2, 0, -1, 0, 7 ]
[ 17, 1, 0, 1, 1, 1, 5, 0, 2 ]
[ 1, 0, -7, 17, 1, 0, 0, 0, 37 ]
[ 5, 0, 2, 17, 1, 0, -1, 0, 7 ]
[ 1, -13, 0, 0, 14, 1, 0, 5, 3 ]
[ 1, 1, 1, -1, 13, 0, 0, 5, 3 ]
[ 1, 0, -7, 1, 1, 1, 0, 0, 37 ]
[ 3, -2, 0, 1, 1, 1, -1, 0, 7 ]
[ 2, -1, -22, -3, 2, 0, 0, 0, 37 ]
[ 1, 0, -7, -2, 1, 22, 0, 0, 37 ]
[ 1, 0, -7, -3, 2, 0, -2, 1, 22 ]
[ 1, 0, -7, 1, 1, 1, 0, 0, 37 ]
[ 5, 0, 2, 1, 1, 1, -1, 0, 7 ]
[ 17, 1, 0, -1, 0, 7, 0, 0, 37 ]
[ -17, -1, 0, 5, 0, 2, -1, 0, 7 ]
[ 1, -13, 0, 0, 1, 8, 0, 0, 37 ]
[ 1, -13, 0, 0, 5, 3, 0, 1, 8 ]
[ 0, 1, 8, -1, 13, 0, 0, 0, 37 ]
[ 0, 5, 3, -1, 13, 0, 0, 1, 8 ]
[ 1, 1, 1, 0, 1, 8, 0, 0, 37 ]
[ 1, 1, 1, 0, 5, 3, 0, 1, 8 ]
[ -2, 1, 22, -1, 0, 7, 0, 0, 37 ]
[ -3, 2, 0, -2, 1, 22, 0, 0, 37 ]
[ -3, 2, 0, -1, 0, 7, -2, 1, 22 ]
[ 37, 0, 0, -4, 1, 0, -16, 0, 1 ]
[ 1, 9, 0, 0, 37, 0, 0, -4, 1 ]
[ 4, -1, 0, 1, 9, 0, 0, -4, 1 ]
[ 16, 0, -1, -4, 1, 0, 5, 0, 2 ]
[ 1, 9, 0, 0, 1, 9, 0, 0, 37 ]
[ -1, -9, 0, 0, -4, 1, 0, 1, 9 ]
[ 0, -1, -9, 1, 9, 0, 0, 0, 37 ]
[ 0, -4, 1, 1, 9, 0, 0, 1, 9 ]
[ -4, 1, 0, 0, -4, 1, 1, 1, 2 ]
[ 1, 0, -7, -4, 1, 0, 0, 0, 37 ]
[ 5, 0, 2, -4, 1, 0, -1, 0, 7 ]
[ 1, 1, 2, 0, 1, 9, 0, 0, 37 ]
[ -1, -1, -2, 0, -4, 1, 0, 1, 9 ]
[ 1, 0, -7, 1, 1, 2, 0, 0, 37 ]
[ -4, 1, 0, -1, 0, 7, 0, 0, 37 ]
[ 4, -1, 0, 1, 1, 2, -1, 0, 7 ]
[ 37, 0, 0, 12, 1, 0, -16, 0, 1 ]
[ 1, -3, 0, 0, 37, 0, 0, -11, 1 ]
[ 12, 1, 0, -1, 3, 0, -4, 1, 1 ]
[ 16, 0, -1, 12, 1, 0, 5, 0, 2 ]
[ -1, 3, 0, 0, -11, 1, 0, 4, 3 ]
[ 4, -1, -1, -1, 3, 0, 1, 1, 3 ]
[ 12, 1, 0, -4, 1, 1, 5, 0, 2 ]
[ 1, 0, -7, 12, 1, 0, 0, 0, 37 ]
[ 5, 0, 2, 12, 1, 0, -1, 0, 7 ]
[ 1, -3, 0, 0, 1, 10, 0, 0, 37 ]
[ 1, -3, 0, 0, 4, 3, 0, 1, 10 ]
[ 0, 1, 10, -1, 3, 0, 0, 0, 37 ]
[ 1, 1, 3, 0, 1, 10, 0, 0, 37 ]
[ 1, 1, 3, -1, 3, 0, 0, 1, 10 ]
[ 1, 0, -7, 1, 1, 3, 0, 0, 37 ]
[ -4, 1, 1, -1, 0, 7, 0, 0, 37 ]
[ 4, -1, -1, 1, 1, 3, -1, 0, 7 ]
[ 1, 0, -7, -4, 1, 1, 0, 0, 37 ]
[ 5, 0, 2, -4, 1, 1, -1, 0, 7 ]
[ 12, 1, 0, -1, 0, 7, 0, 0, 37 ]
[ -12, -1, 0, 5, 0, 2, -1, 0, 7 ]
[ 37, 0, 0, -9, 1, 0, -16, 0, 1 ]
[ 1, 4, 0, 0, 37, 0, 0, -10, 1 ]
[ 9, -1, 0, 1, 4, 0, 2, -2, 1 ]
[ 16, 0, -1, -9, 1, 0, 5, 0, 2 ]
[ -1, -4, 0, 0, -10, 1, 0, -3, 4 ]
[ 2, -2, 1, 1, 4, 0, 1, 1, 4 ]
[ -9, 1, 0, 2, -2, 1, -4, 1, 2 ]
[ 1, 0, -7, -9, 1, 0, 0, 0, 37 ]
[ 5, 0, 2, -9, 1, 0, -1, 0, 7 ]
[ 1, 4, 0, 0, 1, 11, 0, 0, 37 ]
[ -1, -4, 0, 0, -3, 4, 0, 1, 11 ]
[ 0, -1, -11, 1, 4, 0, 0, 0, 37 ]
[ 1, 1, 4, 0, 1, 11, 0, 0, 37 ]
[ 1, 1, 4, 1, 4, 0, 0, 1, 11 ]
[ 0, -1, -11, 1, 1, 4, 0, 0, 37 ]
[ 2, -2, 1, 1, 1, 4, 0, 1, 11 ]
[ -4, 1, 2, -1, 0, 7, 0, 0, 37 ]
[ -4, 1, 2, 2, -2, 1, -1, 0, 7 ]
[ 1, 0, -7, -4, 1, 2, 0, 0, 37 ]
[ -9, 1, 0, -1, 0, 7, 0, 0, 37 ]
[ 9, -1, 0, -4, 1, 2, -1, 0, 7 ]
[ 1, -1, 19, 0, 1, 11, 0, 0, 37 ]
[ 2, -2, 1, 0, 1, 11, 1, -1, 19 ]
[ -1, 0, 7, 1, -1, 19, 0, 0, 37 ]
[ -1, 0, 7, 2, -2, 1, 1, -1, 19 ]
[ 37, 0, 0, 7, 1, 0, -16, 0, 1 ]
[ 7, 1, 0, -2, 5, 0, -2, 2, 1 ]
[ 16, 0, -1, 7, 1, 0, 5, 0, 2 ]
[ 1, -21, 0, 0, 37, 0, 0, -3, 1 ]
[ 2, -5, 0, -1, 21, 0, 0, -3, 1 ]
[ 1, -2, 6, -2, 5, 0, 0, 0, 37 ]
[ 2, -2, -1, -2, 5, 0, 1, -2, 6 ]
[ 7, 1, 0, -2, 2, 1, -2, -1, 2 ]
[ 1, 0, -7, 7, 1, 0, 0, 0, 37 ]
[ 5, 0, 2, 7, 1, 0, -1, 0, 7 ]
[ 1, -21, 0, 0, 1, 12, 0, 0, 37 ]
[ -1, 21, 0, 0, -3, 1, 0, 1, 12 ]
[ 0, 1, 12, -1, 21, 0, 0, 0, 37 ]
[ 0, 3, -1, -1, 21, 0, 0, 1, 12 ]
[ 2, -5, 0, -1, 3, 6, 0, 0, 37 ]
[ -2, 5, 0, 0, -3, 1, -1, 3, 6 ]
[ -1, 1, 19, 1, -2, 6, 0, 0, 37 ]
[ -2, 2, 1, 1, -2, 6, -1, 1, 19 ]
[ 2, 1, -2, -1, 0, 7, 0, 0, 37 ]
[ 2, 1, -2, -2, 2, 1, -1, 0, 7 ]
[ -1, 0, 7, -2, -1, 2, 0, 0, 37 ]
[ 7, 1, 0, -1, 0, 7, 0, 0, 37 ]
[ -7, -1, 0, -2, -1, 2, -1, 0, 7 ]
[ 1, -3, -6, 0, 1, 12, 0, 0, 37 ]
[ -1, 3, 6, 0, -3, 1, 0, 1, 12 ]
[ 1, 0, -7, -1, 1, 19, 0, 0, 37 ]
[ 1, 0, -7, -2, 2, 1, -1, 1, 19 ]
[ 37, 0, 0, -14, 1, 0, -16, 0, 1 ]
[ 14, -1, 0, -5, 3, 0, -2, -1, 1 ]
[ 16, 0, -1, -14, 1, 0, 5, 0, 2 ]
[ 1, -8, 0, 0, 37, 0, 0, -17, 1 ]
[ 5, -3, 0, -1, 8, 0, -2, -1, 1 ]
[ 2, 1, -1, -5, 3, 0, 3, -1, 3 ]
[ -14, 1, 0, -2, -1, 1, 5, 0, 2 ]
[ 1, 0, -7, -14, 1, 0, 0, 0, 37 ]
[ 5, 0, 2, -14, 1, 0, -1, 0, 7 ]
[ -1, 8, 0, 0, -17, 1, 0, 3, 2 ]
[ 2, 1, -1, -1, 8, 0, 0, 3, 2 ]
[ -5, 3, 0, -2, -1, 1, 3, -1, 3 ]
[ 2, -1, 10, -5, 3, 0, 0, 0, 37 ]
[ -3, 1, -3, 2, -1, 10, 0, 0, 37 ]
[ 3, -1, 3, -5, 3, 0, 2, -1, 10 ]
[ -1, 0, 7, 3, -1, 3, 0, 0, 37 ]
[ 2, 1, -1, -1, 0, 7, 0, 0, 37 ]
[ -2, -1, 1, 3, -1, 3, -1, 0, 7 ]
[ -1, 0, 7, -2, -1, 1, 0, 0, 37 ]
[ -5, 0, -2, -2, -1, 1, -1, 0, 7 ]
[ -14, 1, 0, -1, 0, 7, 0, 0, 37 ]
[ 14, -1, 0, 5, 0, 2, -1, 0, 7 ]
[ 1, -8, 0, 0, 1, 13, 0, 0, 37 ]
[ 1, -8, 0, 0, 3, 2, 0, 1, 13 ]
[ 0, 1, 13, -1, 8, 0, 0, 0, 37 ]
[ 0, 3, 2, -1, 8, 0, 0, 1, 13 ]
[ 2, 1, -1, 0, 3, 2, -1, 0, 7 ]
[ -3, 1, -3, -1, 0, 7, 0, 0, 37 ]
[ -3, 1, -3, -2, -1, 1, -1, 0, 7 ]
[ 2, -1, 10, 3, -1, 3, 0, 0, 37 ]
[ 5, -3, 0, 2, -1, 10, 0, 0, 37 ]
[ 5, -3, 0, 3, -1, 3, 2, -1, 10 ]
[ 2, 1, -1, -1, 0, 7, 0, 0, 37 ]
[ -1, 0, 7, -2, -1, 1, 0, 0, 37 ]
[ 1, 0, -7, 0, 1, 13, 0, 0, 37 ]
[ 1, 0, -7, 0, 3, 2, 0, 1, 13 ]
[ 37, 0, 0, 2, 1, 0, -16, 0, 1 ]
[ 1, 19, 0, 0, 37, 0, 0, 8, 1 ]
[ 2, 1, 0, 1, 19, 0, 0, 8, 1 ]
[ 16, 0, -1, 2, 1, 0, 5, 0, 2 ]
[ 1, 19, 0, 0, 8, 1, 0, 3, 5 ]
[ 0, -8, -1, 1, 19, 0, 0, 3, 5 ]
[ 2, 1, 0, 0, 8, 1, 1, -2, 2 ]
[ 1, 0, -7, 2, 1, 0, 0, 0, 37 ]
[ 5, 0, 2, 2, 1, 0, -1, 0, 7 ]
[ 1, 19, 0, 0, 1, 14, 0, 0, 37 ]
[ 1, 19, 0, 0, 3, 5, 0, 1, 14 ]
[ 0, -1, -14, 1, 19, 0, 0, 0, 37 ]
[ 0, -3, -5, 1, 19, 0, 0, 1, 14 ]
[ 1, -2, 2, 0, 8, 1, 0, 3, 5 ]
[ 2, 1, 0, -1, 0, 7, 0, 0, 37 ]
[ -2, -1, 0, 1, -2, 2, -1, 0, 7 ]
[ 1, -2, 2, 0, 1, 14, 0, 0, 37 ]
[ 1, -2, 2, 0, 3, 5, 0, 1, 14 ]
[ 0, -1, 23, 1, -2, 2, 0, 0, 37 ]
[ -1, 0, 7, 0, -1, 23, 0, 0, 37 ]
[ -1, 0, 7, 1, -2, 2, 0, -1, 23 ]
[ 37, 0, 0, 18, 1, 0, -16, 0, 1 ]
[ 1, -2, 0, 0, 37, 0, 0, 5, 1 ]
[ 18, 1, 0, -1, 2, 0, 2, 1, 1 ]
[ 16, 0, -1, 18, 1, 0, 5, 0, 2 ]
[ 1, -2, 0, 0, 5, 1, 0, -2, 7 ]
[ 2, 1, 1, -1, 0, 7, 0, 0, 37 ]
[ 2, 1, 1, -1, 2, 0, -1, 0, 7 ]
[ 18, 1, 0, 2, 1, 1, 5, 0, 2 ]
[ 1, 0, -7, 18, 1, 0, 0, 0, 37 ]
[ 5, 0, 2, 18, 1, 0, -1, 0, 7 ]
[ -1, 2, 0, 0, -1, 22, 0, 0, 37 ]
[ -1, 2, 0, 0, -2, 7, 0, -1, 22 ]
[ 1, -1, -22, -1, 2, 0, 0, 0, 37 ]
[ 1, 0, -7, -1, 1, 22, 0, 0, 37 ]
[ 1, 0, -7, -1, 2, 0, -1, 1, 22 ]
[ 1, 0, -7, 2, 1, 1, 0, 0, 37 ]
[ 5, 0, 2, 2, 1, 1, -1, 0, 7 ]
[ 18, 1, 0, -1, 0, 7, 0, 0, 37 ]
[ -18, -1, 0, 5, 0, 2, -1, 0, 7 ]
[ 37, 0, 0, -3, 1, 0, -16, 0, 1 ]
[ 1, 12, 0, 0, 37, 0, 0, 7, 1 ]
[ 3, -1, 0, 1, 12, 0, -1, -5, 1 ]
[ 16, 0, -1, -3, 1, 0, 5, 0, 2 ]
[ 1, 12, 0, 0, 7, 1, 0, -2, 5 ]
[ 1, 5, -1, 1, 12, 0, 0, -2, 5 ]
[ -3, 1, 0, -1, -5, 1, -1, 2, 2 ]
[ 1, 0, -7, -3, 1, 0, 0, 0, 37 ]
[ 5, 0, 2, -3, 1, 0, -1, 0, 7 ]
[ -1, -12, 0, 0, -1, 21, 0, 0, 37 ]
[ -1, -12, 0, 0, -2, 5, 0, -1, 21 ]
[ 0, -1, 21, 1, 12, 0, 0, 0, 37 ]
[ 0, -2, 5, 1, 12, 0, 0, -1, 21 ]
[ -1, -5, 1, 0, -1, 21, 0, 0, 37 ]
[ -1, -5, 1, 0, -2, 5, 0, -1, 21 ]
[ -1, 2, 2, -1, -5, 1, 0, -2, 5 ]
[ -3, 1, 0, -1, 0, 7, 0, 0, 37 ]
[ 3, -1, 0, -1, 2, 2, -1, 0, 7 ]
[ 0, 1, -21, -1, -5, 1, 0, 0, 37 ]
[ 0, 2, -5, -1, -5, 1, 0, -1, 21 ]
[ -1, 2, 2, 0, -1, 21, 0, 0, 37 ]
[ -1, 2, 2, 0, -2, 5, 0, -1, 21 ]
[ 1, -1, -23, -1, 2, 2, 0, 0, 37 ]
[ 1, 0, -7, -1, 1, 23, 0, 0, 37 ]
[ 1, 0, -7, -1, 2, 2, -1, 1, 23 ]
[ 37, 0, 0, 13, 1, 0, -16, 0, 1 ]
[ 13, 1, 0, 2, 3, 0, -3, 1, 1 ]
[ 16, 0, -1, 13, 1, 0, 5, 0, 2 ]
[ 1, 20, 0, 0, 37, 0, 0, -13, 1 ]
[ 2, 3, 0, 1, 20, 0, 1, 7, 1 ]
[ 3, -1, -1, 2, 3, 0, 2, 1, 3 ]
[ 13, 1, 0, -3, 1, 1, 5, 0, 2 ]
[ 1, 0, -7, 13, 1, 0, 0, 0, 37 ]
[ 5, 0, 2, 13, 1, 0, -1, 0, 7 ]
[ -1, -20, 0, 0, -13, 1, 0, -2, 3 ]
[ 1, 7, 1, 1, 20, 0, 0, -2, 3 ]
[ 2, 3, 0, 1, 7, 1, 0, -2, 3 ]
[ 1, 1, 10, 2, 3, 0, 0, 0, 37 ]
[ 2, 1, 3, 1, 1, 10, 0, 0, 37 ]
[ 2, 1, 3, 2, 3, 0, 1, 1, 10 ]
[ 1, 0, -7, 2, 1, 3, 0, 0, 37 ]
[ -3, 1, 1, -1, 0, 7, 0, 0, 37 ]
[ 3, -1, -1, 2, 1, 3, -1, 0, 7 ]
[ 1, 0, -7, -3, 1, 1, 0, 0, 37 ]
[ 5, 0, 2, -3, 1, 1, -1, 0, 7 ]
[ 13, 1, 0, -1, 0, 7, 0, 0, 37 ]
[ -13, -1, 0, 5, 0, 2, -1, 0, 7 ]
[ -1, -20, 0, 0, -1, 20, 0, 0, 37 ]
[ -1, -20, 0, 0, -2, 3, 0, -1, 20 ]
[ 0, -1, 20, 1, 20, 0, 0, 0, 37 ]
[ 0, -2, 3, 1, 20, 0, 0, -1, 20 ]
[ -1, -7, -1, 0, -1, 20, 0, 0, 37 ]
[ -1, -7, -1, 0, -2, 3, 0, -1, 20 ]
[ 0, -1, 20, 1, 7, 1, 0, 0, 37 ]
[ 0, -2, 3, 1, 7, 1, 0, -1, 20 ]
[ -2, -3, 0, 1, 1, 10, 0, 0, 37 ]
[ -2, -3, 0, 0, -2, 3, 1, 1, 10 ]
[ -1, -1, -10, 0, -1, 20, 0, 0, 37 ]
[ -1, -1, -10, 0, -2, 3, 0, -1, 20 ]
[ 37, 0, 0, -8, 1, 0, -16, 0, 1 ]
[ 8, -1, 0, -3, 5, 0, 0, -2, 1 ]
[ 16, 0, -1, -8, 1, 0, 5, 0, 2 ]
[ 1, -14, 0, 0, 37, 0, 0, -2, 1 ]
[ 3, -5, 0, -1, 14, 0, 0, -2, 1 ]
[ -1, 2, 6, -3, 5, 0, 0, 0, 37 ]
[ 0, 2, -1, -3, 5, 0, -1, 2, 6 ]
[ -8, 1, 0, 0, -2, 1, -3, 1, 2 ]
[ 1, 0, -7, -8, 1, 0, 0, 0, 37 ]
[ 5, 0, 2, -8, 1, 0, -1, 0, 7 ]
[ -1, 14, 0, 0, -1, 19, 0, 0, 37 ]
[ -1, 14, 0, 0, -2, 1, 0, -1, 19 ]
[ 0, 1, -19, -1, 14, 0, 0, 0, 37 ]
[ 0, 2, -1, -1, 14, 0, 0, -1, 19 ]
[ 3, -5, 0, -1, 2, 6, 0, 0, 37 ]
[ -3, 5, 0, 0, -2, 1, -1, 2, 6 ]
[ 0, 1, -19, -1, 2, 6, 0, 0, 37 ]
[ 0, 2, -1, -1, 2, 6, 0, -1, 19 ]
[ -3, 1, 2, -1, 0, 7, 0, 0, 37 ]
[ -3, 1, 2, 0, -2, 1, -1, 0, 7 ]
[ 1, 0, -7, -3, 1, 2, 0, 0, 37 ]
[ -8, 1, 0, -1, 0, 7, 0, 0, 37 ]
[ 8, -1, 0, -3, 1, 2, -1, 0, 7 ]
[ -1, 2, 6, 0, -1, 19, 0, 0, 37 ]
[ -1, 2, 6, 0, -2, 1, 0, -1, 19 ]
[ -1, 0, 7, 0, -1, 19, 0, 0, 37 ]
[ -1, 0, 7, 0, -2, 1, 0, -1, 19 ]
[ 37, 0, 0, 8, 1, 0, -16, 0, 1 ]
[ 8, 1, 0, 3, 5, 0, 0, 2, 1 ]
[ 16, 0, -1, 8, 1, 0, 5, 0, 2 ]
[ 1, 14, 0, 0, 37, 0, 0, 2, 1 ]
[ 3, 5, 0, 1, 14, 0, 0, 2, 1 ]
[ -1, -2, 6, 3, 5, 0, 0, 0, 37 ]
[ 0, -2, -1, 3, 5, 0, -1, -2, 6 ]
[ 8, 1, 0, 0, 2, 1, -3, -1, 2 ]
[ 1, 0, -7, 8, 1, 0, 0, 0, 37 ]
[ 5, 0, 2, 8, 1, 0, -1, 0, 7 ]
[ 1, 14, 0, 0, 1, 19, 0, 0, 37 ]
[ 1, 14, 0, 0, 2, 1, 0, 1, 19 ]
[ 0, -1, -19, 1, 14, 0, 0, 0, 37 ]
[ 0, -2, -1, 1, 14, 0, 0, 1, 19 ]
[ -3, -5, 0, -1, -2, 6, 0, 0, 37 ]
[ 3, 5, 0, 0, 2, 1, -1, -2, 6 ]
[ 0, 1, 19, -1, -2, 6, 0, 0, 37 ]
[ 0, 2, 1, -1, -2, 6, 0, 1, 19 ]
[ 3, 1, -2, -1, 0, 7, 0, 0, 37 ]
[ 3, 1, -2, 0, 2, 1, -1, 0, 7 ]
[ -1, 0, 7, -3, -1, 2, 0, 0, 37 ]
[ 8, 1, 0, -1, 0, 7, 0, 0, 37 ]
[ -8, -1, 0, -3, -1, 2, -1, 0, 7 ]
[ 1, 2, -6, 0, 1, 19, 0, 0, 37 ]
[ 1, 2, -6, 0, 2, 1, 0, 1, 19 ]
[ 1, 0, -7, 0, 1, 19, 0, 0, 37 ]
[ 1, 0, -7, 0, 2, 1, 0, 1, 19 ]
[ 37, 0, 0, -13, 1, 0, -16, 0, 1 ]
[ 13, -1, 0, -2, 3, 0, -3, -1, 1 ]
[ 16, 0, -1, -13, 1, 0, 5, 0, 2 ]
[ 1, -20, 0, 0, 37, 0, 0, 13, 1 ]
[ 2, -3, 0, -1, 20, 0, 1, -7, 1 ]
[ 3, 1, -1, -2, 3, 0, 2, -1, 3 ]
[ -13, 1, 0, -3, -1, 1, 5, 0, 2 ]
[ 1, 0, -7, -13, 1, 0, 0, 0, 37 ]
[ 5, 0, 2, -13, 1, 0, -1, 0, 7 ]
[ 1, -20, 0, 0, 13, 1, 0, 2, 3 ]
[ 1, -7, 1, -1, 20, 0, 0, 2, 3 ]
[ -2, 3, 0, 1, -7, 1, 0, 2, 3 ]
[ 1, -1, 10, -2, 3, 0, 0, 0, 37 ]
[ -2, 1, -3, 1, -1, 10, 0, 0, 37 ]
[ 2, -1, 3, -2, 3, 0, 1, -1, 10 ]
[ -1, 0, 7, 2, -1, 3, 0, 0, 37 ]
[ 3, 1, -1, -1, 0, 7, 0, 0, 37 ]
[ -3, -1, 1, 2, -1, 3, -1, 0, 7 ]
[ -1, 0, 7, -3, -1, 1, 0, 0, 37 ]
[ -5, 0, -2, -3, -1, 1, -1, 0, 7 ]
[ -13, 1, 0, -1, 0, 7, 0, 0, 37 ]
[ 13, -1, 0, 5, 0, 2, -1, 0, 7 ]
[ 1, -20, 0, 0, 1, 20, 0, 0, 37 ]
[ 1, -20, 0, 0, 2, 3, 0, 1, 20 ]
[ 0, 1, 20, -1, 20, 0, 0, 0, 37 ]
[ 0, 2, 3, -1, 20, 0, 0, 1, 20 ]
[ 1, -7, 1, 0, 1, 20, 0, 0, 37 ]
[ 1, -7, 1, 0, 2, 3, 0, 1, 20 ]
[ 0, -1, -20, 1, -7, 1, 0, 0, 37 ]
[ 0, -2, -3, 1, -7, 1, 0, 1, 20 ]
[ 2, -3, 0, -1, 2, 10, 0, 0, 37 ]
[ 2, -3, 0, 0, 2, 3, -1, 2, 10 ]
[ 1, -2, -10, 0, 1, 20, 0, 0, 37 ]
[ 1, -2, -10, 0, 2, 3, 0, 1, 20 ]
[ 37, 0, 0, 3, 1, 0, -16, 0, 1 ]
[ 1, -12, 0, 0, 37, 0, 0, -7, 1 ]
[ 3, 1, 0, -1, 12, 0, -1, 5, 1 ]
[ 16, 0, -1, 3, 1, 0, 5, 0, 2 ]
[ -1, 12, 0, 0, -7, 1, 0, 2, 5 ]
[ 1, -5, -1, -1, 12, 0, 0, 2, 5 ]
[ 3, 1, 0, -1, 5, 1, -1, -2, 2 ]
[ 1, 0, -7, 3, 1, 0, 0, 0, 37 ]
[ 5, 0, 2, 3, 1, 0, -1, 0, 7 ]
[ 1, -12, 0, 0, 1, 21, 0, 0, 37 ]
[ 1, -12, 0, 0, 2, 5, 0, 1, 21 ]
[ 0, 1, 21, -1, 12, 0, 0, 0, 37 ]
[ 0, 2, 5, -1, 12, 0, 0, 1, 21 ]
[ 1, -5, -1, 0, 1, 21, 0, 0, 37 ]
[ 1, -5, -1, 0, 2, 5, 0, 1, 21 ]
[ 1, 2, -2, -1, 5, 1, 0, 2, 5 ]
[ 3, 1, 0, -1, 0, 7, 0, 0, 37 ]
[ -3, -1, 0, -1, -2, 2, -1, 0, 7 ]
[ 0, 1, 21, -1, 5, 1, 0, 0, 37 ]
[ 0, 2, 5, -1, 5, 1, 0, 1, 21 ]
[ 1, 2, -2, 0, 1, 21, 0, 0, 37 ]
[ 1, 2, -2, 0, 2, 5, 0, 1, 21 ]
[ -1, -1, 23, -1, -2, 2, 0, 0, 37 ]
[ -1, 0, 7, -1, -1, 23, 0, 0, 37 ]
[ -1, 0, 7, -1, -2, 2, -1, -1, 23 ]
[ 37, 0, 0, -18, 1, 0, -16, 0, 1 ]
[ 1, 2, 0, 0, 37, 0, 0, -5, 1 ]
[ 18, -1, 0, 1, 2, 0, 2, -1, 1 ]
[ 16, 0, -1, -18, 1, 0, 5, 0, 2 ]
[ -1, -2, 0, 0, -5, 1, 0, 2, 7 ]
[ -2, 1, -1, -1, 0, 7, 0, 0, 37 ]
[ 2, -1, 1, 1, 2, 0, -1, 0, 7 ]
[ -18, 1, 0, 2, -1, 1, 5, 0, 2 ]
[ 1, 0, -7, -18, 1, 0, 0, 0, 37 ]
[ 5, 0, 2, -18, 1, 0, -1, 0, 7 ]
[ 1, 2, 0, 0, 1, 22, 0, 0, 37 ]
[ 1, 2, 0, 0, 2, 7, 0, 1, 22 ]
[ 0, -1, -22, 1, 2, 0, 0, 0, 37 ]
[ 1, 0, -7, 0, 1, 22, 0, 0, 37 ]
[ 1, 0, -7, 1, 2, 0, 0, 1, 22 ]
[ -1, 0, 7, 2, -1, 1, 0, 0, 37 ]
[ -5, 0, -2, 2, -1, 1, -1, 0, 7 ]
[ -18, 1, 0, -1, 0, 7, 0, 0, 37 ]
[ 18, -1, 0, 5, 0, 2, -1, 0, 7 ]
[ 37, 0, 0, -2, 1, 0, -16, 0, 1 ]
[ 1, -19, 0, 0, 37, 0, 0, -8, 1 ]
[ 2, -1, 0, -1, 19, 0, 0, -8, 1 ]
[ 16, 0, -1, -2, 1, 0, 5, 0, 2 ]
[ -1, 19, 0, 0, -8, 1, 0, -3, 5 ]
[ 0, 8, -1, -1, 19, 0, 0, -3, 5 ]
[ -2, 1, 0, 0, -8, 1, -1, 3, 2 ]
[ 1, 0, -7, -2, 1, 0, 0, 0, 37 ]
[ 5, 0, 2, -2, 1, 0, -1, 0, 7 ]
[ -1, 19, 0, 0, -1, 14, 0, 0, 37 ]
[ -1, 19, 0, 0, -3, 5, 0, -1, 14 ]
[ 0, 1, -14, -1, 19, 0, 0, 0, 37 ]
[ 0, 3, -5, -1, 19, 0, 0, -1, 14 ]
[ -1, 3, 2, 0, -8, 1, 0, -3, 5 ]
[ -2, 1, 0, 1, -1, 7, 0, 0, 37 ]
[ 2, -1, 0, -1, 3, 2, 1, -1, 7 ]
[ -1, 3, 2, 0, -1, 14, 0, 0, 37 ]
[ -1, 3, 2, 0, -3, 5, 0, -1, 14 ]
[ 0, 1, 23, -1, 3, 2, 0, 0, 37 ]
[ 1, -1, 7, 0, 1, 23, 0, 0, 37 ]
[ 1, -1, 7, -1, 3, 2, 0, 1, 23 ]
[ 37, 0, 0, 14, 1, 0, -16, 0, 1 ]
[ 14, 1, 0, 5, 3, 0, -2, 1, 1 ]
[ 16, 0, -1, 14, 1, 0, 5, 0, 2 ]
[ 1, 8, 0, 0, 37, 0, 0, 17, 1 ]
[ 5, 3, 0, 1, 8, 0, -2, 1, 1 ]
[ 2, -1, -1, 5, 3, 0, 3, 1, 3 ]
[ 14, 1, 0, -2, 1, 1, 5, 0, 2 ]
[ 1, 0, -7, 14, 1, 0, 0, 0, 37 ]
[ 5, 0, 2, 14, 1, 0, -1, 0, 7 ]
[ 1, 8, 0, 0, 17, 1, 0, -3, 2 ]
[ 2, -1, -1, 1, 8, 0, 0, -3, 2 ]
[ 5, 3, 0, -2, 1, 1, 3, 1, 3 ]
[ 2, 1, 10, 5, 3, 0, 0, 0, 37 ]
[ 3, 1, 3, 2, 1, 10, 0, 0, 37 ]
[ 3, 1, 3, 5, 3, 0, 2, 1, 10 ]
[ 1, 0, -7, 3, 1, 3, 0, 0, 37 ]
[ -2, 1, 1, -1, 0, 7, 0, 0, 37 ]
[ 2, -1, -1, 3, 1, 3, -1, 0, 7 ]
[ 1, 0, -7, -2, 1, 1, 0, 0, 37 ]
[ 5, 0, 2, -2, 1, 1, -1, 0, 7 ]
[ 14, 1, 0, -1, 0, 7, 0, 0, 37 ]
[ -14, -1, 0, 5, 0, 2, -1, 0, 7 ]
[ -1, -8, 0, 0, -1, 13, 0, 0, 37 ]
[ -1, -8, 0, 0, -3, 2, 0, -1, 13 ]
[ 0, -1, 13, 1, 8, 0, 0, 0, 37 ]
[ 0, -3, 2, 1, 8, 0, 0, -1, 13 ]
[ -2, 1, 1, 0, -3, 2, -1, 0, 7 ]
[ 3, 1, 3, -1, 0, 7, 0, 0, 37 ]
[ 3, 1, 3, -2, 1, 1, -1, 0, 7 ]
[ -2, -1, -10, 3, 1, 3, 0, 0, 37 ]
[ -5, -3, 0, 2, 1, 10, 0, 0, 37 ]
[ -5, -3, 0, 3, 1, 3, 2, 1, 10 ]
[ -2, 1, 1, -1, 0, 7, 0, 0, 37 ]
[ 1, 0, -7, -2, 1, 1, 0, 0, 37 ]
[ -1, 0, 7, 0, -1, 13, 0, 0, 37 ]
[ -1, 0, 7, 0, -3, 2, 0, -1, 13 ]
[ 37, 0, 0, -7, 1, 0, -16, 0, 1 ]
[ 7, -1, 0, 2, 5, 0, -2, -2, 1 ]
[ 16, 0, -1, -7, 1, 0, 5, 0, 2 ]
[ 1, 21, 0, 0, 37, 0, 0, 3, 1 ]
[ 2, 5, 0, 1, 21, 0, 0, 3, 1 ]
[ 1, 2, 6, 2, 5, 0, 0, 0, 37 ]
[ 2, 2, -1, 2, 5, 0, 1, 2, 6 ]
[ -7, 1, 0, -2, -2, 1, -2, 1, 2 ]
[ 1, 0, -7, -7, 1, 0, 0, 0, 37 ]
[ 5, 0, 2, -7, 1, 0, -1, 0, 7 ]
[ -1, -21, 0, 0, -1, 12, 0, 0, 37 ]
[ 1, 21, 0, 0, 3, 1, 0, -1, 12 ]
[ 0, -1, 12, 1, 21, 0, 0, 0, 37 ]
[ 0, -3, -1, 1, 21, 0, 0, -1, 12 ]
[ -2, -5, 0, 1, 2, 6, 0, 0, 37 ]
[ 2, 5, 0, 0, 3, 1, 1, 2, 6 ]
[ 1, 1, -19, 1, 2, 6, 0, 0, 37 ]
[ 2, 2, -1, 1, 2, 6, -1, -1, 19 ]
[ -2, 1, 2, -1, 0, 7, 0, 0, 37 ]
[ -2, 1, 2, -2, -2, 1, -1, 0, 7 ]
[ 1, 0, -7, -2, 1, 2, 0, 0, 37 ]
[ -7, 1, 0, -1, 0, 7, 0, 0, 37 ]
[ 7, -1, 0, -2, 1, 2, -1, 0, 7 ]
[ -1, -2, -6, 0, -1, 12, 0, 0, 37 ]
[ 1, 2, 6, 0, 3, 1, 0, -1, 12 ]
[ -1, 0, 7, -1, -1, 19, 0, 0, 37 ]
[ -1, 0, 7, -2, -2, 1, -1, -1, 19 ]
[ 37, 0, 0, 9, 1, 0, -16, 0, 1 ]
[ 1, -4, 0, 0, 37, 0, 0, 10, 1 ]
[ 9, 1, 0, -1, 4, 0, 2, 2, 1 ]
[ 16, 0, -1, 9, 1, 0, 5, 0, 2 ]
[ 1, -4, 0, 0, 10, 1, 0, 3, 4 ]
[ 2, 2, 1, -1, 4, 0, 1, -1, 4 ]
[ 9, 1, 0, 2, 2, 1, -4, -1, 2 ]
[ 1, 0, -7, 9, 1, 0, 0, 0, 37 ]
[ 5, 0, 2, 9, 1, 0, -1, 0, 7 ]
[ -1, 4, 0, 0, -1, 11, 0, 0, 37 ]
[ 1, -4, 0, 0, 3, 4, 0, -1, 11 ]
[ 0, 1, -11, -1, 4, 0, 0, 0, 37 ]
[ -1, 1, -4, 0, -1, 11, 0, 0, 37 ]
[ 1, -1, 4, -1, 4, 0, 0, -1, 11 ]
[ 0, -1, 11, 1, -1, 4, 0, 0, 37 ]
[ -2, -2, -1, 1, -1, 4, 0, -1, 11 ]
[ 4, 1, -2, -1, 0, 7, 0, 0, 37 ]
[ 4, 1, -2, 2, 2, 1, -1, 0, 7 ]
[ -1, 0, 7, -4, -1, 2, 0, 0, 37 ]
[ 9, 1, 0, -1, 0, 7, 0, 0, 37 ]
[ -9, -1, 0, -4, -1, 2, -1, 0, 7 ]
[ -1, -1, -19, 0, -1, 11, 0, 0, 37 ]
[ -2, -2, -1, 0, -1, 11, 1, 1, 19 ]
[ 1, 0, -7, 1, 1, 19, 0, 0, 37 ]
[ 1, 0, -7, 2, 2, 1, 1, 1, 19 ]
[ 37, 0, 0, -12, 1, 0, -16, 0, 1 ]
[ 1, 3, 0, 0, 37, 0, 0, 11, 1 ]
[ 12, -1, 0, 1, 3, 0, -4, -1, 1 ]
[ 16, 0, -1, -12, 1, 0, 5, 0, 2 ]
[ 1, 3, 0, 0, 11, 1, 0, -4, 3 ]
[ 4, 1, -1, 1, 3, 0, 1, -1, 3 ]
[ -12, 1, 0, -4, -1, 1, 5, 0, 2 ]
[ 1, 0, -7, -12, 1, 0, 0, 0, 37 ]
[ 5, 0, 2, -12, 1, 0, -1, 0, 7 ]
[ -1, -3, 0, 0, -1, 10, 0, 0, 37 ]
[ -1, -3, 0, 0, -4, 3, 0, -1, 10 ]
[ 0, -1, 10, 1, 3, 0, 0, 0, 37 ]
[ -1, 1, -3, 0, -1, 10, 0, 0, 37 ]
[ 1, -1, 3, 1, 3, 0, 0, -1, 10 ]
[ -1, 0, 7, 1, -1, 3, 0, 0, 37 ]
[ 4, 1, -1, -1, 0, 7, 0, 0, 37 ]
[ -4, -1, 1, 1, -1, 3, -1, 0, 7 ]
[ -1, 0, 7, -4, -1, 1, 0, 0, 37 ]
[ -5, 0, -2, -4, -1, 1, -1, 0, 7 ]
[ -12, 1, 0, -1, 0, 7, 0, 0, 37 ]
[ 12, -1, 0, 5, 0, 2, -1, 0, 7 ]
[ 37, 0, 0, 4, 1, 0, -16, 0, 1 ]
[ 1, -9, 0, 0, 37, 0, 0, 4, 1 ]
[ 4, 1, 0, -1, 9, 0, 0, 4, 1 ]
[ 16, 0, -1, 4, 1, 0, 5, 0, 2 ]
[ -1, 9, 0, 0, -1, 9, 0, 0, 37 ]
[ 1, -9, 0, 0, 4, 1, 0, -1, 9 ]
[ 0, 1, -9, -1, 9, 0, 0, 0, 37 ]
[ 0, 4, 1, -1, 9, 0, 0, -1, 9 ]
[ 4, 1, 0, 0, 4, 1, 1, -1, 2 ]
[ 1, 0, -7, 4, 1, 0, 0, 0, 37 ]
[ 5, 0, 2, 4, 1, 0, -1, 0, 7 ]
[ -1, 1, -2, 0, -1, 9, 0, 0, 37 ]
[ 1, -1, 2, 0, 4, 1, 0, -1, 9 ]
[ -1, 0, 7, 1, -1, 2, 0, 0, 37 ]
[ 4, 1, 0, -1, 0, 7, 0, 0, 37 ]
[ -4, -1, 0, 1, -1, 2, -1, 0, 7 ]
[ 37, 0, 0, -17, 1, 0, -16, 0, 1 ]
[ 17, -1, 0, 3, 2, 0, 1, -1, 1 ]
[ 16, 0, -1, -17, 1, 0, 5, 0, 2 ]
[ 1, 13, 0, 0, 37, 0, 0, -14, 1 ]
[ 3, 2, 0, 1, 13, 0, 1, -1, 1 ]
[ -1, 1, -1, -1, 0, 7, 0, 0, 37 ]
[ 1, -1, 1, 3, 2, 0, -1, 0, 7 ]
[ -17, 1, 0, 1, -1, 1, 5, 0, 2 ]
[ 1, 0, -7, -17, 1, 0, 0, 0, 37 ]
[ 5, 0, 2, -17, 1, 0, -1, 0, 7 ]
[ -1, -13, 0, 0, -14, 1, 0, -5, 3 ]
[ 1, -1, 1, 1, 13, 0, 0, -5, 3 ]
[ -1, 0, 7, 1, -1, 1, 0, 0, 37 ]
[ -3, -2, 0, 1, -1, 1, -1, 0, 7 ]
[ -1, -1, -22, 3, 2, 0, 0, 0, 37 ]
[ 1, 0, -7, 1, 1, 22, 0, 0, 37 ]
[ 1, 0, -7, 3, 2, 0, 1, 1, 22 ]
[ -1, 0, 7, 1, -1, 1, 0, 0, 37 ]
[ -5, 0, -2, 1, -1, 1, -1, 0, 7 ]
[ -17, 1, 0, -1, 0, 7, 0, 0, 37 ]
[ 17, -1, 0, 5, 0, 2, -1, 0, 7 ]
[ -1, -13, 0, 0, -1, 8, 0, 0, 37 ]
[ -1, -13, 0, 0, -5, 3, 0, -1, 8 ]
[ 0, -1, 8, 1, 13, 0, 0, 0, 37 ]
[ 0, -5, 3, 1, 13, 0, 0, -1, 8 ]
[ -1, 1, -1, 0, -1, 8, 0, 0, 37 ]
[ -1, 1, -1, 0, -5, 3, 0, -1, 8 ]
[ 1, 1, 22, -1, 0, 7, 0, 0, 37 ]
[ 3, 2, 0, 1, 1, 22, 0, 0, 37 ]
[ 3, 2, 0, -1, 0, 7, 1, 1, 22 ]
[ 1, -1, 0, 0, 37, 0, 0, -16, 1 ]
[ 37, 0, 0, -1, 1, 0, -16, 0, 1 ]
[ -1, 1, 0, 0, -16, 1, 0, 5, 2 ]
[ 16, 0, -1, -1, 1, 0, 5, 0, 2 ]
[ -1, 1, 0, 0, -1, 7, 0, 0, 37 ]
[ 1, -1, 0, 0, 5, 2, 0, -1, 7 ]
[ 1, 0, -7, -1, 1, 0, 0, 0, 37 ]
[ 5, 0, 2, -1, 1, 0, -1, 0, 7 ]
[ 37, 0, 0, 15, 1, 0, -16, 0, 1 ]
[ 15, 1, 0, -7, 2, 0, -1, 1, 1 ]
[ 16, 0, -1, 15, 1, 0, 5, 0, 2 ]
[ 1, 5, 0, 0, 37, 0, 0, 6, 1 ]
[ 7, -2, 0, 1, 5, 0, -1, 1, 1 ]
[ -1, 1, 1, -1, 0, 7, 0, 0, 37 ]
[ -1, 1, 1, -7, 2, 0, -1, 0, 7 ]
[ 15, 1, 0, -1, 1, 1, 5, 0, 2 ]
[ 1, 0, -7, 15, 1, 0, 0, 0, 37 ]
[ 5, 0, 2, 15, 1, 0, -1, 0, 7 ]
[ -1, -5, 0, 0, -1, 6, 0, 0, 37 ]
[ 1, 5, 0, 0, 6, 1, 0, -1, 6 ]
[ 0, -1, 6, 1, 5, 0, 0, 0, 37 ]
[ -1, 1, 1, 0, -1, 6, 0, 0, 37 ]
[ 1, -1, -1, 1, 5, 0, 0, -1, 6 ]
[ 1, 0, -7, -1, 1, 1, 0, 0, 37 ]
[ 7, -2, 0, -1, 1, 1, -1, 0, 7 ]
[ 4, -1, -22, -7, 2, 0, 0, 0, 37 ]
[ 1, 0, -7, -4, 1, 22, 0, 0, 37 ]
[ 1, 0, -7, -7, 2, 0, -4, 1, 22 ]
[ 1, 0, -7, -1, 1, 1, 0, 0, 37 ]
[ 5, 0, 2, -1, 1, 1, -1, 0, 7 ]
[ 15, 1, 0, -1, 0, 7, 0, 0, 37 ]
[ -15, -1, 0, 5, 0, 2, -1, 0, 7 ]
[ -4, 1, 22, -1, 0, 7, 0, 0, 37 ]
[ -7, 2, 0, -4, 1, 22, 0, 0, 37 ]
[ -7, 2, 0, -1, 0, 7, -4, 1, 22 ]
[ 37, 0, 0, -6, 1, 0, -16, 0, 1 ]
[ 1, 6, 0, 0, 37, 0, 0, -15, 1 ]
[ 6, -1, 0, 1, 6, 0, 2, -3, 1 ]
[ 16, 0, -1, -6, 1, 0, 5, 0, 2 ]
[ -1, -6, 0, 0, -15, 1, 0, 7, 2 ]
[ -2, 3, -1, -1, 1, 2, 0, 0, 37 ]
[ 2, -3, 1, 1, 6, 0, -1, 1, 2 ]
[ -1, 1, 2, 2, -3, 1, 0, 0, 37 ]
[ -6, 1, 0, 2, -3, 1, -1, 1, 2 ]
[ 1, 0, -7, -6, 1, 0, 0, 0, 37 ]
[ 5, 0, 2, -6, 1, 0, -1, 0, 7 ]
[ -1, -6, 0, 0, -1, 5, 0, 0, 37 ]
[ 1, 6, 0, 0, 7, 2, 0, -1, 5 ]
[ 0, -1, 5, 1, 6, 0, 0, 0, 37 ]
[ -1, 1, 2, 0, -1, 5, 0, 0, 37 ]
[ 1, -1, -2, 1, 6, 0, 0, -1, 5 ]
[ 1, 0, -7, -1, 1, 2, 0, 0, 37 ]
[ -6, 1, 0, -1, 0, 7, 0, 0, 37 ]
[ 6, -1, 0, -1, 1, 2, -1, 0, 7 ]
[ 37, 0, 0, 10, 1, 0, -16, 0, 1 ]
[ 10, 1, 0, 3, 4, 0, 4, 2, 1 ]
[ 16, 0, -1, 10, 1, 0, 5, 0, 2 ]
[ 1, -11, 0, 0, 37, 0, 0, 9, 1 ]
[ 3, 4, 0, -1, 11, 0, 1, -2, 1 ]
[ 4, 2, 1, 3, 4, 0, 0, -1, 4 ]
[ 10, 1, 0, 4, 2, 1, -5, -1, 2 ]
[ 1, 0, -7, 10, 1, 0, 0, 0, 37 ]
[ 5, 0, 2, 10, 1, 0, -1, 0, 7 ]
[ -1, 11, 0, 0, -1, 4, 0, 0, 37 ]
[ 1, -11, 0, 0, 9, 1, 0, -1, 4 ]
[ 0, 1, -4, -1, 11, 0, 0, 0, 37 ]
[ -1, 2, -1, 0, -1, 4, 0, 0, 37 ]
[ 1, -2, 1, -1, 11, 0, 0, -1, 4 ]
[ 0, -1, 4, 1, -2, 1, 0, 0, 37 ]
[ -3, -4, 0, 1, -2, 1, 0, -1, 4 ]
[ 1, 1, -11, 3, 4, 0, 0, 0, 37 ]
[ 0, 1, -4, -1, -1, 11, 0, 0, 37 ]
[ 0, -1, 4, 3, 4, 0, -1, -1, 11 ]
[ -1, -1, 11, 0, -1, 4, 0, 0, 37 ]
[ -4, -2, -1, 0, -1, 4, -1, -1, 11 ]
[ 5, 1, -2, -1, 0, 7, 0, 0, 37 ]
[ 5, 1, -2, 4, 2, 1, -1, 0, 7 ]
[ -1, 0, 7, -5, -1, 2, 0, 0, 37 ]
[ 10, 1, 0, -1, 0, 7, 0, 0, 37 ]
[ -10, -1, 0, -5, -1, 2, -1, 0, 7 ]
[ 3, 4, 0, -1, -1, 11, 0, 0, 37 ]
[ -3, -4, 0, 0, -1, 4, -1, -1, 11 ]
[ -1, -1, 11, 0, -1, 4, 0, 0, 37 ]
[ -2, -1, -19, -1, -1, 11, 0, 0, 37 ]
[ -4, -2, -1, -1, -1, 11, 2, 1, 19 ]
[ 1, 0, -7, 2, 1, 19, 0, 0, 37 ]
[ 1, 0, -7, 4, 2, 1, 2, 1, 19 ]
[ 37, 0, 0, -11, 1, 0, -16, 0, 1 ]
[ 11, -1, 0, 4, 3, 0, -5, -1, 1 ]
[ 16, 0, -1, -11, 1, 0, 5, 0, 2 ]
[ 1, 10, 0, 0, 37, 0, 0, 12, 1 ]
[ 4, 3, 0, 1, 10, 0, -1, 2, 1 ]
[ 5, 1, -1, 4, 3, 0, 0, -1, 3 ]
[ -11, 1, 0, -5, -1, 1, 5, 0, 2 ]
[ 1, 0, -7, -11, 1, 0, 0, 0, 37 ]
[ 5, 0, 2, -11, 1, 0, -1, 0, 7 ]
[ -1, -10, 0, 0, -1, 3, 0, 0, 37 ]
[ 1, 10, 0, 0, 12, 1, 0, -1, 3 ]
[ 0, -1, 3, 1, 10, 0, 0, 0, 37 ]
[ -1, 2, 1, 0, -1, 3, 0, 0, 37 ]
[ 1, -2, -1, 1, 10, 0, 0, -1, 3 ]
[ 0, 1, -3, -1, 2, 1, 0, 0, 37 ]
[ 4, 3, 0, -1, 2, 1, 0, -1, 3 ]
[ -1, -1, 10, 4, 3, 0, 0, 0, 37 ]
[ 0, 1, -3, -1, -1, 10, 0, 0, 37 ]
[ 0, -1, 3, 4, 3, 0, -1, -1, 10 ]
[ -1, 0, 7, 0, -1, 3, 0, 0, 37 ]
[ 5, 1, -1, -1, 0, 7, 0, 0, 37 ]
[ -5, -1, 1, 0, -1, 3, -1, 0, 7 ]
[ -1, 0, 7, -5, -1, 1, 0, 0, 37 ]
[ -5, 0, -2, -5, -1, 1, -1, 0, 7 ]
[ -11, 1, 0, -1, 0, 7, 0, 0, 37 ]
[ 11, -1, 0, 5, 0, 2, -1, 0, 7 ]
[ -1, -1, 10, 0, -1, 3, 0, 0, 37 ]
[ -4, -3, 0, -1, -1, 10, 0, 0, 37 ]
[ -4, -3, 0, 0, -1, 3, -1, -1, 10 ]
[ 37, 0, 0, 5, 1, 0, -16, 0, 1 ]
[ 1, -3, -1, -2, 7, 0, 0, 0, 37 ]
[ 5, 1, 0, -2, 7, 0, -1, 3, 1 ]
[ 16, 0, -1, 5, 1, 0, 5, 0, 2 ]
[ 1, -22, 0, 0, 37, 0, 0, 18, 1 ]
[ -2, 7, 0, 1, -4, 1, 0, 0, 37 ]
[ 2, -7, 0, -1, 22, 0, 1, -4, 1 ]
[ 0, 1, -2, -1, 3, 1, 0, 0, 37 ]
[ 5, 1, 0, -1, 3, 1, 0, -1, 2 ]
[ 1, 0, -7, 5, 1, 0, 0, 0, 37 ]
[ 5, 0, 2, 5, 1, 0, -1, 0, 7 ]
[ -1, 22, 0, 0, -1, 2, 0, 0, 37 ]
[ 1, -22, 0, 0, 18, 1, 0, -1, 2 ]
[ 0, 1, -2, -1, 22, 0, 0, 0, 37 ]
[ -1, 4, -1, 0, -1, 2, 0, 0, 37 ]
[ 1, -4, 1, -1, 22, 0, 0, -1, 2 ]
[ -1, 0, 7, 0, -1, 2, 0, 0, 37 ]
[ 5, 1, 0, -1, 0, 7, 0, 0, 37 ]
[ -5, -1, 0, 0, -1, 2, -1, 0, 7 ]
[ 37, 0, 0, -16, 1, 0, -16, 0, 1 ]
[ 16, -1, 0, 5, 2, 0, 0, -1, 1 ]
[ 16, 0, -1, -16, 1, 0, 5, 0, 2 ]
[ -1, 7, 0, 0, -1, 1, 0, 0, 37 ]
[ 1, -7, 0, 0, 37, 0, 0, -1, 1 ]
[ 0, 1, -1, -1, 7, 0, 0, 0, 37 ]
[ 5, 2, 0, -1, 7, 0, 0, -1, 1 ]
[ 0, 1, -1, -1, 0, 7, 0, 0, 37 ]
[ 0, -1, 1, 5, 2, 0, -1, 0, 7 ]
[ -16, 1, 0, 0, -1, 1, 5, 0, 2 ]
[ 1, 0, -7, -16, 1, 0, 0, 0, 37 ]
[ 5, 0, 2, -16, 1, 0, -1, 0, 7 ]
[ -1, 0, 7, 0, -1, 1, 0, 0, 37 ]
[ -5, -2, 0, 0, -1, 1, -1, 0, 7 ]
[ -2, -1, -22, 5, 2, 0, 0, 0, 37 ]
[ 1, 0, -7, 2, 1, 22, 0, 0, 37 ]
[ 1, 0, -7, 5, 2, 0, 2, 1, 22 ]
[ -1, 0, 7, 0, -1, 1, 0, 0, 37 ]
[ -5, 0, -2, 0, -1, 1, -1, 0, 7 ]
[ -16, 1, 0, -1, 0, 7, 0, 0, 37 ]
[ 16, -1, 0, 5, 0, 2, -1, 0, 7 ]
[ 2, 1, 22, -1, 0, 7, 0, 0, 37 ]
[ 5, 2, 0, 2, 1, 22, 0, 0, 37 ]
[ 5, 2, 0, -1, 0, 7, 2, 1, 22 ]
[ 37, 0, 0, 0, 1, 0, 6, 0, 1 ]
[ 1, 0, -6, 0, 1, 0, 0, 0, 37 ]
[ 6, 0, 1, 0, 1, 0, -1, 0, 6 ]
[ 37, 0, 0, -6, 1, 0, 6, 0, 1 ]
[ 1, 6, 0, 0, 1, 1, 0, 0, 37 ]
[ 1, 6, 0, 0, 37, 0, 0, 1, 1 ]
[ 0, -1, -1, 1, 6, 0, 0, 0, 37 ]
[ 6, -1, 0, 1, 6, 0, 0, 1, 1 ]
[ 1, 0, -6, -6, 1, 0, 0, 0, 37 ]
[ 6, 0, 1, -6, 1, 0, -1, 0, 6 ]
[ 1, 0, -6, 0, 1, 1, 0, 0, 37 ]
[ -6, 1, 0, -1, 0, 6, 0, 0, 37 ]
[ 6, -1, 0, 0, 1, 1, -1, 0, 6 ]
[ 37, 0, 0, -12, 1, 0, 6, 0, 1 ]
[ 1, 3, 0, 0, 37, 0, 0, -18, 1 ]
[ 12, -1, 0, 1, 3, 0, 6, 0, 1 ]
[ 1, 0, -6, -12, 1, 0, 0, 0, 37 ]
[ 6, 0, 1, -12, 1, 0, -1, 0, 6 ]
[ 1, 3, 0, 0, 1, 2, 0, 0, 37 ]
[ -1, -3, 0, 0, -18, 1, 0, 1, 2 ]
[ 0, -1, -2, 1, 3, 0, 0, 0, 37 ]
[ 6, 0, 1, 1, 3, 0, 0, 1, 2 ]
[ -12, 1, 0, -1, 0, 6, 0, 0, 37 ]
[ 12, -1, 0, 6, 0, 1, -1, 0, 6 ]
[ 1, 0, -6, 0, 1, 2, 0, 0, 37 ]
[ 6, 0, 1, 0, 1, 2, -1, 0, 6 ]
[ 37, 0, 0, -18, 1, 0, 6, 0, 1 ]
[ 1, 2, 0, 0, 37, 0, 0, -12, 1 ]
[ 18, -1, 0, 1, 2, 0, 6, 0, 1 ]
[ 1, 0, -6, -18, 1, 0, 0, 0, 37 ]
[ 6, 0, 1, -18, 1, 0, -1, 0, 6 ]
[ 1, 2, 0, 0, 1, 3, 0, 0, 37 ]
[ -1, -2, 0, 0, -12, 1, 0, 1, 3 ]
[ 0, -1, -3, 1, 2, 0, 0, 0, 37 ]
[ 6, 0, 1, 1, 2, 0, 0, 1, 3 ]
[ -18, 1, 0, -1, 0, 6, 0, 0, 37 ]
[ 18, -1, 0, 6, 0, 1, -1, 0, 6 ]
[ 1, 0, -6, 0, 1, 3, 0, 0, 37 ]
[ 6, 0, 1, 0, 1, 3, -1, 0, 6 ]
[ 37, 0, 0, 13, 1, 0, 6, 0, 1 ]
[ 13, 1, 0, 2, 3, 0, 6, 0, 1 ]
[ 1, 0, -6, 13, 1, 0, 0, 0, 37 ]
[ 6, 0, 1, 13, 1, 0, -1, 0, 6 ]
[ 1, 20, 0, 0, 37, 0, 0, -9, 1 ]
[ 2, 3, 0, 1, 20, 0, 0, -9, 1 ]
[ 1, 1, -2, 2, 3, 0, 0, 0, 37 ]
[ 6, 0, 1, 2, 3, 0, -1, -1, 2 ]
[ 13, 1, 0, -1, 0, 6, 0, 0, 37 ]
[ -13, -1, 0, 6, 0, 1, -1, 0, 6 ]
[ 1, 20, 0, 0, 1, 4, 0, 0, 37 ]
[ -1, -20, 0, 0, -9, 1, 0, 1, 4 ]
[ 0, -1, -4, 1, 20, 0, 0, 0, 37 ]
[ 0, -9, 1, 1, 20, 0, 0, 1, 4 ]
[ 2, 3, 0, 1, 2, 2, 0, 0, 37 ]
[ -2, -3, 0, 0, -9, 1, 1, 2, 2 ]
[ -1, 0, 6, -1, -1, 2, 0, 0, 37 ]
[ -6, 0, -1, -1, -1, 2, -1, 0, 6 ]
[ 1, 2, 2, 0, 1, 4, 0, 0, 37 ]
[ -1, -2, -2, 0, -9, 1, 0, 1, 4 ]
[ 37, 0, 0, 7, 1, 0, 6, 0, 1 ]
[ 7, 1, 0, -2, 5, 0, -1, -1, 1 ]
[ 1, 0, -6, 7, 1, 0, 0, 0, 37 ]
[ 6, 0, 1, 7, 1, 0, -1, 0, 6 ]
[ 1, -21, 0, 0, 37, 0, 0, 15, 1 ]
[ 2, -5, 0, -1, 21, 0, 1, -6, 1 ]
[ 1, 1, -1, 0, 1, 5, 0, 0, 37 ]
[ 1, 1, -1, -2, 5, 0, 0, 1, 5 ]
[ -1, 0, 6, -1, -1, 1, 0, 0, 37 ]
[ 7, 1, 0, -1, 0, 6, 0, 0, 37 ]
[ -7, -1, 0, -1, -1, 1, -1, 0, 6 ]
[ 1, -21, 0, 0, 15, 1, 0, -7, 2 ]
[ 1, -6, 1, -1, 21, 0, 0, -7, 2 ]
[ 0, -1, -5, 1, -6, 1, 0, 0, 37 ]
[ -2, 5, 0, 1, -6, 1, 0, 1, 5 ]
[ -1, 3, 21, -2, 5, 0, 0, 0, 37 ]
[ 0, 1, 5, -1, 3, 21, 0, 0, 37 ]
[ 0, 1, 5, -2, 5, 0, -1, 3, 21 ]
[ 1, -21, 0, 0, 1, 5, 0, 0, 37 ]
[ -1, 21, 0, 0, -7, 2, 0, 1, 5 ]
[ 0, 1, 5, -1, 21, 0, 0, 0, 37 ]
[ 0, 7, -2, -1, 21, 0, 0, 1, 5 ]
[ 1, -6, 1, 0, 1, 5, 0, 0, 37 ]
[ -1, 6, -1, 0, -7, 2, 0, 1, 5 ]
[ 1, -3, -21, 0, 1, 5, 0, 0, 37 ]
[ 2, -5, 0, -1, 3, 21, 0, 0, 37 ]
[ 2, -5, 0, 0, 1, 5, -1, 3, 21 ]
[ 1, 1, 0, 0, 37, 0, 0, -6, 1 ]
[ 37, 0, 0, 1, 1, 0, 6, 0, 1 ]
[ 1, 1, 0, 0, 1, 6, 0, 0, 37 ]
[ -1, -1, 0, 0, -6, 1, 0, 1, 6 ]
[ 1, 0, -6, 1, 1, 0, 0, 0, 37 ]
[ 6, 0, 1, 1, 1, 0, -1, 0, 6 ]
[ 37, 0, 0, -5, 1, 0, 6, 0, 1 ]
[ 5, -1, 0, 2, 7, 0, 1, 1, 1 ]
[ 1, 0, -6, -5, 1, 0, 0, 0, 37 ]
[ 6, 0, 1, -5, 1, 0, -1, 0, 6 ]
[ 1, 22, 0, 0, 37, 0, 0, 16, 1 ]
[ 2, 7, 0, 1, 22, 0, -1, -6, 1 ]
[ 1, 1, 1, 0, 1, 7, 0, 0, 37 ]
[ 1, 1, 1, 2, 7, 0, 0, 1, 7 ]
[ 1, 0, -6, 1, 1, 1, 0, 0, 37 ]
[ -5, 1, 0, -1, 0, 6, 0, 0, 37 ]
[ 5, -1, 0, 1, 1, 1, -1, 0, 6 ]
[ 1, 22, 0, 0, 16, 1, 0, -5, 2 ]
[ 1, 6, -1, 1, 22, 0, 0, -5, 2 ]
[ 0, 1, 7, -1, -6, 1, 0, 0, 37 ]
[ -2, -7, 0, -1, -6, 1, 0, 1, 7 ]
[ -1, -4, -22, 2, 7, 0, 0, 0, 37 ]
[ 0, -1, -7, 1, 4, 22, 0, 0, 37 ]
[ 0, -1, -7, 2, 7, 0, 1, 4, 22 ]
[ 1, 22, 0, 0, 1, 7, 0, 0, 37 ]
[ -1, -22, 0, 0, -5, 2, 0, 1, 7 ]
[ 0, -1, -7, 1, 22, 0, 0, 0, 37 ]
[ 0, -5, 2, 1, 22, 0, 0, 1, 7 ]
[ 1, 6, -1, 0, 1, 7, 0, 0, 37 ]
[ -1, -6, 1, 0, -5, 2, 0, 1, 7 ]
[ 1, 4, 22, 0, 1, 7, 0, 0, 37 ]
[ 2, 7, 0, 1, 4, 22, 0, 0, 37 ]
[ 2, 7, 0, 0, 1, 7, 1, 4, 22 ]
[ 37, 0, 0, -11, 1, 0, 6, 0, 1 ]
[ 11, -1, 0, 4, 3, 0, 6, 0, 1 ]
[ 1, 0, -6, -11, 1, 0, 0, 0, 37 ]
[ 6, 0, 1, -11, 1, 0, -1, 0, 6 ]
[ 1, 10, 0, 0, 37, 0, 0, 14, 1 ]
[ 4, 3, 0, 1, 10, 0, -2, -6, 1 ]
[ -1, -1, -2, 4, 3, 0, 0, 0, 37 ]
[ 6, 0, 1, 4, 3, 0, 1, 1, 2 ]
[ -11, 1, 0, -1, 0, 6, 0, 0, 37 ]
[ 11, -1, 0, 6, 0, 1, -1, 0, 6 ]
[ 1, 10, 0, 0, 14, 1, 0, 5, 3 ]
[ 2, 6, -1, 1, 10, 0, -1, -5, 3 ]
[ 4, 3, 0, 1, 1, 2, 0, 0, 37 ]
[ -4, -3, 0, -2, -6, 1, 1, 1, 2 ]
[ 1, 0, -6, 1, 1, 2, 0, 0, 37 ]
[ 6, 0, 1, 1, 1, 2, -1, 0, 6 ]
[ 1, 10, 0, 0, 1, 8, 0, 0, 37 ]
[ 1, 10, 0, 0, 5, 3, 0, 1, 8 ]
[ 0, -1, -8, 1, 10, 0, 0, 0, 37 ]
[ 1, 5, -3, 0, 1, 8, 0, 0, 37 ]
[ 1, 5, -3, 1, 10, 0, 0, 1, 8 ]
[ -1, -4, 11, -1, -5, 3, 0, 0, 37 ]
[ -2, -6, 1, -1, -5, 3, -1, -4, 11 ]
[ 1, 1, 2, 1, 2, 10, 0, 0, 37 ]
[ -1, -1, -2, -2, -6, 1, 1, 2, 10 ]
[ -1, -3, 19, -1, -4, 11, 0, 0, 37 ]
[ -2, -6, 1, -1, -4, 11, -1, -3, 19 ]
[ -1, -2, -10, -1, -3, 19, 0, 0, 37 ]
[ -1, -2, -10, -2, -6, 1, -1, -3, 19 ]
[ 37, 0, 0, -17, 1, 0, 6, 0, 1 ]
[ 17, -1, 0, 3, 2, 0, 6, 0, 1 ]
[ 1, 0, -6, -17, 1, 0, 0, 0, 37 ]
[ 6, 0, 1, -17, 1, 0, -1, 0, 6 ]
[ 1, 13, 0, 0, 37, 0, 0, -4, 1 ]
[ 3, 2, 0, 1, 13, 0, 0, -4, 1 ]
[ -1, -1, -3, 3, 2, 0, 0, 0, 37 ]
[ 6, 0, 1, 3, 2, 0, 1, 1, 3 ]
[ -17, 1, 0, -1, 0, 6, 0, 0, 37 ]
[ 17, -1, 0, 6, 0, 1, -1, 0, 6 ]
[ 1, 13, 0, 0, 1, 9, 0, 0, 37 ]
[ -1, -13, 0, 0, -4, 1, 0, 1, 9 ]
[ 0, -1, -9, 1, 13, 0, 0, 0, 37 ]
[ 0, -4, 1, 1, 13, 0, 0, 1, 9 ]
[ 3, 2, 0, 1, 1, 3, 0, 0, 37 ]
[ -3, -2, 0, 0, -4, 1, 1, 1, 3 ]
[ 1, 0, -6, 1, 1, 3, 0, 0, 37 ]
[ 6, 0, 1, 1, 1, 3, -1, 0, 6 ]
[ 1, 1, 3, 0, 1, 9, 0, 0, 37 ]
[ -1, -1, -3, 0, -4, 1, 0, 1, 9 ]
[ 37, 0, 0, 14, 1, 0, 6, 0, 1 ]
[ 14, 1, 0, 5, 3, 0, 6, 0, 1 ]
[ 1, 0, -6, 14, 1, 0, 0, 0, 37 ]
[ 6, 0, 1, 14, 1, 0, -1, 0, 6 ]
[ 1, 8, 0, 0, 37, 0, 0, -11, 1 ]
[ 5, 3, 0, 1, 8, 0, 1, -3, 1 ]
[ 2, 1, -2, 5, 3, 0, 0, 0, 37 ]
[ 6, 0, 1, 5, 3, 0, -2, -1, 2 ]
[ 14, 1, 0, -1, 0, 6, 0, 0, 37 ]
[ -14, -1, 0, 6, 0, 1, -1, 0, 6 ]
[ -1, -8, 0, 0, -11, 1, 0, 4, 3 ]
[ 1, -3, 1, 1, 8, 0, 0, 4, 3 ]
[ 5, 3, 0, -2, -1, 2, 0, 0, 37 ]
[ -5, -3, 0, 1, -3, 1, -2, -1, 2 ]
[ -1, 0, 6, -2, -1, 2, 0, 0, 37 ]
[ -6, 0, -1, -2, -1, 2, -1, 0, 6 ]
[ 1, 8, 0, 0, 1, 10, 0, 0, 37 ]
[ 1, 8, 0, 0, 4, 3, 0, 1, 10 ]
[ 0, -1, -10, 1, 8, 0, 0, 0, 37 ]
[ 0, -4, -3, 1, 8, 0, 0, 1, 10 ]
[ 1, -3, 1, 0, 1, 10, 0, 0, 37 ]
[ 1, -3, 1, 0, 4, 3, 0, 1, 10 ]
[ 2, 1, -2, -1, 0, 6, 0, 0, 37 ]
[ -2, -1, 2, 1, -3, 1, -1, 0, 6 ]
[ 0, -1, -10, 1, -3, 1, 0, 0, 37 ]
[ 1, 0, -6, 0, 1, 10, 0, 0, 37 ]
[ -1, 0, 6, 1, -3, 1, 0, 1, 10 ]
[ 37, 0, 0, 8, 1, 0, 6, 0, 1 ]
[ 8, 1, 0, 3, 5, 0, -2, -1, 1 ]
[ 1, 0, -6, 8, 1, 0, 0, 0, 37 ]
[ 6, 0, 1, 8, 1, 0, -1, 0, 6 ]
[ 1, 14, 0, 0, 37, 0, 0, -10, 1 ]
[ 3, 5, 0, 1, 14, 0, 1, 4, 1 ]
[ 2, 1, -1, 1, 1, 5, 0, 0, 37 ]
[ 2, 1, -1, 3, 5, 0, 1, 1, 5 ]
[ -1, 0, 6, -2, -1, 1, 0, 0, 37 ]
[ 8, 1, 0, -1, 0, 6, 0, 0, 37 ]
[ -8, -1, 0, -2, -1, 1, -1, 0, 6 ]
[ -1, -14, 0, 0, -10, 1, 0, -3, 4 ]
[ 1, 4, 1, 1, 14, 0, 0, -3, 4 ]
[ 3, 5, 0, 1, 4, 1, 1, 1, 5 ]
[ 2, 3, 21, 3, 5, 0, 0, 0, 37 ]
[ 1, 1, 5, 2, 3, 21, 0, 0, 37 ]
[ 1, 1, 5, 3, 5, 0, 2, 3, 21 ]
[ 1, 14, 0, 0, 1, 11, 0, 0, 37 ]
[ -1, -14, 0, 0, -3, 4, 0, 1, 11 ]
[ 0, -1, -11, 1, 14, 0, 0, 0, 37 ]
[ 0, -3, 4, 1, 14, 0, 0, 1, 11 ]
[ 1, 4, 1, 0, 1, 11, 0, 0, 37 ]
[ -1, -4, -1, 0, -3, 4, 0, 1, 11 ]
[ 0, -1, -11, 1, 4, 1, 0, 0, 37 ]
[ 1, 1, 5, 0, 1, 11, 0, 0, 37 ]
[ 1, 1, 5, 1, 4, 1, 0, 1, 11 ]
[ -2, -3, -21, 1, 1, 5, 0, 0, 37 ]
[ -3, -5, 0, 2, 3, 21, 0, 0, 37 ]
[ -3, -5, 0, 1, 1, 5, 2, 3, 21 ]
[ 37, 0, 0, 2, 1, 0, 6, 0, 1 ]
[ 1, 19, 0, 0, 37, 0, 0, -3, 1 ]
[ 2, 1, 0, 1, 19, 0, 0, -3, 1 ]
[ 1, 0, -6, 2, 1, 0, 0, 0, 37 ]
[ 6, 0, 1, 2, 1, 0, -1, 0, 6 ]
[ 1, 19, 0, 0, 1, 12, 0, 0, 37 ]
[ -1, -19, 0, 0, -3, 1, 0, 1, 12 ]
[ 0, -1, -12, 1, 19, 0, 0, 0, 37 ]
[ 0, -3, 1, 1, 19, 0, 0, 1, 12 ]
[ 2, 1, 0, 1, 1, 6, 0, 0, 37 ]
[ -2, -1, 0, 0, -3, 1, 1, 1, 6 ]
[ 1, 1, 6, 0, 1, 12, 0, 0, 37 ]
[ -1, -1, -6, 0, -3, 1, 0, 1, 12 ]
[ 37, 0, 0, -4, 1, 0, 6, 0, 1 ]
[ 1, 9, 0, 0, 37, 0, 0, -17, 1 ]
[ 4, -1, 0, 1, 9, 0, 2, 1, 1 ]
[ 1, 0, -6, -4, 1, 0, 0, 0, 37 ]
[ 6, 0, 1, -4, 1, 0, -1, 0, 6 ]
[ -1, -9, 0, 0, -17, 1, 0, 3, 2 ]
[ 2, 1, 1, 1, 9, 0, 0, 3, 2 ]
[ 1, 0, -6, 2, 1, 1, 0, 0, 37 ]
[ -4, 1, 0, -1, 0, 6, 0, 0, 37 ]
[ 4, -1, 0, 2, 1, 1, -1, 0, 6 ]
[ 1, 9, 0, 0, 1, 13, 0, 0, 37 ]
[ 1, 9, 0, 0, 3, 2, 0, 1, 13 ]
[ 0, -1, -13, 1, 9, 0, 0, 0, 37 ]
[ 0, -3, -2, 1, 9, 0, 0, 1, 13 ]
[ 2, 1, 1, 1, 1, 7, 0, 0, 37 ]
[ 2, 1, 1, 0, 3, 2, 1, 1, 7 ]
[ 1, 1, 7, 0, 1, 13, 0, 0, 37 ]
[ 1, 1, 7, 0, 3, 2, 0, 1, 13 ]
[ 37, 0, 0, -10, 1, 0, 6, 0, 1 ]
[ 10, -1, 0, -3, 4, 0, -4, 1, 1 ]
[ 1, 0, -6, -10, 1, 0, 0, 0, 37 ]
[ 6, 0, 1, -10, 1, 0, -1, 0, 6 ]
[ 1, 11, 0, 0, 37, 0, 0, 8, 1 ]
[ 3, -4, 0, 1, 11, 0, -1, -3, 1 ]
[ 4, -1, -1, -3, 4, 0, -2, 2, 3 ]
[ 1, 0, -6, -4, 1, 1, 0, 0, 37 ]
[ -10, 1, 0, -1, 0, 6, 0, 0, 37 ]
[ 10, -1, 0, -4, 1, 1, -1, 0, 6 ]
[ 1, 11, 0, 0, 8, 1, 0, 3, 5 ]
[ 1, 3, -1, 1, 11, 0, 0, 3, 5 ]
[ -3, 4, 0, -1, -3, 1, 1, -2, 3 ]
[ 1, -1, -20, -3, 4, 0, 0, 0, 37 ]
[ 2, -2, -3, -3, 4, 0, -1, 1, 20 ]
[ -4, 1, 1, -1, 0, 6, 0, 0, 37 ]
[ 4, -1, -1, -2, 2, 3, -1, 0, 6 ]
[ 1, 11, 0, 0, 1, 14, 0, 0, 37 ]
[ 1, 11, 0, 0, 3, 5, 0, 1, 14 ]
[ 0, -1, -14, 1, 11, 0, 0, 0, 37 ]
[ 0, -3, -5, 1, 11, 0, 0, 1, 14 ]
[ 1, 3, -1, 0, 1, 14, 0, 0, 37 ]
[ 1, 3, -1, 0, 3, 5, 0, 1, 14 ]
[ -1, 2, -3, -1, -3, 1, 0, -2, 9 ]
[ -1, 1, 20, 1, -2, 3, 0, 0, 37 ]
[ -3, 4, 0, -1, 1, 20, 0, 0, 37 ]
[ -3, 4, 0, 1, -2, 3, -1, 1, 20 ]
[ 1, 0, -6, -1, 1, 20, 0, 0, 37 ]
[ 1, 0, -6, -2, 2, 3, -1, 1, 20 ]
[ 0, 1, -23, -1, -3, 1, 0, 0, 37 ]
[ 0, 2, -9, -1, -3, 1, 0, -1, 23 ]
[ -1, 2, -3, 0, -1, 23, 0, 0, 37 ]
[ -1, 2, -3, 0, -2, 9, 0, -1, 23 ]
[ 37, 0, 0, -16, 1, 0, 6, 0, 1 ]
[ 16, -1, 0, 5, 2, 0, 6, 0, 1 ]
[ 1, 0, -6, -16, 1, 0, 0, 0, 37 ]
[ 6, 0, 1, -16, 1, 0, -1, 0, 6 ]
[ 1, -7, 0, 0, 37, 0, 0, 5, 1 ]
[ 5, 2, 0, -1, 7, 0, 1, -2, 1 ]
[ -2, -1, -3, 5, 2, 0, 0, 0, 37 ]
[ 6, 0, 1, 5, 2, 0, 2, 1, 3 ]
[ -16, 1, 0, -1, 0, 6, 0, 0, 37 ]
[ 16, -1, 0, 6, 0, 1, -1, 0, 6 ]
[ 1, -7, 0, 0, 5, 1, 0, -2, 7 ]
[ 1, -2, 1, -1, 7, 0, 0, -2, 7 ]
[ 5, 2, 0, 2, 1, 3, 0, 0, 37 ]
[ -5, -2, 0, 1, -2, 1, 2, 1, 3 ]
[ 1, 0, -6, 2, 1, 3, 0, 0, 37 ]
[ 6, 0, 1, 2, 1, 3, -1, 0, 6 ]
[ -1, 7, 0, 0, -1, 22, 0, 0, 37 ]
[ -1, 7, 0, 0, -2, 7, 0, -1, 22 ]
[ 0, 1, -22, -1, 7, 0, 0, 0, 37 ]
[ 0, 2, -7, -1, 7, 0, 0, -1, 22 ]
[ -1, 2, -1, 0, -1, 22, 0, 0, 37 ]
[ -1, 2, -1, 0, -2, 7, 0, -1, 22 ]
[ 2, 1, 3, -1, 0, 6, 0, 0, 37 ]
[ -2, -1, -3, 1, -2, 1, -1, 0, 6 ]
[ 0, -1, 22, 1, -2, 1, 0, 0, 37 ]
[ -1, 0, 6, 0, -1, 22, 0, 0, 37 ]
[ -1, 0, 6, 1, -2, 1, 0, -1, 22 ]
[ 37, 0, 0, 15, 1, 0, 6, 0, 1 ]
[ 15, 1, 0, -7, 2, 0, 6, 0, 1 ]
[ 1, 0, -6, 15, 1, 0, 0, 0, 37 ]
[ 6, 0, 1, 15, 1, 0, -1, 0, 6 ]
[ 1, 5, 0, 0, 37, 0, 0, 7, 1 ]
[ 7, -2, 0, 1, 5, 0, -1, 2, 1 ]
[ 4, -1, -3, -7, 2, 0, 0, 0, 37 ]
[ 6, 0, 1, -7, 2, 0, -4, 1, 3 ]
[ 15, 1, 0, -1, 0, 6, 0, 0, 37 ]
[ -15, -1, 0, 6, 0, 1, -1, 0, 6 ]
[ 1, 5, 0, 0, 7, 1, 0, -2, 5 ]
[ 1, -2, -1, 1, 5, 0, 0, -2, 5 ]
[ -7, 2, 0, 3, -1, 3, 0, 0, 37 ]
[ 7, -2, 0, -1, 2, 1, 3, -1, 3 ]
[ 1, 0, -6, -4, 1, 3, 0, 0, 37 ]
[ 6, 0, 1, -4, 1, 3, -1, 0, 6 ]
[ -1, -5, 0, 0, -1, 21, 0, 0, 37 ]
[ -1, -5, 0, 0, -2, 5, 0, -1, 21 ]
[ 0, -1, 21, 1, 5, 0, 0, 0, 37 ]
[ 0, -2, 5, 1, 5, 0, 0, -1, 21 ]
[ -1, 2, 1, 0, -1, 21, 0, 0, 37 ]
[ -1, 2, 1, 0, -2, 5, 0, -1, 21 ]
[ -3, 1, -3, -1, 0, 6, 0, 0, 37 ]
[ 3, -1, 3, -1, 2, 1, -1, 0, 6 ]
[ 1, -1, -22, -1, 2, 1, 0, 0, 37 ]
[ 1, 0, -6, -1, 1, 22, 0, 0, 37 ]
[ 1, 0, -6, -1, 2, 1, -1, 1, 22 ]
[ 37, 0, 0, 9, 1, 0, 6, 0, 1 ]
[ 1, -4, 0, 0, 37, 0, 0, -13, 1 ]
[ 9, 1, 0, -1, 4, 0, -3, -1, 1 ]
[ 1, 0, -6, 9, 1, 0, 0, 0, 37 ]
[ 6, 0, 1, 9, 1, 0, -1, 0, 6 ]
[ -1, 4, 0, 0, -13, 1, 0, -2, 3 ]
[ 3, 1, -1, -1, 4, 0, 0, -2, 3 ]
[ -1, 0, 6, -3, -1, 1, 0, 0, 37 ]
[ 9, 1, 0, -1, 0, 6, 0, 0, 37 ]
[ -9, -1, 0, -3, -1, 1, -1, 0, 6 ]
[ -1, 4, 0, 0, -1, 20, 0, 0, 37 ]
[ -1, 4, 0, 0, -2, 3, 0, -1, 20 ]
[ 0, 1, -20, -1, 4, 0, 0, 0, 37 ]
[ 0, 2, -3, -1, 4, 0, 0, -1, 20 ]
[ 3, 1, -1, -1, 0, 6, 0, 0, 37 ]
[ -3, -1, 1, 0, -2, 3, -1, 0, 6 ]
[ -1, 0, 6, 0, -1, 20, 0, 0, 37 ]
[ -1, 0, 6, 0, -2, 3, 0, -1, 20 ]
[ 37, 0, 0, 3, 1, 0, 6, 0, 1 ]
[ 1, -12, 0, 0, 37, 0, 0, -2, 1 ]
[ 3, 1, 0, -1, 12, 0, 0, -2, 1 ]
[ 1, 0, -6, 3, 1, 0, 0, 0, 37 ]
[ 6, 0, 1, 3, 1, 0, -1, 0, 6 ]
[ -1, 12, 0, 0, -1, 19, 0, 0, 37 ]
[ -1, 12, 0, 0, -2, 1, 0, -1, 19 ]
[ 0, 1, -19, -1, 12, 0, 0, 0, 37 ]
[ 0, 2, -1, -1, 12, 0, 0, -1, 19 ]
[ 3, 1, 0, -1, 0, 6, 0, 0, 37 ]
[ -3, -1, 0, 0, -2, 1, -1, 0, 6 ]
[ -1, 0, 6, 0, -1, 19, 0, 0, 37 ]
[ -1, 0, 6, 0, -2, 1, 0, -1, 19 ]
[ 37, 0, 0, -3, 1, 0, 6, 0, 1 ]
[ 1, 12, 0, 0, 37, 0, 0, 2, 1 ]
[ 3, -1, 0, 1, 12, 0, 0, 2, 1 ]
[ 1, 0, -6, -3, 1, 0, 0, 0, 37 ]
[ 6, 0, 1, -3, 1, 0, -1, 0, 6 ]
[ 1, 12, 0, 0, 1, 19, 0, 0, 37 ]
[ 1, 12, 0, 0, 2, 1, 0, 1, 19 ]
[ 0, -1, -19, 1, 12, 0, 0, 0, 37 ]
[ 0, -2, -1, 1, 12, 0, 0, 1, 19 ]
[ -3, 1, 0, -1, 0, 6, 0, 0, 37 ]
[ 3, -1, 0, 0, 2, 1, -1, 0, 6 ]
[ 1, 0, -6, 0, 1, 19, 0, 0, 37 ]
[ 1, 0, -6, 0, 2, 1, 0, 1, 19 ]
[ 37, 0, 0, -9, 1, 0, 6, 0, 1 ]
[ 1, 4, 0, 0, 37, 0, 0, 13, 1 ]
[ 9, -1, 0, 1, 4, 0, -3, 1, 1 ]
[ 1, 0, -6, -9, 1, 0, 0, 0, 37 ]
[ 6, 0, 1, -9, 1, 0, -1, 0, 6 ]
[ 1, 4, 0, 0, 13, 1, 0, 2, 3 ]
[ 3, -1, -1, 1, 4, 0, 0, 2, 3 ]
[ 1, 0, -6, -3, 1, 1, 0, 0, 37 ]
[ -9, 1, 0, -1, 0, 6, 0, 0, 37 ]
[ 9, -1, 0, -3, 1, 1, -1, 0, 6 ]
[ 1, 4, 0, 0, 1, 20, 0, 0, 37 ]
[ 1, 4, 0, 0, 2, 3, 0, 1, 20 ]
[ 0, -1, -20, 1, 4, 0, 0, 0, 37 ]
[ 0, -2, -3, 1, 4, 0, 0, 1, 20 ]
[ -3, 1, 1, -1, 0, 6, 0, 0, 37 ]
[ 3, -1, -1, 0, 2, 3, -1, 0, 6 ]
[ 1, 0, -6, 0, 1, 20, 0, 0, 37 ]
[ 1, 0, -6, 0, 2, 3, 0, 1, 20 ]
[ 37, 0, 0, -15, 1, 0, 6, 0, 1 ]
[ 15, -1, 0, 7, 2, 0, 6, 0, 1 ]
[ 1, 0, -6, -15, 1, 0, 0, 0, 37 ]
[ 6, 0, 1, -15, 1, 0, -1, 0, 6 ]
[ 1, -5, 0, 0, 37, 0, 0, -7, 1 ]
[ 7, 2, 0, -1, 5, 0, -1, -2, 1 ]
[ -3, -1, -3, 7, 2, 0, 0, 0, 37 ]
[ 6, 0, 1, 7, 2, 0, 3, 1, 3 ]
[ -15, 1, 0, -1, 0, 6, 0, 0, 37 ]
[ 15, -1, 0, 6, 0, 1, -1, 0, 6 ]
[ -1, 5, 0, 0, -7, 1, 0, 2, 5 ]
[ 1, 2, -1, -1, 5, 0, 0, 2, 5 ]
[ 7, 2, 0, 3, 1, 3, 0, 0, 37 ]
[ -7, -2, 0, -1, -2, 1, 3, 1, 3 ]
[ 1, 0, -6, 3, 1, 3, 0, 0, 37 ]
[ 6, 0, 1, 3, 1, 3, -1, 0, 6 ]
[ 1, -5, 0, 0, 1, 21, 0, 0, 37 ]
[ 1, -5, 0, 0, 2, 5, 0, 1, 21 ]
[ 0, 1, 21, -1, 5, 0, 0, 0, 37 ]
[ 0, 2, 5, -1, 5, 0, 0, 1, 21 ]
[ 1, 2, -1, 0, 1, 21, 0, 0, 37 ]
[ 1, 2, -1, 0, 2, 5, 0, 1, 21 ]
[ 3, 1, 3, -1, 0, 6, 0, 0, 37 ]
[ -3, -1, -3, -1, -2, 1, -1, 0, 6 ]
[ -1, -1, 22, -1, -2, 1, 0, 0, 37 ]
[ -1, 0, 6, -1, -1, 22, 0, 0, 37 ]
[ -1, 0, 6, -1, -2, 1, -1, -1, 22 ]
[ 37, 0, 0, 16, 1, 0, 6, 0, 1 ]
[ 16, 1, 0, -5, 2, 0, 6, 0, 1 ]
[ 1, 0, -6, 16, 1, 0, 0, 0, 37 ]
[ 6, 0, 1, 16, 1, 0, -1, 0, 6 ]
[ 1, 7, 0, 0, 37, 0, 0, -5, 1 ]
[ 5, -2, 0, 1, 7, 0, 1, 2, 1 ]
[ 3, -1, -3, -5, 2, 0, 0, 0, 37 ]
[ 6, 0, 1, -5, 2, 0, -3, 1, 3 ]
[ 16, 1, 0, -1, 0, 6, 0, 0, 37 ]
[ -16, -1, 0, 6, 0, 1, -1, 0, 6 ]
[ -1, -7, 0, 0, -5, 1, 0, 2, 7 ]
[ 1, 2, 1, 1, 7, 0, 0, 2, 7 ]
[ -5, 2, 0, 2, -1, 3, 0, 0, 37 ]
[ 5, -2, 0, 1, 2, 1, 2, -1, 3 ]
[ 1, 0, -6, -3, 1, 3, 0, 0, 37 ]
[ 6, 0, 1, -3, 1, 3, -1, 0, 6 ]
[ 1, 7, 0, 0, 1, 22, 0, 0, 37 ]
[ 1, 7, 0, 0, 2, 7, 0, 1, 22 ]
[ 0, -1, -22, 1, 7, 0, 0, 0, 37 ]
[ 0, -2, -7, 1, 7, 0, 0, 1, 22 ]
[ 1, 2, 1, 0, 1, 22, 0, 0, 37 ]
[ 1, 2, 1, 0, 2, 7, 0, 1, 22 ]
[ -2, 1, -3, -1, 0, 6, 0, 0, 37 ]
[ 2, -1, 3, 1, 2, 1, -1, 0, 6 ]
[ 0, -1, -22, 1, 2, 1, 0, 0, 37 ]
[ 1, 0, -6, 0, 1, 22, 0, 0, 37 ]
[ 1, 0, -6, 1, 2, 1, 0, 1, 22 ]
[ 37, 0, 0, 10, 1, 0, 6, 0, 1 ]
[ 10, 1, 0, 3, 4, 0, -4, -1, 1 ]
[ 1, 0, -6, 10, 1, 0, 0, 0, 37 ]
[ 6, 0, 1, 10, 1, 0, -1, 0, 6 ]
[ 1, -11, 0, 0, 37, 0, 0, -8, 1 ]
[ 3, 4, 0, -1, 11, 0, -1, 3, 1 ]
[ 4, 1, -1, 3, 4, 0, -2, -2, 3 ]
[ -1, 0, 6, -4, -1, 1, 0, 0, 37 ]
[ 10, 1, 0, -1, 0, 6, 0, 0, 37 ]
[ -10, -1, 0, -4, -1, 1, -1, 0, 6 ]
[ -1, 11, 0, 0, -8, 1, 0, -3, 5 ]
[ 1, -3, -1, -1, 11, 0, 0, -3, 5 ]
[ 3, 4, 0, -1, 3, 1, 1, 2, 3 ]
[ 1, 1, -20, 3, 4, 0, 0, 0, 37 ]
[ 2, 2, -3, 3, 4, 0, -1, -1, 20 ]
[ 4, 1, -1, -1, 0, 6, 0, 0, 37 ]
[ -4, -1, 1, -2, -2, 3, -1, 0, 6 ]
[ -1, 11, 0, 0, -1, 14, 0, 0, 37 ]
[ -1, 11, 0, 0, -3, 5, 0, -1, 14 ]
[ 0, 1, -14, -1, 11, 0, 0, 0, 37 ]
[ 0, 3, -5, -1, 11, 0, 0, -1, 14 ]
[ -1, 3, 1, 0, -1, 14, 0, 0, 37 ]
[ -1, 3, 1, 0, -3, 5, 0, -1, 14 ]
[ 1, 2, 3, -1, 3, 1, 0, 2, 9 ]
[ 2, 3, 20, 1, 2, 3, 0, 0, 37 ]
[ 3, 4, 0, 2, 3, 20, 0, 0, 37 ]
[ 3, 4, 0, 1, 2, 3, 2, 3, 20 ]
[ -1, 0, 6, -1, -1, 20, 0, 0, 37 ]
[ -1, 0, 6, -2, -2, 3, -1, -1, 20 ]
[ 0, 1, 23, -1, 3, 1, 0, 0, 37 ]
[ 0, 2, 9, -1, 3, 1, 0, 1, 23 ]
[ 1, 2, 3, 0, 1, 23, 0, 0, 37 ]
[ 1, 2, 3, 0, 2, 9, 0, 1, 23 ]
[ 37, 0, 0, 4, 1, 0, 6, 0, 1 ]
[ 1, -9, 0, 0, 37, 0, 0, 17, 1 ]
[ 4, 1, 0, -1, 9, 0, 2, -1, 1 ]
[ 1, 0, -6, 4, 1, 0, 0, 0, 37 ]
[ 6, 0, 1, 4, 1, 0, -1, 0, 6 ]
[ 1, -9, 0, 0, 17, 1, 0, -3, 2 ]
[ 2, -1, 1, -1, 9, 0, 0, -3, 2 ]
[ -1, 0, 6, 2, -1, 1, 0, 0, 37 ]
[ 4, 1, 0, -1, 0, 6, 0, 0, 37 ]
[ -4, -1, 0, 2, -1, 1, -1, 0, 6 ]
[ -1, 9, 0, 0, -1, 13, 0, 0, 37 ]
[ -1, 9, 0, 0, -3, 2, 0, -1, 13 ]
[ 0, 1, -13, -1, 9, 0, 0, 0, 37 ]
[ 0, 3, -2, -1, 9, 0, 0, -1, 13 ]
[ -2, 1, -1, 1, -1, 7, 0, 0, 37 ]
[ -2, 1, -1, 0, -3, 2, 1, -1, 7 ]
[ -1, 1, -7, 0, -1, 13, 0, 0, 37 ]
[ -1, 1, -7, 0, -3, 2, 0, -1, 13 ]
[ 37, 0, 0, -2, 1, 0, 6, 0, 1 ]
[ 1, -19, 0, 0, 37, 0, 0, 3, 1 ]
[ 2, -1, 0, -1, 19, 0, 0, 3, 1 ]
[ 1, 0, -6, -2, 1, 0, 0, 0, 37 ]
[ 6, 0, 1, -2, 1, 0, -1, 0, 6 ]
[ -1, 19, 0, 0, -1, 12, 0, 0, 37 ]
[ 1, -19, 0, 0, 3, 1, 0, -1, 12 ]
[ 0, 1, -12, -1, 19, 0, 0, 0, 37 ]
[ 0, 3, 1, -1, 19, 0, 0, -1, 12 ]
[ -2, 1, 0, -1, 0, 6, 0, 0, 37 ]
[ 2, -1, 0, 0, 3, 1, -1, 0, 6 ]
[ -1, 0, 6, 0, -1, 12, 0, 0, 37 ]
[ 1, 0, -6, 0, 3, 1, 0, -1, 12 ]
[ 37, 0, 0, -8, 1, 0, 6, 0, 1 ]
[ 8, -1, 0, -3, 5, 0, -2, 1, 1 ]
[ 1, 0, -6, -8, 1, 0, 0, 0, 37 ]
[ 6, 0, 1, -8, 1, 0, -1, 0, 6 ]
[ 1, -14, 0, 0, 37, 0, 0, 10, 1 ]
[ 3, -5, 0, -1, 14, 0, 1, -4, 1 ]
[ -2, 1, 1, 1, -1, 5, 0, 0, 37 ]
[ 2, -1, -1, -3, 5, 0, 1, -1, 5 ]
[ 1, 0, -6, -2, 1, 1, 0, 0, 37 ]
[ -8, 1, 0, -1, 0, 6, 0, 0, 37 ]
[ 8, -1, 0, -2, 1, 1, -1, 0, 6 ]
[ 1, -14, 0, 0, 10, 1, 0, 3, 4 ]
[ 1, -4, 1, -1, 14, 0, 0, 3, 4 ]
[ -3, 5, 0, 1, -4, 1, 1, -1, 5 ]
[ -1, 2, 21, -3, 5, 0, 0, 0, 37 ]
[ 1, -1, 5, -1, 2, 21, 0, 0, 37 ]
[ 1, -1, 5, -3, 5, 0, -1, 2, 21 ]
[ -1, 14, 0, 0, -1, 11, 0, 0, 37 ]
[ 1, -14, 0, 0, 3, 4, 0, -1, 11 ]
[ 0, 1, -11, -1, 14, 0, 0, 0, 37 ]
[ 0, 3, 4, -1, 14, 0, 0, -1, 11 ]
[ -1, 4, -1, 0, -1, 11, 0, 0, 37 ]
[ 1, -4, 1, 0, 3, 4, 0, -1, 11 ]
[ 0, -1, 11, 1, -4, 1, 0, 0, 37 ]
[ -1, 1, -5, 0, -1, 11, 0, 0, 37 ]
[ -1, 1, -5, 1, -4, 1, 0, -1, 11 ]
[ 1, -2, -21, 1, -1, 5, 0, 0, 37 ]
[ 3, -5, 0, -1, 2, 21, 0, 0, 37 ]
[ 3, -5, 0, 1, -1, 5, -1, 2, 21 ]
[ 37, 0, 0, -14, 1, 0, 6, 0, 1 ]
[ 14, -1, 0, -5, 3, 0, 6, 0, 1 ]
[ 1, 0, -6, -14, 1, 0, 0, 0, 37 ]
[ 6, 0, 1, -14, 1, 0, -1, 0, 6 ]
[ 1, -8, 0, 0, 37, 0, 0, 11, 1 ]
[ 5, -3, 0, -1, 8, 0, 1, 3, 1 ]
[ 2, -1, -2, -5, 3, 0, 0, 0, 37 ]
[ 6, 0, 1, -5, 3, 0, -2, 1, 2 ]
[ -14, 1, 0, -1, 0, 6, 0, 0, 37 ]
[ 14, -1, 0, 6, 0, 1, -1, 0, 6 ]
[ 1, -8, 0, 0, 11, 1, 0, -4, 3 ]
[ 1, 3, 1, -1, 8, 0, 0, -4, 3 ]
[ -5, 3, 0, -2, 1, 2, 0, 0, 37 ]
[ 5, -3, 0, 1, 3, 1, -2, 1, 2 ]
[ 1, 0, -6, -2, 1, 2, 0, 0, 37 ]
[ 6, 0, 1, -2, 1, 2, -1, 0, 6 ]
[ -1, 8, 0, 0, -1, 10, 0, 0, 37 ]
[ -1, 8, 0, 0, -4, 3, 0, -1, 10 ]
[ 0, 1, -10, -1, 8, 0, 0, 0, 37 ]
[ 0, 4, -3, -1, 8, 0, 0, -1, 10 ]
[ -1, -3, -1, 0, -1, 10, 0, 0, 37 ]
[ -1, -3, -1, 0, -4, 3, 0, -1, 10 ]
[ -2, 1, 2, -1, 0, 6, 0, 0, 37 ]
[ 2, -1, -2, 1, 3, 1, -1, 0, 6 ]
[ 0, -1, 10, 1, 3, 1, 0, 0, 37 ]
[ -1, 0, 6, 0, -1, 10, 0, 0, 37 ]
[ 1, 0, -6, 1, 3, 1, 0, -1, 10 ]
[ 37, 0, 0, 17, 1, 0, 6, 0, 1 ]
[ 17, 1, 0, -3, 2, 0, 6, 0, 1 ]
[ 1, 0, -6, 17, 1, 0, 0, 0, 37 ]
[ 6, 0, 1, 17, 1, 0, -1, 0, 6 ]
[ 1, -13, 0, 0, 37, 0, 0, 4, 1 ]
[ 3, -2, 0, -1, 13, 0, 0, 4, 1 ]
[ 2, -1, -3, -3, 2, 0, 0, 0, 37 ]
[ 6, 0, 1, -3, 2, 0, -2, 1, 3 ]
[ 17, 1, 0, -1, 0, 6, 0, 0, 37 ]
[ -17, -1, 0, 6, 0, 1, -1, 0, 6 ]
[ -1, 13, 0, 0, -1, 9, 0, 0, 37 ]
[ 1, -13, 0, 0, 4, 1, 0, -1, 9 ]
[ 0, 1, -9, -1, 13, 0, 0, 0, 37 ]
[ 0, 4, 1, -1, 13, 0, 0, -1, 9 ]
[ -3, 2, 0, 1, -1, 3, 0, 0, 37 ]
[ 3, -2, 0, 0, 4, 1, 1, -1, 3 ]
[ 1, 0, -6, -2, 1, 3, 0, 0, 37 ]
[ 6, 0, 1, -2, 1, 3, -1, 0, 6 ]
[ -1, 1, -3, 0, -1, 9, 0, 0, 37 ]
[ 1, -1, 3, 0, 4, 1, 0, -1, 9 ]
[ 37, 0, 0, 11, 1, 0, 6, 0, 1 ]
[ 11, 1, 0, -4, 3, 0, 6, 0, 1 ]
[ 1, 0, -6, 11, 1, 0, 0, 0, 37 ]
[ 6, 0, 1, 11, 1, 0, -1, 0, 6 ]
[ 1, -10, 0, 0, 37, 0, 0, -14, 1 ]
[ 4, -3, 0, -1, 10, 0, -2, 6, 1 ]
[ -1, 1, -2, -4, 3, 0, 0, 0, 37 ]
[ 6, 0, 1, -4, 3, 0, 1, -1, 2 ]
[ 11, 1, 0, -1, 0, 6, 0, 0, 37 ]
[ -11, -1, 0, 6, 0, 1, -1, 0, 6 ]
[ -1, 10, 0, 0, -14, 1, 0, -5, 3 ]
[ 2, -6, -1, -1, 10, 0, -1, 5, 3 ]
[ -4, 3, 0, 1, -1, 2, 0, 0, 37 ]
[ 4, -3, 0, -2, 6, 1, 1, -1, 2 ]
[ -1, 0, 6, 1, -1, 2, 0, 0, 37 ]
[ -6, 0, -1, 1, -1, 2, -1, 0, 6 ]
[ -1, 10, 0, 0, -1, 8, 0, 0, 37 ]
[ -1, 10, 0, 0, -5, 3, 0, -1, 8 ]
[ 0, 1, -8, -1, 10, 0, 0, 0, 37 ]
[ -1, 5, 3, 0, -1, 8, 0, 0, 37 ]
[ 1, -5, -3, -1, 10, 0, 0, -1, 8 ]
[ 1, -4, -11, -1, 5, 3, 0, 0, 37 ]
[ 2, -6, -1, -1, 5, 3, -1, 4, 11 ]
[ -1, 1, -2, 1, -2, 10, 0, 0, 37 ]
[ 1, -1, 2, -2, 6, 1, 1, -2, 10 ]
[ 1, -3, -19, -1, 4, 11, 0, 0, 37 ]
[ 2, -6, -1, -1, 4, 11, -1, 3, 19 ]
[ 1, -2, 10, -1, 3, 19, 0, 0, 37 ]
[ 1, -2, 10, -2, 6, 1, -1, 3, 19 ]
[ 37, 0, 0, 5, 1, 0, 6, 0, 1 ]
[ 5, 1, 0, -2, 7, 0, 1, -1, 1 ]
[ 1, 0, -6, 5, 1, 0, 0, 0, 37 ]
[ 6, 0, 1, 5, 1, 0, -1, 0, 6 ]
[ 1, -22, 0, 0, 37, 0, 0, -16, 1 ]
[ 2, -7, 0, -1, 22, 0, -1, 6, 1 ]
[ -1, 1, -1, 0, -1, 7, 0, 0, 37 ]
[ 1, -1, 1, -2, 7, 0, 0, -1, 7 ]
[ -1, 0, 6, 1, -1, 1, 0, 0, 37 ]
[ 5, 1, 0, -1, 0, 6, 0, 0, 37 ]
[ -5, -1, 0, 1, -1, 1, -1, 0, 6 ]
[ -1, 22, 0, 0, -16, 1, 0, 5, 2 ]
[ 1, -6, -1, -1, 22, 0, 0, 5, 2 ]
[ 0, 1, -7, -1, 6, 1, 0, 0, 37 ]
[ 2, -7, 0, -1, 6, 1, 0, -1, 7 ]
[ 1, -3, -22, -2, 7, 0, 0, 0, 37 ]
[ 0, 1, -7, -1, 3, 22, 0, 0, 37 ]
[ 0, 1, -7, -2, 7, 0, -1, 3, 22 ]
[ -1, 22, 0, 0, -1, 7, 0, 0, 37 ]
[ 1, -22, 0, 0, 5, 2, 0, -1, 7 ]
[ 0, 1, -7, -1, 22, 0, 0, 0, 37 ]
[ 0, 5, 2, -1, 22, 0, 0, -1, 7 ]
[ -1, 6, 1, 0, -1, 7, 0, 0, 37 ]
[ 1, -6, -1, 0, 5, 2, 0, -1, 7 ]
[ -1, 3, 22, 0, -1, 7, 0, 0, 37 ]
[ -2, 7, 0, -1, 3, 22, 0, 0, 37 ]
[ -2, 7, 0, 0, -1, 7, -1, 3, 22 ]
[ 1, -1, 0, 0, 37, 0, 0, 6, 1 ]
[ 37, 0, 0, -1, 1, 0, 6, 0, 1 ]
[ -1, 1, 0, 0, -1, 6, 0, 0, 37 ]
[ 1, -1, 0, 0, 6, 1, 0, -1, 6 ]
[ 1, 0, -6, -1, 1, 0, 0, 0, 37 ]
[ 6, 0, 1, -1, 1, 0, -1, 0, 6 ]
[ 37, 0, 0, -7, 1, 0, 6, 0, 1 ]
[ 7, -1, 0, 2, 5, 0, -1, 1, 1 ]
[ 1, 0, -6, -7, 1, 0, 0, 0, 37 ]
[ 6, 0, 1, -7, 1, 0, -1, 0, 6 ]
[ 1, 21, 0, 0, 37, 0, 0, -15, 1 ]
[ 2, 5, 0, 1, 21, 0, 1, 6, 1 ]
[ -1, 1, 1, 0, -1, 5, 0, 0, 37 ]
[ 1, -1, -1, 2, 5, 0, 0, -1, 5 ]
[ 1, 0, -6, -1, 1, 1, 0, 0, 37 ]
[ -7, 1, 0, -1, 0, 6, 0, 0, 37 ]
[ 7, -1, 0, -1, 1, 1, -1, 0, 6 ]
[ -1, -21, 0, 0, -15, 1, 0, 7, 2 ]
[ 1, 6, 1, 1, 21, 0, 0, 7, 2 ]
[ 0, -1, 5, 1, 6, 1, 0, 0, 37 ]
[ 2, 5, 0, 1, 6, 1, 0, -1, 5 ]
[ 1, 2, 21, 2, 5, 0, 0, 0, 37 ]
[ 0, -1, 5, 1, 2, 21, 0, 0, 37 ]
[ 0, -1, 5, 2, 5, 0, 1, 2, 21 ]
[ -1, -21, 0, 0, -1, 5, 0, 0, 37 ]
[ 1, 21, 0, 0, 7, 2, 0, -1, 5 ]
[ 0, -1, 5, 1, 21, 0, 0, 0, 37 ]
[ 0, -7, -2, 1, 21, 0, 0, -1, 5 ]
[ -1, -6, -1, 0, -1, 5, 0, 0, 37 ]
[ 1, 6, 1, 0, 7, 2, 0, -1, 5 ]
[ -1, -2, -21, 0, -1, 5, 0, 0, 37 ]
[ -2, -5, 0, 1, 2, 21, 0, 0, 37 ]
[ -2, -5, 0, 0, -1, 5, 1, 2, 21 ]
[ 37, 0, 0, -13, 1, 0, 6, 0, 1 ]
[ 13, -1, 0, -2, 3, 0, 6, 0, 1 ]
[ 1, 0, -6, -13, 1, 0, 0, 0, 37 ]
[ 6, 0, 1, -13, 1, 0, -1, 0, 6 ]
[ 1, -20, 0, 0, 37, 0, 0, 9, 1 ]
[ 2, -3, 0, -1, 20, 0, 0, 9, 1 ]
[ 1, -1, -2, -2, 3, 0, 0, 0, 37 ]
[ 6, 0, 1, -2, 3, 0, -1, 1, 2 ]
[ -13, 1, 0, -1, 0, 6, 0, 0, 37 ]
[ 13, -1, 0, 6, 0, 1, -1, 0, 6 ]
[ -1, 20, 0, 0, -1, 4, 0, 0, 37 ]
[ 1, -20, 0, 0, 9, 1, 0, -1, 4 ]
[ 0, 1, -4, -1, 20, 0, 0, 0, 37 ]
[ 0, 9, 1, -1, 20, 0, 0, -1, 4 ]
[ -2, 3, 0, -1, 1, 2, 0, 0, 37 ]
[ 2, -3, 0, 0, 9, 1, -1, 1, 2 ]
[ 1, 0, -6, -1, 1, 2, 0, 0, 37 ]
[ 6, 0, 1, -1, 1, 2, -1, 0, 6 ]
[ -1, 1, 2, 0, -1, 4, 0, 0, 37 ]
[ 1, -1, -2, 0, 9, 1, 0, -1, 4 ]
[ 37, 0, 0, 18, 1, 0, 6, 0, 1 ]
[ 1, -2, 0, 0, 37, 0, 0, 12, 1 ]
[ 18, 1, 0, -1, 2, 0, 6, 0, 1 ]
[ 1, 0, -6, 18, 1, 0, 0, 0, 37 ]
[ 6, 0, 1, 18, 1, 0, -1, 0, 6 ]
[ -1, 2, 0, 0, -1, 3, 0, 0, 37 ]
[ 1, -2, 0, 0, 12, 1, 0, -1, 3 ]
[ 1, -1, -3, -1, 2, 0, 0, 0, 37 ]
[ 6, 0, 1, -1, 2, 0, -1, 1, 3 ]
[ 18, 1, 0, -1, 0, 6, 0, 0, 37 ]
[ -18, -1, 0, 6, 0, 1, -1, 0, 6 ]
[ 1, 0, -6, -1, 1, 3, 0, 0, 37 ]
[ 6, 0, 1, -1, 1, 3, -1, 0, 6 ]
[ 37, 0, 0, 12, 1, 0, 6, 0, 1 ]
[ 1, -3, 0, 0, 37, 0, 0, 18, 1 ]
[ 12, 1, 0, -1, 3, 0, 6, 0, 1 ]
[ 1, 0, -6, 12, 1, 0, 0, 0, 37 ]
[ 6, 0, 1, 12, 1, 0, -1, 0, 6 ]
[ -1, 3, 0, 0, -1, 2, 0, 0, 37 ]
[ 1, -3, 0, 0, 18, 1, 0, -1, 2 ]
[ 0, 1, -2, -1, 3, 0, 0, 0, 37 ]
[ 6, 0, 1, -1, 3, 0, 0, -1, 2 ]
[ 12, 1, 0, -1, 0, 6, 0, 0, 37 ]
[ -12, -1, 0, 6, 0, 1, -1, 0, 6 ]
[ -1, 0, 6, 0, -1, 2, 0, 0, 37 ]
[ -6, 0, -1, 0, -1, 2, -1, 0, 6 ]
[ 37, 0, 0, 6, 1, 0, 6, 0, 1 ]
[ -1, 6, 0, 0, -1, 1, 0, 0, 37 ]
[ 1, -6, 0, 0, 37, 0, 0, -1, 1 ]
[ 0, 1, -1, -1, 6, 0, 0, 0, 37 ]
[ 6, 1, 0, -1, 6, 0, 0, -1, 1 ]
[ 1, 0, -6, 6, 1, 0, 0, 0, 37 ]
[ 6, 0, 1, 6, 1, 0, -1, 0, 6 ]
[ -1, 0, 6, 0, -1, 1, 0, 0, 37 ]
[ 6, 1, 0, -1, 0, 6, 0, 0, 37 ]
[ -6, -1, 0, 0, -1, 1, -1, 0, 6 ]
[ 37, 0, 0, 0, 1, 0, -15, 0, 1 ]
[ 15, 0, -1, 0, 1, 0, 7, 0, 2 ]
[ 1, 0, -5, 0, 1, 0, 0, 0, 37 ]
[ 7, 0, 2, 0, 1, 0, -1, 0, 5 ]
[ 37, 0, 0, 15, 1, 0, -15, 0, 1 ]
[ 15, 1, 0, -7, 2, 0, 0, 1, 1 ]
[ 15, 0, -1, 15, 1, 0, 7, 0, 2 ]
[ 1, 5, 0, 0, 1, 1, 0, 0, 37 ]
[ 1, 5, 0, 0, 37, 0, 0, 1, 1 ]
[ 0, -1, -1, 1, 5, 0, 0, 0, 37 ]
[ 7, -2, 0, 1, 5, 0, 0, 1, 1 ]
[ 0, 1, 1, -1, 0, 5, 0, 0, 37 ]
[ 0, 1, 1, -7, 2, 0, -1, 0, 5 ]
[ 15, 1, 0, 0, 1, 1, 7, 0, 2 ]
[ 1, 0, -5, 15, 1, 0, 0, 0, 37 ]
[ 7, 0, 2, 15, 1, 0, -1, 0, 5 ]
[ 1, 0, -5, 0, 1, 1, 0, 0, 37 ]
[ 7, -2, 0, 0, 1, 1, -1, 0, 5 ]
[ 4, -1, -21, -7, 2, 0, 0, 0, 37 ]
[ 1, 0, -5, -4, 1, 21, 0, 0, 37 ]
[ 1, 0, -5, -7, 2, 0, -4, 1, 21 ]
[ 1, 0, -5, 0, 1, 1, 0, 0, 37 ]
[ 7, 0, 2, 0, 1, 1, -1, 0, 5 ]
[ 15, 1, 0, -1, 0, 5, 0, 0, 37 ]
[ -15, -1, 0, 7, 0, 2, -1, 0, 5 ]
[ -4, 1, 21, -1, 0, 5, 0, 0, 37 ]
[ -7, 2, 0, -4, 1, 21, 0, 0, 37 ]
[ -7, 2, 0, -1, 0, 5, -4, 1, 21 ]
[ 37, 0, 0, -7, 1, 0, -15, 0, 1 ]
[ 1, 2, -1, 2, 5, 0, 0, 0, 37 ]
[ 7, -1, 0, 2, 5, 0, -1, -2, 1 ]
[ 15, 0, -1, -7, 1, 0, 7, 0, 2 ]
[ 1, 21, 0, 0, 37, 0, 0, -18, 1 ]
[ 2, 5, 0, 1, 3, 1, 0, 0, 37 ]
[ 2, 5, 0, 1, 21, 0, 1, 3, 1 ]
[ 0, 1, 2, -1, -2, 1, 0, 0, 37 ]
[ -7, 1, 0, -1, -2, 1, 0, 1, 2 ]
[ 1, 0, -5, -7, 1, 0, 0, 0, 37 ]
[ 7, 0, 2, -7, 1, 0, -1, 0, 5 ]
[ 1, 21, 0, 0, 1, 2, 0, 0, 37 ]
[ -1, -21, 0, 0, -18, 1, 0, 1, 2 ]
[ 0, -1, -2, 1, 21, 0, 0, 0, 37 ]
[ 1, 3, 1, 0, 1, 2, 0, 0, 37 ]
[ 1, 3, 1, 1, 21, 0, 0, 1, 2 ]
[ 1, 0, -5, 0, 1, 2, 0, 0, 37 ]
[ -7, 1, 0, -1, 0, 5, 0, 0, 37 ]
[ 7, -1, 0, 0, 1, 2, -1, 0, 5 ]
[ 37, 0, 0, 8, 1, 0, -15, 0, 1 ]
[ -1, -2, -1, 3, 5, 0, 0, 0, 37 ]
[ 8, 1, 0, 3, 5, 0, 1, 2, 1 ]
[ 15, 0, -1, 8, 1, 0, 7, 0, 2 ]
[ 1, 14, 0, 0, 37, 0, 0, -12, 1 ]
[ 3, 5, 0, 1, 2, 1, 0, 0, 37 ]
[ 3, 5, 0, 1, 14, 0, 1, 2, 1 ]
[ 1, 1, -2, 1, 2, 1, 0, 0, 37 ]
[ 8, 1, 0, 1, 2, 1, -1, -1, 2 ]
[ 1, 0, -5, 8, 1, 0, 0, 0, 37 ]
[ 7, 0, 2, 8, 1, 0, -1, 0, 5 ]
[ 1, 14, 0, 0, 1, 3, 0, 0, 37 ]
[ -1, -14, 0, 0, -12, 1, 0, 1, 3 ]
[ 0, -1, -3, 1, 14, 0, 0, 0, 37 ]
[ 1, 2, 1, 0, 1, 3, 0, 0, 37 ]
[ 1, 2, 1, 1, 14, 0, 0, 1, 3 ]
[ -1, 0, 5, -1, -1, 2, 0, 0, 37 ]
[ 8, 1, 0, -1, 0, 5, 0, 0, 37 ]
[ -8, -1, 0, -1, -1, 2, -1, 0, 5 ]
[ 37, 0, 0, -14, 1, 0, -15, 0, 1 ]
[ 14, -1, 0, -5, 3, 0, -1, -1, 1 ]
[ 15, 0, -1, -14, 1, 0, 7, 0, 2 ]
[ 1, -8, 0, 0, 37, 0, 0, -9, 1 ]
[ 5, -3, 0, -1, 8, 0, -1, -1, 1 ]
[ 1, 1, -1, -1, 0, 5, 0, 0, 37 ]
[ 1, 1, -1, -5, 3, 0, -1, 0, 5 ]
[ -14, 1, 0, -1, -1, 1, 7, 0, 2 ]
[ 1, 0, -5, -14, 1, 0, 0, 0, 37 ]
[ 7, 0, 2, -14, 1, 0, -1, 0, 5 ]
[ 1, -8, 0, 0, 1, 4, 0, 0, 37 ]
[ -1, 8, 0, 0, -9, 1, 0, 1, 4 ]
[ 0, 1, 4, -1, 8, 0, 0, 0, 37 ]
[ 1, 1, -1, 0, 1, 4, 0, 0, 37 ]
[ 1, 1, -1, -1, 8, 0, 0, 1, 4 ]
[ -1, 0, 5, -1, -1, 1, 0, 0, 37 ]
[ -5, 3, 0, -1, -1, 1, -1, 0, 5 ]
[ 2, -1, -14, -5, 3, 0, 0, 0, 37 ]
[ 1, 0, -5, -2, 1, 14, 0, 0, 37 ]
[ 1, 0, -5, -5, 3, 0, -2, 1, 14 ]
[ -1, 0, 5, -1, -1, 1, 0, 0, 37 ]
[ -7, 0, -2, -1, -1, 1, -1, 0, 5 ]
[ -14, 1, 0, -1, 0, 5, 0, 0, 37 ]
[ 14, -1, 0, 7, 0, 2, -1, 0, 5 ]
[ -2, 1, 14, -1, 0, 5, 0, 0, 37 ]
[ -5, 3, 0, -2, 1, 14, 0, 0, 37 ]
[ -5, 3, 0, -1, 0, 5, -2, 1, 14 ]
[ 1, 1, 0, 0, 37, 0, 0, 15, 1 ]
[ 37, 0, 0, 1, 1, 0, -15, 0, 1 ]
[ 1, 1, 0, 0, 15, 1, 0, -7, 2 ]
[ 15, 0, -1, 1, 1, 0, 7, 0, 2 ]
[ 1, 1, 0, 0, 1, 5, 0, 0, 37 ]
[ -1, -1, 0, 0, -7, 2, 0, 1, 5 ]
[ 1, 0, -5, 1, 1, 0, 0, 0, 37 ]
[ 7, 0, 2, 1, 1, 0, -1, 0, 5 ]
[ 37, 0, 0, 16, 1, 0, -15, 0, 1 ]
[ 16, 1, 0, -5, 2, 0, 1, 1, 1 ]
[ 15, 0, -1, 16, 1, 0, 7, 0, 2 ]
[ 1, 7, 0, 0, 37, 0, 0, -6, 1 ]
[ 5, -2, 0, 1, 7, 0, 1, 1, 1 ]
[ 1, 1, 1, -1, 0, 5, 0, 0, 37 ]
[ 1, 1, 1, -5, 2, 0, -1, 0, 5 ]
[ 16, 1, 0, 1, 1, 1, 7, 0, 2 ]
[ 1, 0, -5, 16, 1, 0, 0, 0, 37 ]
[ 7, 0, 2, 16, 1, 0, -1, 0, 5 ]
[ 1, 7, 0, 0, 1, 6, 0, 0, 37 ]
[ -1, -7, 0, 0, -6, 1, 0, 1, 6 ]
[ 0, -1, -6, 1, 7, 0, 0, 0, 37 ]
[ 1, 1, 1, 0, 1, 6, 0, 0, 37 ]
[ 1, 1, 1, 1, 7, 0, 0, 1, 6 ]
[ 1, 0, -5, 1, 1, 1, 0, 0, 37 ]
[ 5, -2, 0, 1, 1, 1, -1, 0, 5 ]
[ 3, -1, -21, -5, 2, 0, 0, 0, 37 ]
[ 1, 0, -5, -3, 1, 21, 0, 0, 37 ]
[ 1, 0, -5, -5, 2, 0, -3, 1, 21 ]
[ 1, 0, -5, 1, 1, 1, 0, 0, 37 ]
[ 7, 0, 2, 1, 1, 1, -1, 0, 5 ]
[ 16, 1, 0, -1, 0, 5, 0, 0, 37 ]
[ -16, -1, 0, 7, 0, 2, -1, 0, 5 ]
[ -3, 1, 21, -1, 0, 5, 0, 0, 37 ]
[ -5, 2, 0, -3, 1, 21, 0, 0, 37 ]
[ -5, 2, 0, -1, 0, 5, -3, 1, 21 ]
[ 37, 0, 0, -6, 1, 0, -15, 0, 1 ]
[ 1, 6, 0, 0, 37, 0, 0, 16, 1 ]
[ 6, -1, 0, 1, 6, 0, -3, -2, 1 ]
[ 15, 0, -1, -6, 1, 0, 7, 0, 2 ]
[ 1, 6, 0, 0, 16, 1, 0, -5, 2 ]
[ 3, 2, -1, 1, 1, 2, 0, 0, 37 ]
[ 3, 2, -1, 1, 6, 0, 1, 1, 2 ]
[ 1, 1, 2, -3, -2, 1, 0, 0, 37 ]
[ -6, 1, 0, -3, -2, 1, 1, 1, 2 ]
[ 1, 0, -5, -6, 1, 0, 0, 0, 37 ]
[ 7, 0, 2, -6, 1, 0, -1, 0, 5 ]
[ 1, 6, 0, 0, 1, 7, 0, 0, 37 ]
[ -1, -6, 0, 0, -5, 2, 0, 1, 7 ]
[ 0, -1, -7, 1, 6, 0, 0, 0, 37 ]
[ 1, 1, 2, 0, 1, 7, 0, 0, 37 ]
[ 1, 1, 2, 1, 6, 0, 0, 1, 7 ]
[ 1, 0, -5, 1, 1, 2, 0, 0, 37 ]
[ -6, 1, 0, -1, 0, 5, 0, 0, 37 ]
[ 6, -1, 0, 1, 1, 2, -1, 0, 5 ]
[ 37, 0, 0, 9, 1, 0, -15, 0, 1 ]
[ 1, -4, 0, 0, 37, 0, 0, 14, 1 ]
[ 9, 1, 0, -1, 4, 0, 3, 2, 1 ]
[ 15, 0, -1, 9, 1, 0, 7, 0, 2 ]
[ 1, -4, 0, 0, 14, 1, 0, 5, 3 ]
[ 3, 2, 1, 1, 1, 3, 0, 0, 37 ]
[ 3, 2, 1, -1, 4, 0, 1, 1, 3 ]
[ 2, 1, -2, 3, 2, 1, 0, 0, 37 ]
[ 9, 1, 0, 3, 2, 1, -2, -1, 2 ]
[ 1, 0, -5, 9, 1, 0, 0, 0, 37 ]
[ 7, 0, 2, 9, 1, 0, -1, 0, 5 ]
[ 1, -4, 0, 0, 1, 8, 0, 0, 37 ]
[ 1, -4, 0, 0, 5, 3, 0, 1, 8 ]
[ 0, 1, 8, -1, 4, 0, 0, 0, 37 ]
[ 1, 1, 3, 0, 1, 8, 0, 0, 37 ]
[ 1, 1, 3, -1, 4, 0, 0, 1, 8 ]
[ -1, 0, 5, -2, -1, 2, 0, 0, 37 ]
[ 9, 1, 0, -1, 0, 5, 0, 0, 37 ]
[ -9, -1, 0, -2, -1, 2, -1, 0, 5 ]
[ 37, 0, 0, -13, 1, 0, -15, 0, 1 ]
[ 13, -1, 0, -2, 3, 0, -2, -1, 1 ]
[ 15, 0, -1, -13, 1, 0, 7, 0, 2 ]
[ 1, -20, 0, 0, 37, 0, 0, -4, 1 ]
[ 2, -3, 0, -1, 20, 0, 0, -4, 1 ]
[ 2, 1, -1, -1, 0, 5, 0, 0, 37 ]
[ 2, 1, -1, -2, 3, 0, -1, 0, 5 ]
[ -13, 1, 0, -2, -1, 1, 7, 0, 2 ]
[ 1, 0, -5, -13, 1, 0, 0, 0, 37 ]
[ 7, 0, 2, -13, 1, 0, -1, 0, 5 ]
[ 1, -20, 0, 0, 1, 9, 0, 0, 37 ]
[ -1, 20, 0, 0, -4, 1, 0, 1, 9 ]
[ 0, 1, 9, -1, 20, 0, 0, 0, 37 ]
[ 0, 4, -1, -1, 20, 0, 0, 1, 9 ]
[ -2, 3, 0, 0, -4, 1, -1, 0, 5 ]
[ 1, -1, -14, -2, 3, 0, 0, 0, 37 ]
[ 1, 0, -5, -1, 1, 14, 0, 0, 37 ]
[ 1, 0, -5, -2, 3, 0, -1, 1, 14 ]
[ -1, 0, 5, -2, -1, 1, 0, 0, 37 ]
[ -7, 0, -2, -2, -1, 1, -1, 0, 5 ]
[ -13, 1, 0, -1, 0, 5, 0, 0, 37 ]
[ 13, -1, 0, 7, 0, 2, -1, 0, 5 ]
[ 1, 0, -5, 0, 1, 9, 0, 0, 37 ]
[ -1, 0, 5, 0, -4, 1, 0, 1, 9 ]
[ -1, 1, 14, -1, 0, 5, 0, 0, 37 ]
[ -2, 3, 0, -1, 1, 14, 0, 0, 37 ]
[ -2, 3, 0, -1, 0, 5, -1, 1, 14 ]
[ 37, 0, 0, 2, 1, 0, -15, 0, 1 ]
[ 1, 19, 0, 0, 37, 0, 0, -11, 1 ]
[ 2, 1, 0, 1, 19, 0, 1, 8, 1 ]
[ 15, 0, -1, 2, 1, 0, 7, 0, 2 ]
[ -1, -19, 0, 0, -11, 1, 0, 4, 3 ]
[ 1, 8, 1, 1, 19, 0, 0, 4, 3 ]
[ 2, 1, 0, 1, 8, 1, -1, -4, 2 ]
[ 1, 0, -5, 2, 1, 0, 0, 0, 37 ]
[ 7, 0, 2, 2, 1, 0, -1, 0, 5 ]
[ 1, 19, 0, 0, 1, 10, 0, 0, 37 ]
[ 1, 19, 0, 0, 4, 3, 0, 1, 10 ]
[ 0, -1, -10, 1, 19, 0, 0, 0, 37 ]
[ 0, -4, -3, 1, 19, 0, 0, 1, 10 ]
[ 1, 8, 1, 0, 1, 10, 0, 0, 37 ]
[ 1, 8, 1, 0, 4, 3, 0, 1, 10 ]
[ 0, -1, -10, 1, 8, 1, 0, 0, 37 ]
[ 1, 4, -2, 0, 1, 10, 0, 0, 37 ]
[ 1, 4, -2, 1, 8, 1, 0, 1, 10 ]
[ 2, 1, 0, 1, 1, 5, 0, 0, 37 ]
[ -2, -1, 0, -1, -4, 2, 1, 1, 5 ]
[ 0, 1, 10, -1, -4, 2, 0, 0, 37 ]
[ 1, 1, 5, 0, 1, 10, 0, 0, 37 ]
[ -1, -1, -5, -1, -4, 2, 0, 1, 10 ]
[ 37, 0, 0, 17, 1, 0, -15, 0, 1 ]
[ 17, 1, 0, -3, 2, 0, 2, 1, 1 ]
[ 15, 0, -1, 17, 1, 0, 7, 0, 2 ]
[ 1, -13, 0, 0, 37, 0, 0, -10, 1 ]
[ 3, -2, 0, -1, 13, 0, -1, 3, 1 ]
[ 2, 1, 1, -1, 0, 5, 0, 0, 37 ]
[ 2, 1, 1, -3, 2, 0, -1, 0, 5 ]
[ 17, 1, 0, 2, 1, 1, 7, 0, 2 ]
[ 1, 0, -5, 17, 1, 0, 0, 0, 37 ]
[ 7, 0, 2, 17, 1, 0, -1, 0, 5 ]
[ -1, 13, 0, 0, -10, 1, 0, -3, 4 ]
[ 1, -3, -1, -1, 13, 0, 0, -3, 4 ]
[ 3, -2, 0, -1, 3, 1, -1, 0, 5 ]
[ 2, -1, -21, -3, 2, 0, 0, 0, 37 ]
[ 1, 0, -5, -2, 1, 21, 0, 0, 37 ]
[ 1, 0, -5, -3, 2, 0, -2, 1, 21 ]
[ 1, 0, -5, 2, 1, 1, 0, 0, 37 ]
[ 7, 0, 2, 2, 1, 1, -1, 0, 5 ]
[ 17, 1, 0, -1, 0, 5, 0, 0, 37 ]
[ -17, -1, 0, 7, 0, 2, -1, 0, 5 ]
[ 1, -13, 0, 0, 1, 11, 0, 0, 37 ]
[ -1, 13, 0, 0, -3, 4, 0, 1, 11 ]
[ 0, 1, 11, -1, 13, 0, 0, 0, 37 ]
[ 0, 3, -4, -1, 13, 0, 0, 1, 11 ]
[ 1, -3, -1, 0, 1, 11, 0, 0, 37 ]
[ -1, 3, 1, 0, -3, 4, 0, 1, 11 ]
[ 0, 1, 11, -1, 3, 1, 0, 0, 37 ]
[ 1, 0, -5, 0, 1, 11, 0, 0, 37 ]
[ 1, 0, -5, -1, 3, 1, 0, 1, 11 ]
[ -2, 1, 21, -1, 0, 5, 0, 0, 37 ]
[ -3, 2, 0, -2, 1, 21, 0, 0, 37 ]
[ -3, 2, 0, -1, 0, 5, -2, 1, 21 ]
[ 37, 0, 0, -5, 1, 0, -15, 0, 1 ]
[ 5, -1, 0, 2, 7, 0, 0, -3, 1 ]
[ 15, 0, -1, -5, 1, 0, 7, 0, 2 ]
[ 1, 22, 0, 0, 37, 0, 0, -3, 1 ]
[ 2, 7, 0, 1, 22, 0, 0, -3, 1 ]
[ -1, -4, -6, 2, 7, 0, 0, 0, 37 ]
[ 0, -3, 1, 2, 7, 0, 1, 4, 6 ]
[ -5, 1, 0, 0, -3, 1, 2, 1, 2 ]
[ 1, 0, -5, -5, 1, 0, 0, 0, 37 ]
[ 7, 0, 2, -5, 1, 0, -1, 0, 5 ]
[ 1, 22, 0, 0, 1, 12, 0, 0, 37 ]
[ -1, -22, 0, 0, -3, 1, 0, 1, 12 ]
[ 0, -1, -12, 1, 22, 0, 0, 0, 37 ]
[ 0, -3, 1, 1, 22, 0, 0, 1, 12 ]
[ 2, 7, 0, 1, 4, 6, 0, 0, 37 ]
[ -2, -7, 0, 0, -3, 1, 1, 4, 6 ]
[ 0, -1, -12, 1, 4, 6, 0, 0, 37 ]
[ 0, -3, 1, 1, 4, 6, 0, 1, 12 ]
[ 2, 1, 2, 1, 1, 7, 0, 0, 37 ]
[ -2, -1, -2, 0, -3, 1, 1, 1, 7 ]
[ 1, 0, -5, 2, 1, 2, 0, 0, 37 ]
[ -5, 1, 0, -1, 0, 5, 0, 0, 37 ]
[ 5, -1, 0, 2, 1, 2, -1, 0, 5 ]
[ 1, 4, 6, 0, 1, 12, 0, 0, 37 ]
[ -1, -4, -6, 0, -3, 1, 0, 1, 12 ]
[ 1, 1, 7, 0, 1, 12, 0, 0, 37 ]
[ -1, -1, -7, 0, -3, 1, 0, 1, 12 ]
[ 37, 0, 0, 10, 1, 0, -15, 0, 1 ]
[ 10, 1, 0, 3, 4, 0, 5, 2, 1 ]
[ 15, 0, -1, 10, 1, 0, 7, 0, 2 ]
[ 1, -11, 0, 0, 37, 0, 0, -17, 1 ]
[ 3, 4, 0, -1, 11, 0, -1, -6, 1 ]
[ 5, 2, 1, 2, 1, 3, 0, 0, 37 ]
[ 5, 2, 1, 3, 4, 0, 2, 1, 3 ]
[ 3, 1, -2, 5, 2, 1, 0, 0, 37 ]
[ 10, 1, 0, 5, 2, 1, -3, -1, 2 ]
[ 1, 0, -5, 10, 1, 0, 0, 0, 37 ]
[ 7, 0, 2, 10, 1, 0, -1, 0, 5 ]
[ -1, 11, 0, 0, -17, 1, 0, 3, 2 ]
[ 1, 6, -1, -1, 11, 0, 0, 3, 2 ]
[ -3, -4, 0, -1, -6, 1, -1, -3, 3 ]
[ 1, 1, 8, 3, 4, 0, 0, 0, 37 ]
[ 2, 1, 3, 1, 1, 8, 0, 0, 37 ]
[ 2, 1, 3, 3, 4, 0, 1, 1, 8 ]
[ -1, 0, 5, -3, -1, 2, 0, 0, 37 ]
[ 10, 1, 0, -1, 0, 5, 0, 0, 37 ]
[ -10, -1, 0, -3, -1, 2, -1, 0, 5 ]
[ 1, -11, 0, 0, 1, 13, 0, 0, 37 ]
[ 1, -11, 0, 0, 3, 2, 0, 1, 13 ]
[ 0, 1, 13, -1, 11, 0, 0, 0, 37 ]
[ 0, 3, 2, -1, 11, 0, 0, 1, 13 ]
[ 1, 6, -1, 0, 1, 13, 0, 0, 37 ]
[ 1, 6, -1, 0, 3, 2, 0, 1, 13 ]
[ 0, 1, 13, -1, -6, 1, 0, 0, 37 ]
[ 1, 3, -3, 0, 1, 13, 0, 0, 37 ]
[ -1, -3, 3, -1, -6, 1, 0, 1, 13 ]
[ -3, -4, 0, 1, 1, 8, 0, 0, 37 ]
[ -3, -4, 0, -1, -3, 3, 1, 1, 8 ]
[ 0, 1, -24, -1, -3, 3, 0, 0, 37 ]
[ -1, -1, -8, 0, -1, 24, 0, 0, 37 ]
[ -1, -1, -8, -1, -3, 3, 0, -1, 24 ]
[ 37, 0, 0, -12, 1, 0, -15, 0, 1 ]
[ 1, 3, 0, 0, 37, 0, 0, 8, 1 ]
[ 12, -1, 0, 1, 3, 0, -3, -1, 1 ]
[ 15, 0, -1, -12, 1, 0, 7, 0, 2 ]
[ 1, 3, 0, 0, 8, 1, 0, 3, 5 ]
[ 3, 1, -1, -1, 0, 5, 0, 0, 37 ]
[ 3, 1, -1, 1, 3, 0, -1, 0, 5 ]
[ -12, 1, 0, -3, -1, 1, 7, 0, 2 ]
[ 1, 0, -5, -12, 1, 0, 0, 0, 37 ]
[ 7, 0, 2, -12, 1, 0, -1, 0, 5 ]
[ 1, 3, 0, 0, 1, 14, 0, 0, 37 ]
[ 1, 3, 0, 0, 3, 5, 0, 1, 14 ]
[ 0, -1, -14, 1, 3, 0, 0, 0, 37 ]
[ 1, 0, -5, 0, 1, 14, 0, 0, 37 ]
[ 1, 0, -5, 1, 3, 0, 0, 1, 14 ]
[ -1, 0, 5, -3, -1, 1, 0, 0, 37 ]
[ -7, 0, -2, -3, -1, 1, -1, 0, 5 ]
[ -12, 1, 0, -1, 0, 5, 0, 0, 37 ]
[ 12, -1, 0, 7, 0, 2, -1, 0, 5 ]
[ 37, 0, 0, 3, 1, 0, -15, 0, 1 ]
[ 1, -12, 0, 0, 37, 0, 0, 5, 1 ]
[ 3, 1, 0, -1, 12, 0, 0, 5, 1 ]
[ 15, 0, -1, 3, 1, 0, 7, 0, 2 ]
[ 1, -12, 0, 0, 5, 1, 0, -2, 7 ]
[ 0, 5, 1, -1, 12, 0, 0, -2, 7 ]
[ 3, 1, 0, 0, 5, 1, 1, -2, 2 ]
[ 1, 0, -5, 3, 1, 0, 0, 0, 37 ]
[ 7, 0, 2, 3, 1, 0, -1, 0, 5 ]
[ -1, 12, 0, 0, -1, 22, 0, 0, 37 ]
[ -1, 12, 0, 0, -2, 7, 0, -1, 22 ]
[ 0, 1, -22, -1, 12, 0, 0, 0, 37 ]
[ 0, 2, -7, -1, 12, 0, 0, -1, 22 ]
[ 1, -2, 2, 0, 5, 1, 0, -2, 7 ]
[ 3, 1, 0, -1, 0, 5, 0, 0, 37 ]
[ -3, -1, 0, 1, -2, 2, -1, 0, 5 ]
[ -1, 2, -2, 0, -1, 22, 0, 0, 37 ]
[ -1, 2, -2, 0, -2, 7, 0, -1, 22 ]
[ 0, -1, 22, 1, -2, 2, 0, 0, 37 ]
[ -1, 0, 5, 0, -1, 22, 0, 0, 37 ]
[ -1, 0, 5, 1, -2, 2, 0, -1, 22 ]
[ 37, 0, 0, 18, 1, 0, -15, 0, 1 ]
[ 1, -2, 0, 0, 37, 0, 0, 7, 1 ]
[ 18, 1, 0, -1, 2, 0, 3, 1, 1 ]
[ 15, 0, -1, 18, 1, 0, 7, 0, 2 ]
[ 1, -2, 0, 0, 7, 1, 0, -2, 5 ]
[ 3, 1, 1, -1, 0, 5, 0, 0, 37 ]
[ 3, 1, 1, -1, 2, 0, -1, 0, 5 ]
[ 18, 1, 0, 3, 1, 1, 7, 0, 2 ]
[ 1, 0, -5, 18, 1, 0, 0, 0, 37 ]
[ 7, 0, 2, 18, 1, 0, -1, 0, 5 ]
[ -1, 2, 0, 0, -1, 21, 0, 0, 37 ]
[ -1, 2, 0, 0, -2, 5, 0, -1, 21 ]
[ 1, -1, -21, -1, 2, 0, 0, 0, 37 ]
[ 1, 0, -5, -1, 1, 21, 0, 0, 37 ]
[ 1, 0, -5, -1, 2, 0, -1, 1, 21 ]
[ 1, 0, -5, 3, 1, 1, 0, 0, 37 ]
[ 7, 0, 2, 3, 1, 1, -1, 0, 5 ]
[ 18, 1, 0, -1, 0, 5, 0, 0, 37 ]
[ -18, -1, 0, 7, 0, 2, -1, 0, 5 ]
[ 37, 0, 0, -4, 1, 0, -15, 0, 1 ]
[ 1, 9, 0, 0, 37, 0, 0, -13, 1 ]
[ 4, -1, 0, 1, 9, 0, 1, -4, 1 ]
[ 15, 0, -1, -4, 1, 0, 7, 0, 2 ]
[ -1, -9, 0, 0, -13, 1, 0, -2, 3 ]
[ 1, -4, 1, 1, 9, 0, 0, -2, 3 ]
[ -4, 1, 0, 1, -4, 1, -1, 2, 2 ]
[ 1, 0, -5, -4, 1, 0, 0, 0, 37 ]
[ 7, 0, 2, -4, 1, 0, -1, 0, 5 ]
[ -1, -9, 0, 0, -1, 20, 0, 0, 37 ]
[ -1, -9, 0, 0, -2, 3, 0, -1, 20 ]
[ 0, -1, 20, 1, 9, 0, 0, 0, 37 ]
[ 0, -2, 3, 1, 9, 0, 0, -1, 20 ]
[ -1, 4, -1, 0, -1, 20, 0, 0, 37 ]
[ -1, 4, -1, 0, -2, 3, 0, -1, 20 ]
[ 0, -1, 20, 1, -4, 1, 0, 0, 37 ]
[ -1, 2, 2, 0, -1, 20, 0, 0, 37 ]
[ -1, 2, 2, 1, -4, 1, 0, -1, 20 ]
[ -4, 1, 0, -1, 0, 5, 0, 0, 37 ]
[ 4, -1, 0, -1, 2, 2, -1, 0, 5 ]
[ 1, -1, -22, -1, 2, 2, 0, 0, 37 ]
[ 1, 0, -5, -1, 1, 22, 0, 0, 37 ]
[ 1, 0, -5, -1, 2, 2, -1, 1, 22 ]
[ 37, 0, 0, 11, 1, 0, -15, 0, 1 ]
[ 11, 1, 0, -4, 3, 0, -4, 1, 1 ]
[ 15, 0, -1, 11, 1, 0, 7, 0, 2 ]
[ 1, -10, 0, 0, 37, 0, 0, -2, 1 ]
[ 4, -3, 0, -1, 10, 0, 0, -2, 1 ]
[ -4, 1, 1, -1, 0, 5, 0, 0, 37 ]
[ 4, -1, -1, -4, 3, 0, -1, 0, 5 ]
[ 11, 1, 0, -4, 1, 1, 7, 0, 2 ]
[ 1, 0, -5, 11, 1, 0, 0, 0, 37 ]
[ 7, 0, 2, 11, 1, 0, -1, 0, 5 ]
[ -1, 10, 0, 0, -1, 19, 0, 0, 37 ]
[ -1, 10, 0, 0, -2, 1, 0, -1, 19 ]
[ 0, 1, -19, -1, 10, 0, 0, 0, 37 ]
[ 0, 2, -1, -1, 10, 0, 0, -1, 19 ]
[ -4, 3, 0, 0, -2, 1, -1, 0, 5 ]
[ -1, 1, -14, -4, 3, 0, 0, 0, 37 ]
[ -1, 0, 5, 1, -1, 14, 0, 0, 37 ]
[ 1, 0, -5, -4, 3, 0, 1, -1, 14 ]
[ 1, 0, -5, -4, 1, 1, 0, 0, 37 ]
[ 7, 0, 2, -4, 1, 1, -1, 0, 5 ]
[ 11, 1, 0, -1, 0, 5, 0, 0, 37 ]
[ -11, -1, 0, 7, 0, 2, -1, 0, 5 ]
[ -1, 0, 5, 0, -1, 19, 0, 0, 37 ]
[ -1, 0, 5, 0, -2, 1, 0, -1, 19 ]
[ -1, 1, -14, -1, 0, 5, 0, 0, 37 ]
[ -4, 3, 0, 1, -1, 14, 0, 0, 37 ]
[ -4, 3, 0, -1, 0, 5, 1, -1, 14 ]
[ 37, 0, 0, -11, 1, 0, -15, 0, 1 ]
[ 11, -1, 0, 4, 3, 0, -4, -1, 1 ]
[ 15, 0, -1, -11, 1, 0, 7, 0, 2 ]
[ 1, 10, 0, 0, 37, 0, 0, 2, 1 ]
[ 4, 3, 0, 1, 10, 0, 0, 2, 1 ]
[ 4, 1, -1, -1, 0, 5, 0, 0, 37 ]
[ 4, 1, -1, 4, 3, 0, -1, 0, 5 ]
[ -11, 1, 0, -4, -1, 1, 7, 0, 2 ]
[ 1, 0, -5, -11, 1, 0, 0, 0, 37 ]
[ 7, 0, 2, -11, 1, 0, -1, 0, 5 ]
[ 1, 10, 0, 0, 1, 19, 0, 0, 37 ]
[ 1, 10, 0, 0, 2, 1, 0, 1, 19 ]
[ 0, -1, -19, 1, 10, 0, 0, 0, 37 ]
[ 0, -2, -1, 1, 10, 0, 0, 1, 19 ]
[ 4, 3, 0, 0, 2, 1, -1, 0, 5 ]
[ -1, -1, -14, 4, 3, 0, 0, 0, 37 ]
[ 1, 0, -5, 1, 1, 14, 0, 0, 37 ]
[ 1, 0, -5, 4, 3, 0, 1, 1, 14 ]
[ -1, 0, 5, -4, -1, 1, 0, 0, 37 ]
[ -7, 0, -2, -4, -1, 1, -1, 0, 5 ]
[ -11, 1, 0, -1, 0, 5, 0, 0, 37 ]
[ 11, -1, 0, 7, 0, 2, -1, 0, 5 ]
[ 1, 0, -5, 0, 1, 19, 0, 0, 37 ]
[ 1, 0, -5, 0, 2, 1, 0, 1, 19 ]
[ 1, 1, 14, -1, 0, 5, 0, 0, 37 ]
[ 4, 3, 0, 1, 1, 14, 0, 0, 37 ]
[ 4, 3, 0, -1, 0, 5, 1, 1, 14 ]
[ 37, 0, 0, 4, 1, 0, -15, 0, 1 ]
[ 1, -9, 0, 0, 37, 0, 0, 13, 1 ]
[ 4, 1, 0, -1, 9, 0, 1, 4, 1 ]
[ 15, 0, -1, 4, 1, 0, 7, 0, 2 ]
[ 1, -9, 0, 0, 13, 1, 0, 2, 3 ]
[ 1, 4, 1, -1, 9, 0, 0, 2, 3 ]
[ 4, 1, 0, 1, 4, 1, -1, -2, 2 ]
[ 1, 0, -5, 4, 1, 0, 0, 0, 37 ]
[ 7, 0, 2, 4, 1, 0, -1, 0, 5 ]
[ 1, -9, 0, 0, 1, 20, 0, 0, 37 ]
[ 1, -9, 0, 0, 2, 3, 0, 1, 20 ]
[ 0, 1, 20, -1, 9, 0, 0, 0, 37 ]
[ 0, 2, 3, -1, 9, 0, 0, 1, 20 ]
[ 1, 4, 1, 0, 1, 20, 0, 0, 37 ]
[ 1, 4, 1, 0, 2, 3, 0, 1, 20 ]
[ 0, -1, -20, 1, 4, 1, 0, 0, 37 ]
[ 1, 2, -2, 0, 1, 20, 0, 0, 37 ]
[ 1, 2, -2, 1, 4, 1, 0, 1, 20 ]
[ 4, 1, 0, -1, 0, 5, 0, 0, 37 ]
[ -4, -1, 0, -1, -2, 2, -1, 0, 5 ]
[ -1, -1, 22, -1, -2, 2, 0, 0, 37 ]
[ -1, 0, 5, -1, -1, 22, 0, 0, 37 ]
[ -1, 0, 5, -1, -2, 2, -1, -1, 22 ]
[ 37, 0, 0, -18, 1, 0, -15, 0, 1 ]
[ 1, 2, 0, 0, 37, 0, 0, -7, 1 ]
[ 18, -1, 0, 1, 2, 0, 3, -1, 1 ]
[ 15, 0, -1, -18, 1, 0, 7, 0, 2 ]
[ -1, -2, 0, 0, -7, 1, 0, 2, 5 ]
[ -3, 1, -1, -1, 0, 5, 0, 0, 37 ]
[ 3, -1, 1, 1, 2, 0, -1, 0, 5 ]
[ -18, 1, 0, 3, -1, 1, 7, 0, 2 ]
[ 1, 0, -5, -18, 1, 0, 0, 0, 37 ]
[ 7, 0, 2, -18, 1, 0, -1, 0, 5 ]
[ 1, 2, 0, 0, 1, 21, 0, 0, 37 ]
[ 1, 2, 0, 0, 2, 5, 0, 1, 21 ]
[ 0, -1, -21, 1, 2, 0, 0, 0, 37 ]
[ 1, 0, -5, 0, 1, 21, 0, 0, 37 ]
[ 1, 0, -5, 1, 2, 0, 0, 1, 21 ]
[ -1, 0, 5, 3, -1, 1, 0, 0, 37 ]
[ -7, 0, -2, 3, -1, 1, -1, 0, 5 ]
[ -18, 1, 0, -1, 0, 5, 0, 0, 37 ]
[ 18, -1, 0, 7, 0, 2, -1, 0, 5 ]
[ 37, 0, 0, -3, 1, 0, -15, 0, 1 ]
[ 1, 12, 0, 0, 37, 0, 0, -5, 1 ]
[ 3, -1, 0, 1, 12, 0, 0, -5, 1 ]
[ 15, 0, -1, -3, 1, 0, 7, 0, 2 ]
[ -1, -12, 0, 0, -5, 1, 0, 2, 7 ]
[ 0, -5, 1, 1, 12, 0, 0, 2, 7 ]
[ -3, 1, 0, 0, -5, 1, 1, 2, 2 ]
[ 1, 0, -5, -3, 1, 0, 0, 0, 37 ]
[ 7, 0, 2, -3, 1, 0, -1, 0, 5 ]
[ 1, 12, 0, 0, 1, 22, 0, 0, 37 ]
[ 1, 12, 0, 0, 2, 7, 0, 1, 22 ]
[ 0, -1, -22, 1, 12, 0, 0, 0, 37 ]
[ 0, -2, -7, 1, 12, 0, 0, 1, 22 ]
[ -1, -2, -2, 0, -5, 1, 0, 2, 7 ]
[ -3, 1, 0, -1, 0, 5, 0, 0, 37 ]
[ 3, -1, 0, 1, 2, 2, -1, 0, 5 ]
[ 1, 2, 2, 0, 1, 22, 0, 0, 37 ]
[ 1, 2, 2, 0, 2, 7, 0, 1, 22 ]
[ 0, -1, -22, 1, 2, 2, 0, 0, 37 ]
[ 1, 0, -5, 0, 1, 22, 0, 0, 37 ]
[ 1, 0, -5, 1, 2, 2, 0, 1, 22 ]
[ 37, 0, 0, 12, 1, 0, -15, 0, 1 ]
[ 1, -3, 0, 0, 37, 0, 0, -8, 1 ]
[ 12, 1, 0, -1, 3, 0, -3, 1, 1 ]
[ 15, 0, -1, 12, 1, 0, 7, 0, 2 ]
[ -1, 3, 0, 0, -8, 1, 0, -3, 5 ]
[ -3, 1, 1, -1, 0, 5, 0, 0, 37 ]
[ 3, -1, -1, -1, 3, 0, -1, 0, 5 ]
[ 12, 1, 0, -3, 1, 1, 7, 0, 2 ]
[ 1, 0, -5, 12, 1, 0, 0, 0, 37 ]
[ 7, 0, 2, 12, 1, 0, -1, 0, 5 ]
[ -1, 3, 0, 0, -1, 14, 0, 0, 37 ]
[ -1, 3, 0, 0, -3, 5, 0, -1, 14 ]
[ 0, 1, -14, -1, 3, 0, 0, 0, 37 ]
[ -1, 0, 5, 0, -1, 14, 0, 0, 37 ]
[ 1, 0, -5, -1, 3, 0, 0, -1, 14 ]
[ 1, 0, -5, -3, 1, 1, 0, 0, 37 ]
[ 7, 0, 2, -3, 1, 1, -1, 0, 5 ]
[ 12, 1, 0, -1, 0, 5, 0, 0, 37 ]
[ -12, -1, 0, 7, 0, 2, -1, 0, 5 ]
[ 37, 0, 0, -10, 1, 0, -15, 0, 1 ]
[ 10, -1, 0, -3, 4, 0, 5, -2, 1 ]
[ 15, 0, -1, -10, 1, 0, 7, 0, 2 ]
[ 1, 11, 0, 0, 37, 0, 0, 17, 1 ]
[ 3, -4, 0, 1, 11, 0, -1, 6, 1 ]
[ -5, 2, -1, 2, -1, 3, 0, 0, 37 ]
[ 5, -2, 1, -3, 4, 0, 2, -1, 3 ]
[ -3, 1, 2, 5, -2, 1, 0, 0, 37 ]
[ -10, 1, 0, 5, -2, 1, -3, 1, 2 ]
[ 1, 0, -5, -10, 1, 0, 0, 0, 37 ]
[ 7, 0, 2, -10, 1, 0, -1, 0, 5 ]
[ 1, 11, 0, 0, 17, 1, 0, -3, 2 ]
[ 1, -6, -1, 1, 11, 0, 0, -3, 2 ]
[ 3, -4, 0, -1, 6, 1, -1, 3, 3 ]
[ 1, -1, 8, -3, 4, 0, 0, 0, 37 ]
[ -2, 1, -3, 1, -1, 8, 0, 0, 37 ]
[ 2, -1, 3, -3, 4, 0, 1, -1, 8 ]
[ 1, 0, -5, -3, 1, 2, 0, 0, 37 ]
[ -10, 1, 0, -1, 0, 5, 0, 0, 37 ]
[ 10, -1, 0, -3, 1, 2, -1, 0, 5 ]
[ -1, -11, 0, 0, -1, 13, 0, 0, 37 ]
[ -1, -11, 0, 0, -3, 2, 0, -1, 13 ]
[ 0, -1, 13, 1, 11, 0, 0, 0, 37 ]
[ 0, -3, 2, 1, 11, 0, 0, -1, 13 ]
[ -1, 6, 1, 0, -1, 13, 0, 0, 37 ]
[ -1, 6, 1, 0, -3, 2, 0, -1, 13 ]
[ 0, 1, -13, -1, 6, 1, 0, 0, 37 ]
[ -1, 3, 3, 0, -1, 13, 0, 0, 37 ]
[ 1, -3, -3, -1, 6, 1, 0, -1, 13 ]
[ 3, -4, 0, 1, -1, 8, 0, 0, 37 ]
[ 3, -4, 0, -1, 3, 3, 1, -1, 8 ]
[ 0, 1, 24, -1, 3, 3, 0, 0, 37 ]
[ 1, -1, 8, 0, 1, 24, 0, 0, 37 ]
[ 1, -1, 8, -1, 3, 3, 0, 1, 24 ]
[ 37, 0, 0, 5, 1, 0, -15, 0, 1 ]
[ 5, 1, 0, -2, 7, 0, 0, 3, 1 ]
[ 15, 0, -1, 5, 1, 0, 7, 0, 2 ]
[ 1, -22, 0, 0, 37, 0, 0, 3, 1 ]
[ 2, -7, 0, -1, 22, 0, 0, 3, 1 ]
[ 1, -3, -6, -2, 7, 0, 0, 0, 37 ]
[ 0, 3, 1, -2, 7, 0, -1, 3, 6 ]
[ 5, 1, 0, 0, 3, 1, 2, -1, 2 ]
[ 1, 0, -5, 5, 1, 0, 0, 0, 37 ]
[ 7, 0, 2, 5, 1, 0, -1, 0, 5 ]
[ -1, 22, 0, 0, -1, 12, 0, 0, 37 ]
[ 1, -22, 0, 0, 3, 1, 0, -1, 12 ]
[ 0, 1, -12, -1, 22, 0, 0, 0, 37 ]
[ 0, 3, 1, -1, 22, 0, 0, -1, 12 ]
[ -2, 7, 0, -1, 3, 6, 0, 0, 37 ]
[ 2, -7, 0, 0, 3, 1, -1, 3, 6 ]
[ 0, 1, -12, -1, 3, 6, 0, 0, 37 ]
[ 0, 3, 1, -1, 3, 6, 0, -1, 12 ]
[ -2, 1, -2, 1, -1, 7, 0, 0, 37 ]
[ 2, -1, 2, 0, 3, 1, 1, -1, 7 ]
[ -1, 0, 5, 2, -1, 2, 0, 0, 37 ]
[ 5, 1, 0, -1, 0, 5, 0, 0, 37 ]
[ -5, -1, 0, 2, -1, 2, -1, 0, 5 ]
[ -1, 3, 6, 0, -1, 12, 0, 0, 37 ]
[ 1, -3, -6, 0, 3, 1, 0, -1, 12 ]
[ -1, 1, -7, 0, -1, 12, 0, 0, 37 ]
[ 1, -1, 7, 0, 3, 1, 0, -1, 12 ]
[ 37, 0, 0, -17, 1, 0, -15, 0, 1 ]
[ 17, -1, 0, 3, 2, 0, 2, -1, 1 ]
[ 15, 0, -1, -17, 1, 0, 7, 0, 2 ]
[ 1, 13, 0, 0, 37, 0, 0, 10, 1 ]
[ 3, 2, 0, 1, 13, 0, -1, -3, 1 ]
[ -2, 1, -1, -1, 0, 5, 0, 0, 37 ]
[ 2, -1, 1, 3, 2, 0, -1, 0, 5 ]
[ -17, 1, 0, 2, -1, 1, 7, 0, 2 ]
[ 1, 0, -5, -17, 1, 0, 0, 0, 37 ]
[ 7, 0, 2, -17, 1, 0, -1, 0, 5 ]
[ 1, 13, 0, 0, 10, 1, 0, 3, 4 ]
[ 1, 3, -1, 1, 13, 0, 0, 3, 4 ]
[ -3, -2, 0, -1, -3, 1, -1, 0, 5 ]
[ -1, -1, -21, 3, 2, 0, 0, 0, 37 ]
[ 1, 0, -5, 1, 1, 21, 0, 0, 37 ]
[ 1, 0, -5, 3, 2, 0, 1, 1, 21 ]
[ -1, 0, 5, 2, -1, 1, 0, 0, 37 ]
[ -7, 0, -2, 2, -1, 1, -1, 0, 5 ]
[ -17, 1, 0, -1, 0, 5, 0, 0, 37 ]
[ 17, -1, 0, 7, 0, 2, -1, 0, 5 ]
[ -1, -13, 0, 0, -1, 11, 0, 0, 37 ]
[ 1, 13, 0, 0, 3, 4, 0, -1, 11 ]
[ 0, -1, 11, 1, 13, 0, 0, 0, 37 ]
[ 0, -3, -4, 1, 13, 0, 0, -1, 11 ]
[ -1, -3, 1, 0, -1, 11, 0, 0, 37 ]
[ 1, 3, -1, 0, 3, 4, 0, -1, 11 ]
[ 0, 1, -11, -1, -3, 1, 0, 0, 37 ]
[ -1, 0, 5, 0, -1, 11, 0, 0, 37 ]
[ -1, 0, 5, -1, -3, 1, 0, -1, 11 ]
[ 1, 1, 21, -1, 0, 5, 0, 0, 37 ]
[ 3, 2, 0, 1, 1, 21, 0, 0, 37 ]
[ 3, 2, 0, -1, 0, 5, 1, 1, 21 ]
[ 37, 0, 0, -2, 1, 0, -15, 0, 1 ]
[ 1, -19, 0, 0, 37, 0, 0, 11, 1 ]
[ 2, -1, 0, -1, 19, 0, 1, -8, 1 ]
[ 15, 0, -1, -2, 1, 0, 7, 0, 2 ]
[ 1, -19, 0, 0, 11, 1, 0, -4, 3 ]
[ 1, -8, 1, -1, 19, 0, 0, -4, 3 ]
[ -2, 1, 0, 1, -8, 1, -1, 4, 2 ]
[ 1, 0, -5, -2, 1, 0, 0, 0, 37 ]
[ 7, 0, 2, -2, 1, 0, -1, 0, 5 ]
[ -1, 19, 0, 0, -1, 10, 0, 0, 37 ]
[ -1, 19, 0, 0, -4, 3, 0, -1, 10 ]
[ 0, 1, -10, -1, 19, 0, 0, 0, 37 ]
[ 0, 4, -3, -1, 19, 0, 0, -1, 10 ]
[ -1, 8, -1, 0, -1, 10, 0, 0, 37 ]
[ -1, 8, -1, 0, -4, 3, 0, -1, 10 ]
[ 0, -1, 10, 1, -8, 1, 0, 0, 37 ]
[ -1, 4, 2, 0, -1, 10, 0, 0, 37 ]
[ -1, 4, 2, 1, -8, 1, 0, -1, 10 ]
[ -2, 1, 0, 1, -1, 5, 0, 0, 37 ]
[ 2, -1, 0, -1, 4, 2, 1, -1, 5 ]
[ 0, 1, -10, -1, 4, 2, 0, 0, 37 ]
[ -1, 1, -5, 0, -1, 10, 0, 0, 37 ]
[ 1, -1, 5, -1, 4, 2, 0, -1, 10 ]
[ 37, 0, 0, 13, 1, 0, -15, 0, 1 ]
[ 13, 1, 0, 2, 3, 0, -2, 1, 1 ]
[ 15, 0, -1, 13, 1, 0, 7, 0, 2 ]
[ 1, 20, 0, 0, 37, 0, 0, 4, 1 ]
[ 2, 3, 0, 1, 20, 0, 0, 4, 1 ]
[ -2, 1, 1, -1, 0, 5, 0, 0, 37 ]
[ 2, -1, -1, 2, 3, 0, -1, 0, 5 ]
[ 13, 1, 0, -2, 1, 1, 7, 0, 2 ]
[ 1, 0, -5, 13, 1, 0, 0, 0, 37 ]
[ 7, 0, 2, 13, 1, 0, -1, 0, 5 ]
[ -1, -20, 0, 0, -1, 9, 0, 0, 37 ]
[ 1, 20, 0, 0, 4, 1, 0, -1, 9 ]
[ 0, -1, 9, 1, 20, 0, 0, 0, 37 ]
[ 0, -4, -1, 1, 20, 0, 0, -1, 9 ]
[ 2, 3, 0, 0, 4, 1, 1, 3, 5 ]
[ 1, 1, -14, 2, 3, 0, 0, 0, 37 ]
[ -1, 0, 5, -1, -1, 14, 0, 0, 37 ]
[ 1, 0, -5, 2, 3, 0, -1, -1, 14 ]
[ 1, 0, -5, -2, 1, 1, 0, 0, 37 ]
[ 7, 0, 2, -2, 1, 1, -1, 0, 5 ]
[ 13, 1, 0, -1, 0, 5, 0, 0, 37 ]
[ -13, -1, 0, 7, 0, 2, -1, 0, 5 ]
[ -1, -3, -5, 0, -1, 9, 0, 0, 37 ]
[ 1, 3, 5, 0, 4, 1, 0, -1, 9 ]
[ 1, 2, 14, 1, 3, 5, 0, 0, 37 ]
[ 2, 3, 0, 1, 2, 14, 0, 0, 37 ]
[ 2, 3, 0, 1, 3, 5, 1, 2, 14 ]
[ 37, 0, 0, -9, 1, 0, -15, 0, 1 ]
[ 1, 4, 0, 0, 37, 0, 0, -14, 1 ]
[ 9, -1, 0, 1, 4, 0, 3, -2, 1 ]
[ 15, 0, -1, -9, 1, 0, 7, 0, 2 ]
[ -1, -4, 0, 0, -14, 1, 0, -5, 3 ]
[ -3, 2, -1, 1, -1, 3, 0, 0, 37 ]
[ 3, -2, 1, 1, 4, 0, 1, -1, 3 ]
[ -2, 1, 2, 3, -2, 1, 0, 0, 37 ]
[ -9, 1, 0, 3, -2, 1, -2, 1, 2 ]
[ 1, 0, -5, -9, 1, 0, 0, 0, 37 ]
[ 7, 0, 2, -9, 1, 0, -1, 0, 5 ]
[ -1, -4, 0, 0, -1, 8, 0, 0, 37 ]
[ -1, -4, 0, 0, -5, 3, 0, -1, 8 ]
[ 0, -1, 8, 1, 4, 0, 0, 0, 37 ]
[ -1, 1, -3, 0, -1, 8, 0, 0, 37 ]
[ 1, -1, 3, 1, 4, 0, 0, -1, 8 ]
[ 1, 0, -5, -2, 1, 2, 0, 0, 37 ]
[ -9, 1, 0, -1, 0, 5, 0, 0, 37 ]
[ 9, -1, 0, -2, 1, 2, -1, 0, 5 ]
[ 37, 0, 0, 6, 1, 0, -15, 0, 1 ]
[ 1, -6, 0, 0, 37, 0, 0, -16, 1 ]
[ 6, 1, 0, -1, 6, 0, -3, 2, 1 ]
[ 15, 0, -1, 6, 1, 0, 7, 0, 2 ]
[ -1, 6, 0, 0, -16, 1, 0, 5, 2 ]
[ -3, 2, 1, 1, -1, 2, 0, 0, 37 ]
[ 3, -2, -1, -1, 6, 0, 1, -1, 2 ]
[ -1, 1, -2, -3, 2, 1, 0, 0, 37 ]
[ 6, 1, 0, -3, 2, 1, 1, -1, 2 ]
[ 1, 0, -5, 6, 1, 0, 0, 0, 37 ]
[ 7, 0, 2, 6, 1, 0, -1, 0, 5 ]
[ -1, 6, 0, 0, -1, 7, 0, 0, 37 ]
[ 1, -6, 0, 0, 5, 2, 0, -1, 7 ]
[ 0, 1, -7, -1, 6, 0, 0, 0, 37 ]
[ -1, 1, -2, 0, -1, 7, 0, 0, 37 ]
[ 1, -1, 2, -1, 6, 0, 0, -1, 7 ]
[ -1, 0, 5, 1, -1, 2, 0, 0, 37 ]
[ 6, 1, 0, -1, 0, 5, 0, 0, 37 ]
[ -6, -1, 0, 1, -1, 2, -1, 0, 5 ]
[ 37, 0, 0, -16, 1, 0, -15, 0, 1 ]
[ 16, -1, 0, 5, 2, 0, 1, -1, 1 ]
[ 15, 0, -1, -16, 1, 0, 7, 0, 2 ]
[ 1, -7, 0, 0, 37, 0, 0, 6, 1 ]
[ 5, 2, 0, -1, 7, 0, 1, -1, 1 ]
[ -1, 1, -1, -1, 0, 5, 0, 0, 37 ]
[ 1, -1, 1, 5, 2, 0, -1, 0, 5 ]
[ -16, 1, 0, 1, -1, 1, 7, 0, 2 ]
[ 1, 0, -5, -16, 1, 0, 0, 0, 37 ]
[ 7, 0, 2, -16, 1, 0, -1, 0, 5 ]
[ -1, 7, 0, 0, -1, 6, 0, 0, 37 ]
[ 1, -7, 0, 0, 6, 1, 0, -1, 6 ]
[ 0, 1, -6, -1, 7, 0, 0, 0, 37 ]
[ -1, 1, -1, 0, -1, 6, 0, 0, 37 ]
[ 1, -1, 1, -1, 7, 0, 0, -1, 6 ]
[ -1, 0, 5, 1, -1, 1, 0, 0, 37 ]
[ -5, -2, 0, 1, -1, 1, -1, 0, 5 ]
[ -2, -1, -21, 5, 2, 0, 0, 0, 37 ]
[ 1, 0, -5, 2, 1, 21, 0, 0, 37 ]
[ 1, 0, -5, 5, 2, 0, 2, 1, 21 ]
[ -1, 0, 5, 1, -1, 1, 0, 0, 37 ]
[ -7, 0, -2, 1, -1, 1, -1, 0, 5 ]
[ -16, 1, 0, -1, 0, 5, 0, 0, 37 ]
[ 16, -1, 0, 7, 0, 2, -1, 0, 5 ]
[ 2, 1, 21, -1, 0, 5, 0, 0, 37 ]
[ 5, 2, 0, 2, 1, 21, 0, 0, 37 ]
[ 5, 2, 0, -1, 0, 5, 2, 1, 21 ]
[ 1, -1, 0, 0, 37, 0, 0, -15, 1 ]
[ 37, 0, 0, -1, 1, 0, -15, 0, 1 ]
[ -1, 1, 0, 0, -15, 1, 0, 7, 2 ]
[ 15, 0, -1, -1, 1, 0, 7, 0, 2 ]
[ -1, 1, 0, 0, -1, 5, 0, 0, 37 ]
[ 1, -1, 0, 0, 7, 2, 0, -1, 5 ]
[ 1, 0, -5, -1, 1, 0, 0, 0, 37 ]
[ 7, 0, 2, -1, 1, 0, -1, 0, 5 ]
[ 37, 0, 0, 14, 1, 0, -15, 0, 1 ]
[ 14, 1, 0, 5, 3, 0, -1, 1, 1 ]
[ 15, 0, -1, 14, 1, 0, 7, 0, 2 ]
[ 1, 8, 0, 0, 37, 0, 0, 9, 1 ]
[ 5, 3, 0, 1, 8, 0, -1, 1, 1 ]
[ -1, 1, 1, -1, 0, 5, 0, 0, 37 ]
[ 1, -1, -1, 5, 3, 0, -1, 0, 5 ]
[ 14, 1, 0, -1, 1, 1, 7, 0, 2 ]
[ 1, 0, -5, 14, 1, 0, 0, 0, 37 ]
[ 7, 0, 2, 14, 1, 0, -1, 0, 5 ]
[ -1, -8, 0, 0, -1, 4, 0, 0, 37 ]
[ 1, 8, 0, 0, 9, 1, 0, -1, 4 ]
[ 0, -1, 4, 1, 8, 0, 0, 0, 37 ]
[ -1, 1, 1, 0, -1, 4, 0, 0, 37 ]
[ 1, -1, -1, 1, 8, 0, 0, -1, 4 ]
[ 1, 0, -5, -1, 1, 1, 0, 0, 37 ]
[ 5, 3, 0, -1, 1, 1, -1, 0, 5 ]
[ 2, 1, -14, 5, 3, 0, 0, 0, 37 ]
[ -1, 0, 5, -2, -1, 14, 0, 0, 37 ]
[ 1, 0, -5, 5, 3, 0, -2, -1, 14 ]
[ 1, 0, -5, -1, 1, 1, 0, 0, 37 ]
[ 7, 0, 2, -1, 1, 1, -1, 0, 5 ]
[ 14, 1, 0, -1, 0, 5, 0, 0, 37 ]
[ -14, -1, 0, 7, 0, 2, -1, 0, 5 ]
[ 2, 1, -14, -1, 0, 5, 0, 0, 37 ]
[ 5, 3, 0, -2, -1, 14, 0, 0, 37 ]
[ 5, 3, 0, -1, 0, 5, -2, -1, 14 ]
[ 37, 0, 0, -8, 1, 0, -15, 0, 1 ]
[ -1, 2, -1, -3, 5, 0, 0, 0, 37 ]
[ 8, -1, 0, -3, 5, 0, 1, -2, 1 ]
[ 15, 0, -1, -8, 1, 0, 7, 0, 2 ]
[ 1, -14, 0, 0, 37, 0, 0, 12, 1 ]
[ -3, 5, 0, 1, -2, 1, 0, 0, 37 ]
[ 3, -5, 0, -1, 14, 0, 1, -2, 1 ]
[ -1, 1, 2, 1, -2, 1, 0, 0, 37 ]
[ -8, 1, 0, 1, -2, 1, -1, 1, 2 ]
[ 1, 0, -5, -8, 1, 0, 0, 0, 37 ]
[ 7, 0, 2, -8, 1, 0, -1, 0, 5 ]
[ -1, 14, 0, 0, -1, 3, 0, 0, 37 ]
[ 1, -14, 0, 0, 12, 1, 0, -1, 3 ]
[ 0, 1, -3, -1, 14, 0, 0, 0, 37 ]
[ -1, 2, -1, 0, -1, 3, 0, 0, 37 ]
[ 1, -2, 1, -1, 14, 0, 0, -1, 3 ]
[ 1, 0, -5, -1, 1, 2, 0, 0, 37 ]
[ -8, 1, 0, -1, 0, 5, 0, 0, 37 ]
[ 8, -1, 0, -1, 1, 2, -1, 0, 5 ]
[ 37, 0, 0, 7, 1, 0, -15, 0, 1 ]
[ 1, -2, -1, -2, 5, 0, 0, 0, 37 ]
[ 7, 1, 0, -2, 5, 0, -1, 2, 1 ]
[ 15, 0, -1, 7, 1, 0, 7, 0, 2 ]
[ 1, -21, 0, 0, 37, 0, 0, 18, 1 ]
[ -2, 5, 0, 1, -3, 1, 0, 0, 37 ]
[ 2, -5, 0, -1, 21, 0, 1, -3, 1 ]
[ 0, 1, -2, -1, 2, 1, 0, 0, 37 ]
[ 7, 1, 0, -1, 2, 1, 0, -1, 2 ]
[ 1, 0, -5, 7, 1, 0, 0, 0, 37 ]
[ 7, 0, 2, 7, 1, 0, -1, 0, 5 ]
[ -1, 21, 0, 0, -1, 2, 0, 0, 37 ]
[ 1, -21, 0, 0, 18, 1, 0, -1, 2 ]
[ 0, 1, -2, -1, 21, 0, 0, 0, 37 ]
[ -1, 3, -1, 0, -1, 2, 0, 0, 37 ]
[ 1, -3, 1, -1, 21, 0, 0, -1, 2 ]
[ -1, 0, 5, 0, -1, 2, 0, 0, 37 ]
[ 7, 1, 0, -1, 0, 5, 0, 0, 37 ]
[ -7, -1, 0, 0, -1, 2, -1, 0, 5 ]
[ 37, 0, 0, -15, 1, 0, -15, 0, 1 ]
[ 15, -1, 0, 7, 2, 0, 0, -1, 1 ]
[ 15, 0, -1, -15, 1, 0, 7, 0, 2 ]
[ -1, 5, 0, 0, -1, 1, 0, 0, 37 ]
[ 1, -5, 0, 0, 37, 0, 0, -1, 1 ]
[ 0, 1, -1, -1, 5, 0, 0, 0, 37 ]
[ 7, 2, 0, -1, 5, 0, 0, -1, 1 ]
[ 0, 1, -1, -1, 0, 5, 0, 0, 37 ]
[ 0, -1, 1, 7, 2, 0, -1, 0, 5 ]
[ -15, 1, 0, 0, -1, 1, 7, 0, 2 ]
[ 1, 0, -5, -15, 1, 0, 0, 0, 37 ]
[ 7, 0, 2, -15, 1, 0, -1, 0, 5 ]
[ -1, 0, 5, 0, -1, 1, 0, 0, 37 ]
[ -7, -2, 0, 0, -1, 1, -1, 0, 5 ]
[ -3, -1, -21, 7, 2, 0, 0, 0, 37 ]
[ 1, 0, -5, 3, 1, 21, 0, 0, 37 ]
[ 1, 0, -5, 7, 2, 0, 3, 1, 21 ]
[ -1, 0, 5, 0, -1, 1, 0, 0, 37 ]
[ -7, 0, -2, 0, -1, 1, -1, 0, 5 ]
[ -15, 1, 0, -1, 0, 5, 0, 0, 37 ]
[ 15, -1, 0, 7, 0, 2, -1, 0, 5 ]
[ 3, 1, 21, -1, 0, 5, 0, 0, 37 ]
[ 7, 2, 0, 3, 1, 21, 0, 0, 37 ]
[ 7, 2, 0, -1, 0, 5, 3, 1, 21 ]
[ 37, 0, 0, 0, 1, 0, 9, 0, 1 ]
[ 1, 0, -4, 0, 1, 0, 0, 0, 37 ]
[ 9, 0, 1, 0, 1, 0, -1, 0, 4 ]
[ 37, 0, 0, -9, 1, 0, 9, 0, 1 ]
[ 1, 4, 0, 0, 1, 1, 0, 0, 37 ]
[ 1, 4, 0, 0, 37, 0, 0, 1, 1 ]
[ 0, -1, -1, 1, 4, 0, 0, 0, 37 ]
[ 9, -1, 0, 1, 4, 0, 0, 1, 1 ]
[ 1, 0, -4, -9, 1, 0, 0, 0, 37 ]
[ 9, 0, 1, -9, 1, 0, -1, 0, 4 ]
[ 1, 0, -4, 0, 1, 1, 0, 0, 37 ]
[ -9, 1, 0, -1, 0, 4, 0, 0, 37 ]
[ 9, -1, 0, 0, 1, 1, -1, 0, 4 ]
[ 37, 0, 0, -18, 1, 0, 9, 0, 1 ]
[ 1, 2, 0, 0, 37, 0, 0, -18, 1 ]
[ 18, -1, 0, 1, 2, 0, 9, 0, 1 ]
[ 1, 0, -4, -18, 1, 0, 0, 0, 37 ]
[ 9, 0, 1, -18, 1, 0, -1, 0, 4 ]
[ 1, 2, 0, 0, 1, 2, 0, 0, 37 ]
[ -1, -2, 0, 0, -18, 1, 0, 1, 2 ]
[ 0, -1, -2, 1, 2, 0, 0, 0, 37 ]
[ 9, 0, 1, 1, 2, 0, 0, 1, 2 ]
[ -18, 1, 0, -1, 0, 4, 0, 0, 37 ]
[ 18, -1, 0, 9, 0, 1, -1, 0, 4 ]
[ 1, 0, -4, 0, 1, 2, 0, 0, 37 ]
[ 9, 0, 1, 0, 1, 2, -1, 0, 4 ]
[ 37, 0, 0, 10, 1, 0, 9, 0, 1 ]
[ 1, 1, -1, 3, 4, 0, 0, 0, 37 ]
[ 10, 1, 0, 3, 4, 0, -1, -1, 1 ]
[ 1, 0, -4, 10, 1, 0, 0, 0, 37 ]
[ 9, 0, 1, 10, 1, 0, -1, 0, 4 ]
[ 1, -11, 0, 0, 37, 0, 0, -12, 1 ]
[ 3, 4, 0, -1, -1, 1, 0, 0, 37 ]
[ 3, 4, 0, -1, 11, 0, -1, -1, 1 ]
[ -1, 0, 4, -1, -1, 1, 0, 0, 37 ]
[ 10, 1, 0, -1, 0, 4, 0, 0, 37 ]
[ -10, -1, 0, -1, -1, 1, -1, 0, 4 ]
[ 1, -11, 0, 0, 1, 3, 0, 0, 37 ]
[ -1, 11, 0, 0, -12, 1, 0, 1, 3 ]
[ 0, 1, 3, -1, 11, 0, 0, 0, 37 ]
[ 1, 1, -1, 0, 1, 3, 0, 0, 37 ]
[ 1, 1, -1, -1, 11, 0, 0, 1, 3 ]
[ 1, 1, 0, 0, 37, 0, 0, -9, 1 ]
[ 37, 0, 0, 1, 1, 0, 9, 0, 1 ]
[ 1, 1, 0, 0, 1, 4, 0, 0, 37 ]
[ -1, -1, 0, 0, -9, 1, 0, 1, 4 ]
[ 1, 0, -4, 1, 1, 0, 0, 0, 37 ]
[ 9, 0, 1, 1, 1, 0, -1, 0, 4 ]
[ 37, 0, 0, -8, 1, 0, 9, 0, 1 ]
[ 8, -1, 0, -3, 5, 0, 1, 1, 1 ]
[ 1, 0, -4, -8, 1, 0, 0, 0, 37 ]
[ 9, 0, 1, -8, 1, 0, -1, 0, 4 ]
[ 1, -14, 0, 0, 37, 0, 0, 15, 1 ]
[ 3, -5, 0, -1, 14, 0, 1, 1, 1 ]
[ 1, 1, 1, 0, 1, 5, 0, 0, 37 ]
[ 1, 1, 1, -3, 5, 0, 0, 1, 5 ]
[ 1, 0, -4, 1, 1, 1, 0, 0, 37 ]
[ -8, 1, 0, -1, 0, 4, 0, 0, 37 ]
[ 8, -1, 0, 1, 1, 1, -1, 0, 4 ]
[ 1, -14, 0, 0, 15, 1, 0, -7, 2 ]
[ 1, 1, 1, -1, 14, 0, 0, -7, 2 ]
[ 0, -1, -5, 1, 1, 1, 0, 0, 37 ]
[ 3, -5, 0, 1, 1, 1, 0, 1, 5 ]
[ -1, 2, 14, -3, 5, 0, 0, 0, 37 ]
[ 0, 1, 5, -1, 2, 14, 0, 0, 37 ]
[ 0, 1, 5, -3, 5, 0, -1, 2, 14 ]
[ 1, -14, 0, 0, 1, 5, 0, 0, 37 ]
[ -1, 14, 0, 0, -7, 2, 0, 1, 5 ]
[ 0, 1, 5, -1, 14, 0, 0, 0, 37 ]
[ 0, 7, -2, -1, 14, 0, 0, 1, 5 ]
[ 1, 1, 1, 0, 1, 5, 0, 0, 37 ]
[ -1, -1, -1, 0, -7, 2, 0, 1, 5 ]
[ 1, -2, -14, 0, 1, 5, 0, 0, 37 ]
[ 3, -5, 0, -1, 2, 14, 0, 0, 37 ]
[ 3, -5, 0, 0, 1, 5, -1, 2, 14 ]
[ 37, 0, 0, -17, 1, 0, 9, 0, 1 ]
[ 17, -1, 0, 3, 2, 0, 9, 0, 1 ]
[ 1, 0, -4, -17, 1, 0, 0, 0, 37 ]
[ 9, 0, 1, -17, 1, 0, -1, 0, 4 ]
[ 1, 13, 0, 0, 37, 0, 0, -6, 1 ]
[ 3, 2, 0, 1, 13, 0, 0, -6, 1 ]
[ -1, -1, -2, 3, 2, 0, 0, 0, 37 ]
[ 9, 0, 1, 3, 2, 0, 1, 1, 2 ]
[ -17, 1, 0, -1, 0, 4, 0, 0, 37 ]
[ 17, -1, 0, 9, 0, 1, -1, 0, 4 ]
[ 1, 13, 0, 0, 1, 6, 0, 0, 37 ]
[ -1, -13, 0, 0, -6, 1, 0, 1, 6 ]
[ 0, -1, -6, 1, 13, 0, 0, 0, 37 ]
[ 0, -6, 1, 1, 13, 0, 0, 1, 6 ]
[ 3, 2, 0, 1, 1, 2, 0, 0, 37 ]
[ -3, -2, 0, 0, -6, 1, 1, 1, 2 ]
[ 1, 0, -4, 1, 1, 2, 0, 0, 37 ]
[ 9, 0, 1, 1, 1, 2, -1, 0, 4 ]
[ 1, 1, 2, 0, 1, 6, 0, 0, 37 ]
[ -1, -1, -2, 0, -6, 1, 0, 1, 6 ]
[ 37, 0, 0, 11, 1, 0, 9, 0, 1 ]
[ 11, 1, 0, -4, 3, 0, -2, -1, 1 ]
[ 1, 0, -4, 11, 1, 0, 0, 0, 37 ]
[ 9, 0, 1, 11, 1, 0, -1, 0, 4 ]
[ 1, -10, 0, 0, 37, 0, 0, 16, 1 ]
[ 4, -3, 0, -1, 10, 0, 2, -4, 1 ]
[ 2, 1, -1, -1, 0, 4, 0, 0, 37 ]
[ 2, 1, -1, -4, 3, 0, -1, 0, 4 ]
[ -1, 0, 4, -2, -1, 1, 0, 0, 37 ]
[ 11, 1, 0, -1, 0, 4, 0, 0, 37 ]
[ -11, -1, 0, -2, -1, 1, -1, 0, 4 ]
[ 1, -10, 0, 0, 16, 1, 0, -5, 2 ]
[ 2, -4, 1, -1, 10, 0, -1, 5, 2 ]
[ -4, 3, 0, 2, -4, 1, -1, 0, 4 ]
[ -1, 1, 11, -4, 3, 0, 0, 0, 37 ]
[ 1, 0, -4, -1, 1, 11, 0, 0, 37 ]
[ 1, 0, -4, -4, 3, 0, -1, 1, 11 ]
[ 1, -10, 0, 0, 1, 7, 0, 0, 37 ]
[ -1, 10, 0, 0, -5, 2, 0, 1, 7 ]
[ 0, 1, 7, -1, 10, 0, 0, 0, 37 ]
[ 1, -5, -2, 0, 1, 7, 0, 0, 37 ]
[ 1, -5, -2, -1, 10, 0, 0, 1, 7 ]
[ 0, 1, 7, -1, 5, 2, 0, 0, 37 ]
[ 2, -4, 1, -1, 5, 2, 0, 1, 7 ]
[ -1, 0, 4, 2, -4, 1, -1, 1, 11 ]
[ -1, 1, 11, -1, 0, 4, 0, 0, 37 ]
[ 4, -3, 0, -1, 1, 11, 0, 0, 37 ]
[ -4, 3, 0, -1, 0, 4, -1, 1, 11 ]
[ 1, 0, -4, -1, 1, 11, 0, 0, 37 ]
[ 1, -2, 19, 0, 1, 7, 0, 0, 37 ]
[ 2, -4, 1, 0, 1, 7, 1, -2, 19 ]
[ -1, 1, 11, 1, -2, 19, 0, 0, 37 ]
[ -1, 1, 11, 2, -4, 1, 1, -2, 19 ]
[ 37, 0, 0, 2, 1, 0, 9, 0, 1 ]
[ 1, 19, 0, 0, 37, 0, 0, 14, 1 ]
[ 2, 1, 0, 1, 19, 0, -1, -5, 1 ]
[ 1, 0, -4, 2, 1, 0, 0, 0, 37 ]
[ 9, 0, 1, 2, 1, 0, -1, 0, 4 ]
[ 1, 19, 0, 0, 14, 1, 0, 5, 3 ]
[ 1, 5, -1, 1, 19, 0, 0, 5, 3 ]
[ 2, 1, 0, 1, 1, 4, 0, 0, 37 ]
[ -2, -1, 0, -1, -5, 1, 1, 1, 4 ]
[ 1, 19, 0, 0, 1, 8, 0, 0, 37 ]
[ 1, 19, 0, 0, 5, 3, 0, 1, 8 ]
[ 0, -1, -8, 1, 19, 0, 0, 0, 37 ]
[ 0, -5, -3, 1, 19, 0, 0, 1, 8 ]
[ 1, 5, -1, 0, 1, 8, 0, 0, 37 ]
[ 1, 5, -1, 0, 5, 3, 0, 1, 8 ]
[ 0, 1, 8, -1, -5, 1, 0, 0, 37 ]
[ 1, 1, 4, 0, 1, 8, 0, 0, 37 ]
[ -1, -1, -4, -1, -5, 1, 0, 1, 8 ]
[ 37, 0, 0, -7, 1, 0, 9, 0, 1 ]
[ 7, -1, 0, 2, 5, 0, 2, 1, 1 ]
[ 1, 0, -4, -7, 1, 0, 0, 0, 37 ]
[ 9, 0, 1, -7, 1, 0, -1, 0, 4 ]
[ 1, 21, 0, 0, 37, 0, 0, -4, 1 ]
[ 2, 5, 0, 1, 21, 0, 0, -4, 1 ]
[ 2, 1, 1, 1, 1, 5, 0, 0, 37 ]
[ 2, 1, 1, 2, 5, 0, 1, 1, 5 ]
[ 1, 0, -4, 2, 1, 1, 0, 0, 37 ]
[ -7, 1, 0, -1, 0, 4, 0, 0, 37 ]
[ 7, -1, 0, 2, 1, 1, -1, 0, 4 ]
[ 1, 21, 0, 0, 1, 9, 0, 0, 37 ]
[ -1, -21, 0, 0, -4, 1, 0, 1, 9 ]
[ 0, -1, -9, 1, 21, 0, 0, 0, 37 ]
[ 0, -4, 1, 1, 21, 0, 0, 1, 9 ]
[ -2, -5, 0, 0, -4, 1, 1, 1, 5 ]
[ 1, 2, 14, 2, 5, 0, 0, 0, 37 ]
[ 1, 1, 5, 1, 2, 14, 0, 0, 37 ]
[ 1, 1, 5, 2, 5, 0, 1, 2, 14 ]
[ 1, 1, 5, 0, 1, 9, 0, 0, 37 ]
[ -1, -1, -5, 0, -4, 1, 0, 1, 9 ]
[ -1, -2, -14, 1, 1, 5, 0, 0, 37 ]
[ -2, -5, 0, 1, 2, 14, 0, 0, 37 ]
[ -2, -5, 0, 1, 1, 5, 1, 2, 14 ]
[ 37, 0, 0, -16, 1, 0, 9, 0, 1 ]
[ 16, -1, 0, 5, 2, 0, 9, 0, 1 ]
[ 1, 0, -4, -16, 1, 0, 0, 0, 37 ]
[ 9, 0, 1, -16, 1, 0, -1, 0, 4 ]
[ 1, -7, 0, 0, 37, 0, 0, -11, 1 ]
[ 5, 2, 0, -1, 7, 0, -1, -4, 1 ]
[ -2, -1, -2, 5, 2, 0, 0, 0, 37 ]
[ 9, 0, 1, 5, 2, 0, 2, 1, 2 ]
[ -16, 1, 0, -1, 0, 4, 0, 0, 37 ]
[ 16, -1, 0, 9, 0, 1, -1, 0, 4 ]
[ -1, 7, 0, 0, -11, 1, 0, 4, 3 ]
[ 1, 4, -1, -1, 7, 0, 0, 4, 3 ]
[ 5, 2, 0, 2, 1, 2, 0, 0, 37 ]
[ -5, -2, 0, -1, -4, 1, 2, 1, 2 ]
[ 1, 0, -4, 2, 1, 2, 0, 0, 37 ]
[ 9, 0, 1, 2, 1, 2, -1, 0, 4 ]
[ 1, -7, 0, 0, 1, 10, 0, 0, 37 ]
[ 1, -7, 0, 0, 4, 3, 0, 1, 10 ]
[ 0, 1, 10, -1, 7, 0, 0, 0, 37 ]
[ 0, 4, 3, -1, 7, 0, 0, 1, 10 ]
[ 1, 4, -1, 0, 1, 10, 0, 0, 37 ]
[ 1, 4, -1, 0, 4, 3, 0, 1, 10 ]
[ 2, 1, 2, 1, 1, 6, 0, 0, 37 ]
[ -2, -1, -2, -1, -4, 1, 1, 1, 6 ]
[ 0, 1, 10, -1, -4, 1, 0, 0, 37 ]
[ 1, 1, 6, 0, 1, 10, 0, 0, 37 ]
[ -1, -1, -6, -1, -4, 1, 0, 1, 10 ]
[ 37, 0, 0, 12, 1, 0, 9, 0, 1 ]
[ 1, -3, 0, 0, 37, 0, 0, -10, 1 ]
[ 12, 1, 0, -1, 3, 0, -3, -1, 1 ]
[ 1, 0, -4, 12, 1, 0, 0, 0, 37 ]
[ 9, 0, 1, 12, 1, 0, -1, 0, 4 ]
[ -1, 3, 0, 0, -10, 1, 0, -3, 4 ]
[ 3, 1, -1, -1, 0, 4, 0, 0, 37 ]
[ 3, 1, -1, -1, 3, 0, -1, 0, 4 ]
[ -1, 0, 4, -3, -1, 1, 0, 0, 37 ]
[ 12, 1, 0, -1, 0, 4, 0, 0, 37 ]
[ -12, -1, 0, -3, -1, 1, -1, 0, 4 ]
[ 1, -3, 0, 0, 1, 11, 0, 0, 37 ]
[ -1, 3, 0, 0, -3, 4, 0, 1, 11 ]
[ 0, 1, 11, -1, 3, 0, 0, 0, 37 ]
[ 1, 0, -4, 0, 1, 11, 0, 0, 37 ]
[ 1, 0, -4, -1, 3, 0, 0, 1, 11 ]
[ 37, 0, 0, 3, 1, 0, 9, 0, 1 ]
[ 1, -12, 0, 0, 37, 0, 0, -3, 1 ]
[ 3, 1, 0, -1, 12, 0, 0, -3, 1 ]
[ 1, 0, -4, 3, 1, 0, 0, 0, 37 ]
[ 9, 0, 1, 3, 1, 0, -1, 0, 4 ]
[ 1, -12, 0, 0, 1, 12, 0, 0, 37 ]
[ -1, 12, 0, 0, -3, 1, 0, 1, 12 ]
[ 0, 1, 12, -1, 12, 0, 0, 0, 37 ]
[ 0, 3, -1, -1, 12, 0, 0, 1, 12 ]
[ 3, 1, 0, -1, 0, 4, 0, 0, 37 ]
[ -3, -1, 0, 0, -3, 1, -1, 0, 4 ]
[ 1, 0, -4, 0, 1, 12, 0, 0, 37 ]
[ -1, 0, 4, 0, -3, 1, 0, 1, 12 ]
[ 37, 0, 0, -6, 1, 0, 9, 0, 1 ]
[ 1, 6, 0, 0, 37, 0, 0, -17, 1 ]
[ 6, -1, 0, 1, 6, 0, 3, 1, 1 ]
[ 1, 0, -4, -6, 1, 0, 0, 0, 37 ]
[ 9, 0, 1, -6, 1, 0, -1, 0, 4 ]
[ -1, -6, 0, 0, -17, 1, 0, 3, 2 ]
[ 3, 1, 1, 1, 6, 0, -1, -3, 2 ]
[ 1, 0, -4, 3, 1, 1, 0, 0, 37 ]
[ -6, 1, 0, -1, 0, 4, 0, 0, 37 ]
[ 6, -1, 0, 3, 1, 1, -1, 0, 4 ]
[ 1, 6, 0, 0, 1, 13, 0, 0, 37 ]
[ 1, 6, 0, 0, 3, 2, 0, 1, 13 ]
[ 0, -1, -13, 1, 6, 0, 0, 0, 37 ]
[ 1, 3, -2, 0, 1, 13, 0, 0, 37 ]
[ 1, 3, -2, 1, 6, 0, 0, 1, 13 ]
[ 3, 1, 1, -1, 0, 4, 0, 0, 37 ]
[ -3, -1, -1, -1, -3, 2, -1, 0, 4 ]
[ 0, 1, 13, -1, -3, 2, 0, 0, 37 ]
[ 1, 0, -4, 0, 1, 13, 0, 0, 37 ]
[ -1, 0, 4, -1, -3, 2, 0, 1, 13 ]
[ 37, 0, 0, -15, 1, 0, 9, 0, 1 ]
[ 15, -1, 0, 7, 2, 0, 9, 0, 1 ]
[ 1, 0, -4, -15, 1, 0, 0, 0, 37 ]
[ 9, 0, 1, -15, 1, 0, -1, 0, 4 ]
[ 1, -5, 0, 0, 37, 0, 0, 8, 1 ]
[ 7, 2, 0, -1, 5, 0, 2, -2, 1 ]
[ -3, -1, -2, 7, 2, 0, 0, 0, 37 ]
[ 9, 0, 1, 7, 2, 0, 3, 1, 2 ]
[ -15, 1, 0, -1, 0, 4, 0, 0, 37 ]
[ 15, -1, 0, 9, 0, 1, -1, 0, 4 ]
[ 1, -5, 0, 0, 8, 1, 0, 3, 5 ]
[ 2, -2, 1, -1, 5, 0, 1, -2, 5 ]
[ 7, 2, 0, 3, 1, 2, 0, 0, 37 ]
[ -7, -2, 0, 2, -2, 1, 3, 1, 2 ]
[ 1, 0, -4, 3, 1, 2, 0, 0, 37 ]
[ 9, 0, 1, 3, 1, 2, -1, 0, 4 ]
[ 1, -5, 0, 0, 1, 14, 0, 0, 37 ]
[ 1, -5, 0, 0, 3, 5, 0, 1, 14 ]
[ 0, 1, 14, -1, 5, 0, 0, 0, 37 ]
[ 1, -2, 5, 0, 1, 14, 0, 0, 37 ]
[ 1, -2, 5, -1, 5, 0, 0, 1, 14 ]
[ -1, 1, -19, 1, -2, 5, 0, 0, 37 ]
[ -2, 2, -1, 1, -2, 5, 1, -1, 19 ]
[ 3, 1, 2, -1, 0, 4, 0, 0, 37 ]
[ -3, -1, -2, 2, -2, 1, -1, 0, 4 ]
[ -1, 0, 4, 1, -1, 19, 0, 0, 37 ]
[ -1, 0, 4, 2, -2, 1, 1, -1, 19 ]
[ 37, 0, 0, 13, 1, 0, 9, 0, 1 ]
[ 13, 1, 0, 2, 3, 0, -4, -1, 1 ]
[ 1, 0, -4, 13, 1, 0, 0, 0, 37 ]
[ 9, 0, 1, 13, 1, 0, -1, 0, 4 ]
[ 1, 20, 0, 0, 37, 0, 0, 5, 1 ]
[ 2, 3, 0, 1, 20, 0, 0, 5, 1 ]
[ 4, 1, -1, -1, 0, 4, 0, 0, 37 ]
[ 4, 1, -1, 2, 3, 0, -1, 0, 4 ]
[ -1, 0, 4, -4, -1, 1, 0, 0, 37 ]
[ 13, 1, 0, -1, 0, 4, 0, 0, 37 ]
[ -13, -1, 0, -4, -1, 1, -1, 0, 4 ]
[ 1, 20, 0, 0, 5, 1, 0, -2, 7 ]
[ 0, -5, -1, 1, 20, 0, 0, -2, 7 ]
[ 2, 3, 0, 0, 5, 1, 1, 3, 4 ]
[ 1, 1, 11, 2, 3, 0, 0, 0, 37 ]
[ 1, 0, -4, 1, 1, 11, 0, 0, 37 ]
[ 1, 0, -4, 2, 3, 0, 1, 1, 11 ]
[ -1, -20, 0, 0, -1, 22, 0, 0, 37 ]
[ -1, -20, 0, 0, -2, 7, 0, -1, 22 ]
[ 0, -1, 22, 1, 20, 0, 0, 0, 37 ]
[ 0, -2, 7, 1, 20, 0, 0, -1, 22 ]
[ 1, 3, 4, 0, 5, 1, 0, -2, 7 ]
[ 1, 2, -11, 1, 3, 4, 0, 0, 37 ]
[ -2, -3, 0, -1, -2, 11, 0, 0, 37 ]
[ 2, 3, 0, 1, 3, 4, -1, -2, 11 ]
[ -1, -3, -4, 0, -1, 22, 0, 0, 37 ]
[ -1, -3, -4, 0, -2, 7, 0, -1, 22 ]
[ 37, 0, 0, 4, 1, 0, 9, 0, 1 ]
[ 1, -9, 0, 0, 37, 0, 0, 7, 1 ]
[ 4, 1, 0, -1, 9, 0, 1, -2, 1 ]
[ 1, 0, -4, 4, 1, 0, 0, 0, 37 ]
[ 9, 0, 1, 4, 1, 0, -1, 0, 4 ]
[ 1, -9, 0, 0, 7, 1, 0, -2, 5 ]
[ 1, -2, 1, -1, 9, 0, 0, -2, 5 ]
[ 4, 1, 0, -1, 0, 4, 0, 0, 37 ]
[ -4, -1, 0, 1, -2, 1, -1, 0, 4 ]
[ -1, 9, 0, 0, -1, 21, 0, 0, 37 ]
[ -1, 9, 0, 0, -2, 5, 0, -1, 21 ]
[ 0, 1, -21, -1, 9, 0, 0, 0, 37 ]
[ 0, 2, -5, -1, 9, 0, 0, -1, 21 ]
[ -1, 2, -1, 0, -1, 21, 0, 0, 37 ]
[ -1, 2, -1, 0, -2, 5, 0, -1, 21 ]
[ 0, -1, 21, 1, -2, 1, 0, 0, 37 ]
[ -1, 0, 4, 0, -1, 21, 0, 0, 37 ]
[ -1, 0, 4, 1, -2, 1, 0, -1, 21 ]
[ 37, 0, 0, -5, 1, 0, 9, 0, 1 ]
[ 5, -1, 0, 2, 7, 0, -1, 2, 1 ]
[ 1, 0, -4, -5, 1, 0, 0, 0, 37 ]
[ 9, 0, 1, -5, 1, 0, -1, 0, 4 ]
[ 1, 22, 0, 0, 37, 0, 0, -13, 1 ]
[ 2, 7, 0, 1, 22, 0, 1, 9, 1 ]
[ 1, -2, -1, 2, 7, 0, 0, -2, 3 ]
[ -5, 1, 0, -1, 0, 4, 0, 0, 37 ]
[ 5, -1, 0, -1, 2, 1, -1, 0, 4 ]
[ -1, -22, 0, 0, -13, 1, 0, -2, 3 ]
[ 1, 9, 1, 1, 22, 0, 0, -2, 3 ]
[ 2, 7, 0, 1, 9, 1, 0, -2, 3 ]
[ 1, 3, 10, 2, 7, 0, 0, 0, 37 ]
[ 0, -2, 3, 2, 7, 0, 1, 3, 10 ]
[ -1, 2, 1, 0, -1, 20, 0, 0, 37 ]
[ -1, 2, 1, 0, -2, 3, 0, -1, 20 ]
[ 1, -1, -21, -1, 2, 1, 0, 0, 37 ]
[ 1, 0, -4, -1, 1, 21, 0, 0, 37 ]
[ 1, 0, -4, -1, 2, 1, -1, 1, 21 ]
[ -1, -22, 0, 0, -1, 20, 0, 0, 37 ]
[ -1, -22, 0, 0, -2, 3, 0, -1, 20 ]
[ 0, -1, 20, 1, 22, 0, 0, 0, 37 ]
[ 0, -2, 3, 1, 22, 0, 0, -1, 20 ]
[ -1, -9, -1, 0, -1, 20, 0, 0, 37 ]
[ -1, -9, -1, 0, -2, 3, 0, -1, 20 ]
[ 0, -1, 20, 1, 9, 1, 0, 0, 37 ]
[ 0, -2, 3, 1, 9, 1, 0, -1, 20 ]
[ -2, -7, 0, 1, 3, 10, 0, 0, 37 ]
[ -2, -7, 0, 0, -2, 3, 1, 3, 10 ]
[ 0, -1, 20, 1, 3, 10, 0, 0, 37 ]
[ 0, -2, 3, 1, 3, 10, 0, -1, 20 ]
[ -1, -3, -10, 0, -1, 20, 0, 0, 37 ]
[ -1, -3, -10, 0, -2, 3, 0, -1, 20 ]
[ 37, 0, 0, -14, 1, 0, 9, 0, 1 ]
[ 14, -1, 0, -5, 3, 0, -5, 1, 1 ]
[ 1, 0, -4, -14, 1, 0, 0, 0, 37 ]
[ 9, 0, 1, -14, 1, 0, -1, 0, 4 ]
[ 1, -8, 0, 0, 37, 0, 0, -2, 1 ]
[ 5, -3, 0, -1, 8, 0, 0, -2, 1 ]
[ -5, 1, 1, -1, 0, 4, 0, 0, 37 ]
[ 5, -1, -1, -5, 3, 0, -1, 0, 4 ]
[ 1, 0, -4, -5, 1, 1, 0, 0, 37 ]
[ -14, 1, 0, -1, 0, 4, 0, 0, 37 ]
[ 14, -1, 0, -5, 1, 1, -1, 0, 4 ]
[ -1, 8, 0, 0, -1, 19, 0, 0, 37 ]
[ -1, 8, 0, 0, -2, 1, 0, -1, 19 ]
[ 0, 1, -19, -1, 8, 0, 0, 0, 37 ]
[ 0, 2, -1, -1, 8, 0, 0, -1, 19 ]
[ -5, 3, 0, 0, -2, 1, -1, 0, 4 ]
[ 2, -1, 11, -5, 3, 0, 0, 0, 37 ]
[ -1, 0, 4, 2, -1, 11, 0, 0, 37 ]
[ 1, 0, -4, -5, 3, 0, 2, -1, 11 ]
[ -1, 0, 4, 0, -1, 19, 0, 0, 37 ]
[ -1, 0, 4, 0, -2, 1, 0, -1, 19 ]
[ -2, 1, -11, -1, 0, 4, 0, 0, 37 ]
[ 5, -3, 0, 2, -1, 11, 0, 0, 37 ]
[ -5, 3, 0, -1, 0, 4, 2, -1, 11 ]
[ 37, 0, 0, 14, 1, 0, 9, 0, 1 ]
[ 14, 1, 0, 5, 3, 0, -5, -1, 1 ]
[ 1, 0, -4, 14, 1, 0, 0, 0, 37 ]
[ 9, 0, 1, 14, 1, 0, -1, 0, 4 ]
[ 1, 8, 0, 0, 37, 0, 0, 2, 1 ]
[ 5, 3, 0, 1, 8, 0, 0, 2, 1 ]
[ 5, 1, -1, -1, 0, 4, 0, 0, 37 ]
[ 5, 1, -1, 5, 3, 0, -1, 0, 4 ]
[ -1, 0, 4, -5, -1, 1, 0, 0, 37 ]
[ 14, 1, 0, -1, 0, 4, 0, 0, 37 ]
[ -14, -1, 0, -5, -1, 1, -1, 0, 4 ]
[ 1, 8, 0, 0, 1, 19, 0, 0, 37 ]
[ 1, 8, 0, 0, 2, 1, 0, 1, 19 ]
[ 0, -1, -19, 1, 8, 0, 0, 0, 37 ]
[ 0, -2, -1, 1, 8, 0, 0, 1, 19 ]
[ 5, 3, 0, 0, 2, 1, -1, 0, 4 ]
[ 2, 1, 11, 5, 3, 0, 0, 0, 37 ]
[ 1, 0, -4, 2, 1, 11, 0, 0, 37 ]
[ 1, 0, -4, 5, 3, 0, 2, 1, 11 ]
[ 1, 0, -4, 0, 1, 19, 0, 0, 37 ]
[ 1, 0, -4, 0, 2, 1, 0, 1, 19 ]
[ 2, 1, 11, -1, 0, 4, 0, 0, 37 ]
[ -5, -3, 0, 2, 1, 11, 0, 0, 37 ]
[ 5, 3, 0, -1, 0, 4, 2, 1, 11 ]
[ 37, 0, 0, 5, 1, 0, 9, 0, 1 ]
[ 5, 1, 0, -2, 7, 0, -1, -2, 1 ]
[ 1, 0, -4, 5, 1, 0, 0, 0, 37 ]
[ 9, 0, 1, 5, 1, 0, -1, 0, 4 ]
[ 1, -22, 0, 0, 37, 0, 0, 13, 1 ]
[ 2, -7, 0, -1, 22, 0, 1, -9, 1 ]
[ 1, 2, -1, -2, 7, 0, 0, 2, 3 ]
[ 5, 1, 0, -1, 0, 4, 0, 0, 37 ]
[ -5, -1, 0, -1, -2, 1, -1, 0, 4 ]
[ 1, -22, 0, 0, 13, 1, 0, 2, 3 ]
[ 1, -9, 1, -1, 22, 0, 0, 2, 3 ]
[ -2, 7, 0, 1, -9, 1, 0, 2, 3 ]
[ -1, 4, 10, -2, 7, 0, 0, 0, 37 ]
[ 0, 2, 3, -2, 7, 0, -1, 4, 10 ]
[ 1, 2, -1, 0, 1, 20, 0, 0, 37 ]
[ 1, 2, -1, 0, 2, 3, 0, 1, 20 ]
[ -1, -1, 21, -1, -2, 1, 0, 0, 37 ]
[ -1, 0, 4, -1, -1, 21, 0, 0, 37 ]
[ -1, 0, 4, -1, -2, 1, -1, -1, 21 ]
[ 1, -22, 0, 0, 1, 20, 0, 0, 37 ]
[ 1, -22, 0, 0, 2, 3, 0, 1, 20 ]
[ 0, 1, 20, -1, 22, 0, 0, 0, 37 ]
[ 0, 2, 3, -1, 22, 0, 0, 1, 20 ]
[ 1, -9, 1, 0, 1, 20, 0, 0, 37 ]
[ 1, -9, 1, 0, 2, 3, 0, 1, 20 ]
[ 0, -1, -20, 1, -9, 1, 0, 0, 37 ]
[ 0, -2, -3, 1, -9, 1, 0, 1, 20 ]
[ 2, -7, 0, -1, 4, 10, 0, 0, 37 ]
[ 2, -7, 0, 0, 2, 3, -1, 4, 10 ]
[ 0, 1, 20, -1, 4, 10, 0, 0, 37 ]
[ 0, 2, 3, -1, 4, 10, 0, 1, 20 ]
[ 1, -4, -10, 0, 1, 20, 0, 0, 37 ]
[ 1, -4, -10, 0, 2, 3, 0, 1, 20 ]
[ 37, 0, 0, -4, 1, 0, 9, 0, 1 ]
[ 1, 9, 0, 0, 37, 0, 0, -7, 1 ]
[ 4, -1, 0, 1, 9, 0, 1, 2, 1 ]
[ 1, 0, -4, -4, 1, 0, 0, 0, 37 ]
[ 9, 0, 1, -4, 1, 0, -1, 0, 4 ]
[ -1, -9, 0, 0, -7, 1, 0, 2, 5 ]
[ 1, 2, 1, 1, 9, 0, 0, 2, 5 ]
[ -4, 1, 0, -1, 0, 4, 0, 0, 37 ]
[ 4, -1, 0, 1, 2, 1, -1, 0, 4 ]
[ 1, 9, 0, 0, 1, 21, 0, 0, 37 ]
[ 1, 9, 0, 0, 2, 5, 0, 1, 21 ]
[ 0, -1, -21, 1, 9, 0, 0, 0, 37 ]
[ 0, -2, -5, 1, 9, 0, 0, 1, 21 ]
[ 1, 2, 1, 0, 1, 21, 0, 0, 37 ]
[ 1, 2, 1, 0, 2, 5, 0, 1, 21 ]
[ 0, -1, -21, 1, 2, 1, 0, 0, 37 ]
[ 1, 0, -4, 0, 1, 21, 0, 0, 37 ]
[ 1, 0, -4, 1, 2, 1, 0, 1, 21 ]
[ 37, 0, 0, -13, 1, 0, 9, 0, 1 ]
[ 13, -1, 0, -2, 3, 0, -4, 1, 1 ]
[ 1, 0, -4, -13, 1, 0, 0, 0, 37 ]
[ 9, 0, 1, -13, 1, 0, -1, 0, 4 ]
[ 1, -20, 0, 0, 37, 0, 0, -5, 1 ]
[ 2, -3, 0, -1, 20, 0, 0, -5, 1 ]
[ -4, 1, 1, -1, 0, 4, 0, 0, 37 ]
[ 4, -1, -1, -2, 3, 0, -1, 0, 4 ]
[ 1, 0, -4, -4, 1, 1, 0, 0, 37 ]
[ -13, 1, 0, -1, 0, 4, 0, 0, 37 ]
[ 13, -1, 0, -4, 1, 1, -1, 0, 4 ]
[ -1, 20, 0, 0, -5, 1, 0, 2, 7 ]
[ 0, 5, -1, -1, 20, 0, 0, 2, 7 ]
[ -2, 3, 0, 0, -5, 1, -1, 0, 4 ]
[ 1, -1, 11, -2, 3, 0, 0, 0, 37 ]
[ -1, 0, 4, 1, -1, 11, 0, 0, 37 ]
[ 1, 0, -4, -2, 3, 0, 1, -1, 11 ]
[ 1, -20, 0, 0, 1, 22, 0, 0, 37 ]
[ 1, -20, 0, 0, 2, 7, 0, 1, 22 ]
[ 0, 1, 22, -1, 20, 0, 0, 0, 37 ]
[ 0, 2, 7, -1, 20, 0, 0, 1, 22 ]
[ -1, 0, 4, 0, -5, 1, 0, 2, 7 ]
[ -1, 1, -11, -1, 0, 4, 0, 0, 37 ]
[ 2, -3, 0, 1, -1, 11, 0, 0, 37 ]
[ -2, 3, 0, -1, 0, 4, 1, -1, 11 ]
[ 1, 0, -4, 0, 1, 22, 0, 0, 37 ]
[ 1, 0, -4, 0, 2, 7, 0, 1, 22 ]
[ 37, 0, 0, 15, 1, 0, 9, 0, 1 ]
[ 15, 1, 0, -7, 2, 0, 9, 0, 1 ]
[ 1, 0, -4, 15, 1, 0, 0, 0, 37 ]
[ 9, 0, 1, 15, 1, 0, -1, 0, 4 ]
[ 1, 5, 0, 0, 37, 0, 0, -8, 1 ]
[ 7, -2, 0, 1, 5, 0, 2, 2, 1 ]
[ 4, -1, -2, -7, 2, 0, 0, 0, 37 ]
[ 9, 0, 1, -7, 2, 0, -4, 1, 2 ]
[ 15, 1, 0, -1, 0, 4, 0, 0, 37 ]
[ -15, -1, 0, 9, 0, 1, -1, 0, 4 ]
[ -1, -5, 0, 0, -8, 1, 0, -3, 5 ]
[ 2, 2, 1, 1, 5, 0, 1, 2, 5 ]
[ -7, 2, 0, 3, -1, 2, 0, 0, 37 ]
[ 7, -2, 0, 2, 2, 1, 3, -1, 2 ]
[ 1, 0, -4, -4, 1, 2, 0, 0, 37 ]
[ 9, 0, 1, -4, 1, 2, -1, 0, 4 ]
[ -1, -5, 0, 0, -1, 14, 0, 0, 37 ]
[ -1, -5, 0, 0, -3, 5, 0, -1, 14 ]
[ 0, -1, 14, 1, 5, 0, 0, 0, 37 ]
[ -1, -2, -5, 0, -1, 14, 0, 0, 37 ]
[ 1, 2, 5, 1, 5, 0, 0, -1, 14 ]
[ 1, 1, 19, 1, 2, 5, 0, 0, 37 ]
[ 2, 2, 1, 1, 2, 5, 1, 1, 19 ]
[ -3, 1, -2, -1, 0, 4, 0, 0, 37 ]
[ 3, -1, 2, 2, 2, 1, -1, 0, 4 ]
[ 1, 0, -4, 1, 1, 19, 0, 0, 37 ]
[ 1, 0, -4, 2, 2, 1, 1, 1, 19 ]
[ 37, 0, 0, 6, 1, 0, 9, 0, 1 ]
[ 1, -6, 0, 0, 37, 0, 0, 17, 1 ]
[ 6, 1, 0, -1, 6, 0, 3, -1, 1 ]
[ 1, 0, -4, 6, 1, 0, 0, 0, 37 ]
[ 9, 0, 1, 6, 1, 0, -1, 0, 4 ]
[ 1, -6, 0, 0, 17, 1, 0, -3, 2 ]
[ 3, -1, 1, -1, 6, 0, -1, 3, 2 ]
[ -1, 0, 4, 3, -1, 1, 0, 0, 37 ]
[ 6, 1, 0, -1, 0, 4, 0, 0, 37 ]
[ -6, -1, 0, 3, -1, 1, -1, 0, 4 ]
[ -1, 6, 0, 0, -1, 13, 0, 0, 37 ]
[ -1, 6, 0, 0, -3, 2, 0, -1, 13 ]
[ 0, 1, -13, -1, 6, 0, 0, 0, 37 ]
[ -1, 3, 2, 0, -1, 13, 0, 0, 37 ]
[ 1, -3, -2, -1, 6, 0, 0, -1, 13 ]
[ -3, 1, -1, -1, 0, 4, 0, 0, 37 ]
[ 3, -1, 1, -1, 3, 2, -1, 0, 4 ]
[ 0, 1, -13, -1, 3, 2, 0, 0, 37 ]
[ -1, 0, 4, 0, -1, 13, 0, 0, 37 ]
[ 1, 0, -4, -1, 3, 2, 0, -1, 13 ]
[ 37, 0, 0, -3, 1, 0, 9, 0, 1 ]
[ 1, 12, 0, 0, 37, 0, 0, 3, 1 ]
[ 3, -1, 0, 1, 12, 0, 0, 3, 1 ]
[ 1, 0, -4, -3, 1, 0, 0, 0, 37 ]
[ 9, 0, 1, -3, 1, 0, -1, 0, 4 ]
[ -1, -12, 0, 0, -1, 12, 0, 0, 37 ]
[ 1, 12, 0, 0, 3, 1, 0, -1, 12 ]
[ 0, -1, 12, 1, 12, 0, 0, 0, 37 ]
[ 0, -3, -1, 1, 12, 0, 0, -1, 12 ]
[ -3, 1, 0, -1, 0, 4, 0, 0, 37 ]
[ 3, -1, 0, 0, 3, 1, -1, 0, 4 ]
[ -1, 0, 4, 0, -1, 12, 0, 0, 37 ]
[ 1, 0, -4, 0, 3, 1, 0, -1, 12 ]
[ 37, 0, 0, -12, 1, 0, 9, 0, 1 ]
[ 1, 3, 0, 0, 37, 0, 0, 10, 1 ]
[ 12, -1, 0, 1, 3, 0, -3, 1, 1 ]
[ 1, 0, -4, -12, 1, 0, 0, 0, 37 ]
[ 9, 0, 1, -12, 1, 0, -1, 0, 4 ]
[ 1, 3, 0, 0, 10, 1, 0, 3, 4 ]
[ -3, 1, 1, -1, 0, 4, 0, 0, 37 ]
[ 3, -1, -1, 1, 3, 0, -1, 0, 4 ]
[ 1, 0, -4, -3, 1, 1, 0, 0, 37 ]
[ -12, 1, 0, -1, 0, 4, 0, 0, 37 ]
[ 12, -1, 0, -3, 1, 1, -1, 0, 4 ]
[ -1, -3, 0, 0, -1, 11, 0, 0, 37 ]
[ 1, 3, 0, 0, 3, 4, 0, -1, 11 ]
[ 0, -1, 11, 1, 3, 0, 0, 0, 37 ]
[ -1, 0, 4, 0, -1, 11, 0, 0, 37 ]
[ 1, 0, -4, 1, 3, 0, 0, -1, 11 ]
[ 37, 0, 0, 16, 1, 0, 9, 0, 1 ]
[ 16, 1, 0, -5, 2, 0, 9, 0, 1 ]
[ 1, 0, -4, 16, 1, 0, 0, 0, 37 ]
[ 9, 0, 1, 16, 1, 0, -1, 0, 4 ]
[ 1, 7, 0, 0, 37, 0, 0, 11, 1 ]
[ 5, -2, 0, 1, 7, 0, -1, 4, 1 ]
[ 3, -1, -2, -5, 2, 0, 0, 0, 37 ]
[ 9, 0, 1, -5, 2, 0, -3, 1, 2 ]
[ 16, 1, 0, -1, 0, 4, 0, 0, 37 ]
[ -16, -1, 0, 9, 0, 1, -1, 0, 4 ]
[ 1, 7, 0, 0, 11, 1, 0, -4, 3 ]
[ 1, -4, -1, 1, 7, 0, 0, -4, 3 ]
[ -5, 2, 0, 2, -1, 2, 0, 0, 37 ]
[ 5, -2, 0, -1, 4, 1, 2, -1, 2 ]
[ 1, 0, -4, -3, 1, 2, 0, 0, 37 ]
[ 9, 0, 1, -3, 1, 2, -1, 0, 4 ]
[ -1, -7, 0, 0, -1, 10, 0, 0, 37 ]
[ -1, -7, 0, 0, -4, 3, 0, -1, 10 ]
[ 0, -1, 10, 1, 7, 0, 0, 0, 37 ]
[ 0, -4, 3, 1, 7, 0, 0, -1, 10 ]
[ -1, 4, 1, 0, -1, 10, 0, 0, 37 ]
[ -1, 4, 1, 0, -4, 3, 0, -1, 10 ]
[ -2, 1, -2, 1, -1, 6, 0, 0, 37 ]
[ 2, -1, 2, -1, 4, 1, 1, -1, 6 ]
[ 0, 1, -10, -1, 4, 1, 0, 0, 37 ]
[ -1, 1, -6, 0, -1, 10, 0, 0, 37 ]
[ 1, -1, 6, -1, 4, 1, 0, -1, 10 ]
[ 37, 0, 0, 7, 1, 0, 9, 0, 1 ]
[ 7, 1, 0, -2, 5, 0, 2, -1, 1 ]
[ 1, 0, -4, 7, 1, 0, 0, 0, 37 ]
[ 9, 0, 1, 7, 1, 0, -1, 0, 4 ]
[ 1, -21, 0, 0, 37, 0, 0, 4, 1 ]
[ 2, -5, 0, -1, 21, 0, 0, 4, 1 ]
[ -2, 1, -1, 1, -1, 5, 0, 0, 37 ]
[ 2, -1, 1, -2, 5, 0, 1, -1, 5 ]
[ -1, 0, 4, 2, -1, 1, 0, 0, 37 ]
[ 7, 1, 0, -1, 0, 4, 0, 0, 37 ]
[ -7, -1, 0, 2, -1, 1, -1, 0, 4 ]
[ -1, 21, 0, 0, -1, 9, 0, 0, 37 ]
[ 1, -21, 0, 0, 4, 1, 0, -1, 9 ]
[ 0, 1, -9, -1, 21, 0, 0, 0, 37 ]
[ 0, 4, 1, -1, 21, 0, 0, -1, 9 ]
[ 2, -5, 0, 0, 4, 1, -1, 4, 5 ]
[ 1, -2, 14, -2, 5, 0, 0, 0, 37 ]
[ -1, 1, -5, 1, -2, 14, 0, 0, 37 ]
[ 1, -1, 5, -2, 5, 0, 1, -2, 14 ]
[ -1, 4, 5, 0, -1, 9, 0, 0, 37 ]
[ 1, -4, -5, 0, 4, 1, 0, -1, 9 ]
[ 1, -3, -14, -1, 4, 5, 0, 0, 37 ]
[ 2, -5, 0, -1, 3, 14, 0, 0, 37 ]
[ 2, -5, 0, -1, 4, 5, -1, 3, 14 ]
[ 37, 0, 0, -2, 1, 0, 9, 0, 1 ]
[ 1, -19, 0, 0, 37, 0, 0, -14, 1 ]
[ 2, -1, 0, -1, 19, 0, -1, 5, 1 ]
[ 1, 0, -4, -2, 1, 0, 0, 0, 37 ]
[ 9, 0, 1, -2, 1, 0, -1, 0, 4 ]
[ -1, 19, 0, 0, -14, 1, 0, -5, 3 ]
[ 1, -5, -1, -1, 19, 0, 0, -5, 3 ]
[ -2, 1, 0, 1, -1, 4, 0, 0, 37 ]
[ 2, -1, 0, -1, 5, 1, 1, -1, 4 ]
[ -1, 19, 0, 0, -1, 8, 0, 0, 37 ]
[ -1, 19, 0, 0, -5, 3, 0, -1, 8 ]
[ 0, 1, -8, -1, 19, 0, 0, 0, 37 ]
[ 0, 5, -3, -1, 19, 0, 0, -1, 8 ]
[ -1, 5, 1, 0, -1, 8, 0, 0, 37 ]
[ -1, 5, 1, 0, -5, 3, 0, -1, 8 ]
[ 0, 1, -8, -1, 5, 1, 0, 0, 37 ]
[ -1, 1, -4, 0, -1, 8, 0, 0, 37 ]
[ 1, -1, 4, -1, 5, 1, 0, -1, 8 ]
[ 37, 0, 0, -11, 1, 0, 9, 0, 1 ]
[ 11, -1, 0, 4, 3, 0, -2, 1, 1 ]
[ 1, 0, -4, -11, 1, 0, 0, 0, 37 ]
[ 9, 0, 1, -11, 1, 0, -1, 0, 4 ]
[ 1, 10, 0, 0, 37, 0, 0, -16, 1 ]
[ 4, 3, 0, 1, 10, 0, 2, 4, 1 ]
[ -2, 1, 1, -1, 0, 4, 0, 0, 37 ]
[ 2, -1, -1, 4, 3, 0, -1, 0, 4 ]
[ 1, 0, -4, -2, 1, 1, 0, 0, 37 ]
[ -11, 1, 0, -1, 0, 4, 0, 0, 37 ]
[ 11, -1, 0, -2, 1, 1, -1, 0, 4 ]
[ -1, -10, 0, 0, -16, 1, 0, 5, 2 ]
[ 2, 4, 1, 1, 10, 0, -1, -5, 2 ]
[ 4, 3, 0, 2, 4, 1, -1, 0, 4 ]
[ -1, -1, 11, 4, 3, 0, 0, 0, 37 ]
[ -1, 0, 4, -1, -1, 11, 0, 0, 37 ]
[ 1, 0, -4, 4, 3, 0, -1, -1, 11 ]
[ -1, -10, 0, 0, -1, 7, 0, 0, 37 ]
[ 1, 10, 0, 0, 5, 2, 0, -1, 7 ]
[ 0, -1, 7, 1, 10, 0, 0, 0, 37 ]
[ -1, -5, 2, 0, -1, 7, 0, 0, 37 ]
[ 1, 5, -2, 1, 10, 0, 0, -1, 7 ]
[ 0, 1, -7, -1, -5, 2, 0, 0, 37 ]
[ -2, -4, -1, -1, -5, 2, 0, -1, 7 ]
[ 1, 0, -4, 2, 4, 1, -1, -1, 11 ]
[ 1, 1, -11, -1, 0, 4, 0, 0, 37 ]
[ -4, -3, 0, -1, -1, 11, 0, 0, 37 ]
[ 4, 3, 0, -1, 0, 4, -1, -1, 11 ]
[ -1, 0, 4, -1, -1, 11, 0, 0, 37 ]
[ -1, -2, -19, 0, -1, 7, 0, 0, 37 ]
[ -2, -4, -1, 0, -1, 7, 1, 2, 19 ]
[ 1, 1, -11, 1, 2, 19, 0, 0, 37 ]
[ 1, 1, -11, 2, 4, 1, 1, 2, 19 ]
[ 37, 0, 0, 17, 1, 0, 9, 0, 1 ]
[ 17, 1, 0, -3, 2, 0, 9, 0, 1 ]
[ 1, 0, -4, 17, 1, 0, 0, 0, 37 ]
[ 9, 0, 1, 17, 1, 0, -1, 0, 4 ]
[ 1, -13, 0, 0, 37, 0, 0, 6, 1 ]
[ 3, -2, 0, -1, 13, 0, 0, 6, 1 ]
[ 2, -1, -2, -3, 2, 0, 0, 0, 37 ]
[ 9, 0, 1, -3, 2, 0, -2, 1, 2 ]
[ 17, 1, 0, -1, 0, 4, 0, 0, 37 ]
[ -17, -1, 0, 9, 0, 1, -1, 0, 4 ]
[ -1, 13, 0, 0, -1, 6, 0, 0, 37 ]
[ 1, -13, 0, 0, 6, 1, 0, -1, 6 ]
[ 0, 1, -6, -1, 13, 0, 0, 0, 37 ]
[ 0, 6, 1, -1, 13, 0, 0, -1, 6 ]
[ -3, 2, 0, 1, -1, 2, 0, 0, 37 ]
[ 3, -2, 0, 0, 6, 1, 1, -1, 2 ]
[ 1, 0, -4, -2, 1, 2, 0, 0, 37 ]
[ 9, 0, 1, -2, 1, 2, -1, 0, 4 ]
[ -1, 1, -2, 0, -1, 6, 0, 0, 37 ]
[ 1, -1, 2, 0, 6, 1, 0, -1, 6 ]
[ 37, 0, 0, 8, 1, 0, 9, 0, 1 ]
[ 8, 1, 0, 3, 5, 0, 1, -1, 1 ]
[ 1, 0, -4, 8, 1, 0, 0, 0, 37 ]
[ 9, 0, 1, 8, 1, 0, -1, 0, 4 ]
[ 1, 14, 0, 0, 37, 0, 0, -15, 1 ]
[ 3, 5, 0, 1, 14, 0, 1, -1, 1 ]
[ -1, 1, -1, 0, -1, 5, 0, 0, 37 ]
[ 1, -1, 1, 3, 5, 0, 0, -1, 5 ]
[ -1, 0, 4, 1, -1, 1, 0, 0, 37 ]
[ 8, 1, 0, -1, 0, 4, 0, 0, 37 ]
[ -8, -1, 0, 1, -1, 1, -1, 0, 4 ]
[ -1, -14, 0, 0, -15, 1, 0, 7, 2 ]
[ 1, -1, 1, 1, 14, 0, 0, 7, 2 ]
[ 0, -1, 5, 1, -1, 1, 0, 0, 37 ]
[ -3, -5, 0, 1, -1, 1, 0, -1, 5 ]
[ -1, -2, 14, 3, 5, 0, 0, 0, 37 ]
[ 0, 1, -5, -1, -2, 14, 0, 0, 37 ]
[ 0, -1, 5, 3, 5, 0, -1, -2, 14 ]
[ -1, -14, 0, 0, -1, 5, 0, 0, 37 ]
[ 1, 14, 0, 0, 7, 2, 0, -1, 5 ]
[ 0, -1, 5, 1, 14, 0, 0, 0, 37 ]
[ 0, -7, -2, 1, 14, 0, 0, -1, 5 ]
[ -1, 1, -1, 0, -1, 5, 0, 0, 37 ]
[ 1, -1, 1, 0, 7, 2, 0, -1, 5 ]
[ -1, -2, 14, 0, -1, 5, 0, 0, 37 ]
[ -3, -5, 0, -1, -2, 14, 0, 0, 37 ]
[ -3, -5, 0, 0, -1, 5, -1, -2, 14 ]
[ 1, -1, 0, 0, 37, 0, 0, 9, 1 ]
[ 37, 0, 0, -1, 1, 0, 9, 0, 1 ]
[ -1, 1, 0, 0, -1, 4, 0, 0, 37 ]
[ 1, -1, 0, 0, 9, 1, 0, -1, 4 ]
[ 1, 0, -4, -1, 1, 0, 0, 0, 37 ]
[ 9, 0, 1, -1, 1, 0, -1, 0, 4 ]
[ 37, 0, 0, -10, 1, 0, 9, 0, 1 ]
[ 1, -1, -1, -3, 4, 0, 0, 0, 37 ]
[ 10, -1, 0, -3, 4, 0, -1, 1, 1 ]
[ 1, 0, -4, -10, 1, 0, 0, 0, 37 ]
[ 9, 0, 1, -10, 1, 0, -1, 0, 4 ]
[ 1, 11, 0, 0, 37, 0, 0, 12, 1 ]
[ -3, 4, 0, -1, 1, 1, 0, 0, 37 ]
[ 3, -4, 0, 1, 11, 0, -1, 1, 1 ]
[ 1, 0, -4, -1, 1, 1, 0, 0, 37 ]
[ -10, 1, 0, -1, 0, 4, 0, 0, 37 ]
[ 10, -1, 0, -1, 1, 1, -1, 0, 4 ]
[ -1, -11, 0, 0, -1, 3, 0, 0, 37 ]
[ 1, 11, 0, 0, 12, 1, 0, -1, 3 ]
[ 0, -1, 3, 1, 11, 0, 0, 0, 37 ]
[ -1, 1, 1, 0, -1, 3, 0, 0, 37 ]
[ 1, -1, -1, 1, 11, 0, 0, -1, 3 ]
[ 37, 0, 0, 18, 1, 0, 9, 0, 1 ]
[ 1, -2, 0, 0, 37, 0, 0, 18, 1 ]
[ 18, 1, 0, -1, 2, 0, 9, 0, 1 ]
[ 1, 0, -4, 18, 1, 0, 0, 0, 37 ]
[ 9, 0, 1, 18, 1, 0, -1, 0, 4 ]
[ -1, 2, 0, 0, -1, 2, 0, 0, 37 ]
[ 1, -2, 0, 0, 18, 1, 0, -1, 2 ]
[ 1, -1, -2, -1, 2, 0, 0, 0, 37 ]
[ 9, 0, 1, -1, 2, 0, -1, 1, 2 ]
[ 18, 1, 0, -1, 0, 4, 0, 0, 37 ]
[ -18, -1, 0, 9, 0, 1, -1, 0, 4 ]
[ 1, 0, -4, -1, 1, 2, 0, 0, 37 ]
[ 9, 0, 1, -1, 1, 2, -1, 0, 4 ]
[ 37, 0, 0, 9, 1, 0, 9, 0, 1 ]
[ -1, 4, 0, 0, -1, 1, 0, 0, 37 ]
[ 1, -4, 0, 0, 37, 0, 0, -1, 1 ]
[ 0, 1, -1, -1, 4, 0, 0, 0, 37 ]
[ 9, 1, 0, -1, 4, 0, 0, -1, 1 ]
[ 1, 0, -4, 9, 1, 0, 0, 0, 37 ]
[ 9, 0, 1, 9, 1, 0, -1, 0, 4 ]
[ -1, 0, 4, 0, -1, 1, 0, 0, 37 ]
[ 9, 1, 0, -1, 0, 4, 0, 0, 37 ]
[ -9, -1, 0, 0, -1, 1, -1, 0, 4 ]
[ 37, 0, 0, 0, 1, 0, 12, 0, 1 ]
[ 1, 0, -3, 0, 1, 0, 0, 0, 37 ]
[ 12, 0, 1, 0, 1, 0, -1, 0, 3 ]
[ 37, 0, 0, -12, 1, 0, 12, 0, 1 ]
[ 1, 3, 0, 0, 1, 1, 0, 0, 37 ]
[ 1, 3, 0, 0, 37, 0, 0, 1, 1 ]
[ 0, -1, -1, 1, 3, 0, 0, 0, 37 ]
[ 12, -1, 0, 1, 3, 0, 0, 1, 1 ]
[ 1, 0, -3, -12, 1, 0, 0, 0, 37 ]
[ 12, 0, 1, -12, 1, 0, -1, 0, 3 ]
[ 1, 0, -3, 0, 1, 1, 0, 0, 37 ]
[ -12, 1, 0, -1, 0, 3, 0, 0, 37 ]
[ 12, -1, 0, 0, 1, 1, -1, 0, 3 ]
[ 37, 0, 0, 13, 1, 0, 12, 0, 1 ]
[ 1, 1, -1, 2, 3, 0, 0, 0, 37 ]
[ 13, 1, 0, 2, 3, 0, -1, -1, 1 ]
[ 1, 0, -3, 13, 1, 0, 0, 0, 37 ]
[ 12, 0, 1, 13, 1, 0, -1, 0, 3 ]
[ 1, 20, 0, 0, 37, 0, 0, -18, 1 ]
[ 2, 3, 0, 1, 2, 1, 0, 0, 37 ]
[ 2, 3, 0, 1, 20, 0, 1, 2, 1 ]
[ -1, 0, 3, -1, -1, 1, 0, 0, 37 ]
[ 13, 1, 0, -1, 0, 3, 0, 0, 37 ]
[ -13, -1, 0, -1, -1, 1, -1, 0, 3 ]
[ 1, 20, 0, 0, 1, 2, 0, 0, 37 ]
[ -1, -20, 0, 0, -18, 1, 0, 1, 2 ]
[ 0, -1, -2, 1, 20, 0, 0, 0, 37 ]
[ 1, 2, 1, 0, 1, 2, 0, 0, 37 ]
[ 1, 2, 1, 1, 20, 0, 0, 1, 2 ]
[ 1, 1, 0, 0, 37, 0, 0, -12, 1 ]
[ 37, 0, 0, 1, 1, 0, 12, 0, 1 ]
[ 1, 1, 0, 0, 1, 3, 0, 0, 37 ]
[ -1, -1, 0, 0, -12, 1, 0, 1, 3 ]
[ 1, 0, -3, 1, 1, 0, 0, 0, 37 ]
[ 12, 0, 1, 1, 1, 0, -1, 0, 3 ]
[ 37, 0, 0, -11, 1, 0, 12, 0, 1 ]
[ -1, -1, -1, 4, 3, 0, 0, 0, 37 ]
[ 11, -1, 0, 4, 3, 0, 1, 1, 1 ]
[ 1, 0, -3, -11, 1, 0, 0, 0, 37 ]
[ 12, 0, 1, -11, 1, 0, -1, 0, 3 ]
[ 1, 10, 0, 0, 37, 0, 0, -9, 1 ]
[ 4, 3, 0, 1, 1, 1, 0, 0, 37 ]
[ 4, 3, 0, 1, 10, 0, 1, 1, 1 ]
[ 1, 0, -3, 1, 1, 1, 0, 0, 37 ]
[ -11, 1, 0, -1, 0, 3, 0, 0, 37 ]
[ 11, -1, 0, 1, 1, 1, -1, 0, 3 ]
[ 1, 10, 0, 0, 1, 4, 0, 0, 37 ]
[ -1, -10, 0, 0, -9, 1, 0, 1, 4 ]
[ 0, -1, -4, 1, 10, 0, 0, 0, 37 ]
[ 1, 1, 1, 0, 1, 4, 0, 0, 37 ]
[ 1, 1, 1, 1, 10, 0, 0, 1, 4 ]
[ 37, 0, 0, 14, 1, 0, 12, 0, 1 ]
[ 2, 1, -1, 5, 3, 0, 0, 0, 37 ]
[ 14, 1, 0, 5, 3, 0, -2, -1, 1 ]
[ 1, 0, -3, 14, 1, 0, 0, 0, 37 ]
[ 12, 0, 1, 14, 1, 0, -1, 0, 3 ]
[ 1, 8, 0, 0, 37, 0, 0, 15, 1 ]
[ 5, 3, 0, -2, -1, 1, 0, 0, 37 ]
[ 5, 3, 0, 1, 8, 0, -2, -1, 1 ]
[ -1, 0, 3, -2, -1, 1, 0, 0, 37 ]
[ 14, 1, 0, -1, 0, 3, 0, 0, 37 ]
[ -14, -1, 0, -2, -1, 1, -1, 0, 3 ]
[ 1, 8, 0, 0, 15, 1, 0, -7, 2 ]
[ 2, 1, -1, 1, 1, 2, 0, 0, 37 ]
[ 2, 1, -1, 1, 8, 0, 1, 1, 2 ]
[ 1, 8, 0, 0, 1, 5, 0, 0, 37 ]
[ -1, -8, 0, 0, -7, 2, 0, 1, 5 ]
[ 0, -1, -5, 1, 8, 0, 0, 0, 37 ]
[ 1, 1, 2, 0, 1, 5, 0, 0, 37 ]
[ 1, 1, 2, 1, 8, 0, 0, 1, 5 ]
[ 37, 0, 0, 2, 1, 0, 12, 0, 1 ]
[ 1, 19, 0, 0, 37, 0, 0, -6, 1 ]
[ 2, 1, 0, 1, 19, 0, 0, -6, 1 ]
[ 1, 0, -3, 2, 1, 0, 0, 0, 37 ]
[ 12, 0, 1, 2, 1, 0, -1, 0, 3 ]
[ 1, 19, 0, 0, 1, 6, 0, 0, 37 ]
[ -1, -19, 0, 0, -6, 1, 0, 1, 6 ]
[ 0, -1, -6, 1, 19, 0, 0, 0, 37 ]
[ 0, -6, 1, 1, 19, 0, 0, 1, 6 ]
[ 2, 1, 0, 1, 1, 3, 0, 0, 37 ]
[ -2, -1, 0, 0, -6, 1, 1, 1, 3 ]
[ 1, 1, 3, 0, 1, 6, 0, 0, 37 ]
[ -1, -1, -3, 0, -6, 1, 0, 1, 6 ]
[ 37, 0, 0, -10, 1, 0, 12, 0, 1 ]
[ 10, -1, 0, -3, 4, 0, 2, 1, 1 ]
[ 1, 0, -3, -10, 1, 0, 0, 0, 37 ]
[ 12, 0, 1, -10, 1, 0, -1, 0, 3 ]
[ 1, 11, 0, 0, 37, 0, 0, 16, 1 ]
[ 3, -4, 0, 1, 11, 0, -1, 5, 1 ]
[ 2, 1, 1, -1, 0, 3, 0, 0, 37 ]
[ 2, 1, 1, -3, 4, 0, -1, 0, 3 ]
[ 1, 0, -3, 2, 1, 1, 0, 0, 37 ]
[ -10, 1, 0, -1, 0, 3, 0, 0, 37 ]
[ 10, -1, 0, 2, 1, 1, -1, 0, 3 ]
[ 1, 11, 0, 0, 16, 1, 0, -5, 2 ]
[ 1, -5, -1, 1, 11, 0, 0, -5, 2 ]
[ 3, -4, 0, -1, 5, 1, -1, 0, 3 ]
[ 1, -1, -10, -3, 4, 0, 0, 0, 37 ]
[ 1, 0, -3, -1, 1, 10, 0, 0, 37 ]
[ 1, 0, -3, -3, 4, 0, -1, 1, 10 ]
[ 1, 11, 0, 0, 1, 7, 0, 0, 37 ]
[ -1, -11, 0, 0, -5, 2, 0, 1, 7 ]
[ 0, -1, -7, 1, 11, 0, 0, 0, 37 ]
[ 0, -5, 2, 1, 11, 0, 0, 1, 7 ]
[ 1, -5, -1, 0, 1, 7, 0, 0, 37 ]
[ -1, 5, 1, 0, -5, 2, 0, 1, 7 ]
[ 0, 1, 7, -1, 5, 1, 0, 0, 37 ]
[ 1, 0, -3, 0, 1, 7, 0, 0, 37 ]
[ 1, 0, -3, -1, 5, 1, 0, 1, 7 ]
[ -1, 1, 10, -1, 0, 3, 0, 0, 37 ]
[ -3, 4, 0, -1, 1, 10, 0, 0, 37 ]
[ -3, 4, 0, -1, 0, 3, -1, 1, 10 ]
[ 37, 0, 0, 15, 1, 0, 12, 0, 1 ]
[ 15, 1, 0, -7, 2, 0, -3, -1, 1 ]
[ 1, 0, -3, 15, 1, 0, 0, 0, 37 ]
[ 12, 0, 1, 15, 1, 0, -1, 0, 3 ]
[ 1, 5, 0, 0, 37, 0, 0, 14, 1 ]
[ 7, -2, 0, 1, 5, 0, -3, -1, 1 ]
[ 3, 1, -1, -1, 0, 3, 0, 0, 37 ]
[ 3, 1, -1, -7, 2, 0, -1, 0, 3 ]
[ -1, 0, 3, -3, -1, 1, 0, 0, 37 ]
[ 15, 1, 0, -1, 0, 3, 0, 0, 37 ]
[ -15, -1, 0, -3, -1, 1, -1, 0, 3 ]
[ 1, 5, 0, 0, 14, 1, 0, 5, 3 ]
[ 3, 1, -1, 1, 5, 0, -1, 0, 3 ]
[ -7, 2, 0, -3, -1, 1, -1, 0, 3 ]
[ 4, -1, -20, -7, 2, 0, 0, 0, 37 ]
[ 1, 0, -3, -4, 1, 20, 0, 0, 37 ]
[ 1, 0, -3, -7, 2, 0, -4, 1, 20 ]
[ 3, 1, -1, -1, 0, 3, 0, 0, 37 ]
[ -1, 0, 3, -3, -1, 1, 0, 0, 37 ]
[ 1, 5, 0, 0, 1, 8, 0, 0, 37 ]
[ 1, 5, 0, 0, 5, 3, 0, 1, 8 ]
[ 0, -1, -8, 1, 5, 0, 0, 0, 37 ]
[ 1, 0, -3, 0, 1, 8, 0, 0, 37 ]
[ 1, 0, -3, 1, 5, 0, 0, 1, 8 ]
[ -4, 1, 20, -1, 0, 3, 0, 0, 37 ]
[ -7, 2, 0, -4, 1, 20, 0, 0, 37 ]
[ -7, 2, 0, -1, 0, 3, -4, 1, 20 ]
[ 37, 0, 0, 3, 1, 0, 12, 0, 1 ]
[ 1, -12, 0, 0, 37, 0, 0, -4, 1 ]
[ 3, 1, 0, -1, 12, 0, 0, -4, 1 ]
[ 1, 0, -3, 3, 1, 0, 0, 0, 37 ]
[ 12, 0, 1, 3, 1, 0, -1, 0, 3 ]
[ 1, -12, 0, 0, 1, 9, 0, 0, 37 ]
[ -1, 12, 0, 0, -4, 1, 0, 1, 9 ]
[ 0, 1, 9, -1, 12, 0, 0, 0, 37 ]
[ 0, 4, -1, -1, 12, 0, 0, 1, 9 ]
[ 3, 1, 0, -1, 0, 3, 0, 0, 37 ]
[ -3, -1, 0, 0, -4, 1, -1, 0, 3 ]
[ 1, 0, -3, 0, 1, 9, 0, 0, 37 ]
[ -1, 0, 3, 0, -4, 1, 0, 1, 9 ]
[ 37, 0, 0, -9, 1, 0, 12, 0, 1 ]
[ 1, 4, 0, 0, 37, 0, 0, -11, 1 ]
[ 9, -1, 0, 1, 4, 0, 3, 1, 1 ]
[ 1, 0, -3, -9, 1, 0, 0, 0, 37 ]
[ 12, 0, 1, -9, 1, 0, -1, 0, 3 ]
[ -1, -4, 0, 0, -11, 1, 0, 4, 3 ]
[ 3, 1, 1, -1, 0, 3, 0, 0, 37 ]
[ 3, 1, 1, 1, 4, 0, -1, 0, 3 ]
[ 1, 0, -3, 3, 1, 1, 0, 0, 37 ]
[ -9, 1, 0, -1, 0, 3, 0, 0, 37 ]
[ 9, -1, 0, 3, 1, 1, -1, 0, 3 ]
[ 1, 4, 0, 0, 1, 10, 0, 0, 37 ]
[ 1, 4, 0, 0, 4, 3, 0, 1, 10 ]
[ 0, -1, -10, 1, 4, 0, 0, 0, 37 ]
[ 1, 0, -3, 0, 1, 10, 0, 0, 37 ]
[ 1, 0, -3, 1, 4, 0, 0, 1, 10 ]
[ 37, 0, 0, 16, 1, 0, 12, 0, 1 ]
[ 16, 1, 0, -5, 2, 0, -4, -1, 1 ]
[ 1, 0, -3, 16, 1, 0, 0, 0, 37 ]
[ 12, 0, 1, 16, 1, 0, -1, 0, 3 ]
[ 1, 7, 0, 0, 37, 0, 0, -10, 1 ]
[ 5, -2, 0, 1, 7, 0, 1, -3, 1 ]
[ 4, 1, -1, -1, 0, 3, 0, 0, 37 ]
[ 4, 1, -1, -5, 2, 0, -1, 0, 3 ]
[ -1, 0, 3, -4, -1, 1, 0, 0, 37 ]
[ 16, 1, 0, -1, 0, 3, 0, 0, 37 ]
[ -16, -1, 0, -4, -1, 1, -1, 0, 3 ]
[ -1, -7, 0, 0, -10, 1, 0, -3, 4 ]
[ 1, -3, 1, 1, 7, 0, 0, -3, 4 ]
[ -5, 2, 0, 1, -3, 1, -1, 0, 3 ]
[ 3, -1, -20, -5, 2, 0, 0, 0, 37 ]
[ 1, 0, -3, -3, 1, 20, 0, 0, 37 ]
[ 1, 0, -3, -5, 2, 0, -3, 1, 20 ]
[ 1, 7, 0, 0, 1, 11, 0, 0, 37 ]
[ -1, -7, 0, 0, -3, 4, 0, 1, 11 ]
[ 0, -1, -11, 1, 7, 0, 0, 0, 37 ]
[ 0, -3, 4, 1, 7, 0, 0, 1, 11 ]
[ 1, -3, 1, 0, 1, 11, 0, 0, 37 ]
[ -1, 3, -1, 0, -3, 4, 0, 1, 11 ]
[ 0, -1, -11, 1, -3, 1, 0, 0, 37 ]
[ 1, 0, -3, 0, 1, 11, 0, 0, 37 ]
[ -1, 0, 3, 1, -3, 1, 0, 1, 11 ]
[ -3, 1, 20, -1, 0, 3, 0, 0, 37 ]
[ -5, 2, 0, -3, 1, 20, 0, 0, 37 ]
[ -5, 2, 0, -1, 0, 3, -3, 1, 20 ]
[ 37, 0, 0, 4, 1, 0, 12, 0, 1 ]
[ 1, -9, 0, 0, 37, 0, 0, -3, 1 ]
[ 4, 1, 0, -1, 9, 0, 0, -3, 1 ]
[ 1, 0, -3, 4, 1, 0, 0, 0, 37 ]
[ 12, 0, 1, 4, 1, 0, -1, 0, 3 ]
[ 1, -9, 0, 0, 1, 12, 0, 0, 37 ]
[ -1, 9, 0, 0, -3, 1, 0, 1, 12 ]
[ 0, 1, 12, -1, 9, 0, 0, 0, 37 ]
[ 0, 3, -1, -1, 9, 0, 0, 1, 12 ]
[ 4, 1, 0, -1, 0, 3, 0, 0, 37 ]
[ -4, -1, 0, 0, -3, 1, -1, 0, 3 ]
[ 1, 0, -3, 0, 1, 12, 0, 0, 37 ]
[ -1, 0, 3, 0, -3, 1, 0, 1, 12 ]
[ 37, 0, 0, -8, 1, 0, 12, 0, 1 ]
[ 8, -1, 0, -3, 5, 0, -4, 2, 1 ]
[ 1, 0, -3, -8, 1, 0, 0, 0, 37 ]
[ 12, 0, 1, -8, 1, 0, -1, 0, 3 ]
[ 1, -14, 0, 0, 37, 0, 0, -17, 1 ]
[ 3, -5, 0, -1, 14, 0, -1, -3, 1 ]
[ 4, -2, -1, -3, 5, 0, -1, 0, 3 ]
[ -8, 1, 0, -1, 0, 3, 0, 0, 37 ]
[ 8, -1, 0, -4, 2, 1, -1, 0, 3 ]
[ -1, 14, 0, 0, -17, 1, 0, 3, 2 ]
[ 1, 3, -1, -1, 14, 0, 0, 3, 2 ]
[ -3, 5, 0, -1, -3, 1, -1, 0, 3 ]
[ -1, 2, -8, -3, 5, 0, 0, 0, 37 ]
[ 1, 0, -3, -3, 5, 0, 1, -2, 8 ]
[ -2, 1, 19, -1, 0, 3, 0, 0, 37 ]
[ -4, 2, 1, -1, 0, 3, -2, 1, 19 ]
[ 1, 0, -3, -2, 1, 19, 0, 0, 37 ]
[ 1, 0, -3, -4, 2, 1, -2, 1, 19 ]
[ 1, -14, 0, 0, 1, 13, 0, 0, 37 ]
[ 1, -14, 0, 0, 3, 2, 0, 1, 13 ]
[ 0, 1, 13, -1, 14, 0, 0, 0, 37 ]
[ 0, 3, 2, -1, 14, 0, 0, 1, 13 ]
[ 1, 3, -1, 0, 1, 13, 0, 0, 37 ]
[ 1, 3, -1, 0, 3, 2, 0, 1, 13 ]
[ 0, 1, 13, -1, -3, 1, 0, 0, 37 ]
[ 1, 0, -3, 0, 1, 13, 0, 0, 37 ]
[ -1, 0, 3, -1, -3, 1, 0, 1, 13 ]
[ -3, 5, 0, 1, -2, 8, 0, 0, 37 ]
[ -3, 5, 0, -1, 0, 3, 1, -2, 8 ]
[ 0, -1, 24, 1, -2, 8, 0, 0, 37 ]
[ -1, 0, 3, 0, -1, 24, 0, 0, 37 ]
[ -1, 0, 3, 1, -2, 8, 0, -1, 24 ]
[ 0, 1, -24, -1, 0, 3, 0, 0, 37 ]
[ -1, 2, -8, 0, -1, 24, 0, 0, 37 ]
[ -1, 2, -8, -1, 0, 3, 0, -1, 24 ]
[ 37, 0, 0, 17, 1, 0, 12, 0, 1 ]
[ 17, 1, 0, -3, 2, 0, -5, -1, 1 ]
[ 1, 0, -3, 17, 1, 0, 0, 0, 37 ]
[ 12, 0, 1, 17, 1, 0, -1, 0, 3 ]
[ 1, -13, 0, 0, 37, 0, 0, 8, 1 ]
[ 3, -2, 0, -1, 13, 0, 1, -5, 1 ]
[ 5, 1, -1, -1, 0, 3, 0, 0, 37 ]
[ 5, 1, -1, -3, 2, 0, -1, 0, 3 ]
[ -1, 0, 3, -5, -1, 1, 0, 0, 37 ]
[ 17, 1, 0, -1, 0, 3, 0, 0, 37 ]
[ -17, -1, 0, -5, -1, 1, -1, 0, 3 ]
[ 1, -13, 0, 0, 8, 1, 0, 3, 5 ]
[ 1, -5, 1, -1, 13, 0, 0, 3, 5 ]
[ -3, 2, 0, 1, -5, 1, -1, 0, 3 ]
[ 2, -1, -20, -3, 2, 0, 0, 0, 37 ]
[ 1, 0, -3, -2, 1, 20, 0, 0, 37 ]
[ 1, 0, -3, -3, 2, 0, -2, 1, 20 ]
[ 1, -13, 0, 0, 1, 14, 0, 0, 37 ]
[ 1, -13, 0, 0, 3, 5, 0, 1, 14 ]
[ 0, 1, 14, -1, 13, 0, 0, 0, 37 ]
[ 0, 3, 5, -1, 13, 0, 0, 1, 14 ]
[ 1, -5, 1, 0, 1, 14, 0, 0, 37 ]
[ 1, -5, 1, 0, 3, 5, 0, 1, 14 ]
[ -1, 0, 3, 1, -5, 1, 0, -2, 9 ]
[ -2, 1, 20, -1, 0, 3, 0, 0, 37 ]
[ -3, 2, 0, -2, 1, 20, 0, 0, 37 ]
[ -3, 2, 0, -1, 0, 3, -2, 1, 20 ]
[ 0, -1, 23, 1, -5, 1, 0, 0, 37 ]
[ 0, -2, 9, 1, -5, 1, 0, -1, 23 ]
[ -1, 0, 3, 0, -1, 23, 0, 0, 37 ]
[ -1, 0, 3, 0, -2, 9, 0, -1, 23 ]
[ 37, 0, 0, 5, 1, 0, 12, 0, 1 ]
[ 5, 1, 0, -2, 7, 0, 2, -2, 1 ]
[ 1, 0, -3, 5, 1, 0, 0, 0, 37 ]
[ 12, 0, 1, 5, 1, 0, -1, 0, 3 ]
[ 1, -22, 0, 0, 37, 0, 0, 5, 1 ]
[ 2, -7, 0, -1, 22, 0, 0, 5, 1 ]
[ 2, -2, 1, -2, 7, 0, 1, -2, 4 ]
[ 5, 1, 0, -1, 0, 3, 0, 0, 37 ]
[ -5, -1, 0, 2, -2, 1, -1, 0, 3 ]
[ 1, -22, 0, 0, 5, 1, 0, -2, 7 ]
[ 0, 5, 1, -1, 22, 0, 0, -2, 7 ]
[ 2, -7, 0, 0, 5, 1, -1, 5, 4 ]
[ 1, -3, -11, -2, 7, 0, 0, 0, 37 ]
[ 1, -2, 4, -1, 3, 11, 0, 0, 37 ]
[ 1, -2, 4, -2, 7, 0, -1, 3, 11 ]
[ -1, 1, -19, 1, -2, 4, 0, 0, 37 ]
[ -2, 2, -1, 1, -2, 4, 1, -1, 19 ]
[ -1, 0, 3, 1, -1, 19, 0, 0, 37 ]
[ -1, 0, 3, 2, -2, 1, 1, -1, 19 ]
[ -1, 22, 0, 0, -1, 22, 0, 0, 37 ]
[ -1, 22, 0, 0, -2, 7, 0, -1, 22 ]
[ 0, 1, -22, -1, 22, 0, 0, 0, 37 ]
[ 0, 2, -7, -1, 22, 0, 0, -1, 22 ]
[ 1, -5, -4, 0, 5, 1, 0, -2, 7 ]
[ 1, -4, 11, -1, 5, 4, 0, 0, 37 ]
[ -2, 7, 0, 1, -4, 11, 0, 0, 37 ]
[ 2, -7, 0, -1, 5, 4, 1, -4, 11 ]
[ -1, 5, 4, 0, -1, 22, 0, 0, 37 ]
[ -1, 5, 4, 0, -2, 7, 0, -1, 22 ]
[ 37, 0, 0, -7, 1, 0, 12, 0, 1 ]
[ 7, -1, 0, 2, 5, 0, -2, 2, 1 ]
[ 1, 0, -3, -7, 1, 0, 0, 0, 37 ]
[ 12, 0, 1, -7, 1, 0, -1, 0, 3 ]
[ 1, 21, 0, 0, 37, 0, 0, 7, 1 ]
[ 2, 5, 0, 1, 21, 0, 0, 7, 1 ]
[ 2, -2, -1, 2, 5, 0, -1, 0, 3 ]
[ -7, 1, 0, -1, 0, 3, 0, 0, 37 ]
[ 7, -1, 0, -2, 2, 1, -1, 0, 3 ]
[ 1, 21, 0, 0, 7, 1, 0, -2, 5 ]
[ 0, -7, -1, 1, 21, 0, 0, -2, 5 ]
[ 2, 5, 0, 0, 7, 1, 1, 5, 3 ]
[ 1, 2, -8, 2, 5, 0, 0, 0, 37 ]
[ 1, 0, -3, 2, 5, 0, -1, -2, 8 ]
[ -1, 1, 19, -1, 0, 3, 0, 0, 37 ]
[ -2, 2, 1, -1, 0, 3, -1, 1, 19 ]
[ 1, 0, -3, -1, 1, 19, 0, 0, 37 ]
[ 1, 0, -3, -2, 2, 1, -1, 1, 19 ]
[ -1, -21, 0, 0, -1, 21, 0, 0, 37 ]
[ -1, -21, 0, 0, -2, 5, 0, -1, 21 ]
[ 0, -1, 21, 1, 21, 0, 0, 0, 37 ]
[ 0, -2, 5, 1, 21, 0, 0, -1, 21 ]
[ 1, 5, 3, 0, 7, 1, 0, -2, 5 ]
[ 2, 5, 0, 1, 3, 8, 0, 0, 37 ]
[ 2, 5, 0, 1, 5, 3, 1, 3, 8 ]
[ -1, -1, 24, -1, -2, 8, 0, 0, 37 ]
[ -1, 0, 3, -1, -1, 24, 0, 0, 37 ]
[ -1, 0, 3, -1, -2, 8, -1, -1, 24 ]
[ -1, -5, -3, 0, -1, 21, 0, 0, 37 ]
[ -1, -5, -3, 0, -2, 5, 0, -1, 21 ]
[ 1, 4, 24, 1, 5, 3, 0, 0, 37 ]
[ 1, 3, 8, 1, 4, 24, 0, 0, 37 ]
[ 1, 3, 8, 1, 5, 3, 1, 4, 24 ]
[ 37, 0, 0, 18, 1, 0, 12, 0, 1 ]
[ 1, -2, 0, 0, 37, 0, 0, -13, 1 ]
[ 18, 1, 0, -1, 2, 0, -6, -1, 1 ]
[ 1, 0, -3, 18, 1, 0, 0, 0, 37 ]
[ 12, 0, 1, 18, 1, 0, -1, 0, 3 ]
[ -1, 2, 0, 0, -13, 1, 0, -2, 3 ]
[ 6, 1, -1, -1, 0, 3, 0, 0, 37 ]
[ 6, 1, -1, -1, 2, 0, -1, 0, 3 ]
[ -1, 0, 3, -6, -1, 1, 0, 0, 37 ]
[ 18, 1, 0, -1, 0, 3, 0, 0, 37 ]
[ -18, -1, 0, -6, -1, 1, -1, 0, 3 ]
[ -1, 2, 0, 0, -1, 20, 0, 0, 37 ]
[ -1, 2, 0, 0, -2, 3, 0, -1, 20 ]
[ 1, -1, -20, -1, 2, 0, 0, 0, 37 ]
[ 1, 0, -3, -1, 1, 20, 0, 0, 37 ]
[ 1, 0, -3, -1, 2, 0, -1, 1, 20 ]
[ 37, 0, 0, 6, 1, 0, 12, 0, 1 ]
[ 1, -6, 0, 0, 37, 0, 0, -2, 1 ]
[ 6, 1, 0, -1, 6, 0, 0, -2, 1 ]
[ 1, 0, -3, 6, 1, 0, 0, 0, 37 ]
[ 12, 0, 1, 6, 1, 0, -1, 0, 3 ]
[ -1, 6, 0, 0, -1, 19, 0, 0, 37 ]
[ -1, 6, 0, 0, -2, 1, 0, -1, 19 ]
[ 0, 1, -19, -1, 6, 0, 0, 0, 37 ]
[ 0, 2, -1, -1, 6, 0, 0, -1, 19 ]
[ 6, 1, 0, -1, 0, 3, 0, 0, 37 ]
[ -6, -1, 0, 0, -2, 1, -1, 0, 3 ]
[ -1, 0, 3, 0, -1, 19, 0, 0, 37 ]
[ -1, 0, 3, 0, -2, 1, 0, -1, 19 ]
[ 37, 0, 0, -6, 1, 0, 12, 0, 1 ]
[ 1, 6, 0, 0, 37, 0, 0, 2, 1 ]
[ 6, -1, 0, 1, 6, 0, 0, 2, 1 ]
[ 1, 0, -3, -6, 1, 0, 0, 0, 37 ]
[ 12, 0, 1, -6, 1, 0, -1, 0, 3 ]
[ 1, 6, 0, 0, 1, 19, 0, 0, 37 ]
[ 1, 6, 0, 0, 2, 1, 0, 1, 19 ]
[ 0, -1, -19, 1, 6, 0, 0, 0, 37 ]
[ 0, -2, -1, 1, 6, 0, 0, 1, 19 ]
[ -6, 1, 0, -1, 0, 3, 0, 0, 37 ]
[ 6, -1, 0, 0, 2, 1, -1, 0, 3 ]
[ 1, 0, -3, 0, 1, 19, 0, 0, 37 ]
[ 1, 0, -3, 0, 2, 1, 0, 1, 19 ]
[ 37, 0, 0, -18, 1, 0, 12, 0, 1 ]
[ 1, 2, 0, 0, 37, 0, 0, 13, 1 ]
[ 18, -1, 0, 1, 2, 0, -6, 1, 1 ]
[ 1, 0, -3, -18, 1, 0, 0, 0, 37 ]
[ 12, 0, 1, -18, 1, 0, -1, 0, 3 ]
[ 1, 2, 0, 0, 13, 1, 0, 2, 3 ]
[ -6, 1, 1, -1, 0, 3, 0, 0, 37 ]
[ 6, -1, -1, 1, 2, 0, -1, 0, 3 ]
[ 1, 0, -3, -6, 1, 1, 0, 0, 37 ]
[ -18, 1, 0, -1, 0, 3, 0, 0, 37 ]
[ 18, -1, 0, -6, 1, 1, -1, 0, 3 ]
[ 1, 2, 0, 0, 1, 20, 0, 0, 37 ]
[ 1, 2, 0, 0, 2, 3, 0, 1, 20 ]
[ 0, -1, -20, 1, 2, 0, 0, 0, 37 ]
[ 1, 0, -3, 0, 1, 20, 0, 0, 37 ]
[ 1, 0, -3, 1, 2, 0, 0, 1, 20 ]
[ 37, 0, 0, 7, 1, 0, 12, 0, 1 ]
[ 7, 1, 0, -2, 5, 0, -2, -2, 1 ]
[ 1, 0, -3, 7, 1, 0, 0, 0, 37 ]
[ 12, 0, 1, 7, 1, 0, -1, 0, 3 ]
[ 1, -21, 0, 0, 37, 0, 0, -7, 1 ]
[ 2, -5, 0, -1, 21, 0, 0, -7, 1 ]
[ 2, 2, -1, -2, 5, 0, -1, 0, 3 ]
[ 7, 1, 0, -1, 0, 3, 0, 0, 37 ]
[ -7, -1, 0, -2, -2, 1, -1, 0, 3 ]
[ -1, 21, 0, 0, -7, 1, 0, 2, 5 ]
[ 0, 7, -1, -1, 21, 0, 0, 2, 5 ]
[ -2, 5, 0, 0, -7, 1, -1, 0, 3 ]
[ 1, -2, -8, -2, 5, 0, 0, 0, 37 ]
[ 1, 0, -3, -2, 5, 0, -1, 2, 8 ]
[ 1, 1, -19, -1, 0, 3, 0, 0, 37 ]
[ 2, 2, -1, -1, 0, 3, -1, -1, 19 ]
[ -1, 0, 3, -1, -1, 19, 0, 0, 37 ]
[ -1, 0, 3, -2, -2, 1, -1, -1, 19 ]
[ 1, -21, 0, 0, 1, 21, 0, 0, 37 ]
[ 1, -21, 0, 0, 2, 5, 0, 1, 21 ]
[ 0, 1, 21, -1, 21, 0, 0, 0, 37 ]
[ 0, 2, 5, -1, 21, 0, 0, 1, 21 ]
[ -1, 0, 3, 0, -7, 1, 0, 2, 5 ]
[ -2, 5, 0, -1, 2, 8, 0, 0, 37 ]
[ -2, 5, 0, -1, 0, 3, -1, 2, 8 ]
[ 1, -1, -24, -1, 2, 8, 0, 0, 37 ]
[ 1, 0, -3, -1, 1, 24, 0, 0, 37 ]
[ 1, 0, -3, -1, 2, 8, -1, 1, 24 ]
[ 1, 0, -3, 0, 1, 21, 0, 0, 37 ]
[ 1, 0, -3, 0, 2, 5, 0, 1, 21 ]
[ -1, 1, 24, -1, 0, 3, 0, 0, 37 ]
[ -1, 2, 8, -1, 1, 24, 0, 0, 37 ]
[ -1, 2, 8, -1, 0, 3, -1, 1, 24 ]
[ 37, 0, 0, -5, 1, 0, 12, 0, 1 ]
[ 5, -1, 0, 2, 7, 0, 2, 2, 1 ]
[ 1, 0, -3, -5, 1, 0, 0, 0, 37 ]
[ 12, 0, 1, -5, 1, 0, -1, 0, 3 ]
[ 1, 22, 0, 0, 37, 0, 0, -5, 1 ]
[ 2, 7, 0, 1, 22, 0, 0, -5, 1 ]
[ 2, 2, 1, 2, 7, 0, 1, 2, 4 ]
[ -5, 1, 0, -1, 0, 3, 0, 0, 37 ]
[ 5, -1, 0, 2, 2, 1, -1, 0, 3 ]
[ -1, -22, 0, 0, -5, 1, 0, 2, 7 ]
[ 0, -5, 1, 1, 22, 0, 0, 2, 7 ]
[ -2, -7, 0, 0, -5, 1, 1, 2, 4 ]
[ 1, 3, -11, 2, 7, 0, 0, 0, 37 ]
[ -1, -2, -4, -1, -3, 11, 0, 0, 37 ]
[ 1, 2, 4, 2, 7, 0, -1, -3, 11 ]
[ 1, 1, 19, 1, 2, 4, 0, 0, 37 ]
[ 2, 2, 1, 1, 2, 4, 1, 1, 19 ]
[ 1, 0, -3, 1, 1, 19, 0, 0, 37 ]
[ 1, 0, -3, 2, 2, 1, 1, 1, 19 ]
[ 1, 22, 0, 0, 1, 22, 0, 0, 37 ]
[ 1, 22, 0, 0, 2, 7, 0, 1, 22 ]
[ 0, -1, -22, 1, 22, 0, 0, 0, 37 ]
[ 0, -2, -7, 1, 22, 0, 0, 1, 22 ]
[ -1, -2, -4, 0, -5, 1, 0, 2, 7 ]
[ -1, -3, 11, 1, 2, 4, 0, 0, 37 ]
[ 2, 7, 0, -1, -3, 11, 0, 0, 37 ]
[ -2, -7, 0, 1, 2, 4, -1, -3, 11 ]
[ 1, 2, 4, 0, 1, 22, 0, 0, 37 ]
[ 1, 2, 4, 0, 2, 7, 0, 1, 22 ]
[ 37, 0, 0, -17, 1, 0, 12, 0, 1 ]
[ 17, -1, 0, 3, 2, 0, -5, 1, 1 ]
[ 1, 0, -3, -17, 1, 0, 0, 0, 37 ]
[ 12, 0, 1, -17, 1, 0, -1, 0, 3 ]
[ 1, 13, 0, 0, 37, 0, 0, -8, 1 ]
[ 3, 2, 0, 1, 13, 0, 1, 5, 1 ]
[ -5, 1, 1, -1, 0, 3, 0, 0, 37 ]
[ 5, -1, -1, 3, 2, 0, -1, 0, 3 ]
[ 1, 0, -3, -5, 1, 1, 0, 0, 37 ]
[ -17, 1, 0, -1, 0, 3, 0, 0, 37 ]
[ 17, -1, 0, -5, 1, 1, -1, 0, 3 ]
[ -1, -13, 0, 0, -8, 1, 0, -3, 5 ]
[ 1, 5, 1, 1, 13, 0, 0, -3, 5 ]
[ 3, 2, 0, 1, 5, 1, -1, 0, 3 ]
[ -1, -1, -20, 3, 2, 0, 0, 0, 37 ]
[ 1, 0, -3, 1, 1, 20, 0, 0, 37 ]
[ 1, 0, -3, 3, 2, 0, 1, 1, 20 ]
[ -1, -13, 0, 0, -1, 14, 0, 0, 37 ]
[ -1, -13, 0, 0, -3, 5, 0, -1, 14 ]
[ 0, -1, 14, 1, 13, 0, 0, 0, 37 ]
[ 0, -3, 5, 1, 13, 0, 0, -1, 14 ]
[ -1, -5, -1, 0, -1, 14, 0, 0, 37 ]
[ -1, -5, -1, 0, -3, 5, 0, -1, 14 ]
[ 1, 0, -3, 1, 5, 1, 0, 2, 9 ]
[ 1, 1, 20, -1, 0, 3, 0, 0, 37 ]
[ 3, 2, 0, 1, 1, 20, 0, 0, 37 ]
[ 3, 2, 0, -1, 0, 3, 1, 1, 20 ]
[ 0, -1, -23, 1, 5, 1, 0, 0, 37 ]
[ 0, -2, -9, 1, 5, 1, 0, 1, 23 ]
[ 1, 0, -3, 0, 1, 23, 0, 0, 37 ]
[ 1, 0, -3, 0, 2, 9, 0, 1, 23 ]
[ 37, 0, 0, 8, 1, 0, 12, 0, 1 ]
[ 8, 1, 0, 3, 5, 0, -4, -2, 1 ]
[ 1, 0, -3, 8, 1, 0, 0, 0, 37 ]
[ 12, 0, 1, 8, 1, 0, -1, 0, 3 ]
[ 1, 14, 0, 0, 37, 0, 0, 17, 1 ]
[ 3, 5, 0, 1, 14, 0, -1, 3, 1 ]
[ 4, 2, -1, 3, 5, 0, -1, 0, 3 ]
[ 8, 1, 0, -1, 0, 3, 0, 0, 37 ]
[ -8, -1, 0, -4, -2, 1, -1, 0, 3 ]
[ 1, 14, 0, 0, 17, 1, 0, -3, 2 ]
[ 1, -3, -1, 1, 14, 0, 0, -3, 2 ]
[ 3, 5, 0, -1, 3, 1, -1, 0, 3 ]
[ -1, -2, -8, 3, 5, 0, 0, 0, 37 ]
[ 1, 0, -3, 3, 5, 0, 1, 2, 8 ]
[ 2, 1, -19, -1, 0, 3, 0, 0, 37 ]
[ 4, 2, -1, -1, 0, 3, -2, -1, 19 ]
[ -1, 0, 3, -2, -1, 19, 0, 0, 37 ]
[ -1, 0, 3, -4, -2, 1, -2, -1, 19 ]
[ -1, -14, 0, 0, -1, 13, 0, 0, 37 ]
[ -1, -14, 0, 0, -3, 2, 0, -1, 13 ]
[ 0, -1, 13, 1, 14, 0, 0, 0, 37 ]
[ 0, -3, 2, 1, 14, 0, 0, -1, 13 ]
[ -1, 3, 1, 0, -1, 13, 0, 0, 37 ]
[ -1, 3, 1, 0, -3, 2, 0, -1, 13 ]
[ 0, 1, -13, -1, 3, 1, 0, 0, 37 ]
[ -1, 0, 3, 0, -1, 13, 0, 0, 37 ]
[ 1, 0, -3, -1, 3, 1, 0, -1, 13 ]
[ 3, 5, 0, 1, 2, 8, 0, 0, 37 ]
[ 3, 5, 0, -1, 0, 3, 1, 2, 8 ]
[ 0, -1, -24, 1, 2, 8, 0, 0, 37 ]
[ 1, 0, -3, 0, 1, 24, 0, 0, 37 ]
[ 1, 0, -3, 1, 2, 8, 0, 1, 24 ]
[ 0, 1, 24, -1, 0, 3, 0, 0, 37 ]
[ 1, 2, 8, 0, 1, 24, 0, 0, 37 ]
[ 1, 2, 8, -1, 0, 3, 0, 1, 24 ]
[ 37, 0, 0, -4, 1, 0, 12, 0, 1 ]
[ 1, 9, 0, 0, 37, 0, 0, 3, 1 ]
[ 4, -1, 0, 1, 9, 0, 0, 3, 1 ]
[ 1, 0, -3, -4, 1, 0, 0, 0, 37 ]
[ 12, 0, 1, -4, 1, 0, -1, 0, 3 ]
[ -1, -9, 0, 0, -1, 12, 0, 0, 37 ]
[ 1, 9, 0, 0, 3, 1, 0, -1, 12 ]
[ 0, -1, 12, 1, 9, 0, 0, 0, 37 ]
[ 0, -3, -1, 1, 9, 0, 0, -1, 12 ]
[ -4, 1, 0, -1, 0, 3, 0, 0, 37 ]
[ 4, -1, 0, 0, 3, 1, -1, 0, 3 ]
[ -1, 0, 3, 0, -1, 12, 0, 0, 37 ]
[ 1, 0, -3, 0, 3, 1, 0, -1, 12 ]
[ 37, 0, 0, -16, 1, 0, 12, 0, 1 ]
[ 16, -1, 0, 5, 2, 0, -4, 1, 1 ]
[ 1, 0, -3, -16, 1, 0, 0, 0, 37 ]
[ 12, 0, 1, -16, 1, 0, -1, 0, 3 ]
[ 1, -7, 0, 0, 37, 0, 0, 10, 1 ]
[ 5, 2, 0, -1, 7, 0, 1, 3, 1 ]
[ -4, 1, 1, -1, 0, 3, 0, 0, 37 ]
[ 4, -1, -1, 5, 2, 0, -1, 0, 3 ]
[ 1, 0, -3, -4, 1, 1, 0, 0, 37 ]
[ -16, 1, 0, -1, 0, 3, 0, 0, 37 ]
[ 16, -1, 0, -4, 1, 1, -1, 0, 3 ]
[ 1, -7, 0, 0, 10, 1, 0, 3, 4 ]
[ 1, 3, 1, -1, 7, 0, 0, 3, 4 ]
[ 5, 2, 0, 1, 3, 1, -1, 0, 3 ]
[ -2, -1, -20, 5, 2, 0, 0, 0, 37 ]
[ 1, 0, -3, 2, 1, 20, 0, 0, 37 ]
[ 1, 0, -3, 5, 2, 0, 2, 1, 20 ]
[ -1, 7, 0, 0, -1, 11, 0, 0, 37 ]
[ 1, -7, 0, 0, 3, 4, 0, -1, 11 ]
[ 0, 1, -11, -1, 7, 0, 0, 0, 37 ]
[ 0, 3, 4, -1, 7, 0, 0, -1, 11 ]
[ -1, -3, -1, 0, -1, 11, 0, 0, 37 ]
[ 1, 3, 1, 0, 3, 4, 0, -1, 11 ]
[ 0, -1, 11, 1, 3, 1, 0, 0, 37 ]
[ -1, 0, 3, 0, -1, 11, 0, 0, 37 ]
[ 1, 0, -3, 1, 3, 1, 0, -1, 11 ]
[ 2, 1, 20, -1, 0, 3, 0, 0, 37 ]
[ 5, 2, 0, 2, 1, 20, 0, 0, 37 ]
[ 5, 2, 0, -1, 0, 3, 2, 1, 20 ]
[ 37, 0, 0, 9, 1, 0, 12, 0, 1 ]
[ 1, -4, 0, 0, 37, 0, 0, 11, 1 ]
[ 9, 1, 0, -1, 4, 0, 3, -1, 1 ]
[ 1, 0, -3, 9, 1, 0, 0, 0, 37 ]
[ 12, 0, 1, 9, 1, 0, -1, 0, 3 ]
[ 1, -4, 0, 0, 11, 1, 0, -4, 3 ]
[ -3, 1, -1, -1, 0, 3, 0, 0, 37 ]
[ 3, -1, 1, -1, 4, 0, -1, 0, 3 ]
[ -1, 0, 3, 3, -1, 1, 0, 0, 37 ]
[ 9, 1, 0, -1, 0, 3, 0, 0, 37 ]
[ -9, -1, 0, 3, -1, 1, -1, 0, 3 ]
[ -1, 4, 0, 0, -1, 10, 0, 0, 37 ]
[ -1, 4, 0, 0, -4, 3, 0, -1, 10 ]
[ 0, 1, -10, -1, 4, 0, 0, 0, 37 ]
[ -1, 0, 3, 0, -1, 10, 0, 0, 37 ]
[ 1, 0, -3, -1, 4, 0, 0, -1, 10 ]
[ 37, 0, 0, -3, 1, 0, 12, 0, 1 ]
[ 1, 12, 0, 0, 37, 0, 0, 4, 1 ]
[ 3, -1, 0, 1, 12, 0, 0, 4, 1 ]
[ 1, 0, -3, -3, 1, 0, 0, 0, 37 ]
[ 12, 0, 1, -3, 1, 0, -1, 0, 3 ]
[ -1, -12, 0, 0, -1, 9, 0, 0, 37 ]
[ 1, 12, 0, 0, 4, 1, 0, -1, 9 ]
[ 0, -1, 9, 1, 12, 0, 0, 0, 37 ]
[ 0, -4, -1, 1, 12, 0, 0, -1, 9 ]
[ -3, 1, 0, -1, 0, 3, 0, 0, 37 ]
[ 3, -1, 0, 0, 4, 1, -1, 0, 3 ]
[ -1, 0, 3, 0, -1, 9, 0, 0, 37 ]
[ 1, 0, -3, 0, 4, 1, 0, -1, 9 ]
[ 37, 0, 0, -15, 1, 0, 12, 0, 1 ]
[ 15, -1, 0, 7, 2, 0, -3, 1, 1 ]
[ 1, 0, -3, -15, 1, 0, 0, 0, 37 ]
[ 12, 0, 1, -15, 1, 0, -1, 0, 3 ]
[ 1, -5, 0, 0, 37, 0, 0, -14, 1 ]
[ 7, 2, 0, -1, 5, 0, -3, 1, 1 ]
[ -3, 1, 1, -1, 0, 3, 0, 0, 37 ]
[ 3, -1, -1, 7, 2, 0, -1, 0, 3 ]
[ 1, 0, -3, -3, 1, 1, 0, 0, 37 ]
[ -15, 1, 0, -1, 0, 3, 0, 0, 37 ]
[ 15, -1, 0, -3, 1, 1, -1, 0, 3 ]
[ -1, 5, 0, 0, -14, 1, 0, -5, 3 ]
[ 3, -1, -1, -1, 5, 0, -1, 0, 3 ]
[ 7, 2, 0, -3, 1, 1, -1, 0, 3 ]
[ -3, -1, -20, 7, 2, 0, 0, 0, 37 ]
[ 1, 0, -3, 3, 1, 20, 0, 0, 37 ]
[ 1, 0, -3, 7, 2, 0, 3, 1, 20 ]
[ -3, 1, 1, -1, 0, 3, 0, 0, 37 ]
[ 1, 0, -3, -3, 1, 1, 0, 0, 37 ]
[ -1, 5, 0, 0, -1, 8, 0, 0, 37 ]
[ -1, 5, 0, 0, -5, 3, 0, -1, 8 ]
[ 0, 1, -8, -1, 5, 0, 0, 0, 37 ]
[ -1, 0, 3, 0, -1, 8, 0, 0, 37 ]
[ 1, 0, -3, -1, 5, 0, 0, -1, 8 ]
[ 3, 1, 20, -1, 0, 3, 0, 0, 37 ]
[ 7, 2, 0, 3, 1, 20, 0, 0, 37 ]
[ 7, 2, 0, -1, 0, 3, 3, 1, 20 ]
[ 37, 0, 0, 10, 1, 0, 12, 0, 1 ]
[ 10, 1, 0, 3, 4, 0, 2, -1, 1 ]
[ 1, 0, -3, 10, 1, 0, 0, 0, 37 ]
[ 12, 0, 1, 10, 1, 0, -1, 0, 3 ]
[ 1, -11, 0, 0, 37, 0, 0, -16, 1 ]
[ 3, 4, 0, -1, 11, 0, -1, -5, 1 ]
[ -2, 1, -1, -1, 0, 3, 0, 0, 37 ]
[ 2, -1, 1, 3, 4, 0, -1, 0, 3 ]
[ -1, 0, 3, 2, -1, 1, 0, 0, 37 ]
[ 10, 1, 0, -1, 0, 3, 0, 0, 37 ]
[ -10, -1, 0, 2, -1, 1, -1, 0, 3 ]
[ -1, 11, 0, 0, -16, 1, 0, 5, 2 ]
[ 1, 5, -1, -1, 11, 0, 0, 5, 2 ]
[ -3, -4, 0, -1, -5, 1, -1, 0, 3 ]
[ 1, 1, -10, 3, 4, 0, 0, 0, 37 ]
[ -1, 0, 3, -1, -1, 10, 0, 0, 37 ]
[ 1, 0, -3, 3, 4, 0, -1, -1, 10 ]
[ -1, 11, 0, 0, -1, 7, 0, 0, 37 ]
[ 1, -11, 0, 0, 5, 2, 0, -1, 7 ]
[ 0, 1, -7, -1, 11, 0, 0, 0, 37 ]
[ 0, 5, 2, -1, 11, 0, 0, -1, 7 ]
[ -1, -5, 1, 0, -1, 7, 0, 0, 37 ]
[ 1, 5, -1, 0, 5, 2, 0, -1, 7 ]
[ 0, 1, -7, -1, -5, 1, 0, 0, 37 ]
[ -1, 0, 3, 0, -1, 7, 0, 0, 37 ]
[ -1, 0, 3, -1, -5, 1, 0, -1, 7 ]
[ 1, 1, -10, -1, 0, 3, 0, 0, 37 ]
[ 3, 4, 0, -1, -1, 10, 0, 0, 37 ]
[ 3, 4, 0, -1, 0, 3, -1, -1, 10 ]
[ 37, 0, 0, -2, 1, 0, 12, 0, 1 ]
[ 1, -19, 0, 0, 37, 0, 0, 6, 1 ]
[ 2, -1, 0, -1, 19, 0, 0, 6, 1 ]
[ 1, 0, -3, -2, 1, 0, 0, 0, 37 ]
[ 12, 0, 1, -2, 1, 0, -1, 0, 3 ]
[ -1, 19, 0, 0, -1, 6, 0, 0, 37 ]
[ 1, -19, 0, 0, 6, 1, 0, -1, 6 ]
[ 0, 1, -6, -1, 19, 0, 0, 0, 37 ]
[ 0, 6, 1, -1, 19, 0, 0, -1, 6 ]
[ -2, 1, 0, -1, 0, 3, 0, 0, 37 ]
[ 2, -1, 0, 0, 6, 1, -1, 0, 3 ]
[ -1, 0, 3, 0, -1, 6, 0, 0, 37 ]
[ 1, 0, -3, 0, 6, 1, 0, -1, 6 ]
[ 37, 0, 0, -14, 1, 0, 12, 0, 1 ]
[ 2, -1, -1, -5, 3, 0, 0, 0, 37 ]
[ 14, -1, 0, -5, 3, 0, -2, 1, 1 ]
[ 1, 0, -3, -14, 1, 0, 0, 0, 37 ]
[ 12, 0, 1, -14, 1, 0, -1, 0, 3 ]
[ 1, -8, 0, 0, 37, 0, 0, -15, 1 ]
[ -5, 3, 0, -2, 1, 1, 0, 0, 37 ]
[ 5, -3, 0, -1, 8, 0, -2, 1, 1 ]
[ 1, 0, -3, -2, 1, 1, 0, 0, 37 ]
[ -14, 1, 0, -1, 0, 3, 0, 0, 37 ]
[ 14, -1, 0, -2, 1, 1, -1, 0, 3 ]
[ -1, 8, 0, 0, -15, 1, 0, 7, 2 ]
[ -2, 1, 1, 1, -1, 2, 0, 0, 37 ]
[ 2, -1, -1, -1, 8, 0, 1, -1, 2 ]
[ -1, 8, 0, 0, -1, 5, 0, 0, 37 ]
[ 1, -8, 0, 0, 7, 2, 0, -1, 5 ]
[ 0, 1, -5, -1, 8, 0, 0, 0, 37 ]
[ -1, 1, -2, 0, -1, 5, 0, 0, 37 ]
[ 1, -1, 2, -1, 8, 0, 0, -1, 5 ]
[ 37, 0, 0, 11, 1, 0, 12, 0, 1 ]
[ -1, 1, -1, -4, 3, 0, 0, 0, 37 ]
[ 11, 1, 0, -4, 3, 0, 1, -1, 1 ]
[ 1, 0, -3, 11, 1, 0, 0, 0, 37 ]
[ 12, 0, 1, 11, 1, 0, -1, 0, 3 ]
[ 1, -10, 0, 0, 37, 0, 0, 9, 1 ]
[ -4, 3, 0, 1, -1, 1, 0, 0, 37 ]
[ 4, -3, 0, -1, 10, 0, 1, -1, 1 ]
[ -1, 0, 3, 1, -1, 1, 0, 0, 37 ]
[ 11, 1, 0, -1, 0, 3, 0, 0, 37 ]
[ -11, -1, 0, 1, -1, 1, -1, 0, 3 ]
[ -1, 10, 0, 0, -1, 4, 0, 0, 37 ]
[ 1, -10, 0, 0, 9, 1, 0, -1, 4 ]
[ 0, 1, -4, -1, 10, 0, 0, 0, 37 ]
[ -1, 1, -1, 0, -1, 4, 0, 0, 37 ]
[ 1, -1, 1, -1, 10, 0, 0, -1, 4 ]
[ 1, -1, 0, 0, 37, 0, 0, 12, 1 ]
[ 37, 0, 0, -1, 1, 0, 12, 0, 1 ]
[ -1, 1, 0, 0, -1, 3, 0, 0, 37 ]
[ 1, -1, 0, 0, 12, 1, 0, -1, 3 ]
[ 1, 0, -3, -1, 1, 0, 0, 0, 37 ]
[ 12, 0, 1, -1, 1, 0, -1, 0, 3 ]
[ 37, 0, 0, -13, 1, 0, 12, 0, 1 ]
[ 1, -1, -1, -2, 3, 0, 0, 0, 37 ]
[ 13, -1, 0, -2, 3, 0, -1, 1, 1 ]
[ 1, 0, -3, -13, 1, 0, 0, 0, 37 ]
[ 12, 0, 1, -13, 1, 0, -1, 0, 3 ]
[ 1, -20, 0, 0, 37, 0, 0, 18, 1 ]
[ -2, 3, 0, 1, -2, 1, 0, 0, 37 ]
[ 2, -3, 0, -1, 20, 0, 1, -2, 1 ]
[ 1, 0, -3, -1, 1, 1, 0, 0, 37 ]
[ -13, 1, 0, -1, 0, 3, 0, 0, 37 ]
[ 13, -1, 0, -1, 1, 1, -1, 0, 3 ]
[ -1, 20, 0, 0, -1, 2, 0, 0, 37 ]
[ 1, -20, 0, 0, 18, 1, 0, -1, 2 ]
[ 0, 1, -2, -1, 20, 0, 0, 0, 37 ]
[ -1, 2, -1, 0, -1, 2, 0, 0, 37 ]
[ 1, -2, 1, -1, 20, 0, 0, -1, 2 ]
[ 37, 0, 0, 12, 1, 0, 12, 0, 1 ]
[ -1, 3, 0, 0, -1, 1, 0, 0, 37 ]
[ 1, -3, 0, 0, 37, 0, 0, -1, 1 ]
[ 0, 1, -1, -1, 3, 0, 0, 0, 37 ]
[ 12, 1, 0, -1, 3, 0, 0, -1, 1 ]
[ 1, 0, -3, 12, 1, 0, 0, 0, 37 ]
[ 12, 0, 1, 12, 1, 0, -1, 0, 3 ]
[ -1, 0, 3, 0, -1, 1, 0, 0, 37 ]
[ 12, 1, 0, -1, 0, 3, 0, 0, 37 ]
[ -12, -1, 0, 0, -1, 1, -1, 0, 3 ]
[ 37, 0, 0, 0, 1, 0, 18, 0, 1 ]
[ 1, 0, -2, 0, 1, 0, 0, 0, 37 ]
[ 18, 0, 1, 0, 1, 0, -1, 0, 2 ]
[ 37, 0, 0, -18, 1, 0, 18, 0, 1 ]
[ 1, 2, 0, 0, 1, 1, 0, 0, 37 ]
[ 1, 2, 0, 0, 37, 0, 0, 1, 1 ]
[ 0, -1, -1, 1, 2, 0, 0, 0, 37 ]
[ 18, -1, 0, 1, 2, 0, 0, 1, 1 ]
[ 1, 0, -2, -18, 1, 0, 0, 0, 37 ]
[ 18, 0, 1, -18, 1, 0, -1, 0, 2 ]
[ 1, 0, -2, 0, 1, 1, 0, 0, 37 ]
[ -18, 1, 0, -1, 0, 2, 0, 0, 37 ]
[ 18, -1, 0, 0, 1, 1, -1, 0, 2 ]
[ 1, 1, 0, 0, 37, 0, 0, -18, 1 ]
[ 37, 0, 0, 1, 1, 0, 18, 0, 1 ]
[ 1, 1, 0, 0, 1, 2, 0, 0, 37 ]
[ -1, -1, 0, 0, -18, 1, 0, 1, 2 ]
[ 1, 0, -2, 1, 1, 0, 0, 0, 37 ]
[ 18, 0, 1, 1, 1, 0, -1, 0, 2 ]
[ 37, 0, 0, -17, 1, 0, 18, 0, 1 ]
[ -1, -1, -1, 3, 2, 0, 0, 0, 37 ]
[ 17, -1, 0, 3, 2, 0, 1, 1, 1 ]
[ 1, 0, -2, -17, 1, 0, 0, 0, 37 ]
[ 18, 0, 1, -17, 1, 0, -1, 0, 2 ]
[ 1, 13, 0, 0, 37, 0, 0, -12, 1 ]
[ 3, 2, 0, 1, 1, 1, 0, 0, 37 ]
[ 3, 2, 0, 1, 13, 0, 1, 1, 1 ]
[ 1, 0, -2, 1, 1, 1, 0, 0, 37 ]
[ -17, 1, 0, -1, 0, 2, 0, 0, 37 ]
[ 17, -1, 0, 1, 1, 1, -1, 0, 2 ]
[ 1, 13, 0, 0, 1, 3, 0, 0, 37 ]
[ -1, -13, 0, 0, -12, 1, 0, 1, 3 ]
[ 0, -1, -3, 1, 13, 0, 0, 0, 37 ]
[ 1, 1, 1, 0, 1, 3, 0, 0, 37 ]
[ 1, 1, 1, 1, 13, 0, 0, 1, 3 ]
[ 37, 0, 0, 2, 1, 0, 18, 0, 1 ]
[ 1, 19, 0, 0, 37, 0, 0, -9, 1 ]
[ 2, 1, 0, 1, 19, 0, 0, -9, 1 ]
[ 1, 0, -2, 2, 1, 0, 0, 0, 37 ]
[ 18, 0, 1, 2, 1, 0, -1, 0, 2 ]
[ 1, 19, 0, 0, 1, 4, 0, 0, 37 ]
[ -1, -19, 0, 0, -9, 1, 0, 1, 4 ]
[ 0, -1, -4, 1, 19, 0, 0, 0, 37 ]
[ 0, -9, 1, 1, 19, 0, 0, 1, 4 ]
[ 2, 1, 0, 1, 1, 2, 0, 0, 37 ]
[ -2, -1, 0, 0, -9, 1, 1, 1, 2 ]
[ 1, 1, 2, 0, 1, 4, 0, 0, 37 ]
[ -1, -1, -2, 0, -9, 1, 0, 1, 4 ]
[ 37, 0, 0, -16, 1, 0, 18, 0, 1 ]
[ -2, -1, -1, 5, 2, 0, 0, 0, 37 ]
[ 16, -1, 0, 5, 2, 0, 2, 1, 1 ]
[ 1, 0, -2, -16, 1, 0, 0, 0, 37 ]
[ 18, 0, 1, -16, 1, 0, -1, 0, 2 ]
[ 1, -7, 0, 0, 37, 0, 0, 15, 1 ]
[ 5, 2, 0, 2, 1, 1, 0, 0, 37 ]
[ 5, 2, 0, -1, 7, 0, 2, 1, 1 ]
[ 1, 0, -2, 2, 1, 1, 0, 0, 37 ]
[ -16, 1, 0, -1, 0, 2, 0, 0, 37 ]
[ 16, -1, 0, 2, 1, 1, -1, 0, 2 ]
[ 1, -7, 0, 0, 15, 1, 0, -7, 2 ]
[ 2, 1, 1, -1, 0, 2, 0, 0, 37 ]
[ 2, 1, 1, -1, 7, 0, -1, 0, 2 ]
[ 1, -7, 0, 0, 1, 5, 0, 0, 37 ]
[ -1, 7, 0, 0, -7, 2, 0, 1, 5 ]
[ 0, 1, 5, -1, 7, 0, 0, 0, 37 ]
[ 1, 0, -2, 0, 1, 5, 0, 0, 37 ]
[ 1, 0, -2, -1, 7, 0, 0, 1, 5 ]
[ 37, 0, 0, 3, 1, 0, 18, 0, 1 ]
[ 1, -12, 0, 0, 37, 0, 0, -6, 1 ]
[ 3, 1, 0, -1, 12, 0, 0, -6, 1 ]
[ 1, 0, -2, 3, 1, 0, 0, 0, 37 ]
[ 18, 0, 1, 3, 1, 0, -1, 0, 2 ]
[ 1, -12, 0, 0, 1, 6, 0, 0, 37 ]
[ -1, 12, 0, 0, -6, 1, 0, 1, 6 ]
[ 0, 1, 6, -1, 12, 0, 0, 0, 37 ]
[ 0, 6, -1, -1, 12, 0, 0, 1, 6 ]
[ 3, 1, 0, -1, 0, 2, 0, 0, 37 ]
[ -3, -1, 0, 0, -6, 1, -1, 0, 2 ]
[ 1, 0, -2, 0, 1, 6, 0, 0, 37 ]
[ -1, 0, 2, 0, -6, 1, 0, 1, 6 ]
[ 37, 0, 0, -15, 1, 0, 18, 0, 1 ]
[ -3, -1, -1, 7, 2, 0, 0, 0, 37 ]
[ 15, -1, 0, 7, 2, 0, 3, 1, 1 ]
[ 1, 0, -2, -15, 1, 0, 0, 0, 37 ]
[ 18, 0, 1, -15, 1, 0, -1, 0, 2 ]
[ 1, -5, 0, 0, 37, 0, 0, 16, 1 ]
[ 7, 2, 0, 3, 1, 1, 0, 0, 37 ]
[ 7, 2, 0, -1, 5, 0, 3, 1, 1 ]
[ 1, 0, -2, 3, 1, 1, 0, 0, 37 ]
[ -15, 1, 0, -1, 0, 2, 0, 0, 37 ]
[ 15, -1, 0, 3, 1, 1, -1, 0, 2 ]
[ 1, -5, 0, 0, 16, 1, 0, -5, 2 ]
[ 3, 1, 1, -1, 0, 2, 0, 0, 37 ]
[ 3, 1, 1, -1, 5, 0, -1, 0, 2 ]
[ 1, -5, 0, 0, 1, 7, 0, 0, 37 ]
[ -1, 5, 0, 0, -5, 2, 0, 1, 7 ]
[ 0, 1, 7, -1, 5, 0, 0, 0, 37 ]
[ 1, 0, -2, 0, 1, 7, 0, 0, 37 ]
[ 1, 0, -2, -1, 5, 0, 0, 1, 7 ]
[ 37, 0, 0, 4, 1, 0, 18, 0, 1 ]
[ 1, -9, 0, 0, 37, 0, 0, 14, 1 ]
[ 4, 1, 0, -1, 9, 0, 2, -4, 1 ]
[ 1, 0, -2, 4, 1, 0, 0, 0, 37 ]
[ 18, 0, 1, 4, 1, 0, -1, 0, 2 ]
[ 1, -9, 0, 0, 14, 1, 0, 5, 3 ]
[ 2, -4, 1, -1, 9, 0, 1, -4, 3 ]
[ 4, 1, 0, -1, 0, 2, 0, 0, 37 ]
[ -4, -1, 0, 2, -4, 1, -1, 0, 2 ]
[ 1, -9, 0, 0, 1, 8, 0, 0, 37 ]
[ 1, -9, 0, 0, 5, 3, 0, 1, 8 ]
[ 0, 1, 8, -1, 9, 0, 0, 0, 37 ]
[ 1, -4, 3, 0, 1, 8, 0, 0, 37 ]
[ 1, -4, 3, -1, 9, 0, 0, 1, 8 ]
[ -1, 3, -11, 1, -4, 3, 0, 0, 37 ]
[ -2, 4, -1, 1, -4, 3, 1, -3, 11 ]
[ 1, 0, -2, -1, 1, 10, 0, 0, 37 ]
[ -1, 0, 2, 2, -4, 1, -1, 1, 10 ]
[ -1, 2, -19, 1, -3, 11, 0, 0, 37 ]
[ -2, 4, -1, 1, -3, 11, 1, -2, 19 ]
[ -1, 1, 10, 1, -2, 19, 0, 0, 37 ]
[ -1, 1, 10, 2, -4, 1, 1, -2, 19 ]
[ 37, 0, 0, -14, 1, 0, 18, 0, 1 ]
[ 14, -1, 0, -5, 3, 0, 4, 1, 1 ]
[ 1, 0, -2, -14, 1, 0, 0, 0, 37 ]
[ 18, 0, 1, -14, 1, 0, -1, 0, 2 ]
[ 1, -8, 0, 0, 37, 0, 0, -4, 1 ]
[ 5, -3, 0, -1, 8, 0, -1, 4, 1 ]
[ 4, 1, 1, -1, 0, 2, 0, 0, 37 ]
[ 4, 1, 1, -5, 3, 0, -1, 0, 2 ]
[ 1, 0, -2, 4, 1, 1, 0, 0, 37 ]
[ -14, 1, 0, -1, 0, 2, 0, 0, 37 ]
[ 14, -1, 0, 4, 1, 1, -1, 0, 2 ]
[ 1, -8, 0, 0, 1, 9, 0, 0, 37 ]
[ -1, 8, 0, 0, -4, 1, 0, 1, 9 ]
[ 0, 1, 9, -1, 8, 0, 0, 0, 37 ]
[ 1, -4, -1, 0, 1, 9, 0, 0, 37 ]
[ 1, -4, -1, -1, 8, 0, 0, 1, 9 ]
[ 5, -3, 0, -1, 4, 1, -1, 0, 2 ]
[ 2, -1, -13, -5, 3, 0, 0, 0, 37 ]
[ 1, 0, -2, -2, 1, 13, 0, 0, 37 ]
[ 1, 0, -2, -5, 3, 0, -2, 1, 13 ]
[ 0, 1, 9, -1, 4, 1, 0, 0, 37 ]
[ 1, 0, -2, 0, 1, 9, 0, 0, 37 ]
[ 1, 0, -2, -1, 4, 1, 0, 1, 9 ]
[ -2, 1, 13, -1, 0, 2, 0, 0, 37 ]
[ -5, 3, 0, -2, 1, 13, 0, 0, 37 ]
[ -5, 3, 0, -1, 0, 2, -2, 1, 13 ]
[ 37, 0, 0, 5, 1, 0, 18, 0, 1 ]
[ 5, 1, 0, -2, 7, 0, 3, -3, 1 ]
[ 1, 0, -2, 5, 1, 0, 0, 0, 37 ]
[ 18, 0, 1, 5, 1, 0, -1, 0, 2 ]
[ 1, -22, 0, 0, 37, 0, 0, -11, 1 ]
[ 2, -7, 0, -1, 22, 0, -1, 11, 1 ]
[ 3, -3, 1, -2, 7, 0, -1, 0, 2 ]
[ 5, 1, 0, -1, 0, 2, 0, 0, 37 ]
[ -5, -1, 0, 3, -3, 1, -1, 0, 2 ]
[ -1, 22, 0, 0, -11, 1, 0, 4, 3 ]
[ 1, -11, -1, -1, 22, 0, 0, 4, 3 ]
[ 2, -7, 0, -1, 11, 1, 1, -7, 2 ]
[ 1, -3, 5, -2, 7, 0, 0, 0, 37 ]
[ 1, 0, -2, -2, 7, 0, 1, -3, 5 ]
[ -1, 1, 12, -1, 0, 2, 0, 0, 37 ]
[ -3, 3, -1, -1, 0, 2, -1, 1, 12 ]
[ 1, 0, -2, -1, 1, 12, 0, 0, 37 ]
[ -1, 0, 2, 3, -3, 1, -1, 1, 12 ]
[ 1, -22, 0, 0, 1, 10, 0, 0, 37 ]
[ 1, -22, 0, 0, 4, 3, 0, 1, 10 ]
[ 0, 1, 10, -1, 22, 0, 0, 0, 37 ]
[ 0, 4, 3, -1, 22, 0, 0, 1, 10 ]
[ 1, -11, -1, 0, 1, 10, 0, 0, 37 ]
[ 1, -11, -1, 0, 4, 3, 0, 1, 10 ]
[ 0, 1, 10, -1, 11, 1, 0, 0, 37 ]
[ 1, -7, 2, 0, 1, 10, 0, 0, 37 ]
[ 1, -7, 2, -1, 11, 1, 0, 1, 10 ]
[ 2, -7, 0, -1, 4, 5, 0, 0, 37 ]
[ -2, 7, 0, 1, -7, 2, -1, 4, 5 ]
[ 0, -1, -10, 1, -3, 5, 0, 0, 37 ]
[ 1, 0, -2, 0, 1, 10, 0, 0, 37 ]
[ -1, 0, 2, 1, -3, 5, 0, 1, 10 ]
[ 0, -1, -10, 1, -7, 2, 0, 0, 37 ]
[ 1, -4, -5, 0, 1, 10, 0, 0, 37 ]
[ -1, 4, 5, 1, -7, 2, 0, 1, 10 ]
[ 37, 0, 0, -13, 1, 0, 18, 0, 1 ]
[ 13, -1, 0, -2, 3, 0, 5, 1, 1 ]
[ 1, 0, -2, -13, 1, 0, 0, 0, 37 ]
[ 18, 0, 1, -13, 1, 0, -1, 0, 2 ]
[ 1, -20, 0, 0, 37, 0, 0, -10, 1 ]
[ 2, -3, 0, -1, 20, 0, -1, 10, 1 ]
[ 5, 1, 1, -1, 0, 2, 0, 0, 37 ]
[ 5, 1, 1, -2, 3, 0, -1, 0, 2 ]
[ 1, 0, -2, 5, 1, 1, 0, 0, 37 ]
[ -13, 1, 0, -1, 0, 2, 0, 0, 37 ]
[ 13, -1, 0, 5, 1, 1, -1, 0, 2 ]
[ -1, 20, 0, 0, -10, 1, 0, -3, 4 ]
[ 1, -10, -1, -1, 20, 0, 0, -3, 4 ]
[ 2, -3, 0, -1, 10, 1, 1, -3, 2 ]
[ 1, -1, -13, -2, 3, 0, 0, 0, 37 ]
[ 1, 0, -2, -1, 1, 13, 0, 0, 37 ]
[ 1, 0, -2, -2, 3, 0, -1, 1, 13 ]
[ 1, -20, 0, 0, 1, 11, 0, 0, 37 ]
[ -1, 20, 0, 0, -3, 4, 0, 1, 11 ]
[ 0, 1, 11, -1, 20, 0, 0, 0, 37 ]
[ 0, 3, -4, -1, 20, 0, 0, 1, 11 ]
[ 1, -10, -1, 0, 1, 11, 0, 0, 37 ]
[ -1, 10, 1, 0, -3, 4, 0, 1, 11 ]
[ 1, -3, 2, -1, 10, 1, 0, -3, 4 ]
[ -1, 2, -13, 1, -3, 2, 0, 0, 37 ]
[ -2, 3, 0, 1, -2, 13, 0, 0, 37 ]
[ -2, 3, 0, 1, -3, 2, 1, -2, 13 ]
[ 0, 1, 11, -1, 10, 1, 0, 0, 37 ]
[ 0, 3, -4, -1, 10, 1, 0, 1, 11 ]
[ 1, -3, 2, 0, 1, 11, 0, 0, 37 ]
[ -1, 3, -2, 0, -3, 4, 0, 1, 11 ]
[ 37, 0, 0, 6, 1, 0, 18, 0, 1 ]
[ 1, -6, 0, 0, 37, 0, 0, -3, 1 ]
[ 6, 1, 0, -1, 6, 0, 0, -3, 1 ]
[ 1, 0, -2, 6, 1, 0, 0, 0, 37 ]
[ 18, 0, 1, 6, 1, 0, -1, 0, 2 ]
[ 1, -6, 0, 0, 1, 12, 0, 0, 37 ]
[ -1, 6, 0, 0, -3, 1, 0, 1, 12 ]
[ 0, 1, 12, -1, 6, 0, 0, 0, 37 ]
[ 0, 3, -1, -1, 6, 0, 0, 1, 12 ]
[ 6, 1, 0, -1, 0, 2, 0, 0, 37 ]
[ -6, -1, 0, 0, -3, 1, -1, 0, 2 ]
[ 1, 0, -2, 0, 1, 12, 0, 0, 37 ]
[ -1, 0, 2, 0, -3, 1, 0, 1, 12 ]
[ 37, 0, 0, -12, 1, 0, 18, 0, 1 ]
[ 1, 3, 0, 0, 37, 0, 0, -17, 1 ]
[ 12, -1, 0, 1, 3, 0, 6, 1, 1 ]
[ 1, 0, -2, -12, 1, 0, 0, 0, 37 ]
[ 18, 0, 1, -12, 1, 0, -1, 0, 2 ]
[ -1, -3, 0, 0, -17, 1, 0, 3, 2 ]
[ 6, 1, 1, -1, 0, 2, 0, 0, 37 ]
[ 6, 1, 1, 1, 3, 0, -1, 0, 2 ]
[ 1, 0, -2, 6, 1, 1, 0, 0, 37 ]
[ -12, 1, 0, -1, 0, 2, 0, 0, 37 ]
[ 12, -1, 0, 6, 1, 1, -1, 0, 2 ]
[ 1, 3, 0, 0, 1, 13, 0, 0, 37 ]
[ 1, 3, 0, 0, 3, 2, 0, 1, 13 ]
[ 0, -1, -13, 1, 3, 0, 0, 0, 37 ]
[ 1, 0, -2, 0, 1, 13, 0, 0, 37 ]
[ 1, 0, -2, 1, 3, 0, 0, 1, 13 ]
[ 37, 0, 0, 7, 1, 0, 18, 0, 1 ]
[ 7, 1, 0, -2, 5, 0, 4, -2, 1 ]
[ 1, 0, -2, 7, 1, 0, 0, 0, 37 ]
[ 18, 0, 1, 7, 1, 0, -1, 0, 2 ]
[ 1, -21, 0, 0, 37, 0, 0, 8, 1 ]
[ 2, -5, 0, -1, 21, 0, 0, 8, 1 ]
[ 4, -2, 1, -2, 5, 0, -1, 0, 2 ]
[ 7, 1, 0, -1, 0, 2, 0, 0, 37 ]
[ -7, -1, 0, 4, -2, 1, -1, 0, 2 ]
[ 1, -21, 0, 0, 8, 1, 0, 3, 5 ]
[ 0, 8, 1, -1, 21, 0, 0, 3, 5 ]
[ 2, -5, 0, 0, 8, 1, -1, 0, 2 ]
[ 1, -2, 7, -2, 5, 0, 0, 0, 37 ]
[ 1, 0, -2, -2, 5, 0, 1, -2, 7 ]
[ -2, 1, -19, -1, 0, 2, 0, 0, 37 ]
[ -4, 2, -1, -1, 0, 2, 2, -1, 19 ]
[ -1, 0, 2, 2, -1, 19, 0, 0, 37 ]
[ -1, 0, 2, 4, -2, 1, 2, -1, 19 ]
[ 1, -21, 0, 0, 1, 14, 0, 0, 37 ]
[ 1, -21, 0, 0, 3, 5, 0, 1, 14 ]
[ 0, 1, 14, -1, 21, 0, 0, 0, 37 ]
[ 0, 3, 5, -1, 21, 0, 0, 1, 14 ]
[ 1, 0, -2, 0, 8, 1, 0, 3, 5 ]
[ 2, -5, 0, 1, -2, 7, 0, 0, 37 ]
[ -2, 5, 0, -1, 0, 2, 1, -2, 7 ]
[ 0, -1, 23, 1, -2, 7, 0, 0, 37 ]
[ -1, 0, 2, 0, -1, 23, 0, 0, 37 ]
[ -1, 0, 2, 1, -2, 7, 0, -1, 23 ]
[ 1, 0, -2, 0, 1, 14, 0, 0, 37 ]
[ 1, 0, -2, 0, 3, 5, 0, 1, 14 ]
[ 0, 1, -23, -1, 0, 2, 0, 0, 37 ]
[ -1, 2, -7, 0, -1, 23, 0, 0, 37 ]
[ -1, 2, -7, -1, 0, 2, 0, -1, 23 ]
[ 37, 0, 0, -11, 1, 0, 18, 0, 1 ]
[ 11, -1, 0, 4, 3, 0, 7, 1, 1 ]
[ 1, 0, -2, -11, 1, 0, 0, 0, 37 ]
[ 18, 0, 1, -11, 1, 0, -1, 0, 2 ]
[ 1, 10, 0, 0, 37, 0, 0, 5, 1 ]
[ 4, 3, 0, 1, 10, 0, -1, -5, 1 ]
[ 7, 1, 1, -1, 0, 2, 0, 0, 37 ]
[ 7, 1, 1, 4, 3, 0, -1, 0, 2 ]
[ 1, 0, -2, 7, 1, 1, 0, 0, 37 ]
[ -11, 1, 0, -1, 0, 2, 0, 0, 37 ]
[ 11, -1, 0, 7, 1, 1, -1, 0, 2 ]
[ 1, 10, 0, 0, 5, 1, 0, -2, 7 ]
[ 1, 5, -1, 1, 10, 0, 0, -2, 7 ]
[ -4, -3, 0, -1, -5, 1, -1, 0, 2 ]
[ -1, -1, -13, 4, 3, 0, 0, 0, 37 ]
[ 1, 0, -2, 1, 1, 13, 0, 0, 37 ]
[ 1, 0, -2, 4, 3, 0, 1, 1, 13 ]
[ -1, -10, 0, 0, -1, 22, 0, 0, 37 ]
[ -1, -10, 0, 0, -2, 7, 0, -1, 22 ]
[ 0, -1, 22, 1, 10, 0, 0, 0, 37 ]
[ 0, -2, 7, 1, 10, 0, 0, -1, 22 ]
[ -1, -5, 1, 0, -1, 22, 0, 0, 37 ]
[ -1, -5, 1, 0, -2, 7, 0, -1, 22 ]
[ -1, 0, 2, -1, -5, 1, 0, -2, 7 ]
[ 1, 1, 13, -1, 0, 2, 0, 0, 37 ]
[ 4, 3, 0, 1, 1, 13, 0, 0, 37 ]
[ 4, 3, 0, -1, 0, 2, 1, 1, 13 ]
[ 0, 1, -22, -1, -5, 1, 0, 0, 37 ]
[ 0, 2, -7, -1, -5, 1, 0, -1, 22 ]
[ -1, 0, 2, 0, -1, 22, 0, 0, 37 ]
[ -1, 0, 2, 0, -2, 7, 0, -1, 22 ]
[ 37, 0, 0, 8, 1, 0, 18, 0, 1 ]
[ 8, 1, 0, 3, 5, 0, 2, -2, 1 ]
[ 1, 0, -2, 8, 1, 0, 0, 0, 37 ]
[ 18, 0, 1, 8, 1, 0, -1, 0, 2 ]
[ 1, 14, 0, 0, 37, 0, 0, 7, 1 ]
[ 3, 5, 0, 1, 14, 0, -1, -7, 1 ]
[ 2, -2, 1, 3, 5, 0, -1, 0, 2 ]
[ 8, 1, 0, -1, 0, 2, 0, 0, 37 ]
[ -8, -1, 0, 2, -2, 1, -1, 0, 2 ]
[ 1, 14, 0, 0, 7, 1, 0, -2, 5 ]
[ 1, 7, -1, 1, 14, 0, 0, -2, 5 ]
[ -3, -5, 0, -1, -7, 1, -1, 0, 2 ]
[ -1, -2, 7, 3, 5, 0, 0, 0, 37 ]
[ 1, 0, -2, 3, 5, 0, -1, -2, 7 ]
[ -1, 1, -19, -1, 0, 2, 0, 0, 37 ]
[ -2, 2, -1, -1, 0, 2, 1, -1, 19 ]
[ -1, 0, 2, 1, -1, 19, 0, 0, 37 ]
[ -1, 0, 2, 2, -2, 1, 1, -1, 19 ]
[ -1, -14, 0, 0, -1, 21, 0, 0, 37 ]
[ -1, -14, 0, 0, -2, 5, 0, -1, 21 ]
[ 0, -1, 21, 1, 14, 0, 0, 0, 37 ]
[ 0, -2, 5, 1, 14, 0, 0, -1, 21 ]
[ -1, -7, 1, 0, -1, 21, 0, 0, 37 ]
[ -1, -7, 1, 0, -2, 5, 0, -1, 21 ]
[ -1, 0, 2, -1, -7, 1, 0, -2, 5 ]
[ -3, -5, 0, -1, -2, 7, 0, 0, 37 ]
[ 3, 5, 0, -1, 0, 2, -1, -2, 7 ]
[ -1, -1, 23, -1, -2, 7, 0, 0, 37 ]
[ -1, 0, 2, -1, -1, 23, 0, 0, 37 ]
[ -1, 0, 2, -1, -2, 7, -1, -1, 23 ]
[ 0, 1, -21, -1, -7, 1, 0, 0, 37 ]
[ 0, 2, -5, -1, -7, 1, 0, -1, 21 ]
[ -1, 0, 2, 0, -1, 21, 0, 0, 37 ]
[ -1, 0, 2, 0, -2, 5, 0, -1, 21 ]
[ 1, 1, -23, -1, 0, 2, 0, 0, 37 ]
[ 1, 2, -7, -1, -1, 23, 0, 0, 37 ]
[ 1, 2, -7, -1, 0, 2, -1, -1, 23 ]
[ 37, 0, 0, -10, 1, 0, 18, 0, 1 ]
[ 10, -1, 0, -3, 4, 0, -2, 2, 1 ]
[ 1, 0, -2, -10, 1, 0, 0, 0, 37 ]
[ 18, 0, 1, -10, 1, 0, -1, 0, 2 ]
[ 1, 11, 0, 0, 37, 0, 0, -13, 1 ]
[ 3, -4, 0, 1, 11, 0, 1, -2, 1 ]
[ 1, -1, -19, -3, 4, 0, 0, 0, 37 ]
[ 2, -2, -1, -3, 4, 0, -1, 1, 19 ]
[ -10, 1, 0, -1, 0, 2, 0, 0, 37 ]
[ 10, -1, 0, -2, 2, 1, -1, 0, 2 ]
[ -1, -11, 0, 0, -13, 1, 0, -2, 3 ]
[ 1, -2, 1, 1, 11, 0, 0, -2, 3 ]
[ -1, 1, 19, 1, -2, 1, 0, 0, 37 ]
[ -3, 4, 0, -1, 1, 19, 0, 0, 37 ]
[ -3, 4, 0, 1, -2, 1, -1, 1, 19 ]
[ 1, 0, -2, -1, 1, 19, 0, 0, 37 ]
[ 1, 0, -2, -2, 2, 1, -1, 1, 19 ]
[ -1, -11, 0, 0, -1, 20, 0, 0, 37 ]
[ -1, -11, 0, 0, -2, 3, 0, -1, 20 ]
[ 0, -1, 20, 1, 11, 0, 0, 0, 37 ]
[ 0, -2, 3, 1, 11, 0, 0, -1, 20 ]
[ -1, 2, -1, 0, -1, 20, 0, 0, 37 ]
[ -1, 2, -1, 0, -2, 3, 0, -1, 20 ]
[ 37, 0, 0, 9, 1, 0, 18, 0, 1 ]
[ 1, -4, 0, 0, 37, 0, 0, -2, 1 ]
[ 9, 1, 0, -1, 4, 0, 0, -2, 1 ]
[ 1, 0, -2, 9, 1, 0, 0, 0, 37 ]
[ 18, 0, 1, 9, 1, 0, -1, 0, 2 ]
[ -1, 4, 0, 0, -1, 19, 0, 0, 37 ]
[ -1, 4, 0, 0, -2, 1, 0, -1, 19 ]
[ 0, 1, -19, -1, 4, 0, 0, 0, 37 ]
[ 0, 2, -1, -1, 4, 0, 0, -1, 19 ]
[ 9, 1, 0, -1, 0, 2, 0, 0, 37 ]
[ -9, -1, 0, 0, -2, 1, -1, 0, 2 ]
[ -1, 0, 2, 0, -1, 19, 0, 0, 37 ]
[ -1, 0, 2, 0, -2, 1, 0, -1, 19 ]
[ 37, 0, 0, -9, 1, 0, 18, 0, 1 ]
[ 1, 4, 0, 0, 37, 0, 0, 2, 1 ]
[ 9, -1, 0, 1, 4, 0, 0, 2, 1 ]
[ 1, 0, -2, -9, 1, 0, 0, 0, 37 ]
[ 18, 0, 1, -9, 1, 0, -1, 0, 2 ]
[ 1, 4, 0, 0, 1, 19, 0, 0, 37 ]
[ 1, 4, 0, 0, 2, 1, 0, 1, 19 ]
[ 0, -1, -19, 1, 4, 0, 0, 0, 37 ]
[ 0, -2, -1, 1, 4, 0, 0, 1, 19 ]
[ -9, 1, 0, -1, 0, 2, 0, 0, 37 ]
[ 9, -1, 0, 0, 2, 1, -1, 0, 2 ]
[ 1, 0, -2, 0, 1, 19, 0, 0, 37 ]
[ 1, 0, -2, 0, 2, 1, 0, 1, 19 ]
[ 37, 0, 0, 10, 1, 0, 18, 0, 1 ]
[ 10, 1, 0, 3, 4, 0, -2, -2, 1 ]
[ 1, 0, -2, 10, 1, 0, 0, 0, 37 ]
[ 18, 0, 1, 10, 1, 0, -1, 0, 2 ]
[ 1, -11, 0, 0, 37, 0, 0, 13, 1 ]
[ 3, 4, 0, -1, 11, 0, 1, 2, 1 ]
[ 1, 1, -19, 3, 4, 0, 0, 0, 37 ]
[ 2, 2, -1, 3, 4, 0, -1, -1, 19 ]
[ 10, 1, 0, -1, 0, 2, 0, 0, 37 ]
[ -10, -1, 0, -2, -2, 1, -1, 0, 2 ]
[ 1, -11, 0, 0, 13, 1, 0, 2, 3 ]
[ 1, 2, 1, -1, 11, 0, 0, 2, 3 ]
[ 2, 3, 19, 1, 2, 1, 0, 0, 37 ]
[ 3, 4, 0, 2, 3, 19, 0, 0, 37 ]
[ 3, 4, 0, 1, 2, 1, 2, 3, 19 ]
[ -1, 0, 2, -1, -1, 19, 0, 0, 37 ]
[ -1, 0, 2, -2, -2, 1, -1, -1, 19 ]
[ 1, -11, 0, 0, 1, 20, 0, 0, 37 ]
[ 1, -11, 0, 0, 2, 3, 0, 1, 20 ]
[ 0, 1, 20, -1, 11, 0, 0, 0, 37 ]
[ 0, 2, 3, -1, 11, 0, 0, 1, 20 ]
[ 1, 2, 1, 0, 1, 20, 0, 0, 37 ]
[ 1, 2, 1, 0, 2, 3, 0, 1, 20 ]
[ 37, 0, 0, -8, 1, 0, 18, 0, 1 ]
[ 8, -1, 0, -3, 5, 0, 2, 2, 1 ]
[ 1, 0, -2, -8, 1, 0, 0, 0, 37 ]
[ 18, 0, 1, -8, 1, 0, -1, 0, 2 ]
[ 1, -14, 0, 0, 37, 0, 0, -7, 1 ]
[ 3, -5, 0, -1, 14, 0, -1, 7, 1 ]
[ 2, 2, 1, -3, 5, 0, -1, 0, 2 ]
[ -8, 1, 0, -1, 0, 2, 0, 0, 37 ]
[ 8, -1, 0, 2, 2, 1, -1, 0, 2 ]
[ -1, 14, 0, 0, -7, 1, 0, 2, 5 ]
[ 1, -7, -1, -1, 14, 0, 0, 2, 5 ]
[ 3, -5, 0, -1, 7, 1, -1, 0, 2 ]
[ -1, 2, 7, -3, 5, 0, 0, 0, 37 ]
[ 1, 0, -2, -3, 5, 0, -1, 2, 7 ]
[ 1, 1, 19, -1, 0, 2, 0, 0, 37 ]
[ 2, 2, 1, -1, 0, 2, 1, 1, 19 ]
[ 1, 0, -2, 1, 1, 19, 0, 0, 37 ]
[ 1, 0, -2, 2, 2, 1, 1, 1, 19 ]
[ 1, -14, 0, 0, 1, 21, 0, 0, 37 ]
[ 1, -14, 0, 0, 2, 5, 0, 1, 21 ]
[ 0, 1, 21, -1, 14, 0, 0, 0, 37 ]
[ 0, 2, 5, -1, 14, 0, 0, 1, 21 ]
[ 1, -7, -1, 0, 1, 21, 0, 0, 37 ]
[ 1, -7, -1, 0, 2, 5, 0, 1, 21 ]
[ 1, 0, -2, -1, 7, 1, 0, 2, 5 ]
[ 3, -5, 0, -1, 2, 7, 0, 0, 37 ]
[ -3, 5, 0, -1, 0, 2, -1, 2, 7 ]
[ 1, -1, -23, -1, 2, 7, 0, 0, 37 ]
[ 1, 0, -2, -1, 1, 23, 0, 0, 37 ]
[ 1, 0, -2, -1, 2, 7, -1, 1, 23 ]
[ 0, 1, 21, -1, 7, 1, 0, 0, 37 ]
[ 0, 2, 5, -1, 7, 1, 0, 1, 21 ]
[ 1, 0, -2, 0, 1, 21, 0, 0, 37 ]
[ 1, 0, -2, 0, 2, 5, 0, 1, 21 ]
[ -1, 1, 23, -1, 0, 2, 0, 0, 37 ]
[ -1, 2, 7, -1, 1, 23, 0, 0, 37 ]
[ -1, 2, 7, -1, 0, 2, -1, 1, 23 ]
[ 37, 0, 0, 11, 1, 0, 18, 0, 1 ]
[ 11, 1, 0, -4, 3, 0, 7, -1, 1 ]
[ 1, 0, -2, 11, 1, 0, 0, 0, 37 ]
[ 18, 0, 1, 11, 1, 0, -1, 0, 2 ]
[ 1, -10, 0, 0, 37, 0, 0, -5, 1 ]
[ 4, -3, 0, -1, 10, 0, -1, 5, 1 ]
[ -7, 1, -1, -1, 0, 2, 0, 0, 37 ]
[ 7, -1, 1, -4, 3, 0, -1, 0, 2 ]
[ -1, 0, 2, 7, -1, 1, 0, 0, 37 ]
[ 11, 1, 0, -1, 0, 2, 0, 0, 37 ]
[ -11, -1, 0, 7, -1, 1, -1, 0, 2 ]
[ -1, 10, 0, 0, -5, 1, 0, 2, 7 ]
[ 1, -5, -1, -1, 10, 0, 0, 2, 7 ]
[ 4, -3, 0, -1, 5, 1, -1, 0, 2 ]
[ -1, 1, -13, -4, 3, 0, 0, 0, 37 ]
[ -1, 0, 2, 1, -1, 13, 0, 0, 37 ]
[ 1, 0, -2, -4, 3, 0, 1, -1, 13 ]
[ 1, -10, 0, 0, 1, 22, 0, 0, 37 ]
[ 1, -10, 0, 0, 2, 7, 0, 1, 22 ]
[ 0, 1, 22, -1, 10, 0, 0, 0, 37 ]
[ 0, 2, 7, -1, 10, 0, 0, 1, 22 ]
[ 1, -5, -1, 0, 1, 22, 0, 0, 37 ]
[ 1, -5, -1, 0, 2, 7, 0, 1, 22 ]
[ 1, 0, -2, -1, 5, 1, 0, 2, 7 ]
[ -1, 1, -13, -1, 0, 2, 0, 0, 37 ]
[ -4, 3, 0, 1, -1, 13, 0, 0, 37 ]
[ -4, 3, 0, -1, 0, 2, 1, -1, 13 ]
[ 0, 1, 22, -1, 5, 1, 0, 0, 37 ]
[ 0, 2, 7, -1, 5, 1, 0, 1, 22 ]
[ 1, 0, -2, 0, 1, 22, 0, 0, 37 ]
[ 1, 0, -2, 0, 2, 7, 0, 1, 22 ]
[ 37, 0, 0, -7, 1, 0, 18, 0, 1 ]
[ 7, -1, 0, 2, 5, 0, 4, 2, 1 ]
[ 1, 0, -2, -7, 1, 0, 0, 0, 37 ]
[ 18, 0, 1, -7, 1, 0, -1, 0, 2 ]
[ 1, 21, 0, 0, 37, 0, 0, -8, 1 ]
[ 2, 5, 0, 1, 21, 0, 0, -8, 1 ]
[ 4, 2, 1, 2, 5, 0, -1, 0, 2 ]
[ -7, 1, 0, -1, 0, 2, 0, 0, 37 ]
[ 7, -1, 0, 4, 2, 1, -1, 0, 2 ]
[ -1, -21, 0, 0, -8, 1, 0, -3, 5 ]
[ 0, -8, 1, 1, 21, 0, 0, -3, 5 ]
[ -2, -5, 0, 0, -8, 1, 1, 5, 2 ]
[ 1, 2, 7, 2, 5, 0, 0, 0, 37 ]
[ 1, 0, -2, 2, 5, 0, 1, 2, 7 ]
[ 2, 1, 19, -1, 0, 2, 0, 0, 37 ]
[ 4, 2, 1, -1, 0, 2, 2, 1, 19 ]
[ 1, 0, -2, 2, 1, 19, 0, 0, 37 ]
[ 1, 0, -2, 4, 2, 1, 2, 1, 19 ]
[ -1, -21, 0, 0, -1, 14, 0, 0, 37 ]
[ -1, -21, 0, 0, -3, 5, 0, -1, 14 ]
[ 0, -1, 14, 1, 21, 0, 0, 0, 37 ]
[ 0, -3, 5, 1, 21, 0, 0, -1, 14 ]
[ -1, -5, -2, 0, -8, 1, 0, -3, 5 ]
[ -2, -5, 0, -1, -3, 7, 0, 0, 37 ]
[ 2, 5, 0, 1, 5, 2, -1, -3, 7 ]
[ 0, -1, -23, 1, 2, 7, 0, 0, 37 ]
[ 1, 0, -2, 0, 1, 23, 0, 0, 37 ]
[ 1, 0, -2, 1, 2, 7, 0, 1, 23 ]
[ -1, -5, -2, 0, -1, 14, 0, 0, 37 ]
[ -1, -5, -2, 0, -3, 5, 0, -1, 14 ]
[ 0, -1, -23, 1, 5, 2, 0, 0, 37 ]
[ 1, 3, -7, 0, 1, 23, 0, 0, 37 ]
[ 1, 3, -7, 1, 5, 2, 0, 1, 23 ]
[ 37, 0, 0, 12, 1, 0, 18, 0, 1 ]
[ 1, -3, 0, 0, 37, 0, 0, 17, 1 ]
[ 12, 1, 0, -1, 3, 0, 6, -1, 1 ]
[ 1, 0, -2, 12, 1, 0, 0, 0, 37 ]
[ 18, 0, 1, 12, 1, 0, -1, 0, 2 ]
[ 1, -3, 0, 0, 17, 1, 0, -3, 2 ]
[ -6, 1, -1, -1, 0, 2, 0, 0, 37 ]
[ 6, -1, 1, -1, 3, 0, -1, 0, 2 ]
[ -1, 0, 2, 6, -1, 1, 0, 0, 37 ]
[ 12, 1, 0, -1, 0, 2, 0, 0, 37 ]
[ -12, -1, 0, 6, -1, 1, -1, 0, 2 ]
[ -1, 3, 0, 0, -1, 13, 0, 0, 37 ]
[ -1, 3, 0, 0, -3, 2, 0, -1, 13 ]
[ 0, 1, -13, -1, 3, 0, 0, 0, 37 ]
[ -1, 0, 2, 0, -1, 13, 0, 0, 37 ]
[ 1, 0, -2, -1, 3, 0, 0, -1, 13 ]
[ 37, 0, 0, -6, 1, 0, 18, 0, 1 ]
[ 1, 6, 0, 0, 37, 0, 0, 3, 1 ]
[ 6, -1, 0, 1, 6, 0, 0, 3, 1 ]
[ 1, 0, -2, -6, 1, 0, 0, 0, 37 ]
[ 18, 0, 1, -6, 1, 0, -1, 0, 2 ]
[ -1, -6, 0, 0, -1, 12, 0, 0, 37 ]
[ 1, 6, 0, 0, 3, 1, 0, -1, 12 ]
[ 0, -1, 12, 1, 6, 0, 0, 0, 37 ]
[ 0, -3, -1, 1, 6, 0, 0, -1, 12 ]
[ -6, 1, 0, -1, 0, 2, 0, 0, 37 ]
[ 6, -1, 0, 0, 3, 1, -1, 0, 2 ]
[ -1, 0, 2, 0, -1, 12, 0, 0, 37 ]
[ 1, 0, -2, 0, 3, 1, 0, -1, 12 ]
[ 37, 0, 0, 13, 1, 0, 18, 0, 1 ]
[ 13, 1, 0, 2, 3, 0, 5, -1, 1 ]
[ 1, 0, -2, 13, 1, 0, 0, 0, 37 ]
[ 18, 0, 1, 13, 1, 0, -1, 0, 2 ]
[ 1, 20, 0, 0, 37, 0, 0, 10, 1 ]
[ 2, 3, 0, 1, 20, 0, -1, -10, 1 ]
[ -5, 1, -1, -1, 0, 2, 0, 0, 37 ]
[ 5, -1, 1, 2, 3, 0, -1, 0, 2 ]
[ -1, 0, 2, 5, -1, 1, 0, 0, 37 ]
[ 13, 1, 0, -1, 0, 2, 0, 0, 37 ]
[ -13, -1, 0, 5, -1, 1, -1, 0, 2 ]
[ 1, 20, 0, 0, 10, 1, 0, 3, 4 ]
[ 1, 10, -1, 1, 20, 0, 0, 3, 4 ]
[ -2, -3, 0, -1, -10, 1, 1, 3, 2 ]
[ 1, 1, -13, 2, 3, 0, 0, 0, 37 ]
[ -1, 0, 2, -1, -1, 13, 0, 0, 37 ]
[ 1, 0, -2, 2, 3, 0, -1, -1, 13 ]
[ -1, -20, 0, 0, -1, 11, 0, 0, 37 ]
[ 1, 20, 0, 0, 3, 4, 0, -1, 11 ]
[ 0, -1, 11, 1, 20, 0, 0, 0, 37 ]
[ 0, -3, -4, 1, 20, 0, 0, -1, 11 ]
[ -1, -10, 1, 0, -1, 11, 0, 0, 37 ]
[ 1, 10, -1, 0, 3, 4, 0, -1, 11 ]
[ -1, -3, -2, -1, -10, 1, 0, 3, 4 ]
[ 1, 2, 13, 1, 3, 2, 0, 0, 37 ]
[ 2, 3, 0, 1, 2, 13, 0, 0, 37 ]
[ 2, 3, 0, 1, 3, 2, 1, 2, 13 ]
[ 0, 1, -11, -1, -10, 1, 0, 0, 37 ]
[ 0, 3, 4, -1, -10, 1, 0, -1, 11 ]
[ -1, -3, -2, 0, -1, 11, 0, 0, 37 ]
[ 1, 3, 2, 0, 3, 4, 0, -1, 11 ]
[ 37, 0, 0, -5, 1, 0, 18, 0, 1 ]
[ 5, -1, 0, 2, 7, 0, 3, 3, 1 ]
[ 1, 0, -2, -5, 1, 0, 0, 0, 37 ]
[ 18, 0, 1, -5, 1, 0, -1, 0, 2 ]
[ 1, 22, 0, 0, 37, 0, 0, 11, 1 ]
[ 2, 7, 0, 1, 22, 0, -1, -11, 1 ]
[ 3, 3, 1, 2, 7, 0, -1, 0, 2 ]
[ -5, 1, 0, -1, 0, 2, 0, 0, 37 ]
[ 5, -1, 0, 3, 3, 1, -1, 0, 2 ]
[ 1, 22, 0, 0, 11, 1, 0, -4, 3 ]
[ 1, 11, -1, 1, 22, 0, 0, -4, 3 ]
[ -2, -7, 0, -1, -11, 1, 1, 7, 2 ]
[ 1, 3, 5, 2, 7, 0, 0, 0, 37 ]
[ 1, 0, -2, 2, 7, 0, 1, 3, 5 ]
[ 1, 1, -12, -1, 0, 2, 0, 0, 37 ]
[ 3, 3, 1, -1, 0, 2, -1, -1, 12 ]
[ -1, 0, 2, -1, -1, 12, 0, 0, 37 ]
[ 1, 0, -2, 3, 3, 1, -1, -1, 12 ]
[ -1, -22, 0, 0, -1, 10, 0, 0, 37 ]
[ -1, -22, 0, 0, -4, 3, 0, -1, 10 ]
[ 0, -1, 10, 1, 22, 0, 0, 0, 37 ]
[ 0, -4, 3, 1, 22, 0, 0, -1, 10 ]
[ -1, -11, 1, 0, -1, 10, 0, 0, 37 ]
[ -1, -11, 1, 0, -4, 3, 0, -1, 10 ]
[ 0, 1, -10, -1, -11, 1, 0, 0, 37 ]
[ -1, -7, -2, 0, -1, 10, 0, 0, 37 ]
[ -1, -7, -2, -1, -11, 1, 0, -1, 10 ]
[ -2, -7, 0, -1, -4, 5, 0, 0, 37 ]
[ 2, 7, 0, 1, 7, 2, -1, -4, 5 ]
[ 0, -1, 10, 1, 3, 5, 0, 0, 37 ]
[ -1, 0, 2, 0, -1, 10, 0, 0, 37 ]
[ 1, 0, -2, 1, 3, 5, 0, -1, 10 ]
[ 0, -1, 10, 1, 7, 2, 0, 0, 37 ]
[ -1, -4, 5, 0, -1, 10, 0, 0, 37 ]
[ 1, 4, -5, 1, 7, 2, 0, -1, 10 ]
[ 37, 0, 0, 14, 1, 0, 18, 0, 1 ]
[ 14, 1, 0, 5, 3, 0, 4, -1, 1 ]
[ 1, 0, -2, 14, 1, 0, 0, 0, 37 ]
[ 18, 0, 1, 14, 1, 0, -1, 0, 2 ]
[ 1, 8, 0, 0, 37, 0, 0, 4, 1 ]
[ 5, 3, 0, 1, 8, 0, -1, -4, 1 ]
[ -4, 1, -1, -1, 0, 2, 0, 0, 37 ]
[ 4, -1, 1, 5, 3, 0, -1, 0, 2 ]
[ -1, 0, 2, 4, -1, 1, 0, 0, 37 ]
[ 14, 1, 0, -1, 0, 2, 0, 0, 37 ]
[ -14, -1, 0, 4, -1, 1, -1, 0, 2 ]
[ -1, -8, 0, 0, -1, 9, 0, 0, 37 ]
[ 1, 8, 0, 0, 4, 1, 0, -1, 9 ]
[ 0, -1, 9, 1, 8, 0, 0, 0, 37 ]
[ -1, -4, 1, 0, -1, 9, 0, 0, 37 ]
[ 1, 4, -1, 1, 8, 0, 0, -1, 9 ]
[ -5, -3, 0, -1, -4, 1, -1, 0, 2 ]
[ 2, 1, -13, 5, 3, 0, 0, 0, 37 ]
[ -1, 0, 2, -2, -1, 13, 0, 0, 37 ]
[ 1, 0, -2, 5, 3, 0, -2, -1, 13 ]
[ 0, 1, -9, -1, -4, 1, 0, 0, 37 ]
[ -1, 0, 2, 0, -1, 9, 0, 0, 37 ]
[ -1, 0, 2, -1, -4, 1, 0, -1, 9 ]
[ 2, 1, -13, -1, 0, 2, 0, 0, 37 ]
[ 5, 3, 0, -2, -1, 13, 0, 0, 37 ]
[ 5, 3, 0, -1, 0, 2, -2, -1, 13 ]
[ 37, 0, 0, -4, 1, 0, 18, 0, 1 ]
[ 1, 9, 0, 0, 37, 0, 0, -14, 1 ]
[ 4, -1, 0, 1, 9, 0, 2, 4, 1 ]
[ 1, 0, -2, -4, 1, 0, 0, 0, 37 ]
[ 18, 0, 1, -4, 1, 0, -1, 0, 2 ]
[ -1, -9, 0, 0, -14, 1, 0, -5, 3 ]
[ 2, 4, 1, 1, 9, 0, 1, 4, 3 ]
[ -4, 1, 0, -1, 0, 2, 0, 0, 37 ]
[ 4, -1, 0, 2, 4, 1, -1, 0, 2 ]
[ -1, -9, 0, 0, -1, 8, 0, 0, 37 ]
[ -1, -9, 0, 0, -5, 3, 0, -1, 8 ]
[ 0, -1, 8, 1, 9, 0, 0, 0, 37 ]
[ -1, -4, -3, 0, -1, 8, 0, 0, 37 ]
[ 1, 4, 3, 1, 9, 0, 0, -1, 8 ]
[ 1, 3, 11, 1, 4, 3, 0, 0, 37 ]
[ 2, 4, 1, 1, 4, 3, 1, 3, 11 ]
[ -1, 0, 2, -1, -1, 10, 0, 0, 37 ]
[ 1, 0, -2, 2, 4, 1, -1, -1, 10 ]
[ 1, 2, 19, 1, 3, 11, 0, 0, 37 ]
[ 2, 4, 1, 1, 3, 11, 1, 2, 19 ]
[ 1, 1, -10, 1, 2, 19, 0, 0, 37 ]
[ 1, 1, -10, 2, 4, 1, 1, 2, 19 ]
[ 37, 0, 0, 15, 1, 0, 18, 0, 1 ]
[ -3, 1, -1, -7, 2, 0, 0, 0, 37 ]
[ 15, 1, 0, -7, 2, 0, 3, -1, 1 ]
[ 1, 0, -2, 15, 1, 0, 0, 0, 37 ]
[ 18, 0, 1, 15, 1, 0, -1, 0, 2 ]
[ 1, 5, 0, 0, 37, 0, 0, -16, 1 ]
[ -7, 2, 0, 3, -1, 1, 0, 0, 37 ]
[ 7, -2, 0, 1, 5, 0, 3, -1, 1 ]
[ -1, 0, 2, 3, -1, 1, 0, 0, 37 ]
[ 15, 1, 0, -1, 0, 2, 0, 0, 37 ]
[ -15, -1, 0, 3, -1, 1, -1, 0, 2 ]
[ -1, -5, 0, 0, -16, 1, 0, 5, 2 ]
[ -3, 1, -1, -1, 0, 2, 0, 0, 37 ]
[ 3, -1, 1, 1, 5, 0, -1, 0, 2 ]
[ -1, -5, 0, 0, -1, 7, 0, 0, 37 ]
[ 1, 5, 0, 0, 5, 2, 0, -1, 7 ]
[ 0, -1, 7, 1, 5, 0, 0, 0, 37 ]
[ -1, 0, 2, 0, -1, 7, 0, 0, 37 ]
[ 1, 0, -2, 1, 5, 0, 0, -1, 7 ]
[ 37, 0, 0, -3, 1, 0, 18, 0, 1 ]
[ 1, 12, 0, 0, 37, 0, 0, 6, 1 ]
[ 3, -1, 0, 1, 12, 0, 0, 6, 1 ]
[ 1, 0, -2, -3, 1, 0, 0, 0, 37 ]
[ 18, 0, 1, -3, 1, 0, -1, 0, 2 ]
[ -1, -12, 0, 0, -1, 6, 0, 0, 37 ]
[ 1, 12, 0, 0, 6, 1, 0, -1, 6 ]
[ 0, -1, 6, 1, 12, 0, 0, 0, 37 ]
[ 0, -6, -1, 1, 12, 0, 0, -1, 6 ]
[ -3, 1, 0, -1, 0, 2, 0, 0, 37 ]
[ 3, -1, 0, 0, 6, 1, -1, 0, 2 ]
[ -1, 0, 2, 0, -1, 6, 0, 0, 37 ]
[ 1, 0, -2, 0, 6, 1, 0, -1, 6 ]
[ 37, 0, 0, 16, 1, 0, 18, 0, 1 ]
[ -2, 1, -1, -5, 2, 0, 0, 0, 37 ]
[ 16, 1, 0, -5, 2, 0, 2, -1, 1 ]
[ 1, 0, -2, 16, 1, 0, 0, 0, 37 ]
[ 18, 0, 1, 16, 1, 0, -1, 0, 2 ]
[ 1, 7, 0, 0, 37, 0, 0, -15, 1 ]
[ -5, 2, 0, 2, -1, 1, 0, 0, 37 ]
[ 5, -2, 0, 1, 7, 0, 2, -1, 1 ]
[ -1, 0, 2, 2, -1, 1, 0, 0, 37 ]
[ 16, 1, 0, -1, 0, 2, 0, 0, 37 ]
[ -16, -1, 0, 2, -1, 1, -1, 0, 2 ]
[ -1, -7, 0, 0, -15, 1, 0, 7, 2 ]
[ -2, 1, -1, -1, 0, 2, 0, 0, 37 ]
[ 2, -1, 1, 1, 7, 0, -1, 0, 2 ]
[ -1, -7, 0, 0, -1, 5, 0, 0, 37 ]
[ 1, 7, 0, 0, 7, 2, 0, -1, 5 ]
[ 0, -1, 5, 1, 7, 0, 0, 0, 37 ]
[ -1, 0, 2, 0, -1, 5, 0, 0, 37 ]
[ 1, 0, -2, 1, 7, 0, 0, -1, 5 ]
[ 37, 0, 0, -2, 1, 0, 18, 0, 1 ]
[ 1, -19, 0, 0, 37, 0, 0, 9, 1 ]
[ 2, -1, 0, -1, 19, 0, 0, 9, 1 ]
[ 1, 0, -2, -2, 1, 0, 0, 0, 37 ]
[ 18, 0, 1, -2, 1, 0, -1, 0, 2 ]
[ -1, 19, 0, 0, -1, 4, 0, 0, 37 ]
[ 1, -19, 0, 0, 9, 1, 0, -1, 4 ]
[ 0, 1, -4, -1, 19, 0, 0, 0, 37 ]
[ 0, 9, 1, -1, 19, 0, 0, -1, 4 ]
[ -2, 1, 0, -1, 0, 2, 0, 0, 37 ]
[ 2, -1, 0, 0, 9, 1, -1, 0, 2 ]
[ -1, 0, 2, 0, -1, 4, 0, 0, 37 ]
[ 1, 0, -2, 0, 9, 1, 0, -1, 4 ]
[ 37, 0, 0, 17, 1, 0, 18, 0, 1 ]
[ -1, 1, -1, -3, 2, 0, 0, 0, 37 ]
[ 17, 1, 0, -3, 2, 0, 1, -1, 1 ]
[ 1, 0, -2, 17, 1, 0, 0, 0, 37 ]
[ 18, 0, 1, 17, 1, 0, -1, 0, 2 ]
[ 1, -13, 0, 0, 37, 0, 0, 12, 1 ]
[ -3, 2, 0, 1, -1, 1, 0, 0, 37 ]
[ 3, -2, 0, -1, 13, 0, 1, -1, 1 ]
[ -1, 0, 2, 1, -1, 1, 0, 0, 37 ]
[ 17, 1, 0, -1, 0, 2, 0, 0, 37 ]
[ -17, -1, 0, 1, -1, 1, -1, 0, 2 ]
[ -1, 13, 0, 0, -1, 3, 0, 0, 37 ]
[ 1, -13, 0, 0, 12, 1, 0, -1, 3 ]
[ 0, 1, -3, -1, 13, 0, 0, 0, 37 ]
[ -1, 1, -1, 0, -1, 3, 0, 0, 37 ]
[ 1, -1, 1, -1, 13, 0, 0, -1, 3 ]
[ 1, -1, 0, 0, 37, 0, 0, 18, 1 ]
[ 37, 0, 0, -1, 1, 0, 18, 0, 1 ]
[ -1, 1, 0, 0, -1, 2, 0, 0, 37 ]
[ 1, -1, 0, 0, 18, 1, 0, -1, 2 ]
[ 1, 0, -2, -1, 1, 0, 0, 0, 37 ]
[ 18, 0, 1, -1, 1, 0, -1, 0, 2 ]
[ 37, 0, 0, 18, 1, 0, 18, 0, 1 ]
[ -1, 2, 0, 0, -1, 1, 0, 0, 37 ]
[ 1, -2, 0, 0, 37, 0, 0, -1, 1 ]
[ 0, 1, -1, -1, 2, 0, 0, 0, 37 ]
[ 18, 1, 0, -1, 2, 0, 0, -1, 1 ]
[ 1, 0, -2, 18, 1, 0, 0, 0, 37 ]
[ 18, 0, 1, 18, 1, 0, -1, 0, 2 ]
[ -1, 0, 2, 0, -1, 1, 0, 0, 37 ]
[ 18, 1, 0, -1, 0, 2, 0, 0, 37 ]
[ -18, -1, 0, 0, -1, 1, -1, 0, 2 ]
[ 1, 0, -1, 0, 1, 0, 0, 0, 37 ]
[ 37, 0, 0, 0, 1, 0, -1, 0, 1 ]
[ 1, 1, 0, 0, 1, 1, 0, 0, 37 ]
[ 1, 1, 0, 0, 37, 0, 0, 1, 1 ]
[ 1, 0, -1, 1, 1, 0, 0, 0, 37 ]
[ 37, 0, 0, 1, 1, 0, -1, 0, 1 ]
[ 1, 0, -1, 2, 1, 0, 0, 0, 37 ]
[ 37, 0, 0, 2, 1, 0, -1, 0, 1 ]
[ 1, 19, 0, 0, 37, 0, 0, -18, 1 ]
[ 2, 1, 0, 1, 1, 1, 0, 0, 37 ]
[ 2, 1, 0, 1, 19, 0, 1, 1, 1 ]
[ 1, 19, 0, 0, 1, 2, 0, 0, 37 ]
[ -1, -19, 0, 0, -18, 1, 0, 1, 2 ]
[ 0, -1, -2, 1, 19, 0, 0, 0, 37 ]
[ 1, 1, 1, 0, 1, 2, 0, 0, 37 ]
[ 1, 1, 1, 1, 19, 0, 0, 1, 2 ]
[ 1, 0, -1, 3, 1, 0, 0, 0, 37 ]
[ 37, 0, 0, 3, 1, 0, -1, 0, 1 ]
[ 1, -12, 0, 0, 37, 0, 0, -12, 1 ]
[ 3, 1, 0, -1, 0, 1, 0, 0, 37 ]
[ 3, 1, 0, -1, 12, 0, -1, 0, 1 ]
[ 1, -12, 0, 0, 1, 3, 0, 0, 37 ]
[ -1, 12, 0, 0, -12, 1, 0, 1, 3 ]
[ 0, 1, 3, -1, 12, 0, 0, 0, 37 ]
[ 1, 0, -1, 0, 1, 3, 0, 0, 37 ]
[ 1, 0, -1, -1, 12, 0, 0, 1, 3 ]
[ 1, 0, -1, 4, 1, 0, 0, 0, 37 ]
[ 37, 0, 0, 4, 1, 0, -1, 0, 1 ]
[ 1, -9, 0, 0, 37, 0, 0, -9, 1 ]
[ 4, 1, 0, -1, 0, 1, 0, 0, 37 ]
[ 4, 1, 0, -1, 9, 0, -1, 0, 1 ]
[ 1, -9, 0, 0, 1, 4, 0, 0, 37 ]
[ -1, 9, 0, 0, -9, 1, 0, 1, 4 ]
[ 0, 1, 4, -1, 9, 0, 0, 0, 37 ]
[ 1, 0, -1, 0, 1, 4, 0, 0, 37 ]
[ 1, 0, -1, -1, 9, 0, 0, 1, 4 ]
[ 1, 0, -1, 5, 1, 0, 0, 0, 37 ]
[ 37, 0, 0, 5, 1, 0, -1, 0, 1 ]
[ 5, 1, 0, -1, 0, 1, 0, 0, 37 ]
[ 5, 1, 0, -2, 7, 0, -1, 0, 1 ]
[ 1, -22, 0, 0, 37, 0, 0, 15, 1 ]
[ 2, -7, 0, -1, 22, 0, 1, -7, 1 ]
[ 1, 0, -1, 0, 1, 5, 0, 0, 37 ]
[ 1, 0, -1, -2, 7, 0, 0, 1, 5 ]
[ 1, -22, 0, 0, 15, 1, 0, -7, 2 ]
[ 1, -7, 1, -1, 22, 0, 0, -7, 2 ]
[ 0, -1, -5, 1, -7, 1, 0, 0, 37 ]
[ -2, 7, 0, 1, -7, 1, 0, 1, 5 ]
[ -1, 4, 21, -2, 7, 0, 0, 0, 37 ]
[ 0, 1, 5, -1, 4, 21, 0, 0, 37 ]
[ 0, 1, 5, -2, 7, 0, -1, 4, 21 ]
[ 1, -22, 0, 0, 1, 5, 0, 0, 37 ]
[ -1, 22, 0, 0, -7, 2, 0, 1, 5 ]
[ 0, 1, 5, -1, 22, 0, 0, 0, 37 ]
[ 0, 7, -2, -1, 22, 0, 0, 1, 5 ]
[ 1, -7, 1, 0, 1, 5, 0, 0, 37 ]
[ -1, 7, -1, 0, -7, 2, 0, 1, 5 ]
[ 1, -4, -21, 0, 1, 5, 0, 0, 37 ]
[ 2, -7, 0, -1, 4, 21, 0, 0, 37 ]
[ 2, -7, 0, 0, 1, 5, -1, 4, 21 ]
[ 1, 0, -1, 6, 1, 0, 0, 0, 37 ]
[ 37, 0, 0, 6, 1, 0, -1, 0, 1 ]
[ 1, -6, 0, 0, 37, 0, 0, -6, 1 ]
[ 6, 1, 0, -1, 0, 1, 0, 0, 37 ]
[ 6, 1, 0, -1, 6, 0, -1, 0, 1 ]
[ 1, -6, 0, 0, 1, 6, 0, 0, 37 ]
[ -1, 6, 0, 0, -6, 1, 0, 1, 6 ]
[ 0, 1, 6, -1, 6, 0, 0, 0, 37 ]
[ 1, 0, -1, 0, 1, 6, 0, 0, 37 ]
[ 1, 0, -1, -1, 6, 0, 0, 1, 6 ]
[ 1, 0, -1, 7, 1, 0, 0, 0, 37 ]
[ 37, 0, 0, 7, 1, 0, -1, 0, 1 ]
[ 7, 1, 0, -1, 0, 1, 0, 0, 37 ]
[ 7, 1, 0, -2, 5, 0, -1, 0, 1 ]
[ 1, -21, 0, 0, 37, 0, 0, 16, 1 ]
[ 2, -5, 0, -1, 21, 0, 1, -5, 1 ]
[ 1, 0, -1, 0, 1, 7, 0, 0, 37 ]
[ 1, 0, -1, -2, 5, 0, 0, 1, 7 ]
[ 1, -21, 0, 0, 16, 1, 0, -5, 2 ]
[ 1, -5, 1, -1, 21, 0, 0, -5, 2 ]
[ 0, -1, -7, 1, -5, 1, 0, 0, 37 ]
[ -2, 5, 0, 1, -5, 1, 0, 1, 7 ]
[ -1, 3, 22, -2, 5, 0, 0, 0, 37 ]
[ 0, 1, 7, -1, 3, 22, 0, 0, 37 ]
[ 0, 1, 7, -2, 5, 0, -1, 3, 22 ]
[ 1, -21, 0, 0, 1, 7, 0, 0, 37 ]
[ -1, 21, 0, 0, -5, 2, 0, 1, 7 ]
[ 0, 1, 7, -1, 21, 0, 0, 0, 37 ]
[ 0, 5, -2, -1, 21, 0, 0, 1, 7 ]
[ 1, -5, 1, 0, 1, 7, 0, 0, 37 ]
[ -1, 5, -1, 0, -5, 2, 0, 1, 7 ]
[ 1, -3, -22, 0, 1, 7, 0, 0, 37 ]
[ 2, -5, 0, -1, 3, 22, 0, 0, 37 ]
[ 2, -5, 0, 0, 1, 7, -1, 3, 22 ]
[ 1, 0, -1, 8, 1, 0, 0, 0, 37 ]
[ 37, 0, 0, 8, 1, 0, -1, 0, 1 ]
[ 8, 1, 0, -1, 0, 1, 0, 0, 37 ]
[ 8, 1, 0, 3, 5, 0, -1, 0, 1 ]
[ 1, 14, 0, 0, 37, 0, 0, 14, 1 ]
[ 3, 5, 0, 1, 14, 0, -1, 0, 1 ]
[ 1, 0, -1, 1, 1, 7, 0, 0, 37 ]
[ 1, 0, -1, 3, 5, 0, 1, 1, 7 ]
[ 1, 14, 0, 0, 14, 1, 0, 5, 3 ]
[ 1, 0, -1, 1, 14, 0, 0, 5, 3 ]
[ 1, 1, 7, -1, 0, 1, 0, 0, 37 ]
[ 3, 5, 0, -1, 0, 1, 1, 1, 7 ]
[ 2, 3, 22, 3, 5, 0, 0, 0, 37 ]
[ 1, 1, 7, 2, 3, 22, 0, 0, 37 ]
[ 1, 1, 7, 3, 5, 0, 2, 3, 22 ]
[ 1, 14, 0, 0, 1, 8, 0, 0, 37 ]
[ 1, 14, 0, 0, 5, 3, 0, 1, 8 ]
[ 0, -1, -8, 1, 14, 0, 0, 0, 37 ]
[ 0, -5, -3, 1, 14, 0, 0, 1, 8 ]
[ 1, 0, -1, 0, 1, 8, 0, 0, 37 ]
[ 1, 0, -1, 0, 5, 3, 0, 1, 8 ]
[ -2, -3, -22, 1, 1, 7, 0, 0, 37 ]
[ -3, -5, 0, 2, 3, 22, 0, 0, 37 ]
[ -3, -5, 0, 1, 1, 7, 2, 3, 22 ]
[ 1, 0, -1, 9, 1, 0, 0, 0, 37 ]
[ 37, 0, 0, 9, 1, 0, -1, 0, 1 ]
[ 1, -4, 0, 0, 37, 0, 0, -4, 1 ]
[ 9, 1, 0, -1, 0, 1, 0, 0, 37 ]
[ 9, 1, 0, -1, 4, 0, -1, 0, 1 ]
[ 1, -4, 0, 0, 1, 9, 0, 0, 37 ]
[ -1, 4, 0, 0, -4, 1, 0, 1, 9 ]
[ 0, 1, 9, -1, 4, 0, 0, 0, 37 ]
[ 1, 0, -1, 0, 1, 9, 0, 0, 37 ]
[ 1, 0, -1, -1, 4, 0, 0, 1, 9 ]
[ 1, 0, -1, 10, 1, 0, 0, 0, 37 ]
[ 37, 0, 0, 10, 1, 0, -1, 0, 1 ]
[ 10, 1, 0, -1, 0, 1, 0, 0, 37 ]
[ 10, 1, 0, 3, 4, 0, -1, 0, 1 ]
[ 1, -11, 0, 0, 37, 0, 0, -11, 1 ]
[ 3, 4, 0, -1, 11, 0, -1, 0, 1 ]
[ 1, 1, 9, 3, 4, 0, 0, 0, 37 ]
[ 1, 0, -1, 1, 1, 9, 0, 0, 37 ]
[ 1, 0, -1, 3, 4, 0, 1, 1, 9 ]
[ -1, 11, 0, 0, -11, 1, 0, 4, 3 ]
[ 1, 0, -1, -1, 11, 0, 0, 4, 3 ]
[ 1, 1, 9, -1, 0, 1, 0, 0, 37 ]
[ -3, -4, 0, 1, 1, 9, 0, 0, 37 ]
[ 3, 4, 0, -1, 0, 1, 1, 1, 9 ]
[ 1, -11, 0, 0, 1, 10, 0, 0, 37 ]
[ 1, -11, 0, 0, 4, 3, 0, 1, 10 ]
[ 0, 1, 10, -1, 11, 0, 0, 0, 37 ]
[ 0, 4, 3, -1, 11, 0, 0, 1, 10 ]
[ 1, 0, -1, 0, 1, 10, 0, 0, 37 ]
[ 1, 0, -1, 0, 4, 3, 0, 1, 10 ]
[ 1, 0, -1, 11, 1, 0, 0, 0, 37 ]
[ 37, 0, 0, 11, 1, 0, -1, 0, 1 ]
[ 11, 1, 0, -1, 0, 1, 0, 0, 37 ]
[ 11, 1, 0, -4, 3, 0, -1, 0, 1 ]
[ 1, -10, 0, 0, 37, 0, 0, -10, 1 ]
[ 4, -3, 0, -1, 10, 0, -1, 0, 1 ]
[ -1, 1, 12, -4, 3, 0, 0, 0, 37 ]
[ 1, 0, -1, -1, 1, 12, 0, 0, 37 ]
[ 1, 0, -1, -4, 3, 0, -1, 1, 12 ]
[ -1, 10, 0, 0, -10, 1, 0, -3, 4 ]
[ 1, 0, -1, -1, 10, 0, 0, -3, 4 ]
[ -1, 1, 12, -1, 0, 1, 0, 0, 37 ]
[ 4, -3, 0, -1, 1, 12, 0, 0, 37 ]
[ -4, 3, 0, -1, 0, 1, -1, 1, 12 ]
[ 1, -10, 0, 0, 1, 11, 0, 0, 37 ]
[ -1, 10, 0, 0, -3, 4, 0, 1, 11 ]
[ 0, 1, 11, -1, 10, 0, 0, 0, 37 ]
[ 0, 3, -4, -1, 10, 0, 0, 1, 11 ]
[ 1, 0, -1, 0, 1, 11, 0, 0, 37 ]
[ -1, 0, 1, 0, -3, 4, 0, 1, 11 ]
[ 1, 0, -1, 12, 1, 0, 0, 0, 37 ]
[ 37, 0, 0, 12, 1, 0, -1, 0, 1 ]
[ 1, -3, 0, 0, 37, 0, 0, -3, 1 ]
[ 12, 1, 0, -1, 0, 1, 0, 0, 37 ]
[ 12, 1, 0, -1, 3, 0, -1, 0, 1 ]
[ 1, -3, 0, 0, 1, 12, 0, 0, 37 ]
[ -1, 3, 0, 0, -3, 1, 0, 1, 12 ]
[ 0, 1, 12, -1, 3, 0, 0, 0, 37 ]
[ 1, 0, -1, 0, 1, 12, 0, 0, 37 ]
[ 1, 0, -1, -1, 3, 0, 0, 1, 12 ]
[ 1, 0, -1, 13, 1, 0, 0, 0, 37 ]
[ 37, 0, 0, 13, 1, 0, -1, 0, 1 ]
[ 13, 1, 0, -1, 0, 1, 0, 0, 37 ]
[ 13, 1, 0, 2, 3, 0, -1, 0, 1 ]
[ 1, 20, 0, 0, 37, 0, 0, -17, 1 ]
[ 2, 3, 0, 1, 20, 0, 1, 3, 1 ]
[ 1, 1, 12, 2, 3, 0, 0, 0, 37 ]
[ 1, 0, -1, 1, 1, 12, 0, 0, 37 ]
[ 1, 0, -1, 2, 3, 0, 1, 1, 12 ]
[ -1, -20, 0, 0, -17, 1, 0, 3, 2 ]
[ 1, 3, 1, 1, 20, 0, 0, 3, 2 ]
[ 1, 2, -12, 1, 3, 1, 0, 0, 37 ]
[ -2, -3, 0, -1, -2, 12, 0, 0, 37 ]
[ 2, 3, 0, 1, 3, 1, -1, -2, 12 ]
[ 1, 20, 0, 0, 1, 13, 0, 0, 37 ]
[ 1, 20, 0, 0, 3, 2, 0, 1, 13 ]
[ 0, -1, -13, 1, 20, 0, 0, 0, 37 ]
[ 0, -3, -2, 1, 20, 0, 0, 1, 13 ]
[ 1, 3, 1, 0, 1, 13, 0, 0, 37 ]
[ 1, 3, 1, 0, 3, 2, 0, 1, 13 ]
[ 1, 0, -1, 14, 1, 0, 0, 0, 37 ]
[ 37, 0, 0, 14, 1, 0, -1, 0, 1 ]
[ 14, 1, 0, -1, 0, 1, 0, 0, 37 ]
[ 14, 1, 0, 5, 3, 0, -1, 0, 1 ]
[ 1, 8, 0, 0, 37, 0, 0, 8, 1 ]
[ 5, 3, 0, 1, 8, 0, -1, 0, 1 ]
[ 2, 1, 12, 5, 3, 0, 0, 0, 37 ]
[ 1, 0, -1, 2, 1, 12, 0, 0, 37 ]
[ 1, 0, -1, 5, 3, 0, 2, 1, 12 ]
[ 1, 8, 0, 0, 8, 1, 0, 3, 5 ]
[ 1, 0, -1, 1, 8, 0, 0, 3, 5 ]
[ 2, 1, 12, -1, 0, 1, 0, 0, 37 ]
[ -5, -3, 0, 2, 1, 12, 0, 0, 37 ]
[ 5, 3, 0, -1, 0, 1, 2, 1, 12 ]
[ 1, 8, 0, 0, 1, 14, 0, 0, 37 ]
[ 1, 8, 0, 0, 3, 5, 0, 1, 14 ]
[ 0, -1, -14, 1, 8, 0, 0, 0, 37 ]
[ 0, -3, -5, 1, 8, 0, 0, 1, 14 ]
[ 1, 0, -1, 0, 1, 14, 0, 0, 37 ]
[ 1, 0, -1, 0, 3, 5, 0, 1, 14 ]
[ 1, 0, -1, 15, 1, 0, 0, 0, 37 ]
[ 37, 0, 0, 15, 1, 0, -1, 0, 1 ]
[ 15, 1, 0, -1, 0, 1, 0, 0, 37 ]
[ 15, 1, 0, -7, 2, 0, -1, 0, 1 ]
[ 1, 5, 0, 0, 37, 0, 0, 5, 1 ]
[ 7, -2, 0, 1, 5, 0, -1, 0, 1 ]
[ 4, -1, -19, -7, 2, 0, 0, 0, 37 ]
[ 1, 0, -1, -4, 1, 19, 0, 0, 37 ]
[ 1, 0, -1, -7, 2, 0, -4, 1, 19 ]
[ 1, 5, 0, 0, 5, 1, 0, -2, 7 ]
[ 1, 0, -1, 1, 5, 0, 0, -2, 7 ]
[ -4, 1, 19, -1, 0, 1, 0, 0, 37 ]
[ -7, 2, 0, -4, 1, 19, 0, 0, 37 ]
[ -7, 2, 0, -1, 0, 1, -4, 1, 19 ]
[ -1, -5, 0, 0, -1, 22, 0, 0, 37 ]
[ -1, -5, 0, 0, -2, 7, 0, -1, 22 ]
[ 0, -1, 22, 1, 5, 0, 0, 0, 37 ]
[ 0, -2, 7, 1, 5, 0, 0, -1, 22 ]
[ -1, 0, 1, 0, -1, 22, 0, 0, 37 ]
[ -1, 0, 1, 0, -2, 7, 0, -1, 22 ]
[ 1, 0, -1, 16, 1, 0, 0, 0, 37 ]
[ 37, 0, 0, 16, 1, 0, -1, 0, 1 ]
[ 16, 1, 0, -1, 0, 1, 0, 0, 37 ]
[ 16, 1, 0, -5, 2, 0, -1, 0, 1 ]
[ 1, 7, 0, 0, 37, 0, 0, 7, 1 ]
[ 5, -2, 0, 1, 7, 0, -1, 0, 1 ]
[ 3, -1, -19, -5, 2, 0, 0, 0, 37 ]
[ 1, 0, -1, -3, 1, 19, 0, 0, 37 ]
[ 1, 0, -1, -5, 2, 0, -3, 1, 19 ]
[ 1, 7, 0, 0, 7, 1, 0, -2, 5 ]
[ 1, 0, -1, 1, 7, 0, 0, -2, 5 ]
[ -3, 1, 19, -1, 0, 1, 0, 0, 37 ]
[ -5, 2, 0, -3, 1, 19, 0, 0, 37 ]
[ -5, 2, 0, -1, 0, 1, -3, 1, 19 ]
[ -1, -7, 0, 0, -1, 21, 0, 0, 37 ]
[ -1, -7, 0, 0, -2, 5, 0, -1, 21 ]
[ 0, -1, 21, 1, 7, 0, 0, 0, 37 ]
[ 0, -2, 5, 1, 7, 0, 0, -1, 21 ]
[ -1, 0, 1, 0, -1, 21, 0, 0, 37 ]
[ -1, 0, 1, 0, -2, 5, 0, -1, 21 ]
[ 1, 0, -1, 17, 1, 0, 0, 0, 37 ]
[ 37, 0, 0, 17, 1, 0, -1, 0, 1 ]
[ 17, 1, 0, -1, 0, 1, 0, 0, 37 ]
[ 17, 1, 0, -3, 2, 0, -1, 0, 1 ]
[ 1, -13, 0, 0, 37, 0, 0, -13, 1 ]
[ 3, -2, 0, -1, 13, 0, -1, 0, 1 ]
[ 2, -1, -19, -3, 2, 0, 0, 0, 37 ]
[ 1, 0, -1, -2, 1, 19, 0, 0, 37 ]
[ 1, 0, -1, -3, 2, 0, -2, 1, 19 ]
[ -1, 13, 0, 0, -13, 1, 0, -2, 3 ]
[ 1, 0, -1, -1, 13, 0, 0, -2, 3 ]
[ -2, 1, 19, -1, 0, 1, 0, 0, 37 ]
[ -3, 2, 0, -2, 1, 19, 0, 0, 37 ]
[ -3, 2, 0, -1, 0, 1, -2, 1, 19 ]
[ -1, 13, 0, 0, -1, 20, 0, 0, 37 ]
[ -1, 13, 0, 0, -2, 3, 0, -1, 20 ]
[ 0, 1, -20, -1, 13, 0, 0, 0, 37 ]
[ 0, 2, -3, -1, 13, 0, 0, -1, 20 ]
[ -1, 0, 1, 0, -1, 20, 0, 0, 37 ]
[ -1, 0, 1, 0, -2, 3, 0, -1, 20 ]
[ 1, 0, -1, 18, 1, 0, 0, 0, 37 ]
[ 37, 0, 0, 18, 1, 0, -1, 0, 1 ]
[ 1, -2, 0, 0, 37, 0, 0, -2, 1 ]
[ 18, 1, 0, -1, 0, 1, 0, 0, 37 ]
[ 18, 1, 0, -1, 2, 0, -1, 0, 1 ]
[ -1, 2, 0, 0, -1, 19, 0, 0, 37 ]
[ -1, 2, 0, 0, -2, 1, 0, -1, 19 ]
[ 1, -1, -19, -1, 2, 0, 0, 0, 37 ]
[ 1, 0, -1, -1, 1, 19, 0, 0, 37 ]
[ 1, 0, -1, -1, 2, 0, -1, 1, 19 ]
[ 1, 0, -1, -18, 1, 0, 0, 0, 37 ]
[ 37, 0, 0, -18, 1, 0, -1, 0, 1 ]
[ 1, 2, 0, 0, 37, 0, 0, 2, 1 ]
[ -18, 1, 0, -1, 0, 1, 0, 0, 37 ]
[ 18, -1, 0, 1, 2, 0, -1, 0, 1 ]
[ 1, 2, 0, 0, 1, 19, 0, 0, 37 ]
[ 1, 2, 0, 0, 2, 1, 0, 1, 19 ]
[ 0, -1, -19, 1, 2, 0, 0, 0, 37 ]
[ 1, 0, -1, 0, 1, 19, 0, 0, 37 ]
[ 1, 0, -1, 1, 2, 0, 0, 1, 19 ]
[ 1, 0, -1, -17, 1, 0, 0, 0, 37 ]
[ 37, 0, 0, -17, 1, 0, -1, 0, 1 ]
[ -17, 1, 0, -1, 0, 1, 0, 0, 37 ]
[ 17, -1, 0, 3, 2, 0, -1, 0, 1 ]
[ 1, 13, 0, 0, 37, 0, 0, 13, 1 ]
[ 3, 2, 0, 1, 13, 0, -1, 0, 1 ]
[ -1, -1, -19, 3, 2, 0, 0, 0, 37 ]
[ 1, 0, -1, 1, 1, 19, 0, 0, 37 ]
[ 1, 0, -1, 3, 2, 0, 1, 1, 19 ]
[ 1, 13, 0, 0, 13, 1, 0, 2, 3 ]
[ 1, 0, -1, 1, 13, 0, 0, 2, 3 ]
[ 1, 1, 19, -1, 0, 1, 0, 0, 37 ]
[ 3, 2, 0, 1, 1, 19, 0, 0, 37 ]
[ 3, 2, 0, -1, 0, 1, 1, 1, 19 ]
[ 1, 13, 0, 0, 1, 20, 0, 0, 37 ]
[ 1, 13, 0, 0, 2, 3, 0, 1, 20 ]
[ 0, -1, -20, 1, 13, 0, 0, 0, 37 ]
[ 0, -2, -3, 1, 13, 0, 0, 1, 20 ]
[ 1, 0, -1, 0, 1, 20, 0, 0, 37 ]
[ 1, 0, -1, 0, 2, 3, 0, 1, 20 ]
[ 1, 0, -1, -16, 1, 0, 0, 0, 37 ]
[ 37, 0, 0, -16, 1, 0, -1, 0, 1 ]
[ -16, 1, 0, -1, 0, 1, 0, 0, 37 ]
[ 16, -1, 0, 5, 2, 0, -1, 0, 1 ]
[ 1, -7, 0, 0, 37, 0, 0, -7, 1 ]
[ 5, 2, 0, -1, 7, 0, -1, 0, 1 ]
[ -2, -1, -19, 5, 2, 0, 0, 0, 37 ]
[ 1, 0, -1, 2, 1, 19, 0, 0, 37 ]
[ 1, 0, -1, 5, 2, 0, 2, 1, 19 ]
[ -1, 7, 0, 0, -7, 1, 0, 2, 5 ]
[ 1, 0, -1, -1, 7, 0, 0, 2, 5 ]
[ 2, 1, 19, -1, 0, 1, 0, 0, 37 ]
[ 5, 2, 0, 2, 1, 19, 0, 0, 37 ]
[ 5, 2, 0, -1, 0, 1, 2, 1, 19 ]
[ 1, -7, 0, 0, 1, 21, 0, 0, 37 ]
[ 1, -7, 0, 0, 2, 5, 0, 1, 21 ]
[ 0, 1, 21, -1, 7, 0, 0, 0, 37 ]
[ 0, 2, 5, -1, 7, 0, 0, 1, 21 ]
[ 1, 0, -1, 0, 1, 21, 0, 0, 37 ]
[ 1, 0, -1, 0, 2, 5, 0, 1, 21 ]
[ 1, 0, -1, -15, 1, 0, 0, 0, 37 ]
[ 37, 0, 0, -15, 1, 0, -1, 0, 1 ]
[ -15, 1, 0, -1, 0, 1, 0, 0, 37 ]
[ 15, -1, 0, 7, 2, 0, -1, 0, 1 ]
[ 1, -5, 0, 0, 37, 0, 0, -5, 1 ]
[ 7, 2, 0, -1, 5, 0, -1, 0, 1 ]
[ -3, -1, -19, 7, 2, 0, 0, 0, 37 ]
[ 1, 0, -1, 3, 1, 19, 0, 0, 37 ]
[ 1, 0, -1, 7, 2, 0, 3, 1, 19 ]
[ -1, 5, 0, 0, -5, 1, 0, 2, 7 ]
[ 1, 0, -1, -1, 5, 0, 0, 2, 7 ]
[ 3, 1, 19, -1, 0, 1, 0, 0, 37 ]
[ 7, 2, 0, 3, 1, 19, 0, 0, 37 ]
[ 7, 2, 0, -1, 0, 1, 3, 1, 19 ]
[ 1, -5, 0, 0, 1, 22, 0, 0, 37 ]
[ 1, -5, 0, 0, 2, 7, 0, 1, 22 ]
[ 0, 1, 22, -1, 5, 0, 0, 0, 37 ]
[ 0, 2, 7, -1, 5, 0, 0, 1, 22 ]
[ 1, 0, -1, 0, 1, 22, 0, 0, 37 ]
[ 1, 0, -1, 0, 2, 7, 0, 1, 22 ]
[ 1, 0, -1, -14, 1, 0, 0, 0, 37 ]
[ 37, 0, 0, -14, 1, 0, -1, 0, 1 ]
[ -14, 1, 0, -1, 0, 1, 0, 0, 37 ]
[ 14, -1, 0, -5, 3, 0, -1, 0, 1 ]
[ 1, -8, 0, 0, 37, 0, 0, -8, 1 ]
[ 5, -3, 0, -1, 8, 0, -1, 0, 1 ]
[ 2, -1, 12, -5, 3, 0, 0, 0, 37 ]
[ -1, 0, 1, 2, -1, 12, 0, 0, 37 ]
[ 1, 0, -1, -5, 3, 0, 2, -1, 12 ]
[ -1, 8, 0, 0, -8, 1, 0, -3, 5 ]
[ 1, 0, -1, -1, 8, 0, 0, -3, 5 ]
[ -2, 1, -12, -1, 0, 1, 0, 0, 37 ]
[ 5, -3, 0, 2, -1, 12, 0, 0, 37 ]
[ -5, 3, 0, -1, 0, 1, 2, -1, 12 ]
[ -1, 8, 0, 0, -1, 14, 0, 0, 37 ]
[ -1, 8, 0, 0, -3, 5, 0, -1, 14 ]
[ 0, 1, -14, -1, 8, 0, 0, 0, 37 ]
[ 0, 3, -5, -1, 8, 0, 0, -1, 14 ]
[ -1, 0, 1, 0, -1, 14, 0, 0, 37 ]
[ -1, 0, 1, 0, -3, 5, 0, -1, 14 ]
[ 1, 0, -1, -13, 1, 0, 0, 0, 37 ]
[ 37, 0, 0, -13, 1, 0, -1, 0, 1 ]
[ -13, 1, 0, -1, 0, 1, 0, 0, 37 ]
[ 13, -1, 0, -2, 3, 0, -1, 0, 1 ]
[ 1, -20, 0, 0, 37, 0, 0, 17, 1 ]
[ 2, -3, 0, -1, 20, 0, 1, -3, 1 ]
[ 1, -1, 12, -2, 3, 0, 0, 0, 37 ]
[ -1, 0, 1, 1, -1, 12, 0, 0, 37 ]
[ 1, 0, -1, -2, 3, 0, 1, -1, 12 ]
[ 1, -20, 0, 0, 17, 1, 0, -3, 2 ]
[ 1, -3, 1, -1, 20, 0, 0, -3, 2 ]
[ -1, 2, 12, 1, -3, 1, 0, 0, 37 ]
[ 2, -3, 0, -1, 2, 12, 0, 0, 37 ]
[ -2, 3, 0, 1, -3, 1, -1, 2, 12 ]
[ -1, 20, 0, 0, -1, 13, 0, 0, 37 ]
[ -1, 20, 0, 0, -3, 2, 0, -1, 13 ]
[ 0, 1, -13, -1, 20, 0, 0, 0, 37 ]
[ 0, 3, -2, -1, 20, 0, 0, -1, 13 ]
[ -1, 3, -1, 0, -1, 13, 0, 0, 37 ]
[ -1, 3, -1, 0, -3, 2, 0, -1, 13 ]
[ 1, 0, -1, -12, 1, 0, 0, 0, 37 ]
[ 37, 0, 0, -12, 1, 0, -1, 0, 1 ]
[ 1, 3, 0, 0, 37, 0, 0, 3, 1 ]
[ -12, 1, 0, -1, 0, 1, 0, 0, 37 ]
[ 12, -1, 0, 1, 3, 0, -1, 0, 1 ]
[ -1, -3, 0, 0, -1, 12, 0, 0, 37 ]
[ 1, 3, 0, 0, 3, 1, 0, -1, 12 ]
[ 0, -1, 12, 1, 3, 0, 0, 0, 37 ]
[ -1, 0, 1, 0, -1, 12, 0, 0, 37 ]
[ 1, 0, -1, 1, 3, 0, 0, -1, 12 ]
[ 1, 0, -1, -11, 1, 0, 0, 0, 37 ]
[ 37, 0, 0, -11, 1, 0, -1, 0, 1 ]
[ -11, 1, 0, -1, 0, 1, 0, 0, 37 ]
[ 11, -1, 0, 4, 3, 0, -1, 0, 1 ]
[ 1, 10, 0, 0, 37, 0, 0, 10, 1 ]
[ 4, 3, 0, 1, 10, 0, -1, 0, 1 ]
[ -1, -1, 12, 4, 3, 0, 0, 0, 37 ]
[ -1, 0, 1, -1, -1, 12, 0, 0, 37 ]
[ 1, 0, -1, 4, 3, 0, -1, -1, 12 ]
[ 1, 10, 0, 0, 10, 1, 0, 3, 4 ]
[ 1, 0, -1, 1, 10, 0, 0, 3, 4 ]
[ 1, 1, -12, -1, 0, 1, 0, 0, 37 ]
[ -4, -3, 0, -1, -1, 12, 0, 0, 37 ]
[ 4, 3, 0, -1, 0, 1, -1, -1, 12 ]
[ -1, -10, 0, 0, -1, 11, 0, 0, 37 ]
[ 1, 10, 0, 0, 3, 4, 0, -1, 11 ]
[ 0, -1, 11, 1, 10, 0, 0, 0, 37 ]
[ 0, -3, -4, 1, 10, 0, 0, -1, 11 ]
[ -1, 0, 1, 0, -1, 11, 0, 0, 37 ]
[ 1, 0, -1, 0, 3, 4, 0, -1, 11 ]
[ 1, 0, -1, -10, 1, 0, 0, 0, 37 ]
[ 37, 0, 0, -10, 1, 0, -1, 0, 1 ]
[ -10, 1, 0, -1, 0, 1, 0, 0, 37 ]
[ 10, -1, 0, -3, 4, 0, -1, 0, 1 ]
[ 1, 11, 0, 0, 37, 0, 0, 11, 1 ]
[ 3, -4, 0, 1, 11, 0, -1, 0, 1 ]
[ 1, -1, 9, -3, 4, 0, 0, 0, 37 ]
[ -1, 0, 1, 1, -1, 9, 0, 0, 37 ]
[ 1, 0, -1, -3, 4, 0, 1, -1, 9 ]
[ 1, 11, 0, 0, 11, 1, 0, -4, 3 ]
[ 1, 0, -1, 1, 11, 0, 0, -4, 3 ]
[ -1, 1, -9, -1, 0, 1, 0, 0, 37 ]
[ 3, -4, 0, 1, -1, 9, 0, 0, 37 ]
[ -3, 4, 0, -1, 0, 1, 1, -1, 9 ]
[ -1, -11, 0, 0, -1, 10, 0, 0, 37 ]
[ -1, -11, 0, 0, -4, 3, 0, -1, 10 ]
[ 0, -1, 10, 1, 11, 0, 0, 0, 37 ]
[ 0, -4, 3, 1, 11, 0, 0, -1, 10 ]
[ -1, 0, 1, 0, -1, 10, 0, 0, 37 ]
[ -1, 0, 1, 0, -4, 3, 0, -1, 10 ]
[ 1, 0, -1, -9, 1, 0, 0, 0, 37 ]
[ 37, 0, 0, -9, 1, 0, -1, 0, 1 ]
[ 1, 4, 0, 0, 37, 0, 0, 4, 1 ]
[ -9, 1, 0, -1, 0, 1, 0, 0, 37 ]
[ 9, -1, 0, 1, 4, 0, -1, 0, 1 ]
[ -1, -4, 0, 0, -1, 9, 0, 0, 37 ]
[ 1, 4, 0, 0, 4, 1, 0, -1, 9 ]
[ 0, -1, 9, 1, 4, 0, 0, 0, 37 ]
[ -1, 0, 1, 0, -1, 9, 0, 0, 37 ]
[ 1, 0, -1, 1, 4, 0, 0, -1, 9 ]
[ 1, 0, -1, -8, 1, 0, 0, 0, 37 ]
[ 37, 0, 0, -8, 1, 0, -1, 0, 1 ]
[ -8, 1, 0, -1, 0, 1, 0, 0, 37 ]
[ 8, -1, 0, -3, 5, 0, -1, 0, 1 ]
[ 1, -14, 0, 0, 37, 0, 0, -14, 1 ]
[ 3, -5, 0, -1, 14, 0, -1, 0, 1 ]
[ -1, 0, 1, 1, -1, 7, 0, 0, 37 ]
[ 1, 0, -1, -3, 5, 0, 1, -1, 7 ]
[ -1, 14, 0, 0, -14, 1, 0, -5, 3 ]
[ 1, 0, -1, -1, 14, 0, 0, -5, 3 ]
[ -1, 1, -7, -1, 0, 1, 0, 0, 37 ]
[ -3, 5, 0, -1, 0, 1, 1, -1, 7 ]
[ -1, 2, 22, -3, 5, 0, 0, 0, 37 ]
[ 1, -1, 7, -1, 2, 22, 0, 0, 37 ]
[ 1, -1, 7, -3, 5, 0, -1, 2, 22 ]
[ -1, 14, 0, 0, -1, 8, 0, 0, 37 ]
[ -1, 14, 0, 0, -5, 3, 0, -1, 8 ]
[ 0, 1, -8, -1, 14, 0, 0, 0, 37 ]
[ 0, 5, -3, -1, 14, 0, 0, -1, 8 ]
[ -1, 0, 1, 0, -1, 8, 0, 0, 37 ]
[ -1, 0, 1, 0, -5, 3, 0, -1, 8 ]
[ 1, -2, -22, 1, -1, 7, 0, 0, 37 ]
[ 3, -5, 0, -1, 2, 22, 0, 0, 37 ]
[ 3, -5, 0, 1, -1, 7, -1, 2, 22 ]
[ 1, 0, -1, -7, 1, 0, 0, 0, 37 ]
[ 37, 0, 0, -7, 1, 0, -1, 0, 1 ]
[ -7, 1, 0, -1, 0, 1, 0, 0, 37 ]
[ 7, -1, 0, 2, 5, 0, -1, 0, 1 ]
[ 1, 21, 0, 0, 37, 0, 0, -16, 1 ]
[ 2, 5, 0, 1, 21, 0, 1, 5, 1 ]
[ -1, 0, 1, 0, -1, 7, 0, 0, 37 ]
[ 1, 0, -1, 2, 5, 0, 0, -1, 7 ]
[ -1, -21, 0, 0, -16, 1, 0, 5, 2 ]
[ 1, 5, 1, 1, 21, 0, 0, 5, 2 ]
[ 0, -1, 7, 1, 5, 1, 0, 0, 37 ]
[ 2, 5, 0, 1, 5, 1, 0, -1, 7 ]
[ 1, 2, 22, 2, 5, 0, 0, 0, 37 ]
[ 0, -1, 7, 1, 2, 22, 0, 0, 37 ]
[ 0, -1, 7, 2, 5, 0, 1, 2, 22 ]
[ -1, -21, 0, 0, -1, 7, 0, 0, 37 ]
[ 1, 21, 0, 0, 5, 2, 0, -1, 7 ]
[ 0, -1, 7, 1, 21, 0, 0, 0, 37 ]
[ 0, -5, -2, 1, 21, 0, 0, -1, 7 ]
[ -1, -5, -1, 0, -1, 7, 0, 0, 37 ]
[ 1, 5, 1, 0, 5, 2, 0, -1, 7 ]
[ -1, -2, -22, 0, -1, 7, 0, 0, 37 ]
[ -2, -5, 0, 1, 2, 22, 0, 0, 37 ]
[ -2, -5, 0, 0, -1, 7, 1, 2, 22 ]
[ 1, 0, -1, -6, 1, 0, 0, 0, 37 ]
[ 37, 0, 0, -6, 1, 0, -1, 0, 1 ]
[ 1, 6, 0, 0, 37, 0, 0, 6, 1 ]
[ -6, 1, 0, -1, 0, 1, 0, 0, 37 ]
[ 6, -1, 0, 1, 6, 0, -1, 0, 1 ]
[ -1, -6, 0, 0, -1, 6, 0, 0, 37 ]
[ 1, 6, 0, 0, 6, 1, 0, -1, 6 ]
[ 0, -1, 6, 1, 6, 0, 0, 0, 37 ]
[ -1, 0, 1, 0, -1, 6, 0, 0, 37 ]
[ 1, 0, -1, 1, 6, 0, 0, -1, 6 ]
[ 1, 0, -1, -5, 1, 0, 0, 0, 37 ]
[ 37, 0, 0, -5, 1, 0, -1, 0, 1 ]
[ -5, 1, 0, -1, 0, 1, 0, 0, 37 ]
[ 5, -1, 0, 2, 7, 0, -1, 0, 1 ]
[ 1, 22, 0, 0, 37, 0, 0, -15, 1 ]
[ 2, 7, 0, 1, 22, 0, 1, 7, 1 ]
[ -1, 0, 1, 0, -1, 5, 0, 0, 37 ]
[ 1, 0, -1, 2, 7, 0, 0, -1, 5 ]
[ -1, -22, 0, 0, -15, 1, 0, 7, 2 ]
[ 1, 7, 1, 1, 22, 0, 0, 7, 2 ]
[ 0, -1, 5, 1, 7, 1, 0, 0, 37 ]
[ 2, 7, 0, 1, 7, 1, 0, -1, 5 ]
[ 1, 3, 21, 2, 7, 0, 0, 0, 37 ]
[ 0, -1, 5, 1, 3, 21, 0, 0, 37 ]
[ 0, -1, 5, 2, 7, 0, 1, 3, 21 ]
[ -1, -22, 0, 0, -1, 5, 0, 0, 37 ]
[ 1, 22, 0, 0, 7, 2, 0, -1, 5 ]
[ 0, -1, 5, 1, 22, 0, 0, 0, 37 ]
[ 0, -7, -2, 1, 22, 0, 0, -1, 5 ]
[ -1, -7, -1, 0, -1, 5, 0, 0, 37 ]
[ 1, 7, 1, 0, 7, 2, 0, -1, 5 ]
[ -1, -3, -21, 0, -1, 5, 0, 0, 37 ]
[ -2, -7, 0, 1, 3, 21, 0, 0, 37 ]
[ -2, -7, 0, 0, -1, 5, 1, 3, 21 ]
[ 1, 0, -1, -4, 1, 0, 0, 0, 37 ]
[ 37, 0, 0, -4, 1, 0, -1, 0, 1 ]
[ 1, 9, 0, 0, 37, 0, 0, 9, 1 ]
[ -4, 1, 0, -1, 0, 1, 0, 0, 37 ]
[ 4, -1, 0, 1, 9, 0, -1, 0, 1 ]
[ -1, -9, 0, 0, -1, 4, 0, 0, 37 ]
[ 1, 9, 0, 0, 9, 1, 0, -1, 4 ]
[ 0, -1, 4, 1, 9, 0, 0, 0, 37 ]
[ -1, 0, 1, 0, -1, 4, 0, 0, 37 ]
[ 1, 0, -1, 1, 9, 0, 0, -1, 4 ]
[ 1, 0, -1, -3, 1, 0, 0, 0, 37 ]
[ 37, 0, 0, -3, 1, 0, -1, 0, 1 ]
[ 1, 12, 0, 0, 37, 0, 0, 12, 1 ]
[ -3, 1, 0, -1, 0, 1, 0, 0, 37 ]
[ 3, -1, 0, 1, 12, 0, -1, 0, 1 ]
[ -1, -12, 0, 0, -1, 3, 0, 0, 37 ]
[ 1, 12, 0, 0, 12, 1, 0, -1, 3 ]
[ 0, -1, 3, 1, 12, 0, 0, 0, 37 ]
[ -1, 0, 1, 0, -1, 3, 0, 0, 37 ]
[ 1, 0, -1, 1, 12, 0, 0, -1, 3 ]
[ 1, 0, -1, -2, 1, 0, 0, 0, 37 ]
[ 37, 0, 0, -2, 1, 0, -1, 0, 1 ]
[ 1, -19, 0, 0, 37, 0, 0, 18, 1 ]
[ -2, 1, 0, 1, -1, 1, 0, 0, 37 ]
[ 2, -1, 0, -1, 19, 0, 1, -1, 1 ]
[ -1, 19, 0, 0, -1, 2, 0, 0, 37 ]
[ 1, -19, 0, 0, 18, 1, 0, -1, 2 ]
[ 0, 1, -2, -1, 19, 0, 0, 0, 37 ]
[ -1, 1, -1, 0, -1, 2, 0, 0, 37 ]
[ 1, -1, 1, -1, 19, 0, 0, -1, 2 ]
[ -1, 1, 0, 0, -1, 1, 0, 0, 37 ]
[ 1, -1, 0, 0, 37, 0, 0, -1, 1 ]
[ 1, 0, -1, -1, 1, 0, 0, 0, 37 ]
[ 37, 0, 0, -1, 1, 0, -1, 0, 1 ]
[ 1, 0, 0, 0, 37, 0, 0, 0, 1 ]
[ 1, 1, 0, 0, 37, 0, 0, 0, 1 ]
[ 37, 0, 0, 1, 1, 0, 0, 0, 1 ]
[ 37, 0, 0, -18, 1, 0, 0, 0, 1 ]
[ 1, 2, 0, 0, 37, 0, 0, 0, 1 ]
[ 18, -1, 0, 1, 2, 0, 0, 0, 1 ]
[ 37, 0, 0, -12, 1, 0, 0, 0, 1 ]
[ 1, 3, 0, 0, 37, 0, 0, 0, 1 ]
[ 12, -1, 0, 1, 3, 0, 0, 0, 1 ]
[ 37, 0, 0, -9, 1, 0, 0, 0, 1 ]
[ 1, 4, 0, 0, 37, 0, 0, 0, 1 ]
[ 9, -1, 0, 1, 4, 0, 0, 0, 1 ]
[ 37, 0, 0, 15, 1, 0, 0, 0, 1 ]
[ 15, 1, 0, -7, 2, 0, 0, 0, 1 ]
[ 1, 5, 0, 0, 37, 0, 0, 0, 1 ]
[ 7, -2, 0, 1, 5, 0, 0, 0, 1 ]
[ 37, 0, 0, -6, 1, 0, 0, 0, 1 ]
[ 1, 6, 0, 0, 37, 0, 0, 0, 1 ]
[ 6, -1, 0, 1, 6, 0, 0, 0, 1 ]
[ 37, 0, 0, 16, 1, 0, 0, 0, 1 ]
[ 16, 1, 0, -5, 2, 0, 0, 0, 1 ]
[ 1, 7, 0, 0, 37, 0, 0, 0, 1 ]
[ 5, -2, 0, 1, 7, 0, 0, 0, 1 ]
[ 37, 0, 0, 14, 1, 0, 0, 0, 1 ]
[ 14, 1, 0, 5, 3, 0, 0, 0, 1 ]
[ 1, 8, 0, 0, 37, 0, 0, 0, 1 ]
[ 5, 3, 0, 1, 8, 0, 0, 0, 1 ]
[ 37, 0, 0, -4, 1, 0, 0, 0, 1 ]
[ 1, 9, 0, 0, 37, 0, 0, 0, 1 ]
[ 4, -1, 0, 1, 9, 0, 0, 0, 1 ]
[ 37, 0, 0, -11, 1, 0, 0, 0, 1 ]
[ 11, -1, 0, 4, 3, 0, 0, 0, 1 ]
[ 1, 10, 0, 0, 37, 0, 0, 0, 1 ]
[ 4, 3, 0, 1, 10, 0, 0, 0, 1 ]
[ 37, 0, 0, -10, 1, 0, 0, 0, 1 ]
[ 10, -1, 0, -3, 4, 0, 0, 0, 1 ]
[ 1, 11, 0, 0, 37, 0, 0, 0, 1 ]
[ 3, -4, 0, 1, 11, 0, 0, 0, 1 ]
[ 37, 0, 0, -3, 1, 0, 0, 0, 1 ]
[ 1, 12, 0, 0, 37, 0, 0, 0, 1 ]
[ 3, -1, 0, 1, 12, 0, 0, 0, 1 ]
[ 37, 0, 0, -17, 1, 0, 0, 0, 1 ]
[ 17, -1, 0, 3, 2, 0, 0, 0, 1 ]
[ 1, 13, 0, 0, 37, 0, 0, 0, 1 ]
[ 3, 2, 0, 1, 13, 0, 0, 0, 1 ]
[ 37, 0, 0, 8, 1, 0, 0, 0, 1 ]
[ 8, 1, 0, 3, 5, 0, 0, 0, 1 ]
[ 1, 14, 0, 0, 37, 0, 0, 0, 1 ]
[ 3, 5, 0, 1, 14, 0, 0, 0, 1 ]
[ 37, 0, 0, 5, 1, 0, 0, 0, 1 ]
[ 5, 1, 0, -2, 7, 0, 0, 0, 1 ]
[ 1, -22, 0, 0, 37, 0, 0, 0, 1 ]
[ 2, -7, 0, -1, 22, 0, 0, 0, 1 ]
[ 37, 0, 0, 7, 1, 0, 0, 0, 1 ]
[ 7, 1, 0, -2, 5, 0, 0, 0, 1 ]
[ 1, -21, 0, 0, 37, 0, 0, 0, 1 ]
[ 2, -5, 0, -1, 21, 0, 0, 0, 1 ]
[ 37, 0, 0, -13, 1, 0, 0, 0, 1 ]
[ 13, -1, 0, -2, 3, 0, 0, 0, 1 ]
[ 1, -20, 0, 0, 37, 0, 0, 0, 1 ]
[ 2, -3, 0, -1, 20, 0, 0, 0, 1 ]
[ 37, 0, 0, -2, 1, 0, 0, 0, 1 ]
[ 1, -19, 0, 0, 37, 0, 0, 0, 1 ]
[ 2, -1, 0, -1, 19, 0, 0, 0, 1 ]
[ 37, 0, 0, 2, 1, 0, 0, 0, 1 ]
[ 1, 19, 0, 0, 37, 0, 0, 0, 1 ]
[ 2, 1, 0, 1, 19, 0, 0, 0, 1 ]
[ 37, 0, 0, 13, 1, 0, 0, 0, 1 ]
[ 13, 1, 0, 2, 3, 0, 0, 0, 1 ]
[ 1, 20, 0, 0, 37, 0, 0, 0, 1 ]
[ 2, 3, 0, 1, 20, 0, 0, 0, 1 ]
[ 37, 0, 0, -7, 1, 0, 0, 0, 1 ]
[ 7, -1, 0, 2, 5, 0, 0, 0, 1 ]
[ 1, 21, 0, 0, 37, 0, 0, 0, 1 ]
[ 2, 5, 0, 1, 21, 0, 0, 0, 1 ]
[ 37, 0, 0, -5, 1, 0, 0, 0, 1 ]
[ 5, -1, 0, 2, 7, 0, 0, 0, 1 ]
[ 1, 22, 0, 0, 37, 0, 0, 0, 1 ]
[ 2, 7, 0, 1, 22, 0, 0, 0, 1 ]
[ 37, 0, 0, -8, 1, 0, 0, 0, 1 ]
[ 8, -1, 0, -3, 5, 0, 0, 0, 1 ]
[ 1, -14, 0, 0, 37, 0, 0, 0, 1 ]
[ 3, -5, 0, -1, 14, 0, 0, 0, 1 ]
[ 37, 0, 0, 17, 1, 0, 0, 0, 1 ]
[ 17, 1, 0, -3, 2, 0, 0, 0, 1 ]
[ 1, -13, 0, 0, 37, 0, 0, 0, 1 ]
[ 3, -2, 0, -1, 13, 0, 0, 0, 1 ]
[ 37, 0, 0, 3, 1, 0, 0, 0, 1 ]
[ 1, -12, 0, 0, 37, 0, 0, 0, 1 ]
[ 3, 1, 0, -1, 12, 0, 0, 0, 1 ]
[ 37, 0, 0, 10, 1, 0, 0, 0, 1 ]
[ 10, 1, 0, 3, 4, 0, 0, 0, 1 ]
[ 1, -11, 0, 0, 37, 0, 0, 0, 1 ]
[ 3, 4, 0, -1, 11, 0, 0, 0, 1 ]
[ 37, 0, 0, 11, 1, 0, 0, 0, 1 ]
[ 11, 1, 0, -4, 3, 0, 0, 0, 1 ]
[ 1, -10, 0, 0, 37, 0, 0, 0, 1 ]
[ 4, -3, 0, -1, 10, 0, 0, 0, 1 ]
[ 37, 0, 0, 4, 1, 0, 0, 0, 1 ]
[ 1, -9, 0, 0, 37, 0, 0, 0, 1 ]
[ 4, 1, 0, -1, 9, 0, 0, 0, 1 ]
[ 37, 0, 0, -14, 1, 0, 0, 0, 1 ]
[ 14, -1, 0, -5, 3, 0, 0, 0, 1 ]
[ 1, -8, 0, 0, 37, 0, 0, 0, 1 ]
[ 5, -3, 0, -1, 8, 0, 0, 0, 1 ]
[ 37, 0, 0, -16, 1, 0, 0, 0, 1 ]
[ 16, -1, 0, 5, 2, 0, 0, 0, 1 ]
[ 1, -7, 0, 0, 37, 0, 0, 0, 1 ]
[ 5, 2, 0, -1, 7, 0, 0, 0, 1 ]
[ 37, 0, 0, 6, 1, 0, 0, 0, 1 ]
[ 1, -6, 0, 0, 37, 0, 0, 0, 1 ]
[ 6, 1, 0, -1, 6, 0, 0, 0, 1 ]
[ 37, 0, 0, -15, 1, 0, 0, 0, 1 ]
[ 15, -1, 0, 7, 2, 0, 0, 0, 1 ]
[ 1, -5, 0, 0, 37, 0, 0, 0, 1 ]
[ 7, 2, 0, -1, 5, 0, 0, 0, 1 ]
[ 37, 0, 0, 9, 1, 0, 0, 0, 1 ]
[ 1, -4, 0, 0, 37, 0, 0, 0, 1 ]
[ 9, 1, 0, -1, 4, 0, 0, 0, 1 ]
[ 37, 0, 0, 12, 1, 0, 0, 0, 1 ]
[ 1, -3, 0, 0, 37, 0, 0, 0, 1 ]
[ 12, 1, 0, -1, 3, 0, 0, 0, 1 ]
[ 37, 0, 0, 18, 1, 0, 0, 0, 1 ]
[ 1, -2, 0, 0, 37, 0, 0, 0, 1 ]
[ 18, 1, 0, -1, 2, 0, 0, 0, 1 ]
[ 1, -1, 0, 0, 37, 0, 0, 0, 1 ]
[ 37, 0, 0, -1, 1, 0, 0, 0, 1 ]
[ 37, 0, 0, 0, 1, 0, 0, 0, 1 ]
