[ 1, 0, 0, 0, 1, 0, 0, 0, 19 ]
[ 1, 0, 0, 0, 1, 1, 0, 0, 19 ]
[ 1, 0, 0, 0, 19, 0, 0, 1, 1 ]
[ 1, 0, 0, 0, 19, 0, 0, -9, 1 ]
[ 1, 0, 0, 0, 1, 2, 0, 0, 19 ]
[ -1, 0, 0, 0, -9, 1, 0, 1, 2 ]
[ 1, 0, 0, 0, 19, 0, 0, -6, 1 ]
[ 1, 0, 0, 0, 1, 3, 0, 0, 19 ]
[ -1, 0, 0, 0, -6, 1, 0, 1, 3 ]
[ 1, 0, 0, 0, 19, 0, 0, 5, 1 ]
[ 1, 0, 0, 0, 1, 4, 0, 0, 19 ]
[ 1, 0, 0, 0, 5, 1, 0, 1, 4 ]
[ 1, 0, 0, 0, 19, 0, 0, 4, 1 ]
[ 1, 0, 0, 0, 1, 5, 0, 0, 19 ]
[ 1, 0, 0, 0, 4, 1, 0, 1, 5 ]
[ 1, 0, 0, 0, 19, 0, 0, -3, 1 ]
[ 1, 0, 0, 0, 1, 6, 0, 0, 19 ]
[ -1, 0, 0, 0, -3, 1, 0, 1, 6 ]
[ 1, 0, 0, 0, 19, 0, 0, -8, 1 ]
[ -1, 0, 0, 0, -8, 1, 0, 3, 2 ]
[ 1, 0, 0, 0, 1, 7, 0, 0, 19 ]
[ 1, 0, 0, 0, 3, 2, 0, 1, 7 ]
[ 1, 0, 0, 0, 19, 0, 0, -7, 1 ]
[ -1, 0, 0, 0, -7, 1, 0, -2, 3 ]
[ -1, 0, 0, 0, -1, 11, 0, 0, 19 ]
[ -1, 0, 0, 0, -2, 3, 0, -1, 11 ]
[ 1, 0, 0, 0, 19, 0, 0, -2, 1 ]
[ -1, 0, 0, 0, -1, 10, 0, 0, 19 ]
[ -1, 0, 0, 0, -2, 1, 0, -1, 10 ]
[ 1, 0, 0, 0, 19, 0, 0, 2, 1 ]
[ 1, 0, 0, 0, 1, 10, 0, 0, 19 ]
[ 1, 0, 0, 0, 2, 1, 0, 1, 10 ]
[ 1, 0, 0, 0, 19, 0, 0, 7, 1 ]
[ 1, 0, 0, 0, 7, 1, 0, 2, 3 ]
[ 1, 0, 0, 0, 1, 11, 0, 0, 19 ]
[ 1, 0, 0, 0, 2, 3, 0, 1, 11 ]
[ 1, 0, 0, 0, 19, 0, 0, 8, 1 ]
[ 1, 0, 0, 0, 8, 1, 0, -3, 2 ]
[ -1, 0, 0, 0, -1, 7, 0, 0, 19 ]
[ -1, 0, 0, 0, -3, 2, 0, -1, 7 ]
[ 1, 0, 0, 0, 19, 0, 0, 3, 1 ]
[ -1, 0, 0, 0, -1, 6, 0, 0, 19 ]
[ 1, 0, 0, 0, 3, 1, 0, -1, 6 ]
[ 1, 0, 0, 0, 19, 0, 0, -4, 1 ]
[ -1, 0, 0, 0, -1, 5, 0, 0, 19 ]
[ -1, 0, 0, 0, -4, 1, 0, -1, 5 ]
[ 1, 0, 0, 0, 19, 0, 0, -5, 1 ]
[ -1, 0, 0, 0, -1, 4, 0, 0, 19 ]
[ -1, 0, 0, 0, -5, 1, 0, -1, 4 ]
[ 1, 0, 0, 0, 19, 0, 0, 6, 1 ]
[ -1, 0, 0, 0, -1, 3, 0, 0, 19 ]
[ 1, 0, 0, 0, 6, 1, 0, -1, 3 ]
[ 1, 0, 0, 0, 19, 0, 0, 9, 1 ]
[ -1, 0, 0, 0, -1, 2, 0, 0, 19 ]
[ 1, 0, 0, 0, 9, 1, 0, -1, 2 ]
[ -1, 0, 0, 0, -1, 1, 0, 0, 19 ]
[ 1, 0, 0, 0, 19, 0, 0, -1, 1 ]
[ 1, 0, 1, 0, 1, 0, 0, 0, 19 ]
[ 19, 0, 0, 0, 1, 0, 1, 0, 1 ]
[ 1, -1, 0, 0, 1, 1, 0, 0, 19 ]
[ 1, -1, 0, 0, 19, 0, 0, 1, 1 ]
[ 1, 0, 1, -1, 1, 0, 0, 0, 19 ]
[ 19, 0, 0, -1, 1, 0, 1, 0, 1 ]
[ 1, 0, 1, -2, 1, 0, 0, 0, 19 ]
[ 19, 0, 0, -2, 1, 0, 1, 0, 1 ]
[ 1, -10, 0, 0, 19, 0, 0, -9, 1 ]
[ 2, -1, 0, -1, 1, 1, 0, 0, 19 ]
[ 2, -1, 0, -1, 10, 0, -1, 1, 1 ]
[ 1, -10, 0, 0, 1, 2, 0, 0, 19 ]
[ -1, 10, 0, 0, -9, 1, 0, 1, 2 ]
[ 0, 1, 2, -1, 10, 0, 0, 0, 19 ]
[ 1, -1, -1, 0, 1, 2, 0, 0, 19 ]
[ 1, -1, -1, -1, 10, 0, 0, 1, 2 ]
[ 1, 0, 1, -3, 1, 0, 0, 0, 19 ]
[ 19, 0, 0, -3, 1, 0, 1, 0, 1 ]
[ 1, 6, 0, 0, 19, 0, 0, -6, 1 ]
[ 3, -1, 0, 1, 0, 1, 0, 0, 19 ]
[ 3, -1, 0, 1, 6, 0, 1, 0, 1 ]
[ 1, 6, 0, 0, 1, 3, 0, 0, 19 ]
[ -1, -6, 0, 0, -6, 1, 0, 1, 3 ]
[ 0, -1, -3, 1, 6, 0, 0, 0, 19 ]
[ 1, 0, 1, 0, 1, 3, 0, 0, 19 ]
[ 1, 0, 1, 1, 6, 0, 0, 1, 3 ]
[ 1, 0, 1, -4, 1, 0, 0, 0, 19 ]
[ 19, 0, 0, -4, 1, 0, 1, 0, 1 ]
[ 1, -5, 0, 0, 19, 0, 0, 5, 1 ]
[ 4, -1, 0, 1, 0, 1, 0, 0, 19 ]
[ 4, -1, 0, -1, 5, 0, 1, 0, 1 ]
[ 1, -5, 0, 0, 1, 4, 0, 0, 19 ]
[ 1, -5, 0, 0, 5, 1, 0, 1, 4 ]
[ 0, 1, 4, -1, 5, 0, 0, 0, 19 ]
[ 1, 0, 1, 0, 1, 4, 0, 0, 19 ]
[ 1, 0, 1, -1, 5, 0, 0, 1, 4 ]
[ 1, 0, 1, -5, 1, 0, 0, 0, 19 ]
[ 19, 0, 0, -5, 1, 0, 1, 0, 1 ]
[ 1, -4, 0, 0, 19, 0, 0, 4, 1 ]
[ 5, -1, 0, 1, 0, 1, 0, 0, 19 ]
[ 5, -1, 0, -1, 4, 0, 1, 0, 1 ]
[ 1, -4, 0, 0, 1, 5, 0, 0, 19 ]
[ 1, -4, 0, 0, 4, 1, 0, 1, 5 ]
[ 0, 1, 5, -1, 4, 0, 0, 0, 19 ]
[ 1, 0, 1, 0, 1, 5, 0, 0, 19 ]
[ 1, 0, 1, -1, 4, 0, 0, 1, 5 ]
[ 1, 0, 1, -6, 1, 0, 0, 0, 19 ]
[ 19, 0, 0, -6, 1, 0, 1, 0, 1 ]
[ 1, 3, 0, 0, 19, 0, 0, -3, 1 ]
[ 6, -1, 0, 1, 0, 1, 0, 0, 19 ]
[ 6, -1, 0, 1, 3, 0, 1, 0, 1 ]
[ 1, 3, 0, 0, 1, 6, 0, 0, 19 ]
[ -1, -3, 0, 0, -3, 1, 0, 1, 6 ]
[ 0, -1, -6, 1, 3, 0, 0, 0, 19 ]
[ 1, 0, 1, 0, 1, 6, 0, 0, 19 ]
[ 1, 0, 1, 1, 3, 0, 0, 1, 6 ]
[ 1, 0, 1, -7, 1, 0, 0, 0, 19 ]
[ 19, 0, 0, -7, 1, 0, 1, 0, 1 ]
[ 7, -1, 0, 1, 0, 1, 0, 0, 19 ]
[ 7, -1, 0, -2, 3, 0, 1, 0, 1 ]
[ 1, -11, 0, 0, 19, 0, 0, -8, 1 ]
[ 2, -3, 0, -1, 11, 0, -1, 3, 1 ]
[ 1, -1, -6, -2, 3, 0, 0, 0, 19 ]
[ 1, 0, 1, -1, 1, 6, 0, 0, 19 ]
[ 1, 0, 1, -2, 3, 0, -1, 1, 6 ]
[ -1, 11, 0, 0, -8, 1, 0, 3, 2 ]
[ 1, -3, -1, -1, 11, 0, 0, 3, 2 ]
[ 1, -2, 6, -1, 3, 1, 0, 0, 19 ]
[ -2, 3, 0, 1, -2, 6, 0, 0, 19 ]
[ 2, -3, 0, -1, 3, 1, 1, -2, 6 ]
[ 1, -11, 0, 0, 1, 7, 0, 0, 19 ]
[ 1, -11, 0, 0, 3, 2, 0, 1, 7 ]
[ 0, 1, 7, -1, 11, 0, 0, 0, 19 ]
[ 0, 3, 2, -1, 11, 0, 0, 1, 7 ]
[ 1, -3, -1, 0, 1, 7, 0, 0, 19 ]
[ 1, -3, -1, 0, 3, 2, 0, 1, 7 ]
[ 1, 0, 1, -8, 1, 0, 0, 0, 19 ]
[ 19, 0, 0, -8, 1, 0, 1, 0, 1 ]
[ 8, -1, 0, 1, 0, 1, 0, 0, 19 ]
[ 8, -1, 0, 3, 2, 0, 1, 0, 1 ]
[ 1, 7, 0, 0, 19, 0, 0, -7, 1 ]
[ 3, 2, 0, 1, 7, 0, 1, 0, 1 ]
[ 2, 1, 10, 3, 2, 0, 0, 0, 19 ]
[ 1, 0, 1, 2, 1, 10, 0, 0, 19 ]
[ 1, 0, 1, 3, 2, 0, 2, 1, 10 ]
[ -1, -7, 0, 0, -7, 1, 0, -2, 3 ]
[ 1, 0, 1, 1, 7, 0, 0, -2, 3 ]
[ -2, -1, -10, 1, 0, 1, 0, 0, 19 ]
[ -3, -2, 0, 2, 1, 10, 0, 0, 19 ]
[ -3, -2, 0, 1, 0, 1, 2, 1, 10 ]
[ -1, -7, 0, 0, -1, 11, 0, 0, 19 ]
[ -1, -7, 0, 0, -2, 3, 0, -1, 11 ]
[ 0, -1, 11, 1, 7, 0, 0, 0, 19 ]
[ 0, -2, 3, 1, 7, 0, 0, -1, 11 ]
[ -1, 0, -1, 0, -1, 11, 0, 0, 19 ]
[ -1, 0, -1, 0, -2, 3, 0, -1, 11 ]
[ 1, 0, 1, -9, 1, 0, 0, 0, 19 ]
[ 19, 0, 0, -9, 1, 0, 1, 0, 1 ]
[ 1, 2, 0, 0, 19, 0, 0, -2, 1 ]
[ 9, -1, 0, 1, 0, 1, 0, 0, 19 ]
[ 9, -1, 0, 1, 2, 0, 1, 0, 1 ]
[ -1, -2, 0, 0, -1, 10, 0, 0, 19 ]
[ -1, -2, 0, 0, -2, 1, 0, -1, 10 ]
[ 1, 1, 10, 1, 2, 0, 0, 0, 19 ]
[ 1, 0, 1, 1, 1, 10, 0, 0, 19 ]
[ 1, 0, 1, 1, 2, 0, 1, 1, 10 ]
[ 1, 0, 1, 9, 1, 0, 0, 0, 19 ]
[ 19, 0, 0, 9, 1, 0, 1, 0, 1 ]
[ 1, -2, 0, 0, 19, 0, 0, 2, 1 ]
[ -9, -1, 0, 1, 0, 1, 0, 0, 19 ]
[ 9, 1, 0, -1, 2, 0, 1, 0, 1 ]
[ 1, -2, 0, 0, 1, 10, 0, 0, 19 ]
[ 1, -2, 0, 0, 2, 1, 0, 1, 10 ]
[ 0, 1, 10, -1, 2, 0, 0, 0, 19 ]
[ 1, 0, 1, 0, 1, 10, 0, 0, 19 ]
[ 1, 0, 1, -1, 2, 0, 0, 1, 10 ]
[ 1, 0, 1, 8, 1, 0, 0, 0, 19 ]
[ 19, 0, 0, 8, 1, 0, 1, 0, 1 ]
[ -8, -1, 0, 1, 0, 1, 0, 0, 19 ]
[ 8, 1, 0, -3, 2, 0, 1, 0, 1 ]
[ 1, -7, 0, 0, 19, 0, 0, 7, 1 ]
[ 3, -2, 0, -1, 7, 0, 1, 0, 1 ]
[ -1, 1, 10, -3, 2, 0, 0, 0, 19 ]
[ 1, 0, 1, -1, 1, 10, 0, 0, 19 ]
[ 1, 0, 1, -3, 2, 0, -1, 1, 10 ]
[ 1, -7, 0, 0, 7, 1, 0, 2, 3 ]
[ 1, 0, 1, -1, 7, 0, 0, 2, 3 ]
[ 1, -1, -10, 1, 0, 1, 0, 0, 19 ]
[ 3, -2, 0, -1, 1, 10, 0, 0, 19 ]
[ 3, -2, 0, 1, 0, 1, -1, 1, 10 ]
[ 1, -7, 0, 0, 1, 11, 0, 0, 19 ]
[ 1, -7, 0, 0, 2, 3, 0, 1, 11 ]
[ 0, 1, 11, -1, 7, 0, 0, 0, 19 ]
[ 0, 2, 3, -1, 7, 0, 0, 1, 11 ]
[ 1, 0, 1, 0, 1, 11, 0, 0, 19 ]
[ 1, 0, 1, 0, 2, 3, 0, 1, 11 ]
[ 1, 0, 1, 7, 1, 0, 0, 0, 19 ]
[ 19, 0, 0, 7, 1, 0, 1, 0, 1 ]
[ -7, -1, 0, 1, 0, 1, 0, 0, 19 ]
[ 7, 1, 0, 2, 3, 0, 1, 0, 1 ]
[ 1, 11, 0, 0, 19, 0, 0, 8, 1 ]
[ 2, 3, 0, 1, 11, 0, -1, -3, 1 ]
[ 1, 1, -6, 2, 3, 0, 0, 0, 19 ]
[ -1, 0, -1, -1, -1, 6, 0, 0, 19 ]
[ 1, 0, 1, 2, 3, 0, -1, -1, 6 ]
[ 1, 11, 0, 0, 8, 1, 0, -3, 2 ]
[ 1, 3, -1, 1, 11, 0, 0, -3, 2 ]
[ -1, -2, -6, -1, -3, 1, 0, 0, 19 ]
[ 2, 3, 0, 1, 2, 6, 0, 0, 19 ]
[ -2, -3, 0, -1, -3, 1, 1, 2, 6 ]
[ -1, -11, 0, 0, -1, 7, 0, 0, 19 ]
[ -1, -11, 0, 0, -3, 2, 0, -1, 7 ]
[ 0, -1, 7, 1, 11, 0, 0, 0, 19 ]
[ 0, -3, 2, 1, 11, 0, 0, -1, 7 ]
[ -1, -3, 1, 0, -1, 7, 0, 0, 19 ]
[ -1, -3, 1, 0, -3, 2, 0, -1, 7 ]
[ 1, 0, 1, 6, 1, 0, 0, 0, 19 ]
[ 19, 0, 0, 6, 1, 0, 1, 0, 1 ]
[ 1, -3, 0, 0, 19, 0, 0, 3, 1 ]
[ -6, -1, 0, 1, 0, 1, 0, 0, 19 ]
[ 6, 1, 0, -1, 3, 0, 1, 0, 1 ]
[ -1, 3, 0, 0, -1, 6, 0, 0, 19 ]
[ 1, -3, 0, 0, 3, 1, 0, -1, 6 ]
[ 0, 1, -6, -1, 3, 0, 0, 0, 19 ]
[ -1, 0, -1, 0, -1, 6, 0, 0, 19 ]
[ 1, 0, 1, -1, 3, 0, 0, -1, 6 ]
[ 1, 0, 1, 5, 1, 0, 0, 0, 19 ]
[ 19, 0, 0, 5, 1, 0, 1, 0, 1 ]
[ 1, 4, 0, 0, 19, 0, 0, -4, 1 ]
[ -5, -1, 0, 1, 0, 1, 0, 0, 19 ]
[ 5, 1, 0, 1, 4, 0, 1, 0, 1 ]
[ -1, -4, 0, 0, -1, 5, 0, 0, 19 ]
[ -1, -4, 0, 0, -4, 1, 0, -1, 5 ]
[ 0, -1, 5, 1, 4, 0, 0, 0, 19 ]
[ -1, 0, -1, 0, -1, 5, 0, 0, 19 ]
[ 1, 0, 1, 1, 4, 0, 0, -1, 5 ]
[ 1, 0, 1, 4, 1, 0, 0, 0, 19 ]
[ 19, 0, 0, 4, 1, 0, 1, 0, 1 ]
[ 1, 5, 0, 0, 19, 0, 0, -5, 1 ]
[ -4, -1, 0, 1, 0, 1, 0, 0, 19 ]
[ 4, 1, 0, 1, 5, 0, 1, 0, 1 ]
[ -1, -5, 0, 0, -1, 4, 0, 0, 19 ]
[ -1, -5, 0, 0, -5, 1, 0, -1, 4 ]
[ 0, -1, 4, 1, 5, 0, 0, 0, 19 ]
[ -1, 0, -1, 0, -1, 4, 0, 0, 19 ]
[ 1, 0, 1, 1, 5, 0, 0, -1, 4 ]
[ 1, 0, 1, 3, 1, 0, 0, 0, 19 ]
[ 19, 0, 0, 3, 1, 0, 1, 0, 1 ]
[ 1, -6, 0, 0, 19, 0, 0, 6, 1 ]
[ -3, -1, 0, 1, 0, 1, 0, 0, 19 ]
[ 3, 1, 0, -1, 6, 0, 1, 0, 1 ]
[ -1, 6, 0, 0, -1, 3, 0, 0, 19 ]
[ 1, -6, 0, 0, 6, 1, 0, -1, 3 ]
[ 0, 1, -3, -1, 6, 0, 0, 0, 19 ]
[ -1, 0, -1, 0, -1, 3, 0, 0, 19 ]
[ 1, 0, 1, -1, 6, 0, 0, -1, 3 ]
[ 1, 0, 1, 2, 1, 0, 0, 0, 19 ]
[ 19, 0, 0, 2, 1, 0, 1, 0, 1 ]
[ 1, 10, 0, 0, 19, 0, 0, 9, 1 ]
[ -2, -1, 0, -1, -1, 1, 0, 0, 19 ]
[ 2, 1, 0, 1, 10, 0, -1, -1, 1 ]
[ -1, -10, 0, 0, -1, 2, 0, 0, 19 ]
[ 1, 10, 0, 0, 9, 1, 0, -1, 2 ]
[ 0, -1, 2, 1, 10, 0, 0, 0, 19 ]
[ -1, -1, 1, 0, -1, 2, 0, 0, 19 ]
[ 1, 1, -1, 1, 10, 0, 0, -1, 2 ]
[ -1, -1, 0, 0, -1, 1, 0, 0, 19 ]
[ 1, 1, 0, 0, 19, 0, 0, -1, 1 ]
[ 1, 0, 1, 1, 1, 0, 0, 0, 19 ]
[ 19, 0, 0, 1, 1, 0, 1, 0, 1 ]
[ 19, 0, 0, 0, 1, 0, -9, 0, 1 ]
[ 1, 0, 2, 0, 1, 0, 0, 0, 19 ]
[ 9, 0, -1, 0, 1, 0, 1, 0, 2 ]
[ 19, 0, 0, 9, 1, 0, -9, 0, 1 ]
[ 1, -2, 0, 0, 1, 1, 0, 0, 19 ]
[ 1, -2, 0, 0, 19, 0, 0, 1, 1 ]
[ 0, 1, 1, -1, 2, 0, 0, 0, 19 ]
[ 9, 1, 0, -1, 2, 0, 0, 1, 1 ]
[ 1, 0, 2, 9, 1, 0, 0, 0, 19 ]
[ 9, 0, -1, 9, 1, 0, 1, 0, 2 ]
[ 1, 0, 2, 0, 1, 1, 0, 0, 19 ]
[ -9, -1, 0, 1, 0, 2, 0, 0, 19 ]
[ 9, 1, 0, 0, 1, 1, 1, 0, 2 ]
[ 1, -1, 0, 0, 19, 0, 0, -9, 1 ]
[ 19, 0, 0, -1, 1, 0, -9, 0, 1 ]
[ 1, -1, 0, 0, 1, 2, 0, 0, 19 ]
[ -1, 1, 0, 0, -9, 1, 0, 1, 2 ]
[ 1, 0, 2, -1, 1, 0, 0, 0, 19 ]
[ 9, 0, -1, -1, 1, 0, 1, 0, 2 ]
[ 19, 0, 0, 8, 1, 0, -9, 0, 1 ]
[ -1, 1, 1, -3, 2, 0, 0, 0, 19 ]
[ 8, 1, 0, -3, 2, 0, -1, 1, 1 ]
[ 1, 0, 2, 8, 1, 0, 0, 0, 19 ]
[ 9, 0, -1, 8, 1, 0, 1, 0, 2 ]
[ 1, -7, 0, 0, 19, 0, 0, -6, 1 ]
[ 3, -2, 0, -1, 1, 1, 0, 0, 19 ]
[ 3, -2, 0, -1, 7, 0, -1, 1, 1 ]
[ 1, 0, 2, -1, 1, 1, 0, 0, 19 ]
[ -8, -1, 0, 1, 0, 2, 0, 0, 19 ]
[ 8, 1, 0, -1, 1, 1, 1, 0, 2 ]
[ 1, -7, 0, 0, 1, 3, 0, 0, 19 ]
[ -1, 7, 0, 0, -6, 1, 0, 1, 3 ]
[ 0, 1, 3, -1, 7, 0, 0, 0, 19 ]
[ 1, -1, -1, 0, 1, 3, 0, 0, 19 ]
[ 1, -1, -1, -1, 7, 0, 0, 1, 3 ]
[ 19, 0, 0, -2, 1, 0, -9, 0, 1 ]
[ 1, -10, 0, 0, 19, 0, 0, 5, 1 ]
[ 2, -1, 0, -1, 10, 0, 1, -5, 1 ]
[ 1, 0, 2, -2, 1, 0, 0, 0, 19 ]
[ 9, 0, -1, -2, 1, 0, 1, 0, 2 ]
[ 1, -10, 0, 0, 1, 4, 0, 0, 19 ]
[ 1, -10, 0, 0, 5, 1, 0, 1, 4 ]
[ 0, 1, 4, -1, 10, 0, 0, 0, 19 ]
[ 1, -5, 1, 0, 1, 4, 0, 0, 19 ]
[ 1, -5, 1, -1, 10, 0, 0, 1, 4 ]
[ 2, -1, 0, -1, 1, 2, 0, 0, 19 ]
[ -2, 1, 0, 1, -5, 1, -1, 1, 2 ]
[ 0, -1, -4, 1, -5, 1, 0, 0, 19 ]
[ 1, -1, -2, 0, 1, 4, 0, 0, 19 ]
[ -1, 1, 2, 1, -5, 1, 0, 1, 4 ]
[ 19, 0, 0, 7, 1, 0, -9, 0, 1 ]
[ 7, 1, 0, 2, 3, 0, -2, 1, 1 ]
[ 1, 0, 2, 7, 1, 0, 0, 0, 19 ]
[ 9, 0, -1, 7, 1, 0, 1, 0, 2 ]
[ 1, 11, 0, 0, 19, 0, 0, 4, 1 ]
[ 2, 3, 0, 1, 11, 0, 0, 4, 1 ]
[ 2, -1, -1, 1, 0, 2, 0, 0, 19 ]
[ 2, -1, -1, 2, 3, 0, 1, 0, 2 ]
[ 1, 0, 2, -2, 1, 1, 0, 0, 19 ]
[ -7, -1, 0, 1, 0, 2, 0, 0, 19 ]
[ 7, 1, 0, -2, 1, 1, 1, 0, 2 ]
[ 1, 11, 0, 0, 1, 5, 0, 0, 19 ]
[ 1, 11, 0, 0, 4, 1, 0, 1, 5 ]
[ 0, -1, -5, 1, 11, 0, 0, 0, 19 ]
[ 0, -4, -1, 1, 11, 0, 0, 1, 5 ]
[ 2, 3, 0, 0, 4, 1, 1, 0, 2 ]
[ 1, 1, 7, 2, 3, 0, 0, 0, 19 ]
[ 1, 0, 2, 1, 1, 7, 0, 0, 19 ]
[ 1, 0, 2, 2, 3, 0, 1, 1, 7 ]
[ 1, 0, 2, 0, 1, 5, 0, 0, 19 ]
[ 1, 0, 2, 0, 4, 1, 0, 1, 5 ]
[ -1, -1, -7, 1, 0, 2, 0, 0, 19 ]
[ -2, -3, 0, 1, 1, 7, 0, 0, 19 ]
[ -2, -3, 0, 1, 0, 2, 1, 1, 7 ]
[ 19, 0, 0, -3, 1, 0, -9, 0, 1 ]
[ 1, 6, 0, 0, 19, 0, 0, -3, 1 ]
[ 3, -1, 0, 1, 6, 0, 0, -3, 1 ]
[ 1, 0, 2, -3, 1, 0, 0, 0, 19 ]
[ 9, 0, -1, -3, 1, 0, 1, 0, 2 ]
[ 1, 6, 0, 0, 1, 6, 0, 0, 19 ]
[ -1, -6, 0, 0, -3, 1, 0, 1, 6 ]
[ 0, -1, -6, 1, 6, 0, 0, 0, 19 ]
[ 0, -3, 1, 1, 6, 0, 0, 1, 6 ]
[ 3, -1, 0, 1, 0, 2, 0, 0, 19 ]
[ -3, 1, 0, 0, -3, 1, 1, 0, 2 ]
[ 1, 0, 2, 0, 1, 6, 0, 0, 19 ]
[ -1, 0, -2, 0, -3, 1, 0, 1, 6 ]
[ 19, 0, 0, 6, 1, 0, -9, 0, 1 ]
[ 1, -3, 0, 0, 19, 0, 0, -8, 1 ]
[ 6, 1, 0, -1, 3, 0, -3, 1, 1 ]
[ 1, 0, 2, 6, 1, 0, 0, 0, 19 ]
[ 9, 0, -1, 6, 1, 0, 1, 0, 2 ]
[ -1, 3, 0, 0, -8, 1, 0, 3, 2 ]
[ 3, -1, -1, 1, 0, 2, 0, 0, 19 ]
[ 3, -1, -1, -1, 3, 0, 1, 0, 2 ]
[ 1, 0, 2, -3, 1, 1, 0, 0, 19 ]
[ -6, -1, 0, 1, 0, 2, 0, 0, 19 ]
[ 6, 1, 0, -3, 1, 1, 1, 0, 2 ]
[ 1, -3, 0, 0, 1, 7, 0, 0, 19 ]
[ 1, -3, 0, 0, 3, 2, 0, 1, 7 ]
[ 0, 1, 7, -1, 3, 0, 0, 0, 19 ]
[ 1, 0, 2, 0, 1, 7, 0, 0, 19 ]
[ 1, 0, 2, -1, 3, 0, 0, 1, 7 ]
[ 19, 0, 0, -4, 1, 0, -9, 0, 1 ]
[ 1, -5, 0, 0, 19, 0, 0, -7, 1 ]
[ 4, -1, 0, -1, 5, 0, -1, -2, 1 ]
[ 1, 0, 2, -4, 1, 0, 0, 0, 19 ]
[ 9, 0, -1, -4, 1, 0, 1, 0, 2 ]
[ -1, 5, 0, 0, -7, 1, 0, -2, 3 ]
[ 1, 2, -1, -1, 5, 0, 0, -2, 3 ]
[ 4, -1, 0, 1, 0, 2, 0, 0, 19 ]
[ -4, 1, 0, -1, -2, 1, 1, 0, 2 ]
[ -1, 5, 0, 0, -1, 11, 0, 0, 19 ]
[ -1, 5, 0, 0, -2, 3, 0, -1, 11 ]
[ 0, 1, -11, -1, 5, 0, 0, 0, 19 ]
[ 0, 2, -3, -1, 5, 0, 0, -1, 11 ]
[ -1, -2, 1, 0, -1, 11, 0, 0, 19 ]
[ -1, -2, 1, 0, -2, 3, 0, -1, 11 ]
[ 0, 1, -11, -1, -2, 1, 0, 0, 19 ]
[ -1, 0, -2, 0, -1, 11, 0, 0, 19 ]
[ -1, 0, -2, -1, -2, 1, 0, -1, 11 ]
[ 19, 0, 0, 5, 1, 0, -9, 0, 1 ]
[ 1, 4, 0, 0, 19, 0, 0, -2, 1 ]
[ 5, 1, 0, 1, 4, 0, 1, 2, 1 ]
[ 1, 0, 2, 5, 1, 0, 0, 0, 19 ]
[ 9, 0, -1, 5, 1, 0, 1, 0, 2 ]
[ -1, -4, 0, 0, -1, 10, 0, 0, 19 ]
[ -1, -4, 0, 0, -2, 1, 0, -1, 10 ]
[ 1, 3, 10, 1, 4, 0, 0, 0, 19 ]
[ 1, 2, 1, 1, 3, 10, 0, 0, 19 ]
[ 1, 2, 1, 1, 4, 0, 1, 3, 10 ]
[ -5, -1, 0, 1, 0, 2, 0, 0, 19 ]
[ 5, 1, 0, 1, 2, 1, 1, 0, 2 ]
[ 1, 1, 11, 1, 2, 1, 0, 0, 19 ]
[ 1, 0, 2, 1, 1, 11, 0, 0, 19 ]
[ 1, 0, 2, 1, 2, 1, 1, 1, 11 ]
[ 19, 0, 0, -5, 1, 0, -9, 0, 1 ]
[ 1, -4, 0, 0, 19, 0, 0, 2, 1 ]
[ 5, -1, 0, -1, 4, 0, 1, -2, 1 ]
[ 1, 0, 2, -5, 1, 0, 0, 0, 19 ]
[ 9, 0, -1, -5, 1, 0, 1, 0, 2 ]
[ 1, -4, 0, 0, 1, 10, 0, 0, 19 ]
[ 1, -4, 0, 0, 2, 1, 0, 1, 10 ]
[ 0, 1, 10, -1, 4, 0, 0, 0, 19 ]
[ 1, -2, 1, 0, 1, 10, 0, 0, 19 ]
[ 1, -2, 1, -1, 4, 0, 0, 1, 10 ]
[ 5, -1, 0, 1, 0, 2, 0, 0, 19 ]
[ -5, 1, 0, 1, -2, 1, 1, 0, 2 ]
[ -1, 1, -11, 1, -2, 1, 0, 0, 19 ]
[ -1, 0, -2, 1, -1, 11, 0, 0, 19 ]
[ -1, 0, -2, 1, -2, 1, 1, -1, 11 ]
[ 19, 0, 0, 4, 1, 0, -9, 0, 1 ]
[ 1, 5, 0, 0, 19, 0, 0, 7, 1 ]
[ 4, 1, 0, 1, 5, 0, -1, 2, 1 ]
[ 1, 0, 2, 4, 1, 0, 0, 0, 19 ]
[ 9, 0, -1, 4, 1, 0, 1, 0, 2 ]
[ 1, 5, 0, 0, 7, 1, 0, 2, 3 ]
[ 1, -2, -1, 1, 5, 0, 0, 2, 3 ]
[ -4, -1, 0, 1, 0, 2, 0, 0, 19 ]
[ 4, 1, 0, -1, 2, 1, 1, 0, 2 ]
[ 1, 5, 0, 0, 1, 11, 0, 0, 19 ]
[ 1, 5, 0, 0, 2, 3, 0, 1, 11 ]
[ 0, -1, -11, 1, 5, 0, 0, 0, 19 ]
[ 0, -2, -3, 1, 5, 0, 0, 1, 11 ]
[ 1, -2, -1, 0, 1, 11, 0, 0, 19 ]
[ 1, -2, -1, 0, 2, 3, 0, 1, 11 ]
[ 0, 1, 11, -1, 2, 1, 0, 0, 19 ]
[ 1, 0, 2, 0, 1, 11, 0, 0, 19 ]
[ 1, 0, 2, -1, 2, 1, 0, 1, 11 ]
[ 19, 0, 0, -6, 1, 0, -9, 0, 1 ]
[ 1, 3, 0, 0, 19, 0, 0, 8, 1 ]
[ 6, -1, 0, 1, 3, 0, -3, -1, 1 ]
[ 1, 0, 2, -6, 1, 0, 0, 0, 19 ]
[ 9, 0, -1, -6, 1, 0, 1, 0, 2 ]
[ 1, 3, 0, 0, 8, 1, 0, -3, 2 ]
[ -3, -1, 1, 1, 0, 2, 0, 0, 19 ]
[ 3, 1, -1, 1, 3, 0, 1, 0, 2 ]
[ -1, 0, -2, -3, -1, 1, 0, 0, 19 ]
[ 6, -1, 0, 1, 0, 2, 0, 0, 19 ]
[ -6, 1, 0, -3, -1, 1, 1, 0, 2 ]
[ -1, -3, 0, 0, -1, 7, 0, 0, 19 ]
[ -1, -3, 0, 0, -3, 2, 0, -1, 7 ]
[ 0, -1, 7, 1, 3, 0, 0, 0, 19 ]
[ -1, 0, -2, 0, -1, 7, 0, 0, 19 ]
[ 1, 0, 2, 1, 3, 0, 0, -1, 7 ]
[ 19, 0, 0, 3, 1, 0, -9, 0, 1 ]
[ 1, -6, 0, 0, 19, 0, 0, 3, 1 ]
[ 3, 1, 0, -1, 6, 0, 0, 3, 1 ]
[ 1, 0, 2, 3, 1, 0, 0, 0, 19 ]
[ 9, 0, -1, 3, 1, 0, 1, 0, 2 ]
[ -1, 6, 0, 0, -1, 6, 0, 0, 19 ]
[ 1, -6, 0, 0, 3, 1, 0, -1, 6 ]
[ 0, 1, -6, -1, 6, 0, 0, 0, 19 ]
[ 0, 3, 1, -1, 6, 0, 0, -1, 6 ]
[ -3, -1, 0, 1, 0, 2, 0, 0, 19 ]
[ 3, 1, 0, 0, 3, 1, 1, 0, 2 ]
[ -1, 0, -2, 0, -1, 6, 0, 0, 19 ]
[ 1, 0, 2, 0, 3, 1, 0, -1, 6 ]
[ 19, 0, 0, -7, 1, 0, -9, 0, 1 ]
[ 7, -1, 0, -2, 3, 0, -2, -1, 1 ]
[ 1, 0, 2, -7, 1, 0, 0, 0, 19 ]
[ 9, 0, -1, -7, 1, 0, 1, 0, 2 ]
[ 1, -11, 0, 0, 19, 0, 0, -4, 1 ]
[ 2, -3, 0, -1, 11, 0, 0, -4, 1 ]
[ -2, -1, 1, 1, 0, 2, 0, 0, 19 ]
[ 2, 1, -1, -2, 3, 0, 1, 0, 2 ]
[ -1, 0, -2, -2, -1, 1, 0, 0, 19 ]
[ 7, -1, 0, 1, 0, 2, 0, 0, 19 ]
[ -7, 1, 0, -2, -1, 1, 1, 0, 2 ]
[ -1, 11, 0, 0, -1, 5, 0, 0, 19 ]
[ -1, 11, 0, 0, -4, 1, 0, -1, 5 ]
[ 0, 1, -5, -1, 11, 0, 0, 0, 19 ]
[ 0, 4, -1, -1, 11, 0, 0, -1, 5 ]
[ -2, 3, 0, 0, -4, 1, -1, 3, 2 ]
[ 1, -1, 7, -2, 3, 0, 0, 0, 19 ]
[ -1, 0, -2, 1, -1, 7, 0, 0, 19 ]
[ 1, 0, 2, -2, 3, 0, 1, -1, 7 ]
[ -1, 3, 2, 0, -1, 5, 0, 0, 19 ]
[ -1, 3, 2, 0, -4, 1, 0, -1, 5 ]
[ 1, -2, -7, -1, 3, 2, 0, 0, 19 ]
[ 2, -3, 0, -1, 2, 7, 0, 0, 19 ]
[ 2, -3, 0, -1, 3, 2, -1, 2, 7 ]
[ 19, 0, 0, 2, 1, 0, -9, 0, 1 ]
[ 1, 10, 0, 0, 19, 0, 0, -5, 1 ]
[ 2, 1, 0, 1, 10, 0, 1, 5, 1 ]
[ 1, 0, 2, 2, 1, 0, 0, 0, 19 ]
[ 9, 0, -1, 2, 1, 0, 1, 0, 2 ]
[ -1, -10, 0, 0, -1, 4, 0, 0, 19 ]
[ -1, -10, 0, 0, -5, 1, 0, -1, 4 ]
[ 0, -1, 4, 1, 10, 0, 0, 0, 19 ]
[ -1, -5, -1, 0, -1, 4, 0, 0, 19 ]
[ 1, 5, 1, 1, 10, 0, 0, -1, 4 ]
[ -2, -1, 0, -1, -1, 2, 0, 0, 19 ]
[ 2, 1, 0, 1, 5, 1, -1, -1, 2 ]
[ 0, -1, 4, 1, 5, 1, 0, 0, 19 ]
[ -1, -1, 2, 0, -1, 4, 0, 0, 19 ]
[ 1, 1, -2, 1, 5, 1, 0, -1, 4 ]
[ 19, 0, 0, -8, 1, 0, -9, 0, 1 ]
[ -1, -1, 1, 3, 2, 0, 0, 0, 19 ]
[ 8, -1, 0, 3, 2, 0, -1, -1, 1 ]
[ 1, 0, 2, -8, 1, 0, 0, 0, 19 ]
[ 9, 0, -1, -8, 1, 0, 1, 0, 2 ]
[ 1, 7, 0, 0, 19, 0, 0, 6, 1 ]
[ -3, -2, 0, -1, -1, 1, 0, 0, 19 ]
[ 3, 2, 0, 1, 7, 0, -1, -1, 1 ]
[ -1, 0, -2, -1, -1, 1, 0, 0, 19 ]
[ 8, -1, 0, 1, 0, 2, 0, 0, 19 ]
[ -8, 1, 0, -1, -1, 1, 1, 0, 2 ]
[ -1, -7, 0, 0, -1, 3, 0, 0, 19 ]
[ 1, 7, 0, 0, 6, 1, 0, -1, 3 ]
[ 0, -1, 3, 1, 7, 0, 0, 0, 19 ]
[ -1, -1, 1, 0, -1, 3, 0, 0, 19 ]
[ 1, 1, -1, 1, 7, 0, 0, -1, 3 ]
[ 1, 1, 0, 0, 19, 0, 0, 9, 1 ]
[ 19, 0, 0, 1, 1, 0, -9, 0, 1 ]
[ -1, -1, 0, 0, -1, 2, 0, 0, 19 ]
[ 1, 1, 0, 0, 9, 1, 0, -1, 2 ]
[ 1, 0, 2, 1, 1, 0, 0, 0, 19 ]
[ 9, 0, -1, 1, 1, 0, 1, 0, 2 ]
[ 19, 0, 0, -9, 1, 0, -9, 0, 1 ]
[ -1, -2, 0, 0, -1, 1, 0, 0, 19 ]
[ 1, 2, 0, 0, 19, 0, 0, -1, 1 ]
[ 0, -1, 1, 1, 2, 0, 0, 0, 19 ]
[ 9, -1, 0, 1, 2, 0, 0, -1, 1 ]
[ 1, 0, 2, -9, 1, 0, 0, 0, 19 ]
[ 9, 0, -1, -9, 1, 0, 1, 0, 2 ]
[ -1, 0, -2, 0, -1, 1, 0, 0, 19 ]
[ 9, -1, 0, 1, 0, 2, 0, 0, 19 ]
[ -9, 1, 0, 0, -1, 1, 1, 0, 2 ]
[ 19, 0, 0, 0, 1, 0, -6, 0, 1 ]
[ 1, 0, 3, 0, 1, 0, 0, 0, 19 ]
[ 6, 0, -1, 0, 1, 0, 1, 0, 3 ]
[ 19, 0, 0, 6, 1, 0, -6, 0, 1 ]
[ 1, -3, 0, 0, 1, 1, 0, 0, 19 ]
[ 1, -3, 0, 0, 19, 0, 0, 1, 1 ]
[ 0, 1, 1, -1, 3, 0, 0, 0, 19 ]
[ 6, 1, 0, -1, 3, 0, 0, 1, 1 ]
[ 1, 0, 3, 6, 1, 0, 0, 0, 19 ]
[ 6, 0, -1, 6, 1, 0, 1, 0, 3 ]
[ 1, 0, 3, 0, 1, 1, 0, 0, 19 ]
[ -6, -1, 0, 1, 0, 3, 0, 0, 19 ]
[ 6, 1, 0, 0, 1, 1, 1, 0, 3 ]
[ 19, 0, 0, -7, 1, 0, -6, 0, 1 ]
[ 1, -1, 1, -2, 3, 0, 0, 0, 19 ]
[ 7, -1, 0, -2, 3, 0, 1, -1, 1 ]
[ 1, 0, 3, -7, 1, 0, 0, 0, 19 ]
[ 6, 0, -1, -7, 1, 0, 1, 0, 3 ]
[ 1, -11, 0, 0, 19, 0, 0, -9, 1 ]
[ 2, -3, 0, -1, 2, 1, 0, 0, 19 ]
[ 2, -3, 0, -1, 11, 0, -1, 2, 1 ]
[ -1, 0, -3, 1, -1, 1, 0, 0, 19 ]
[ 7, -1, 0, 1, 0, 3, 0, 0, 19 ]
[ -7, 1, 0, 1, -1, 1, 1, 0, 3 ]
[ 1, -11, 0, 0, 1, 2, 0, 0, 19 ]
[ -1, 11, 0, 0, -9, 1, 0, 1, 2 ]
[ 0, 1, 2, -1, 11, 0, 0, 0, 19 ]
[ 1, -2, -1, 0, 1, 2, 0, 0, 19 ]
[ 1, -2, -1, -1, 11, 0, 0, 1, 2 ]
[ 1, -1, 0, 0, 19, 0, 0, -6, 1 ]
[ 19, 0, 0, -1, 1, 0, -6, 0, 1 ]
[ 1, -1, 0, 0, 1, 3, 0, 0, 19 ]
[ -1, 1, 0, 0, -6, 1, 0, 1, 3 ]
[ 1, 0, 3, -1, 1, 0, 0, 0, 19 ]
[ 6, 0, -1, -1, 1, 0, 1, 0, 3 ]
[ 19, 0, 0, 5, 1, 0, -6, 0, 1 ]
[ 1, 4, 0, 0, 19, 0, 0, 5, 1 ]
[ 5, 1, 0, 1, 4, 0, -1, 1, 1 ]
[ 1, 0, 3, 5, 1, 0, 0, 0, 19 ]
[ 6, 0, -1, 5, 1, 0, 1, 0, 3 ]
[ 1, 4, 0, 0, 1, 4, 0, 0, 19 ]
[ 1, 4, 0, 0, 5, 1, 0, 1, 4 ]
[ 0, -1, -4, 1, 4, 0, 0, 0, 19 ]
[ 1, -1, -1, 0, 1, 4, 0, 0, 19 ]
[ 1, -1, -1, 1, 4, 0, 0, 1, 4 ]
[ 1, 0, 3, -1, 1, 1, 0, 0, 19 ]
[ -5, -1, 0, 1, 0, 3, 0, 0, 19 ]
[ 5, 1, 0, -1, 1, 1, 1, 0, 3 ]
[ 19, 0, 0, -8, 1, 0, -6, 0, 1 ]
[ 8, -1, 0, 3, 2, 0, 2, -1, 1 ]
[ 1, 0, 3, -8, 1, 0, 0, 0, 19 ]
[ 6, 0, -1, -8, 1, 0, 1, 0, 3 ]
[ 1, 7, 0, 0, 19, 0, 0, 4, 1 ]
[ 3, 2, 0, 1, 7, 0, -1, -3, 1 ]
[ 2, -1, 1, 1, 0, 3, 0, 0, 19 ]
[ 2, -1, 1, 3, 2, 0, 1, 0, 3 ]
[ -1, 0, -3, 2, -1, 1, 0, 0, 19 ]
[ 8, -1, 0, 1, 0, 3, 0, 0, 19 ]
[ -8, 1, 0, 2, -1, 1, 1, 0, 3 ]
[ 1, 7, 0, 0, 1, 5, 0, 0, 19 ]
[ 1, 7, 0, 0, 4, 1, 0, 1, 5 ]
[ 0, -1, -5, 1, 7, 0, 0, 0, 19 ]
[ 1, 3, -1, 0, 1, 5, 0, 0, 19 ]
[ 1, 3, -1, 1, 7, 0, 0, 1, 5 ]
[ -3, -2, 0, -1, -3, 1, 1, 0, 3 ]
[ 2, 1, 11, 3, 2, 0, 0, 0, 19 ]
[ 1, 0, 3, 2, 1, 11, 0, 0, 19 ]
[ 1, 0, 3, 3, 2, 0, 2, 1, 11 ]
[ 0, 1, 5, -1, -3, 1, 0, 0, 19 ]
[ 1, 0, 3, 0, 1, 5, 0, 0, 19 ]
[ -1, 0, -3, -1, -3, 1, 0, 1, 5 ]
[ -2, -1, -11, 1, 0, 3, 0, 0, 19 ]
[ -3, -2, 0, 2, 1, 11, 0, 0, 19 ]
[ -3, -2, 0, 1, 0, 3, 2, 1, 11 ]
[ 19, 0, 0, -2, 1, 0, -6, 0, 1 ]
[ 1, -10, 0, 0, 19, 0, 0, -3, 1 ]
[ 2, -1, 0, -1, 10, 0, 0, -3, 1 ]
[ 1, 0, 3, -2, 1, 0, 0, 0, 19 ]
[ 6, 0, -1, -2, 1, 0, 1, 0, 3 ]
[ 1, -10, 0, 0, 1, 6, 0, 0, 19 ]
[ -1, 10, 0, 0, -3, 1, 0, 1, 6 ]
[ 0, 1, 6, -1, 10, 0, 0, 0, 19 ]
[ 0, 3, -1, -1, 10, 0, 0, 1, 6 ]
[ 2, -1, 0, -1, 1, 3, 0, 0, 19 ]
[ -2, 1, 0, 0, -3, 1, -1, 1, 3 ]
[ 1, -1, -3, 0, 1, 6, 0, 0, 19 ]
[ -1, 1, 3, 0, -3, 1, 0, 1, 6 ]
[ 19, 0, 0, 4, 1, 0, -6, 0, 1 ]
[ 1, 5, 0, 0, 19, 0, 0, -8, 1 ]
[ 4, 1, 0, 1, 5, 0, 2, 2, 1 ]
[ 1, 0, 3, 4, 1, 0, 0, 0, 19 ]
[ 6, 0, -1, 4, 1, 0, 1, 0, 3 ]
[ -1, -5, 0, 0, -8, 1, 0, 3, 2 ]
[ 2, 2, 1, 1, 5, 0, -1, -2, 2 ]
[ -4, -1, 0, 1, 0, 3, 0, 0, 19 ]
[ 4, 1, 0, 2, 2, 1, 1, 0, 3 ]
[ 1, 5, 0, 0, 1, 7, 0, 0, 19 ]
[ 1, 5, 0, 0, 3, 2, 0, 1, 7 ]
[ 0, -1, -7, 1, 5, 0, 0, 0, 19 ]
[ 1, 2, -2, 0, 1, 7, 0, 0, 19 ]
[ 1, 2, -2, 1, 5, 0, 0, 1, 7 ]
[ -1, -1, -10, -1, -2, 2, 0, 0, 19 ]
[ -2, -2, -1, -1, -2, 2, 1, 1, 10 ]
[ 1, 0, 3, 1, 1, 10, 0, 0, 19 ]
[ 1, 0, 3, 2, 2, 1, 1, 1, 10 ]
[ 19, 0, 0, -9, 1, 0, -6, 0, 1 ]
[ 1, 2, 0, 0, 19, 0, 0, -7, 1 ]
[ 9, -1, 0, 1, 2, 0, 3, -1, 1 ]
[ 1, 0, 3, -9, 1, 0, 0, 0, 19 ]
[ 6, 0, -1, -9, 1, 0, 1, 0, 3 ]
[ -1, -2, 0, 0, -7, 1, 0, -2, 3 ]
[ 3, -1, 1, 1, 0, 3, 0, 0, 19 ]
[ 3, -1, 1, 1, 2, 0, 1, 0, 3 ]
[ -1, 0, -3, 3, -1, 1, 0, 0, 19 ]
[ 9, -1, 0, 1, 0, 3, 0, 0, 19 ]
[ -9, 1, 0, 3, -1, 1, 1, 0, 3 ]
[ -1, -2, 0, 0, -1, 11, 0, 0, 19 ]
[ -1, -2, 0, 0, -2, 3, 0, -1, 11 ]
[ 1, 1, 11, 1, 2, 0, 0, 0, 19 ]
[ 1, 0, 3, 1, 1, 11, 0, 0, 19 ]
[ 1, 0, 3, 1, 2, 0, 1, 1, 11 ]
[ 19, 0, 0, -3, 1, 0, -6, 0, 1 ]
[ 1, 6, 0, 0, 19, 0, 0, -2, 1 ]
[ 3, -1, 0, 1, 6, 0, 0, -2, 1 ]
[ 1, 0, 3, -3, 1, 0, 0, 0, 19 ]
[ 6, 0, -1, -3, 1, 0, 1, 0, 3 ]
[ -1, -6, 0, 0, -1, 10, 0, 0, 19 ]
[ -1, -6, 0, 0, -2, 1, 0, -1, 10 ]
[ 0, -1, 10, 1, 6, 0, 0, 0, 19 ]
[ 0, -2, 1, 1, 6, 0, 0, -1, 10 ]
[ 3, -1, 0, 1, 0, 3, 0, 0, 19 ]
[ -3, 1, 0, 0, -2, 1, 1, 0, 3 ]
[ -1, 0, -3, 0, -1, 10, 0, 0, 19 ]
[ -1, 0, -3, 0, -2, 1, 0, -1, 10 ]
[ 19, 0, 0, 3, 1, 0, -6, 0, 1 ]
[ 1, -6, 0, 0, 19, 0, 0, 2, 1 ]
[ 3, 1, 0, -1, 6, 0, 0, 2, 1 ]
[ 1, 0, 3, 3, 1, 0, 0, 0, 19 ]
[ 6, 0, -1, 3, 1, 0, 1, 0, 3 ]
[ 1, -6, 0, 0, 1, 10, 0, 0, 19 ]
[ 1, -6, 0, 0, 2, 1, 0, 1, 10 ]
[ 0, 1, 10, -1, 6, 0, 0, 0, 19 ]
[ 0, 2, 1, -1, 6, 0, 0, 1, 10 ]
[ -3, -1, 0, 1, 0, 3, 0, 0, 19 ]
[ 3, 1, 0, 0, 2, 1, 1, 0, 3 ]
[ 1, 0, 3, 0, 1, 10, 0, 0, 19 ]
[ 1, 0, 3, 0, 2, 1, 0, 1, 10 ]
[ 19, 0, 0, 9, 1, 0, -6, 0, 1 ]
[ 1, -2, 0, 0, 19, 0, 0, 7, 1 ]
[ 9, 1, 0, -1, 2, 0, 3, 1, 1 ]
[ 1, 0, 3, 9, 1, 0, 0, 0, 19 ]
[ 6, 0, -1, 9, 1, 0, 1, 0, 3 ]
[ 1, -2, 0, 0, 7, 1, 0, 2, 3 ]
[ -3, -1, -1, 1, 0, 3, 0, 0, 19 ]
[ 3, 1, 1, -1, 2, 0, 1, 0, 3 ]
[ 1, 0, 3, 3, 1, 1, 0, 0, 19 ]
[ -9, -1, 0, 1, 0, 3, 0, 0, 19 ]
[ 9, 1, 0, 3, 1, 1, 1, 0, 3 ]
[ 1, -2, 0, 0, 1, 11, 0, 0, 19 ]
[ 1, -2, 0, 0, 2, 3, 0, 1, 11 ]
[ 0, 1, 11, -1, 2, 0, 0, 0, 19 ]
[ 1, 0, 3, 0, 1, 11, 0, 0, 19 ]
[ 1, 0, 3, -1, 2, 0, 0, 1, 11 ]
[ 19, 0, 0, -4, 1, 0, -6, 0, 1 ]
[ 1, -5, 0, 0, 19, 0, 0, 8, 1 ]
[ 4, -1, 0, -1, 5, 0, 2, -2, 1 ]
[ 1, 0, 3, -4, 1, 0, 0, 0, 19 ]
[ 6, 0, -1, -4, 1, 0, 1, 0, 3 ]
[ 1, -5, 0, 0, 8, 1, 0, -3, 2 ]
[ 2, -2, 1, -1, 5, 0, -1, 2, 2 ]
[ 4, -1, 0, 1, 0, 3, 0, 0, 19 ]
[ -4, 1, 0, 2, -2, 1, 1, 0, 3 ]
[ -1, 5, 0, 0, -1, 7, 0, 0, 19 ]
[ -1, 5, 0, 0, -3, 2, 0, -1, 7 ]
[ 0, 1, -7, -1, 5, 0, 0, 0, 19 ]
[ -1, 2, 2, 0, -1, 7, 0, 0, 19 ]
[ 1, -2, -2, -1, 5, 0, 0, -1, 7 ]
[ 1, -1, 10, -1, 2, 2, 0, 0, 19 ]
[ 2, -2, 1, -1, 2, 2, 1, -1, 10 ]
[ -1, 0, -3, 1, -1, 10, 0, 0, 19 ]
[ -1, 0, -3, 2, -2, 1, 1, -1, 10 ]
[ 19, 0, 0, 2, 1, 0, -6, 0, 1 ]
[ 1, 10, 0, 0, 19, 0, 0, 3, 1 ]
[ 2, 1, 0, 1, 10, 0, 0, 3, 1 ]
[ 1, 0, 3, 2, 1, 0, 0, 0, 19 ]
[ 6, 0, -1, 2, 1, 0, 1, 0, 3 ]
[ -1, -10, 0, 0, -1, 6, 0, 0, 19 ]
[ 1, 10, 0, 0, 3, 1, 0, -1, 6 ]
[ 0, -1, 6, 1, 10, 0, 0, 0, 19 ]
[ 0, -3, -1, 1, 10, 0, 0, -1, 6 ]
[ -2, -1, 0, 1, 0, 3, 0, 0, 19 ]
[ 2, 1, 0, 0, 3, 1, 1, 0, 3 ]
[ -1, 0, -3, 0, -1, 6, 0, 0, 19 ]
[ 1, 0, 3, 0, 3, 1, 0, -1, 6 ]
[ 19, 0, 0, 8, 1, 0, -6, 0, 1 ]
[ 8, 1, 0, -3, 2, 0, 2, 1, 1 ]
[ 1, 0, 3, 8, 1, 0, 0, 0, 19 ]
[ 6, 0, -1, 8, 1, 0, 1, 0, 3 ]
[ 1, -7, 0, 0, 19, 0, 0, -4, 1 ]
[ 3, -2, 0, -1, 7, 0, -1, 3, 1 ]
[ -2, -1, -1, 1, 0, 3, 0, 0, 19 ]
[ 2, 1, 1, -3, 2, 0, 1, 0, 3 ]
[ 1, 0, 3, 2, 1, 1, 0, 0, 19 ]
[ -8, -1, 0, 1, 0, 3, 0, 0, 19 ]
[ 8, 1, 0, 2, 1, 1, 1, 0, 3 ]
[ -1, 7, 0, 0, -1, 5, 0, 0, 19 ]
[ -1, 7, 0, 0, -4, 1, 0, -1, 5 ]
[ 0, 1, -5, -1, 7, 0, 0, 0, 19 ]
[ -1, 3, 1, 0, -1, 5, 0, 0, 19 ]
[ 1, -3, -1, -1, 7, 0, 0, -1, 5 ]
[ 3, -2, 0, -1, 3, 1, 1, 0, 3 ]
[ -1, 1, 11, -3, 2, 0, 0, 0, 19 ]
[ 1, 0, 3, -1, 1, 11, 0, 0, 19 ]
[ 1, 0, 3, -3, 2, 0, -1, 1, 11 ]
[ 0, 1, -5, -1, 3, 1, 0, 0, 19 ]
[ -1, 0, -3, 0, -1, 5, 0, 0, 19 ]
[ 1, 0, 3, -1, 3, 1, 0, -1, 5 ]
[ 1, -1, -11, 1, 0, 3, 0, 0, 19 ]
[ 3, -2, 0, -1, 1, 11, 0, 0, 19 ]
[ 3, -2, 0, 1, 0, 3, -1, 1, 11 ]
[ 19, 0, 0, -5, 1, 0, -6, 0, 1 ]
[ 1, -4, 0, 0, 19, 0, 0, -5, 1 ]
[ 5, -1, 0, -1, 4, 0, -1, -1, 1 ]
[ 1, 0, 3, -5, 1, 0, 0, 0, 19 ]
[ 6, 0, -1, -5, 1, 0, 1, 0, 3 ]
[ -1, 4, 0, 0, -1, 4, 0, 0, 19 ]
[ -1, 4, 0, 0, -5, 1, 0, -1, 4 ]
[ 0, 1, -4, -1, 4, 0, 0, 0, 19 ]
[ -1, -1, 1, 0, -1, 4, 0, 0, 19 ]
[ 1, 1, -1, -1, 4, 0, 0, -1, 4 ]
[ -1, 0, -3, -1, -1, 1, 0, 0, 19 ]
[ 5, -1, 0, 1, 0, 3, 0, 0, 19 ]
[ -5, 1, 0, -1, -1, 1, 1, 0, 3 ]
[ 1, 1, 0, 0, 19, 0, 0, 6, 1 ]
[ 19, 0, 0, 1, 1, 0, -6, 0, 1 ]
[ -1, -1, 0, 0, -1, 3, 0, 0, 19 ]
[ 1, 1, 0, 0, 6, 1, 0, -1, 3 ]
[ 1, 0, 3, 1, 1, 0, 0, 0, 19 ]
[ 6, 0, -1, 1, 1, 0, 1, 0, 3 ]
[ 19, 0, 0, 7, 1, 0, -6, 0, 1 ]
[ 1, 1, 1, 2, 3, 0, 0, 0, 19 ]
[ 7, 1, 0, 2, 3, 0, 1, 1, 1 ]
[ 1, 0, 3, 7, 1, 0, 0, 0, 19 ]
[ 6, 0, -1, 7, 1, 0, 1, 0, 3 ]
[ 1, 11, 0, 0, 19, 0, 0, 9, 1 ]
[ -2, -3, 0, -1, -2, 1, 0, 0, 19 ]
[ 2, 3, 0, 1, 11, 0, -1, -2, 1 ]
[ 1, 0, 3, 1, 1, 1, 0, 0, 19 ]
[ -7, -1, 0, 1, 0, 3, 0, 0, 19 ]
[ 7, 1, 0, 1, 1, 1, 1, 0, 3 ]
[ -1, -11, 0, 0, -1, 2, 0, 0, 19 ]
[ 1, 11, 0, 0, 9, 1, 0, -1, 2 ]
[ 0, -1, 2, 1, 11, 0, 0, 0, 19 ]
[ -1, -2, 1, 0, -1, 2, 0, 0, 19 ]
[ 1, 2, -1, 1, 11, 0, 0, -1, 2 ]
[ 19, 0, 0, -6, 1, 0, -6, 0, 1 ]
[ -1, -3, 0, 0, -1, 1, 0, 0, 19 ]
[ 1, 3, 0, 0, 19, 0, 0, -1, 1 ]
[ 0, -1, 1, 1, 3, 0, 0, 0, 19 ]
[ 6, -1, 0, 1, 3, 0, 0, -1, 1 ]
[ 1, 0, 3, -6, 1, 0, 0, 0, 19 ]
[ 6, 0, -1, -6, 1, 0, 1, 0, 3 ]
[ -1, 0, -3, 0, -1, 1, 0, 0, 19 ]
[ 6, -1, 0, 1, 0, 3, 0, 0, 19 ]
[ -6, 1, 0, 0, -1, 1, 1, 0, 3 ]
[ 19, 0, 0, 0, 1, 0, 5, 0, 1 ]
[ 1, 0, 4, 0, 1, 0, 0, 0, 19 ]
[ 5, 0, 1, 0, 1, 0, 1, 0, 4 ]
[ 19, 0, 0, -5, 1, 0, 5, 0, 1 ]
[ 1, -4, 0, 0, 1, 1, 0, 0, 19 ]
[ 1, -4, 0, 0, 19, 0, 0, 1, 1 ]
[ 0, 1, 1, -1, 4, 0, 0, 0, 19 ]
[ 5, -1, 0, -1, 4, 0, 0, 1, 1 ]
[ 1, 0, 4, -5, 1, 0, 0, 0, 19 ]
[ 5, 0, 1, -5, 1, 0, 1, 0, 4 ]
[ 1, 0, 4, 0, 1, 1, 0, 0, 19 ]
[ 5, -1, 0, 1, 0, 4, 0, 0, 19 ]
[ 5, -1, 0, 0, 1, 1, 1, 0, 4 ]
[ 19, 0, 0, 9, 1, 0, 5, 0, 1 ]
[ 1, -2, 0, 0, 19, 0, 0, -9, 1 ]
[ 9, 1, 0, -1, 2, 0, -4, -1, 1 ]
[ 1, 0, 4, 9, 1, 0, 0, 0, 19 ]
[ 5, 0, 1, 9, 1, 0, 1, 0, 4 ]
[ 1, -2, 0, 0, 1, 2, 0, 0, 19 ]
[ -1, 2, 0, 0, -9, 1, 0, 1, 2 ]
[ 0, 1, 2, -1, 2, 0, 0, 0, 19 ]
[ 4, 1, -1, -1, 2, 0, 0, 1, 2 ]
[ -1, 0, -4, -4, -1, 1, 0, 0, 19 ]
[ -9, -1, 0, 1, 0, 4, 0, 0, 19 ]
[ -9, -1, 0, -4, -1, 1, 1, 0, 4 ]
[ 1, 0, 4, 0, 1, 2, 0, 0, 19 ]
[ -4, -1, 1, 1, 0, 4, 0, 0, 19 ]
[ 4, 1, -1, 0, 1, 2, 1, 0, 4 ]
[ 19, 0, 0, 4, 1, 0, 5, 0, 1 ]
[ 1, 5, 0, 0, 19, 0, 0, -6, 1 ]
[ 4, 1, 0, 1, 5, 0, 1, -1, 1 ]
[ 1, 0, 4, 4, 1, 0, 0, 0, 19 ]
[ 5, 0, 1, 4, 1, 0, 1, 0, 4 ]
[ 1, 5, 0, 0, 1, 3, 0, 0, 19 ]
[ -1, -5, 0, 0, -6, 1, 0, 1, 3 ]
[ 0, -1, -3, 1, 5, 0, 0, 0, 19 ]
[ 1, -1, 1, 0, 1, 3, 0, 0, 19 ]
[ 1, -1, 1, 1, 5, 0, 0, 1, 3 ]
[ -1, 0, -4, 1, -1, 1, 0, 0, 19 ]
[ -4, -1, 0, 1, 0, 4, 0, 0, 19 ]
[ -4, -1, 0, 1, -1, 1, 1, 0, 4 ]
[ 1, -1, 0, 0, 19, 0, 0, 5, 1 ]
[ 19, 0, 0, -1, 1, 0, 5, 0, 1 ]
[ 1, -1, 0, 0, 1, 4, 0, 0, 19 ]
[ 1, -1, 0, 0, 5, 1, 0, 1, 4 ]
[ 1, 0, 4, -1, 1, 0, 0, 0, 19 ]
[ 5, 0, 1, -1, 1, 0, 1, 0, 4 ]
[ 19, 0, 0, -6, 1, 0, 5, 0, 1 ]
[ 1, 3, 0, 0, 19, 0, 0, 4, 1 ]
[ 6, -1, 0, 1, 3, 0, -1, 1, 1 ]
[ 1, 0, 4, -6, 1, 0, 0, 0, 19 ]
[ 5, 0, 1, -6, 1, 0, 1, 0, 4 ]
[ 1, 3, 0, 0, 1, 5, 0, 0, 19 ]
[ 1, 3, 0, 0, 4, 1, 0, 1, 5 ]
[ 0, -1, -5, 1, 3, 0, 0, 0, 19 ]
[ 1, -1, -1, 0, 1, 5, 0, 0, 19 ]
[ 1, -1, -1, 1, 3, 0, 0, 1, 5 ]
[ 1, 0, 4, -1, 1, 1, 0, 0, 19 ]
[ 6, -1, 0, 1, 0, 4, 0, 0, 19 ]
[ 6, -1, 0, -1, 1, 1, 1, 0, 4 ]
[ 19, 0, 0, 8, 1, 0, 5, 0, 1 ]
[ 8, 1, 0, -3, 2, 0, -3, -1, 1 ]
[ 1, 0, 4, 8, 1, 0, 0, 0, 19 ]
[ 5, 0, 1, 8, 1, 0, 1, 0, 4 ]
[ 1, -7, 0, 0, 19, 0, 0, -3, 1 ]
[ 3, -2, 0, -1, 7, 0, 0, -3, 1 ]
[ -1, 1, 2, -3, 2, 0, 0, 0, 19 ]
[ 3, 1, -1, -3, 2, 0, -1, 1, 2 ]
[ -1, 0, -4, -3, -1, 1, 0, 0, 19 ]
[ -8, -1, 0, 1, 0, 4, 0, 0, 19 ]
[ -8, -1, 0, -3, -1, 1, 1, 0, 4 ]
[ 1, -7, 0, 0, 1, 6, 0, 0, 19 ]
[ -1, 7, 0, 0, -3, 1, 0, 1, 6 ]
[ 0, 1, 6, -1, 7, 0, 0, 0, 19 ]
[ 0, 3, -1, -1, 7, 0, 0, 1, 6 ]
[ 3, -2, 0, -1, 1, 2, 0, 0, 19 ]
[ -3, 2, 0, 0, -3, 1, -1, 1, 2 ]
[ 1, 0, 4, -1, 1, 2, 0, 0, 19 ]
[ -3, -1, 1, 1, 0, 4, 0, 0, 19 ]
[ 3, 1, -1, -1, 1, 2, 1, 0, 4 ]
[ 1, -1, -2, 0, 1, 6, 0, 0, 19 ]
[ -1, 1, 2, 0, -3, 1, 0, 1, 6 ]
[ 19, 0, 0, 3, 1, 0, 5, 0, 1 ]
[ 1, -6, 0, 0, 19, 0, 0, -8, 1 ]
[ 3, 1, 0, -1, 6, 0, -1, -2, 1 ]
[ 1, 0, 4, 3, 1, 0, 0, 0, 19 ]
[ 5, 0, 1, 3, 1, 0, 1, 0, 4 ]
[ -1, 6, 0, 0, -8, 1, 0, 3, 2 ]
[ 1, 2, -1, -1, 6, 0, 0, 3, 2 ]
[ -3, -1, 0, 1, 0, 4, 0, 0, 19 ]
[ -3, -1, 0, -1, -2, 1, 1, 0, 4 ]
[ 1, -6, 0, 0, 1, 7, 0, 0, 19 ]
[ 1, -6, 0, 0, 3, 2, 0, 1, 7 ]
[ 0, 1, 7, -1, 6, 0, 0, 0, 19 ]
[ 0, 3, 2, -1, 6, 0, 0, 1, 7 ]
[ 1, 2, -1, 0, 1, 7, 0, 0, 19 ]
[ 1, 2, -1, 0, 3, 2, 0, 1, 7 ]
[ 0, 1, -12, -1, -2, 1, 0, 0, 19 ]
[ -1, 0, -4, 0, -1, 12, 0, 0, 19 ]
[ -1, 0, -4, -1, -2, 1, 0, -1, 12 ]
[ 19, 0, 0, -2, 1, 0, 5, 0, 1 ]
[ 1, -10, 0, 0, 19, 0, 0, -7, 1 ]
[ 2, -1, 0, -1, 10, 0, -1, 3, 1 ]
[ 1, 0, 4, -2, 1, 0, 0, 0, 19 ]
[ 5, 0, 1, -2, 1, 0, 1, 0, 4 ]
[ -1, 10, 0, 0, -7, 1, 0, -2, 3 ]
[ 1, -3, -1, -1, 10, 0, 0, -2, 3 ]
[ 2, -1, 0, -1, 1, 4, 0, 0, 19 ]
[ 2, -1, 0, -1, 3, 1, -1, 1, 4 ]
[ -1, 10, 0, 0, -1, 11, 0, 0, 19 ]
[ -1, 10, 0, 0, -2, 3, 0, -1, 11 ]
[ 0, 1, -11, -1, 10, 0, 0, 0, 19 ]
[ 0, 2, -3, -1, 10, 0, 0, -1, 11 ]
[ -1, 3, 1, 0, -1, 11, 0, 0, 19 ]
[ -1, 3, 1, 0, -2, 3, 0, -1, 11 ]
[ 1, -2, -12, -1, 3, 1, 0, 0, 19 ]
[ 1, -1, -4, -1, 2, 12, 0, 0, 19 ]
[ 1, -1, -4, -1, 3, 1, -1, 2, 12 ]
[ 19, 0, 0, -7, 1, 0, 5, 0, 1 ]
[ 7, -1, 0, -2, 3, 0, -2, 1, 1 ]
[ 1, 0, 4, -7, 1, 0, 0, 0, 19 ]
[ 5, 0, 1, -7, 1, 0, 1, 0, 4 ]
[ 1, -11, 0, 0, 19, 0, 0, -2, 1 ]
[ 2, -3, 0, -1, 11, 0, 0, -2, 1 ]
[ 1, -1, -5, -2, 3, 0, 0, 0, 19 ]
[ 2, -1, -1, -1, 1, 5, 0, 0, 19 ]
[ 2, -1, -1, -2, 3, 0, -1, 1, 5 ]
[ 1, 0, 4, -2, 1, 1, 0, 0, 19 ]
[ 7, -1, 0, 1, 0, 4, 0, 0, 19 ]
[ 7, -1, 0, -2, 1, 1, 1, 0, 4 ]
[ -1, 11, 0, 0, -1, 10, 0, 0, 19 ]
[ -1, 11, 0, 0, -2, 1, 0, -1, 10 ]
[ 0, 1, -10, -1, 11, 0, 0, 0, 19 ]
[ 0, 2, -1, -1, 11, 0, 0, -1, 10 ]
[ -2, 3, 0, -1, 1, 5, 0, 0, 19 ]
[ -2, 3, 0, 0, -2, 1, -1, 1, 5 ]
[ -1, 1, 5, 0, -1, 10, 0, 0, 19 ]
[ -1, 1, 5, 0, -2, 1, 0, -1, 10 ]
[ 19, 0, 0, 7, 1, 0, 5, 0, 1 ]
[ 7, 1, 0, 2, 3, 0, -2, -1, 1 ]
[ 1, 0, 4, 7, 1, 0, 0, 0, 19 ]
[ 5, 0, 1, 7, 1, 0, 1, 0, 4 ]
[ 1, 11, 0, 0, 19, 0, 0, 2, 1 ]
[ 2, 3, 0, 1, 11, 0, 0, 2, 1 ]
[ 1, 1, -5, 2, 3, 0, 0, 0, 19 ]
[ -2, -1, 1, -1, -1, 5, 0, 0, 19 ]
[ 2, 1, -1, 2, 3, 0, -1, -1, 5 ]
[ -1, 0, -4, -2, -1, 1, 0, 0, 19 ]
[ -7, -1, 0, 1, 0, 4, 0, 0, 19 ]
[ -7, -1, 0, -2, -1, 1, 1, 0, 4 ]
[ 1, 11, 0, 0, 1, 10, 0, 0, 19 ]
[ 1, 11, 0, 0, 2, 1, 0, 1, 10 ]
[ 0, -1, -10, 1, 11, 0, 0, 0, 19 ]
[ 0, -2, -1, 1, 11, 0, 0, 1, 10 ]
[ 2, 3, 0, 1, 2, 5, 0, 0, 19 ]
[ 2, 3, 0, 0, 2, 1, 1, 2, 5 ]
[ 1, 2, 5, 0, 1, 10, 0, 0, 19 ]
[ 1, 2, 5, 0, 2, 1, 0, 1, 10 ]
[ 19, 0, 0, 2, 1, 0, 5, 0, 1 ]
[ 1, 10, 0, 0, 19, 0, 0, 7, 1 ]
[ 2, 1, 0, 1, 10, 0, -1, -3, 1 ]
[ 1, 0, 4, 2, 1, 0, 0, 0, 19 ]
[ 5, 0, 1, 2, 1, 0, 1, 0, 4 ]
[ 1, 10, 0, 0, 7, 1, 0, 2, 3 ]
[ 1, 3, -1, 1, 10, 0, 0, 2, 3 ]
[ -2, -1, 0, -1, -1, 4, 0, 0, 19 ]
[ -2, -1, 0, -1, -3, 1, -1, -1, 4 ]
[ 1, 10, 0, 0, 1, 11, 0, 0, 19 ]
[ 1, 10, 0, 0, 2, 3, 0, 1, 11 ]
[ 0, -1, -11, 1, 10, 0, 0, 0, 19 ]
[ 0, -2, -3, 1, 10, 0, 0, 1, 11 ]
[ 1, 3, -1, 0, 1, 11, 0, 0, 19 ]
[ 1, 3, -1, 0, 2, 3, 0, 1, 11 ]
[ -1, -2, 12, -1, -3, 1, 0, 0, 19 ]
[ -1, -1, 4, -1, -2, 12, 0, 0, 19 ]
[ -1, -1, 4, -1, -3, 1, -1, -2, 12 ]
[ 19, 0, 0, -3, 1, 0, 5, 0, 1 ]
[ 1, 6, 0, 0, 19, 0, 0, 8, 1 ]
[ 3, -1, 0, 1, 6, 0, -1, 2, 1 ]
[ 1, 0, 4, -3, 1, 0, 0, 0, 19 ]
[ 5, 0, 1, -3, 1, 0, 1, 0, 4 ]
[ 1, 6, 0, 0, 8, 1, 0, -3, 2 ]
[ 1, -2, -1, 1, 6, 0, 0, -3, 2 ]
[ 3, -1, 0, 1, 0, 4, 0, 0, 19 ]
[ 3, -1, 0, -1, 2, 1, 1, 0, 4 ]
[ -1, -6, 0, 0, -1, 7, 0, 0, 19 ]
[ -1, -6, 0, 0, -3, 2, 0, -1, 7 ]
[ 0, -1, 7, 1, 6, 0, 0, 0, 19 ]
[ 0, -3, 2, 1, 6, 0, 0, -1, 7 ]
[ -1, 2, 1, 0, -1, 7, 0, 0, 19 ]
[ -1, 2, 1, 0, -3, 2, 0, -1, 7 ]
[ 0, 1, 12, -1, 2, 1, 0, 0, 19 ]
[ 1, 0, 4, 0, 1, 12, 0, 0, 19 ]
[ 1, 0, 4, -1, 2, 1, 0, 1, 12 ]
[ 19, 0, 0, -8, 1, 0, 5, 0, 1 ]
[ 8, -1, 0, 3, 2, 0, -3, 1, 1 ]
[ 1, 0, 4, -8, 1, 0, 0, 0, 19 ]
[ 5, 0, 1, -8, 1, 0, 1, 0, 4 ]
[ 1, 7, 0, 0, 19, 0, 0, 3, 1 ]
[ 3, 2, 0, 1, 7, 0, 0, 3, 1 ]
[ -1, -1, 2, 3, 2, 0, 0, 0, 19 ]
[ 3, -1, -1, 3, 2, 0, -1, -1, 2 ]
[ 1, 0, 4, -3, 1, 1, 0, 0, 19 ]
[ 8, -1, 0, 1, 0, 4, 0, 0, 19 ]
[ 8, -1, 0, -3, 1, 1, 1, 0, 4 ]
[ -1, -7, 0, 0, -1, 6, 0, 0, 19 ]
[ 1, 7, 0, 0, 3, 1, 0, -1, 6 ]
[ 0, -1, 6, 1, 7, 0, 0, 0, 19 ]
[ 0, -3, -1, 1, 7, 0, 0, -1, 6 ]
[ -3, -2, 0, -1, -1, 2, 0, 0, 19 ]
[ 3, 2, 0, 0, 3, 1, -1, -1, 2 ]
[ -1, 0, -4, -1, -1, 2, 0, 0, 19 ]
[ 3, -1, -1, 1, 0, 4, 0, 0, 19 ]
[ -3, 1, 1, -1, -1, 2, 1, 0, 4 ]
[ -1, -1, 2, 0, -1, 6, 0, 0, 19 ]
[ 1, 1, -2, 0, 3, 1, 0, -1, 6 ]
[ 19, 0, 0, 6, 1, 0, 5, 0, 1 ]
[ 1, -3, 0, 0, 19, 0, 0, -4, 1 ]
[ 6, 1, 0, -1, 3, 0, -1, -1, 1 ]
[ 1, 0, 4, 6, 1, 0, 0, 0, 19 ]
[ 5, 0, 1, 6, 1, 0, 1, 0, 4 ]
[ -1, 3, 0, 0, -1, 5, 0, 0, 19 ]
[ -1, 3, 0, 0, -4, 1, 0, -1, 5 ]
[ 0, 1, -5, -1, 3, 0, 0, 0, 19 ]
[ -1, -1, 1, 0, -1, 5, 0, 0, 19 ]
[ 1, 1, -1, -1, 3, 0, 0, -1, 5 ]
[ -1, 0, -4, -1, -1, 1, 0, 0, 19 ]
[ -6, -1, 0, 1, 0, 4, 0, 0, 19 ]
[ -6, -1, 0, -1, -1, 1, 1, 0, 4 ]
[ 1, 1, 0, 0, 19, 0, 0, -5, 1 ]
[ 19, 0, 0, 1, 1, 0, 5, 0, 1 ]
[ -1, -1, 0, 0, -1, 4, 0, 0, 19 ]
[ -1, -1, 0, 0, -5, 1, 0, -1, 4 ]
[ 1, 0, 4, 1, 1, 0, 0, 0, 19 ]
[ 5, 0, 1, 1, 1, 0, 1, 0, 4 ]
[ 19, 0, 0, -4, 1, 0, 5, 0, 1 ]
[ 1, -5, 0, 0, 19, 0, 0, 6, 1 ]
[ 4, -1, 0, -1, 5, 0, 1, 1, 1 ]
[ 1, 0, 4, -4, 1, 0, 0, 0, 19 ]
[ 5, 0, 1, -4, 1, 0, 1, 0, 4 ]
[ -1, 5, 0, 0, -1, 3, 0, 0, 19 ]
[ 1, -5, 0, 0, 6, 1, 0, -1, 3 ]
[ 0, 1, -3, -1, 5, 0, 0, 0, 19 ]
[ -1, -1, -1, 0, -1, 3, 0, 0, 19 ]
[ 1, 1, 1, -1, 5, 0, 0, -1, 3 ]
[ 1, 0, 4, 1, 1, 1, 0, 0, 19 ]
[ 4, -1, 0, 1, 0, 4, 0, 0, 19 ]
[ 4, -1, 0, 1, 1, 1, 1, 0, 4 ]
[ 19, 0, 0, -9, 1, 0, 5, 0, 1 ]
[ 1, 2, 0, 0, 19, 0, 0, 9, 1 ]
[ 9, -1, 0, 1, 2, 0, -4, 1, 1 ]
[ 1, 0, 4, -9, 1, 0, 0, 0, 19 ]
[ 5, 0, 1, -9, 1, 0, 1, 0, 4 ]
[ -1, -2, 0, 0, -1, 2, 0, 0, 19 ]
[ 1, 2, 0, 0, 9, 1, 0, -1, 2 ]
[ 0, -1, 2, 1, 2, 0, 0, 0, 19 ]
[ 4, -1, -1, 1, 2, 0, 0, -1, 2 ]
[ 1, 0, 4, -4, 1, 1, 0, 0, 19 ]
[ 9, -1, 0, 1, 0, 4, 0, 0, 19 ]
[ 9, -1, 0, -4, 1, 1, 1, 0, 4 ]
[ -1, 0, -4, 0, -1, 2, 0, 0, 19 ]
[ 4, -1, -1, 1, 0, 4, 0, 0, 19 ]
[ -4, 1, 1, 0, -1, 2, 1, 0, 4 ]
[ 19, 0, 0, 5, 1, 0, 5, 0, 1 ]
[ -1, -4, 0, 0, -1, 1, 0, 0, 19 ]
[ 1, 4, 0, 0, 19, 0, 0, -1, 1 ]
[ 0, -1, 1, 1, 4, 0, 0, 0, 19 ]
[ 5, 1, 0, 1, 4, 0, 0, -1, 1 ]
[ 1, 0, 4, 5, 1, 0, 0, 0, 19 ]
[ 5, 0, 1, 5, 1, 0, 1, 0, 4 ]
[ -1, 0, -4, 0, -1, 1, 0, 0, 19 ]
[ -5, -1, 0, 1, 0, 4, 0, 0, 19 ]
[ -5, -1, 0, 0, -1, 1, 1, 0, 4 ]
[ 19, 0, 0, 0, 1, 0, 4, 0, 1 ]
[ 1, 0, 5, 0, 1, 0, 0, 0, 19 ]
[ 4, 0, 1, 0, 1, 0, 1, 0, 5 ]
[ 19, 0, 0, -4, 1, 0, 4, 0, 1 ]
[ 1, -5, 0, 0, 1, 1, 0, 0, 19 ]
[ 1, -5, 0, 0, 19, 0, 0, 1, 1 ]
[ 0, 1, 1, -1, 5, 0, 0, 0, 19 ]
[ 4, -1, 0, -1, 5, 0, 0, 1, 1 ]
[ 1, 0, 5, -4, 1, 0, 0, 0, 19 ]
[ 4, 0, 1, -4, 1, 0, 1, 0, 5 ]
[ 1, 0, 5, 0, 1, 1, 0, 0, 19 ]
[ 4, -1, 0, 1, 0, 5, 0, 0, 19 ]
[ 4, -1, 0, 0, 1, 1, 1, 0, 5 ]
[ 19, 0, 0, -8, 1, 0, 4, 0, 1 ]
[ 8, -1, 0, 3, 2, 0, 4, 0, 1 ]
[ 1, 0, 5, -8, 1, 0, 0, 0, 19 ]
[ 4, 0, 1, -8, 1, 0, 1, 0, 5 ]
[ 1, 7, 0, 0, 19, 0, 0, -9, 1 ]
[ 3, 2, 0, 1, 7, 0, 1, -2, 1 ]
[ 4, 0, 1, 3, 2, 0, 0, 1, 2 ]
[ 8, -1, 0, 1, 0, 5, 0, 0, 19 ]
[ 8, -1, 0, 4, 0, 1, 1, 0, 5 ]
[ 1, 7, 0, 0, 1, 2, 0, 0, 19 ]
[ -1, -7, 0, 0, -9, 1, 0, 1, 2 ]
[ 0, -1, -2, 1, 7, 0, 0, 0, 19 ]
[ 1, -2, 1, 0, 1, 2, 0, 0, 19 ]
[ 1, -2, 1, 1, 7, 0, 0, 1, 2 ]
[ 0, -1, -2, 1, -2, 1, 0, 0, 19 ]
[ -3, -2, 0, 1, -2, 1, 0, 1, 2 ]
[ -1, -1, -7, 3, 2, 0, 0, 0, 19 ]
[ 0, -1, -2, 1, 1, 7, 0, 0, 19 ]
[ 0, -1, -2, 3, 2, 0, 1, 1, 7 ]
[ 1, 0, 5, 0, 1, 2, 0, 0, 19 ]
[ 4, 0, 1, 0, 1, 2, 1, 0, 5 ]
[ 1, 1, 7, 0, 1, 2, 0, 0, 19 ]
[ 3, 2, 0, 1, 1, 7, 0, 0, 19 ]
[ 3, 2, 0, 0, 1, 2, 1, 1, 7 ]
[ 19, 0, 0, 7, 1, 0, 4, 0, 1 ]
[ 7, 1, 0, 2, 3, 0, -3, -1, 1 ]
[ 1, 0, 5, 7, 1, 0, 0, 0, 19 ]
[ 4, 0, 1, 7, 1, 0, 1, 0, 5 ]
[ 1, 11, 0, 0, 19, 0, 0, -6, 1 ]
[ 2, 3, 0, 1, 11, 0, 1, 5, 1 ]
[ 3, 1, -1, 2, 3, 0, 0, 1, 3 ]
[ -1, 0, -5, -3, -1, 1, 0, 0, 19 ]
[ -7, -1, 0, 1, 0, 5, 0, 0, 19 ]
[ -7, -1, 0, -3, -1, 1, 1, 0, 5 ]
[ 1, 11, 0, 0, 1, 3, 0, 0, 19 ]
[ -1, -11, 0, 0, -6, 1, 0, 1, 3 ]
[ 0, -1, -3, 1, 11, 0, 0, 0, 19 ]
[ 1, 5, 1, 0, 1, 3, 0, 0, 19 ]
[ 1, 5, 1, 1, 11, 0, 0, 1, 3 ]
[ 0, -1, -3, 1, 5, 1, 0, 0, 19 ]
[ 2, 3, 0, 1, 5, 1, 0, 1, 3 ]
[ -1, -2, -11, 2, 3, 0, 0, 0, 19 ]
[ 0, -1, -3, 1, 2, 11, 0, 0, 19 ]
[ 0, -1, -3, 2, 3, 0, 1, 2, 11 ]
[ 1, 0, 5, 0, 1, 3, 0, 0, 19 ]
[ -3, -1, 1, 1, 0, 5, 0, 0, 19 ]
[ 3, 1, -1, 0, 1, 3, 1, 0, 5 ]
[ 1, 2, 11, 0, 1, 3, 0, 0, 19 ]
[ 2, 3, 0, 1, 2, 11, 0, 0, 19 ]
[ 2, 3, 0, 0, 1, 3, 1, 2, 11 ]
[ 19, 0, 0, 3, 1, 0, 4, 0, 1 ]
[ 1, -6, 0, 0, 19, 0, 0, 5, 1 ]
[ 3, 1, 0, -1, 6, 0, 1, -1, 1 ]
[ 1, 0, 5, 3, 1, 0, 0, 0, 19 ]
[ 4, 0, 1, 3, 1, 0, 1, 0, 5 ]
[ 1, -6, 0, 0, 1, 4, 0, 0, 19 ]
[ 1, -6, 0, 0, 5, 1, 0, 1, 4 ]
[ 0, 1, 4, -1, 6, 0, 0, 0, 19 ]
[ 1, -1, 1, 0, 1, 4, 0, 0, 19 ]
[ 1, -1, 1, -1, 6, 0, 0, 1, 4 ]
[ -1, 0, -5, 1, -1, 1, 0, 0, 19 ]
[ -3, -1, 0, 1, 0, 5, 0, 0, 19 ]
[ -3, -1, 0, 1, -1, 1, 1, 0, 5 ]
[ 1, -1, 0, 0, 19, 0, 0, 4, 1 ]
[ 19, 0, 0, -1, 1, 0, 4, 0, 1 ]
[ 1, -1, 0, 0, 1, 5, 0, 0, 19 ]
[ 1, -1, 0, 0, 4, 1, 0, 1, 5 ]
[ 1, 0, 5, -1, 1, 0, 0, 0, 19 ]
[ 4, 0, 1, -1, 1, 0, 1, 0, 5 ]
[ 19, 0, 0, -5, 1, 0, 4, 0, 1 ]
[ 1, -4, 0, 0, 19, 0, 0, -3, 1 ]
[ 5, -1, 0, -1, 4, 0, -1, 1, 1 ]
[ 1, 0, 5, -5, 1, 0, 0, 0, 19 ]
[ 4, 0, 1, -5, 1, 0, 1, 0, 5 ]
[ 1, -4, 0, 0, 1, 6, 0, 0, 19 ]
[ -1, 4, 0, 0, -3, 1, 0, 1, 6 ]
[ 0, 1, 6, -1, 4, 0, 0, 0, 19 ]
[ 1, -1, -1, 0, 1, 6, 0, 0, 19 ]
[ 1, -1, -1, -1, 4, 0, 0, 1, 6 ]
[ 1, 0, 5, -1, 1, 1, 0, 0, 19 ]
[ 5, -1, 0, 1, 0, 5, 0, 0, 19 ]
[ 5, -1, 0, -1, 1, 1, 1, 0, 5 ]
[ 19, 0, 0, -9, 1, 0, 4, 0, 1 ]
[ 1, 2, 0, 0, 19, 0, 0, -8, 1 ]
[ 9, -1, 0, 1, 2, 0, 4, 0, 1 ]
[ 1, 0, 5, -9, 1, 0, 0, 0, 19 ]
[ 4, 0, 1, -9, 1, 0, 1, 0, 5 ]
[ -1, -2, 0, 0, -8, 1, 0, 3, 2 ]
[ 4, 0, 1, 1, 2, 0, -1, 1, 2 ]
[ 9, -1, 0, 1, 0, 5, 0, 0, 19 ]
[ 9, -1, 0, 4, 0, 1, 1, 0, 5 ]
[ 1, 2, 0, 0, 1, 7, 0, 0, 19 ]
[ 1, 2, 0, 0, 3, 2, 0, 1, 7 ]
[ 0, -1, -7, 1, 2, 0, 0, 0, 19 ]
[ 1, -1, -2, 0, 1, 7, 0, 0, 19 ]
[ 1, -1, -2, 1, 2, 0, 0, 1, 7 ]
[ 1, 0, 5, -1, 1, 2, 0, 0, 19 ]
[ 4, 0, 1, -1, 1, 2, 1, 0, 5 ]
[ 19, 0, 0, 6, 1, 0, 4, 0, 1 ]
[ 1, -3, 0, 0, 19, 0, 0, -7, 1 ]
[ 6, 1, 0, -1, 3, 0, -2, -1, 1 ]
[ 1, 0, 5, 6, 1, 0, 0, 0, 19 ]
[ 4, 0, 1, 6, 1, 0, 1, 0, 5 ]
[ -1, 3, 0, 0, -7, 1, 0, -2, 3 ]
[ 2, 1, -1, -1, 3, 0, -1, 1, 3 ]
[ -1, 0, -5, -2, -1, 1, 0, 0, 19 ]
[ -6, -1, 0, 1, 0, 5, 0, 0, 19 ]
[ -6, -1, 0, -2, -1, 1, 1, 0, 5 ]
[ -1, 3, 0, 0, -1, 11, 0, 0, 19 ]
[ -1, 3, 0, 0, -2, 3, 0, -1, 11 ]
[ 1, -2, -11, -1, 3, 0, 0, 0, 19 ]
[ 1, -1, -3, -1, 2, 11, 0, 0, 19 ]
[ 1, -1, -3, -1, 3, 0, -1, 2, 11 ]
[ 1, 0, 5, -1, 1, 3, 0, 0, 19 ]
[ -2, -1, 1, 1, 0, 5, 0, 0, 19 ]
[ 2, 1, -1, -1, 1, 3, 1, 0, 5 ]
[ 19, 0, 0, 2, 1, 0, 4, 0, 1 ]
[ 1, 10, 0, 0, 19, 0, 0, -2, 1 ]
[ 2, 1, 0, 1, 10, 0, 0, -2, 1 ]
[ 1, 0, 5, 2, 1, 0, 0, 0, 19 ]
[ 4, 0, 1, 2, 1, 0, 1, 0, 5 ]
[ -1, -10, 0, 0, -1, 10, 0, 0, 19 ]
[ -1, -10, 0, 0, -2, 1, 0, -1, 10 ]
[ 0, -1, 10, 1, 10, 0, 0, 0, 19 ]
[ 0, -2, 1, 1, 10, 0, 0, -1, 10 ]
[ -2, -1, 0, 1, 0, 5, 0, 0, 19 ]
[ -2, -1, 0, 0, -2, 1, 1, 0, 5 ]
[ -1, 0, -5, 0, -1, 10, 0, 0, 19 ]
[ -1, 0, -5, 0, -2, 1, 0, -1, 10 ]
[ 19, 0, 0, -2, 1, 0, 4, 0, 1 ]
[ 1, -10, 0, 0, 19, 0, 0, 2, 1 ]
[ 2, -1, 0, -1, 10, 0, 0, 2, 1 ]
[ 1, 0, 5, -2, 1, 0, 0, 0, 19 ]
[ 4, 0, 1, -2, 1, 0, 1, 0, 5 ]
[ 1, -10, 0, 0, 1, 10, 0, 0, 19 ]
[ 1, -10, 0, 0, 2, 1, 0, 1, 10 ]
[ 0, 1, 10, -1, 10, 0, 0, 0, 19 ]
[ 0, 2, 1, -1, 10, 0, 0, 1, 10 ]
[ 2, -1, 0, -1, 1, 5, 0, 0, 19 ]
[ 2, -1, 0, 0, 2, 1, -1, 1, 5 ]
[ 1, -1, -5, 0, 1, 10, 0, 0, 19 ]
[ 1, -1, -5, 0, 2, 1, 0, 1, 10 ]
[ 19, 0, 0, -6, 1, 0, 4, 0, 1 ]
[ 1, 3, 0, 0, 19, 0, 0, 7, 1 ]
[ 6, -1, 0, 1, 3, 0, -2, 1, 1 ]
[ 1, 0, 5, -6, 1, 0, 0, 0, 19 ]
[ 4, 0, 1, -6, 1, 0, 1, 0, 5 ]
[ 1, 3, 0, 0, 7, 1, 0, 2, 3 ]
[ 2, -1, -1, 1, 3, 0, -1, -1, 3 ]
[ 1, 0, 5, -2, 1, 1, 0, 0, 19 ]
[ 6, -1, 0, 1, 0, 5, 0, 0, 19 ]
[ 6, -1, 0, -2, 1, 1, 1, 0, 5 ]
[ 1, 3, 0, 0, 1, 11, 0, 0, 19 ]
[ 1, 3, 0, 0, 2, 3, 0, 1, 11 ]
[ 0, -1, -11, 1, 3, 0, 0, 0, 19 ]
[ 1, 1, -3, 0, 1, 11, 0, 0, 19 ]
[ 1, 1, -3, 1, 3, 0, 0, 1, 11 ]
[ -1, 0, -5, -1, -1, 3, 0, 0, 19 ]
[ 2, -1, -1, 1, 0, 5, 0, 0, 19 ]
[ -2, 1, 1, -1, -1, 3, 1, 0, 5 ]
[ 19, 0, 0, 9, 1, 0, 4, 0, 1 ]
[ 1, -2, 0, 0, 19, 0, 0, 8, 1 ]
[ 9, 1, 0, -1, 2, 0, 4, 0, 1 ]
[ 1, 0, 5, 9, 1, 0, 0, 0, 19 ]
[ 4, 0, 1, 9, 1, 0, 1, 0, 5 ]
[ 1, -2, 0, 0, 8, 1, 0, -3, 2 ]
[ 4, 0, 1, -1, 2, 0, -2, 1, 2 ]
[ -9, -1, 0, 1, 0, 5, 0, 0, 19 ]
[ -9, -1, 0, 4, 0, 1, 1, 0, 5 ]
[ -1, 2, 0, 0, -1, 7, 0, 0, 19 ]
[ -1, 2, 0, 0, -3, 2, 0, -1, 7 ]
[ 1, -1, -7, -1, 2, 0, 0, 0, 19 ]
[ 2, -1, -2, -1, 1, 7, 0, 0, 19 ]
[ 2, -1, -2, -1, 2, 0, -1, 1, 7 ]
[ 1, 0, 5, -2, 1, 2, 0, 0, 19 ]
[ 4, 0, 1, -2, 1, 2, 1, 0, 5 ]
[ 19, 0, 0, 5, 1, 0, 4, 0, 1 ]
[ 1, 4, 0, 0, 19, 0, 0, 3, 1 ]
[ 5, 1, 0, 1, 4, 0, -1, -1, 1 ]
[ 1, 0, 5, 5, 1, 0, 0, 0, 19 ]
[ 4, 0, 1, 5, 1, 0, 1, 0, 5 ]
[ -1, -4, 0, 0, -1, 6, 0, 0, 19 ]
[ 1, 4, 0, 0, 3, 1, 0, -1, 6 ]
[ 0, -1, 6, 1, 4, 0, 0, 0, 19 ]
[ -1, -1, 1, 0, -1, 6, 0, 0, 19 ]
[ 1, 1, -1, 1, 4, 0, 0, -1, 6 ]
[ -1, 0, -5, -1, -1, 1, 0, 0, 19 ]
[ -5, -1, 0, 1, 0, 5, 0, 0, 19 ]
[ -5, -1, 0, -1, -1, 1, 1, 0, 5 ]
[ 1, 1, 0, 0, 19, 0, 0, -4, 1 ]
[ 19, 0, 0, 1, 1, 0, 4, 0, 1 ]
[ -1, -1, 0, 0, -1, 5, 0, 0, 19 ]
[ -1, -1, 0, 0, -4, 1, 0, -1, 5 ]
[ 1, 0, 5, 1, 1, 0, 0, 0, 19 ]
[ 4, 0, 1, 1, 1, 0, 1, 0, 5 ]
[ 19, 0, 0, -3, 1, 0, 4, 0, 1 ]
[ 1, 6, 0, 0, 19, 0, 0, -5, 1 ]
[ 3, -1, 0, 1, 6, 0, 1, 1, 1 ]
[ 1, 0, 5, -3, 1, 0, 0, 0, 19 ]
[ 4, 0, 1, -3, 1, 0, 1, 0, 5 ]
[ -1, -6, 0, 0, -1, 4, 0, 0, 19 ]
[ -1, -6, 0, 0, -5, 1, 0, -1, 4 ]
[ 0, -1, 4, 1, 6, 0, 0, 0, 19 ]
[ -1, -1, -1, 0, -1, 4, 0, 0, 19 ]
[ 1, 1, 1, 1, 6, 0, 0, -1, 4 ]
[ 1, 0, 5, 1, 1, 1, 0, 0, 19 ]
[ 3, -1, 0, 1, 0, 5, 0, 0, 19 ]
[ 3, -1, 0, 1, 1, 1, 1, 0, 5 ]
[ 19, 0, 0, -7, 1, 0, 4, 0, 1 ]
[ 7, -1, 0, -2, 3, 0, -3, 1, 1 ]
[ 1, 0, 5, -7, 1, 0, 0, 0, 19 ]
[ 4, 0, 1, -7, 1, 0, 1, 0, 5 ]
[ 1, -11, 0, 0, 19, 0, 0, 6, 1 ]
[ 2, -3, 0, -1, 11, 0, 1, -5, 1 ]
[ 3, -1, -1, -2, 3, 0, 0, -1, 3 ]
[ 1, 0, 5, -3, 1, 1, 0, 0, 19 ]
[ 7, -1, 0, 1, 0, 5, 0, 0, 19 ]
[ 7, -1, 0, -3, 1, 1, 1, 0, 5 ]
[ -1, 11, 0, 0, -1, 3, 0, 0, 19 ]
[ 1, -11, 0, 0, 6, 1, 0, -1, 3 ]
[ 0, 1, -3, -1, 11, 0, 0, 0, 19 ]
[ -1, 5, -1, 0, -1, 3, 0, 0, 19 ]
[ 1, -5, 1, -1, 11, 0, 0, -1, 3 ]
[ 0, -1, 3, 1, -5, 1, 0, 0, 19 ]
[ -2, 3, 0, 1, -5, 1, 0, -1, 3 ]
[ 1, -1, -11, -2, 3, 0, 0, 0, 19 ]
[ 0, 1, -3, -1, 1, 11, 0, 0, 19 ]
[ 0, 1, -3, -2, 3, 0, -1, 1, 11 ]
[ -1, 0, -5, 0, -1, 3, 0, 0, 19 ]
[ 3, -1, -1, 1, 0, 5, 0, 0, 19 ]
[ -3, 1, 1, 0, -1, 3, 1, 0, 5 ]
[ -1, 1, 11, 0, -1, 3, 0, 0, 19 ]
[ -2, 3, 0, -1, 1, 11, 0, 0, 19 ]
[ -2, 3, 0, 0, -1, 3, -1, 1, 11 ]
[ 19, 0, 0, 8, 1, 0, 4, 0, 1 ]
[ 8, 1, 0, -3, 2, 0, 4, 0, 1 ]
[ 1, 0, 5, 8, 1, 0, 0, 0, 19 ]
[ 4, 0, 1, 8, 1, 0, 1, 0, 5 ]
[ 1, -7, 0, 0, 19, 0, 0, 9, 1 ]
[ 3, -2, 0, -1, 7, 0, 1, 2, 1 ]
[ 4, 0, 1, -3, 2, 0, -3, 1, 2 ]
[ -8, -1, 0, 1, 0, 5, 0, 0, 19 ]
[ -8, -1, 0, 4, 0, 1, 1, 0, 5 ]
[ -1, 7, 0, 0, -1, 2, 0, 0, 19 ]
[ 1, -7, 0, 0, 9, 1, 0, -1, 2 ]
[ 0, 1, -2, -1, 7, 0, 0, 0, 19 ]
[ -1, -2, -1, 0, -1, 2, 0, 0, 19 ]
[ 1, 2, 1, -1, 7, 0, 0, -1, 2 ]
[ 0, -1, 2, 1, 2, 1, 0, 0, 19 ]
[ 3, -2, 0, 1, 2, 1, 0, -1, 2 ]
[ 2, -1, -7, -3, 2, 0, 0, 0, 19 ]
[ 3, -1, -2, -2, 1, 7, 0, 0, 19 ]
[ 3, -1, -2, -3, 2, 0, -2, 1, 7 ]
[ 1, 0, 5, -3, 1, 2, 0, 0, 19 ]
[ 4, 0, 1, -3, 1, 2, 1, 0, 5 ]
[ -1, 1, -7, 0, -1, 2, 0, 0, 19 ]
[ -3, 2, 0, 1, -1, 7, 0, 0, 19 ]
[ -3, 2, 0, 0, -1, 2, 1, -1, 7 ]
[ 19, 0, 0, 4, 1, 0, 4, 0, 1 ]
[ -1, -5, 0, 0, -1, 1, 0, 0, 19 ]
[ 1, 5, 0, 0, 19, 0, 0, -1, 1 ]
[ 0, -1, 1, 1, 5, 0, 0, 0, 19 ]
[ 4, 1, 0, 1, 5, 0, 0, -1, 1 ]
[ 1, 0, 5, 4, 1, 0, 0, 0, 19 ]
[ 4, 0, 1, 4, 1, 0, 1, 0, 5 ]
[ -1, 0, -5, 0, -1, 1, 0, 0, 19 ]
[ -4, -1, 0, 1, 0, 5, 0, 0, 19 ]
[ -4, -1, 0, 0, -1, 1, 1, 0, 5 ]
[ 19, 0, 0, 0, 1, 0, -3, 0, 1 ]
[ 1, 0, 6, 0, 1, 0, 0, 0, 19 ]
[ 3, 0, -1, 0, 1, 0, 1, 0, 6 ]
[ 19, 0, 0, 3, 1, 0, -3, 0, 1 ]
[ 1, -6, 0, 0, 1, 1, 0, 0, 19 ]
[ 1, -6, 0, 0, 19, 0, 0, 1, 1 ]
[ 0, 1, 1, -1, 6, 0, 0, 0, 19 ]
[ 3, 1, 0, -1, 6, 0, 0, 1, 1 ]
[ 1, 0, 6, 3, 1, 0, 0, 0, 19 ]
[ 3, 0, -1, 3, 1, 0, 1, 0, 6 ]
[ 1, 0, 6, 0, 1, 1, 0, 0, 19 ]
[ -3, -1, 0, 1, 0, 6, 0, 0, 19 ]
[ 3, 1, 0, 0, 1, 1, 1, 0, 6 ]
[ 19, 0, 0, 6, 1, 0, -3, 0, 1 ]
[ 1, -3, 0, 0, 19, 0, 0, -9, 1 ]
[ 6, 1, 0, -1, 3, 0, -3, 0, 1 ]
[ 1, 0, 6, 6, 1, 0, 0, 0, 19 ]
[ 3, 0, -1, 6, 1, 0, 1, 0, 6 ]
[ 1, -3, 0, 0, 1, 2, 0, 0, 19 ]
[ -1, 3, 0, 0, -9, 1, 0, 1, 2 ]
[ 0, 1, 2, -1, 3, 0, 0, 0, 19 ]
[ 3, 0, -1, -1, 3, 0, 0, 1, 2 ]
[ -6, -1, 0, 1, 0, 6, 0, 0, 19 ]
[ 6, 1, 0, -3, 0, 1, 1, 0, 6 ]
[ 1, 0, 6, 0, 1, 2, 0, 0, 19 ]
[ 3, 0, -1, 0, 1, 2, 1, 0, 6 ]
[ 19, 0, 0, 9, 1, 0, -3, 0, 1 ]
[ 1, -2, 0, 0, 19, 0, 0, -6, 1 ]
[ 9, 1, 0, -1, 2, 0, -3, 0, 1 ]
[ 1, 0, 6, 9, 1, 0, 0, 0, 19 ]
[ 3, 0, -1, 9, 1, 0, 1, 0, 6 ]
[ 1, -2, 0, 0, 1, 3, 0, 0, 19 ]
[ -1, 2, 0, 0, -6, 1, 0, 1, 3 ]
[ 0, 1, 3, -1, 2, 0, 0, 0, 19 ]
[ 3, 0, -1, -1, 2, 0, 0, 1, 3 ]
[ -9, -1, 0, 1, 0, 6, 0, 0, 19 ]
[ 9, 1, 0, -3, 0, 1, 1, 0, 6 ]
[ 1, 0, 6, 0, 1, 3, 0, 0, 19 ]
[ 3, 0, -1, 0, 1, 3, 1, 0, 6 ]
[ 19, 0, 0, -7, 1, 0, -3, 0, 1 ]
[ 7, -1, 0, -2, 3, 0, -3, 0, 1 ]
[ 1, 0, 6, -7, 1, 0, 0, 0, 19 ]
[ 3, 0, -1, -7, 1, 0, 1, 0, 6 ]
[ 1, -11, 0, 0, 19, 0, 0, 5, 1 ]
[ 2, -3, 0, -1, 11, 0, 1, -6, 1 ]
[ 1, -1, 2, -2, 3, 0, 0, 0, 19 ]
[ 3, 0, -1, -2, 3, 0, 1, -1, 2 ]
[ 7, -1, 0, 1, 0, 6, 0, 0, 19 ]
[ -7, 1, 0, -3, 0, 1, 1, 0, 6 ]
[ 1, -11, 0, 0, 1, 4, 0, 0, 19 ]
[ 1, -11, 0, 0, 5, 1, 0, 1, 4 ]
[ 0, 1, 4, -1, 11, 0, 0, 0, 19 ]
[ 1, -6, 1, 0, 1, 4, 0, 0, 19 ]
[ 1, -6, 1, -1, 11, 0, 0, 1, 4 ]
[ 2, -3, 0, -1, 2, 2, 0, 0, 19 ]
[ -2, 3, 0, 1, -6, 1, -1, 2, 2 ]
[ -1, 0, -6, 1, -1, 2, 0, 0, 19 ]
[ -3, 0, 1, 1, -1, 2, 1, 0, 6 ]
[ 0, -1, -4, 1, -6, 1, 0, 0, 19 ]
[ 1, -2, -2, 0, 1, 4, 0, 0, 19 ]
[ -1, 2, 2, 1, -6, 1, 0, 1, 4 ]
[ 19, 0, 0, -4, 1, 0, -3, 0, 1 ]
[ 1, -5, 0, 0, 19, 0, 0, 4, 1 ]
[ 4, -1, 0, -1, 5, 0, 1, -1, 1 ]
[ 1, 0, 6, -4, 1, 0, 0, 0, 19 ]
[ 3, 0, -1, -4, 1, 0, 1, 0, 6 ]
[ 1, -5, 0, 0, 1, 5, 0, 0, 19 ]
[ 1, -5, 0, 0, 4, 1, 0, 1, 5 ]
[ 0, 1, 5, -1, 5, 0, 0, 0, 19 ]
[ 1, -1, 1, 0, 1, 5, 0, 0, 19 ]
[ 1, -1, 1, -1, 5, 0, 0, 1, 5 ]
[ -1, 0, -6, 1, -1, 1, 0, 0, 19 ]
[ 4, -1, 0, 1, 0, 6, 0, 0, 19 ]
[ -4, 1, 0, 1, -1, 1, 1, 0, 6 ]
[ 1, -1, 0, 0, 19, 0, 0, -3, 1 ]
[ 19, 0, 0, -1, 1, 0, -3, 0, 1 ]
[ 1, -1, 0, 0, 1, 6, 0, 0, 19 ]
[ -1, 1, 0, 0, -3, 1, 0, 1, 6 ]
[ 1, 0, 6, -1, 1, 0, 0, 0, 19 ]
[ 3, 0, -1, -1, 1, 0, 1, 0, 6 ]
[ 19, 0, 0, 2, 1, 0, -3, 0, 1 ]
[ 1, 10, 0, 0, 19, 0, 0, -8, 1 ]
[ 2, 1, 0, 1, 10, 0, 1, 2, 1 ]
[ 1, 0, 6, 2, 1, 0, 0, 0, 19 ]
[ 3, 0, -1, 2, 1, 0, 1, 0, 6 ]
[ -1, -10, 0, 0, -8, 1, 0, 3, 2 ]
[ 1, 2, 1, 1, 10, 0, 0, 3, 2 ]
[ 1, 1, -6, 1, 2, 1, 0, 0, 19 ]
[ -2, -1, 0, -1, -1, 6, 0, 0, 19 ]
[ 2, 1, 0, 1, 2, 1, -1, -1, 6 ]
[ 1, 10, 0, 0, 1, 7, 0, 0, 19 ]
[ 1, 10, 0, 0, 3, 2, 0, 1, 7 ]
[ 0, -1, -7, 1, 10, 0, 0, 0, 19 ]
[ 0, -3, -2, 1, 10, 0, 0, 1, 7 ]
[ 1, 2, 1, 0, 1, 7, 0, 0, 19 ]
[ 1, 2, 1, 0, 3, 2, 0, 1, 7 ]
[ 19, 0, 0, 5, 1, 0, -3, 0, 1 ]
[ 1, 4, 0, 0, 19, 0, 0, -7, 1 ]
[ 5, 1, 0, 1, 4, 0, 2, 1, 1 ]
[ 1, 0, 6, 5, 1, 0, 0, 0, 19 ]
[ 3, 0, -1, 5, 1, 0, 1, 0, 6 ]
[ -1, -4, 0, 0, -7, 1, 0, -2, 3 ]
[ 2, 1, 1, 1, 4, 0, 1, 2, 3 ]
[ 1, 0, 6, 2, 1, 1, 0, 0, 19 ]
[ -5, -1, 0, 1, 0, 6, 0, 0, 19 ]
[ 5, 1, 0, 2, 1, 1, 1, 0, 6 ]
[ -1, -4, 0, 0, -1, 11, 0, 0, 19 ]
[ -1, -4, 0, 0, -2, 3, 0, -1, 11 ]
[ 1, 3, 11, 1, 4, 0, 0, 0, 19 ]
[ 1, 2, 3, 1, 3, 11, 0, 0, 19 ]
[ 1, 2, 3, 1, 4, 0, 1, 3, 11 ]
[ 1, 1, -5, 1, 2, 3, 0, 0, 19 ]
[ -2, -1, -1, -1, -1, 5, 0, 0, 19 ]
[ 2, 1, 1, 1, 2, 3, -1, -1, 5 ]
[ 19, 0, 0, 8, 1, 0, -3, 0, 1 ]
[ 8, 1, 0, -3, 2, 0, -3, 0, 1 ]
[ 1, 0, 6, 8, 1, 0, 0, 0, 19 ]
[ 3, 0, -1, 8, 1, 0, 1, 0, 6 ]
[ 1, -7, 0, 0, 19, 0, 0, -2, 1 ]
[ 3, -2, 0, -1, 7, 0, 0, -2, 1 ]
[ -1, 1, 3, -3, 2, 0, 0, 0, 19 ]
[ 3, 0, -1, -3, 2, 0, -1, 1, 3 ]
[ -8, -1, 0, 1, 0, 6, 0, 0, 19 ]
[ 8, 1, 0, -3, 0, 1, 1, 0, 6 ]
[ -1, 7, 0, 0, -1, 10, 0, 0, 19 ]
[ -1, 7, 0, 0, -2, 1, 0, -1, 10 ]
[ 0, 1, -10, -1, 7, 0, 0, 0, 19 ]
[ 0, 2, -1, -1, 7, 0, 0, -1, 10 ]
[ 3, -2, 0, -1, 1, 3, 0, 0, 19 ]
[ -3, 2, 0, 0, -2, 1, -1, 1, 3 ]
[ 1, 0, 6, -1, 1, 3, 0, 0, 19 ]
[ 3, 0, -1, -1, 1, 3, 1, 0, 6 ]
[ -1, 1, 3, 0, -1, 10, 0, 0, 19 ]
[ -1, 1, 3, 0, -2, 1, 0, -1, 10 ]
[ 19, 0, 0, -8, 1, 0, -3, 0, 1 ]
[ 8, -1, 0, 3, 2, 0, -3, 0, 1 ]
[ 1, 0, 6, -8, 1, 0, 0, 0, 19 ]
[ 3, 0, -1, -8, 1, 0, 1, 0, 6 ]
[ 1, 7, 0, 0, 19, 0, 0, 2, 1 ]
[ 3, 2, 0, 1, 7, 0, 0, 2, 1 ]
[ 2, 1, 3, 3, 2, 0, 0, 0, 19 ]
[ 3, 0, -1, 3, 2, 0, 2, 1, 3 ]
[ 8, -1, 0, 1, 0, 6, 0, 0, 19 ]
[ -8, 1, 0, -3, 0, 1, 1, 0, 6 ]
[ 1, 7, 0, 0, 1, 10, 0, 0, 19 ]
[ 1, 7, 0, 0, 2, 1, 0, 1, 10 ]
[ 0, -1, -10, 1, 7, 0, 0, 0, 19 ]
[ 0, -2, -1, 1, 7, 0, 0, 1, 10 ]
[ -3, -2, 0, -1, -1, 3, 0, 0, 19 ]
[ 3, 2, 0, 0, 2, 1, -1, -1, 3 ]
[ 1, 0, 6, 2, 1, 3, 0, 0, 19 ]
[ 3, 0, -1, 2, 1, 3, 1, 0, 6 ]
[ 1, 1, -3, 0, 1, 10, 0, 0, 19 ]
[ 1, 1, -3, 0, 2, 1, 0, 1, 10 ]
[ 19, 0, 0, -5, 1, 0, -3, 0, 1 ]
[ 1, -4, 0, 0, 19, 0, 0, 7, 1 ]
[ 5, -1, 0, -1, 4, 0, 2, -1, 1 ]
[ 1, 0, 6, -5, 1, 0, 0, 0, 19 ]
[ 3, 0, -1, -5, 1, 0, 1, 0, 6 ]
[ 1, -4, 0, 0, 7, 1, 0, 2, 3 ]
[ 2, -1, 1, -1, 4, 0, 1, -2, 3 ]
[ -1, 0, -6, 2, -1, 1, 0, 0, 19 ]
[ 5, -1, 0, 1, 0, 6, 0, 0, 19 ]
[ -5, 1, 0, 2, -1, 1, 1, 0, 6 ]
[ 1, -4, 0, 0, 1, 11, 0, 0, 19 ]
[ 1, -4, 0, 0, 2, 3, 0, 1, 11 ]
[ 0, 1, 11, -1, 4, 0, 0, 0, 19 ]
[ 1, -2, 3, 0, 1, 11, 0, 0, 19 ]
[ 1, -2, 3, -1, 4, 0, 0, 1, 11 ]
[ -1, 1, 5, 1, -2, 3, 0, 0, 19 ]
[ 2, -1, 1, -1, 1, 5, 0, 0, 19 ]
[ -2, 1, -1, 1, -2, 3, -1, 1, 5 ]
[ 19, 0, 0, -2, 1, 0, -3, 0, 1 ]
[ 1, -10, 0, 0, 19, 0, 0, 8, 1 ]
[ 2, -1, 0, -1, 10, 0, 1, -2, 1 ]
[ 1, 0, 6, -2, 1, 0, 0, 0, 19 ]
[ 3, 0, -1, -2, 1, 0, 1, 0, 6 ]
[ 1, -10, 0, 0, 8, 1, 0, -3, 2 ]
[ 1, -2, 1, -1, 10, 0, 0, -3, 2 ]
[ -1, 1, 6, 1, -2, 1, 0, 0, 19 ]
[ 2, -1, 0, -1, 1, 6, 0, 0, 19 ]
[ -2, 1, 0, 1, -2, 1, -1, 1, 6 ]
[ -1, 10, 0, 0, -1, 7, 0, 0, 19 ]
[ -1, 10, 0, 0, -3, 2, 0, -1, 7 ]
[ 0, 1, -7, -1, 10, 0, 0, 0, 19 ]
[ 0, 3, -2, -1, 10, 0, 0, -1, 7 ]
[ -1, 2, -1, 0, -1, 7, 0, 0, 19 ]
[ -1, 2, -1, 0, -3, 2, 0, -1, 7 ]
[ 1, 1, 0, 0, 19, 0, 0, 3, 1 ]
[ 19, 0, 0, 1, 1, 0, -3, 0, 1 ]
[ -1, -1, 0, 0, -1, 6, 0, 0, 19 ]
[ 1, 1, 0, 0, 3, 1, 0, -1, 6 ]
[ 1, 0, 6, 1, 1, 0, 0, 0, 19 ]
[ 3, 0, -1, 1, 1, 0, 1, 0, 6 ]
[ 19, 0, 0, 4, 1, 0, -3, 0, 1 ]
[ 1, 5, 0, 0, 19, 0, 0, -4, 1 ]
[ 4, 1, 0, 1, 5, 0, 1, 1, 1 ]
[ 1, 0, 6, 4, 1, 0, 0, 0, 19 ]
[ 3, 0, -1, 4, 1, 0, 1, 0, 6 ]
[ -1, -5, 0, 0, -1, 5, 0, 0, 19 ]
[ -1, -5, 0, 0, -4, 1, 0, -1, 5 ]
[ 0, -1, 5, 1, 5, 0, 0, 0, 19 ]
[ -1, -1, -1, 0, -1, 5, 0, 0, 19 ]
[ 1, 1, 1, 1, 5, 0, 0, -1, 5 ]
[ 1, 0, 6, 1, 1, 1, 0, 0, 19 ]
[ -4, -1, 0, 1, 0, 6, 0, 0, 19 ]
[ 4, 1, 0, 1, 1, 1, 1, 0, 6 ]
[ 19, 0, 0, 7, 1, 0, -3, 0, 1 ]
[ 7, 1, 0, 2, 3, 0, -3, 0, 1 ]
[ 1, 0, 6, 7, 1, 0, 0, 0, 19 ]
[ 3, 0, -1, 7, 1, 0, 1, 0, 6 ]
[ 1, 11, 0, 0, 19, 0, 0, -5, 1 ]
[ 2, 3, 0, 1, 11, 0, 1, 6, 1 ]
[ 1, 1, 2, 2, 3, 0, 0, 0, 19 ]
[ 3, 0, -1, 2, 3, 0, 1, 1, 2 ]
[ -7, -1, 0, 1, 0, 6, 0, 0, 19 ]
[ 7, 1, 0, -3, 0, 1, 1, 0, 6 ]
[ -1, -11, 0, 0, -1, 4, 0, 0, 19 ]
[ -1, -11, 0, 0, -5, 1, 0, -1, 4 ]
[ 0, -1, 4, 1, 11, 0, 0, 0, 19 ]
[ -1, -6, -1, 0, -1, 4, 0, 0, 19 ]
[ 1, 6, 1, 1, 11, 0, 0, -1, 4 ]
[ -2, -3, 0, -1, -2, 2, 0, 0, 19 ]
[ 2, 3, 0, 1, 6, 1, -1, -2, 2 ]
[ 1, 0, 6, 1, 1, 2, 0, 0, 19 ]
[ 3, 0, -1, 1, 1, 2, 1, 0, 6 ]
[ 0, -1, 4, 1, 6, 1, 0, 0, 19 ]
[ -1, -2, 2, 0, -1, 4, 0, 0, 19 ]
[ 1, 2, -2, 1, 6, 1, 0, -1, 4 ]
[ 19, 0, 0, -9, 1, 0, -3, 0, 1 ]
[ 1, 2, 0, 0, 19, 0, 0, 6, 1 ]
[ 9, -1, 0, 1, 2, 0, -3, 0, 1 ]
[ 1, 0, 6, -9, 1, 0, 0, 0, 19 ]
[ 3, 0, -1, -9, 1, 0, 1, 0, 6 ]
[ -1, -2, 0, 0, -1, 3, 0, 0, 19 ]
[ 1, 2, 0, 0, 6, 1, 0, -1, 3 ]
[ 1, 1, 3, 1, 2, 0, 0, 0, 19 ]
[ 3, 0, -1, 1, 2, 0, 1, 1, 3 ]
[ 9, -1, 0, 1, 0, 6, 0, 0, 19 ]
[ -9, 1, 0, -3, 0, 1, 1, 0, 6 ]
[ 1, 0, 6, 1, 1, 3, 0, 0, 19 ]
[ 3, 0, -1, 1, 1, 3, 1, 0, 6 ]
[ 19, 0, 0, -6, 1, 0, -3, 0, 1 ]
[ 1, 3, 0, 0, 19, 0, 0, 9, 1 ]
[ 6, -1, 0, 1, 3, 0, -3, 0, 1 ]
[ 1, 0, 6, -6, 1, 0, 0, 0, 19 ]
[ 3, 0, -1, -6, 1, 0, 1, 0, 6 ]
[ -1, -3, 0, 0, -1, 2, 0, 0, 19 ]
[ 1, 3, 0, 0, 9, 1, 0, -1, 2 ]
[ 0, -1, 2, 1, 3, 0, 0, 0, 19 ]
[ 3, 0, -1, 1, 3, 0, 0, -1, 2 ]
[ 6, -1, 0, 1, 0, 6, 0, 0, 19 ]
[ -6, 1, 0, -3, 0, 1, 1, 0, 6 ]
[ -1, 0, -6, 0, -1, 2, 0, 0, 19 ]
[ -3, 0, 1, 0, -1, 2, 1, 0, 6 ]
[ 19, 0, 0, -3, 1, 0, -3, 0, 1 ]
[ -1, -6, 0, 0, -1, 1, 0, 0, 19 ]
[ 1, 6, 0, 0, 19, 0, 0, -1, 1 ]
[ 0, -1, 1, 1, 6, 0, 0, 0, 19 ]
[ 3, -1, 0, 1, 6, 0, 0, -1, 1 ]
[ 1, 0, 6, -3, 1, 0, 0, 0, 19 ]
[ 3, 0, -1, -3, 1, 0, 1, 0, 6 ]
[ -1, 0, -6, 0, -1, 1, 0, 0, 19 ]
[ 3, -1, 0, 1, 0, 6, 0, 0, 19 ]
[ -3, 1, 0, 0, -1, 1, 1, 0, 6 ]
[ 19, 0, 0, 0, 1, 0, -8, 0, 1 ]
[ 8, 0, -1, 0, 1, 0, 3, 0, 2 ]
[ 1, 0, 7, 0, 1, 0, 0, 0, 19 ]
[ 3, 0, 2, 0, 1, 0, 1, 0, 7 ]
[ 19, 0, 0, 8, 1, 0, -8, 0, 1 ]
[ 8, 1, 0, -3, 2, 0, 0, 1, 1 ]
[ 8, 0, -1, 8, 1, 0, 3, 0, 2 ]
[ 1, -7, 0, 0, 1, 1, 0, 0, 19 ]
[ 1, -7, 0, 0, 19, 0, 0, 1, 1 ]
[ 0, 1, 1, -1, 7, 0, 0, 0, 19 ]
[ 3, -2, 0, -1, 7, 0, 0, 1, 1 ]
[ -1, 1, -6, -3, 2, 0, 0, 0, 19 ]
[ 0, -1, -1, 1, -1, 6, 0, 0, 19 ]
[ 0, 1, 1, -3, 2, 0, 1, -1, 6 ]
[ 8, 1, 0, 0, 1, 1, 3, 0, 2 ]
[ 1, 0, 7, 8, 1, 0, 0, 0, 19 ]
[ 3, 0, 2, 8, 1, 0, 1, 0, 7 ]
[ 1, -1, 6, 0, 1, 1, 0, 0, 19 ]
[ -3, 2, 0, 1, -1, 6, 0, 0, 19 ]
[ 3, -2, 0, 0, 1, 1, 1, -1, 6 ]
[ 1, 0, 7, 0, 1, 1, 0, 0, 19 ]
[ 3, 0, 2, 0, 1, 1, 1, 0, 7 ]
[ -8, -1, 0, 1, 0, 7, 0, 0, 19 ]
[ -8, -1, 0, 3, 0, 2, 1, 0, 7 ]
[ 19, 0, 0, -3, 1, 0, -8, 0, 1 ]
[ 1, 6, 0, 0, 19, 0, 0, -9, 1 ]
[ 3, -1, 0, 1, 6, 0, 1, -3, 1 ]
[ 8, 0, -1, -3, 1, 0, 3, 0, 2 ]
[ 1, 6, 0, 0, 1, 2, 0, 0, 19 ]
[ -1, -6, 0, 0, -9, 1, 0, 1, 2 ]
[ 0, -1, -2, 1, 6, 0, 0, 0, 19 ]
[ 1, -3, 1, 0, 1, 2, 0, 0, 19 ]
[ 1, -3, 1, 1, 6, 0, 0, 1, 2 ]
[ 0, -1, -2, 1, -3, 1, 0, 0, 19 ]
[ -3, 1, 0, 1, -3, 1, 0, 1, 2 ]
[ 1, 0, 7, -3, 1, 0, 0, 0, 19 ]
[ 3, 0, 2, -3, 1, 0, 1, 0, 7 ]
[ 1, 0, 7, 0, 1, 2, 0, 0, 19 ]
[ 3, -1, 0, 1, 0, 7, 0, 0, 19 ]
[ 3, -1, 0, 0, 1, 2, 1, 0, 7 ]
[ 19, 0, 0, 5, 1, 0, -8, 0, 1 ]
[ 1, 4, 0, 0, 19, 0, 0, -6, 1 ]
[ 5, 1, 0, 1, 4, 0, 2, 2, 1 ]
[ 8, 0, -1, 5, 1, 0, 3, 0, 2 ]
[ 1, 4, 0, 0, 1, 3, 0, 0, 19 ]
[ -1, -4, 0, 0, -6, 1, 0, 1, 3 ]
[ 0, -1, -3, 1, 4, 0, 0, 0, 19 ]
[ 2, 2, 1, 1, 4, 0, 0, 1, 3 ]
[ 5, 1, 0, 2, 2, 1, -2, -1, 2 ]
[ 1, 0, 7, 5, 1, 0, 0, 0, 19 ]
[ 3, 0, 2, 5, 1, 0, 1, 0, 7 ]
[ 1, 1, 10, 0, 1, 3, 0, 0, 19 ]
[ 2, 2, 1, 0, 1, 3, 1, 1, 10 ]
[ 2, 1, -2, 1, 1, 10, 0, 0, 19 ]
[ 2, 1, -2, 2, 2, 1, 1, 1, 10 ]
[ -1, 0, -7, -2, -1, 2, 0, 0, 19 ]
[ -5, -1, 0, 1, 0, 7, 0, 0, 19 ]
[ -5, -1, 0, -2, -1, 2, 1, 0, 7 ]
[ 19, 0, 0, -6, 1, 0, -8, 0, 1 ]
[ 1, 3, 0, 0, 19, 0, 0, 5, 1 ]
[ 6, -1, 0, 1, 3, 0, -2, -1, 1 ]
[ 8, 0, -1, -6, 1, 0, 3, 0, 2 ]
[ 1, 3, 0, 0, 1, 4, 0, 0, 19 ]
[ 1, 3, 0, 0, 5, 1, 0, 1, 4 ]
[ 0, -1, -4, 1, 3, 0, 0, 0, 19 ]
[ 2, 1, -1, 1, 3, 0, 0, 1, 4 ]
[ -6, 1, 0, -2, -1, 1, 3, 0, 2 ]
[ 1, 0, 7, -6, 1, 0, 0, 0, 19 ]
[ 3, 0, 2, -6, 1, 0, 1, 0, 7 ]
[ 1, 0, -12, 0, 1, 4, 0, 0, 19 ]
[ 2, 1, -1, -1, 0, 12, 0, 0, 19 ]
[ 2, 1, -1, 0, 1, 4, -1, 0, 12 ]
[ -1, 0, -7, -2, -1, 1, 0, 0, 19 ]
[ -3, 0, -2, -2, -1, 1, 1, 0, 7 ]
[ 6, -1, 0, 1, 0, 7, 0, 0, 19 ]
[ 6, -1, 0, 3, 0, 2, 1, 0, 7 ]
[ 19, 0, 0, 2, 1, 0, -8, 0, 1 ]
[ 1, 10, 0, 0, 19, 0, 0, 4, 1 ]
[ 2, 1, 0, 1, 10, 0, 0, 4, 1 ]
[ 8, 0, -1, 2, 1, 0, 3, 0, 2 ]
[ 1, 10, 0, 0, 1, 5, 0, 0, 19 ]
[ 1, 10, 0, 0, 4, 1, 0, 1, 5 ]
[ 0, -1, -5, 1, 10, 0, 0, 0, 19 ]
[ 0, -4, -1, 1, 10, 0, 0, 1, 5 ]
[ 2, 1, 0, 0, 4, 1, 1, -1, 2 ]
[ 1, 0, 7, 2, 1, 0, 0, 0, 19 ]
[ 3, 0, 2, 2, 1, 0, 1, 0, 7 ]
[ 1, -1, 2, 0, 1, 5, 0, 0, 19 ]
[ 1, -1, 2, 0, 4, 1, 0, 1, 5 ]
[ -1, 0, -7, 1, -1, 2, 0, 0, 19 ]
[ -2, -1, 0, 1, 0, 7, 0, 0, 19 ]
[ -2, -1, 0, 1, -1, 2, 1, 0, 7 ]
[ 19, 0, 0, -9, 1, 0, -8, 0, 1 ]
[ 1, 2, 0, 0, 19, 0, 0, -3, 1 ]
[ 9, -1, 0, 1, 2, 0, 1, -1, 1 ]
[ 8, 0, -1, -9, 1, 0, 3, 0, 2 ]
[ 1, 2, 0, 0, 1, 6, 0, 0, 19 ]
[ -1, -2, 0, 0, -3, 1, 0, 1, 6 ]
[ 0, -1, -6, 1, 2, 0, 0, 0, 19 ]
[ 1, -1, 1, 0, 1, 6, 0, 0, 19 ]
[ 1, -1, 1, 1, 2, 0, 0, 1, 6 ]
[ -9, 1, 0, 1, -1, 1, 3, 0, 2 ]
[ 1, 0, 7, -9, 1, 0, 0, 0, 19 ]
[ 3, 0, 2, -9, 1, 0, 1, 0, 7 ]
[ -1, 0, -7, 1, -1, 1, 0, 0, 19 ]
[ -3, 0, -2, 1, -1, 1, 1, 0, 7 ]
[ 9, -1, 0, 1, 0, 7, 0, 0, 19 ]
[ 9, -1, 0, 3, 0, 2, 1, 0, 7 ]
[ 1, -1, 0, 0, 19, 0, 0, -8, 1 ]
[ 19, 0, 0, -1, 1, 0, -8, 0, 1 ]
[ -1, 1, 0, 0, -8, 1, 0, 3, 2 ]
[ 8, 0, -1, -1, 1, 0, 3, 0, 2 ]
[ 1, -1, 0, 0, 1, 7, 0, 0, 19 ]
[ 1, -1, 0, 0, 3, 2, 0, 1, 7 ]
[ 1, 0, 7, -1, 1, 0, 0, 0, 19 ]
[ 3, 0, 2, -1, 1, 0, 1, 0, 7 ]
[ 19, 0, 0, 7, 1, 0, -8, 0, 1 ]
[ 7, 1, 0, 2, 3, 0, -1, 1, 1 ]
[ 8, 0, -1, 7, 1, 0, 3, 0, 2 ]
[ 1, 11, 0, 0, 19, 0, 0, -7, 1 ]
[ 2, 3, 0, 1, 11, 0, 1, 4, 1 ]
[ 1, 1, -4, 2, 3, 0, 0, 0, 19 ]
[ 1, -1, -1, 2, 3, 0, -1, -1, 4 ]
[ 7, 1, 0, -1, 1, 1, 3, 0, 2 ]
[ 1, 0, 7, 7, 1, 0, 0, 0, 19 ]
[ 3, 0, 2, 7, 1, 0, 1, 0, 7 ]
[ -1, -11, 0, 0, -7, 1, 0, -2, 3 ]
[ 1, 4, 1, 1, 11, 0, 0, -2, 3 ]
[ 2, 3, 0, 1, 2, 4, 0, 0, 19 ]
[ 2, 3, 0, 1, 4, 1, 1, 2, 4 ]
[ -1, 0, 12, -1, -1, 4, 0, 0, 19 ]
[ -1, 1, 1, -1, 0, 12, 0, 0, 19 ]
[ -1, 1, 1, -1, -1, 4, -1, 0, 12 ]
[ 1, 0, 7, -1, 1, 1, 0, 0, 19 ]
[ 3, 0, 2, -1, 1, 1, 1, 0, 7 ]
[ -7, -1, 0, 1, 0, 7, 0, 0, 19 ]
[ -7, -1, 0, 3, 0, 2, 1, 0, 7 ]
[ -1, -11, 0, 0, -1, 11, 0, 0, 19 ]
[ -1, -11, 0, 0, -2, 3, 0, -1, 11 ]
[ 0, -1, 11, 1, 11, 0, 0, 0, 19 ]
[ 0, -2, 3, 1, 11, 0, 0, -1, 11 ]
[ -1, -4, -1, 0, -1, 11, 0, 0, 19 ]
[ -1, -4, -1, 0, -2, 3, 0, -1, 11 ]
[ 1, 3, 12, 1, 4, 1, 0, 0, 19 ]
[ 1, 2, 4, 1, 3, 12, 0, 0, 19 ]
[ 1, 2, 4, 1, 4, 1, 1, 3, 12 ]
[ 19, 0, 0, -4, 1, 0, -8, 0, 1 ]
[ 1, -5, 0, 0, 19, 0, 0, -2, 1 ]
[ 4, -1, 0, -1, 5, 0, 0, -2, 1 ]
[ 8, 0, -1, -4, 1, 0, 3, 0, 2 ]
[ -1, 5, 0, 0, -1, 10, 0, 0, 19 ]
[ -1, 5, 0, 0, -2, 1, 0, -1, 10 ]
[ 0, 1, -10, -1, 5, 0, 0, 0, 19 ]
[ 0, 2, -1, -1, 5, 0, 0, -1, 10 ]
[ -4, 1, 0, 0, -2, 1, -1, 1, 2 ]
[ 1, 0, 7, -4, 1, 0, 0, 0, 19 ]
[ 3, 0, 2, -4, 1, 0, 1, 0, 7 ]
[ -1, 1, 2, 0, -1, 10, 0, 0, 19 ]
[ -1, 1, 2, 0, -2, 1, 0, -1, 10 ]
[ 1, 0, 7, -1, 1, 2, 0, 0, 19 ]
[ 4, -1, 0, 1, 0, 7, 0, 0, 19 ]
[ 4, -1, 0, -1, 1, 2, 1, 0, 7 ]
[ 19, 0, 0, 4, 1, 0, -8, 0, 1 ]
[ 1, 5, 0, 0, 19, 0, 0, 2, 1 ]
[ 4, 1, 0, 1, 5, 0, 0, 2, 1 ]
[ 8, 0, -1, 4, 1, 0, 3, 0, 2 ]
[ 1, 5, 0, 0, 1, 10, 0, 0, 19 ]
[ 1, 5, 0, 0, 2, 1, 0, 1, 10 ]
[ 0, -1, -10, 1, 5, 0, 0, 0, 19 ]
[ 0, -2, -1, 1, 5, 0, 0, 1, 10 ]
[ 4, 1, 0, 0, 2, 1, -1, -1, 2 ]
[ 1, 0, 7, 4, 1, 0, 0, 0, 19 ]
[ 3, 0, 2, 4, 1, 0, 1, 0, 7 ]
[ 1, 1, -2, 0, 1, 10, 0, 0, 19 ]
[ 1, 1, -2, 0, 2, 1, 0, 1, 10 ]
[ -1, 0, -7, -1, -1, 2, 0, 0, 19 ]
[ -4, -1, 0, 1, 0, 7, 0, 0, 19 ]
[ -4, -1, 0, -1, -1, 2, 1, 0, 7 ]
[ 19, 0, 0, -7, 1, 0, -8, 0, 1 ]
[ 7, -1, 0, -2, 3, 0, -1, -1, 1 ]
[ 8, 0, -1, -7, 1, 0, 3, 0, 2 ]
[ 1, -11, 0, 0, 19, 0, 0, 7, 1 ]
[ 2, -3, 0, -1, 11, 0, 1, -4, 1 ]
[ 1, -1, -4, -2, 3, 0, 0, 0, 19 ]
[ 1, 1, -1, -2, 3, 0, -1, 1, 4 ]
[ -7, 1, 0, -1, -1, 1, 3, 0, 2 ]
[ 1, 0, 7, -7, 1, 0, 0, 0, 19 ]
[ 3, 0, 2, -7, 1, 0, 1, 0, 7 ]
[ 1, -11, 0, 0, 7, 1, 0, 2, 3 ]
[ 1, -4, 1, -1, 11, 0, 0, 2, 3 ]
[ -2, 3, 0, 1, -2, 4, 0, 0, 19 ]
[ -2, 3, 0, 1, -4, 1, 1, -2, 4 ]
[ 1, 0, -12, -1, 1, 4, 0, 0, 19 ]
[ 1, 1, -1, -1, 0, 12, 0, 0, 19 ]
[ 1, 1, -1, -1, 1, 4, -1, 0, 12 ]
[ -1, 0, -7, -1, -1, 1, 0, 0, 19 ]
[ -3, 0, -2, -1, -1, 1, 1, 0, 7 ]
[ 7, -1, 0, 1, 0, 7, 0, 0, 19 ]
[ 7, -1, 0, 3, 0, 2, 1, 0, 7 ]
[ 1, -11, 0, 0, 1, 11, 0, 0, 19 ]
[ 1, -11, 0, 0, 2, 3, 0, 1, 11 ]
[ 0, 1, 11, -1, 11, 0, 0, 0, 19 ]
[ 0, 2, 3, -1, 11, 0, 0, 1, 11 ]
[ 1, -4, 1, 0, 1, 11, 0, 0, 19 ]
[ 1, -4, 1, 0, 2, 3, 0, 1, 11 ]
[ -1, 3, -12, 1, -4, 1, 0, 0, 19 ]
[ -1, 2, -4, 1, -3, 12, 0, 0, 19 ]
[ -1, 2, -4, 1, -4, 1, 1, -3, 12 ]
[ 1, 1, 0, 0, 19, 0, 0, 8, 1 ]
[ 19, 0, 0, 1, 1, 0, -8, 0, 1 ]
[ 1, 1, 0, 0, 8, 1, 0, -3, 2 ]
[ 8, 0, -1, 1, 1, 0, 3, 0, 2 ]
[ -1, -1, 0, 0, -1, 7, 0, 0, 19 ]
[ -1, -1, 0, 0, -3, 2, 0, -1, 7 ]
[ 1, 0, 7, 1, 1, 0, 0, 0, 19 ]
[ 3, 0, 2, 1, 1, 0, 1, 0, 7 ]
[ 19, 0, 0, 9, 1, 0, -8, 0, 1 ]
[ 1, -2, 0, 0, 19, 0, 0, 3, 1 ]
[ 9, 1, 0, -1, 2, 0, 1, 1, 1 ]
[ 8, 0, -1, 9, 1, 0, 3, 0, 2 ]
[ -1, 2, 0, 0, -1, 6, 0, 0, 19 ]
[ 1, -2, 0, 0, 3, 1, 0, -1, 6 ]
[ 0, 1, -6, -1, 2, 0, 0, 0, 19 ]
[ -1, -1, -1, 0, -1, 6, 0, 0, 19 ]
[ 1, 1, 1, -1, 2, 0, 0, -1, 6 ]
[ 9, 1, 0, 1, 1, 1, 3, 0, 2 ]
[ 1, 0, 7, 9, 1, 0, 0, 0, 19 ]
[ 3, 0, 2, 9, 1, 0, 1, 0, 7 ]
[ 1, 0, 7, 1, 1, 1, 0, 0, 19 ]
[ 3, 0, 2, 1, 1, 1, 1, 0, 7 ]
[ -9, -1, 0, 1, 0, 7, 0, 0, 19 ]
[ -9, -1, 0, 3, 0, 2, 1, 0, 7 ]
[ 19, 0, 0, -2, 1, 0, -8, 0, 1 ]
[ 1, -10, 0, 0, 19, 0, 0, -4, 1 ]
[ 2, -1, 0, -1, 10, 0, 0, -4, 1 ]
[ 8, 0, -1, -2, 1, 0, 3, 0, 2 ]
[ -1, 10, 0, 0, -1, 5, 0, 0, 19 ]
[ -1, 10, 0, 0, -4, 1, 0, -1, 5 ]
[ 0, 1, -5, -1, 10, 0, 0, 0, 19 ]
[ 0, 4, -1, -1, 10, 0, 0, -1, 5 ]
[ -2, 1, 0, 0, -4, 1, -1, 2, 2 ]
[ 1, 0, 7, -2, 1, 0, 0, 0, 19 ]
[ 3, 0, 2, -2, 1, 0, 1, 0, 7 ]
[ -1, 2, 2, 0, -1, 5, 0, 0, 19 ]
[ -1, 2, 2, 0, -4, 1, 0, -1, 5 ]
[ 1, -1, -7, -1, 2, 2, 0, 0, 19 ]
[ 2, -1, 0, -1, 1, 7, 0, 0, 19 ]
[ 2, -1, 0, -1, 2, 2, -1, 1, 7 ]
[ 19, 0, 0, 6, 1, 0, -8, 0, 1 ]
[ 1, -3, 0, 0, 19, 0, 0, -5, 1 ]
[ 6, 1, 0, -1, 3, 0, -2, 1, 1 ]
[ 8, 0, -1, 6, 1, 0, 3, 0, 2 ]
[ -1, 3, 0, 0, -1, 4, 0, 0, 19 ]
[ -1, 3, 0, 0, -5, 1, 0, -1, 4 ]
[ 0, 1, -4, -1, 3, 0, 0, 0, 19 ]
[ 2, -1, -1, -1, 3, 0, 0, -1, 4 ]
[ 6, 1, 0, -2, 1, 1, 3, 0, 2 ]
[ 1, 0, 7, 6, 1, 0, 0, 0, 19 ]
[ 3, 0, 2, 6, 1, 0, 1, 0, 7 ]
[ -1, 0, 12, 0, -1, 4, 0, 0, 19 ]
[ -2, 1, 1, -1, 0, 12, 0, 0, 19 ]
[ -2, 1, 1, 0, -1, 4, -1, 0, 12 ]
[ 1, 0, 7, -2, 1, 1, 0, 0, 19 ]
[ 3, 0, 2, -2, 1, 1, 1, 0, 7 ]
[ -6, -1, 0, 1, 0, 7, 0, 0, 19 ]
[ -6, -1, 0, 3, 0, 2, 1, 0, 7 ]
[ 19, 0, 0, -5, 1, 0, -8, 0, 1 ]
[ 1, -4, 0, 0, 19, 0, 0, 6, 1 ]
[ 5, -1, 0, -1, 4, 0, 2, -2, 1 ]
[ 8, 0, -1, -5, 1, 0, 3, 0, 2 ]
[ -1, 4, 0, 0, -1, 3, 0, 0, 19 ]
[ 1, -4, 0, 0, 6, 1, 0, -1, 3 ]
[ 0, 1, -3, -1, 4, 0, 0, 0, 19 ]
[ 2, -2, 1, -1, 4, 0, 0, -1, 3 ]
[ -5, 1, 0, 2, -2, 1, -2, 1, 2 ]
[ 1, 0, 7, -5, 1, 0, 0, 0, 19 ]
[ 3, 0, 2, -5, 1, 0, 1, 0, 7 ]
[ -1, 1, -10, 0, -1, 3, 0, 0, 19 ]
[ -2, 2, -1, 0, -1, 3, 1, -1, 10 ]
[ -2, 1, 2, 1, -1, 10, 0, 0, 19 ]
[ -2, 1, 2, 2, -2, 1, 1, -1, 10 ]
[ 1, 0, 7, -2, 1, 2, 0, 0, 19 ]
[ 5, -1, 0, 1, 0, 7, 0, 0, 19 ]
[ 5, -1, 0, -2, 1, 2, 1, 0, 7 ]
[ 19, 0, 0, 3, 1, 0, -8, 0, 1 ]
[ 1, -6, 0, 0, 19, 0, 0, 9, 1 ]
[ 3, 1, 0, -1, 6, 0, 1, 3, 1 ]
[ 8, 0, -1, 3, 1, 0, 3, 0, 2 ]
[ -1, 6, 0, 0, -1, 2, 0, 0, 19 ]
[ 1, -6, 0, 0, 9, 1, 0, -1, 2 ]
[ 0, 1, -2, -1, 6, 0, 0, 0, 19 ]
[ -1, -3, -1, 0, -1, 2, 0, 0, 19 ]
[ 1, 3, 1, -1, 6, 0, 0, -1, 2 ]
[ 0, -1, 2, 1, 3, 1, 0, 0, 19 ]
[ 3, 1, 0, 1, 3, 1, 0, -1, 2 ]
[ 1, 0, 7, 3, 1, 0, 0, 0, 19 ]
[ 3, 0, 2, 3, 1, 0, 1, 0, 7 ]
[ -1, 0, -7, 0, -1, 2, 0, 0, 19 ]
[ -3, -1, 0, 1, 0, 7, 0, 0, 19 ]
[ -3, -1, 0, 0, -1, 2, 1, 0, 7 ]
[ 19, 0, 0, -8, 1, 0, -8, 0, 1 ]
[ 8, -1, 0, 3, 2, 0, 0, -1, 1 ]
[ 8, 0, -1, -8, 1, 0, 3, 0, 2 ]
[ -1, -7, 0, 0, -1, 1, 0, 0, 19 ]
[ 1, 7, 0, 0, 19, 0, 0, -1, 1 ]
[ 0, -1, 1, 1, 7, 0, 0, 0, 19 ]
[ 3, 2, 0, 1, 7, 0, 0, -1, 1 ]
[ -1, -1, -6, 3, 2, 0, 0, 0, 19 ]
[ 0, -1, 1, 1, 1, 6, 0, 0, 19 ]
[ 0, -1, 1, 3, 2, 0, 1, 1, 6 ]
[ -8, 1, 0, 0, -1, 1, 3, 0, 2 ]
[ 1, 0, 7, -8, 1, 0, 0, 0, 19 ]
[ 3, 0, 2, -8, 1, 0, 1, 0, 7 ]
[ -1, -1, -6, 0, -1, 1, 0, 0, 19 ]
[ 3, 2, 0, 1, 1, 6, 0, 0, 19 ]
[ -3, -2, 0, 0, -1, 1, 1, 1, 6 ]
[ -1, 0, -7, 0, -1, 1, 0, 0, 19 ]
[ -3, 0, -2, 0, -1, 1, 1, 0, 7 ]
[ 8, -1, 0, 1, 0, 7, 0, 0, 19 ]
[ 8, -1, 0, 3, 0, 2, 1, 0, 7 ]
[ 19, 0, 0, 0, 1, 0, -7, 0, 1 ]
[ 7, 0, -1, 0, 1, 0, -2, 0, 3 ]
[ 1, 0, -11, 0, 1, 0, 0, 0, 19 ]
[ 2, 0, -3, 0, 1, 0, -1, 0, 11 ]
[ 19, 0, 0, 7, 1, 0, -7, 0, 1 ]
[ 7, 1, 0, 2, 3, 0, 0, 1, 1 ]
[ 7, 0, -1, 7, 1, 0, -2, 0, 3 ]
[ 1, 11, 0, 0, 1, 1, 0, 0, 19 ]
[ 1, 11, 0, 0, 19, 0, 0, 1, 1 ]
[ 0, -1, -1, 1, 11, 0, 0, 0, 19 ]
[ 2, 3, 0, 1, 11, 0, 0, 1, 1 ]
[ -1, -2, -10, 2, 3, 0, 0, 0, 19 ]
[ 0, -1, -1, 1, 2, 10, 0, 0, 19 ]
[ 0, -1, -1, 2, 3, 0, 1, 2, 10 ]
[ 7, 1, 0, 0, 1, 1, -2, 0, 3 ]
[ 1, 0, -11, 7, 1, 0, 0, 0, 19 ]
[ 2, 0, -3, 7, 1, 0, -1, 0, 11 ]
[ 1, 2, 10, 0, 1, 1, 0, 0, 19 ]
[ 2, 3, 0, 1, 2, 10, 0, 0, 19 ]
[ 2, 3, 0, 0, 1, 1, 1, 2, 10 ]
[ 1, 0, -11, 0, 1, 1, 0, 0, 19 ]
[ 2, 0, -3, 0, 1, 1, -1, 0, 11 ]
[ 7, 1, 0, -1, 0, 11, 0, 0, 19 ]
[ 7, 1, 0, -2, 0, 3, -1, 0, 11 ]
[ 19, 0, 0, -5, 1, 0, -7, 0, 1 ]
[ 1, -4, 0, 0, 19, 0, 0, -9, 1 ]
[ 5, -1, 0, -1, 4, 0, -2, -1, 1 ]
[ 7, 0, -1, -5, 1, 0, -2, 0, 3 ]
[ 1, -4, 0, 0, 1, 2, 0, 0, 19 ]
[ -1, 4, 0, 0, -9, 1, 0, 1, 2 ]
[ 0, 1, 2, -1, 4, 0, 0, 0, 19 ]
[ 2, 1, -1, -1, 4, 0, 0, 1, 2 ]
[ -5, 1, 0, -2, -1, 1, -2, 0, 3 ]
[ 1, 0, -11, -5, 1, 0, 0, 0, 19 ]
[ 2, 0, -3, -5, 1, 0, -1, 0, 11 ]
[ 1, 0, -11, 0, 1, 2, 0, 0, 19 ]
[ 2, 1, -1, -1, 0, 11, 0, 0, 19 ]
[ 2, 1, -1, 0, 1, 2, -1, 0, 11 ]
[ -1, 0, 11, -2, -1, 1, 0, 0, 19 ]
[ -2, 0, 3, -2, -1, 1, -1, 0, 11 ]
[ -5, 1, 0, -1, 0, 11, 0, 0, 19 ]
[ -5, 1, 0, -2, 0, 3, -1, 0, 11 ]
[ 19, 0, 0, 2, 1, 0, -7, 0, 1 ]
[ 1, 10, 0, 0, 19, 0, 0, -6, 1 ]
[ 2, 1, 0, 1, 10, 0, 1, 4, 1 ]
[ 7, 0, -1, 2, 1, 0, -2, 0, 3 ]
[ 1, 10, 0, 0, 1, 3, 0, 0, 19 ]
[ -1, -10, 0, 0, -6, 1, 0, 1, 3 ]
[ 0, -1, -3, 1, 10, 0, 0, 0, 19 ]
[ 1, 4, 1, 0, 1, 3, 0, 0, 19 ]
[ 1, 4, 1, 1, 10, 0, 0, 1, 3 ]
[ 0, -1, -3, 1, 4, 1, 0, 0, 19 ]
[ 2, 1, 0, 1, 4, 1, 0, 1, 3 ]
[ 1, 0, -11, 2, 1, 0, 0, 0, 19 ]
[ 2, 0, -3, 2, 1, 0, -1, 0, 11 ]
[ 1, 1, 11, 0, 1, 3, 0, 0, 19 ]
[ 2, 1, 0, 1, 1, 11, 0, 0, 19 ]
[ 2, 1, 0, 0, 1, 3, 1, 1, 11 ]
[ 19, 0, 0, 9, 1, 0, -7, 0, 1 ]
[ 1, -2, 0, 0, 19, 0, 0, 5, 1 ]
[ 9, 1, 0, -1, 2, 0, 2, 1, 1 ]
[ 7, 0, -1, 9, 1, 0, -2, 0, 3 ]
[ 1, -2, 0, 0, 1, 4, 0, 0, 19 ]
[ 1, -2, 0, 0, 5, 1, 0, 1, 4 ]
[ 0, 1, 4, -1, 2, 0, 0, 0, 19 ]
[ 2, 1, 1, -1, 2, 0, 0, 1, 4 ]
[ 9, 1, 0, 2, 1, 1, -2, 0, 3 ]
[ 1, 0, -11, 9, 1, 0, 0, 0, 19 ]
[ 2, 0, -3, 9, 1, 0, -1, 0, 11 ]
[ 1, 1, 12, 0, 1, 4, 0, 0, 19 ]
[ 2, 1, 1, 1, 1, 12, 0, 0, 19 ]
[ 2, 1, 1, 0, 1, 4, 1, 1, 12 ]
[ 1, 0, -11, 2, 1, 1, 0, 0, 19 ]
[ 2, 0, -3, 2, 1, 1, -1, 0, 11 ]
[ 9, 1, 0, -1, 0, 11, 0, 0, 19 ]
[ 9, 1, 0, -2, 0, 3, -1, 0, 11 ]
[ 19, 0, 0, -3, 1, 0, -7, 0, 1 ]
[ 1, 6, 0, 0, 19, 0, 0, 4, 1 ]
[ 3, -1, 0, 1, 6, 0, -1, -2, 1 ]
[ 7, 0, -1, -3, 1, 0, -2, 0, 3 ]
[ 1, 6, 0, 0, 1, 5, 0, 0, 19 ]
[ 1, 6, 0, 0, 4, 1, 0, 1, 5 ]
[ 0, -1, -5, 1, 6, 0, 0, 0, 19 ]
[ 1, 2, -1, 0, 1, 5, 0, 0, 19 ]
[ 1, 2, -1, 1, 6, 0, 0, 1, 5 ]
[ -3, 1, 0, -1, -2, 1, 1, -1, 3 ]
[ 1, 0, -11, -3, 1, 0, 0, 0, 19 ]
[ 2, 0, -3, -3, 1, 0, -1, 0, 11 ]
[ 0, 1, 5, -1, -2, 1, 0, 0, 19 ]
[ 1, -1, 3, 0, 1, 5, 0, 0, 19 ]
[ -1, 1, -3, -1, -2, 1, 0, 1, 5 ]
[ -1, 0, 11, 1, -1, 3, 0, 0, 19 ]
[ -3, 1, 0, -1, 0, 11, 0, 0, 19 ]
[ -3, 1, 0, 1, -1, 3, -1, 0, 11 ]
[ 19, 0, 0, 4, 1, 0, -7, 0, 1 ]
[ 1, 5, 0, 0, 19, 0, 0, -3, 1 ]
[ 4, 1, 0, 1, 5, 0, 1, 2, 1 ]
[ 7, 0, -1, 4, 1, 0, -2, 0, 3 ]
[ 1, 5, 0, 0, 1, 6, 0, 0, 19 ]
[ -1, -5, 0, 0, -3, 1, 0, 1, 6 ]
[ 0, -1, -6, 1, 5, 0, 0, 0, 19 ]
[ 1, 2, 1, 0, 1, 6, 0, 0, 19 ]
[ 1, 2, 1, 1, 5, 0, 0, 1, 6 ]
[ 4, 1, 0, 1, 2, 1, 2, 1, 3 ]
[ 1, 0, -11, 4, 1, 0, 0, 0, 19 ]
[ 2, 0, -3, 4, 1, 0, -1, 0, 11 ]
[ 1, 1, -5, 1, 2, 1, 0, 0, 19 ]
[ -2, -1, -3, -1, -1, 5, 0, 0, 19 ]
[ 2, 1, 3, 1, 2, 1, -1, -1, 5 ]
[ 3, 1, 11, 2, 1, 3, 0, 0, 19 ]
[ 4, 1, 0, 3, 1, 11, 0, 0, 19 ]
[ 4, 1, 0, 2, 1, 3, 3, 1, 11 ]
[ 19, 0, 0, -8, 1, 0, -7, 0, 1 ]
[ 8, -1, 0, 3, 2, 0, 1, -1, 1 ]
[ 7, 0, -1, -8, 1, 0, -2, 0, 3 ]
[ 1, 7, 0, 0, 19, 0, 0, -8, 1 ]
[ 3, 2, 0, 1, 7, 0, 1, -1, 1 ]
[ -1, -1, 4, 3, 2, 0, 0, 0, 19 ]
[ 1, -1, 1, 3, 2, 0, -1, -1, 4 ]
[ -8, 1, 0, 1, -1, 1, -2, 0, 3 ]
[ 1, 0, -11, -8, 1, 0, 0, 0, 19 ]
[ 2, 0, -3, -8, 1, 0, -1, 0, 11 ]
[ -1, -7, 0, 0, -8, 1, 0, 3, 2 ]
[ 1, -1, 1, 1, 7, 0, 0, 3, 2 ]
[ -3, -2, 0, -1, -1, 4, 0, 0, 19 ]
[ -3, -2, 0, 1, -1, 1, -1, -1, 4 ]
[ 0, 1, -12, -1, -1, 4, 0, 0, 19 ]
[ -1, 1, -1, 0, -1, 12, 0, 0, 19 ]
[ -1, 1, -1, -1, -1, 4, 0, -1, 12 ]
[ -1, 0, 11, 1, -1, 1, 0, 0, 19 ]
[ -2, 0, 3, 1, -1, 1, -1, 0, 11 ]
[ -8, 1, 0, -1, 0, 11, 0, 0, 19 ]
[ -8, 1, 0, -2, 0, 3, -1, 0, 11 ]
[ 1, 7, 0, 0, 1, 7, 0, 0, 19 ]
[ 1, 7, 0, 0, 3, 2, 0, 1, 7 ]
[ 0, -1, -7, 1, 7, 0, 0, 0, 19 ]
[ 0, -3, -2, 1, 7, 0, 0, 1, 7 ]
[ 1, -1, 1, 0, 1, 7, 0, 0, 19 ]
[ 1, -1, 1, 0, 3, 2, 0, 1, 7 ]
[ 0, -1, 12, 1, -1, 1, 0, 0, 19 ]
[ -1, -1, 4, 0, -1, 12, 0, 0, 19 ]
[ -1, -1, 4, 1, -1, 1, 0, -1, 12 ]
[ 1, -1, 0, 0, 19, 0, 0, -7, 1 ]
[ 19, 0, 0, -1, 1, 0, -7, 0, 1 ]
[ -1, 1, 0, 0, -7, 1, 0, -2, 3 ]
[ 7, 0, -1, -1, 1, 0, -2, 0, 3 ]
[ -1, 1, 0, 0, -1, 11, 0, 0, 19 ]
[ -1, 1, 0, 0, -2, 3, 0, -1, 11 ]
[ 1, 0, -11, -1, 1, 0, 0, 0, 19 ]
[ 2, 0, -3, -1, 1, 0, -1, 0, 11 ]
[ 19, 0, 0, 6, 1, 0, -7, 0, 1 ]
[ 1, -3, 0, 0, 19, 0, 0, -2, 1 ]
[ 6, 1, 0, -1, 3, 0, -1, 1, 1 ]
[ 7, 0, -1, 6, 1, 0, -2, 0, 3 ]
[ -1, 3, 0, 0, -1, 10, 0, 0, 19 ]
[ -1, 3, 0, 0, -2, 1, 0, -1, 10 ]
[ 1, -2, -10, -1, 3, 0, 0, 0, 19 ]
[ 1, -1, -1, -1, 2, 10, 0, 0, 19 ]
[ 1, -1, -1, -1, 3, 0, -1, 2, 10 ]
[ 6, 1, 0, -1, 1, 1, -2, 0, 3 ]
[ 1, 0, -11, 6, 1, 0, 0, 0, 19 ]
[ 2, 0, -3, 6, 1, 0, -1, 0, 11 ]
[ 1, 0, -11, -1, 1, 1, 0, 0, 19 ]
[ 2, 0, -3, -1, 1, 1, -1, 0, 11 ]
[ 6, 1, 0, -1, 0, 11, 0, 0, 19 ]
[ 6, 1, 0, -2, 0, 3, -1, 0, 11 ]
[ 19, 0, 0, -6, 1, 0, -7, 0, 1 ]
[ 1, 3, 0, 0, 19, 0, 0, 2, 1 ]
[ 6, -1, 0, 1, 3, 0, -1, -1, 1 ]
[ 7, 0, -1, -6, 1, 0, -2, 0, 3 ]
[ 1, 3, 0, 0, 1, 10, 0, 0, 19 ]
[ 1, 3, 0, 0, 2, 1, 0, 1, 10 ]
[ 0, -1, -10, 1, 3, 0, 0, 0, 19 ]
[ 1, 1, -1, 0, 1, 10, 0, 0, 19 ]
[ 1, 1, -1, 1, 3, 0, 0, 1, 10 ]
[ -6, 1, 0, -1, -1, 1, -2, 0, 3 ]
[ 1, 0, -11, -6, 1, 0, 0, 0, 19 ]
[ 2, 0, -3, -6, 1, 0, -1, 0, 11 ]
[ -1, 0, 11, -1, -1, 1, 0, 0, 19 ]
[ -2, 0, 3, -1, -1, 1, -1, 0, 11 ]
[ -6, 1, 0, -1, 0, 11, 0, 0, 19 ]
[ -6, 1, 0, -2, 0, 3, -1, 0, 11 ]
[ 1, 1, 0, 0, 19, 0, 0, 7, 1 ]
[ 19, 0, 0, 1, 1, 0, -7, 0, 1 ]
[ 1, 1, 0, 0, 7, 1, 0, 2, 3 ]
[ 7, 0, -1, 1, 1, 0, -2, 0, 3 ]
[ 1, 1, 0, 0, 1, 11, 0, 0, 19 ]
[ 1, 1, 0, 0, 2, 3, 0, 1, 11 ]
[ 1, 0, -11, 1, 1, 0, 0, 0, 19 ]
[ 2, 0, -3, 1, 1, 0, -1, 0, 11 ]
[ 19, 0, 0, 8, 1, 0, -7, 0, 1 ]
[ 8, 1, 0, -3, 2, 0, 1, 1, 1 ]
[ 7, 0, -1, 8, 1, 0, -2, 0, 3 ]
[ 1, -7, 0, 0, 19, 0, 0, 8, 1 ]
[ 3, -2, 0, -1, 7, 0, 1, 1, 1 ]
[ -1, 1, 4, -3, 2, 0, 0, 0, 19 ]
[ 1, 1, 1, -3, 2, 0, -1, 1, 4 ]
[ 8, 1, 0, 1, 1, 1, -2, 0, 3 ]
[ 1, 0, -11, 8, 1, 0, 0, 0, 19 ]
[ 2, 0, -3, 8, 1, 0, -1, 0, 11 ]
[ 1, -7, 0, 0, 8, 1, 0, -3, 2 ]
[ 1, 1, 1, -1, 7, 0, 0, -3, 2 ]
[ 3, -2, 0, -1, 1, 4, 0, 0, 19 ]
[ 3, -2, 0, 1, 1, 1, -1, 1, 4 ]
[ 0, 1, 12, -1, 1, 4, 0, 0, 19 ]
[ 1, 1, 1, 0, 1, 12, 0, 0, 19 ]
[ 1, 1, 1, -1, 1, 4, 0, 1, 12 ]
[ 1, 0, -11, 1, 1, 1, 0, 0, 19 ]
[ 2, 0, -3, 1, 1, 1, -1, 0, 11 ]
[ 8, 1, 0, -1, 0, 11, 0, 0, 19 ]
[ 8, 1, 0, -2, 0, 3, -1, 0, 11 ]
[ -1, 7, 0, 0, -1, 7, 0, 0, 19 ]
[ -1, 7, 0, 0, -3, 2, 0, -1, 7 ]
[ 0, 1, -7, -1, 7, 0, 0, 0, 19 ]
[ 0, 3, -2, -1, 7, 0, 0, -1, 7 ]
[ -1, -1, -1, 0, -1, 7, 0, 0, 19 ]
[ -1, -1, -1, 0, -3, 2, 0, -1, 7 ]
[ 0, -1, -12, 1, 1, 1, 0, 0, 19 ]
[ 1, -1, -4, 0, 1, 12, 0, 0, 19 ]
[ 1, -1, -4, 1, 1, 1, 0, 1, 12 ]
[ 19, 0, 0, -4, 1, 0, -7, 0, 1 ]
[ 1, -5, 0, 0, 19, 0, 0, 3, 1 ]
[ 4, -1, 0, -1, 5, 0, 1, -2, 1 ]
[ 7, 0, -1, -4, 1, 0, -2, 0, 3 ]
[ -1, 5, 0, 0, -1, 6, 0, 0, 19 ]
[ 1, -5, 0, 0, 3, 1, 0, -1, 6 ]
[ 0, 1, -6, -1, 5, 0, 0, 0, 19 ]
[ -1, 2, -1, 0, -1, 6, 0, 0, 19 ]
[ 1, -2, 1, -1, 5, 0, 0, -1, 6 ]
[ -4, 1, 0, 1, -2, 1, 2, -1, 3 ]
[ 1, 0, -11, -4, 1, 0, 0, 0, 19 ]
[ 2, 0, -3, -4, 1, 0, -1, 0, 11 ]
[ -1, 1, 5, 1, -2, 1, 0, 0, 19 ]
[ 2, -1, 3, -1, 1, 5, 0, 0, 19 ]
[ -2, 1, -3, 1, -2, 1, -1, 1, 5 ]
[ -1, 0, 11, 2, -1, 3, 0, 0, 19 ]
[ -4, 1, 0, -1, 0, 11, 0, 0, 19 ]
[ -4, 1, 0, 2, -1, 3, -1, 0, 11 ]
[ 19, 0, 0, 3, 1, 0, -7, 0, 1 ]
[ 1, -6, 0, 0, 19, 0, 0, -4, 1 ]
[ 3, 1, 0, -1, 6, 0, -1, 2, 1 ]
[ 7, 0, -1, 3, 1, 0, -2, 0, 3 ]
[ -1, 6, 0, 0, -1, 5, 0, 0, 19 ]
[ -1, 6, 0, 0, -4, 1, 0, -1, 5 ]
[ 0, 1, -5, -1, 6, 0, 0, 0, 19 ]
[ -1, 2, 1, 0, -1, 5, 0, 0, 19 ]
[ 1, -2, -1, -1, 6, 0, 0, -1, 5 ]
[ 3, 1, 0, -1, 2, 1, 1, 1, 3 ]
[ 1, 0, -11, 3, 1, 0, 0, 0, 19 ]
[ 2, 0, -3, 3, 1, 0, -1, 0, 11 ]
[ 0, 1, -5, -1, 2, 1, 0, 0, 19 ]
[ -1, -1, -3, 0, -1, 5, 0, 0, 19 ]
[ 1, 1, 3, -1, 2, 1, 0, -1, 5 ]
[ 2, 1, 11, 1, 1, 3, 0, 0, 19 ]
[ 3, 1, 0, 2, 1, 11, 0, 0, 19 ]
[ 3, 1, 0, 1, 1, 3, 2, 1, 11 ]
[ 19, 0, 0, -9, 1, 0, -7, 0, 1 ]
[ 1, 2, 0, 0, 19, 0, 0, -5, 1 ]
[ 9, -1, 0, 1, 2, 0, 2, -1, 1 ]
[ 7, 0, -1, -9, 1, 0, -2, 0, 3 ]
[ -1, -2, 0, 0, -1, 4, 0, 0, 19 ]
[ -1, -2, 0, 0, -5, 1, 0, -1, 4 ]
[ 0, -1, 4, 1, 2, 0, 0, 0, 19 ]
[ 2, -1, 1, 1, 2, 0, 0, -1, 4 ]
[ -9, 1, 0, 2, -1, 1, -2, 0, 3 ]
[ 1, 0, -11, -9, 1, 0, 0, 0, 19 ]
[ 2, 0, -3, -9, 1, 0, -1, 0, 11 ]
[ -1, 1, -12, 0, -1, 4, 0, 0, 19 ]
[ -2, 1, -1, 1, -1, 12, 0, 0, 19 ]
[ -2, 1, -1, 0, -1, 4, 1, -1, 12 ]
[ -1, 0, 11, 2, -1, 1, 0, 0, 19 ]
[ -2, 0, 3, 2, -1, 1, -1, 0, 11 ]
[ -9, 1, 0, -1, 0, 11, 0, 0, 19 ]
[ -9, 1, 0, -2, 0, 3, -1, 0, 11 ]
[ 19, 0, 0, -2, 1, 0, -7, 0, 1 ]
[ 1, -10, 0, 0, 19, 0, 0, 6, 1 ]
[ 2, -1, 0, -1, 10, 0, 1, -4, 1 ]
[ 7, 0, -1, -2, 1, 0, -2, 0, 3 ]
[ -1, 10, 0, 0, -1, 3, 0, 0, 19 ]
[ 1, -10, 0, 0, 6, 1, 0, -1, 3 ]
[ 0, 1, -3, -1, 10, 0, 0, 0, 19 ]
[ -1, 4, -1, 0, -1, 3, 0, 0, 19 ]
[ 1, -4, 1, -1, 10, 0, 0, -1, 3 ]
[ 0, -1, 3, 1, -4, 1, 0, 0, 19 ]
[ -2, 1, 0, 1, -4, 1, 0, -1, 3 ]
[ 1, 0, -11, -2, 1, 0, 0, 0, 19 ]
[ 2, 0, -3, -2, 1, 0, -1, 0, 11 ]
[ -1, 0, 11, 0, -1, 3, 0, 0, 19 ]
[ -2, 1, 0, -1, 0, 11, 0, 0, 19 ]
[ -2, 1, 0, 0, -1, 3, -1, 0, 11 ]
[ 19, 0, 0, 5, 1, 0, -7, 0, 1 ]
[ 1, 4, 0, 0, 19, 0, 0, 9, 1 ]
[ 5, 1, 0, 1, 4, 0, -2, 1, 1 ]
[ 7, 0, -1, 5, 1, 0, -2, 0, 3 ]
[ -1, -4, 0, 0, -1, 2, 0, 0, 19 ]
[ 1, 4, 0, 0, 9, 1, 0, -1, 2 ]
[ 0, -1, 2, 1, 4, 0, 0, 0, 19 ]
[ 2, -1, -1, 1, 4, 0, 0, -1, 2 ]
[ 5, 1, 0, -2, 1, 1, -2, 0, 3 ]
[ 1, 0, -11, 5, 1, 0, 0, 0, 19 ]
[ 2, 0, -3, 5, 1, 0, -1, 0, 11 ]
[ -1, 0, 11, 0, -1, 2, 0, 0, 19 ]
[ -2, 1, 1, -1, 0, 11, 0, 0, 19 ]
[ -2, 1, 1, 0, -1, 2, -1, 0, 11 ]
[ 1, 0, -11, -2, 1, 1, 0, 0, 19 ]
[ 2, 0, -3, -2, 1, 1, -1, 0, 11 ]
[ 5, 1, 0, -1, 0, 11, 0, 0, 19 ]
[ 5, 1, 0, -2, 0, 3, -1, 0, 11 ]
[ 19, 0, 0, -7, 1, 0, -7, 0, 1 ]
[ 7, -1, 0, -2, 3, 0, 0, -1, 1 ]
[ 7, 0, -1, -7, 1, 0, -2, 0, 3 ]
[ -1, 11, 0, 0, -1, 1, 0, 0, 19 ]
[ 1, -11, 0, 0, 19, 0, 0, -1, 1 ]
[ 0, 1, -1, -1, 11, 0, 0, 0, 19 ]
[ 2, -3, 0, -1, 11, 0, 0, -1, 1 ]
[ 1, -1, -10, -2, 3, 0, 0, 0, 19 ]
[ 0, 1, -1, -1, 1, 10, 0, 0, 19 ]
[ 0, 1, -1, -2, 3, 0, -1, 1, 10 ]
[ -7, 1, 0, 0, -1, 1, -2, 0, 3 ]
[ 1, 0, -11, -7, 1, 0, 0, 0, 19 ]
[ 2, 0, -3, -7, 1, 0, -1, 0, 11 ]
[ -1, 1, 10, 0, -1, 1, 0, 0, 19 ]
[ -2, 3, 0, -1, 1, 10, 0, 0, 19 ]
[ -2, 3, 0, 0, -1, 1, -1, 1, 10 ]
[ -1, 0, 11, 0, -1, 1, 0, 0, 19 ]
[ -2, 0, 3, 0, -1, 1, -1, 0, 11 ]
[ -7, 1, 0, -1, 0, 11, 0, 0, 19 ]
[ -7, 1, 0, -2, 0, 3, -1, 0, 11 ]
[ 19, 0, 0, 0, 1, 0, -2, 0, 1 ]
[ 1, 0, -10, 0, 1, 0, 0, 0, 19 ]
[ 2, 0, -1, 0, 1, 0, -1, 0, 10 ]
[ 19, 0, 0, 2, 1, 0, -2, 0, 1 ]
[ 1, 10, 0, 0, 1, 1, 0, 0, 19 ]
[ 1, 10, 0, 0, 19, 0, 0, 1, 1 ]
[ 0, -1, -1, 1, 10, 0, 0, 0, 19 ]
[ 2, 1, 0, 1, 10, 0, 0, 1, 1 ]
[ 1, 0, -10, 2, 1, 0, 0, 0, 19 ]
[ 2, 0, -1, 2, 1, 0, -1, 0, 10 ]
[ 1, 1, 10, 0, 1, 1, 0, 0, 19 ]
[ 2, 1, 0, 1, 1, 10, 0, 0, 19 ]
[ 2, 1, 0, 0, 1, 1, 1, 1, 10 ]
[ 19, 0, 0, 4, 1, 0, -2, 0, 1 ]
[ 1, 5, 0, 0, 19, 0, 0, -9, 1 ]
[ 4, 1, 0, 1, 5, 0, 2, 1, 1 ]
[ 1, 0, -10, 4, 1, 0, 0, 0, 19 ]
[ 2, 0, -1, 4, 1, 0, -1, 0, 10 ]
[ 1, 5, 0, 0, 1, 2, 0, 0, 19 ]
[ -1, -5, 0, 0, -9, 1, 0, 1, 2 ]
[ 0, -1, -2, 1, 5, 0, 0, 0, 19 ]
[ 2, 1, 1, 1, 5, 0, 0, 1, 2 ]
[ 3, 1, 10, 2, 1, 1, 0, 0, 19 ]
[ 4, 1, 0, 3, 1, 10, 0, 0, 19 ]
[ 4, 1, 0, 2, 1, 1, 3, 1, 10 ]
[ 1, 1, 11, 0, 1, 2, 0, 0, 19 ]
[ 2, 1, 1, 1, 1, 11, 0, 0, 19 ]
[ 2, 1, 1, 0, 1, 2, 1, 1, 11 ]
[ 19, 0, 0, 6, 1, 0, -2, 0, 1 ]
[ 1, -3, 0, 0, 19, 0, 0, -6, 1 ]
[ 6, 1, 0, -1, 3, 0, -2, 0, 1 ]
[ 1, 0, -10, 6, 1, 0, 0, 0, 19 ]
[ 2, 0, -1, 6, 1, 0, -1, 0, 10 ]
[ 1, -3, 0, 0, 1, 3, 0, 0, 19 ]
[ -1, 3, 0, 0, -6, 1, 0, 1, 3 ]
[ 0, 1, 3, -1, 3, 0, 0, 0, 19 ]
[ 2, 0, -1, -1, 3, 0, 0, 1, 3 ]
[ 6, 1, 0, -1, 0, 10, 0, 0, 19 ]
[ 6, 1, 0, -2, 0, 1, -1, 0, 10 ]
[ 1, 0, -10, 0, 1, 3, 0, 0, 19 ]
[ 2, 0, -1, 0, 1, 3, -1, 0, 10 ]
[ 19, 0, 0, 8, 1, 0, -2, 0, 1 ]
[ 8, 1, 0, -3, 2, 0, -2, 0, 1 ]
[ 1, 0, -10, 8, 1, 0, 0, 0, 19 ]
[ 2, 0, -1, 8, 1, 0, -1, 0, 10 ]
[ 1, -7, 0, 0, 19, 0, 0, 5, 1 ]
[ 3, -2, 0, -1, 7, 0, 1, -2, 1 ]
[ 2, -1, -5, -3, 2, 0, 0, 0, 19 ]
[ 2, 0, -1, -3, 2, 0, -2, 1, 5 ]
[ 8, 1, 0, -1, 0, 10, 0, 0, 19 ]
[ 8, 1, 0, -2, 0, 1, -1, 0, 10 ]
[ 1, -7, 0, 0, 1, 4, 0, 0, 19 ]
[ 1, -7, 0, 0, 5, 1, 0, 1, 4 ]
[ 0, 1, 4, -1, 7, 0, 0, 0, 19 ]
[ 1, -2, 1, 0, 1, 4, 0, 0, 19 ]
[ 1, -2, 1, -1, 7, 0, 0, 1, 4 ]
[ -1, 1, -5, 1, -2, 1, 0, 0, 19 ]
[ -3, 2, 0, 1, -1, 5, 0, 0, 19 ]
[ -3, 2, 0, 1, -2, 1, 1, -1, 5 ]
[ 1, 0, -10, -2, 1, 5, 0, 0, 19 ]
[ 2, 0, -1, -2, 1, 5, -1, 0, 10 ]
[ 19, 0, 0, -9, 1, 0, -2, 0, 1 ]
[ 1, 2, 0, 0, 19, 0, 0, 4, 1 ]
[ 9, -1, 0, 1, 2, 0, -2, 0, 1 ]
[ 1, 0, -10, -9, 1, 0, 0, 0, 19 ]
[ 2, 0, -1, -9, 1, 0, -1, 0, 10 ]
[ 1, 2, 0, 0, 1, 5, 0, 0, 19 ]
[ 1, 2, 0, 0, 4, 1, 0, 1, 5 ]
[ 0, -1, -5, 1, 2, 0, 0, 0, 19 ]
[ 2, 0, -1, 1, 2, 0, 0, 1, 5 ]
[ -9, 1, 0, -1, 0, 10, 0, 0, 19 ]
[ -9, 1, 0, -2, 0, 1, -1, 0, 10 ]
[ 1, 0, -10, 0, 1, 5, 0, 0, 19 ]
[ 2, 0, -1, 0, 1, 5, -1, 0, 10 ]
[ 19, 0, 0, -7, 1, 0, -2, 0, 1 ]
[ 7, -1, 0, -2, 3, 0, -2, 0, 1 ]
[ 1, 0, -10, -7, 1, 0, 0, 0, 19 ]
[ 2, 0, -1, -7, 1, 0, -1, 0, 10 ]
[ 1, -11, 0, 0, 19, 0, 0, -3, 1 ]
[ 2, -3, 0, -1, 11, 0, 0, -3, 1 ]
[ 1, -1, 3, -2, 3, 0, 0, 0, 19 ]
[ 2, 0, -1, -2, 3, 0, 1, -1, 3 ]
[ -7, 1, 0, -1, 0, 10, 0, 0, 19 ]
[ -7, 1, 0, -2, 0, 1, -1, 0, 10 ]
[ 1, -11, 0, 0, 1, 6, 0, 0, 19 ]
[ -1, 11, 0, 0, -3, 1, 0, 1, 6 ]
[ 0, 1, 6, -1, 11, 0, 0, 0, 19 ]
[ 0, 3, -1, -1, 11, 0, 0, 1, 6 ]
[ 2, -3, 0, -1, 2, 3, 0, 0, 19 ]
[ -2, 3, 0, 0, -3, 1, -1, 2, 3 ]
[ -1, 0, 10, 1, -1, 3, 0, 0, 19 ]
[ -2, 0, 1, 1, -1, 3, -1, 0, 10 ]
[ 1, -2, -3, 0, 1, 6, 0, 0, 19 ]
[ -1, 2, 3, 0, -3, 1, 0, 1, 6 ]
[ 19, 0, 0, -5, 1, 0, -2, 0, 1 ]
[ 1, -4, 0, 0, 19, 0, 0, -8, 1 ]
[ 5, -1, 0, -1, 4, 0, -2, 0, 1 ]
[ 1, 0, -10, -5, 1, 0, 0, 0, 19 ]
[ 2, 0, -1, -5, 1, 0, -1, 0, 10 ]
[ -1, 4, 0, 0, -8, 1, 0, 3, 2 ]
[ 2, 0, -1, -1, 4, 0, 1, -1, 2 ]
[ -5, 1, 0, -1, 0, 10, 0, 0, 19 ]
[ -5, 1, 0, -2, 0, 1, -1, 0, 10 ]
[ 1, -4, 0, 0, 1, 7, 0, 0, 19 ]
[ 1, -4, 0, 0, 3, 2, 0, 1, 7 ]
[ 0, 1, 7, -1, 4, 0, 0, 0, 19 ]
[ 1, -1, 2, 0, 1, 7, 0, 0, 19 ]
[ 1, -1, 2, -1, 4, 0, 0, 1, 7 ]
[ -1, 0, 10, 1, -1, 2, 0, 0, 19 ]
[ -2, 0, 1, 1, -1, 2, -1, 0, 10 ]
[ 19, 0, 0, -3, 1, 0, -2, 0, 1 ]
[ 1, 6, 0, 0, 19, 0, 0, -7, 1 ]
[ 3, -1, 0, 1, 6, 0, 1, -1, 1 ]
[ 1, 0, -10, -3, 1, 0, 0, 0, 19 ]
[ 2, 0, -1, -3, 1, 0, -1, 0, 10 ]
[ -1, -6, 0, 0, -7, 1, 0, -2, 3 ]
[ 1, -1, 1, 1, 6, 0, 0, -2, 3 ]
[ -1, 0, 10, 1, -1, 1, 0, 0, 19 ]
[ -3, 1, 0, -1, 0, 10, 0, 0, 19 ]
[ -3, 1, 0, 1, -1, 1, -1, 0, 10 ]
[ -1, -6, 0, 0, -1, 11, 0, 0, 19 ]
[ -1, -6, 0, 0, -2, 3, 0, -1, 11 ]
[ 0, -1, 11, 1, 6, 0, 0, 0, 19 ]
[ 0, -2, 3, 1, 6, 0, 0, -1, 11 ]
[ -1, 1, -1, 0, -1, 11, 0, 0, 19 ]
[ -1, 1, -1, 0, -2, 3, 0, -1, 11 ]
[ 1, -1, 0, 0, 19, 0, 0, -2, 1 ]
[ 19, 0, 0, -1, 1, 0, -2, 0, 1 ]
[ -1, 1, 0, 0, -1, 10, 0, 0, 19 ]
[ -1, 1, 0, 0, -2, 1, 0, -1, 10 ]
[ 1, 0, -10, -1, 1, 0, 0, 0, 19 ]
[ 2, 0, -1, -1, 1, 0, -1, 0, 10 ]
[ 1, 1, 0, 0, 19, 0, 0, 2, 1 ]
[ 19, 0, 0, 1, 1, 0, -2, 0, 1 ]
[ 1, 1, 0, 0, 1, 10, 0, 0, 19 ]
[ 1, 1, 0, 0, 2, 1, 0, 1, 10 ]
[ 1, 0, -10, 1, 1, 0, 0, 0, 19 ]
[ 2, 0, -1, 1, 1, 0, -1, 0, 10 ]
[ 19, 0, 0, 3, 1, 0, -2, 0, 1 ]
[ 1, -6, 0, 0, 19, 0, 0, 7, 1 ]
[ 3, 1, 0, -1, 6, 0, 1, 1, 1 ]
[ 1, 0, -10, 3, 1, 0, 0, 0, 19 ]
[ 2, 0, -1, 3, 1, 0, -1, 0, 10 ]
[ 1, -6, 0, 0, 7, 1, 0, 2, 3 ]
[ 1, 1, 1, -1, 6, 0, 0, 2, 3 ]
[ 2, 1, 10, 1, 1, 1, 0, 0, 19 ]
[ 3, 1, 0, 2, 1, 10, 0, 0, 19 ]
[ 3, 1, 0, 1, 1, 1, 2, 1, 10 ]
[ 1, -6, 0, 0, 1, 11, 0, 0, 19 ]
[ 1, -6, 0, 0, 2, 3, 0, 1, 11 ]
[ 0, 1, 11, -1, 6, 0, 0, 0, 19 ]
[ 0, 2, 3, -1, 6, 0, 0, 1, 11 ]
[ 1, 1, 1, 0, 1, 11, 0, 0, 19 ]
[ 1, 1, 1, 0, 2, 3, 0, 1, 11 ]
[ 19, 0, 0, 5, 1, 0, -2, 0, 1 ]
[ 1, 4, 0, 0, 19, 0, 0, 8, 1 ]
[ 5, 1, 0, 1, 4, 0, -2, 0, 1 ]
[ 1, 0, -10, 5, 1, 0, 0, 0, 19 ]
[ 2, 0, -1, 5, 1, 0, -1, 0, 10 ]
[ 1, 4, 0, 0, 8, 1, 0, -3, 2 ]
[ 2, 0, -1, 1, 4, 0, 1, 1, 2 ]
[ 5, 1, 0, -1, 0, 10, 0, 0, 19 ]
[ 5, 1, 0, -2, 0, 1, -1, 0, 10 ]
[ -1, -4, 0, 0, -1, 7, 0, 0, 19 ]
[ -1, -4, 0, 0, -3, 2, 0, -1, 7 ]
[ 0, -1, 7, 1, 4, 0, 0, 0, 19 ]
[ -1, -1, -2, 0, -1, 7, 0, 0, 19 ]
[ 1, 1, 2, 1, 4, 0, 0, -1, 7 ]
[ 1, 0, -10, 1, 1, 2, 0, 0, 19 ]
[ 2, 0, -1, 1, 1, 2, -1, 0, 10 ]
[ 19, 0, 0, 7, 1, 0, -2, 0, 1 ]
[ 7, 1, 0, 2, 3, 0, -2, 0, 1 ]
[ 1, 0, -10, 7, 1, 0, 0, 0, 19 ]
[ 2, 0, -1, 7, 1, 0, -1, 0, 10 ]
[ 1, 11, 0, 0, 19, 0, 0, 3, 1 ]
[ 2, 3, 0, 1, 11, 0, 0, 3, 1 ]
[ 1, 1, 3, 2, 3, 0, 0, 0, 19 ]
[ 2, 0, -1, 2, 3, 0, 1, 1, 3 ]
[ 7, 1, 0, -1, 0, 10, 0, 0, 19 ]
[ 7, 1, 0, -2, 0, 1, -1, 0, 10 ]
[ -1, -11, 0, 0, -1, 6, 0, 0, 19 ]
[ 1, 11, 0, 0, 3, 1, 0, -1, 6 ]
[ 0, -1, 6, 1, 11, 0, 0, 0, 19 ]
[ 0, -3, -1, 1, 11, 0, 0, -1, 6 ]
[ -2, -3, 0, 1, 1, 3, 0, 0, 19 ]
[ 2, 3, 0, 0, 3, 1, 1, 1, 3 ]
[ 1, 0, -10, 1, 1, 3, 0, 0, 19 ]
[ 2, 0, -1, 1, 1, 3, -1, 0, 10 ]
[ -1, -1, -3, 0, -1, 6, 0, 0, 19 ]
[ 1, 1, 3, 0, 3, 1, 0, -1, 6 ]
[ 19, 0, 0, 9, 1, 0, -2, 0, 1 ]
[ 1, -2, 0, 0, 19, 0, 0, -4, 1 ]
[ 9, 1, 0, -1, 2, 0, -2, 0, 1 ]
[ 1, 0, -10, 9, 1, 0, 0, 0, 19 ]
[ 2, 0, -1, 9, 1, 0, -1, 0, 10 ]
[ -1, 2, 0, 0, -1, 5, 0, 0, 19 ]
[ -1, 2, 0, 0, -4, 1, 0, -1, 5 ]
[ 1, -1, -5, -1, 2, 0, 0, 0, 19 ]
[ 2, 0, -1, -1, 2, 0, -1, 1, 5 ]
[ 9, 1, 0, -1, 0, 10, 0, 0, 19 ]
[ 9, 1, 0, -2, 0, 1, -1, 0, 10 ]
[ 1, 0, -10, -1, 1, 5, 0, 0, 19 ]
[ 2, 0, -1, -1, 1, 5, -1, 0, 10 ]
[ 19, 0, 0, -8, 1, 0, -2, 0, 1 ]
[ 8, -1, 0, 3, 2, 0, -2, 0, 1 ]
[ 1, 0, -10, -8, 1, 0, 0, 0, 19 ]
[ 2, 0, -1, -8, 1, 0, -1, 0, 10 ]
[ 1, 7, 0, 0, 19, 0, 0, -5, 1 ]
[ 3, 2, 0, 1, 7, 0, 1, 2, 1 ]
[ -1, -1, -5, 3, 2, 0, 0, 0, 19 ]
[ 2, 0, -1, 3, 2, 0, 1, 1, 5 ]
[ -8, 1, 0, -1, 0, 10, 0, 0, 19 ]
[ -8, 1, 0, -2, 0, 1, -1, 0, 10 ]
[ -1, -7, 0, 0, -1, 4, 0, 0, 19 ]
[ -1, -7, 0, 0, -5, 1, 0, -1, 4 ]
[ 0, -1, 4, 1, 7, 0, 0, 0, 19 ]
[ -1, -2, -1, 0, -1, 4, 0, 0, 19 ]
[ 1, 2, 1, 1, 7, 0, 0, -1, 4 ]
[ 1, 1, 5, 1, 2, 1, 0, 0, 19 ]
[ 3, 2, 0, 1, 1, 5, 0, 0, 19 ]
[ 3, 2, 0, 1, 2, 1, 1, 1, 5 ]
[ 1, 0, -10, 1, 1, 5, 0, 0, 19 ]
[ 2, 0, -1, 1, 1, 5, -1, 0, 10 ]
[ 19, 0, 0, -6, 1, 0, -2, 0, 1 ]
[ 1, 3, 0, 0, 19, 0, 0, 6, 1 ]
[ 6, -1, 0, 1, 3, 0, -2, 0, 1 ]
[ 1, 0, -10, -6, 1, 0, 0, 0, 19 ]
[ 2, 0, -1, -6, 1, 0, -1, 0, 10 ]
[ -1, -3, 0, 0, -1, 3, 0, 0, 19 ]
[ 1, 3, 0, 0, 6, 1, 0, -1, 3 ]
[ 0, -1, 3, 1, 3, 0, 0, 0, 19 ]
[ 2, 0, -1, 1, 3, 0, 0, -1, 3 ]
[ -6, 1, 0, -1, 0, 10, 0, 0, 19 ]
[ -6, 1, 0, -2, 0, 1, -1, 0, 10 ]
[ -1, 0, 10, 0, -1, 3, 0, 0, 19 ]
[ -2, 0, 1, 0, -1, 3, -1, 0, 10 ]
[ 19, 0, 0, -4, 1, 0, -2, 0, 1 ]
[ 1, -5, 0, 0, 19, 0, 0, 9, 1 ]
[ 4, -1, 0, -1, 5, 0, 2, -1, 1 ]
[ 1, 0, -10, -4, 1, 0, 0, 0, 19 ]
[ 2, 0, -1, -4, 1, 0, -1, 0, 10 ]
[ -1, 5, 0, 0, -1, 2, 0, 0, 19 ]
[ 1, -5, 0, 0, 9, 1, 0, -1, 2 ]
[ 0, 1, -2, -1, 5, 0, 0, 0, 19 ]
[ 2, -1, 1, -1, 5, 0, 0, -1, 2 ]
[ -1, 0, 10, 2, -1, 1, 0, 0, 19 ]
[ -4, 1, 0, -1, 0, 10, 0, 0, 19 ]
[ -4, 1, 0, 2, -1, 1, -1, 0, 10 ]
[ -1, 1, -11, 0, -1, 2, 0, 0, 19 ]
[ -2, 1, -1, 1, -1, 11, 0, 0, 19 ]
[ -2, 1, -1, 0, -1, 2, 1, -1, 11 ]
[ 19, 0, 0, -2, 1, 0, -2, 0, 1 ]
[ -1, 10, 0, 0, -1, 1, 0, 0, 19 ]
[ 1, -10, 0, 0, 19, 0, 0, -1, 1 ]
[ 0, 1, -1, -1, 10, 0, 0, 0, 19 ]
[ 2, -1, 0, -1, 10, 0, 0, -1, 1 ]
[ 1, 0, -10, -2, 1, 0, 0, 0, 19 ]
[ 2, 0, -1, -2, 1, 0, -1, 0, 10 ]
[ -1, 0, 10, 0, -1, 1, 0, 0, 19 ]
[ -2, 1, 0, -1, 0, 10, 0, 0, 19 ]
[ -2, 1, 0, 0, -1, 1, -1, 0, 10 ]
[ 19, 0, 0, 0, 1, 0, 2, 0, 1 ]
[ 1, 0, 10, 0, 1, 0, 0, 0, 19 ]
[ 2, 0, 1, 0, 1, 0, 1, 0, 10 ]
[ 19, 0, 0, -2, 1, 0, 2, 0, 1 ]
[ 1, -10, 0, 0, 1, 1, 0, 0, 19 ]
[ 1, -10, 0, 0, 19, 0, 0, 1, 1 ]
[ 0, 1, 1, -1, 10, 0, 0, 0, 19 ]
[ 2, -1, 0, -1, 10, 0, 0, 1, 1 ]
[ 1, 0, 10, -2, 1, 0, 0, 0, 19 ]
[ 2, 0, 1, -2, 1, 0, 1, 0, 10 ]
[ 1, -1, -10, 0, 1, 1, 0, 0, 19 ]
[ 2, -1, 0, -1, 1, 10, 0, 0, 19 ]
[ 2, -1, 0, 0, 1, 1, -1, 1, 10 ]
[ 19, 0, 0, -4, 1, 0, 2, 0, 1 ]
[ 1, -5, 0, 0, 19, 0, 0, -9, 1 ]
[ 4, -1, 0, -1, 5, 0, -2, 1, 1 ]
[ 1, 0, 10, -4, 1, 0, 0, 0, 19 ]
[ 2, 0, 1, -4, 1, 0, 1, 0, 10 ]
[ 1, -5, 0, 0, 1, 2, 0, 0, 19 ]
[ -1, 5, 0, 0, -9, 1, 0, 1, 2 ]
[ 0, 1, 2, -1, 5, 0, 0, 0, 19 ]
[ 2, -1, -1, -1, 5, 0, 0, 1, 2 ]
[ 3, -1, -10, -2, 1, 1, 0, 0, 19 ]
[ 4, -1, 0, -3, 1, 10, 0, 0, 19 ]
[ 4, -1, 0, -2, 1, 1, -3, 1, 10 ]
[ 1, -1, -11, 0, 1, 2, 0, 0, 19 ]
[ 2, -1, -1, -1, 1, 11, 0, 0, 19 ]
[ 2, -1, -1, 0, 1, 2, -1, 1, 11 ]
[ 19, 0, 0, -6, 1, 0, 2, 0, 1 ]
[ 1, 3, 0, 0, 19, 0, 0, -6, 1 ]
[ 6, -1, 0, 1, 3, 0, 2, 0, 1 ]
[ 1, 0, 10, -6, 1, 0, 0, 0, 19 ]
[ 2, 0, 1, -6, 1, 0, 1, 0, 10 ]
[ 1, 3, 0, 0, 1, 3, 0, 0, 19 ]
[ -1, -3, 0, 0, -6, 1, 0, 1, 3 ]
[ 0, -1, -3, 1, 3, 0, 0, 0, 19 ]
[ 2, 0, 1, 1, 3, 0, 0, 1, 3 ]
[ 6, -1, 0, 1, 0, 10, 0, 0, 19 ]
[ 6, -1, 0, 2, 0, 1, 1, 0, 10 ]
[ 1, 0, 10, 0, 1, 3, 0, 0, 19 ]
[ 2, 0, 1, 0, 1, 3, 1, 0, 10 ]
[ 19, 0, 0, -8, 1, 0, 2, 0, 1 ]
[ 8, -1, 0, 3, 2, 0, 2, 0, 1 ]
[ 1, 0, 10, -8, 1, 0, 0, 0, 19 ]
[ 2, 0, 1, -8, 1, 0, 1, 0, 10 ]
[ 1, 7, 0, 0, 19, 0, 0, 5, 1 ]
[ 3, 2, 0, 1, 7, 0, -1, -2, 1 ]
[ 2, 1, 5, 3, 2, 0, 0, 0, 19 ]
[ 2, 0, 1, 3, 2, 0, 2, 1, 5 ]
[ 8, -1, 0, 1, 0, 10, 0, 0, 19 ]
[ 8, -1, 0, 2, 0, 1, 1, 0, 10 ]
[ 1, 7, 0, 0, 1, 4, 0, 0, 19 ]
[ 1, 7, 0, 0, 5, 1, 0, 1, 4 ]
[ 0, -1, -4, 1, 7, 0, 0, 0, 19 ]
[ 1, 2, -1, 0, 1, 4, 0, 0, 19 ]
[ 1, 2, -1, 1, 7, 0, 0, 1, 4 ]
[ -1, -1, 5, -1, -2, 1, 0, 0, 19 ]
[ -3, -2, 0, -1, -1, 5, 0, 0, 19 ]
[ -3, -2, 0, -1, -2, 1, -1, -1, 5 ]
[ 1, 0, 10, 2, 1, 5, 0, 0, 19 ]
[ 2, 0, 1, 2, 1, 5, 1, 0, 10 ]
[ 19, 0, 0, 9, 1, 0, 2, 0, 1 ]
[ 1, -2, 0, 0, 19, 0, 0, 4, 1 ]
[ 9, 1, 0, -1, 2, 0, 2, 0, 1 ]
[ 1, 0, 10, 9, 1, 0, 0, 0, 19 ]
[ 2, 0, 1, 9, 1, 0, 1, 0, 10 ]
[ 1, -2, 0, 0, 1, 5, 0, 0, 19 ]
[ 1, -2, 0, 0, 4, 1, 0, 1, 5 ]
[ 0, 1, 5, -1, 2, 0, 0, 0, 19 ]
[ 2, 0, 1, -1, 2, 0, 0, 1, 5 ]
[ -9, -1, 0, 1, 0, 10, 0, 0, 19 ]
[ -9, -1, 0, 2, 0, 1, 1, 0, 10 ]
[ 1, 0, 10, 0, 1, 5, 0, 0, 19 ]
[ 2, 0, 1, 0, 1, 5, 1, 0, 10 ]
[ 19, 0, 0, 7, 1, 0, 2, 0, 1 ]
[ 7, 1, 0, 2, 3, 0, 2, 0, 1 ]
[ 1, 0, 10, 7, 1, 0, 0, 0, 19 ]
[ 2, 0, 1, 7, 1, 0, 1, 0, 10 ]
[ 1, 11, 0, 0, 19, 0, 0, -3, 1 ]
[ 2, 3, 0, 1, 11, 0, 0, -3, 1 ]
[ 1, 1, -3, 2, 3, 0, 0, 0, 19 ]
[ 2, 0, 1, 2, 3, 0, -1, -1, 3 ]
[ -7, -1, 0, 1, 0, 10, 0, 0, 19 ]
[ -7, -1, 0, 2, 0, 1, 1, 0, 10 ]
[ 1, 11, 0, 0, 1, 6, 0, 0, 19 ]
[ -1, -11, 0, 0, -3, 1, 0, 1, 6 ]
[ 0, -1, -6, 1, 11, 0, 0, 0, 19 ]
[ 0, -3, 1, 1, 11, 0, 0, 1, 6 ]
[ 2, 3, 0, 1, 2, 3, 0, 0, 19 ]
[ -2, -3, 0, 0, -3, 1, 1, 2, 3 ]
[ -1, 0, -10, -1, -1, 3, 0, 0, 19 ]
[ -2, 0, -1, -1, -1, 3, 1, 0, 10 ]
[ 1, 2, 3, 0, 1, 6, 0, 0, 19 ]
[ -1, -2, -3, 0, -3, 1, 0, 1, 6 ]
[ 19, 0, 0, 5, 1, 0, 2, 0, 1 ]
[ 1, 4, 0, 0, 19, 0, 0, -8, 1 ]
[ 5, 1, 0, 1, 4, 0, 2, 0, 1 ]
[ 1, 0, 10, 5, 1, 0, 0, 0, 19 ]
[ 2, 0, 1, 5, 1, 0, 1, 0, 10 ]
[ -1, -4, 0, 0, -8, 1, 0, 3, 2 ]
[ 2, 0, 1, 1, 4, 0, -1, -1, 2 ]
[ -5, -1, 0, 1, 0, 10, 0, 0, 19 ]
[ -5, -1, 0, 2, 0, 1, 1, 0, 10 ]
[ 1, 4, 0, 0, 1, 7, 0, 0, 19 ]
[ 1, 4, 0, 0, 3, 2, 0, 1, 7 ]
[ 0, -1, -7, 1, 4, 0, 0, 0, 19 ]
[ 1, 1, -2, 0, 1, 7, 0, 0, 19 ]
[ 1, 1, -2, 1, 4, 0, 0, 1, 7 ]
[ -1, 0, -10, -1, -1, 2, 0, 0, 19 ]
[ -2, 0, -1, -1, -1, 2, 1, 0, 10 ]
[ 19, 0, 0, 3, 1, 0, 2, 0, 1 ]
[ 1, -6, 0, 0, 19, 0, 0, -7, 1 ]
[ 3, 1, 0, -1, 6, 0, -1, -1, 1 ]
[ 1, 0, 10, 3, 1, 0, 0, 0, 19 ]
[ 2, 0, 1, 3, 1, 0, 1, 0, 10 ]
[ -1, 6, 0, 0, -7, 1, 0, -2, 3 ]
[ 1, 1, -1, -1, 6, 0, 0, -2, 3 ]
[ -1, 0, -10, -1, -1, 1, 0, 0, 19 ]
[ -3, -1, 0, 1, 0, 10, 0, 0, 19 ]
[ -3, -1, 0, -1, -1, 1, 1, 0, 10 ]
[ -1, 6, 0, 0, -1, 11, 0, 0, 19 ]
[ -1, 6, 0, 0, -2, 3, 0, -1, 11 ]
[ 0, 1, -11, -1, 6, 0, 0, 0, 19 ]
[ 0, 2, -3, -1, 6, 0, 0, -1, 11 ]
[ -1, -1, 1, 0, -1, 11, 0, 0, 19 ]
[ -1, -1, 1, 0, -2, 3, 0, -1, 11 ]
[ 1, 1, 0, 0, 19, 0, 0, -2, 1 ]
[ 19, 0, 0, 1, 1, 0, 2, 0, 1 ]
[ -1, -1, 0, 0, -1, 10, 0, 0, 19 ]
[ -1, -1, 0, 0, -2, 1, 0, -1, 10 ]
[ 1, 0, 10, 1, 1, 0, 0, 0, 19 ]
[ 2, 0, 1, 1, 1, 0, 1, 0, 10 ]
[ 1, -1, 0, 0, 19, 0, 0, 2, 1 ]
[ 19, 0, 0, -1, 1, 0, 2, 0, 1 ]
[ 1, -1, 0, 0, 1, 10, 0, 0, 19 ]
[ 1, -1, 0, 0, 2, 1, 0, 1, 10 ]
[ 1, 0, 10, -1, 1, 0, 0, 0, 19 ]
[ 2, 0, 1, -1, 1, 0, 1, 0, 10 ]
[ 19, 0, 0, -3, 1, 0, 2, 0, 1 ]
[ 1, 6, 0, 0, 19, 0, 0, 7, 1 ]
[ 3, -1, 0, 1, 6, 0, -1, 1, 1 ]
[ 1, 0, 10, -3, 1, 0, 0, 0, 19 ]
[ 2, 0, 1, -3, 1, 0, 1, 0, 10 ]
[ 1, 6, 0, 0, 7, 1, 0, 2, 3 ]
[ 1, -1, -1, 1, 6, 0, 0, 2, 3 ]
[ 2, -1, -10, -1, 1, 1, 0, 0, 19 ]
[ 3, -1, 0, -2, 1, 10, 0, 0, 19 ]
[ 3, -1, 0, -1, 1, 1, -2, 1, 10 ]
[ 1, 6, 0, 0, 1, 11, 0, 0, 19 ]
[ 1, 6, 0, 0, 2, 3, 0, 1, 11 ]
[ 0, -1, -11, 1, 6, 0, 0, 0, 19 ]
[ 0, -2, -3, 1, 6, 0, 0, 1, 11 ]
[ 1, -1, -1, 0, 1, 11, 0, 0, 19 ]
[ 1, -1, -1, 0, 2, 3, 0, 1, 11 ]
[ 19, 0, 0, -5, 1, 0, 2, 0, 1 ]
[ 1, -4, 0, 0, 19, 0, 0, 8, 1 ]
[ 5, -1, 0, -1, 4, 0, 2, 0, 1 ]
[ 1, 0, 10, -5, 1, 0, 0, 0, 19 ]
[ 2, 0, 1, -5, 1, 0, 1, 0, 10 ]
[ 1, -4, 0, 0, 8, 1, 0, -3, 2 ]
[ 2, 0, 1, -1, 4, 0, -1, 1, 2 ]
[ 5, -1, 0, 1, 0, 10, 0, 0, 19 ]
[ 5, -1, 0, 2, 0, 1, 1, 0, 10 ]
[ -1, 4, 0, 0, -1, 7, 0, 0, 19 ]
[ -1, 4, 0, 0, -3, 2, 0, -1, 7 ]
[ 0, 1, -7, -1, 4, 0, 0, 0, 19 ]
[ -1, 1, 2, 0, -1, 7, 0, 0, 19 ]
[ 1, -1, -2, -1, 4, 0, 0, -1, 7 ]
[ 1, 0, 10, -1, 1, 2, 0, 0, 19 ]
[ 2, 0, 1, -1, 1, 2, 1, 0, 10 ]
[ 19, 0, 0, -7, 1, 0, 2, 0, 1 ]
[ 7, -1, 0, -2, 3, 0, 2, 0, 1 ]
[ 1, 0, 10, -7, 1, 0, 0, 0, 19 ]
[ 2, 0, 1, -7, 1, 0, 1, 0, 10 ]
[ 1, -11, 0, 0, 19, 0, 0, 3, 1 ]
[ 2, -3, 0, -1, 11, 0, 0, 3, 1 ]
[ 1, -1, -3, -2, 3, 0, 0, 0, 19 ]
[ 2, 0, 1, -2, 3, 0, -1, 1, 3 ]
[ 7, -1, 0, 1, 0, 10, 0, 0, 19 ]
[ 7, -1, 0, 2, 0, 1, 1, 0, 10 ]
[ -1, 11, 0, 0, -1, 6, 0, 0, 19 ]
[ 1, -11, 0, 0, 3, 1, 0, -1, 6 ]
[ 0, 1, -6, -1, 11, 0, 0, 0, 19 ]
[ 0, 3, 1, -1, 11, 0, 0, -1, 6 ]
[ -2, 3, 0, -1, 1, 3, 0, 0, 19 ]
[ 2, -3, 0, 0, 3, 1, -1, 1, 3 ]
[ 1, 0, 10, -1, 1, 3, 0, 0, 19 ]
[ 2, 0, 1, -1, 1, 3, 1, 0, 10 ]
[ -1, 1, 3, 0, -1, 6, 0, 0, 19 ]
[ 1, -1, -3, 0, 3, 1, 0, -1, 6 ]
[ 19, 0, 0, -9, 1, 0, 2, 0, 1 ]
[ 1, 2, 0, 0, 19, 0, 0, -4, 1 ]
[ 9, -1, 0, 1, 2, 0, 2, 0, 1 ]
[ 1, 0, 10, -9, 1, 0, 0, 0, 19 ]
[ 2, 0, 1, -9, 1, 0, 1, 0, 10 ]
[ -1, -2, 0, 0, -1, 5, 0, 0, 19 ]
[ -1, -2, 0, 0, -4, 1, 0, -1, 5 ]
[ 1, 1, 5, 1, 2, 0, 0, 0, 19 ]
[ 2, 0, 1, 1, 2, 0, 1, 1, 5 ]
[ 9, -1, 0, 1, 0, 10, 0, 0, 19 ]
[ 9, -1, 0, 2, 0, 1, 1, 0, 10 ]
[ 1, 0, 10, 1, 1, 5, 0, 0, 19 ]
[ 2, 0, 1, 1, 1, 5, 1, 0, 10 ]
[ 19, 0, 0, 8, 1, 0, 2, 0, 1 ]
[ 8, 1, 0, -3, 2, 0, 2, 0, 1 ]
[ 1, 0, 10, 8, 1, 0, 0, 0, 19 ]
[ 2, 0, 1, 8, 1, 0, 1, 0, 10 ]
[ 1, -7, 0, 0, 19, 0, 0, -5, 1 ]
[ 3, -2, 0, -1, 7, 0, -1, 2, 1 ]
[ -1, 1, 5, -3, 2, 0, 0, 0, 19 ]
[ 2, 0, 1, -3, 2, 0, -1, 1, 5 ]
[ -8, -1, 0, 1, 0, 10, 0, 0, 19 ]
[ -8, -1, 0, 2, 0, 1, 1, 0, 10 ]
[ -1, 7, 0, 0, -1, 4, 0, 0, 19 ]
[ -1, 7, 0, 0, -5, 1, 0, -1, 4 ]
[ 0, 1, -4, -1, 7, 0, 0, 0, 19 ]
[ -1, 2, 1, 0, -1, 4, 0, 0, 19 ]
[ 1, -2, -1, -1, 7, 0, 0, -1, 4 ]
[ 1, -1, -5, -1, 2, 1, 0, 0, 19 ]
[ 3, -2, 0, -1, 1, 5, 0, 0, 19 ]
[ 3, -2, 0, -1, 2, 1, -1, 1, 5 ]
[ 1, 0, 10, -1, 1, 5, 0, 0, 19 ]
[ 2, 0, 1, -1, 1, 5, 1, 0, 10 ]
[ 19, 0, 0, 6, 1, 0, 2, 0, 1 ]
[ 1, -3, 0, 0, 19, 0, 0, 6, 1 ]
[ 6, 1, 0, -1, 3, 0, 2, 0, 1 ]
[ 1, 0, 10, 6, 1, 0, 0, 0, 19 ]
[ 2, 0, 1, 6, 1, 0, 1, 0, 10 ]
[ -1, 3, 0, 0, -1, 3, 0, 0, 19 ]
[ 1, -3, 0, 0, 6, 1, 0, -1, 3 ]
[ 0, 1, -3, -1, 3, 0, 0, 0, 19 ]
[ 2, 0, 1, -1, 3, 0, 0, -1, 3 ]
[ -6, -1, 0, 1, 0, 10, 0, 0, 19 ]
[ -6, -1, 0, 2, 0, 1, 1, 0, 10 ]
[ -1, 0, -10, 0, -1, 3, 0, 0, 19 ]
[ -2, 0, -1, 0, -1, 3, 1, 0, 10 ]
[ 19, 0, 0, 4, 1, 0, 2, 0, 1 ]
[ 1, 5, 0, 0, 19, 0, 0, 9, 1 ]
[ 4, 1, 0, 1, 5, 0, -2, -1, 1 ]
[ 1, 0, 10, 4, 1, 0, 0, 0, 19 ]
[ 2, 0, 1, 4, 1, 0, 1, 0, 10 ]
[ -1, -5, 0, 0, -1, 2, 0, 0, 19 ]
[ 1, 5, 0, 0, 9, 1, 0, -1, 2 ]
[ 0, -1, 2, 1, 5, 0, 0, 0, 19 ]
[ 2, 1, -1, 1, 5, 0, 0, -1, 2 ]
[ -1, 0, -10, -2, -1, 1, 0, 0, 19 ]
[ -4, -1, 0, 1, 0, 10, 0, 0, 19 ]
[ -4, -1, 0, -2, -1, 1, 1, 0, 10 ]
[ -1, -1, 11, 0, -1, 2, 0, 0, 19 ]
[ -2, -1, 1, -1, -1, 11, 0, 0, 19 ]
[ -2, -1, 1, 0, -1, 2, -1, -1, 11 ]
[ 19, 0, 0, 2, 1, 0, 2, 0, 1 ]
[ -1, -10, 0, 0, -1, 1, 0, 0, 19 ]
[ 1, 10, 0, 0, 19, 0, 0, -1, 1 ]
[ 0, -1, 1, 1, 10, 0, 0, 0, 19 ]
[ 2, 1, 0, 1, 10, 0, 0, -1, 1 ]
[ 1, 0, 10, 2, 1, 0, 0, 0, 19 ]
[ 2, 0, 1, 2, 1, 0, 1, 0, 10 ]
[ -1, 0, -10, 0, -1, 1, 0, 0, 19 ]
[ -2, -1, 0, 1, 0, 10, 0, 0, 19 ]
[ -2, -1, 0, 0, -1, 1, 1, 0, 10 ]
[ 19, 0, 0, 0, 1, 0, 7, 0, 1 ]
[ 7, 0, 1, 0, 1, 0, 2, 0, 3 ]
[ 1, 0, 11, 0, 1, 0, 0, 0, 19 ]
[ 2, 0, 3, 0, 1, 0, 1, 0, 11 ]
[ 19, 0, 0, -7, 1, 0, 7, 0, 1 ]
[ 7, -1, 0, -2, 3, 0, 0, 1, 1 ]
[ 7, 0, 1, -7, 1, 0, 2, 0, 3 ]
[ 1, -11, 0, 0, 1, 1, 0, 0, 19 ]
[ 1, -11, 0, 0, 19, 0, 0, 1, 1 ]
[ 0, 1, 1, -1, 11, 0, 0, 0, 19 ]
[ 2, -3, 0, -1, 11, 0, 0, 1, 1 ]
[ -1, 2, 10, -2, 3, 0, 0, 0, 19 ]
[ 0, 1, 1, -1, 2, 10, 0, 0, 19 ]
[ 0, 1, 1, -2, 3, 0, -1, 2, 10 ]
[ 7, -1, 0, 0, 1, 1, 2, 0, 3 ]
[ 1, 0, 11, -7, 1, 0, 0, 0, 19 ]
[ 2, 0, 3, -7, 1, 0, 1, 0, 11 ]
[ 1, -2, -10, 0, 1, 1, 0, 0, 19 ]
[ 2, -3, 0, -1, 2, 10, 0, 0, 19 ]
[ 2, -3, 0, 0, 1, 1, -1, 2, 10 ]
[ 1, 0, 11, 0, 1, 1, 0, 0, 19 ]
[ 2, 0, 3, 0, 1, 1, 1, 0, 11 ]
[ 7, -1, 0, 1, 0, 11, 0, 0, 19 ]
[ 7, -1, 0, 2, 0, 3, 1, 0, 11 ]
[ 19, 0, 0, 5, 1, 0, 7, 0, 1 ]
[ 1, 4, 0, 0, 19, 0, 0, -9, 1 ]
[ 5, 1, 0, 1, 4, 0, 2, -1, 1 ]
[ 7, 0, 1, 5, 1, 0, 2, 0, 3 ]
[ 1, 4, 0, 0, 1, 2, 0, 0, 19 ]
[ -1, -4, 0, 0, -9, 1, 0, 1, 2 ]
[ 0, -1, -2, 1, 4, 0, 0, 0, 19 ]
[ 2, -1, 1, 1, 4, 0, 0, 1, 2 ]
[ -5, -1, 0, 2, -1, 1, 2, 0, 3 ]
[ 1, 0, 11, 5, 1, 0, 0, 0, 19 ]
[ 2, 0, 3, 5, 1, 0, 1, 0, 11 ]
[ 1, 0, 11, 0, 1, 2, 0, 0, 19 ]
[ 2, -1, 1, 1, 0, 11, 0, 0, 19 ]
[ 2, -1, 1, 0, 1, 2, 1, 0, 11 ]
[ -1, 0, -11, 2, -1, 1, 0, 0, 19 ]
[ -2, 0, -3, 2, -1, 1, 1, 0, 11 ]
[ -5, -1, 0, 1, 0, 11, 0, 0, 19 ]
[ -5, -1, 0, 2, 0, 3, 1, 0, 11 ]
[ 19, 0, 0, -2, 1, 0, 7, 0, 1 ]
[ 1, -10, 0, 0, 19, 0, 0, -6, 1 ]
[ 2, -1, 0, -1, 10, 0, -1, 4, 1 ]
[ 7, 0, 1, -2, 1, 0, 2, 0, 3 ]
[ 1, -10, 0, 0, 1, 3, 0, 0, 19 ]
[ -1, 10, 0, 0, -6, 1, 0, 1, 3 ]
[ 0, 1, 3, -1, 10, 0, 0, 0, 19 ]
[ 1, -4, -1, 0, 1, 3, 0, 0, 19 ]
[ 1, -4, -1, -1, 10, 0, 0, 1, 3 ]
[ 0, 1, 3, -1, 4, 1, 0, 0, 19 ]
[ 2, -1, 0, -1, 4, 1, 0, 1, 3 ]
[ 1, 0, 11, -2, 1, 0, 0, 0, 19 ]
[ 2, 0, 3, -2, 1, 0, 1, 0, 11 ]
[ 1, -1, -11, 0, 1, 3, 0, 0, 19 ]
[ 2, -1, 0, -1, 1, 11, 0, 0, 19 ]
[ 2, -1, 0, 0, 1, 3, -1, 1, 11 ]
[ 19, 0, 0, -9, 1, 0, 7, 0, 1 ]
[ 1, 2, 0, 0, 19, 0, 0, 5, 1 ]
[ 9, -1, 0, 1, 2, 0, -2, 1, 1 ]
[ 7, 0, 1, -9, 1, 0, 2, 0, 3 ]
[ 1, 2, 0, 0, 1, 4, 0, 0, 19 ]
[ 1, 2, 0, 0, 5, 1, 0, 1, 4 ]
[ 0, -1, -4, 1, 2, 0, 0, 0, 19 ]
[ 2, -1, -1, 1, 2, 0, 0, 1, 4 ]
[ 9, -1, 0, -2, 1, 1, 2, 0, 3 ]
[ 1, 0, 11, -9, 1, 0, 0, 0, 19 ]
[ 2, 0, 3, -9, 1, 0, 1, 0, 11 ]
[ 1, -1, -12, 0, 1, 4, 0, 0, 19 ]
[ 2, -1, -1, -1, 1, 12, 0, 0, 19 ]
[ 2, -1, -1, 0, 1, 4, -1, 1, 12 ]
[ 1, 0, 11, -2, 1, 1, 0, 0, 19 ]
[ 2, 0, 3, -2, 1, 1, 1, 0, 11 ]
[ 9, -1, 0, 1, 0, 11, 0, 0, 19 ]
[ 9, -1, 0, 2, 0, 3, 1, 0, 11 ]
[ 19, 0, 0, 3, 1, 0, 7, 0, 1 ]
[ 1, -6, 0, 0, 19, 0, 0, 4, 1 ]
[ 3, 1, 0, -1, 6, 0, 1, -2, 1 ]
[ 7, 0, 1, 3, 1, 0, 2, 0, 3 ]
[ 1, -6, 0, 0, 1, 5, 0, 0, 19 ]
[ 1, -6, 0, 0, 4, 1, 0, 1, 5 ]
[ 0, 1, 5, -1, 6, 0, 0, 0, 19 ]
[ 1, -2, 1, 0, 1, 5, 0, 0, 19 ]
[ 1, -2, 1, -1, 6, 0, 0, 1, 5 ]
[ -3, -1, 0, 1, -2, 1, -1, -1, 3 ]
[ 1, 0, 11, 3, 1, 0, 0, 0, 19 ]
[ 2, 0, 3, 3, 1, 0, 1, 0, 11 ]
[ 0, -1, -5, 1, -2, 1, 0, 0, 19 ]
[ 1, 1, -3, 0, 1, 5, 0, 0, 19 ]
[ -1, -1, 3, 1, -2, 1, 0, 1, 5 ]
[ -1, 0, -11, -1, -1, 3, 0, 0, 19 ]
[ -3, -1, 0, 1, 0, 11, 0, 0, 19 ]
[ -3, -1, 0, -1, -1, 3, 1, 0, 11 ]
[ 19, 0, 0, -4, 1, 0, 7, 0, 1 ]
[ 1, -5, 0, 0, 19, 0, 0, -3, 1 ]
[ 4, -1, 0, -1, 5, 0, -1, 2, 1 ]
[ 7, 0, 1, -4, 1, 0, 2, 0, 3 ]
[ 1, -5, 0, 0, 1, 6, 0, 0, 19 ]
[ -1, 5, 0, 0, -3, 1, 0, 1, 6 ]
[ 0, 1, 6, -1, 5, 0, 0, 0, 19 ]
[ 1, -2, -1, 0, 1, 6, 0, 0, 19 ]
[ 1, -2, -1, -1, 5, 0, 0, 1, 6 ]
[ 4, -1, 0, -1, 2, 1, -2, 1, 3 ]
[ 1, 0, 11, -4, 1, 0, 0, 0, 19 ]
[ 2, 0, 3, -4, 1, 0, 1, 0, 11 ]
[ 1, -1, 5, -1, 2, 1, 0, 0, 19 ]
[ -2, 1, 3, 1, -1, 5, 0, 0, 19 ]
[ 2, -1, -3, -1, 2, 1, 1, -1, 5 ]
[ 3, -1, -11, -2, 1, 3, 0, 0, 19 ]
[ 4, -1, 0, -3, 1, 11, 0, 0, 19 ]
[ 4, -1, 0, -2, 1, 3, -3, 1, 11 ]
[ 19, 0, 0, 8, 1, 0, 7, 0, 1 ]
[ 8, 1, 0, -3, 2, 0, -1, -1, 1 ]
[ 7, 0, 1, 8, 1, 0, 2, 0, 3 ]
[ 1, -7, 0, 0, 19, 0, 0, -8, 1 ]
[ 3, -2, 0, -1, 7, 0, -1, -1, 1 ]
[ -1, 1, -4, -3, 2, 0, 0, 0, 19 ]
[ 1, 1, -1, -3, 2, 0, 1, -1, 4 ]
[ -8, -1, 0, -1, -1, 1, 2, 0, 3 ]
[ 1, 0, 11, 8, 1, 0, 0, 0, 19 ]
[ 2, 0, 3, 8, 1, 0, 1, 0, 11 ]
[ -1, 7, 0, 0, -8, 1, 0, 3, 2 ]
[ 1, 1, -1, -1, 7, 0, 0, 3, 2 ]
[ -3, 2, 0, 1, -1, 4, 0, 0, 19 ]
[ -3, 2, 0, -1, -1, 1, 1, -1, 4 ]
[ 0, -1, 12, 1, -1, 4, 0, 0, 19 ]
[ -1, -1, 1, 0, -1, 12, 0, 0, 19 ]
[ -1, -1, 1, 1, -1, 4, 0, -1, 12 ]
[ -1, 0, -11, -1, -1, 1, 0, 0, 19 ]
[ -2, 0, -3, -1, -1, 1, 1, 0, 11 ]
[ -8, -1, 0, 1, 0, 11, 0, 0, 19 ]
[ -8, -1, 0, 2, 0, 3, 1, 0, 11 ]
[ 1, -7, 0, 0, 1, 7, 0, 0, 19 ]
[ 1, -7, 0, 0, 3, 2, 0, 1, 7 ]
[ 0, 1, 7, -1, 7, 0, 0, 0, 19 ]
[ 0, 3, 2, -1, 7, 0, 0, 1, 7 ]
[ 1, 1, -1, 0, 1, 7, 0, 0, 19 ]
[ 1, 1, -1, 0, 3, 2, 0, 1, 7 ]
[ 0, 1, -12, -1, -1, 1, 0, 0, 19 ]
[ -1, 1, -4, 0, -1, 12, 0, 0, 19 ]
[ -1, 1, -4, -1, -1, 1, 0, -1, 12 ]
[ 1, 1, 0, 0, 19, 0, 0, -7, 1 ]
[ 19, 0, 0, 1, 1, 0, 7, 0, 1 ]
[ -1, -1, 0, 0, -7, 1, 0, -2, 3 ]
[ 7, 0, 1, 1, 1, 0, 2, 0, 3 ]
[ -1, -1, 0, 0, -1, 11, 0, 0, 19 ]
[ -1, -1, 0, 0, -2, 3, 0, -1, 11 ]
[ 1, 0, 11, 1, 1, 0, 0, 0, 19 ]
[ 2, 0, 3, 1, 1, 0, 1, 0, 11 ]
[ 19, 0, 0, -6, 1, 0, 7, 0, 1 ]
[ 1, 3, 0, 0, 19, 0, 0, -2, 1 ]
[ 6, -1, 0, 1, 3, 0, 1, 1, 1 ]
[ 7, 0, 1, -6, 1, 0, 2, 0, 3 ]
[ -1, -3, 0, 0, -1, 10, 0, 0, 19 ]
[ -1, -3, 0, 0, -2, 1, 0, -1, 10 ]
[ 1, 2, 10, 1, 3, 0, 0, 0, 19 ]
[ 1, 1, 1, 1, 2, 10, 0, 0, 19 ]
[ 1, 1, 1, 1, 3, 0, 1, 2, 10 ]
[ 6, -1, 0, 1, 1, 1, 2, 0, 3 ]
[ 1, 0, 11, -6, 1, 0, 0, 0, 19 ]
[ 2, 0, 3, -6, 1, 0, 1, 0, 11 ]
[ 1, 0, 11, 1, 1, 1, 0, 0, 19 ]
[ 2, 0, 3, 1, 1, 1, 1, 0, 11 ]
[ 6, -1, 0, 1, 0, 11, 0, 0, 19 ]
[ 6, -1, 0, 2, 0, 3, 1, 0, 11 ]
[ 19, 0, 0, 6, 1, 0, 7, 0, 1 ]
[ 1, -3, 0, 0, 19, 0, 0, 2, 1 ]
[ 6, 1, 0, -1, 3, 0, 1, -1, 1 ]
[ 7, 0, 1, 6, 1, 0, 2, 0, 3 ]
[ 1, -3, 0, 0, 1, 10, 0, 0, 19 ]
[ 1, -3, 0, 0, 2, 1, 0, 1, 10 ]
[ 0, 1, 10, -1, 3, 0, 0, 0, 19 ]
[ 1, -1, 1, 0, 1, 10, 0, 0, 19 ]
[ 1, -1, 1, -1, 3, 0, 0, 1, 10 ]
[ -6, -1, 0, 1, -1, 1, 2, 0, 3 ]
[ 1, 0, 11, 6, 1, 0, 0, 0, 19 ]
[ 2, 0, 3, 6, 1, 0, 1, 0, 11 ]
[ -1, 0, -11, 1, -1, 1, 0, 0, 19 ]
[ -2, 0, -3, 1, -1, 1, 1, 0, 11 ]
[ -6, -1, 0, 1, 0, 11, 0, 0, 19 ]
[ -6, -1, 0, 2, 0, 3, 1, 0, 11 ]
[ 1, -1, 0, 0, 19, 0, 0, 7, 1 ]
[ 19, 0, 0, -1, 1, 0, 7, 0, 1 ]
[ 1, -1, 0, 0, 7, 1, 0, 2, 3 ]
[ 7, 0, 1, -1, 1, 0, 2, 0, 3 ]
[ 1, -1, 0, 0, 1, 11, 0, 0, 19 ]
[ 1, -1, 0, 0, 2, 3, 0, 1, 11 ]
[ 1, 0, 11, -1, 1, 0, 0, 0, 19 ]
[ 2, 0, 3, -1, 1, 0, 1, 0, 11 ]
[ 19, 0, 0, -8, 1, 0, 7, 0, 1 ]
[ 8, -1, 0, 3, 2, 0, -1, 1, 1 ]
[ 7, 0, 1, -8, 1, 0, 2, 0, 3 ]
[ 1, 7, 0, 0, 19, 0, 0, 8, 1 ]
[ 3, 2, 0, 1, 7, 0, -1, 1, 1 ]
[ -1, -1, -4, 3, 2, 0, 0, 0, 19 ]
[ 1, -1, -1, 3, 2, 0, 1, 1, 4 ]
[ 8, -1, 0, -1, 1, 1, 2, 0, 3 ]
[ 1, 0, 11, -8, 1, 0, 0, 0, 19 ]
[ 2, 0, 3, -8, 1, 0, 1, 0, 11 ]
[ 1, 7, 0, 0, 8, 1, 0, -3, 2 ]
[ 1, -1, -1, 1, 7, 0, 0, -3, 2 ]
[ 3, 2, 0, 1, 1, 4, 0, 0, 19 ]
[ 3, 2, 0, -1, 1, 1, 1, 1, 4 ]
[ 0, -1, -12, 1, 1, 4, 0, 0, 19 ]
[ 1, -1, -1, 0, 1, 12, 0, 0, 19 ]
[ 1, -1, -1, 1, 1, 4, 0, 1, 12 ]
[ 1, 0, 11, -1, 1, 1, 0, 0, 19 ]
[ 2, 0, 3, -1, 1, 1, 1, 0, 11 ]
[ 8, -1, 0, 1, 0, 11, 0, 0, 19 ]
[ 8, -1, 0, 2, 0, 3, 1, 0, 11 ]
[ -1, -7, 0, 0, -1, 7, 0, 0, 19 ]
[ -1, -7, 0, 0, -3, 2, 0, -1, 7 ]
[ 0, -1, 7, 1, 7, 0, 0, 0, 19 ]
[ 0, -3, 2, 1, 7, 0, 0, -1, 7 ]
[ -1, 1, 1, 0, -1, 7, 0, 0, 19 ]
[ -1, 1, 1, 0, -3, 2, 0, -1, 7 ]
[ 0, 1, 12, -1, 1, 1, 0, 0, 19 ]
[ 1, 1, 4, 0, 1, 12, 0, 0, 19 ]
[ 1, 1, 4, -1, 1, 1, 0, 1, 12 ]
[ 19, 0, 0, 4, 1, 0, 7, 0, 1 ]
[ 1, 5, 0, 0, 19, 0, 0, 3, 1 ]
[ 4, 1, 0, 1, 5, 0, -1, -2, 1 ]
[ 7, 0, 1, 4, 1, 0, 2, 0, 3 ]
[ -1, -5, 0, 0, -1, 6, 0, 0, 19 ]
[ 1, 5, 0, 0, 3, 1, 0, -1, 6 ]
[ 0, -1, 6, 1, 5, 0, 0, 0, 19 ]
[ -1, -2, 1, 0, -1, 6, 0, 0, 19 ]
[ 1, 2, -1, 1, 5, 0, 0, -1, 6 ]
[ -4, -1, 0, -1, -2, 1, -2, -1, 3 ]
[ 1, 0, 11, 4, 1, 0, 0, 0, 19 ]
[ 2, 0, 3, 4, 1, 0, 1, 0, 11 ]
[ -1, -1, -5, -1, -2, 1, 0, 0, 19 ]
[ 2, 1, -3, 1, 1, 5, 0, 0, 19 ]
[ -2, -1, 3, -1, -2, 1, 1, 1, 5 ]
[ -1, 0, -11, -2, -1, 3, 0, 0, 19 ]
[ -4, -1, 0, 1, 0, 11, 0, 0, 19 ]
[ -4, -1, 0, -2, -1, 3, 1, 0, 11 ]
[ 19, 0, 0, -3, 1, 0, 7, 0, 1 ]
[ 1, 6, 0, 0, 19, 0, 0, -4, 1 ]
[ 3, -1, 0, 1, 6, 0, 1, 2, 1 ]
[ 7, 0, 1, -3, 1, 0, 2, 0, 3 ]
[ -1, -6, 0, 0, -1, 5, 0, 0, 19 ]
[ -1, -6, 0, 0, -4, 1, 0, -1, 5 ]
[ 0, -1, 5, 1, 6, 0, 0, 0, 19 ]
[ -1, -2, -1, 0, -1, 5, 0, 0, 19 ]
[ 1, 2, 1, 1, 6, 0, 0, -1, 5 ]
[ 3, -1, 0, 1, 2, 1, -1, 1, 3 ]
[ 1, 0, 11, -3, 1, 0, 0, 0, 19 ]
[ 2, 0, 3, -3, 1, 0, 1, 0, 11 ]
[ 0, -1, 5, 1, 2, 1, 0, 0, 19 ]
[ -1, 1, 3, 0, -1, 5, 0, 0, 19 ]
[ 1, -1, -3, 1, 2, 1, 0, -1, 5 ]
[ 2, -1, -11, -1, 1, 3, 0, 0, 19 ]
[ 3, -1, 0, -2, 1, 11, 0, 0, 19 ]
[ 3, -1, 0, -1, 1, 3, -2, 1, 11 ]
[ 19, 0, 0, 9, 1, 0, 7, 0, 1 ]
[ 1, -2, 0, 0, 19, 0, 0, -5, 1 ]
[ 9, 1, 0, -1, 2, 0, -2, -1, 1 ]
[ 7, 0, 1, 9, 1, 0, 2, 0, 3 ]
[ -1, 2, 0, 0, -1, 4, 0, 0, 19 ]
[ -1, 2, 0, 0, -5, 1, 0, -1, 4 ]
[ 0, 1, -4, -1, 2, 0, 0, 0, 19 ]
[ 2, 1, -1, -1, 2, 0, 0, -1, 4 ]
[ -9, -1, 0, -2, -1, 1, 2, 0, 3 ]
[ 1, 0, 11, 9, 1, 0, 0, 0, 19 ]
[ 2, 0, 3, 9, 1, 0, 1, 0, 11 ]
[ -1, -1, 12, 0, -1, 4, 0, 0, 19 ]
[ -2, -1, 1, -1, -1, 12, 0, 0, 19 ]
[ -2, -1, 1, 0, -1, 4, -1, -1, 12 ]
[ -1, 0, -11, -2, -1, 1, 0, 0, 19 ]
[ -2, 0, -3, -2, -1, 1, 1, 0, 11 ]
[ -9, -1, 0, 1, 0, 11, 0, 0, 19 ]
[ -9, -1, 0, 2, 0, 3, 1, 0, 11 ]
[ 19, 0, 0, 2, 1, 0, 7, 0, 1 ]
[ 1, 10, 0, 0, 19, 0, 0, 6, 1 ]
[ 2, 1, 0, 1, 10, 0, -1, -4, 1 ]
[ 7, 0, 1, 2, 1, 0, 2, 0, 3 ]
[ -1, -10, 0, 0, -1, 3, 0, 0, 19 ]
[ 1, 10, 0, 0, 6, 1, 0, -1, 3 ]
[ 0, -1, 3, 1, 10, 0, 0, 0, 19 ]
[ -1, -4, 1, 0, -1, 3, 0, 0, 19 ]
[ 1, 4, -1, 1, 10, 0, 0, -1, 3 ]
[ 0, 1, -3, -1, -4, 1, 0, 0, 19 ]
[ -2, -1, 0, -1, -4, 1, 0, -1, 3 ]
[ 1, 0, 11, 2, 1, 0, 0, 0, 19 ]
[ 2, 0, 3, 2, 1, 0, 1, 0, 11 ]
[ -1, 0, -11, 0, -1, 3, 0, 0, 19 ]
[ -2, -1, 0, 1, 0, 11, 0, 0, 19 ]
[ -2, -1, 0, 0, -1, 3, 1, 0, 11 ]
[ 19, 0, 0, -5, 1, 0, 7, 0, 1 ]
[ 1, -4, 0, 0, 19, 0, 0, 9, 1 ]
[ 5, -1, 0, -1, 4, 0, 2, 1, 1 ]
[ 7, 0, 1, -5, 1, 0, 2, 0, 3 ]
[ -1, 4, 0, 0, -1, 2, 0, 0, 19 ]
[ 1, -4, 0, 0, 9, 1, 0, -1, 2 ]
[ 0, 1, -2, -1, 4, 0, 0, 0, 19 ]
[ 2, 1, 1, -1, 4, 0, 0, -1, 2 ]
[ 5, -1, 0, 2, 1, 1, 2, 0, 3 ]
[ 1, 0, 11, -5, 1, 0, 0, 0, 19 ]
[ 2, 0, 3, -5, 1, 0, 1, 0, 11 ]
[ -1, 0, -11, 0, -1, 2, 0, 0, 19 ]
[ -2, -1, -1, 1, 0, 11, 0, 0, 19 ]
[ -2, -1, -1, 0, -1, 2, 1, 0, 11 ]
[ 1, 0, 11, 2, 1, 1, 0, 0, 19 ]
[ 2, 0, 3, 2, 1, 1, 1, 0, 11 ]
[ 5, -1, 0, 1, 0, 11, 0, 0, 19 ]
[ 5, -1, 0, 2, 0, 3, 1, 0, 11 ]
[ 19, 0, 0, 7, 1, 0, 7, 0, 1 ]
[ 7, 1, 0, 2, 3, 0, 0, -1, 1 ]
[ 7, 0, 1, 7, 1, 0, 2, 0, 3 ]
[ -1, -11, 0, 0, -1, 1, 0, 0, 19 ]
[ 1, 11, 0, 0, 19, 0, 0, -1, 1 ]
[ 0, -1, 1, 1, 11, 0, 0, 0, 19 ]
[ 2, 3, 0, 1, 11, 0, 0, -1, 1 ]
[ 1, 1, 10, 2, 3, 0, 0, 0, 19 ]
[ 0, -1, 1, 1, 1, 10, 0, 0, 19 ]
[ 0, -1, 1, 2, 3, 0, 1, 1, 10 ]
[ -7, -1, 0, 0, -1, 1, 2, 0, 3 ]
[ 1, 0, 11, 7, 1, 0, 0, 0, 19 ]
[ 2, 0, 3, 7, 1, 0, 1, 0, 11 ]
[ -1, -1, -10, 0, -1, 1, 0, 0, 19 ]
[ -2, -3, 0, 1, 1, 10, 0, 0, 19 ]
[ -2, -3, 0, 0, -1, 1, 1, 1, 10 ]
[ -1, 0, -11, 0, -1, 1, 0, 0, 19 ]
[ -2, 0, -3, 0, -1, 1, 1, 0, 11 ]
[ -7, -1, 0, 1, 0, 11, 0, 0, 19 ]
[ -7, -1, 0, 2, 0, 3, 1, 0, 11 ]
[ 19, 0, 0, 0, 1, 0, 8, 0, 1 ]
[ 8, 0, 1, 0, 1, 0, -3, 0, 2 ]
[ 1, 0, -7, 0, 1, 0, 0, 0, 19 ]
[ 3, 0, -2, 0, 1, 0, -1, 0, 7 ]
[ 19, 0, 0, -8, 1, 0, 8, 0, 1 ]
[ 8, -1, 0, 3, 2, 0, 0, 1, 1 ]
[ 8, 0, 1, -8, 1, 0, -3, 0, 2 ]
[ 1, 7, 0, 0, 1, 1, 0, 0, 19 ]
[ 1, 7, 0, 0, 19, 0, 0, 1, 1 ]
[ 0, -1, -1, 1, 7, 0, 0, 0, 19 ]
[ 3, 2, 0, 1, 7, 0, 0, 1, 1 ]
[ -1, -1, 6, 3, 2, 0, 0, 0, 19 ]
[ 0, 1, 1, -1, -1, 6, 0, 0, 19 ]
[ 0, -1, -1, 3, 2, 0, -1, -1, 6 ]
[ 8, -1, 0, 0, 1, 1, -3, 0, 2 ]
[ 1, 0, -7, -8, 1, 0, 0, 0, 19 ]
[ 3, 0, -2, -8, 1, 0, -1, 0, 7 ]
[ 1, 1, -6, 0, 1, 1, 0, 0, 19 ]
[ -3, -2, 0, -1, -1, 6, 0, 0, 19 ]
[ 3, 2, 0, 0, 1, 1, -1, -1, 6 ]
[ 1, 0, -7, 0, 1, 1, 0, 0, 19 ]
[ 3, 0, -2, 0, 1, 1, -1, 0, 7 ]
[ -8, 1, 0, -1, 0, 7, 0, 0, 19 ]
[ -8, 1, 0, -3, 0, 2, -1, 0, 7 ]
[ 19, 0, 0, 3, 1, 0, 8, 0, 1 ]
[ 1, -6, 0, 0, 19, 0, 0, -9, 1 ]
[ 3, 1, 0, -1, 6, 0, -1, -3, 1 ]
[ 8, 0, 1, 3, 1, 0, -3, 0, 2 ]
[ 1, -6, 0, 0, 1, 2, 0, 0, 19 ]
[ -1, 6, 0, 0, -9, 1, 0, 1, 2 ]
[ 0, 1, 2, -1, 6, 0, 0, 0, 19 ]
[ 1, 3, -1, 0, 1, 2, 0, 0, 19 ]
[ 1, 3, -1, -1, 6, 0, 0, 1, 2 ]
[ 0, 1, 2, -1, -3, 1, 0, 0, 19 ]
[ -3, -1, 0, -1, -3, 1, 0, 1, 2 ]
[ 1, 0, -7, 3, 1, 0, 0, 0, 19 ]
[ 3, 0, -2, 3, 1, 0, -1, 0, 7 ]
[ 1, 0, -7, 0, 1, 2, 0, 0, 19 ]
[ 3, 1, 0, -1, 0, 7, 0, 0, 19 ]
[ 3, 1, 0, 0, 1, 2, -1, 0, 7 ]
[ 19, 0, 0, -5, 1, 0, 8, 0, 1 ]
[ 1, -4, 0, 0, 19, 0, 0, -6, 1 ]
[ 5, -1, 0, -1, 4, 0, -2, 2, 1 ]
[ 8, 0, 1, -5, 1, 0, -3, 0, 2 ]
[ 1, -4, 0, 0, 1, 3, 0, 0, 19 ]
[ -1, 4, 0, 0, -6, 1, 0, 1, 3 ]
[ 0, 1, 3, -1, 4, 0, 0, 0, 19 ]
[ 2, -2, -1, -1, 4, 0, 0, 1, 3 ]
[ 5, -1, 0, -2, 2, 1, 2, -1, 2 ]
[ 1, 0, -7, -5, 1, 0, 0, 0, 19 ]
[ 3, 0, -2, -5, 1, 0, -1, 0, 7 ]
[ 1, -1, -10, 0, 1, 3, 0, 0, 19 ]
[ 2, -2, -1, 0, 1, 3, -1, 1, 10 ]
[ 2, -1, 2, -1, 1, 10, 0, 0, 19 ]
[ 2, -1, 2, -2, 2, 1, -1, 1, 10 ]
[ -1, 0, 7, 2, -1, 2, 0, 0, 19 ]
[ -5, 1, 0, -1, 0, 7, 0, 0, 19 ]
[ -5, 1, 0, 2, -1, 2, -1, 0, 7 ]
[ 19, 0, 0, 6, 1, 0, 8, 0, 1 ]
[ 1, -3, 0, 0, 19, 0, 0, 5, 1 ]
[ 6, 1, 0, -1, 3, 0, 2, -1, 1 ]
[ 8, 0, 1, 6, 1, 0, -3, 0, 2 ]
[ 1, -3, 0, 0, 1, 4, 0, 0, 19 ]
[ 1, -3, 0, 0, 5, 1, 0, 1, 4 ]
[ 0, 1, 4, -1, 3, 0, 0, 0, 19 ]
[ 2, -1, 1, -1, 3, 0, 0, 1, 4 ]
[ -6, -1, 0, 2, -1, 1, -3, 0, 2 ]
[ 1, 0, -7, 6, 1, 0, 0, 0, 19 ]
[ 3, 0, -2, 6, 1, 0, -1, 0, 7 ]
[ 1, 0, 12, 0, 1, 4, 0, 0, 19 ]
[ 2, -1, 1, 1, 0, 12, 0, 0, 19 ]
[ 2, -1, 1, 0, 1, 4, 1, 0, 12 ]
[ -1, 0, 7, 2, -1, 1, 0, 0, 19 ]
[ -3, 0, 2, 2, -1, 1, -1, 0, 7 ]
[ 6, 1, 0, -1, 0, 7, 0, 0, 19 ]
[ 6, 1, 0, -3, 0, 2, -1, 0, 7 ]
[ 19, 0, 0, -2, 1, 0, 8, 0, 1 ]
[ 1, -10, 0, 0, 19, 0, 0, 4, 1 ]
[ 2, -1, 0, -1, 10, 0, 0, 4, 1 ]
[ 8, 0, 1, -2, 1, 0, -3, 0, 2 ]
[ 1, -10, 0, 0, 1, 5, 0, 0, 19 ]
[ 1, -10, 0, 0, 4, 1, 0, 1, 5 ]
[ 0, 1, 5, -1, 10, 0, 0, 0, 19 ]
[ 0, 4, 1, -1, 10, 0, 0, 1, 5 ]
[ 2, -1, 0, 0, 4, 1, -1, -1, 2 ]
[ 1, 0, -7, -2, 1, 0, 0, 0, 19 ]
[ 3, 0, -2, -2, 1, 0, -1, 0, 7 ]
[ 1, 1, -2, 0, 1, 5, 0, 0, 19 ]
[ 1, 1, -2, 0, 4, 1, 0, 1, 5 ]
[ -1, 0, 7, -1, -1, 2, 0, 0, 19 ]
[ -2, 1, 0, -1, 0, 7, 0, 0, 19 ]
[ -2, 1, 0, -1, -1, 2, -1, 0, 7 ]
[ 19, 0, 0, 9, 1, 0, 8, 0, 1 ]
[ 1, -2, 0, 0, 19, 0, 0, -3, 1 ]
[ 9, 1, 0, -1, 2, 0, -1, -1, 1 ]
[ 8, 0, 1, 9, 1, 0, -3, 0, 2 ]
[ 1, -2, 0, 0, 1, 6, 0, 0, 19 ]
[ -1, 2, 0, 0, -3, 1, 0, 1, 6 ]
[ 0, 1, 6, -1, 2, 0, 0, 0, 19 ]
[ 1, 1, -1, 0, 1, 6, 0, 0, 19 ]
[ 1, 1, -1, -1, 2, 0, 0, 1, 6 ]
[ -9, -1, 0, -1, -1, 1, -3, 0, 2 ]
[ 1, 0, -7, 9, 1, 0, 0, 0, 19 ]
[ 3, 0, -2, 9, 1, 0, -1, 0, 7 ]
[ -1, 0, 7, -1, -1, 1, 0, 0, 19 ]
[ -3, 0, 2, -1, -1, 1, -1, 0, 7 ]
[ 9, 1, 0, -1, 0, 7, 0, 0, 19 ]
[ 9, 1, 0, -3, 0, 2, -1, 0, 7 ]
[ 1, 1, 0, 0, 19, 0, 0, -8, 1 ]
[ 19, 0, 0, 1, 1, 0, 8, 0, 1 ]
[ -1, -1, 0, 0, -8, 1, 0, 3, 2 ]
[ 8, 0, 1, 1, 1, 0, -3, 0, 2 ]
[ 1, 1, 0, 0, 1, 7, 0, 0, 19 ]
[ 1, 1, 0, 0, 3, 2, 0, 1, 7 ]
[ 1, 0, -7, 1, 1, 0, 0, 0, 19 ]
[ 3, 0, -2, 1, 1, 0, -1, 0, 7 ]
[ 19, 0, 0, -7, 1, 0, 8, 0, 1 ]
[ 7, -1, 0, -2, 3, 0, 1, 1, 1 ]
[ 8, 0, 1, -7, 1, 0, -3, 0, 2 ]
[ 1, -11, 0, 0, 19, 0, 0, -7, 1 ]
[ 2, -3, 0, -1, 11, 0, -1, 4, 1 ]
[ 1, -1, 4, -2, 3, 0, 0, 0, 19 ]
[ 1, 1, 1, -2, 3, 0, 1, -1, 4 ]
[ 7, -1, 0, 1, 1, 1, -3, 0, 2 ]
[ 1, 0, -7, -7, 1, 0, 0, 0, 19 ]
[ 3, 0, -2, -7, 1, 0, -1, 0, 7 ]
[ -1, 11, 0, 0, -7, 1, 0, -2, 3 ]
[ 1, -4, -1, -1, 11, 0, 0, -2, 3 ]
[ 2, -3, 0, -1, 2, 4, 0, 0, 19 ]
[ 2, -3, 0, -1, 4, 1, -1, 2, 4 ]
[ -1, 0, -12, 1, -1, 4, 0, 0, 19 ]
[ -1, -1, -1, 1, 0, 12, 0, 0, 19 ]
[ -1, -1, -1, 1, -1, 4, 1, 0, 12 ]
[ 1, 0, -7, 1, 1, 1, 0, 0, 19 ]
[ 3, 0, -2, 1, 1, 1, -1, 0, 7 ]
[ -7, 1, 0, -1, 0, 7, 0, 0, 19 ]
[ -7, 1, 0, -3, 0, 2, -1, 0, 7 ]
[ -1, 11, 0, 0, -1, 11, 0, 0, 19 ]
[ -1, 11, 0, 0, -2, 3, 0, -1, 11 ]
[ 0, 1, -11, -1, 11, 0, 0, 0, 19 ]
[ 0, 2, -3, -1, 11, 0, 0, -1, 11 ]
[ -1, 4, 1, 0, -1, 11, 0, 0, 19 ]
[ -1, 4, 1, 0, -2, 3, 0, -1, 11 ]
[ 1, -3, -12, -1, 4, 1, 0, 0, 19 ]
[ 1, -2, -4, -1, 3, 12, 0, 0, 19 ]
[ 1, -2, -4, -1, 4, 1, -1, 3, 12 ]
[ 19, 0, 0, 4, 1, 0, 8, 0, 1 ]
[ 1, 5, 0, 0, 19, 0, 0, -2, 1 ]
[ 4, 1, 0, 1, 5, 0, 0, -2, 1 ]
[ 8, 0, 1, 4, 1, 0, -3, 0, 2 ]
[ -1, -5, 0, 0, -1, 10, 0, 0, 19 ]
[ -1, -5, 0, 0, -2, 1, 0, -1, 10 ]
[ 0, -1, 10, 1, 5, 0, 0, 0, 19 ]
[ 0, -2, 1, 1, 5, 0, 0, -1, 10 ]
[ -4, -1, 0, 0, -2, 1, 1, 1, 2 ]
[ 1, 0, -7, 4, 1, 0, 0, 0, 19 ]
[ 3, 0, -2, 4, 1, 0, -1, 0, 7 ]
[ -1, -1, -2, 0, -1, 10, 0, 0, 19 ]
[ -1, -1, -2, 0, -2, 1, 0, -1, 10 ]
[ 1, 0, -7, 1, 1, 2, 0, 0, 19 ]
[ 4, 1, 0, -1, 0, 7, 0, 0, 19 ]
[ 4, 1, 0, 1, 1, 2, -1, 0, 7 ]
[ 19, 0, 0, -4, 1, 0, 8, 0, 1 ]
[ 1, -5, 0, 0, 19, 0, 0, 2, 1 ]
[ 4, -1, 0, -1, 5, 0, 0, 2, 1 ]
[ 8, 0, 1, -4, 1, 0, -3, 0, 2 ]
[ 1, -5, 0, 0, 1, 10, 0, 0, 19 ]
[ 1, -5, 0, 0, 2, 1, 0, 1, 10 ]
[ 0, 1, 10, -1, 5, 0, 0, 0, 19 ]
[ 0, 2, 1, -1, 5, 0, 0, 1, 10 ]
[ 4, -1, 0, 0, 2, 1, 1, -1, 2 ]
[ 1, 0, -7, -4, 1, 0, 0, 0, 19 ]
[ 3, 0, -2, -4, 1, 0, -1, 0, 7 ]
[ 1, -1, 2, 0, 1, 10, 0, 0, 19 ]
[ 1, -1, 2, 0, 2, 1, 0, 1, 10 ]
[ -1, 0, 7, 1, -1, 2, 0, 0, 19 ]
[ -4, 1, 0, -1, 0, 7, 0, 0, 19 ]
[ -4, 1, 0, 1, -1, 2, -1, 0, 7 ]
[ 19, 0, 0, 7, 1, 0, 8, 0, 1 ]
[ 7, 1, 0, 2, 3, 0, 1, -1, 1 ]
[ 8, 0, 1, 7, 1, 0, -3, 0, 2 ]
[ 1, 11, 0, 0, 19, 0, 0, 7, 1 ]
[ 2, 3, 0, 1, 11, 0, -1, -4, 1 ]
[ 1, 1, 4, 2, 3, 0, 0, 0, 19 ]
[ 1, -1, 1, 2, 3, 0, 1, 1, 4 ]
[ -7, -1, 0, 1, -1, 1, -3, 0, 2 ]
[ 1, 0, -7, 7, 1, 0, 0, 0, 19 ]
[ 3, 0, -2, 7, 1, 0, -1, 0, 7 ]
[ 1, 11, 0, 0, 7, 1, 0, 2, 3 ]
[ 1, 4, -1, 1, 11, 0, 0, 2, 3 ]
[ -2, -3, 0, -1, -2, 4, 0, 0, 19 ]
[ -2, -3, 0, -1, -4, 1, -1, -2, 4 ]
[ 1, 0, 12, 1, 1, 4, 0, 0, 19 ]
[ 1, -1, 1, 1, 0, 12, 0, 0, 19 ]
[ 1, -1, 1, 1, 1, 4, 1, 0, 12 ]
[ -1, 0, 7, 1, -1, 1, 0, 0, 19 ]
[ -3, 0, 2, 1, -1, 1, -1, 0, 7 ]
[ 7, 1, 0, -1, 0, 7, 0, 0, 19 ]
[ 7, 1, 0, -3, 0, 2, -1, 0, 7 ]
[ 1, 11, 0, 0, 1, 11, 0, 0, 19 ]
[ 1, 11, 0, 0, 2, 3, 0, 1, 11 ]
[ 0, -1, -11, 1, 11, 0, 0, 0, 19 ]
[ 0, -2, -3, 1, 11, 0, 0, 1, 11 ]
[ 1, 4, -1, 0, 1, 11, 0, 0, 19 ]
[ 1, 4, -1, 0, 2, 3, 0, 1, 11 ]
[ -1, -3, 12, -1, -4, 1, 0, 0, 19 ]
[ -1, -2, 4, -1, -3, 12, 0, 0, 19 ]
[ -1, -2, 4, -1, -4, 1, -1, -3, 12 ]
[ 1, -1, 0, 0, 19, 0, 0, 8, 1 ]
[ 19, 0, 0, -1, 1, 0, 8, 0, 1 ]
[ 1, -1, 0, 0, 8, 1, 0, -3, 2 ]
[ 8, 0, 1, -1, 1, 0, -3, 0, 2 ]
[ -1, 1, 0, 0, -1, 7, 0, 0, 19 ]
[ -1, 1, 0, 0, -3, 2, 0, -1, 7 ]
[ 1, 0, -7, -1, 1, 0, 0, 0, 19 ]
[ 3, 0, -2, -1, 1, 0, -1, 0, 7 ]
[ 19, 0, 0, -9, 1, 0, 8, 0, 1 ]
[ 1, 2, 0, 0, 19, 0, 0, 3, 1 ]
[ 9, -1, 0, 1, 2, 0, -1, 1, 1 ]
[ 8, 0, 1, -9, 1, 0, -3, 0, 2 ]
[ -1, -2, 0, 0, -1, 6, 0, 0, 19 ]
[ 1, 2, 0, 0, 3, 1, 0, -1, 6 ]
[ 0, -1, 6, 1, 2, 0, 0, 0, 19 ]
[ -1, 1, 1, 0, -1, 6, 0, 0, 19 ]
[ 1, -1, -1, 1, 2, 0, 0, -1, 6 ]
[ 9, -1, 0, -1, 1, 1, -3, 0, 2 ]
[ 1, 0, -7, -9, 1, 0, 0, 0, 19 ]
[ 3, 0, -2, -9, 1, 0, -1, 0, 7 ]
[ 1, 0, -7, -1, 1, 1, 0, 0, 19 ]
[ 3, 0, -2, -1, 1, 1, -1, 0, 7 ]
[ -9, 1, 0, -1, 0, 7, 0, 0, 19 ]
[ -9, 1, 0, -3, 0, 2, -1, 0, 7 ]
[ 19, 0, 0, 2, 1, 0, 8, 0, 1 ]
[ 1, 10, 0, 0, 19, 0, 0, -4, 1 ]
[ 2, 1, 0, 1, 10, 0, 0, -4, 1 ]
[ 8, 0, 1, 2, 1, 0, -3, 0, 2 ]
[ -1, -10, 0, 0, -1, 5, 0, 0, 19 ]
[ -1, -10, 0, 0, -4, 1, 0, -1, 5 ]
[ 0, -1, 5, 1, 10, 0, 0, 0, 19 ]
[ 0, -4, 1, 1, 10, 0, 0, -1, 5 ]
[ -2, -1, 0, 0, -4, 1, 1, 2, 2 ]
[ 1, 0, -7, 2, 1, 0, 0, 0, 19 ]
[ 3, 0, -2, 2, 1, 0, -1, 0, 7 ]
[ -1, -2, -2, 0, -1, 5, 0, 0, 19 ]
[ -1, -2, -2, 0, -4, 1, 0, -1, 5 ]
[ 1, 1, 7, 1, 2, 2, 0, 0, 19 ]
[ 2, 1, 0, 1, 1, 7, 0, 0, 19 ]
[ 2, 1, 0, 1, 2, 2, 1, 1, 7 ]
[ 19, 0, 0, -6, 1, 0, 8, 0, 1 ]
[ 1, 3, 0, 0, 19, 0, 0, -5, 1 ]
[ 6, -1, 0, 1, 3, 0, 2, 1, 1 ]
[ 8, 0, 1, -6, 1, 0, -3, 0, 2 ]
[ -1, -3, 0, 0, -1, 4, 0, 0, 19 ]
[ -1, -3, 0, 0, -5, 1, 0, -1, 4 ]
[ 0, -1, 4, 1, 3, 0, 0, 0, 19 ]
[ 2, 1, 1, 1, 3, 0, 0, -1, 4 ]
[ 6, -1, 0, 2, 1, 1, -3, 0, 2 ]
[ 1, 0, -7, -6, 1, 0, 0, 0, 19 ]
[ 3, 0, -2, -6, 1, 0, -1, 0, 7 ]
[ -1, 0, -12, 0, -1, 4, 0, 0, 19 ]
[ -2, -1, -1, 1, 0, 12, 0, 0, 19 ]
[ -2, -1, -1, 0, -1, 4, 1, 0, 12 ]
[ 1, 0, -7, 2, 1, 1, 0, 0, 19 ]
[ 3, 0, -2, 2, 1, 1, -1, 0, 7 ]
[ -6, 1, 0, -1, 0, 7, 0, 0, 19 ]
[ -6, 1, 0, -3, 0, 2, -1, 0, 7 ]
[ 19, 0, 0, 5, 1, 0, 8, 0, 1 ]
[ 1, 4, 0, 0, 19, 0, 0, 6, 1 ]
[ 5, 1, 0, 1, 4, 0, -2, -2, 1 ]
[ 8, 0, 1, 5, 1, 0, -3, 0, 2 ]
[ -1, -4, 0, 0, -1, 3, 0, 0, 19 ]
[ 1, 4, 0, 0, 6, 1, 0, -1, 3 ]
[ 0, -1, 3, 1, 4, 0, 0, 0, 19 ]
[ 2, 2, -1, 1, 4, 0, 0, -1, 3 ]
[ -5, -1, 0, -2, -2, 1, 2, 1, 2 ]
[ 1, 0, -7, 5, 1, 0, 0, 0, 19 ]
[ 3, 0, -2, 5, 1, 0, -1, 0, 7 ]
[ -1, -1, 10, 0, -1, 3, 0, 0, 19 ]
[ -2, -2, 1, 0, -1, 3, -1, -1, 10 ]
[ -2, -1, -2, -1, -1, 10, 0, 0, 19 ]
[ -2, -1, -2, -2, -2, 1, -1, -1, 10 ]
[ 1, 0, -7, 2, 1, 2, 0, 0, 19 ]
[ 5, 1, 0, -1, 0, 7, 0, 0, 19 ]
[ 5, 1, 0, 2, 1, 2, -1, 0, 7 ]
[ 19, 0, 0, -3, 1, 0, 8, 0, 1 ]
[ 1, 6, 0, 0, 19, 0, 0, 9, 1 ]
[ 3, -1, 0, 1, 6, 0, -1, 3, 1 ]
[ 8, 0, 1, -3, 1, 0, -3, 0, 2 ]
[ -1, -6, 0, 0, -1, 2, 0, 0, 19 ]
[ 1, 6, 0, 0, 9, 1, 0, -1, 2 ]
[ 0, -1, 2, 1, 6, 0, 0, 0, 19 ]
[ -1, 3, 1, 0, -1, 2, 0, 0, 19 ]
[ 1, -3, -1, 1, 6, 0, 0, -1, 2 ]
[ 0, 1, -2, -1, 3, 1, 0, 0, 19 ]
[ 3, -1, 0, -1, 3, 1, 0, -1, 2 ]
[ 1, 0, -7, -3, 1, 0, 0, 0, 19 ]
[ 3, 0, -2, -3, 1, 0, -1, 0, 7 ]
[ -1, 0, 7, 0, -1, 2, 0, 0, 19 ]
[ -3, 1, 0, -1, 0, 7, 0, 0, 19 ]
[ -3, 1, 0, 0, -1, 2, -1, 0, 7 ]
[ 19, 0, 0, 8, 1, 0, 8, 0, 1 ]
[ 8, 1, 0, -3, 2, 0, 0, -1, 1 ]
[ 8, 0, 1, 8, 1, 0, -3, 0, 2 ]
[ -1, 7, 0, 0, -1, 1, 0, 0, 19 ]
[ 1, -7, 0, 0, 19, 0, 0, -1, 1 ]
[ 0, 1, -1, -1, 7, 0, 0, 0, 19 ]
[ 3, -2, 0, -1, 7, 0, 0, -1, 1 ]
[ -1, 1, 6, -3, 2, 0, 0, 0, 19 ]
[ 0, 1, -1, -1, 1, 6, 0, 0, 19 ]
[ 0, 1, -1, -3, 2, 0, -1, 1, 6 ]
[ -8, -1, 0, 0, -1, 1, -3, 0, 2 ]
[ 1, 0, -7, 8, 1, 0, 0, 0, 19 ]
[ 3, 0, -2, 8, 1, 0, -1, 0, 7 ]
[ -1, 1, 6, 0, -1, 1, 0, 0, 19 ]
[ 3, -2, 0, -1, 1, 6, 0, 0, 19 ]
[ -3, 2, 0, 0, -1, 1, -1, 1, 6 ]
[ -1, 0, 7, 0, -1, 1, 0, 0, 19 ]
[ -3, 0, 2, 0, -1, 1, -1, 0, 7 ]
[ 8, 1, 0, -1, 0, 7, 0, 0, 19 ]
[ 8, 1, 0, -3, 0, 2, -1, 0, 7 ]
[ 19, 0, 0, 0, 1, 0, 3, 0, 1 ]
[ 1, 0, -6, 0, 1, 0, 0, 0, 19 ]
[ 3, 0, 1, 0, 1, 0, -1, 0, 6 ]
[ 19, 0, 0, -3, 1, 0, 3, 0, 1 ]
[ 1, 6, 0, 0, 1, 1, 0, 0, 19 ]
[ 1, 6, 0, 0, 19, 0, 0, 1, 1 ]
[ 0, -1, -1, 1, 6, 0, 0, 0, 19 ]
[ 3, -1, 0, 1, 6, 0, 0, 1, 1 ]
[ 1, 0, -6, -3, 1, 0, 0, 0, 19 ]
[ 3, 0, 1, -3, 1, 0, -1, 0, 6 ]
[ 1, 0, -6, 0, 1, 1, 0, 0, 19 ]
[ -3, 1, 0, -1, 0, 6, 0, 0, 19 ]
[ 3, -1, 0, 0, 1, 1, -1, 0, 6 ]
[ 19, 0, 0, -6, 1, 0, 3, 0, 1 ]
[ 1, 3, 0, 0, 19, 0, 0, -9, 1 ]
[ 6, -1, 0, 1, 3, 0, 3, 0, 1 ]
[ 1, 0, -6, -6, 1, 0, 0, 0, 19 ]
[ 3, 0, 1, -6, 1, 0, -1, 0, 6 ]
[ 1, 3, 0, 0, 1, 2, 0, 0, 19 ]
[ -1, -3, 0, 0, -9, 1, 0, 1, 2 ]
[ 0, -1, -2, 1, 3, 0, 0, 0, 19 ]
[ 3, 0, 1, 1, 3, 0, 0, 1, 2 ]
[ -6, 1, 0, -1, 0, 6, 0, 0, 19 ]
[ 6, -1, 0, 3, 0, 1, -1, 0, 6 ]
[ 1, 0, -6, 0, 1, 2, 0, 0, 19 ]
[ 3, 0, 1, 0, 1, 2, -1, 0, 6 ]
[ 19, 0, 0, -9, 1, 0, 3, 0, 1 ]
[ 1, 2, 0, 0, 19, 0, 0, -6, 1 ]
[ 9, -1, 0, 1, 2, 0, 3, 0, 1 ]
[ 1, 0, -6, -9, 1, 0, 0, 0, 19 ]
[ 3, 0, 1, -9, 1, 0, -1, 0, 6 ]
[ 1, 2, 0, 0, 1, 3, 0, 0, 19 ]
[ -1, -2, 0, 0, -6, 1, 0, 1, 3 ]
[ 0, -1, -3, 1, 2, 0, 0, 0, 19 ]
[ 3, 0, 1, 1, 2, 0, 0, 1, 3 ]
[ -9, 1, 0, -1, 0, 6, 0, 0, 19 ]
[ 9, -1, 0, 3, 0, 1, -1, 0, 6 ]
[ 1, 0, -6, 0, 1, 3, 0, 0, 19 ]
[ 3, 0, 1, 0, 1, 3, -1, 0, 6 ]
[ 19, 0, 0, 7, 1, 0, 3, 0, 1 ]
[ 7, 1, 0, 2, 3, 0, 3, 0, 1 ]
[ 1, 0, -6, 7, 1, 0, 0, 0, 19 ]
[ 3, 0, 1, 7, 1, 0, -1, 0, 6 ]
[ 1, 11, 0, 0, 19, 0, 0, 5, 1 ]
[ 2, 3, 0, 1, 11, 0, -1, -6, 1 ]
[ 1, 1, -2, 2, 3, 0, 0, 0, 19 ]
[ 3, 0, 1, 2, 3, 0, -1, -1, 2 ]
[ 7, 1, 0, -1, 0, 6, 0, 0, 19 ]
[ -7, -1, 0, 3, 0, 1, -1, 0, 6 ]
[ 1, 11, 0, 0, 1, 4, 0, 0, 19 ]
[ 1, 11, 0, 0, 5, 1, 0, 1, 4 ]
[ 0, -1, -4, 1, 11, 0, 0, 0, 19 ]
[ 1, 6, -1, 0, 1, 4, 0, 0, 19 ]
[ 1, 6, -1, 1, 11, 0, 0, 1, 4 ]
[ 2, 3, 0, 1, 2, 2, 0, 0, 19 ]
[ -2, -3, 0, -1, -6, 1, 1, 2, 2 ]
[ -1, 0, 6, -1, -1, 2, 0, 0, 19 ]
[ -3, 0, -1, -1, -1, 2, -1, 0, 6 ]
[ 0, 1, 4, -1, -6, 1, 0, 0, 19 ]
[ 1, 2, 2, 0, 1, 4, 0, 0, 19 ]
[ -1, -2, -2, -1, -6, 1, 0, 1, 4 ]
[ 19, 0, 0, 4, 1, 0, 3, 0, 1 ]
[ 1, 5, 0, 0, 19, 0, 0, 4, 1 ]
[ 4, 1, 0, 1, 5, 0, -1, -1, 1 ]
[ 1, 0, -6, 4, 1, 0, 0, 0, 19 ]
[ 3, 0, 1, 4, 1, 0, -1, 0, 6 ]
[ 1, 5, 0, 0, 1, 5, 0, 0, 19 ]
[ 1, 5, 0, 0, 4, 1, 0, 1, 5 ]
[ 0, -1, -5, 1, 5, 0, 0, 0, 19 ]
[ 1, 1, -1, 0, 1, 5, 0, 0, 19 ]
[ 1, 1, -1, 1, 5, 0, 0, 1, 5 ]
[ -1, 0, 6, -1, -1, 1, 0, 0, 19 ]
[ 4, 1, 0, -1, 0, 6, 0, 0, 19 ]
[ -4, -1, 0, -1, -1, 1, -1, 0, 6 ]
[ 1, 1, 0, 0, 19, 0, 0, -3, 1 ]
[ 19, 0, 0, 1, 1, 0, 3, 0, 1 ]
[ 1, 1, 0, 0, 1, 6, 0, 0, 19 ]
[ -1, -1, 0, 0, -3, 1, 0, 1, 6 ]
[ 1, 0, -6, 1, 1, 0, 0, 0, 19 ]
[ 3, 0, 1, 1, 1, 0, -1, 0, 6 ]
[ 19, 0, 0, -2, 1, 0, 3, 0, 1 ]
[ 1, -10, 0, 0, 19, 0, 0, -8, 1 ]
[ 2, -1, 0, -1, 10, 0, -1, 2, 1 ]
[ 1, 0, -6, -2, 1, 0, 0, 0, 19 ]
[ 3, 0, 1, -2, 1, 0, -1, 0, 6 ]
[ -1, 10, 0, 0, -8, 1, 0, 3, 2 ]
[ 1, -2, -1, -1, 10, 0, 0, 3, 2 ]
[ 1, -1, 6, -1, 2, 1, 0, 0, 19 ]
[ -2, 1, 0, 1, -1, 6, 0, 0, 19 ]
[ 2, -1, 0, -1, 2, 1, 1, -1, 6 ]
[ 1, -10, 0, 0, 1, 7, 0, 0, 19 ]
[ 1, -10, 0, 0, 3, 2, 0, 1, 7 ]
[ 0, 1, 7, -1, 10, 0, 0, 0, 19 ]
[ 0, 3, 2, -1, 10, 0, 0, 1, 7 ]
[ 1, -2, -1, 0, 1, 7, 0, 0, 19 ]
[ 1, -2, -1, 0, 3, 2, 0, 1, 7 ]
[ 19, 0, 0, -5, 1, 0, 3, 0, 1 ]
[ 1, -4, 0, 0, 19, 0, 0, -7, 1 ]
[ 5, -1, 0, -1, 4, 0, -2, 1, 1 ]
[ 1, 0, -6, -5, 1, 0, 0, 0, 19 ]
[ 3, 0, 1, -5, 1, 0, -1, 0, 6 ]
[ -1, 4, 0, 0, -7, 1, 0, -2, 3 ]
[ 2, -1, -1, -1, 4, 0, -1, 2, 3 ]
[ 1, 0, -6, -2, 1, 1, 0, 0, 19 ]
[ -5, 1, 0, -1, 0, 6, 0, 0, 19 ]
[ 5, -1, 0, -2, 1, 1, -1, 0, 6 ]
[ -1, 4, 0, 0, -1, 11, 0, 0, 19 ]
[ -1, 4, 0, 0, -2, 3, 0, -1, 11 ]
[ 1, -3, -11, -1, 4, 0, 0, 0, 19 ]
[ 1, -2, -3, -1, 3, 11, 0, 0, 19 ]
[ 1, -2, -3, -1, 4, 0, -1, 3, 11 ]
[ 1, -1, 5, -1, 2, 3, 0, 0, 19 ]
[ -2, 1, 1, 1, -1, 5, 0, 0, 19 ]
[ 2, -1, -1, -1, 2, 3, 1, -1, 5 ]
[ 19, 0, 0, -8, 1, 0, 3, 0, 1 ]
[ 8, -1, 0, 3, 2, 0, 3, 0, 1 ]
[ 1, 0, -6, -8, 1, 0, 0, 0, 19 ]
[ 3, 0, 1, -8, 1, 0, -1, 0, 6 ]
[ 1, 7, 0, 0, 19, 0, 0, -2, 1 ]
[ 3, 2, 0, 1, 7, 0, 0, -2, 1 ]
[ -1, -1, -3, 3, 2, 0, 0, 0, 19 ]
[ 3, 0, 1, 3, 2, 0, 1, 1, 3 ]
[ -8, 1, 0, -1, 0, 6, 0, 0, 19 ]
[ 8, -1, 0, 3, 0, 1, -1, 0, 6 ]
[ -1, -7, 0, 0, -1, 10, 0, 0, 19 ]
[ -1, -7, 0, 0, -2, 1, 0, -1, 10 ]
[ 0, -1, 10, 1, 7, 0, 0, 0, 19 ]
[ 0, -2, 1, 1, 7, 0, 0, -1, 10 ]
[ 3, 2, 0, 1, 1, 3, 0, 0, 19 ]
[ -3, -2, 0, 0, -2, 1, 1, 1, 3 ]
[ 1, 0, -6, 1, 1, 3, 0, 0, 19 ]
[ 3, 0, 1, 1, 1, 3, -1, 0, 6 ]
[ -1, -1, -3, 0, -1, 10, 0, 0, 19 ]
[ -1, -1, -3, 0, -2, 1, 0, -1, 10 ]
[ 19, 0, 0, 8, 1, 0, 3, 0, 1 ]
[ 8, 1, 0, -3, 2, 0, 3, 0, 1 ]
[ 1, 0, -6, 8, 1, 0, 0, 0, 19 ]
[ 3, 0, 1, 8, 1, 0, -1, 0, 6 ]
[ 1, -7, 0, 0, 19, 0, 0, 2, 1 ]
[ 3, -2, 0, -1, 7, 0, 0, 2, 1 ]
[ 2, -1, -3, -3, 2, 0, 0, 0, 19 ]
[ 3, 0, 1, -3, 2, 0, -2, 1, 3 ]
[ 8, 1, 0, -1, 0, 6, 0, 0, 19 ]
[ -8, -1, 0, 3, 0, 1, -1, 0, 6 ]
[ 1, -7, 0, 0, 1, 10, 0, 0, 19 ]
[ 1, -7, 0, 0, 2, 1, 0, 1, 10 ]
[ 0, 1, 10, -1, 7, 0, 0, 0, 19 ]
[ 0, 2, 1, -1, 7, 0, 0, 1, 10 ]
[ -3, 2, 0, 1, -1, 3, 0, 0, 19 ]
[ 3, -2, 0, 0, 2, 1, 1, -1, 3 ]
[ 1, 0, -6, -2, 1, 3, 0, 0, 19 ]
[ 3, 0, 1, -2, 1, 3, -1, 0, 6 ]
[ 1, -1, 3, 0, 1, 10, 0, 0, 19 ]
[ 1, -1, 3, 0, 2, 1, 0, 1, 10 ]
[ 19, 0, 0, 5, 1, 0, 3, 0, 1 ]
[ 1, 4, 0, 0, 19, 0, 0, 7, 1 ]
[ 5, 1, 0, 1, 4, 0, -2, -1, 1 ]
[ 1, 0, -6, 5, 1, 0, 0, 0, 19 ]
[ 3, 0, 1, 5, 1, 0, -1, 0, 6 ]
[ 1, 4, 0, 0, 7, 1, 0, 2, 3 ]
[ 2, 1, -1, 1, 4, 0, -1, -2, 3 ]
[ -1, 0, 6, -2, -1, 1, 0, 0, 19 ]
[ 5, 1, 0, -1, 0, 6, 0, 0, 19 ]
[ -5, -1, 0, -2, -1, 1, -1, 0, 6 ]
[ 1, 4, 0, 0, 1, 11, 0, 0, 19 ]
[ 1, 4, 0, 0, 2, 3, 0, 1, 11 ]
[ 0, -1, -11, 1, 4, 0, 0, 0, 19 ]
[ 1, 2, -3, 0, 1, 11, 0, 0, 19 ]
[ 1, 2, -3, 1, 4, 0, 0, 1, 11 ]
[ -1, -1, -5, -1, -2, 3, 0, 0, 19 ]
[ 2, 1, -1, 1, 1, 5, 0, 0, 19 ]
[ -2, -1, 1, -1, -2, 3, 1, 1, 5 ]
[ 19, 0, 0, 2, 1, 0, 3, 0, 1 ]
[ 1, 10, 0, 0, 19, 0, 0, 8, 1 ]
[ 2, 1, 0, 1, 10, 0, -1, -2, 1 ]
[ 1, 0, -6, 2, 1, 0, 0, 0, 19 ]
[ 3, 0, 1, 2, 1, 0, -1, 0, 6 ]
[ 1, 10, 0, 0, 8, 1, 0, -3, 2 ]
[ 1, 2, -1, 1, 10, 0, 0, -3, 2 ]
[ -1, -1, -6, -1, -2, 1, 0, 0, 19 ]
[ 2, 1, 0, 1, 1, 6, 0, 0, 19 ]
[ -2, -1, 0, -1, -2, 1, 1, 1, 6 ]
[ -1, -10, 0, 0, -1, 7, 0, 0, 19 ]
[ -1, -10, 0, 0, -3, 2, 0, -1, 7 ]
[ 0, -1, 7, 1, 10, 0, 0, 0, 19 ]
[ 0, -3, 2, 1, 10, 0, 0, -1, 7 ]
[ -1, -2, 1, 0, -1, 7, 0, 0, 19 ]
[ -1, -2, 1, 0, -3, 2, 0, -1, 7 ]
[ 1, -1, 0, 0, 19, 0, 0, 3, 1 ]
[ 19, 0, 0, -1, 1, 0, 3, 0, 1 ]
[ -1, 1, 0, 0, -1, 6, 0, 0, 19 ]
[ 1, -1, 0, 0, 3, 1, 0, -1, 6 ]
[ 1, 0, -6, -1, 1, 0, 0, 0, 19 ]
[ 3, 0, 1, -1, 1, 0, -1, 0, 6 ]
[ 19, 0, 0, -4, 1, 0, 3, 0, 1 ]
[ 1, -5, 0, 0, 19, 0, 0, -4, 1 ]
[ 4, -1, 0, -1, 5, 0, -1, 1, 1 ]
[ 1, 0, -6, -4, 1, 0, 0, 0, 19 ]
[ 3, 0, 1, -4, 1, 0, -1, 0, 6 ]
[ -1, 5, 0, 0, -1, 5, 0, 0, 19 ]
[ -1, 5, 0, 0, -4, 1, 0, -1, 5 ]
[ 0, 1, -5, -1, 5, 0, 0, 0, 19 ]
[ -1, 1, 1, 0, -1, 5, 0, 0, 19 ]
[ 1, -1, -1, -1, 5, 0, 0, -1, 5 ]
[ 1, 0, -6, -1, 1, 1, 0, 0, 19 ]
[ -4, 1, 0, -1, 0, 6, 0, 0, 19 ]
[ 4, -1, 0, -1, 1, 1, -1, 0, 6 ]
[ 19, 0, 0, -7, 1, 0, 3, 0, 1 ]
[ 7, -1, 0, -2, 3, 0, 3, 0, 1 ]
[ 1, 0, -6, -7, 1, 0, 0, 0, 19 ]
[ 3, 0, 1, -7, 1, 0, -1, 0, 6 ]
[ 1, -11, 0, 0, 19, 0, 0, -5, 1 ]
[ 2, -3, 0, -1, 11, 0, -1, 6, 1 ]
[ 1, -1, -2, -2, 3, 0, 0, 0, 19 ]
[ 3, 0, 1, -2, 3, 0, -1, 1, 2 ]
[ -7, 1, 0, -1, 0, 6, 0, 0, 19 ]
[ 7, -1, 0, 3, 0, 1, -1, 0, 6 ]
[ -1, 11, 0, 0, -1, 4, 0, 0, 19 ]
[ -1, 11, 0, 0, -5, 1, 0, -1, 4 ]
[ 0, 1, -4, -1, 11, 0, 0, 0, 19 ]
[ -1, 6, 1, 0, -1, 4, 0, 0, 19 ]
[ 1, -6, -1, -1, 11, 0, 0, -1, 4 ]
[ -2, 3, 0, 1, -2, 2, 0, 0, 19 ]
[ 2, -3, 0, -1, 6, 1, 1, -2, 2 ]
[ 1, 0, -6, -1, 1, 2, 0, 0, 19 ]
[ 3, 0, 1, -1, 1, 2, -1, 0, 6 ]
[ 0, 1, -4, -1, 6, 1, 0, 0, 19 ]
[ -1, 2, -2, 0, -1, 4, 0, 0, 19 ]
[ 1, -2, 2, -1, 6, 1, 0, -1, 4 ]
[ 19, 0, 0, 9, 1, 0, 3, 0, 1 ]
[ 1, -2, 0, 0, 19, 0, 0, 6, 1 ]
[ 9, 1, 0, -1, 2, 0, 3, 0, 1 ]
[ 1, 0, -6, 9, 1, 0, 0, 0, 19 ]
[ 3, 0, 1, 9, 1, 0, -1, 0, 6 ]
[ -1, 2, 0, 0, -1, 3, 0, 0, 19 ]
[ 1, -2, 0, 0, 6, 1, 0, -1, 3 ]
[ 1, -1, -3, -1, 2, 0, 0, 0, 19 ]
[ 3, 0, 1, -1, 2, 0, -1, 1, 3 ]
[ 9, 1, 0, -1, 0, 6, 0, 0, 19 ]
[ -9, -1, 0, 3, 0, 1, -1, 0, 6 ]
[ 1, 0, -6, -1, 1, 3, 0, 0, 19 ]
[ 3, 0, 1, -1, 1, 3, -1, 0, 6 ]
[ 19, 0, 0, 6, 1, 0, 3, 0, 1 ]
[ 1, -3, 0, 0, 19, 0, 0, 9, 1 ]
[ 6, 1, 0, -1, 3, 0, 3, 0, 1 ]
[ 1, 0, -6, 6, 1, 0, 0, 0, 19 ]
[ 3, 0, 1, 6, 1, 0, -1, 0, 6 ]
[ -1, 3, 0, 0, -1, 2, 0, 0, 19 ]
[ 1, -3, 0, 0, 9, 1, 0, -1, 2 ]
[ 0, 1, -2, -1, 3, 0, 0, 0, 19 ]
[ 3, 0, 1, -1, 3, 0, 0, -1, 2 ]
[ 6, 1, 0, -1, 0, 6, 0, 0, 19 ]
[ -6, -1, 0, 3, 0, 1, -1, 0, 6 ]
[ -1, 0, 6, 0, -1, 2, 0, 0, 19 ]
[ -3, 0, -1, 0, -1, 2, -1, 0, 6 ]
[ 19, 0, 0, 3, 1, 0, 3, 0, 1 ]
[ -1, 6, 0, 0, -1, 1, 0, 0, 19 ]
[ 1, -6, 0, 0, 19, 0, 0, -1, 1 ]
[ 0, 1, -1, -1, 6, 0, 0, 0, 19 ]
[ 3, 1, 0, -1, 6, 0, 0, -1, 1 ]
[ 1, 0, -6, 3, 1, 0, 0, 0, 19 ]
[ 3, 0, 1, 3, 1, 0, -1, 0, 6 ]
[ -1, 0, 6, 0, -1, 1, 0, 0, 19 ]
[ 3, 1, 0, -1, 0, 6, 0, 0, 19 ]
[ -3, -1, 0, 0, -1, 1, -1, 0, 6 ]
[ 19, 0, 0, 0, 1, 0, -4, 0, 1 ]
[ 1, 0, -5, 0, 1, 0, 0, 0, 19 ]
[ 4, 0, -1, 0, 1, 0, -1, 0, 5 ]
[ 19, 0, 0, 4, 1, 0, -4, 0, 1 ]
[ 1, 5, 0, 0, 1, 1, 0, 0, 19 ]
[ 1, 5, 0, 0, 19, 0, 0, 1, 1 ]
[ 0, -1, -1, 1, 5, 0, 0, 0, 19 ]
[ 4, 1, 0, 1, 5, 0, 0, 1, 1 ]
[ 1, 0, -5, 4, 1, 0, 0, 0, 19 ]
[ 4, 0, -1, 4, 1, 0, -1, 0, 5 ]
[ 1, 0, -5, 0, 1, 1, 0, 0, 19 ]
[ 4, 1, 0, -1, 0, 5, 0, 0, 19 ]
[ 4, 1, 0, 0, 1, 1, -1, 0, 5 ]
[ 19, 0, 0, 8, 1, 0, -4, 0, 1 ]
[ 8, 1, 0, -3, 2, 0, -4, 0, 1 ]
[ 1, 0, -5, 8, 1, 0, 0, 0, 19 ]
[ 4, 0, -1, 8, 1, 0, -1, 0, 5 ]
[ 1, -7, 0, 0, 19, 0, 0, -9, 1 ]
[ 3, -2, 0, -1, 7, 0, -1, -2, 1 ]
[ 4, 0, -1, -3, 2, 0, 0, 1, 2 ]
[ 8, 1, 0, -1, 0, 5, 0, 0, 19 ]
[ 8, 1, 0, -4, 0, 1, -1, 0, 5 ]
[ 1, -7, 0, 0, 1, 2, 0, 0, 19 ]
[ -1, 7, 0, 0, -9, 1, 0, 1, 2 ]
[ 0, 1, 2, -1, 7, 0, 0, 0, 19 ]
[ 1, 2, -1, 0, 1, 2, 0, 0, 19 ]
[ 1, 2, -1, -1, 7, 0, 0, 1, 2 ]
[ 0, 1, 2, -1, -2, 1, 0, 0, 19 ]
[ -3, 2, 0, -1, -2, 1, 0, 1, 2 ]
[ -1, 1, 7, -3, 2, 0, 0, 0, 19 ]
[ 0, 1, 2, -1, 1, 7, 0, 0, 19 ]
[ 0, 1, 2, -3, 2, 0, -1, 1, 7 ]
[ 1, 0, -5, 0, 1, 2, 0, 0, 19 ]
[ 4, 0, -1, 0, 1, 2, -1, 0, 5 ]
[ 1, -1, -7, 0, 1, 2, 0, 0, 19 ]
[ 3, -2, 0, -1, 1, 7, 0, 0, 19 ]
[ 3, -2, 0, 0, 1, 2, -1, 1, 7 ]
[ 19, 0, 0, -7, 1, 0, -4, 0, 1 ]
[ 7, -1, 0, -2, 3, 0, 3, -1, 1 ]
[ 1, 0, -5, -7, 1, 0, 0, 0, 19 ]
[ 4, 0, -1, -7, 1, 0, -1, 0, 5 ]
[ 1, -11, 0, 0, 19, 0, 0, -6, 1 ]
[ 2, -3, 0, -1, 11, 0, -1, 5, 1 ]
[ 3, -1, 1, -2, 3, 0, 0, 1, 3 ]
[ -1, 0, 5, 3, -1, 1, 0, 0, 19 ]
[ -7, 1, 0, -1, 0, 5, 0, 0, 19 ]
[ -7, 1, 0, 3, -1, 1, -1, 0, 5 ]
[ 1, -11, 0, 0, 1, 3, 0, 0, 19 ]
[ -1, 11, 0, 0, -6, 1, 0, 1, 3 ]
[ 0, 1, 3, -1, 11, 0, 0, 0, 19 ]
[ 1, -5, -1, 0, 1, 3, 0, 0, 19 ]
[ 1, -5, -1, -1, 11, 0, 0, 1, 3 ]
[ 0, 1, 3, -1, 5, 1, 0, 0, 19 ]
[ 2, -3, 0, -1, 5, 1, 0, 1, 3 ]
[ -1, 2, 11, -2, 3, 0, 0, 0, 19 ]
[ 0, 1, 3, -1, 2, 11, 0, 0, 19 ]
[ 0, 1, 3, -2, 3, 0, -1, 2, 11 ]
[ 1, 0, -5, 0, 1, 3, 0, 0, 19 ]
[ -3, 1, -1, -1, 0, 5, 0, 0, 19 ]
[ 3, -1, 1, 0, 1, 3, -1, 0, 5 ]
[ 1, -2, -11, 0, 1, 3, 0, 0, 19 ]
[ 2, -3, 0, -1, 2, 11, 0, 0, 19 ]
[ 2, -3, 0, 0, 1, 3, -1, 2, 11 ]
[ 19, 0, 0, -3, 1, 0, -4, 0, 1 ]
[ 1, 6, 0, 0, 19, 0, 0, 5, 1 ]
[ 3, -1, 0, 1, 6, 0, -1, -1, 1 ]
[ 1, 0, -5, -3, 1, 0, 0, 0, 19 ]
[ 4, 0, -1, -3, 1, 0, -1, 0, 5 ]
[ 1, 6, 0, 0, 1, 4, 0, 0, 19 ]
[ 1, 6, 0, 0, 5, 1, 0, 1, 4 ]
[ 0, -1, -4, 1, 6, 0, 0, 0, 19 ]
[ 1, 1, -1, 0, 1, 4, 0, 0, 19 ]
[ 1, 1, -1, 1, 6, 0, 0, 1, 4 ]
[ -1, 0, 5, -1, -1, 1, 0, 0, 19 ]
[ -3, 1, 0, -1, 0, 5, 0, 0, 19 ]
[ -3, 1, 0, -1, -1, 1, -1, 0, 5 ]
[ 1, 1, 0, 0, 19, 0, 0, 4, 1 ]
[ 19, 0, 0, 1, 1, 0, -4, 0, 1 ]
[ 1, 1, 0, 0, 1, 5, 0, 0, 19 ]
[ 1, 1, 0, 0, 4, 1, 0, 1, 5 ]
[ 1, 0, -5, 1, 1, 0, 0, 0, 19 ]
[ 4, 0, -1, 1, 1, 0, -1, 0, 5 ]
[ 19, 0, 0, 5, 1, 0, -4, 0, 1 ]
[ 1, 4, 0, 0, 19, 0, 0, -3, 1 ]
[ 5, 1, 0, 1, 4, 0, 1, 1, 1 ]
[ 1, 0, -5, 5, 1, 0, 0, 0, 19 ]
[ 4, 0, -1, 5, 1, 0, -1, 0, 5 ]
[ 1, 4, 0, 0, 1, 6, 0, 0, 19 ]
[ -1, -4, 0, 0, -3, 1, 0, 1, 6 ]
[ 0, -1, -6, 1, 4, 0, 0, 0, 19 ]
[ 1, 1, 1, 0, 1, 6, 0, 0, 19 ]
[ 1, 1, 1, 1, 4, 0, 0, 1, 6 ]
[ 1, 0, -5, 1, 1, 1, 0, 0, 19 ]
[ 5, 1, 0, -1, 0, 5, 0, 0, 19 ]
[ 5, 1, 0, 1, 1, 1, -1, 0, 5 ]
[ 19, 0, 0, 9, 1, 0, -4, 0, 1 ]
[ 1, -2, 0, 0, 19, 0, 0, -8, 1 ]
[ 9, 1, 0, -1, 2, 0, -4, 0, 1 ]
[ 1, 0, -5, 9, 1, 0, 0, 0, 19 ]
[ 4, 0, -1, 9, 1, 0, -1, 0, 5 ]
[ -1, 2, 0, 0, -8, 1, 0, 3, 2 ]
[ 4, 0, -1, -1, 2, 0, 1, 1, 2 ]
[ 9, 1, 0, -1, 0, 5, 0, 0, 19 ]
[ 9, 1, 0, -4, 0, 1, -1, 0, 5 ]
[ 1, -2, 0, 0, 1, 7, 0, 0, 19 ]
[ 1, -2, 0, 0, 3, 2, 0, 1, 7 ]
[ 0, 1, 7, -1, 2, 0, 0, 0, 19 ]
[ 1, 1, 2, 0, 1, 7, 0, 0, 19 ]
[ 1, 1, 2, -1, 2, 0, 0, 1, 7 ]
[ 1, 0, -5, 1, 1, 2, 0, 0, 19 ]
[ 4, 0, -1, 1, 1, 2, -1, 0, 5 ]
[ 19, 0, 0, -6, 1, 0, -4, 0, 1 ]
[ 1, 3, 0, 0, 19, 0, 0, -7, 1 ]
[ 6, -1, 0, 1, 3, 0, 2, -1, 1 ]
[ 1, 0, -5, -6, 1, 0, 0, 0, 19 ]
[ 4, 0, -1, -6, 1, 0, -1, 0, 5 ]
[ -1, -3, 0, 0, -7, 1, 0, -2, 3 ]
[ 2, -1, 1, 1, 3, 0, 1, 1, 3 ]
[ -1, 0, 5, 2, -1, 1, 0, 0, 19 ]
[ -6, 1, 0, -1, 0, 5, 0, 0, 19 ]
[ -6, 1, 0, 2, -1, 1, -1, 0, 5 ]
[ -1, -3, 0, 0, -1, 11, 0, 0, 19 ]
[ -1, -3, 0, 0, -2, 3, 0, -1, 11 ]
[ 1, 2, 11, 1, 3, 0, 0, 0, 19 ]
[ 1, 1, 3, 1, 2, 11, 0, 0, 19 ]
[ 1, 1, 3, 1, 3, 0, 1, 2, 11 ]
[ 1, 0, -5, 1, 1, 3, 0, 0, 19 ]
[ -2, 1, -1, -1, 0, 5, 0, 0, 19 ]
[ 2, -1, 1, 1, 1, 3, -1, 0, 5 ]
[ 19, 0, 0, -2, 1, 0, -4, 0, 1 ]
[ 1, -10, 0, 0, 19, 0, 0, -2, 1 ]
[ 2, -1, 0, -1, 10, 0, 0, -2, 1 ]
[ 1, 0, -5, -2, 1, 0, 0, 0, 19 ]
[ 4, 0, -1, -2, 1, 0, -1, 0, 5 ]
[ -1, 10, 0, 0, -1, 10, 0, 0, 19 ]
[ -1, 10, 0, 0, -2, 1, 0, -1, 10 ]
[ 0, 1, -10, -1, 10, 0, 0, 0, 19 ]
[ 0, 2, -1, -1, 10, 0, 0, -1, 10 ]
[ -2, 1, 0, -1, 0, 5, 0, 0, 19 ]
[ -2, 1, 0, 0, -2, 1, -1, 0, 5 ]
[ -1, 0, 5, 0, -1, 10, 0, 0, 19 ]
[ -1, 0, 5, 0, -2, 1, 0, -1, 10 ]
[ 19, 0, 0, 2, 1, 0, -4, 0, 1 ]
[ 1, 10, 0, 0, 19, 0, 0, 2, 1 ]
[ 2, 1, 0, 1, 10, 0, 0, 2, 1 ]
[ 1, 0, -5, 2, 1, 0, 0, 0, 19 ]
[ 4, 0, -1, 2, 1, 0, -1, 0, 5 ]
[ 1, 10, 0, 0, 1, 10, 0, 0, 19 ]
[ 1, 10, 0, 0, 2, 1, 0, 1, 10 ]
[ 0, -1, -10, 1, 10, 0, 0, 0, 19 ]
[ 0, -2, -1, 1, 10, 0, 0, 1, 10 ]
[ 2, 1, 0, 1, 1, 5, 0, 0, 19 ]
[ 2, 1, 0, 0, 2, 1, 1, 1, 5 ]
[ 1, 1, 5, 0, 1, 10, 0, 0, 19 ]
[ 1, 1, 5, 0, 2, 1, 0, 1, 10 ]
[ 19, 0, 0, 6, 1, 0, -4, 0, 1 ]
[ 1, -3, 0, 0, 19, 0, 0, 7, 1 ]
[ 6, 1, 0, -1, 3, 0, 2, 1, 1 ]
[ 1, 0, -5, 6, 1, 0, 0, 0, 19 ]
[ 4, 0, -1, 6, 1, 0, -1, 0, 5 ]
[ 1, -3, 0, 0, 7, 1, 0, 2, 3 ]
[ 2, 1, 1, -1, 3, 0, 1, -1, 3 ]
[ 1, 0, -5, 2, 1, 1, 0, 0, 19 ]
[ 6, 1, 0, -1, 0, 5, 0, 0, 19 ]
[ 6, 1, 0, 2, 1, 1, -1, 0, 5 ]
[ 1, -3, 0, 0, 1, 11, 0, 0, 19 ]
[ 1, -3, 0, 0, 2, 3, 0, 1, 11 ]
[ 0, 1, 11, -1, 3, 0, 0, 0, 19 ]
[ 1, -1, 3, 0, 1, 11, 0, 0, 19 ]
[ 1, -1, 3, -1, 3, 0, 0, 1, 11 ]
[ -1, 0, 5, 1, -1, 3, 0, 0, 19 ]
[ 2, 1, 1, -1, 0, 5, 0, 0, 19 ]
[ -2, -1, -1, 1, -1, 3, -1, 0, 5 ]
[ 19, 0, 0, -9, 1, 0, -4, 0, 1 ]
[ 1, 2, 0, 0, 19, 0, 0, 8, 1 ]
[ 9, -1, 0, 1, 2, 0, -4, 0, 1 ]
[ 1, 0, -5, -9, 1, 0, 0, 0, 19 ]
[ 4, 0, -1, -9, 1, 0, -1, 0, 5 ]
[ 1, 2, 0, 0, 8, 1, 0, -3, 2 ]
[ 4, 0, -1, 1, 2, 0, 2, 1, 2 ]
[ -9, 1, 0, -1, 0, 5, 0, 0, 19 ]
[ -9, 1, 0, -4, 0, 1, -1, 0, 5 ]
[ -1, -2, 0, 0, -1, 7, 0, 0, 19 ]
[ -1, -2, 0, 0, -3, 2, 0, -1, 7 ]
[ 1, 1, 7, 1, 2, 0, 0, 0, 19 ]
[ 2, 1, 2, 1, 1, 7, 0, 0, 19 ]
[ 2, 1, 2, 1, 2, 0, 1, 1, 7 ]
[ 1, 0, -5, 2, 1, 2, 0, 0, 19 ]
[ 4, 0, -1, 2, 1, 2, -1, 0, 5 ]
[ 19, 0, 0, -5, 1, 0, -4, 0, 1 ]
[ 1, -4, 0, 0, 19, 0, 0, 3, 1 ]
[ 5, -1, 0, -1, 4, 0, 1, -1, 1 ]
[ 1, 0, -5, -5, 1, 0, 0, 0, 19 ]
[ 4, 0, -1, -5, 1, 0, -1, 0, 5 ]
[ -1, 4, 0, 0, -1, 6, 0, 0, 19 ]
[ 1, -4, 0, 0, 3, 1, 0, -1, 6 ]
[ 0, 1, -6, -1, 4, 0, 0, 0, 19 ]
[ -1, 1, -1, 0, -1, 6, 0, 0, 19 ]
[ 1, -1, 1, -1, 4, 0, 0, -1, 6 ]
[ -1, 0, 5, 1, -1, 1, 0, 0, 19 ]
[ -5, 1, 0, -1, 0, 5, 0, 0, 19 ]
[ -5, 1, 0, 1, -1, 1, -1, 0, 5 ]
[ 1, -1, 0, 0, 19, 0, 0, -4, 1 ]
[ 19, 0, 0, -1, 1, 0, -4, 0, 1 ]
[ -1, 1, 0, 0, -1, 5, 0, 0, 19 ]
[ -1, 1, 0, 0, -4, 1, 0, -1, 5 ]
[ 1, 0, -5, -1, 1, 0, 0, 0, 19 ]
[ 4, 0, -1, -1, 1, 0, -1, 0, 5 ]
[ 19, 0, 0, 3, 1, 0, -4, 0, 1 ]
[ 1, -6, 0, 0, 19, 0, 0, -5, 1 ]
[ 3, 1, 0, -1, 6, 0, -1, 1, 1 ]
[ 1, 0, -5, 3, 1, 0, 0, 0, 19 ]
[ 4, 0, -1, 3, 1, 0, -1, 0, 5 ]
[ -1, 6, 0, 0, -1, 4, 0, 0, 19 ]
[ -1, 6, 0, 0, -5, 1, 0, -1, 4 ]
[ 0, 1, -4, -1, 6, 0, 0, 0, 19 ]
[ -1, 1, 1, 0, -1, 4, 0, 0, 19 ]
[ 1, -1, -1, -1, 6, 0, 0, -1, 4 ]
[ 1, 0, -5, -1, 1, 1, 0, 0, 19 ]
[ 3, 1, 0, -1, 0, 5, 0, 0, 19 ]
[ 3, 1, 0, -1, 1, 1, -1, 0, 5 ]
[ 19, 0, 0, 7, 1, 0, -4, 0, 1 ]
[ 7, 1, 0, 2, 3, 0, 3, 1, 1 ]
[ 1, 0, -5, 7, 1, 0, 0, 0, 19 ]
[ 4, 0, -1, 7, 1, 0, -1, 0, 5 ]
[ 1, 11, 0, 0, 19, 0, 0, 6, 1 ]
[ 2, 3, 0, 1, 11, 0, -1, -5, 1 ]
[ 3, 1, 1, 2, 3, 0, 0, -1, 3 ]
[ 1, 0, -5, 3, 1, 1, 0, 0, 19 ]
[ 7, 1, 0, -1, 0, 5, 0, 0, 19 ]
[ 7, 1, 0, 3, 1, 1, -1, 0, 5 ]
[ -1, -11, 0, 0, -1, 3, 0, 0, 19 ]
[ 1, 11, 0, 0, 6, 1, 0, -1, 3 ]
[ 0, -1, 3, 1, 11, 0, 0, 0, 19 ]
[ -1, -5, 1, 0, -1, 3, 0, 0, 19 ]
[ 1, 5, -1, 1, 11, 0, 0, -1, 3 ]
[ 0, 1, -3, -1, -5, 1, 0, 0, 19 ]
[ -2, -3, 0, -1, -5, 1, 0, -1, 3 ]
[ 1, 1, 11, 2, 3, 0, 0, 0, 19 ]
[ 0, -1, 3, 1, 1, 11, 0, 0, 19 ]
[ 0, -1, 3, 2, 3, 0, 1, 1, 11 ]
[ -1, 0, 5, 0, -1, 3, 0, 0, 19 ]
[ 3, 1, 1, -1, 0, 5, 0, 0, 19 ]
[ -3, -1, -1, 0, -1, 3, -1, 0, 5 ]
[ -1, -1, -11, 0, -1, 3, 0, 0, 19 ]
[ -2, -3, 0, 1, 1, 11, 0, 0, 19 ]
[ -2, -3, 0, 0, -1, 3, 1, 1, 11 ]
[ 19, 0, 0, -8, 1, 0, -4, 0, 1 ]
[ 8, -1, 0, 3, 2, 0, -4, 0, 1 ]
[ 1, 0, -5, -8, 1, 0, 0, 0, 19 ]
[ 4, 0, -1, -8, 1, 0, -1, 0, 5 ]
[ 1, 7, 0, 0, 19, 0, 0, 9, 1 ]
[ 3, 2, 0, 1, 7, 0, -1, 2, 1 ]
[ 4, 0, -1, 3, 2, 0, 3, 1, 2 ]
[ -8, 1, 0, -1, 0, 5, 0, 0, 19 ]
[ -8, 1, 0, -4, 0, 1, -1, 0, 5 ]
[ -1, -7, 0, 0, -1, 2, 0, 0, 19 ]
[ 1, 7, 0, 0, 9, 1, 0, -1, 2 ]
[ 0, -1, 2, 1, 7, 0, 0, 0, 19 ]
[ -1, 2, 1, 0, -1, 2, 0, 0, 19 ]
[ 1, -2, -1, 1, 7, 0, 0, -1, 2 ]
[ 0, 1, -2, -1, 2, 1, 0, 0, 19 ]
[ 3, 2, 0, -1, 2, 1, 0, -1, 2 ]
[ 2, 1, 7, 3, 2, 0, 0, 0, 19 ]
[ 3, 1, 2, 2, 1, 7, 0, 0, 19 ]
[ 3, 1, 2, 3, 2, 0, 2, 1, 7 ]
[ 1, 0, -5, 3, 1, 2, 0, 0, 19 ]
[ 4, 0, -1, 3, 1, 2, -1, 0, 5 ]
[ -1, -1, 7, 0, -1, 2, 0, 0, 19 ]
[ -3, -2, 0, -1, -1, 7, 0, 0, 19 ]
[ -3, -2, 0, 0, -1, 2, -1, -1, 7 ]
[ 19, 0, 0, -4, 1, 0, -4, 0, 1 ]
[ -1, 5, 0, 0, -1, 1, 0, 0, 19 ]
[ 1, -5, 0, 0, 19, 0, 0, -1, 1 ]
[ 0, 1, -1, -1, 5, 0, 0, 0, 19 ]
[ 4, -1, 0, -1, 5, 0, 0, -1, 1 ]
[ 1, 0, -5, -4, 1, 0, 0, 0, 19 ]
[ 4, 0, -1, -4, 1, 0, -1, 0, 5 ]
[ -1, 0, 5, 0, -1, 1, 0, 0, 19 ]
[ -4, 1, 0, -1, 0, 5, 0, 0, 19 ]
[ -4, 1, 0, 0, -1, 1, -1, 0, 5 ]
[ 19, 0, 0, 0, 1, 0, -5, 0, 1 ]
[ 1, 0, -4, 0, 1, 0, 0, 0, 19 ]
[ 5, 0, -1, 0, 1, 0, -1, 0, 4 ]
[ 19, 0, 0, 5, 1, 0, -5, 0, 1 ]
[ 1, 4, 0, 0, 1, 1, 0, 0, 19 ]
[ 1, 4, 0, 0, 19, 0, 0, 1, 1 ]
[ 0, -1, -1, 1, 4, 0, 0, 0, 19 ]
[ 5, 1, 0, 1, 4, 0, 0, 1, 1 ]
[ 1, 0, -4, 5, 1, 0, 0, 0, 19 ]
[ 5, 0, -1, 5, 1, 0, -1, 0, 4 ]
[ 1, 0, -4, 0, 1, 1, 0, 0, 19 ]
[ 5, 1, 0, -1, 0, 4, 0, 0, 19 ]
[ 5, 1, 0, 0, 1, 1, -1, 0, 4 ]
[ 19, 0, 0, -9, 1, 0, -5, 0, 1 ]
[ 1, 2, 0, 0, 19, 0, 0, -9, 1 ]
[ 9, -1, 0, 1, 2, 0, 4, -1, 1 ]
[ 1, 0, -4, -9, 1, 0, 0, 0, 19 ]
[ 5, 0, -1, -9, 1, 0, -1, 0, 4 ]
[ 1, 2, 0, 0, 1, 2, 0, 0, 19 ]
[ -1, -2, 0, 0, -9, 1, 0, 1, 2 ]
[ 0, -1, -2, 1, 2, 0, 0, 0, 19 ]
[ 4, -1, 1, 1, 2, 0, 0, 1, 2 ]
[ -1, 0, 4, 4, -1, 1, 0, 0, 19 ]
[ -9, 1, 0, -1, 0, 4, 0, 0, 19 ]
[ -9, 1, 0, 4, -1, 1, -1, 0, 4 ]
[ 1, 0, -4, 0, 1, 2, 0, 0, 19 ]
[ -4, 1, -1, -1, 0, 4, 0, 0, 19 ]
[ 4, -1, 1, 0, 1, 2, -1, 0, 4 ]
[ 19, 0, 0, -4, 1, 0, -5, 0, 1 ]
[ 1, -5, 0, 0, 19, 0, 0, -6, 1 ]
[ 4, -1, 0, -1, 5, 0, -1, -1, 1 ]
[ 1, 0, -4, -4, 1, 0, 0, 0, 19 ]
[ 5, 0, -1, -4, 1, 0, -1, 0, 4 ]
[ 1, -5, 0, 0, 1, 3, 0, 0, 19 ]
[ -1, 5, 0, 0, -6, 1, 0, 1, 3 ]
[ 0, 1, 3, -1, 5, 0, 0, 0, 19 ]
[ 1, 1, -1, 0, 1, 3, 0, 0, 19 ]
[ 1, 1, -1, -1, 5, 0, 0, 1, 3 ]
[ -1, 0, 4, -1, -1, 1, 0, 0, 19 ]
[ -4, 1, 0, -1, 0, 4, 0, 0, 19 ]
[ -4, 1, 0, -1, -1, 1, -1, 0, 4 ]
[ 1, 1, 0, 0, 19, 0, 0, 5, 1 ]
[ 19, 0, 0, 1, 1, 0, -5, 0, 1 ]
[ 1, 1, 0, 0, 1, 4, 0, 0, 19 ]
[ 1, 1, 0, 0, 5, 1, 0, 1, 4 ]
[ 1, 0, -4, 1, 1, 0, 0, 0, 19 ]
[ 5, 0, -1, 1, 1, 0, -1, 0, 4 ]
[ 19, 0, 0, 6, 1, 0, -5, 0, 1 ]
[ 1, -3, 0, 0, 19, 0, 0, 4, 1 ]
[ 6, 1, 0, -1, 3, 0, 1, 1, 1 ]
[ 1, 0, -4, 6, 1, 0, 0, 0, 19 ]
[ 5, 0, -1, 6, 1, 0, -1, 0, 4 ]
[ 1, -3, 0, 0, 1, 5, 0, 0, 19 ]
[ 1, -3, 0, 0, 4, 1, 0, 1, 5 ]
[ 0, 1, 5, -1, 3, 0, 0, 0, 19 ]
[ 1, 1, 1, 0, 1, 5, 0, 0, 19 ]
[ 1, 1, 1, -1, 3, 0, 0, 1, 5 ]
[ 1, 0, -4, 1, 1, 1, 0, 0, 19 ]
[ 6, 1, 0, -1, 0, 4, 0, 0, 19 ]
[ 6, 1, 0, 1, 1, 1, -1, 0, 4 ]
[ 19, 0, 0, -8, 1, 0, -5, 0, 1 ]
[ 8, -1, 0, 3, 2, 0, 3, -1, 1 ]
[ 1, 0, -4, -8, 1, 0, 0, 0, 19 ]
[ 5, 0, -1, -8, 1, 0, -1, 0, 4 ]
[ 1, 7, 0, 0, 19, 0, 0, -3, 1 ]
[ 3, 2, 0, 1, 7, 0, 0, -3, 1 ]
[ -1, -1, -2, 3, 2, 0, 0, 0, 19 ]
[ 3, -1, 1, 3, 2, 0, 1, 1, 2 ]
[ -1, 0, 4, 3, -1, 1, 0, 0, 19 ]
[ -8, 1, 0, -1, 0, 4, 0, 0, 19 ]
[ -8, 1, 0, 3, -1, 1, -1, 0, 4 ]
[ 1, 7, 0, 0, 1, 6, 0, 0, 19 ]
[ -1, -7, 0, 0, -3, 1, 0, 1, 6 ]
[ 0, -1, -6, 1, 7, 0, 0, 0, 19 ]
[ 0, -3, 1, 1, 7, 0, 0, 1, 6 ]
[ 3, 2, 0, 1, 1, 2, 0, 0, 19 ]
[ -3, -2, 0, 0, -3, 1, 1, 1, 2 ]
[ 1, 0, -4, 1, 1, 2, 0, 0, 19 ]
[ -3, 1, -1, -1, 0, 4, 0, 0, 19 ]
[ 3, -1, 1, 1, 1, 2, -1, 0, 4 ]
[ 1, 1, 2, 0, 1, 6, 0, 0, 19 ]
[ -1, -1, -2, 0, -3, 1, 0, 1, 6 ]
[ 19, 0, 0, -3, 1, 0, -5, 0, 1 ]
[ 1, 6, 0, 0, 19, 0, 0, -8, 1 ]
[ 3, -1, 0, 1, 6, 0, 1, -2, 1 ]
[ 1, 0, -4, -3, 1, 0, 0, 0, 19 ]
[ 5, 0, -1, -3, 1, 0, -1, 0, 4 ]
[ -1, -6, 0, 0, -8, 1, 0, 3, 2 ]
[ 1, -2, 1, 1, 6, 0, 0, 3, 2 ]
[ -3, 1, 0, -1, 0, 4, 0, 0, 19 ]
[ -3, 1, 0, 1, -2, 1, -1, 0, 4 ]
[ 1, 6, 0, 0, 1, 7, 0, 0, 19 ]
[ 1, 6, 0, 0, 3, 2, 0, 1, 7 ]
[ 0, -1, -7, 1, 6, 0, 0, 0, 19 ]
[ 0, -3, -2, 1, 6, 0, 0, 1, 7 ]
[ 1, -2, 1, 0, 1, 7, 0, 0, 19 ]
[ 1, -2, 1, 0, 3, 2, 0, 1, 7 ]
[ 0, -1, 12, 1, -2, 1, 0, 0, 19 ]
[ -1, 0, 4, 0, -1, 12, 0, 0, 19 ]
[ -1, 0, 4, 1, -2, 1, 0, -1, 12 ]
[ 19, 0, 0, 2, 1, 0, -5, 0, 1 ]
[ 1, 10, 0, 0, 19, 0, 0, -7, 1 ]
[ 2, 1, 0, 1, 10, 0, 1, 3, 1 ]
[ 1, 0, -4, 2, 1, 0, 0, 0, 19 ]
[ 5, 0, -1, 2, 1, 0, -1, 0, 4 ]
[ -1, -10, 0, 0, -7, 1, 0, -2, 3 ]
[ 1, 3, 1, 1, 10, 0, 0, -2, 3 ]
[ 2, 1, 0, 1, 1, 4, 0, 0, 19 ]
[ 2, 1, 0, 1, 3, 1, 1, 1, 4 ]
[ -1, -10, 0, 0, -1, 11, 0, 0, 19 ]
[ -1, -10, 0, 0, -2, 3, 0, -1, 11 ]
[ 0, -1, 11, 1, 10, 0, 0, 0, 19 ]
[ 0, -2, 3, 1, 10, 0, 0, -1, 11 ]
[ -1, -3, -1, 0, -1, 11, 0, 0, 19 ]
[ -1, -3, -1, 0, -2, 3, 0, -1, 11 ]
[ 1, 2, 12, 1, 3, 1, 0, 0, 19 ]
[ 1, 1, 4, 1, 2, 12, 0, 0, 19 ]
[ 1, 1, 4, 1, 3, 1, 1, 2, 12 ]
[ 19, 0, 0, 7, 1, 0, -5, 0, 1 ]
[ 7, 1, 0, 2, 3, 0, 2, 1, 1 ]
[ 1, 0, -4, 7, 1, 0, 0, 0, 19 ]
[ 5, 0, -1, 7, 1, 0, -1, 0, 4 ]
[ 1, 11, 0, 0, 19, 0, 0, -2, 1 ]
[ 2, 3, 0, 1, 11, 0, 0, -2, 1 ]
[ 1, 1, 5, 2, 3, 0, 0, 0, 19 ]
[ 2, 1, 1, 1, 1, 5, 0, 0, 19 ]
[ 2, 1, 1, 2, 3, 0, 1, 1, 5 ]
[ 1, 0, -4, 2, 1, 1, 0, 0, 19 ]
[ 7, 1, 0, -1, 0, 4, 0, 0, 19 ]
[ 7, 1, 0, 2, 1, 1, -1, 0, 4 ]
[ -1, -11, 0, 0, -1, 10, 0, 0, 19 ]
[ -1, -11, 0, 0, -2, 1, 0, -1, 10 ]
[ 0, -1, 10, 1, 11, 0, 0, 0, 19 ]
[ 0, -2, 1, 1, 11, 0, 0, -1, 10 ]
[ -2, -3, 0, 1, 1, 5, 0, 0, 19 ]
[ -2, -3, 0, 0, -2, 1, 1, 1, 5 ]
[ -1, -1, -5, 0, -1, 10, 0, 0, 19 ]
[ -1, -1, -5, 0, -2, 1, 0, -1, 10 ]
[ 19, 0, 0, -7, 1, 0, -5, 0, 1 ]
[ 7, -1, 0, -2, 3, 0, 2, -1, 1 ]
[ 1, 0, -4, -7, 1, 0, 0, 0, 19 ]
[ 5, 0, -1, -7, 1, 0, -1, 0, 4 ]
[ 1, -11, 0, 0, 19, 0, 0, 2, 1 ]
[ 2, -3, 0, -1, 11, 0, 0, 2, 1 ]
[ 1, -1, 5, -2, 3, 0, 0, 0, 19 ]
[ -2, 1, -1, 1, -1, 5, 0, 0, 19 ]
[ 2, -1, 1, -2, 3, 0, 1, -1, 5 ]
[ -1, 0, 4, 2, -1, 1, 0, 0, 19 ]
[ -7, 1, 0, -1, 0, 4, 0, 0, 19 ]
[ -7, 1, 0, 2, -1, 1, -1, 0, 4 ]
[ 1, -11, 0, 0, 1, 10, 0, 0, 19 ]
[ 1, -11, 0, 0, 2, 1, 0, 1, 10 ]
[ 0, 1, 10, -1, 11, 0, 0, 0, 19 ]
[ 0, 2, 1, -1, 11, 0, 0, 1, 10 ]
[ 2, -3, 0, -1, 2, 5, 0, 0, 19 ]
[ 2, -3, 0, 0, 2, 1, -1, 2, 5 ]
[ 1, -2, -5, 0, 1, 10, 0, 0, 19 ]
[ 1, -2, -5, 0, 2, 1, 0, 1, 10 ]
[ 19, 0, 0, -2, 1, 0, -5, 0, 1 ]
[ 1, -10, 0, 0, 19, 0, 0, 7, 1 ]
[ 2, -1, 0, -1, 10, 0, 1, -3, 1 ]
[ 1, 0, -4, -2, 1, 0, 0, 0, 19 ]
[ 5, 0, -1, -2, 1, 0, -1, 0, 4 ]
[ 1, -10, 0, 0, 7, 1, 0, 2, 3 ]
[ 1, -3, 1, -1, 10, 0, 0, 2, 3 ]
[ -2, 1, 0, 1, -1, 4, 0, 0, 19 ]
[ -2, 1, 0, 1, -3, 1, 1, -1, 4 ]
[ 1, -10, 0, 0, 1, 11, 0, 0, 19 ]
[ 1, -10, 0, 0, 2, 3, 0, 1, 11 ]
[ 0, 1, 11, -1, 10, 0, 0, 0, 19 ]
[ 0, 2, 3, -1, 10, 0, 0, 1, 11 ]
[ 1, -3, 1, 0, 1, 11, 0, 0, 19 ]
[ 1, -3, 1, 0, 2, 3, 0, 1, 11 ]
[ -1, 2, -12, 1, -3, 1, 0, 0, 19 ]
[ -1, 1, -4, 1, -2, 12, 0, 0, 19 ]
[ -1, 1, -4, 1, -3, 1, 1, -2, 12 ]
[ 19, 0, 0, 3, 1, 0, -5, 0, 1 ]
[ 1, -6, 0, 0, 19, 0, 0, 8, 1 ]
[ 3, 1, 0, -1, 6, 0, 1, 2, 1 ]
[ 1, 0, -4, 3, 1, 0, 0, 0, 19 ]
[ 5, 0, -1, 3, 1, 0, -1, 0, 4 ]
[ 1, -6, 0, 0, 8, 1, 0, -3, 2 ]
[ 1, 2, 1, -1, 6, 0, 0, -3, 2 ]
[ 3, 1, 0, -1, 0, 4, 0, 0, 19 ]
[ 3, 1, 0, 1, 2, 1, -1, 0, 4 ]
[ -1, 6, 0, 0, -1, 7, 0, 0, 19 ]
[ -1, 6, 0, 0, -3, 2, 0, -1, 7 ]
[ 0, 1, -7, -1, 6, 0, 0, 0, 19 ]
[ 0, 3, -2, -1, 6, 0, 0, -1, 7 ]
[ -1, -2, -1, 0, -1, 7, 0, 0, 19 ]
[ -1, -2, -1, 0, -3, 2, 0, -1, 7 ]
[ 0, -1, -12, 1, 2, 1, 0, 0, 19 ]
[ 1, 0, -4, 0, 1, 12, 0, 0, 19 ]
[ 1, 0, -4, 1, 2, 1, 0, 1, 12 ]
[ 19, 0, 0, 8, 1, 0, -5, 0, 1 ]
[ 8, 1, 0, -3, 2, 0, 3, 1, 1 ]
[ 1, 0, -4, 8, 1, 0, 0, 0, 19 ]
[ 5, 0, -1, 8, 1, 0, -1, 0, 4 ]
[ 1, -7, 0, 0, 19, 0, 0, 3, 1 ]
[ 3, -2, 0, -1, 7, 0, 0, 3, 1 ]
[ -1, 1, -2, -3, 2, 0, 0, 0, 19 ]
[ 3, 1, 1, -3, 2, 0, 1, -1, 2 ]
[ 1, 0, -4, 3, 1, 1, 0, 0, 19 ]
[ 8, 1, 0, -1, 0, 4, 0, 0, 19 ]
[ 8, 1, 0, 3, 1, 1, -1, 0, 4 ]
[ -1, 7, 0, 0, -1, 6, 0, 0, 19 ]
[ 1, -7, 0, 0, 3, 1, 0, -1, 6 ]
[ 0, 1, -6, -1, 7, 0, 0, 0, 19 ]
[ 0, 3, 1, -1, 7, 0, 0, -1, 6 ]
[ -3, 2, 0, 1, -1, 2, 0, 0, 19 ]
[ 3, -2, 0, 0, 3, 1, 1, -1, 2 ]
[ -1, 0, 4, 1, -1, 2, 0, 0, 19 ]
[ 3, 1, 1, -1, 0, 4, 0, 0, 19 ]
[ -3, -1, -1, 1, -1, 2, -1, 0, 4 ]
[ -1, 1, -2, 0, -1, 6, 0, 0, 19 ]
[ 1, -1, 2, 0, 3, 1, 0, -1, 6 ]
[ 19, 0, 0, -6, 1, 0, -5, 0, 1 ]
[ 1, 3, 0, 0, 19, 0, 0, -4, 1 ]
[ 6, -1, 0, 1, 3, 0, 1, -1, 1 ]
[ 1, 0, -4, -6, 1, 0, 0, 0, 19 ]
[ 5, 0, -1, -6, 1, 0, -1, 0, 4 ]
[ -1, -3, 0, 0, -1, 5, 0, 0, 19 ]
[ -1, -3, 0, 0, -4, 1, 0, -1, 5 ]
[ 0, -1, 5, 1, 3, 0, 0, 0, 19 ]
[ -1, 1, -1, 0, -1, 5, 0, 0, 19 ]
[ 1, -1, 1, 1, 3, 0, 0, -1, 5 ]
[ -1, 0, 4, 1, -1, 1, 0, 0, 19 ]
[ -6, 1, 0, -1, 0, 4, 0, 0, 19 ]
[ -6, 1, 0, 1, -1, 1, -1, 0, 4 ]
[ 1, -1, 0, 0, 19, 0, 0, -5, 1 ]
[ 19, 0, 0, -1, 1, 0, -5, 0, 1 ]
[ -1, 1, 0, 0, -1, 4, 0, 0, 19 ]
[ -1, 1, 0, 0, -5, 1, 0, -1, 4 ]
[ 1, 0, -4, -1, 1, 0, 0, 0, 19 ]
[ 5, 0, -1, -1, 1, 0, -1, 0, 4 ]
[ 19, 0, 0, 4, 1, 0, -5, 0, 1 ]
[ 1, 5, 0, 0, 19, 0, 0, 6, 1 ]
[ 4, 1, 0, 1, 5, 0, -1, 1, 1 ]
[ 1, 0, -4, 4, 1, 0, 0, 0, 19 ]
[ 5, 0, -1, 4, 1, 0, -1, 0, 4 ]
[ -1, -5, 0, 0, -1, 3, 0, 0, 19 ]
[ 1, 5, 0, 0, 6, 1, 0, -1, 3 ]
[ 0, -1, 3, 1, 5, 0, 0, 0, 19 ]
[ -1, 1, 1, 0, -1, 3, 0, 0, 19 ]
[ 1, -1, -1, 1, 5, 0, 0, -1, 3 ]
[ 1, 0, -4, -1, 1, 1, 0, 0, 19 ]
[ 4, 1, 0, -1, 0, 4, 0, 0, 19 ]
[ 4, 1, 0, -1, 1, 1, -1, 0, 4 ]
[ 19, 0, 0, 9, 1, 0, -5, 0, 1 ]
[ 1, -2, 0, 0, 19, 0, 0, 9, 1 ]
[ 9, 1, 0, -1, 2, 0, 4, 1, 1 ]
[ 1, 0, -4, 9, 1, 0, 0, 0, 19 ]
[ 5, 0, -1, 9, 1, 0, -1, 0, 4 ]
[ -1, 2, 0, 0, -1, 2, 0, 0, 19 ]
[ 1, -2, 0, 0, 9, 1, 0, -1, 2 ]
[ 0, 1, -2, -1, 2, 0, 0, 0, 19 ]
[ 4, 1, 1, -1, 2, 0, 0, -1, 2 ]
[ 1, 0, -4, 4, 1, 1, 0, 0, 19 ]
[ 9, 1, 0, -1, 0, 4, 0, 0, 19 ]
[ 9, 1, 0, 4, 1, 1, -1, 0, 4 ]
[ -1, 0, 4, 0, -1, 2, 0, 0, 19 ]
[ 4, 1, 1, -1, 0, 4, 0, 0, 19 ]
[ -4, -1, -1, 0, -1, 2, -1, 0, 4 ]
[ 19, 0, 0, -5, 1, 0, -5, 0, 1 ]
[ -1, 4, 0, 0, -1, 1, 0, 0, 19 ]
[ 1, -4, 0, 0, 19, 0, 0, -1, 1 ]
[ 0, 1, -1, -1, 4, 0, 0, 0, 19 ]
[ 5, -1, 0, -1, 4, 0, 0, -1, 1 ]
[ 1, 0, -4, -5, 1, 0, 0, 0, 19 ]
[ 5, 0, -1, -5, 1, 0, -1, 0, 4 ]
[ -1, 0, 4, 0, -1, 1, 0, 0, 19 ]
[ -5, 1, 0, -1, 0, 4, 0, 0, 19 ]
[ -5, 1, 0, 0, -1, 1, -1, 0, 4 ]
[ 19, 0, 0, 0, 1, 0, 6, 0, 1 ]
[ 1, 0, -3, 0, 1, 0, 0, 0, 19 ]
[ 6, 0, 1, 0, 1, 0, -1, 0, 3 ]
[ 19, 0, 0, -6, 1, 0, 6, 0, 1 ]
[ 1, 3, 0, 0, 1, 1, 0, 0, 19 ]
[ 1, 3, 0, 0, 19, 0, 0, 1, 1 ]
[ 0, -1, -1, 1, 3, 0, 0, 0, 19 ]
[ 6, -1, 0, 1, 3, 0, 0, 1, 1 ]
[ 1, 0, -3, -6, 1, 0, 0, 0, 19 ]
[ 6, 0, 1, -6, 1, 0, -1, 0, 3 ]
[ 1, 0, -3, 0, 1, 1, 0, 0, 19 ]
[ -6, 1, 0, -1, 0, 3, 0, 0, 19 ]
[ 6, -1, 0, 0, 1, 1, -1, 0, 3 ]
[ 19, 0, 0, 7, 1, 0, 6, 0, 1 ]
[ 1, 1, -1, 2, 3, 0, 0, 0, 19 ]
[ 7, 1, 0, 2, 3, 0, -1, -1, 1 ]
[ 1, 0, -3, 7, 1, 0, 0, 0, 19 ]
[ 6, 0, 1, 7, 1, 0, -1, 0, 3 ]
[ 1, 11, 0, 0, 19, 0, 0, -9, 1 ]
[ 2, 3, 0, 1, 2, 1, 0, 0, 19 ]
[ 2, 3, 0, 1, 11, 0, 1, 2, 1 ]
[ -1, 0, 3, -1, -1, 1, 0, 0, 19 ]
[ 7, 1, 0, -1, 0, 3, 0, 0, 19 ]
[ -7, -1, 0, -1, -1, 1, -1, 0, 3 ]
[ 1, 11, 0, 0, 1, 2, 0, 0, 19 ]
[ -1, -11, 0, 0, -9, 1, 0, 1, 2 ]
[ 0, -1, -2, 1, 11, 0, 0, 0, 19 ]
[ 1, 2, 1, 0, 1, 2, 0, 0, 19 ]
[ 1, 2, 1, 1, 11, 0, 0, 1, 2 ]
[ 1, 1, 0, 0, 19, 0, 0, -6, 1 ]
[ 19, 0, 0, 1, 1, 0, 6, 0, 1 ]
[ 1, 1, 0, 0, 1, 3, 0, 0, 19 ]
[ -1, -1, 0, 0, -6, 1, 0, 1, 3 ]
[ 1, 0, -3, 1, 1, 0, 0, 0, 19 ]
[ 6, 0, 1, 1, 1, 0, -1, 0, 3 ]
[ 19, 0, 0, -5, 1, 0, 6, 0, 1 ]
[ 1, -4, 0, 0, 19, 0, 0, 5, 1 ]
[ 5, -1, 0, -1, 4, 0, 1, 1, 1 ]
[ 1, 0, -3, -5, 1, 0, 0, 0, 19 ]
[ 6, 0, 1, -5, 1, 0, -1, 0, 3 ]
[ 1, -4, 0, 0, 1, 4, 0, 0, 19 ]
[ 1, -4, 0, 0, 5, 1, 0, 1, 4 ]
[ 0, 1, 4, -1, 4, 0, 0, 0, 19 ]
[ 1, 1, 1, 0, 1, 4, 0, 0, 19 ]
[ 1, 1, 1, -1, 4, 0, 0, 1, 4 ]
[ 1, 0, -3, 1, 1, 1, 0, 0, 19 ]
[ -5, 1, 0, -1, 0, 3, 0, 0, 19 ]
[ 5, -1, 0, 1, 1, 1, -1, 0, 3 ]
[ 19, 0, 0, 8, 1, 0, 6, 0, 1 ]
[ 8, 1, 0, -3, 2, 0, -2, -1, 1 ]
[ 1, 0, -3, 8, 1, 0, 0, 0, 19 ]
[ 6, 0, 1, 8, 1, 0, -1, 0, 3 ]
[ 1, -7, 0, 0, 19, 0, 0, 4, 1 ]
[ 3, -2, 0, -1, 7, 0, 1, -3, 1 ]
[ 2, 1, -1, -1, 0, 3, 0, 0, 19 ]
[ 2, 1, -1, -3, 2, 0, -1, 0, 3 ]
[ -1, 0, 3, -2, -1, 1, 0, 0, 19 ]
[ 8, 1, 0, -1, 0, 3, 0, 0, 19 ]
[ -8, -1, 0, -2, -1, 1, -1, 0, 3 ]
[ 1, -7, 0, 0, 1, 5, 0, 0, 19 ]
[ 1, -7, 0, 0, 4, 1, 0, 1, 5 ]
[ 0, 1, 5, -1, 7, 0, 0, 0, 19 ]
[ 1, -3, 1, 0, 1, 5, 0, 0, 19 ]
[ 1, -3, 1, -1, 7, 0, 0, 1, 5 ]
[ -3, 2, 0, 1, -3, 1, -1, 0, 3 ]
[ 2, -1, -11, -3, 2, 0, 0, 0, 19 ]
[ 1, 0, -3, -2, 1, 11, 0, 0, 19 ]
[ 1, 0, -3, -3, 2, 0, -2, 1, 11 ]
[ 0, -1, -5, 1, -3, 1, 0, 0, 19 ]
[ 1, 0, -3, 0, 1, 5, 0, 0, 19 ]
[ -1, 0, 3, 1, -3, 1, 0, 1, 5 ]
[ -2, 1, 11, -1, 0, 3, 0, 0, 19 ]
[ -3, 2, 0, -2, 1, 11, 0, 0, 19 ]
[ -3, 2, 0, -1, 0, 3, -2, 1, 11 ]
[ 19, 0, 0, 2, 1, 0, 6, 0, 1 ]
[ 1, 10, 0, 0, 19, 0, 0, -3, 1 ]
[ 2, 1, 0, 1, 10, 0, 0, -3, 1 ]
[ 1, 0, -3, 2, 1, 0, 0, 0, 19 ]
[ 6, 0, 1, 2, 1, 0, -1, 0, 3 ]
[ 1, 10, 0, 0, 1, 6, 0, 0, 19 ]
[ -1, -10, 0, 0, -3, 1, 0, 1, 6 ]
[ 0, -1, -6, 1, 10, 0, 0, 0, 19 ]
[ 0, -3, 1, 1, 10, 0, 0, 1, 6 ]
[ 2, 1, 0, 1, 1, 3, 0, 0, 19 ]
[ -2, -1, 0, 0, -3, 1, 1, 1, 3 ]
[ 1, 1, 3, 0, 1, 6, 0, 0, 19 ]
[ -1, -1, -3, 0, -3, 1, 0, 1, 6 ]
[ 19, 0, 0, -4, 1, 0, 6, 0, 1 ]
[ 1, -5, 0, 0, 19, 0, 0, -8, 1 ]
[ 4, -1, 0, -1, 5, 0, -2, 2, 1 ]
[ 1, 0, -3, -4, 1, 0, 0, 0, 19 ]
[ 6, 0, 1, -4, 1, 0, -1, 0, 3 ]
[ -1, 5, 0, 0, -8, 1, 0, 3, 2 ]
[ 2, -2, -1, -1, 5, 0, 1, -2, 2 ]
[ -4, 1, 0, -1, 0, 3, 0, 0, 19 ]
[ 4, -1, 0, -2, 2, 1, -1, 0, 3 ]
[ 1, -5, 0, 0, 1, 7, 0, 0, 19 ]
[ 1, -5, 0, 0, 3, 2, 0, 1, 7 ]
[ 0, 1, 7, -1, 5, 0, 0, 0, 19 ]
[ 1, -2, 2, 0, 1, 7, 0, 0, 19 ]
[ 1, -2, 2, -1, 5, 0, 0, 1, 7 ]
[ -1, 1, 10, 1, -2, 2, 0, 0, 19 ]
[ -2, 2, 1, 1, -2, 2, -1, 1, 10 ]
[ 1, 0, -3, -1, 1, 10, 0, 0, 19 ]
[ 1, 0, -3, -2, 2, 1, -1, 1, 10 ]
[ 19, 0, 0, 9, 1, 0, 6, 0, 1 ]
[ 1, -2, 0, 0, 19, 0, 0, -7, 1 ]
[ 9, 1, 0, -1, 2, 0, -3, -1, 1 ]
[ 1, 0, -3, 9, 1, 0, 0, 0, 19 ]
[ 6, 0, 1, 9, 1, 0, -1, 0, 3 ]
[ -1, 2, 0, 0, -7, 1, 0, -2, 3 ]
[ 3, 1, -1, -1, 0, 3, 0, 0, 19 ]
[ 3, 1, -1, -1, 2, 0, -1, 0, 3 ]
[ -1, 0, 3, -3, -1, 1, 0, 0, 19 ]
[ 9, 1, 0, -1, 0, 3, 0, 0, 19 ]
[ -9, -1, 0, -3, -1, 1, -1, 0, 3 ]
[ -1, 2, 0, 0, -1, 11, 0, 0, 19 ]
[ -1, 2, 0, 0, -2, 3, 0, -1, 11 ]
[ 1, -1, -11, -1, 2, 0, 0, 0, 19 ]
[ 1, 0, -3, -1, 1, 11, 0, 0, 19 ]
[ 1, 0, -3, -1, 2, 0, -1, 1, 11 ]
[ 19, 0, 0, 3, 1, 0, 6, 0, 1 ]
[ 1, -6, 0, 0, 19, 0, 0, -2, 1 ]
[ 3, 1, 0, -1, 6, 0, 0, -2, 1 ]
[ 1, 0, -3, 3, 1, 0, 0, 0, 19 ]
[ 6, 0, 1, 3, 1, 0, -1, 0, 3 ]
[ -1, 6, 0, 0, -1, 10, 0, 0, 19 ]
[ -1, 6, 0, 0, -2, 1, 0, -1, 10 ]
[ 0, 1, -10, -1, 6, 0, 0, 0, 19 ]
[ 0, 2, -1, -1, 6, 0, 0, -1, 10 ]
[ 3, 1, 0, -1, 0, 3, 0, 0, 19 ]
[ -3, -1, 0, 0, -2, 1, -1, 0, 3 ]
[ -1, 0, 3, 0, -1, 10, 0, 0, 19 ]
[ -1, 0, 3, 0, -2, 1, 0, -1, 10 ]
[ 19, 0, 0, -3, 1, 0, 6, 0, 1 ]
[ 1, 6, 0, 0, 19, 0, 0, 2, 1 ]
[ 3, -1, 0, 1, 6, 0, 0, 2, 1 ]
[ 1, 0, -3, -3, 1, 0, 0, 0, 19 ]
[ 6, 0, 1, -3, 1, 0, -1, 0, 3 ]
[ 1, 6, 0, 0, 1, 10, 0, 0, 19 ]
[ 1, 6, 0, 0, 2, 1, 0, 1, 10 ]
[ 0, -1, -10, 1, 6, 0, 0, 0, 19 ]
[ 0, -2, -1, 1, 6, 0, 0, 1, 10 ]
[ -3, 1, 0, -1, 0, 3, 0, 0, 19 ]
[ 3, -1, 0, 0, 2, 1, -1, 0, 3 ]
[ 1, 0, -3, 0, 1, 10, 0, 0, 19 ]
[ 1, 0, -3, 0, 2, 1, 0, 1, 10 ]
[ 19, 0, 0, -9, 1, 0, 6, 0, 1 ]
[ 1, 2, 0, 0, 19, 0, 0, 7, 1 ]
[ 9, -1, 0, 1, 2, 0, -3, 1, 1 ]
[ 1, 0, -3, -9, 1, 0, 0, 0, 19 ]
[ 6, 0, 1, -9, 1, 0, -1, 0, 3 ]
[ 1, 2, 0, 0, 7, 1, 0, 2, 3 ]
[ -3, 1, 1, -1, 0, 3, 0, 0, 19 ]
[ 3, -1, -1, 1, 2, 0, -1, 0, 3 ]
[ 1, 0, -3, -3, 1, 1, 0, 0, 19 ]
[ -9, 1, 0, -1, 0, 3, 0, 0, 19 ]
[ 9, -1, 0, -3, 1, 1, -1, 0, 3 ]
[ 1, 2, 0, 0, 1, 11, 0, 0, 19 ]
[ 1, 2, 0, 0, 2, 3, 0, 1, 11 ]
[ 0, -1, -11, 1, 2, 0, 0, 0, 19 ]
[ 1, 0, -3, 0, 1, 11, 0, 0, 19 ]
[ 1, 0, -3, 1, 2, 0, 0, 1, 11 ]
[ 19, 0, 0, 4, 1, 0, 6, 0, 1 ]
[ 1, 5, 0, 0, 19, 0, 0, 8, 1 ]
[ 4, 1, 0, 1, 5, 0, -2, -2, 1 ]
[ 1, 0, -3, 4, 1, 0, 0, 0, 19 ]
[ 6, 0, 1, 4, 1, 0, -1, 0, 3 ]
[ 1, 5, 0, 0, 8, 1, 0, -3, 2 ]
[ 2, 2, -1, 1, 5, 0, 1, 2, 2 ]
[ 4, 1, 0, -1, 0, 3, 0, 0, 19 ]
[ -4, -1, 0, -2, -2, 1, -1, 0, 3 ]
[ -1, -5, 0, 0, -1, 7, 0, 0, 19 ]
[ -1, -5, 0, 0, -3, 2, 0, -1, 7 ]
[ 0, -1, 7, 1, 5, 0, 0, 0, 19 ]
[ -1, -2, -2, 0, -1, 7, 0, 0, 19 ]
[ 1, 2, 2, 1, 5, 0, 0, -1, 7 ]
[ 1, 1, -10, 1, 2, 2, 0, 0, 19 ]
[ 2, 2, -1, 1, 2, 2, -1, -1, 10 ]
[ -1, 0, 3, -1, -1, 10, 0, 0, 19 ]
[ -1, 0, 3, -2, -2, 1, -1, -1, 10 ]
[ 19, 0, 0, -2, 1, 0, 6, 0, 1 ]
[ 1, -10, 0, 0, 19, 0, 0, 3, 1 ]
[ 2, -1, 0, -1, 10, 0, 0, 3, 1 ]
[ 1, 0, -3, -2, 1, 0, 0, 0, 19 ]
[ 6, 0, 1, -2, 1, 0, -1, 0, 3 ]
[ -1, 10, 0, 0, -1, 6, 0, 0, 19 ]
[ 1, -10, 0, 0, 3, 1, 0, -1, 6 ]
[ 0, 1, -6, -1, 10, 0, 0, 0, 19 ]
[ 0, 3, 1, -1, 10, 0, 0, -1, 6 ]
[ -2, 1, 0, -1, 0, 3, 0, 0, 19 ]
[ 2, -1, 0, 0, 3, 1, -1, 0, 3 ]
[ -1, 0, 3, 0, -1, 6, 0, 0, 19 ]
[ 1, 0, -3, 0, 3, 1, 0, -1, 6 ]
[ 19, 0, 0, -8, 1, 0, 6, 0, 1 ]
[ 8, -1, 0, 3, 2, 0, -2, 1, 1 ]
[ 1, 0, -3, -8, 1, 0, 0, 0, 19 ]
[ 6, 0, 1, -8, 1, 0, -1, 0, 3 ]
[ 1, 7, 0, 0, 19, 0, 0, -4, 1 ]
[ 3, 2, 0, 1, 7, 0, 1, 3, 1 ]
[ -2, 1, 1, -1, 0, 3, 0, 0, 19 ]
[ 2, -1, -1, 3, 2, 0, -1, 0, 3 ]
[ 1, 0, -3, -2, 1, 1, 0, 0, 19 ]
[ -8, 1, 0, -1, 0, 3, 0, 0, 19 ]
[ 8, -1, 0, -2, 1, 1, -1, 0, 3 ]
[ -1, -7, 0, 0, -1, 5, 0, 0, 19 ]
[ -1, -7, 0, 0, -4, 1, 0, -1, 5 ]
[ 0, -1, 5, 1, 7, 0, 0, 0, 19 ]
[ -1, -3, -1, 0, -1, 5, 0, 0, 19 ]
[ 1, 3, 1, 1, 7, 0, 0, -1, 5 ]
[ 3, 2, 0, 1, 3, 1, -1, 0, 3 ]
[ -1, -1, -11, 3, 2, 0, 0, 0, 19 ]
[ 1, 0, -3, 1, 1, 11, 0, 0, 19 ]
[ 1, 0, -3, 3, 2, 0, 1, 1, 11 ]
[ 0, -1, 5, 1, 3, 1, 0, 0, 19 ]
[ -1, 0, 3, 0, -1, 5, 0, 0, 19 ]
[ 1, 0, -3, 1, 3, 1, 0, -1, 5 ]
[ 1, 1, 11, -1, 0, 3, 0, 0, 19 ]
[ 3, 2, 0, 1, 1, 11, 0, 0, 19 ]
[ 3, 2, 0, -1, 0, 3, 1, 1, 11 ]
[ 19, 0, 0, 5, 1, 0, 6, 0, 1 ]
[ 1, 4, 0, 0, 19, 0, 0, -5, 1 ]
[ 5, 1, 0, 1, 4, 0, 1, -1, 1 ]
[ 1, 0, -3, 5, 1, 0, 0, 0, 19 ]
[ 6, 0, 1, 5, 1, 0, -1, 0, 3 ]
[ -1, -4, 0, 0, -1, 4, 0, 0, 19 ]
[ -1, -4, 0, 0, -5, 1, 0, -1, 4 ]
[ 0, -1, 4, 1, 4, 0, 0, 0, 19 ]
[ -1, 1, -1, 0, -1, 4, 0, 0, 19 ]
[ 1, -1, 1, 1, 4, 0, 0, -1, 4 ]
[ -1, 0, 3, 1, -1, 1, 0, 0, 19 ]
[ 5, 1, 0, -1, 0, 3, 0, 0, 19 ]
[ -5, -1, 0, 1, -1, 1, -1, 0, 3 ]
[ 1, -1, 0, 0, 19, 0, 0, 6, 1 ]
[ 19, 0, 0, -1, 1, 0, 6, 0, 1 ]
[ -1, 1, 0, 0, -1, 3, 0, 0, 19 ]
[ 1, -1, 0, 0, 6, 1, 0, -1, 3 ]
[ 1, 0, -3, -1, 1, 0, 0, 0, 19 ]
[ 6, 0, 1, -1, 1, 0, -1, 0, 3 ]
[ 19, 0, 0, -7, 1, 0, 6, 0, 1 ]
[ 1, -1, -1, -2, 3, 0, 0, 0, 19 ]
[ 7, -1, 0, -2, 3, 0, -1, 1, 1 ]
[ 1, 0, -3, -7, 1, 0, 0, 0, 19 ]
[ 6, 0, 1, -7, 1, 0, -1, 0, 3 ]
[ 1, -11, 0, 0, 19, 0, 0, 9, 1 ]
[ -2, 3, 0, 1, -2, 1, 0, 0, 19 ]
[ 2, -3, 0, -1, 11, 0, 1, -2, 1 ]
[ 1, 0, -3, -1, 1, 1, 0, 0, 19 ]
[ -7, 1, 0, -1, 0, 3, 0, 0, 19 ]
[ 7, -1, 0, -1, 1, 1, -1, 0, 3 ]
[ -1, 11, 0, 0, -1, 2, 0, 0, 19 ]
[ 1, -11, 0, 0, 9, 1, 0, -1, 2 ]
[ 0, 1, -2, -1, 11, 0, 0, 0, 19 ]
[ -1, 2, -1, 0, -1, 2, 0, 0, 19 ]
[ 1, -2, 1, -1, 11, 0, 0, -1, 2 ]
[ 19, 0, 0, 6, 1, 0, 6, 0, 1 ]
[ -1, 3, 0, 0, -1, 1, 0, 0, 19 ]
[ 1, -3, 0, 0, 19, 0, 0, -1, 1 ]
[ 0, 1, -1, -1, 3, 0, 0, 0, 19 ]
[ 6, 1, 0, -1, 3, 0, 0, -1, 1 ]
[ 1, 0, -3, 6, 1, 0, 0, 0, 19 ]
[ 6, 0, 1, 6, 1, 0, -1, 0, 3 ]
[ -1, 0, 3, 0, -1, 1, 0, 0, 19 ]
[ 6, 1, 0, -1, 0, 3, 0, 0, 19 ]
[ -6, -1, 0, 0, -1, 1, -1, 0, 3 ]
[ 19, 0, 0, 0, 1, 0, 9, 0, 1 ]
[ 1, 0, -2, 0, 1, 0, 0, 0, 19 ]
[ 9, 0, 1, 0, 1, 0, -1, 0, 2 ]
[ 19, 0, 0, -9, 1, 0, 9, 0, 1 ]
[ 1, 2, 0, 0, 1, 1, 0, 0, 19 ]
[ 1, 2, 0, 0, 19, 0, 0, 1, 1 ]
[ 0, -1, -1, 1, 2, 0, 0, 0, 19 ]
[ 9, -1, 0, 1, 2, 0, 0, 1, 1 ]
[ 1, 0, -2, -9, 1, 0, 0, 0, 19 ]
[ 9, 0, 1, -9, 1, 0, -1, 0, 2 ]
[ 1, 0, -2, 0, 1, 1, 0, 0, 19 ]
[ -9, 1, 0, -1, 0, 2, 0, 0, 19 ]
[ 9, -1, 0, 0, 1, 1, -1, 0, 2 ]
[ 1, 1, 0, 0, 19, 0, 0, -9, 1 ]
[ 19, 0, 0, 1, 1, 0, 9, 0, 1 ]
[ 1, 1, 0, 0, 1, 2, 0, 0, 19 ]
[ -1, -1, 0, 0, -9, 1, 0, 1, 2 ]
[ 1, 0, -2, 1, 1, 0, 0, 0, 19 ]
[ 9, 0, 1, 1, 1, 0, -1, 0, 2 ]
[ 19, 0, 0, -8, 1, 0, 9, 0, 1 ]
[ -1, -1, -1, 3, 2, 0, 0, 0, 19 ]
[ 8, -1, 0, 3, 2, 0, 1, 1, 1 ]
[ 1, 0, -2, -8, 1, 0, 0, 0, 19 ]
[ 9, 0, 1, -8, 1, 0, -1, 0, 2 ]
[ 1, 7, 0, 0, 19, 0, 0, -6, 1 ]
[ 3, 2, 0, 1, 1, 1, 0, 0, 19 ]
[ 3, 2, 0, 1, 7, 0, 1, 1, 1 ]
[ 1, 0, -2, 1, 1, 1, 0, 0, 19 ]
[ -8, 1, 0, -1, 0, 2, 0, 0, 19 ]
[ 8, -1, 0, 1, 1, 1, -1, 0, 2 ]
[ 1, 7, 0, 0, 1, 3, 0, 0, 19 ]
[ -1, -7, 0, 0, -6, 1, 0, 1, 3 ]
[ 0, -1, -3, 1, 7, 0, 0, 0, 19 ]
[ 1, 1, 1, 0, 1, 3, 0, 0, 19 ]
[ 1, 1, 1, 1, 7, 0, 0, 1, 3 ]
[ 19, 0, 0, 2, 1, 0, 9, 0, 1 ]
[ 1, 10, 0, 0, 19, 0, 0, 5, 1 ]
[ 2, 1, 0, 1, 10, 0, -1, -5, 1 ]
[ 1, 0, -2, 2, 1, 0, 0, 0, 19 ]
[ 9, 0, 1, 2, 1, 0, -1, 0, 2 ]
[ 1, 10, 0, 0, 1, 4, 0, 0, 19 ]
[ 1, 10, 0, 0, 5, 1, 0, 1, 4 ]
[ 0, -1, -4, 1, 10, 0, 0, 0, 19 ]
[ 1, 5, -1, 0, 1, 4, 0, 0, 19 ]
[ 1, 5, -1, 1, 10, 0, 0, 1, 4 ]
[ 2, 1, 0, 1, 1, 2, 0, 0, 19 ]
[ -2, -1, 0, -1, -5, 1, 1, 1, 2 ]
[ 0, 1, 4, -1, -5, 1, 0, 0, 19 ]
[ 1, 1, 2, 0, 1, 4, 0, 0, 19 ]
[ -1, -1, -2, -1, -5, 1, 0, 1, 4 ]
[ 19, 0, 0, -7, 1, 0, 9, 0, 1 ]
[ 7, -1, 0, -2, 3, 0, 2, 1, 1 ]
[ 1, 0, -2, -7, 1, 0, 0, 0, 19 ]
[ 9, 0, 1, -7, 1, 0, -1, 0, 2 ]
[ 1, -11, 0, 0, 19, 0, 0, 4, 1 ]
[ 2, -3, 0, -1, 11, 0, 0, 4, 1 ]
[ 2, 1, 1, -1, 0, 2, 0, 0, 19 ]
[ 2, 1, 1, -2, 3, 0, -1, 0, 2 ]
[ 1, 0, -2, 2, 1, 1, 0, 0, 19 ]
[ -7, 1, 0, -1, 0, 2, 0, 0, 19 ]
[ 7, -1, 0, 2, 1, 1, -1, 0, 2 ]
[ 1, -11, 0, 0, 1, 5, 0, 0, 19 ]
[ 1, -11, 0, 0, 4, 1, 0, 1, 5 ]
[ 0, 1, 5, -1, 11, 0, 0, 0, 19 ]
[ 0, 4, 1, -1, 11, 0, 0, 1, 5 ]
[ 2, -3, 0, 0, 4, 1, -1, 0, 2 ]
[ 1, -1, -7, -2, 3, 0, 0, 0, 19 ]
[ 1, 0, -2, -1, 1, 7, 0, 0, 19 ]
[ 1, 0, -2, -2, 3, 0, -1, 1, 7 ]
[ 1, 0, -2, 0, 1, 5, 0, 0, 19 ]
[ 1, 0, -2, 0, 4, 1, 0, 1, 5 ]
[ -1, 1, 7, -1, 0, 2, 0, 0, 19 ]
[ -2, 3, 0, -1, 1, 7, 0, 0, 19 ]
[ -2, 3, 0, -1, 0, 2, -1, 1, 7 ]
[ 19, 0, 0, 3, 1, 0, 9, 0, 1 ]
[ 1, -6, 0, 0, 19, 0, 0, -3, 1 ]
[ 3, 1, 0, -1, 6, 0, 0, -3, 1 ]
[ 1, 0, -2, 3, 1, 0, 0, 0, 19 ]
[ 9, 0, 1, 3, 1, 0, -1, 0, 2 ]
[ 1, -6, 0, 0, 1, 6, 0, 0, 19 ]
[ -1, 6, 0, 0, -3, 1, 0, 1, 6 ]
[ 0, 1, 6, -1, 6, 0, 0, 0, 19 ]
[ 0, 3, -1, -1, 6, 0, 0, 1, 6 ]
[ 3, 1, 0, -1, 0, 2, 0, 0, 19 ]
[ -3, -1, 0, 0, -3, 1, -1, 0, 2 ]
[ 1, 0, -2, 0, 1, 6, 0, 0, 19 ]
[ -1, 0, 2, 0, -3, 1, 0, 1, 6 ]
[ 19, 0, 0, -6, 1, 0, 9, 0, 1 ]
[ 1, 3, 0, 0, 19, 0, 0, -8, 1 ]
[ 6, -1, 0, 1, 3, 0, 3, 1, 1 ]
[ 1, 0, -2, -6, 1, 0, 0, 0, 19 ]
[ 9, 0, 1, -6, 1, 0, -1, 0, 2 ]
[ -1, -3, 0, 0, -8, 1, 0, 3, 2 ]
[ 3, 1, 1, -1, 0, 2, 0, 0, 19 ]
[ 3, 1, 1, 1, 3, 0, -1, 0, 2 ]
[ 1, 0, -2, 3, 1, 1, 0, 0, 19 ]
[ -6, 1, 0, -1, 0, 2, 0, 0, 19 ]
[ 6, -1, 0, 3, 1, 1, -1, 0, 2 ]
[ 1, 3, 0, 0, 1, 7, 0, 0, 19 ]
[ 1, 3, 0, 0, 3, 2, 0, 1, 7 ]
[ 0, -1, -7, 1, 3, 0, 0, 0, 19 ]
[ 1, 0, -2, 0, 1, 7, 0, 0, 19 ]
[ 1, 0, -2, 1, 3, 0, 0, 1, 7 ]
[ 19, 0, 0, 4, 1, 0, 9, 0, 1 ]
[ 1, 5, 0, 0, 19, 0, 0, -7, 1 ]
[ 4, 1, 0, 1, 5, 0, 1, -2, 1 ]
[ 1, 0, -2, 4, 1, 0, 0, 0, 19 ]
[ 9, 0, 1, 4, 1, 0, -1, 0, 2 ]
[ -1, -5, 0, 0, -7, 1, 0, -2, 3 ]
[ 1, -2, 1, 1, 5, 0, 0, -2, 3 ]
[ 4, 1, 0, -1, 0, 2, 0, 0, 19 ]
[ -4, -1, 0, 1, -2, 1, -1, 0, 2 ]
[ -1, -5, 0, 0, -1, 11, 0, 0, 19 ]
[ -1, -5, 0, 0, -2, 3, 0, -1, 11 ]
[ 0, -1, 11, 1, 5, 0, 0, 0, 19 ]
[ 0, -2, 3, 1, 5, 0, 0, -1, 11 ]
[ -1, 2, -1, 0, -1, 11, 0, 0, 19 ]
[ -1, 2, -1, 0, -2, 3, 0, -1, 11 ]
[ 0, -1, 11, 1, -2, 1, 0, 0, 19 ]
[ -1, 0, 2, 0, -1, 11, 0, 0, 19 ]
[ -1, 0, 2, 1, -2, 1, 0, -1, 11 ]
[ 19, 0, 0, -5, 1, 0, 9, 0, 1 ]
[ 1, -4, 0, 0, 19, 0, 0, -2, 1 ]
[ 5, -1, 0, -1, 4, 0, -1, 2, 1 ]
[ 1, 0, -2, -5, 1, 0, 0, 0, 19 ]
[ 9, 0, 1, -5, 1, 0, -1, 0, 2 ]
[ -1, 4, 0, 0, -1, 10, 0, 0, 19 ]
[ -1, 4, 0, 0, -2, 1, 0, -1, 10 ]
[ 1, -3, -10, -1, 4, 0, 0, 0, 19 ]
[ 1, -2, -1, -1, 3, 10, 0, 0, 19 ]
[ 1, -2, -1, -1, 4, 0, -1, 3, 10 ]
[ -5, 1, 0, -1, 0, 2, 0, 0, 19 ]
[ 5, -1, 0, -1, 2, 1, -1, 0, 2 ]
[ 1, -1, -11, -1, 2, 1, 0, 0, 19 ]
[ 1, 0, -2, -1, 1, 11, 0, 0, 19 ]
[ 1, 0, -2, -1, 2, 1, -1, 1, 11 ]
[ 19, 0, 0, 5, 1, 0, 9, 0, 1 ]
[ 1, 4, 0, 0, 19, 0, 0, 2, 1 ]
[ 5, 1, 0, 1, 4, 0, -1, -2, 1 ]
[ 1, 0, -2, 5, 1, 0, 0, 0, 19 ]
[ 9, 0, 1, 5, 1, 0, -1, 0, 2 ]
[ 1, 4, 0, 0, 1, 10, 0, 0, 19 ]
[ 1, 4, 0, 0, 2, 1, 0, 1, 10 ]
[ 0, -1, -10, 1, 4, 0, 0, 0, 19 ]
[ 1, 2, -1, 0, 1, 10, 0, 0, 19 ]
[ 1, 2, -1, 1, 4, 0, 0, 1, 10 ]
[ 5, 1, 0, -1, 0, 2, 0, 0, 19 ]
[ -5, -1, 0, -1, -2, 1, -1, 0, 2 ]
[ -1, -1, 11, -1, -2, 1, 0, 0, 19 ]
[ -1, 0, 2, -1, -1, 11, 0, 0, 19 ]
[ -1, 0, 2, -1, -2, 1, -1, -1, 11 ]
[ 19, 0, 0, -4, 1, 0, 9, 0, 1 ]
[ 1, -5, 0, 0, 19, 0, 0, 7, 1 ]
[ 4, -1, 0, -1, 5, 0, 1, 2, 1 ]
[ 1, 0, -2, -4, 1, 0, 0, 0, 19 ]
[ 9, 0, 1, -4, 1, 0, -1, 0, 2 ]
[ 1, -5, 0, 0, 7, 1, 0, 2, 3 ]
[ 1, 2, 1, -1, 5, 0, 0, 2, 3 ]
[ -4, 1, 0, -1, 0, 2, 0, 0, 19 ]
[ 4, -1, 0, 1, 2, 1, -1, 0, 2 ]
[ 1, -5, 0, 0, 1, 11, 0, 0, 19 ]
[ 1, -5, 0, 0, 2, 3, 0, 1, 11 ]
[ 0, 1, 11, -1, 5, 0, 0, 0, 19 ]
[ 0, 2, 3, -1, 5, 0, 0, 1, 11 ]
[ 1, 2, 1, 0, 1, 11, 0, 0, 19 ]
[ 1, 2, 1, 0, 2, 3, 0, 1, 11 ]
[ 0, -1, -11, 1, 2, 1, 0, 0, 19 ]
[ 1, 0, -2, 0, 1, 11, 0, 0, 19 ]
[ 1, 0, -2, 1, 2, 1, 0, 1, 11 ]
[ 19, 0, 0, 6, 1, 0, 9, 0, 1 ]
[ 1, -3, 0, 0, 19, 0, 0, 8, 1 ]
[ 6, 1, 0, -1, 3, 0, 3, -1, 1 ]
[ 1, 0, -2, 6, 1, 0, 0, 0, 19 ]
[ 9, 0, 1, 6, 1, 0, -1, 0, 2 ]
[ 1, -3, 0, 0, 8, 1, 0, -3, 2 ]
[ -3, 1, -1, -1, 0, 2, 0, 0, 19 ]
[ 3, -1, 1, -1, 3, 0, -1, 0, 2 ]
[ -1, 0, 2, 3, -1, 1, 0, 0, 19 ]
[ 6, 1, 0, -1, 0, 2, 0, 0, 19 ]
[ -6, -1, 0, 3, -1, 1, -1, 0, 2 ]
[ -1, 3, 0, 0, -1, 7, 0, 0, 19 ]
[ -1, 3, 0, 0, -3, 2, 0, -1, 7 ]
[ 0, 1, -7, -1, 3, 0, 0, 0, 19 ]
[ -1, 0, 2, 0, -1, 7, 0, 0, 19 ]
[ 1, 0, -2, -1, 3, 0, 0, -1, 7 ]
[ 19, 0, 0, -3, 1, 0, 9, 0, 1 ]
[ 1, 6, 0, 0, 19, 0, 0, 3, 1 ]
[ 3, -1, 0, 1, 6, 0, 0, 3, 1 ]
[ 1, 0, -2, -3, 1, 0, 0, 0, 19 ]
[ 9, 0, 1, -3, 1, 0, -1, 0, 2 ]
[ -1, -6, 0, 0, -1, 6, 0, 0, 19 ]
[ 1, 6, 0, 0, 3, 1, 0, -1, 6 ]
[ 0, -1, 6, 1, 6, 0, 0, 0, 19 ]
[ 0, -3, -1, 1, 6, 0, 0, -1, 6 ]
[ -3, 1, 0, -1, 0, 2, 0, 0, 19 ]
[ 3, -1, 0, 0, 3, 1, -1, 0, 2 ]
[ -1, 0, 2, 0, -1, 6, 0, 0, 19 ]
[ 1, 0, -2, 0, 3, 1, 0, -1, 6 ]
[ 19, 0, 0, 7, 1, 0, 9, 0, 1 ]
[ 7, 1, 0, 2, 3, 0, 2, -1, 1 ]
[ 1, 0, -2, 7, 1, 0, 0, 0, 19 ]
[ 9, 0, 1, 7, 1, 0, -1, 0, 2 ]
[ 1, 11, 0, 0, 19, 0, 0, -4, 1 ]
[ 2, 3, 0, 1, 11, 0, 0, -4, 1 ]
[ -2, 1, -1, -1, 0, 2, 0, 0, 19 ]
[ 2, -1, 1, 2, 3, 0, -1, 0, 2 ]
[ -1, 0, 2, 2, -1, 1, 0, 0, 19 ]
[ 7, 1, 0, -1, 0, 2, 0, 0, 19 ]
[ -7, -1, 0, 2, -1, 1, -1, 0, 2 ]
[ -1, -11, 0, 0, -1, 5, 0, 0, 19 ]
[ -1, -11, 0, 0, -4, 1, 0, -1, 5 ]
[ 0, -1, 5, 1, 11, 0, 0, 0, 19 ]
[ 0, -4, 1, 1, 11, 0, 0, -1, 5 ]
[ -2, -3, 0, 0, -4, 1, 1, 3, 2 ]
[ 1, 1, -7, 2, 3, 0, 0, 0, 19 ]
[ -1, 0, 2, -1, -1, 7, 0, 0, 19 ]
[ 1, 0, -2, 2, 3, 0, -1, -1, 7 ]
[ -1, -3, -2, 0, -1, 5, 0, 0, 19 ]
[ -1, -3, -2, 0, -4, 1, 0, -1, 5 ]
[ 1, 2, 7, 1, 3, 2, 0, 0, 19 ]
[ 2, 3, 0, 1, 2, 7, 0, 0, 19 ]
[ 2, 3, 0, 1, 3, 2, 1, 2, 7 ]
[ 19, 0, 0, -2, 1, 0, 9, 0, 1 ]
[ 1, -10, 0, 0, 19, 0, 0, -5, 1 ]
[ 2, -1, 0, -1, 10, 0, -1, 5, 1 ]
[ 1, 0, -2, -2, 1, 0, 0, 0, 19 ]
[ 9, 0, 1, -2, 1, 0, -1, 0, 2 ]
[ -1, 10, 0, 0, -1, 4, 0, 0, 19 ]
[ -1, 10, 0, 0, -5, 1, 0, -1, 4 ]
[ 0, 1, -4, -1, 10, 0, 0, 0, 19 ]
[ -1, 5, 1, 0, -1, 4, 0, 0, 19 ]
[ 1, -5, -1, -1, 10, 0, 0, -1, 4 ]
[ -2, 1, 0, 1, -1, 2, 0, 0, 19 ]
[ 2, -1, 0, -1, 5, 1, 1, -1, 2 ]
[ 0, 1, -4, -1, 5, 1, 0, 0, 19 ]
[ -1, 1, -2, 0, -1, 4, 0, 0, 19 ]
[ 1, -1, 2, -1, 5, 1, 0, -1, 4 ]
[ 19, 0, 0, 8, 1, 0, 9, 0, 1 ]
[ -1, 1, -1, -3, 2, 0, 0, 0, 19 ]
[ 8, 1, 0, -3, 2, 0, 1, -1, 1 ]
[ 1, 0, -2, 8, 1, 0, 0, 0, 19 ]
[ 9, 0, 1, 8, 1, 0, -1, 0, 2 ]
[ 1, -7, 0, 0, 19, 0, 0, 6, 1 ]
[ -3, 2, 0, 1, -1, 1, 0, 0, 19 ]
[ 3, -2, 0, -1, 7, 0, 1, -1, 1 ]
[ -1, 0, 2, 1, -1, 1, 0, 0, 19 ]
[ 8, 1, 0, -1, 0, 2, 0, 0, 19 ]
[ -8, -1, 0, 1, -1, 1, -1, 0, 2 ]
[ -1, 7, 0, 0, -1, 3, 0, 0, 19 ]
[ 1, -7, 0, 0, 6, 1, 0, -1, 3 ]
[ 0, 1, -3, -1, 7, 0, 0, 0, 19 ]
[ -1, 1, -1, 0, -1, 3, 0, 0, 19 ]
[ 1, -1, 1, -1, 7, 0, 0, -1, 3 ]
[ 1, -1, 0, 0, 19, 0, 0, 9, 1 ]
[ 19, 0, 0, -1, 1, 0, 9, 0, 1 ]
[ -1, 1, 0, 0, -1, 2, 0, 0, 19 ]
[ 1, -1, 0, 0, 9, 1, 0, -1, 2 ]
[ 1, 0, -2, -1, 1, 0, 0, 0, 19 ]
[ 9, 0, 1, -1, 1, 0, -1, 0, 2 ]
[ 19, 0, 0, 9, 1, 0, 9, 0, 1 ]
[ -1, 2, 0, 0, -1, 1, 0, 0, 19 ]
[ 1, -2, 0, 0, 19, 0, 0, -1, 1 ]
[ 0, 1, -1, -1, 2, 0, 0, 0, 19 ]
[ 9, 1, 0, -1, 2, 0, 0, -1, 1 ]
[ 1, 0, -2, 9, 1, 0, 0, 0, 19 ]
[ 9, 0, 1, 9, 1, 0, -1, 0, 2 ]
[ -1, 0, 2, 0, -1, 1, 0, 0, 19 ]
[ 9, 1, 0, -1, 0, 2, 0, 0, 19 ]
[ -9, -1, 0, 0, -1, 1, -1, 0, 2 ]
[ 1, 0, -1, 0, 1, 0, 0, 0, 19 ]
[ 19, 0, 0, 0, 1, 0, -1, 0, 1 ]
[ 1, 1, 0, 0, 1, 1, 0, 0, 19 ]
[ 1, 1, 0, 0, 19, 0, 0, 1, 1 ]
[ 1, 0, -1, 1, 1, 0, 0, 0, 19 ]
[ 19, 0, 0, 1, 1, 0, -1, 0, 1 ]
[ 1, 0, -1, 2, 1, 0, 0, 0, 19 ]
[ 19, 0, 0, 2, 1, 0, -1, 0, 1 ]
[ 1, 10, 0, 0, 19, 0, 0, -9, 1 ]
[ 2, 1, 0, 1, 1, 1, 0, 0, 19 ]
[ 2, 1, 0, 1, 10, 0, 1, 1, 1 ]
[ 1, 10, 0, 0, 1, 2, 0, 0, 19 ]
[ -1, -10, 0, 0, -9, 1, 0, 1, 2 ]
[ 0, -1, -2, 1, 10, 0, 0, 0, 19 ]
[ 1, 1, 1, 0, 1, 2, 0, 0, 19 ]
[ 1, 1, 1, 1, 10, 0, 0, 1, 2 ]
[ 1, 0, -1, 3, 1, 0, 0, 0, 19 ]
[ 19, 0, 0, 3, 1, 0, -1, 0, 1 ]
[ 1, -6, 0, 0, 19, 0, 0, -6, 1 ]
[ 3, 1, 0, -1, 0, 1, 0, 0, 19 ]
[ 3, 1, 0, -1, 6, 0, -1, 0, 1 ]
[ 1, -6, 0, 0, 1, 3, 0, 0, 19 ]
[ -1, 6, 0, 0, -6, 1, 0, 1, 3 ]
[ 0, 1, 3, -1, 6, 0, 0, 0, 19 ]
[ 1, 0, -1, 0, 1, 3, 0, 0, 19 ]
[ 1, 0, -1, -1, 6, 0, 0, 1, 3 ]
[ 1, 0, -1, 4, 1, 0, 0, 0, 19 ]
[ 19, 0, 0, 4, 1, 0, -1, 0, 1 ]
[ 1, 5, 0, 0, 19, 0, 0, 5, 1 ]
[ 4, 1, 0, -1, 0, 1, 0, 0, 19 ]
[ 4, 1, 0, 1, 5, 0, -1, 0, 1 ]
[ 1, 5, 0, 0, 1, 4, 0, 0, 19 ]
[ 1, 5, 0, 0, 5, 1, 0, 1, 4 ]
[ 0, -1, -4, 1, 5, 0, 0, 0, 19 ]
[ 1, 0, -1, 0, 1, 4, 0, 0, 19 ]
[ 1, 0, -1, 1, 5, 0, 0, 1, 4 ]
[ 1, 0, -1, 5, 1, 0, 0, 0, 19 ]
[ 19, 0, 0, 5, 1, 0, -1, 0, 1 ]
[ 1, 4, 0, 0, 19, 0, 0, 4, 1 ]
[ 5, 1, 0, -1, 0, 1, 0, 0, 19 ]
[ 5, 1, 0, 1, 4, 0, -1, 0, 1 ]
[ 1, 4, 0, 0, 1, 5, 0, 0, 19 ]
[ 1, 4, 0, 0, 4, 1, 0, 1, 5 ]
[ 0, -1, -5, 1, 4, 0, 0, 0, 19 ]
[ 1, 0, -1, 0, 1, 5, 0, 0, 19 ]
[ 1, 0, -1, 1, 4, 0, 0, 1, 5 ]
[ 1, 0, -1, 6, 1, 0, 0, 0, 19 ]
[ 19, 0, 0, 6, 1, 0, -1, 0, 1 ]
[ 1, -3, 0, 0, 19, 0, 0, -3, 1 ]
[ 6, 1, 0, -1, 0, 1, 0, 0, 19 ]
[ 6, 1, 0, -1, 3, 0, -1, 0, 1 ]
[ 1, -3, 0, 0, 1, 6, 0, 0, 19 ]
[ -1, 3, 0, 0, -3, 1, 0, 1, 6 ]
[ 0, 1, 6, -1, 3, 0, 0, 0, 19 ]
[ 1, 0, -1, 0, 1, 6, 0, 0, 19 ]
[ 1, 0, -1, -1, 3, 0, 0, 1, 6 ]
[ 1, 0, -1, 7, 1, 0, 0, 0, 19 ]
[ 19, 0, 0, 7, 1, 0, -1, 0, 1 ]
[ 7, 1, 0, -1, 0, 1, 0, 0, 19 ]
[ 7, 1, 0, 2, 3, 0, -1, 0, 1 ]
[ 1, 11, 0, 0, 19, 0, 0, -8, 1 ]
[ 2, 3, 0, 1, 11, 0, 1, 3, 1 ]
[ 1, 1, 6, 2, 3, 0, 0, 0, 19 ]
[ 1, 0, -1, 1, 1, 6, 0, 0, 19 ]
[ 1, 0, -1, 2, 3, 0, 1, 1, 6 ]
[ -1, -11, 0, 0, -8, 1, 0, 3, 2 ]
[ 1, 3, 1, 1, 11, 0, 0, 3, 2 ]
[ 1, 2, -6, 1, 3, 1, 0, 0, 19 ]
[ -2, -3, 0, -1, -2, 6, 0, 0, 19 ]
[ 2, 3, 0, 1, 3, 1, -1, -2, 6 ]
[ 1, 11, 0, 0, 1, 7, 0, 0, 19 ]
[ 1, 11, 0, 0, 3, 2, 0, 1, 7 ]
[ 0, -1, -7, 1, 11, 0, 0, 0, 19 ]
[ 0, -3, -2, 1, 11, 0, 0, 1, 7 ]
[ 1, 3, 1, 0, 1, 7, 0, 0, 19 ]
[ 1, 3, 1, 0, 3, 2, 0, 1, 7 ]
[ 1, 0, -1, 8, 1, 0, 0, 0, 19 ]
[ 19, 0, 0, 8, 1, 0, -1, 0, 1 ]
[ 8, 1, 0, -1, 0, 1, 0, 0, 19 ]
[ 8, 1, 0, -3, 2, 0, -1, 0, 1 ]
[ 1, -7, 0, 0, 19, 0, 0, -7, 1 ]
[ 3, -2, 0, -1, 7, 0, -1, 0, 1 ]
[ 2, -1, -10, -3, 2, 0, 0, 0, 19 ]
[ 1, 0, -1, -2, 1, 10, 0, 0, 19 ]
[ 1, 0, -1, -3, 2, 0, -2, 1, 10 ]
[ -1, 7, 0, 0, -7, 1, 0, -2, 3 ]
[ 1, 0, -1, -1, 7, 0, 0, -2, 3 ]
[ -2, 1, 10, -1, 0, 1, 0, 0, 19 ]
[ -3, 2, 0, -2, 1, 10, 0, 0, 19 ]
[ -3, 2, 0, -1, 0, 1, -2, 1, 10 ]
[ -1, 7, 0, 0, -1, 11, 0, 0, 19 ]
[ -1, 7, 0, 0, -2, 3, 0, -1, 11 ]
[ 0, 1, -11, -1, 7, 0, 0, 0, 19 ]
[ 0, 2, -3, -1, 7, 0, 0, -1, 11 ]
[ -1, 0, 1, 0, -1, 11, 0, 0, 19 ]
[ -1, 0, 1, 0, -2, 3, 0, -1, 11 ]
[ 1, 0, -1, 9, 1, 0, 0, 0, 19 ]
[ 19, 0, 0, 9, 1, 0, -1, 0, 1 ]
[ 1, -2, 0, 0, 19, 0, 0, -2, 1 ]
[ 9, 1, 0, -1, 0, 1, 0, 0, 19 ]
[ 9, 1, 0, -1, 2, 0, -1, 0, 1 ]
[ -1, 2, 0, 0, -1, 10, 0, 0, 19 ]
[ -1, 2, 0, 0, -2, 1, 0, -1, 10 ]
[ 1, -1, -10, -1, 2, 0, 0, 0, 19 ]
[ 1, 0, -1, -1, 1, 10, 0, 0, 19 ]
[ 1, 0, -1, -1, 2, 0, -1, 1, 10 ]
[ 1, 0, -1, -9, 1, 0, 0, 0, 19 ]
[ 19, 0, 0, -9, 1, 0, -1, 0, 1 ]
[ 1, 2, 0, 0, 19, 0, 0, 2, 1 ]
[ -9, 1, 0, -1, 0, 1, 0, 0, 19 ]
[ 9, -1, 0, 1, 2, 0, -1, 0, 1 ]
[ 1, 2, 0, 0, 1, 10, 0, 0, 19 ]
[ 1, 2, 0, 0, 2, 1, 0, 1, 10 ]
[ 0, -1, -10, 1, 2, 0, 0, 0, 19 ]
[ 1, 0, -1, 0, 1, 10, 0, 0, 19 ]
[ 1, 0, -1, 1, 2, 0, 0, 1, 10 ]
[ 1, 0, -1, -8, 1, 0, 0, 0, 19 ]
[ 19, 0, 0, -8, 1, 0, -1, 0, 1 ]
[ -8, 1, 0, -1, 0, 1, 0, 0, 19 ]
[ 8, -1, 0, 3, 2, 0, -1, 0, 1 ]
[ 1, 7, 0, 0, 19, 0, 0, 7, 1 ]
[ 3, 2, 0, 1, 7, 0, -1, 0, 1 ]
[ -1, -1, -10, 3, 2, 0, 0, 0, 19 ]
[ 1, 0, -1, 1, 1, 10, 0, 0, 19 ]
[ 1, 0, -1, 3, 2, 0, 1, 1, 10 ]
[ 1, 7, 0, 0, 7, 1, 0, 2, 3 ]
[ 1, 0, -1, 1, 7, 0, 0, 2, 3 ]
[ 1, 1, 10, -1, 0, 1, 0, 0, 19 ]
[ 3, 2, 0, 1, 1, 10, 0, 0, 19 ]
[ 3, 2, 0, -1, 0, 1, 1, 1, 10 ]
[ 1, 7, 0, 0, 1, 11, 0, 0, 19 ]
[ 1, 7, 0, 0, 2, 3, 0, 1, 11 ]
[ 0, -1, -11, 1, 7, 0, 0, 0, 19 ]
[ 0, -2, -3, 1, 7, 0, 0, 1, 11 ]
[ 1, 0, -1, 0, 1, 11, 0, 0, 19 ]
[ 1, 0, -1, 0, 2, 3, 0, 1, 11 ]
[ 1, 0, -1, -7, 1, 0, 0, 0, 19 ]
[ 19, 0, 0, -7, 1, 0, -1, 0, 1 ]
[ -7, 1, 0, -1, 0, 1, 0, 0, 19 ]
[ 7, -1, 0, -2, 3, 0, -1, 0, 1 ]
[ 1, -11, 0, 0, 19, 0, 0, 8, 1 ]
[ 2, -3, 0, -1, 11, 0, 1, -3, 1 ]
[ 1, -1, 6, -2, 3, 0, 0, 0, 19 ]
[ -1, 0, 1, 1, -1, 6, 0, 0, 19 ]
[ 1, 0, -1, -2, 3, 0, 1, -1, 6 ]
[ 1, -11, 0, 0, 8, 1, 0, -3, 2 ]
[ 1, -3, 1, -1, 11, 0, 0, -3, 2 ]
[ -1, 2, 6, 1, -3, 1, 0, 0, 19 ]
[ 2, -3, 0, -1, 2, 6, 0, 0, 19 ]
[ -2, 3, 0, 1, -3, 1, -1, 2, 6 ]
[ -1, 11, 0, 0, -1, 7, 0, 0, 19 ]
[ -1, 11, 0, 0, -3, 2, 0, -1, 7 ]
[ 0, 1, -7, -1, 11, 0, 0, 0, 19 ]
[ 0, 3, -2, -1, 11, 0, 0, -1, 7 ]
[ -1, 3, -1, 0, -1, 7, 0, 0, 19 ]
[ -1, 3, -1, 0, -3, 2, 0, -1, 7 ]
[ 1, 0, -1, -6, 1, 0, 0, 0, 19 ]
[ 19, 0, 0, -6, 1, 0, -1, 0, 1 ]
[ 1, 3, 0, 0, 19, 0, 0, 3, 1 ]
[ -6, 1, 0, -1, 0, 1, 0, 0, 19 ]
[ 6, -1, 0, 1, 3, 0, -1, 0, 1 ]
[ -1, -3, 0, 0, -1, 6, 0, 0, 19 ]
[ 1, 3, 0, 0, 3, 1, 0, -1, 6 ]
[ 0, -1, 6, 1, 3, 0, 0, 0, 19 ]
[ -1, 0, 1, 0, -1, 6, 0, 0, 19 ]
[ 1, 0, -1, 1, 3, 0, 0, -1, 6 ]
[ 1, 0, -1, -5, 1, 0, 0, 0, 19 ]
[ 19, 0, 0, -5, 1, 0, -1, 0, 1 ]
[ 1, -4, 0, 0, 19, 0, 0, -4, 1 ]
[ -5, 1, 0, -1, 0, 1, 0, 0, 19 ]
[ 5, -1, 0, -1, 4, 0, -1, 0, 1 ]
[ -1, 4, 0, 0, -1, 5, 0, 0, 19 ]
[ -1, 4, 0, 0, -4, 1, 0, -1, 5 ]
[ 0, 1, -5, -1, 4, 0, 0, 0, 19 ]
[ -1, 0, 1, 0, -1, 5, 0, 0, 19 ]
[ 1, 0, -1, -1, 4, 0, 0, -1, 5 ]
[ 1, 0, -1, -4, 1, 0, 0, 0, 19 ]
[ 19, 0, 0, -4, 1, 0, -1, 0, 1 ]
[ 1, -5, 0, 0, 19, 0, 0, -5, 1 ]
[ -4, 1, 0, -1, 0, 1, 0, 0, 19 ]
[ 4, -1, 0, -1, 5, 0, -1, 0, 1 ]
[ -1, 5, 0, 0, -1, 4, 0, 0, 19 ]
[ -1, 5, 0, 0, -5, 1, 0, -1, 4 ]
[ 0, 1, -4, -1, 5, 0, 0, 0, 19 ]
[ -1, 0, 1, 0, -1, 4, 0, 0, 19 ]
[ 1, 0, -1, -1, 5, 0, 0, -1, 4 ]
[ 1, 0, -1, -3, 1, 0, 0, 0, 19 ]
[ 19, 0, 0, -3, 1, 0, -1, 0, 1 ]
[ 1, 6, 0, 0, 19, 0, 0, 6, 1 ]
[ -3, 1, 0, -1, 0, 1, 0, 0, 19 ]
[ 3, -1, 0, 1, 6, 0, -1, 0, 1 ]
[ -1, -6, 0, 0, -1, 3, 0, 0, 19 ]
[ 1, 6, 0, 0, 6, 1, 0, -1, 3 ]
[ 0, -1, 3, 1, 6, 0, 0, 0, 19 ]
[ -1, 0, 1, 0, -1, 3, 0, 0, 19 ]
[ 1, 0, -1, 1, 6, 0, 0, -1, 3 ]
[ 1, 0, -1, -2, 1, 0, 0, 0, 19 ]
[ 19, 0, 0, -2, 1, 0, -1, 0, 1 ]
[ 1, -10, 0, 0, 19, 0, 0, 9, 1 ]
[ -2, 1, 0, 1, -1, 1, 0, 0, 19 ]
[ 2, -1, 0, -1, 10, 0, 1, -1, 1 ]
[ -1, 10, 0, 0, -1, 2, 0, 0, 19 ]
[ 1, -10, 0, 0, 9, 1, 0, -1, 2 ]
[ 0, 1, -2, -1, 10, 0, 0, 0, 19 ]
[ -1, 1, -1, 0, -1, 2, 0, 0, 19 ]
[ 1, -1, 1, -1, 10, 0, 0, -1, 2 ]
[ -1, 1, 0, 0, -1, 1, 0, 0, 19 ]
[ 1, -1, 0, 0, 19, 0, 0, -1, 1 ]
[ 1, 0, -1, -1, 1, 0, 0, 0, 19 ]
[ 19, 0, 0, -1, 1, 0, -1, 0, 1 ]
[ 1, 0, 0, 0, 19, 0, 0, 0, 1 ]
[ 1, 1, 0, 0, 19, 0, 0, 0, 1 ]
[ 19, 0, 0, 1, 1, 0, 0, 0, 1 ]
[ 19, 0, 0, -9, 1, 0, 0, 0, 1 ]
[ 1, 2, 0, 0, 19, 0, 0, 0, 1 ]
[ 9, -1, 0, 1, 2, 0, 0, 0, 1 ]
[ 19, 0, 0, -6, 1, 0, 0, 0, 1 ]
[ 1, 3, 0, 0, 19, 0, 0, 0, 1 ]
[ 6, -1, 0, 1, 3, 0, 0, 0, 1 ]
[ 19, 0, 0, 5, 1, 0, 0, 0, 1 ]
[ 1, 4, 0, 0, 19, 0, 0, 0, 1 ]
[ 5, 1, 0, 1, 4, 0, 0, 0, 1 ]
[ 19, 0, 0, 4, 1, 0, 0, 0, 1 ]
[ 1, 5, 0, 0, 19, 0, 0, 0, 1 ]
[ 4, 1, 0, 1, 5, 0, 0, 0, 1 ]
[ 19, 0, 0, -3, 1, 0, 0, 0, 1 ]
[ 1, 6, 0, 0, 19, 0, 0, 0, 1 ]
[ 3, -1, 0, 1, 6, 0, 0, 0, 1 ]
[ 19, 0, 0, -8, 1, 0, 0, 0, 1 ]
[ 8, -1, 0, 3, 2, 0, 0, 0, 1 ]
[ 1, 7, 0, 0, 19, 0, 0, 0, 1 ]
[ 3, 2, 0, 1, 7, 0, 0, 0, 1 ]
[ 19, 0, 0, -7, 1, 0, 0, 0, 1 ]
[ 7, -1, 0, -2, 3, 0, 0, 0, 1 ]
[ 1, -11, 0, 0, 19, 0, 0, 0, 1 ]
[ 2, -3, 0, -1, 11, 0, 0, 0, 1 ]
[ 19, 0, 0, -2, 1, 0, 0, 0, 1 ]
[ 1, -10, 0, 0, 19, 0, 0, 0, 1 ]
[ 2, -1, 0, -1, 10, 0, 0, 0, 1 ]
[ 19, 0, 0, 2, 1, 0, 0, 0, 1 ]
[ 1, 10, 0, 0, 19, 0, 0, 0, 1 ]
[ 2, 1, 0, 1, 10, 0, 0, 0, 1 ]
[ 19, 0, 0, 7, 1, 0, 0, 0, 1 ]
[ 7, 1, 0, 2, 3, 0, 0, 0, 1 ]
[ 1, 11, 0, 0, 19, 0, 0, 0, 1 ]
[ 2, 3, 0, 1, 11, 0, 0, 0, 1 ]
[ 19, 0, 0, 8, 1, 0, 0, 0, 1 ]
[ 8, 1, 0, -3, 2, 0, 0, 0, 1 ]
[ 1, -7, 0, 0, 19, 0, 0, 0, 1 ]
[ 3, -2, 0, -1, 7, 0, 0, 0, 1 ]
[ 19, 0, 0, 3, 1, 0, 0, 0, 1 ]
[ 1, -6, 0, 0, 19, 0, 0, 0, 1 ]
[ 3, 1, 0, -1, 6, 0, 0, 0, 1 ]
[ 19, 0, 0, -4, 1, 0, 0, 0, 1 ]
[ 1, -5, 0, 0, 19, 0, 0, 0, 1 ]
[ 4, -1, 0, -1, 5, 0, 0, 0, 1 ]
[ 19, 0, 0, -5, 1, 0, 0, 0, 1 ]
[ 1, -4, 0, 0, 19, 0, 0, 0, 1 ]
[ 5, -1, 0, -1, 4, 0, 0, 0, 1 ]
[ 19, 0, 0, 6, 1, 0, 0, 0, 1 ]
[ 1, -3, 0, 0, 19, 0, 0, 0, 1 ]
[ 6, 1, 0, -1, 3, 0, 0, 0, 1 ]
[ 19, 0, 0, 9, 1, 0, 0, 0, 1 ]
[ 1, -2, 0, 0, 19, 0, 0, 0, 1 ]
[ 9, 1, 0, -1, 2, 0, 0, 0, 1 ]
[ 1, -1, 0, 0, 19, 0, 0, 0, 1 ]
[ 19, 0, 0, -1, 1, 0, 0, 0, 1 ]
[ 19, 0, 0, 0, 1, 0, 0, 0, 1 ]
