[ 1, 0, 0, 0, 1, 0, 0, 0, 17 ]
[ 1, 0, 0, 0, 1, 1, 0, 0, 17 ]
[ 1, 0, 0, 0, 17, 0, 0, 1, 1 ]
[ 1, 0, 0, 0, 17, 0, 0, -8, 1 ]
[ 1, 0, 0, 0, 1, 2, 0, 0, 17 ]
[ -1, 0, 0, 0, -8, 1, 0, 1, 2 ]
[ 1, 0, 0, 0, 17, 0, 0, 6, 1 ]
[ 1, 0, 0, 0, 1, 3, 0, 0, 17 ]
[ 1, 0, 0, 0, 6, 1, 0, 1, 3 ]
[ 1, 0, 0, 0, 17, 0, 0, -4, 1 ]
[ 1, 0, 0, 0, 1, 4, 0, 0, 17 ]
[ -1, 0, 0, 0, -4, 1, 0, 1, 4 ]
[ 1, 0, 0, 0, 17, 0, 0, 7, 1 ]
[ 1, 0, 0, 0, 7, 1, 0, -3, 2 ]
[ 1, 0, 0, 0, 1, 5, 0, 0, 17 ]
[ -1, 0, 0, 0, -3, 2, 0, 1, 5 ]
[ 1, 0, 0, 0, 17, 0, 0, 3, 1 ]
[ 1, 0, 0, 0, 1, 6, 0, 0, 17 ]
[ 1, 0, 0, 0, 3, 1, 0, 1, 6 ]
[ 1, 0, 0, 0, 17, 0, 0, 5, 1 ]
[ 1, 0, 0, 0, 5, 1, 0, -2, 3 ]
[ -1, 0, 0, 0, -1, 10, 0, 0, 17 ]
[ -1, 0, 0, 0, -2, 3, 0, -1, 10 ]
[ 1, 0, 0, 0, 17, 0, 0, -2, 1 ]
[ -1, 0, 0, 0, -1, 9, 0, 0, 17 ]
[ -1, 0, 0, 0, -2, 1, 0, -1, 9 ]
[ 1, 0, 0, 0, 17, 0, 0, 2, 1 ]
[ 1, 0, 0, 0, 1, 9, 0, 0, 17 ]
[ 1, 0, 0, 0, 2, 1, 0, 1, 9 ]
[ 1, 0, 0, 0, 17, 0, 0, -5, 1 ]
[ -1, 0, 0, 0, -5, 1, 0, 2, 3 ]
[ 1, 0, 0, 0, 1, 10, 0, 0, 17 ]
[ 1, 0, 0, 0, 2, 3, 0, 1, 10 ]
[ 1, 0, 0, 0, 17, 0, 0, -3, 1 ]
[ -1, 0, 0, 0, -1, 6, 0, 0, 17 ]
[ -1, 0, 0, 0, -3, 1, 0, -1, 6 ]
[ 1, 0, 0, 0, 17, 0, 0, -7, 1 ]
[ -1, 0, 0, 0, -7, 1, 0, 3, 2 ]
[ -1, 0, 0, 0, -1, 5, 0, 0, 17 ]
[ 1, 0, 0, 0, 3, 2, 0, -1, 5 ]
[ 1, 0, 0, 0, 17, 0, 0, 4, 1 ]
[ -1, 0, 0, 0, -1, 4, 0, 0, 17 ]
[ 1, 0, 0, 0, 4, 1, 0, -1, 4 ]
[ 1, 0, 0, 0, 17, 0, 0, -6, 1 ]
[ -1, 0, 0, 0, -1, 3, 0, 0, 17 ]
[ -1, 0, 0, 0, -6, 1, 0, -1, 3 ]
[ 1, 0, 0, 0, 17, 0, 0, 8, 1 ]
[ -1, 0, 0, 0, -1, 2, 0, 0, 17 ]
[ 1, 0, 0, 0, 8, 1, 0, -1, 2 ]
[ -1, 0, 0, 0, -1, 1, 0, 0, 17 ]
[ 1, 0, 0, 0, 17, 0, 0, -1, 1 ]
[ 1, 0, 1, 0, 1, 0, 0, 0, 17 ]
[ 17, 0, 0, 0, 1, 0, 1, 0, 1 ]
[ 1, -1, 0, 0, 1, 1, 0, 0, 17 ]
[ 1, -1, 0, 0, 17, 0, 0, 1, 1 ]
[ 1, 0, 1, -1, 1, 0, 0, 0, 17 ]
[ 17, 0, 0, -1, 1, 0, 1, 0, 1 ]
[ 1, 0, 1, -2, 1, 0, 0, 0, 17 ]
[ 17, 0, 0, -2, 1, 0, 1, 0, 1 ]
[ 1, -9, 0, 0, 17, 0, 0, -8, 1 ]
[ 2, -1, 0, -1, 1, 1, 0, 0, 17 ]
[ 2, -1, 0, -1, 9, 0, -1, 1, 1 ]
[ 1, -9, 0, 0, 1, 2, 0, 0, 17 ]
[ -1, 9, 0, 0, -8, 1, 0, 1, 2 ]
[ 0, 1, 2, -1, 9, 0, 0, 0, 17 ]
[ 1, -1, -1, 0, 1, 2, 0, 0, 17 ]
[ 1, -1, -1, -1, 9, 0, 0, 1, 2 ]
[ 1, 0, 1, -3, 1, 0, 0, 0, 17 ]
[ 17, 0, 0, -3, 1, 0, 1, 0, 1 ]
[ 1, -6, 0, 0, 17, 0, 0, 6, 1 ]
[ 3, -1, 0, 1, 0, 1, 0, 0, 17 ]
[ 3, -1, 0, -1, 6, 0, 1, 0, 1 ]
[ 1, -6, 0, 0, 1, 3, 0, 0, 17 ]
[ 1, -6, 0, 0, 6, 1, 0, 1, 3 ]
[ 0, 1, 3, -1, 6, 0, 0, 0, 17 ]
[ 1, 0, 1, 0, 1, 3, 0, 0, 17 ]
[ 1, 0, 1, -1, 6, 0, 0, 1, 3 ]
[ 1, 0, 1, -4, 1, 0, 0, 0, 17 ]
[ 17, 0, 0, -4, 1, 0, 1, 0, 1 ]
[ 1, 4, 0, 0, 17, 0, 0, -4, 1 ]
[ 4, -1, 0, 1, 0, 1, 0, 0, 17 ]
[ 4, -1, 0, 1, 4, 0, 1, 0, 1 ]
[ 1, 4, 0, 0, 1, 4, 0, 0, 17 ]
[ -1, -4, 0, 0, -4, 1, 0, 1, 4 ]
[ 0, -1, -4, 1, 4, 0, 0, 0, 17 ]
[ 1, 0, 1, 0, 1, 4, 0, 0, 17 ]
[ 1, 0, 1, 1, 4, 0, 0, 1, 4 ]
[ 1, 0, 1, -5, 1, 0, 0, 0, 17 ]
[ 17, 0, 0, -5, 1, 0, 1, 0, 1 ]
[ 5, -1, 0, 1, 0, 1, 0, 0, 17 ]
[ 5, -1, 0, 2, 3, 0, 1, 0, 1 ]
[ 1, 10, 0, 0, 17, 0, 0, 7, 1 ]
[ 2, 3, 0, 1, 10, 0, -1, -3, 1 ]
[ 1, 1, 6, 2, 3, 0, 0, 0, 17 ]
[ 1, 0, 1, 1, 1, 6, 0, 0, 17 ]
[ 1, 0, 1, 2, 3, 0, 1, 1, 6 ]
[ 1, 10, 0, 0, 7, 1, 0, -3, 2 ]
[ 1, 3, -1, 1, 10, 0, 0, -3, 2 ]
[ -1, -2, 6, -1, -3, 1, 0, 0, 17 ]
[ -2, -3, 0, -1, -2, 6, 0, 0, 17 ]
[ -2, -3, 0, -1, -3, 1, -1, -2, 6 ]
[ 1, 10, 0, 0, 1, 5, 0, 0, 17 ]
[ -1, -10, 0, 0, -3, 2, 0, 1, 5 ]
[ 0, -1, -5, 1, 10, 0, 0, 0, 17 ]
[ 0, -3, 2, 1, 10, 0, 0, 1, 5 ]
[ 1, 3, -1, 0, 1, 5, 0, 0, 17 ]
[ -1, -3, 1, 0, -3, 2, 0, 1, 5 ]
[ 1, 0, 1, -6, 1, 0, 0, 0, 17 ]
[ 17, 0, 0, -6, 1, 0, 1, 0, 1 ]
[ 1, -3, 0, 0, 17, 0, 0, 3, 1 ]
[ 6, -1, 0, 1, 0, 1, 0, 0, 17 ]
[ 6, -1, 0, -1, 3, 0, 1, 0, 1 ]
[ 1, -3, 0, 0, 1, 6, 0, 0, 17 ]
[ 1, -3, 0, 0, 3, 1, 0, 1, 6 ]
[ 0, 1, 6, -1, 3, 0, 0, 0, 17 ]
[ 1, 0, 1, 0, 1, 6, 0, 0, 17 ]
[ 1, 0, 1, -1, 3, 0, 0, 1, 6 ]
[ 1, 0, 1, -7, 1, 0, 0, 0, 17 ]
[ 17, 0, 0, -7, 1, 0, 1, 0, 1 ]
[ 7, -1, 0, 1, 0, 1, 0, 0, 17 ]
[ 7, -1, 0, 3, 2, 0, 1, 0, 1 ]
[ 1, -5, 0, 0, 17, 0, 0, 5, 1 ]
[ 3, 2, 0, -1, 5, 0, 1, 0, 1 ]
[ 2, 1, 9, 3, 2, 0, 0, 0, 17 ]
[ 1, 0, 1, 2, 1, 9, 0, 0, 17 ]
[ 1, 0, 1, 3, 2, 0, 2, 1, 9 ]
[ 1, -5, 0, 0, 5, 1, 0, -2, 3 ]
[ 1, 0, 1, -1, 5, 0, 0, -2, 3 ]
[ -2, -1, -9, 1, 0, 1, 0, 0, 17 ]
[ -3, -2, 0, 2, 1, 9, 0, 0, 17 ]
[ -3, -2, 0, 1, 0, 1, 2, 1, 9 ]
[ -1, 5, 0, 0, -1, 10, 0, 0, 17 ]
[ -1, 5, 0, 0, -2, 3, 0, -1, 10 ]
[ 0, 1, -10, -1, 5, 0, 0, 0, 17 ]
[ 0, 2, -3, -1, 5, 0, 0, -1, 10 ]
[ -1, 0, -1, 0, -1, 10, 0, 0, 17 ]
[ -1, 0, -1, 0, -2, 3, 0, -1, 10 ]
[ 1, 0, 1, -8, 1, 0, 0, 0, 17 ]
[ 17, 0, 0, -8, 1, 0, 1, 0, 1 ]
[ 1, 2, 0, 0, 17, 0, 0, -2, 1 ]
[ 8, -1, 0, 1, 0, 1, 0, 0, 17 ]
[ 8, -1, 0, 1, 2, 0, 1, 0, 1 ]
[ -1, -2, 0, 0, -1, 9, 0, 0, 17 ]
[ -1, -2, 0, 0, -2, 1, 0, -1, 9 ]
[ 1, 1, 9, 1, 2, 0, 0, 0, 17 ]
[ 1, 0, 1, 1, 1, 9, 0, 0, 17 ]
[ 1, 0, 1, 1, 2, 0, 1, 1, 9 ]
[ 1, 0, 1, 8, 1, 0, 0, 0, 17 ]
[ 17, 0, 0, 8, 1, 0, 1, 0, 1 ]
[ 1, -2, 0, 0, 17, 0, 0, 2, 1 ]
[ -8, -1, 0, 1, 0, 1, 0, 0, 17 ]
[ 8, 1, 0, -1, 2, 0, 1, 0, 1 ]
[ 1, -2, 0, 0, 1, 9, 0, 0, 17 ]
[ 1, -2, 0, 0, 2, 1, 0, 1, 9 ]
[ 0, 1, 9, -1, 2, 0, 0, 0, 17 ]
[ 1, 0, 1, 0, 1, 9, 0, 0, 17 ]
[ 1, 0, 1, -1, 2, 0, 0, 1, 9 ]
[ 1, 0, 1, 7, 1, 0, 0, 0, 17 ]
[ 17, 0, 0, 7, 1, 0, 1, 0, 1 ]
[ -7, -1, 0, 1, 0, 1, 0, 0, 17 ]
[ 7, 1, 0, -3, 2, 0, 1, 0, 1 ]
[ 1, 5, 0, 0, 17, 0, 0, -5, 1 ]
[ 3, -2, 0, 1, 5, 0, 1, 0, 1 ]
[ -1, 1, 9, -3, 2, 0, 0, 0, 17 ]
[ 1, 0, 1, -1, 1, 9, 0, 0, 17 ]
[ 1, 0, 1, -3, 2, 0, -1, 1, 9 ]
[ -1, -5, 0, 0, -5, 1, 0, 2, 3 ]
[ 1, 0, 1, 1, 5, 0, 0, 2, 3 ]
[ 1, -1, -9, 1, 0, 1, 0, 0, 17 ]
[ 3, -2, 0, -1, 1, 9, 0, 0, 17 ]
[ 3, -2, 0, 1, 0, 1, -1, 1, 9 ]
[ 1, 5, 0, 0, 1, 10, 0, 0, 17 ]
[ 1, 5, 0, 0, 2, 3, 0, 1, 10 ]
[ 0, -1, -10, 1, 5, 0, 0, 0, 17 ]
[ 0, -2, -3, 1, 5, 0, 0, 1, 10 ]
[ 1, 0, 1, 0, 1, 10, 0, 0, 17 ]
[ 1, 0, 1, 0, 2, 3, 0, 1, 10 ]
[ 1, 0, 1, 6, 1, 0, 0, 0, 17 ]
[ 17, 0, 0, 6, 1, 0, 1, 0, 1 ]
[ 1, 3, 0, 0, 17, 0, 0, -3, 1 ]
[ -6, -1, 0, 1, 0, 1, 0, 0, 17 ]
[ 6, 1, 0, 1, 3, 0, 1, 0, 1 ]
[ -1, -3, 0, 0, -1, 6, 0, 0, 17 ]
[ -1, -3, 0, 0, -3, 1, 0, -1, 6 ]
[ 0, -1, 6, 1, 3, 0, 0, 0, 17 ]
[ -1, 0, -1, 0, -1, 6, 0, 0, 17 ]
[ 1, 0, 1, 1, 3, 0, 0, -1, 6 ]
[ 1, 0, 1, 5, 1, 0, 0, 0, 17 ]
[ 17, 0, 0, 5, 1, 0, 1, 0, 1 ]
[ -5, -1, 0, 1, 0, 1, 0, 0, 17 ]
[ 5, 1, 0, -2, 3, 0, 1, 0, 1 ]
[ 1, -10, 0, 0, 17, 0, 0, -7, 1 ]
[ 2, -3, 0, -1, 10, 0, -1, 3, 1 ]
[ 1, -1, 6, -2, 3, 0, 0, 0, 17 ]
[ -1, 0, -1, 1, -1, 6, 0, 0, 17 ]
[ 1, 0, 1, -2, 3, 0, 1, -1, 6 ]
[ -1, 10, 0, 0, -7, 1, 0, 3, 2 ]
[ 1, -3, -1, -1, 10, 0, 0, 3, 2 ]
[ 1, -2, -6, -1, 3, 1, 0, 0, 17 ]
[ 2, -3, 0, -1, 2, 6, 0, 0, 17 ]
[ 2, -3, 0, -1, 3, 1, -1, 2, 6 ]
[ -1, 10, 0, 0, -1, 5, 0, 0, 17 ]
[ 1, -10, 0, 0, 3, 2, 0, -1, 5 ]
[ 0, 1, -5, -1, 10, 0, 0, 0, 17 ]
[ 0, 3, 2, -1, 10, 0, 0, -1, 5 ]
[ -1, 3, 1, 0, -1, 5, 0, 0, 17 ]
[ 1, -3, -1, 0, 3, 2, 0, -1, 5 ]
[ 1, 0, 1, 4, 1, 0, 0, 0, 17 ]
[ 17, 0, 0, 4, 1, 0, 1, 0, 1 ]
[ 1, -4, 0, 0, 17, 0, 0, 4, 1 ]
[ -4, -1, 0, 1, 0, 1, 0, 0, 17 ]
[ 4, 1, 0, -1, 4, 0, 1, 0, 1 ]
[ -1, 4, 0, 0, -1, 4, 0, 0, 17 ]
[ 1, -4, 0, 0, 4, 1, 0, -1, 4 ]
[ 0, 1, -4, -1, 4, 0, 0, 0, 17 ]
[ -1, 0, -1, 0, -1, 4, 0, 0, 17 ]
[ 1, 0, 1, -1, 4, 0, 0, -1, 4 ]
[ 1, 0, 1, 3, 1, 0, 0, 0, 17 ]
[ 17, 0, 0, 3, 1, 0, 1, 0, 1 ]
[ 1, 6, 0, 0, 17, 0, 0, -6, 1 ]
[ -3, -1, 0, 1, 0, 1, 0, 0, 17 ]
[ 3, 1, 0, 1, 6, 0, 1, 0, 1 ]
[ -1, -6, 0, 0, -1, 3, 0, 0, 17 ]
[ -1, -6, 0, 0, -6, 1, 0, -1, 3 ]
[ 0, -1, 3, 1, 6, 0, 0, 0, 17 ]
[ -1, 0, -1, 0, -1, 3, 0, 0, 17 ]
[ 1, 0, 1, 1, 6, 0, 0, -1, 3 ]
[ 1, 0, 1, 2, 1, 0, 0, 0, 17 ]
[ 17, 0, 0, 2, 1, 0, 1, 0, 1 ]
[ 1, 9, 0, 0, 17, 0, 0, 8, 1 ]
[ -2, -1, 0, -1, -1, 1, 0, 0, 17 ]
[ 2, 1, 0, 1, 9, 0, -1, -1, 1 ]
[ -1, -9, 0, 0, -1, 2, 0, 0, 17 ]
[ 1, 9, 0, 0, 8, 1, 0, -1, 2 ]
[ 0, -1, 2, 1, 9, 0, 0, 0, 17 ]
[ -1, -1, 1, 0, -1, 2, 0, 0, 17 ]
[ 1, 1, -1, 1, 9, 0, 0, -1, 2 ]
[ -1, -1, 0, 0, -1, 1, 0, 0, 17 ]
[ 1, 1, 0, 0, 17, 0, 0, -1, 1 ]
[ 1, 0, 1, 1, 1, 0, 0, 0, 17 ]
[ 17, 0, 0, 1, 1, 0, 1, 0, 1 ]
[ 17, 0, 0, 0, 1, 0, -8, 0, 1 ]
[ 1, 0, 2, 0, 1, 0, 0, 0, 17 ]
[ 8, 0, -1, 0, 1, 0, 1, 0, 2 ]
[ 17, 0, 0, 8, 1, 0, -8, 0, 1 ]
[ 1, -2, 0, 0, 1, 1, 0, 0, 17 ]
[ 1, -2, 0, 0, 17, 0, 0, 1, 1 ]
[ 0, 1, 1, -1, 2, 0, 0, 0, 17 ]
[ 8, 1, 0, -1, 2, 0, 0, 1, 1 ]
[ 1, 0, 2, 8, 1, 0, 0, 0, 17 ]
[ 8, 0, -1, 8, 1, 0, 1, 0, 2 ]
[ 1, 0, 2, 0, 1, 1, 0, 0, 17 ]
[ -8, -1, 0, 1, 0, 2, 0, 0, 17 ]
[ 8, 1, 0, 0, 1, 1, 1, 0, 2 ]
[ 1, -1, 0, 0, 17, 0, 0, -8, 1 ]
[ 17, 0, 0, -1, 1, 0, -8, 0, 1 ]
[ 1, -1, 0, 0, 1, 2, 0, 0, 17 ]
[ -1, 1, 0, 0, -8, 1, 0, 1, 2 ]
[ 1, 0, 2, -1, 1, 0, 0, 0, 17 ]
[ 8, 0, -1, -1, 1, 0, 1, 0, 2 ]
[ 17, 0, 0, 7, 1, 0, -8, 0, 1 ]
[ -1, 1, 1, -3, 2, 0, 0, 0, 17 ]
[ 7, 1, 0, -3, 2, 0, -1, 1, 1 ]
[ 1, 0, 2, 7, 1, 0, 0, 0, 17 ]
[ 8, 0, -1, 7, 1, 0, 1, 0, 2 ]
[ 1, 5, 0, 0, 17, 0, 0, 6, 1 ]
[ 3, -2, 0, -1, 1, 1, 0, 0, 17 ]
[ 3, -2, 0, 1, 5, 0, -1, 1, 1 ]
[ 1, 0, 2, -1, 1, 1, 0, 0, 17 ]
[ -7, -1, 0, 1, 0, 2, 0, 0, 17 ]
[ 7, 1, 0, -1, 1, 1, 1, 0, 2 ]
[ 1, 5, 0, 0, 1, 3, 0, 0, 17 ]
[ 1, 5, 0, 0, 6, 1, 0, 1, 3 ]
[ 0, -1, -3, 1, 5, 0, 0, 0, 17 ]
[ 1, -1, -1, 0, 1, 3, 0, 0, 17 ]
[ 1, -1, -1, 1, 5, 0, 0, 1, 3 ]
[ 17, 0, 0, -2, 1, 0, -8, 0, 1 ]
[ 1, -9, 0, 0, 17, 0, 0, -4, 1 ]
[ 2, -1, 0, -1, 9, 0, 0, -4, 1 ]
[ 1, 0, 2, -2, 1, 0, 0, 0, 17 ]
[ 8, 0, -1, -2, 1, 0, 1, 0, 2 ]
[ 1, -9, 0, 0, 1, 4, 0, 0, 17 ]
[ -1, 9, 0, 0, -4, 1, 0, 1, 4 ]
[ 0, 1, 4, -1, 9, 0, 0, 0, 17 ]
[ 0, 4, -1, -1, 9, 0, 0, 1, 4 ]
[ 2, -1, 0, -1, 1, 2, 0, 0, 17 ]
[ -2, 1, 0, 0, -4, 1, -1, 1, 2 ]
[ 1, -1, -2, 0, 1, 4, 0, 0, 17 ]
[ -1, 1, 2, 0, -4, 1, 0, 1, 4 ]
[ 17, 0, 0, 6, 1, 0, -8, 0, 1 ]
[ 1, 3, 0, 0, 17, 0, 0, 7, 1 ]
[ 6, 1, 0, 1, 3, 0, -2, 1, 1 ]
[ 1, 0, 2, 6, 1, 0, 0, 0, 17 ]
[ 8, 0, -1, 6, 1, 0, 1, 0, 2 ]
[ 1, 3, 0, 0, 7, 1, 0, -3, 2 ]
[ 2, -1, -1, 1, 0, 2, 0, 0, 17 ]
[ 2, -1, -1, 1, 3, 0, 1, 0, 2 ]
[ 1, 0, 2, -2, 1, 1, 0, 0, 17 ]
[ -6, -1, 0, 1, 0, 2, 0, 0, 17 ]
[ 6, 1, 0, -2, 1, 1, 1, 0, 2 ]
[ 1, 3, 0, 0, 1, 5, 0, 0, 17 ]
[ -1, -3, 0, 0, -3, 2, 0, 1, 5 ]
[ 0, -1, -5, 1, 3, 0, 0, 0, 17 ]
[ 1, 0, 2, 0, 1, 5, 0, 0, 17 ]
[ 1, 0, 2, 1, 3, 0, 0, 1, 5 ]
[ 17, 0, 0, -3, 1, 0, -8, 0, 1 ]
[ 1, -6, 0, 0, 17, 0, 0, 3, 1 ]
[ 3, -1, 0, -1, 6, 0, 1, -3, 1 ]
[ 1, 0, 2, -3, 1, 0, 0, 0, 17 ]
[ 8, 0, -1, -3, 1, 0, 1, 0, 2 ]
[ 1, -6, 0, 0, 1, 6, 0, 0, 17 ]
[ 1, -6, 0, 0, 3, 1, 0, 1, 6 ]
[ 0, 1, 6, -1, 6, 0, 0, 0, 17 ]
[ 1, -3, 1, 0, 1, 6, 0, 0, 17 ]
[ 1, -3, 1, -1, 6, 0, 0, 1, 6 ]
[ 3, -1, 0, 1, 0, 2, 0, 0, 17 ]
[ -3, 1, 0, 1, -3, 1, 1, 0, 2 ]
[ 0, -1, -6, 1, -3, 1, 0, 0, 17 ]
[ 1, 0, 2, 0, 1, 6, 0, 0, 17 ]
[ -1, 0, -2, 1, -3, 1, 0, 1, 6 ]
[ 17, 0, 0, 5, 1, 0, -8, 0, 1 ]
[ 5, 1, 0, -2, 3, 0, -3, 1, 1 ]
[ 1, 0, 2, 5, 1, 0, 0, 0, 17 ]
[ 8, 0, -1, 5, 1, 0, 1, 0, 2 ]
[ 1, -10, 0, 0, 17, 0, 0, 5, 1 ]
[ 2, -3, 0, -1, 10, 0, 1, -5, 1 ]
[ 3, -1, -1, 1, 0, 2, 0, 0, 17 ]
[ 3, -1, -1, -2, 3, 0, 1, 0, 2 ]
[ 1, 0, 2, -3, 1, 1, 0, 0, 17 ]
[ -5, -1, 0, 1, 0, 2, 0, 0, 17 ]
[ 5, 1, 0, -3, 1, 1, 1, 0, 2 ]
[ 1, -10, 0, 0, 5, 1, 0, -2, 3 ]
[ 1, -5, 1, -1, 10, 0, 0, -2, 3 ]
[ -2, 3, 0, 1, -5, 1, -1, 3, 2 ]
[ 1, -1, -5, -2, 3, 0, 0, 0, 17 ]
[ 1, 0, 2, -1, 1, 5, 0, 0, 17 ]
[ 1, 0, 2, -2, 3, 0, -1, 1, 5 ]
[ -1, 10, 0, 0, -1, 10, 0, 0, 17 ]
[ -1, 10, 0, 0, -2, 3, 0, -1, 10 ]
[ 0, 1, -10, -1, 10, 0, 0, 0, 17 ]
[ 0, 2, -3, -1, 10, 0, 0, -1, 10 ]
[ -1, 5, -1, 0, -1, 10, 0, 0, 17 ]
[ -1, 5, -1, 0, -2, 3, 0, -1, 10 ]
[ 0, -1, 10, 1, -5, 1, 0, 0, 17 ]
[ -1, 3, 2, 0, -1, 10, 0, 0, 17 ]
[ -1, 3, 2, 1, -5, 1, 0, -1, 10 ]
[ 1, -2, 5, -1, 3, 2, 0, 0, 17 ]
[ -2, 3, 0, 1, -2, 5, 0, 0, 17 ]
[ 2, -3, 0, -1, 3, 2, 1, -2, 5 ]
[ 17, 0, 0, -4, 1, 0, -8, 0, 1 ]
[ 1, 4, 0, 0, 17, 0, 0, -2, 1 ]
[ 4, -1, 0, 1, 4, 0, 0, -2, 1 ]
[ 1, 0, 2, -4, 1, 0, 0, 0, 17 ]
[ 8, 0, -1, -4, 1, 0, 1, 0, 2 ]
[ -1, -4, 0, 0, -1, 9, 0, 0, 17 ]
[ -1, -4, 0, 0, -2, 1, 0, -1, 9 ]
[ 0, -1, 9, 1, 4, 0, 0, 0, 17 ]
[ 0, -2, 1, 1, 4, 0, 0, -1, 9 ]
[ 4, -1, 0, 1, 0, 2, 0, 0, 17 ]
[ -4, 1, 0, 0, -2, 1, 1, 0, 2 ]
[ -1, 0, -2, 0, -1, 9, 0, 0, 17 ]
[ -1, 0, -2, 0, -2, 1, 0, -1, 9 ]
[ 17, 0, 0, 4, 1, 0, -8, 0, 1 ]
[ 1, -4, 0, 0, 17, 0, 0, 2, 1 ]
[ 4, 1, 0, -1, 4, 0, 0, 2, 1 ]
[ 1, 0, 2, 4, 1, 0, 0, 0, 17 ]
[ 8, 0, -1, 4, 1, 0, 1, 0, 2 ]
[ 1, -4, 0, 0, 1, 9, 0, 0, 17 ]
[ 1, -4, 0, 0, 2, 1, 0, 1, 9 ]
[ 0, 1, 9, -1, 4, 0, 0, 0, 17 ]
[ 0, 2, 1, -1, 4, 0, 0, 1, 9 ]
[ -4, -1, 0, 1, 0, 2, 0, 0, 17 ]
[ 4, 1, 0, 0, 2, 1, 1, 0, 2 ]
[ 1, 0, 2, 0, 1, 9, 0, 0, 17 ]
[ 1, 0, 2, 0, 2, 1, 0, 1, 9 ]
[ 17, 0, 0, -5, 1, 0, -8, 0, 1 ]
[ 5, -1, 0, 2, 3, 0, -3, -1, 1 ]
[ 1, 0, 2, -5, 1, 0, 0, 0, 17 ]
[ 8, 0, -1, -5, 1, 0, 1, 0, 2 ]
[ 1, 10, 0, 0, 17, 0, 0, -5, 1 ]
[ 2, 3, 0, 1, 10, 0, 1, 5, 1 ]
[ -3, -1, 1, 1, 0, 2, 0, 0, 17 ]
[ 3, 1, -1, 2, 3, 0, 1, 0, 2 ]
[ -1, 0, -2, -3, -1, 1, 0, 0, 17 ]
[ 5, -1, 0, 1, 0, 2, 0, 0, 17 ]
[ -5, 1, 0, -3, -1, 1, 1, 0, 2 ]
[ -1, -10, 0, 0, -5, 1, 0, 2, 3 ]
[ 1, 5, 1, 1, 10, 0, 0, 2, 3 ]
[ 2, 3, 0, 1, 5, 1, -1, -3, 2 ]
[ 1, 1, -5, 2, 3, 0, 0, 0, 17 ]
[ -1, 0, -2, -1, -1, 5, 0, 0, 17 ]
[ 1, 0, 2, 2, 3, 0, -1, -1, 5 ]
[ 1, 10, 0, 0, 1, 10, 0, 0, 17 ]
[ 1, 10, 0, 0, 2, 3, 0, 1, 10 ]
[ 0, -1, -10, 1, 10, 0, 0, 0, 17 ]
[ 0, -2, -3, 1, 10, 0, 0, 1, 10 ]
[ 1, 5, 1, 0, 1, 10, 0, 0, 17 ]
[ 1, 5, 1, 0, 2, 3, 0, 1, 10 ]
[ 0, -1, -10, 1, 5, 1, 0, 0, 17 ]
[ 1, 3, -2, 0, 1, 10, 0, 0, 17 ]
[ 1, 3, -2, 1, 5, 1, 0, 1, 10 ]
[ -1, -2, -5, -1, -3, 2, 0, 0, 17 ]
[ 2, 3, 0, 1, 2, 5, 0, 0, 17 ]
[ -2, -3, 0, -1, -3, 2, 1, 2, 5 ]
[ 17, 0, 0, 3, 1, 0, -8, 0, 1 ]
[ 1, 6, 0, 0, 17, 0, 0, -3, 1 ]
[ 3, 1, 0, 1, 6, 0, 1, 3, 1 ]
[ 1, 0, 2, 3, 1, 0, 0, 0, 17 ]
[ 8, 0, -1, 3, 1, 0, 1, 0, 2 ]
[ -1, -6, 0, 0, -1, 6, 0, 0, 17 ]
[ -1, -6, 0, 0, -3, 1, 0, -1, 6 ]
[ 0, -1, 6, 1, 6, 0, 0, 0, 17 ]
[ -1, -3, -1, 0, -1, 6, 0, 0, 17 ]
[ 1, 3, 1, 1, 6, 0, 0, -1, 6 ]
[ -3, -1, 0, 1, 0, 2, 0, 0, 17 ]
[ 3, 1, 0, 1, 3, 1, 1, 0, 2 ]
[ 0, -1, 6, 1, 3, 1, 0, 0, 17 ]
[ -1, 0, -2, 0, -1, 6, 0, 0, 17 ]
[ 1, 0, 2, 1, 3, 1, 0, -1, 6 ]
[ 17, 0, 0, -6, 1, 0, -8, 0, 1 ]
[ 1, -3, 0, 0, 17, 0, 0, -7, 1 ]
[ 6, -1, 0, -1, 3, 0, -2, -1, 1 ]
[ 1, 0, 2, -6, 1, 0, 0, 0, 17 ]
[ 8, 0, -1, -6, 1, 0, 1, 0, 2 ]
[ -1, 3, 0, 0, -7, 1, 0, 3, 2 ]
[ -2, -1, 1, 1, 0, 2, 0, 0, 17 ]
[ 2, 1, -1, -1, 3, 0, 1, 0, 2 ]
[ -1, 0, -2, -2, -1, 1, 0, 0, 17 ]
[ 6, -1, 0, 1, 0, 2, 0, 0, 17 ]
[ -6, 1, 0, -2, -1, 1, 1, 0, 2 ]
[ -1, 3, 0, 0, -1, 5, 0, 0, 17 ]
[ 1, -3, 0, 0, 3, 2, 0, -1, 5 ]
[ 0, 1, -5, -1, 3, 0, 0, 0, 17 ]
[ -1, 0, -2, 0, -1, 5, 0, 0, 17 ]
[ 1, 0, 2, -1, 3, 0, 0, -1, 5 ]
[ 17, 0, 0, 2, 1, 0, -8, 0, 1 ]
[ 1, 9, 0, 0, 17, 0, 0, 4, 1 ]
[ 2, 1, 0, 1, 9, 0, 0, 4, 1 ]
[ 1, 0, 2, 2, 1, 0, 0, 0, 17 ]
[ 8, 0, -1, 2, 1, 0, 1, 0, 2 ]
[ -1, -9, 0, 0, -1, 4, 0, 0, 17 ]
[ 1, 9, 0, 0, 4, 1, 0, -1, 4 ]
[ 0, -1, 4, 1, 9, 0, 0, 0, 17 ]
[ 0, -4, -1, 1, 9, 0, 0, -1, 4 ]
[ -2, -1, 0, 1, 0, 2, 0, 0, 17 ]
[ 2, 1, 0, 0, 4, 1, 1, 0, 2 ]
[ -1, 0, -2, 0, -1, 4, 0, 0, 17 ]
[ 1, 0, 2, 0, 4, 1, 0, -1, 4 ]
[ 17, 0, 0, -7, 1, 0, -8, 0, 1 ]
[ -1, -1, 1, 3, 2, 0, 0, 0, 17 ]
[ 7, -1, 0, 3, 2, 0, -1, -1, 1 ]
[ 1, 0, 2, -7, 1, 0, 0, 0, 17 ]
[ 8, 0, -1, -7, 1, 0, 1, 0, 2 ]
[ 1, -5, 0, 0, 17, 0, 0, -6, 1 ]
[ -3, -2, 0, -1, -1, 1, 0, 0, 17 ]
[ 3, 2, 0, -1, 5, 0, -1, -1, 1 ]
[ -1, 0, -2, -1, -1, 1, 0, 0, 17 ]
[ 7, -1, 0, 1, 0, 2, 0, 0, 17 ]
[ -7, 1, 0, -1, -1, 1, 1, 0, 2 ]
[ -1, 5, 0, 0, -1, 3, 0, 0, 17 ]
[ -1, 5, 0, 0, -6, 1, 0, -1, 3 ]
[ 0, 1, -3, -1, 5, 0, 0, 0, 17 ]
[ -1, -1, 1, 0, -1, 3, 0, 0, 17 ]
[ 1, 1, -1, -1, 5, 0, 0, -1, 3 ]
[ 1, 1, 0, 0, 17, 0, 0, 8, 1 ]
[ 17, 0, 0, 1, 1, 0, -8, 0, 1 ]
[ -1, -1, 0, 0, -1, 2, 0, 0, 17 ]
[ 1, 1, 0, 0, 8, 1, 0, -1, 2 ]
[ 1, 0, 2, 1, 1, 0, 0, 0, 17 ]
[ 8, 0, -1, 1, 1, 0, 1, 0, 2 ]
[ 17, 0, 0, -8, 1, 0, -8, 0, 1 ]
[ -1, -2, 0, 0, -1, 1, 0, 0, 17 ]
[ 1, 2, 0, 0, 17, 0, 0, -1, 1 ]
[ 0, -1, 1, 1, 2, 0, 0, 0, 17 ]
[ 8, -1, 0, 1, 2, 0, 0, -1, 1 ]
[ 1, 0, 2, -8, 1, 0, 0, 0, 17 ]
[ 8, 0, -1, -8, 1, 0, 1, 0, 2 ]
[ -1, 0, -2, 0, -1, 1, 0, 0, 17 ]
[ 8, -1, 0, 1, 0, 2, 0, 0, 17 ]
[ -8, 1, 0, 0, -1, 1, 1, 0, 2 ]
[ 17, 0, 0, 0, 1, 0, 6, 0, 1 ]
[ 1, 0, 3, 0, 1, 0, 0, 0, 17 ]
[ 6, 0, 1, 0, 1, 0, 1, 0, 3 ]
[ 17, 0, 0, -6, 1, 0, 6, 0, 1 ]
[ 1, -3, 0, 0, 1, 1, 0, 0, 17 ]
[ 1, -3, 0, 0, 17, 0, 0, 1, 1 ]
[ 0, 1, 1, -1, 3, 0, 0, 0, 17 ]
[ 6, -1, 0, -1, 3, 0, 0, 1, 1 ]
[ 1, 0, 3, -6, 1, 0, 0, 0, 17 ]
[ 6, 0, 1, -6, 1, 0, 1, 0, 3 ]
[ 1, 0, 3, 0, 1, 1, 0, 0, 17 ]
[ 6, -1, 0, 1, 0, 3, 0, 0, 17 ]
[ 6, -1, 0, 0, 1, 1, 1, 0, 3 ]
[ 17, 0, 0, 5, 1, 0, 6, 0, 1 ]
[ 1, -1, 1, -2, 3, 0, 0, 0, 17 ]
[ 5, 1, 0, -2, 3, 0, 1, -1, 1 ]
[ 1, 0, 3, 5, 1, 0, 0, 0, 17 ]
[ 6, 0, 1, 5, 1, 0, 1, 0, 3 ]
[ 1, -10, 0, 0, 17, 0, 0, -8, 1 ]
[ 2, -3, 0, -1, 2, 1, 0, 0, 17 ]
[ 2, -3, 0, -1, 10, 0, -1, 2, 1 ]
[ -1, 0, -3, 1, -1, 1, 0, 0, 17 ]
[ -5, -1, 0, 1, 0, 3, 0, 0, 17 ]
[ -5, -1, 0, 1, -1, 1, 1, 0, 3 ]
[ 1, -10, 0, 0, 1, 2, 0, 0, 17 ]
[ -1, 10, 0, 0, -8, 1, 0, 1, 2 ]
[ 0, 1, 2, -1, 10, 0, 0, 0, 17 ]
[ 1, -2, -1, 0, 1, 2, 0, 0, 17 ]
[ 1, -2, -1, -1, 10, 0, 0, 1, 2 ]
[ 1, -1, 0, 0, 17, 0, 0, 6, 1 ]
[ 17, 0, 0, -1, 1, 0, 6, 0, 1 ]
[ 1, -1, 0, 0, 1, 3, 0, 0, 17 ]
[ 1, -1, 0, 0, 6, 1, 0, 1, 3 ]
[ 1, 0, 3, -1, 1, 0, 0, 0, 17 ]
[ 6, 0, 1, -1, 1, 0, 1, 0, 3 ]
[ 17, 0, 0, -7, 1, 0, 6, 0, 1 ]
[ 7, -1, 0, 3, 2, 0, -1, 1, 1 ]
[ 1, 0, 3, -7, 1, 0, 0, 0, 17 ]
[ 6, 0, 1, -7, 1, 0, 1, 0, 3 ]
[ 1, -5, 0, 0, 17, 0, 0, -4, 1 ]
[ 3, 2, 0, -1, 5, 0, -1, 1, 1 ]
[ 1, -1, -1, 1, 0, 3, 0, 0, 17 ]
[ 1, -1, -1, 3, 2, 0, 1, 0, 3 ]
[ 1, 0, 3, -1, 1, 1, 0, 0, 17 ]
[ 7, -1, 0, 1, 0, 3, 0, 0, 17 ]
[ 7, -1, 0, -1, 1, 1, 1, 0, 3 ]
[ 1, -5, 0, 0, 1, 4, 0, 0, 17 ]
[ -1, 5, 0, 0, -4, 1, 0, 1, 4 ]
[ 0, 1, 4, -1, 5, 0, 0, 0, 17 ]
[ 1, -1, -1, 0, 1, 4, 0, 0, 17 ]
[ 1, -1, -1, -1, 5, 0, 0, 1, 4 ]
[ 3, 2, 0, -1, 1, 1, 1, 0, 3 ]
[ 2, 1, 10, 3, 2, 0, 0, 0, 17 ]
[ 1, 0, 3, 2, 1, 10, 0, 0, 17 ]
[ 1, 0, 3, 3, 2, 0, 2, 1, 10 ]
[ 1, 0, 3, -1, 1, 1, 0, 0, 17 ]
[ -2, -1, -10, 1, 0, 3, 0, 0, 17 ]
[ -3, -2, 0, 2, 1, 10, 0, 0, 17 ]
[ -3, -2, 0, 1, 0, 3, 2, 1, 10 ]
[ 17, 0, 0, 4, 1, 0, 6, 0, 1 ]
[ 1, -4, 0, 0, 17, 0, 0, 7, 1 ]
[ 4, 1, 0, -1, 4, 0, 2, -1, 1 ]
[ 1, 0, 3, 4, 1, 0, 0, 0, 17 ]
[ 6, 0, 1, 4, 1, 0, 1, 0, 3 ]
[ 1, -4, 0, 0, 7, 1, 0, -3, 2 ]
[ 2, -1, 1, -1, 1, 2, 0, 0, 17 ]
[ 2, -1, 1, -1, 4, 0, -1, 1, 2 ]
[ -1, 0, -3, 2, -1, 1, 0, 0, 17 ]
[ -4, -1, 0, 1, 0, 3, 0, 0, 17 ]
[ -4, -1, 0, 2, -1, 1, 1, 0, 3 ]
[ 1, -4, 0, 0, 1, 5, 0, 0, 17 ]
[ -1, 4, 0, 0, -3, 2, 0, 1, 5 ]
[ 0, 1, 5, -1, 4, 0, 0, 0, 17 ]
[ 1, -1, -2, 0, 1, 5, 0, 0, 17 ]
[ 1, -1, -2, -1, 4, 0, 0, 1, 5 ]
[ 17, 0, 0, -2, 1, 0, 6, 0, 1 ]
[ 1, -9, 0, 0, 17, 0, 0, 3, 1 ]
[ 2, -1, 0, -1, 9, 0, 0, 3, 1 ]
[ 1, 0, 3, -2, 1, 0, 0, 0, 17 ]
[ 6, 0, 1, -2, 1, 0, 1, 0, 3 ]
[ 1, -9, 0, 0, 1, 6, 0, 0, 17 ]
[ 1, -9, 0, 0, 3, 1, 0, 1, 6 ]
[ 0, 1, 6, -1, 9, 0, 0, 0, 17 ]
[ 0, 3, 1, -1, 9, 0, 0, 1, 6 ]
[ 2, -1, 0, -1, 1, 3, 0, 0, 17 ]
[ 2, -1, 0, 0, 3, 1, -1, 1, 3 ]
[ 1, -1, -3, 0, 1, 6, 0, 0, 17 ]
[ 1, -1, -3, 0, 3, 1, 0, 1, 6 ]
[ 17, 0, 0, -8, 1, 0, 6, 0, 1 ]
[ 1, 2, 0, 0, 17, 0, 0, 5, 1 ]
[ 8, -1, 0, 1, 2, 0, -2, 1, 1 ]
[ 1, 0, 3, -8, 1, 0, 0, 0, 17 ]
[ 6, 0, 1, -8, 1, 0, 1, 0, 3 ]
[ 1, 2, 0, 0, 5, 1, 0, -2, 3 ]
[ 2, -1, -1, 1, 0, 3, 0, 0, 17 ]
[ 2, -1, -1, 1, 2, 0, 1, 0, 3 ]
[ 1, 0, 3, -2, 1, 1, 0, 0, 17 ]
[ 8, -1, 0, 1, 0, 3, 0, 0, 17 ]
[ 8, -1, 0, -2, 1, 1, 1, 0, 3 ]
[ -1, -2, 0, 0, -1, 10, 0, 0, 17 ]
[ -1, -2, 0, 0, -2, 3, 0, -1, 10 ]
[ 1, 1, 10, 1, 2, 0, 0, 0, 17 ]
[ 1, 0, 3, 1, 1, 10, 0, 0, 17 ]
[ 1, 0, 3, 1, 2, 0, 1, 1, 10 ]
[ 17, 0, 0, 3, 1, 0, 6, 0, 1 ]
[ 1, 6, 0, 0, 17, 0, 0, -2, 1 ]
[ 3, 1, 0, 1, 6, 0, 0, -2, 1 ]
[ 1, 0, 3, 3, 1, 0, 0, 0, 17 ]
[ 6, 0, 1, 3, 1, 0, 1, 0, 3 ]
[ -1, -6, 0, 0, -1, 9, 0, 0, 17 ]
[ -1, -6, 0, 0, -2, 1, 0, -1, 9 ]
[ 0, -1, 9, 1, 6, 0, 0, 0, 17 ]
[ 0, -2, 1, 1, 6, 0, 0, -1, 9 ]
[ -3, -1, 0, 1, 0, 3, 0, 0, 17 ]
[ -3, -1, 0, 0, -2, 1, 1, 0, 3 ]
[ -1, 0, -3, 0, -1, 9, 0, 0, 17 ]
[ -1, 0, -3, 0, -2, 1, 0, -1, 9 ]
[ 17, 0, 0, -3, 1, 0, 6, 0, 1 ]
[ 1, -6, 0, 0, 17, 0, 0, 2, 1 ]
[ 3, -1, 0, -1, 6, 0, 0, 2, 1 ]
[ 1, 0, 3, -3, 1, 0, 0, 0, 17 ]
[ 6, 0, 1, -3, 1, 0, 1, 0, 3 ]
[ 1, -6, 0, 0, 1, 9, 0, 0, 17 ]
[ 1, -6, 0, 0, 2, 1, 0, 1, 9 ]
[ 0, 1, 9, -1, 6, 0, 0, 0, 17 ]
[ 0, 2, 1, -1, 6, 0, 0, 1, 9 ]
[ 3, -1, 0, 1, 0, 3, 0, 0, 17 ]
[ 3, -1, 0, 0, 2, 1, 1, 0, 3 ]
[ 1, 0, 3, 0, 1, 9, 0, 0, 17 ]
[ 1, 0, 3, 0, 2, 1, 0, 1, 9 ]
[ 17, 0, 0, 8, 1, 0, 6, 0, 1 ]
[ 1, -2, 0, 0, 17, 0, 0, -5, 1 ]
[ 8, 1, 0, -1, 2, 0, -2, -1, 1 ]
[ 1, 0, 3, 8, 1, 0, 0, 0, 17 ]
[ 6, 0, 1, 8, 1, 0, 1, 0, 3 ]
[ -1, 2, 0, 0, -5, 1, 0, 2, 3 ]
[ -2, -1, 1, 1, 0, 3, 0, 0, 17 ]
[ 2, 1, -1, -1, 2, 0, 1, 0, 3 ]
[ -1, 0, -3, -2, -1, 1, 0, 0, 17 ]
[ -8, -1, 0, 1, 0, 3, 0, 0, 17 ]
[ -8, -1, 0, -2, -1, 1, 1, 0, 3 ]
[ 1, -2, 0, 0, 1, 10, 0, 0, 17 ]
[ 1, -2, 0, 0, 2, 3, 0, 1, 10 ]
[ 0, 1, 10, -1, 2, 0, 0, 0, 17 ]
[ 1, 0, 3, 0, 1, 10, 0, 0, 17 ]
[ 1, 0, 3, -1, 2, 0, 0, 1, 10 ]
[ 17, 0, 0, 2, 1, 0, 6, 0, 1 ]
[ 1, 9, 0, 0, 17, 0, 0, -3, 1 ]
[ 2, 1, 0, 1, 9, 0, 0, -3, 1 ]
[ 1, 0, 3, 2, 1, 0, 0, 0, 17 ]
[ 6, 0, 1, 2, 1, 0, 1, 0, 3 ]
[ -1, -9, 0, 0, -1, 6, 0, 0, 17 ]
[ -1, -9, 0, 0, -3, 1, 0, -1, 6 ]
[ 0, -1, 6, 1, 9, 0, 0, 0, 17 ]
[ 0, -3, 1, 1, 9, 0, 0, -1, 6 ]
[ -2, -1, 0, 1, 0, 3, 0, 0, 17 ]
[ -2, -1, 0, 0, -3, 1, 1, 0, 3 ]
[ -1, 0, -3, 0, -1, 6, 0, 0, 17 ]
[ -1, 0, -3, 0, -3, 1, 0, -1, 6 ]
[ 17, 0, 0, -4, 1, 0, 6, 0, 1 ]
[ 1, 4, 0, 0, 17, 0, 0, -7, 1 ]
[ 4, -1, 0, 1, 4, 0, 2, 1, 1 ]
[ 1, 0, 3, -4, 1, 0, 0, 0, 17 ]
[ 6, 0, 1, -4, 1, 0, 1, 0, 3 ]
[ -1, -4, 0, 0, -7, 1, 0, 3, 2 ]
[ -2, -1, -1, -1, -1, 2, 0, 0, 17 ]
[ 2, 1, 1, 1, 4, 0, -1, -1, 2 ]
[ 1, 0, 3, 2, 1, 1, 0, 0, 17 ]
[ 4, -1, 0, 1, 0, 3, 0, 0, 17 ]
[ 4, -1, 0, 2, 1, 1, 1, 0, 3 ]
[ -1, -4, 0, 0, -1, 5, 0, 0, 17 ]
[ 1, 4, 0, 0, 3, 2, 0, -1, 5 ]
[ 0, -1, 5, 1, 4, 0, 0, 0, 17 ]
[ -1, -1, 2, 0, -1, 5, 0, 0, 17 ]
[ 1, 1, -2, 1, 4, 0, 0, -1, 5 ]
[ 17, 0, 0, 7, 1, 0, 6, 0, 1 ]
[ 7, 1, 0, -3, 2, 0, -1, -1, 1 ]
[ 1, 0, 3, 7, 1, 0, 0, 0, 17 ]
[ 6, 0, 1, 7, 1, 0, 1, 0, 3 ]
[ 1, 5, 0, 0, 17, 0, 0, 4, 1 ]
[ 3, -2, 0, 1, 5, 0, -1, -1, 1 ]
[ -1, -1, 1, 1, 0, 3, 0, 0, 17 ]
[ 1, 1, -1, -3, 2, 0, 1, 0, 3 ]
[ -1, 0, -3, -1, -1, 1, 0, 0, 17 ]
[ -7, -1, 0, 1, 0, 3, 0, 0, 17 ]
[ -7, -1, 0, -1, -1, 1, 1, 0, 3 ]
[ -1, -5, 0, 0, -1, 4, 0, 0, 17 ]
[ 1, 5, 0, 0, 4, 1, 0, -1, 4 ]
[ 0, -1, 4, 1, 5, 0, 0, 0, 17 ]
[ -1, -1, 1, 0, -1, 4, 0, 0, 17 ]
[ 1, 1, -1, 1, 5, 0, 0, -1, 4 ]
[ -3, 2, 0, -1, -1, 1, 1, 0, 3 ]
[ -1, 1, 10, -3, 2, 0, 0, 0, 17 ]
[ 1, 0, 3, -1, 1, 10, 0, 0, 17 ]
[ 1, 0, 3, -3, 2, 0, -1, 1, 10 ]
[ -1, 0, -3, -1, -1, 1, 0, 0, 17 ]
[ 1, -1, -10, 1, 0, 3, 0, 0, 17 ]
[ 3, -2, 0, -1, 1, 10, 0, 0, 17 ]
[ 3, -2, 0, 1, 0, 3, -1, 1, 10 ]
[ 1, 1, 0, 0, 17, 0, 0, -6, 1 ]
[ 17, 0, 0, 1, 1, 0, 6, 0, 1 ]
[ -1, -1, 0, 0, -1, 3, 0, 0, 17 ]
[ -1, -1, 0, 0, -6, 1, 0, -1, 3 ]
[ 1, 0, 3, 1, 1, 0, 0, 0, 17 ]
[ 6, 0, 1, 1, 1, 0, 1, 0, 3 ]
[ 17, 0, 0, -5, 1, 0, 6, 0, 1 ]
[ 1, 1, 1, 2, 3, 0, 0, 0, 17 ]
[ 5, -1, 0, 2, 3, 0, 1, 1, 1 ]
[ 1, 0, 3, -5, 1, 0, 0, 0, 17 ]
[ 6, 0, 1, -5, 1, 0, 1, 0, 3 ]
[ 1, 10, 0, 0, 17, 0, 0, 8, 1 ]
[ -2, -3, 0, -1, -2, 1, 0, 0, 17 ]
[ 2, 3, 0, 1, 10, 0, -1, -2, 1 ]
[ 1, 0, 3, 1, 1, 1, 0, 0, 17 ]
[ 5, -1, 0, 1, 0, 3, 0, 0, 17 ]
[ 5, -1, 0, 1, 1, 1, 1, 0, 3 ]
[ -1, -10, 0, 0, -1, 2, 0, 0, 17 ]
[ 1, 10, 0, 0, 8, 1, 0, -1, 2 ]
[ 0, -1, 2, 1, 10, 0, 0, 0, 17 ]
[ -1, -2, 1, 0, -1, 2, 0, 0, 17 ]
[ 1, 2, -1, 1, 10, 0, 0, -1, 2 ]
[ 17, 0, 0, 6, 1, 0, 6, 0, 1 ]
[ -1, -3, 0, 0, -1, 1, 0, 0, 17 ]
[ 1, 3, 0, 0, 17, 0, 0, -1, 1 ]
[ 0, -1, 1, 1, 3, 0, 0, 0, 17 ]
[ 6, 1, 0, 1, 3, 0, 0, -1, 1 ]
[ 1, 0, 3, 6, 1, 0, 0, 0, 17 ]
[ 6, 0, 1, 6, 1, 0, 1, 0, 3 ]
[ -1, 0, -3, 0, -1, 1, 0, 0, 17 ]
[ -6, -1, 0, 1, 0, 3, 0, 0, 17 ]
[ -6, -1, 0, 0, -1, 1, 1, 0, 3 ]
[ 17, 0, 0, 0, 1, 0, -4, 0, 1 ]
[ 1, 0, 4, 0, 1, 0, 0, 0, 17 ]
[ 4, 0, -1, 0, 1, 0, 1, 0, 4 ]
[ 17, 0, 0, 4, 1, 0, -4, 0, 1 ]
[ 1, -4, 0, 0, 1, 1, 0, 0, 17 ]
[ 1, -4, 0, 0, 17, 0, 0, 1, 1 ]
[ 0, 1, 1, -1, 4, 0, 0, 0, 17 ]
[ 4, 1, 0, -1, 4, 0, 0, 1, 1 ]
[ 1, 0, 4, 4, 1, 0, 0, 0, 17 ]
[ 4, 0, -1, 4, 1, 0, 1, 0, 4 ]
[ 1, 0, 4, 0, 1, 1, 0, 0, 17 ]
[ -4, -1, 0, 1, 0, 4, 0, 0, 17 ]
[ 4, 1, 0, 0, 1, 1, 1, 0, 4 ]
[ 17, 0, 0, 8, 1, 0, -4, 0, 1 ]
[ 1, -2, 0, 0, 17, 0, 0, -8, 1 ]
[ 8, 1, 0, -1, 2, 0, -4, 0, 1 ]
[ 1, 0, 4, 8, 1, 0, 0, 0, 17 ]
[ 4, 0, -1, 8, 1, 0, 1, 0, 4 ]
[ 1, -2, 0, 0, 1, 2, 0, 0, 17 ]
[ -1, 2, 0, 0, -8, 1, 0, 1, 2 ]
[ 0, 1, 2, -1, 2, 0, 0, 0, 17 ]
[ 4, 0, -1, -1, 2, 0, 0, 1, 2 ]
[ -8, -1, 0, 1, 0, 4, 0, 0, 17 ]
[ 8, 1, 0, -4, 0, 1, 1, 0, 4 ]
[ 1, 0, 4, 0, 1, 2, 0, 0, 17 ]
[ 4, 0, -1, 0, 1, 2, 1, 0, 4 ]
[ 17, 0, 0, -5, 1, 0, -4, 0, 1 ]
[ 5, -1, 0, 2, 3, 0, 1, -1, 1 ]
[ 1, 0, 4, -5, 1, 0, 0, 0, 17 ]
[ 4, 0, -1, -5, 1, 0, 1, 0, 4 ]
[ 1, 10, 0, 0, 17, 0, 0, 6, 1 ]
[ 2, 3, 0, 1, 10, 0, -1, -4, 1 ]
[ 1, -1, 1, 0, 1, 3, 0, 0, 17 ]
[ 1, -1, 1, 2, 3, 0, 0, 1, 3 ]
[ -1, 0, -4, 1, -1, 1, 0, 0, 17 ]
[ 5, -1, 0, 1, 0, 4, 0, 0, 17 ]
[ -5, 1, 0, 1, -1, 1, 1, 0, 4 ]
[ 1, 10, 0, 0, 1, 3, 0, 0, 17 ]
[ 1, 10, 0, 0, 6, 1, 0, 1, 3 ]
[ 0, -1, -3, 1, 10, 0, 0, 0, 17 ]
[ 1, 4, -1, 0, 1, 3, 0, 0, 17 ]
[ 1, 4, -1, 1, 10, 0, 0, 1, 3 ]
[ 0, 1, 3, -1, -4, 1, 0, 0, 17 ]
[ -2, -3, 0, -1, -4, 1, 0, 1, 3 ]
[ -1, -2, -10, 2, 3, 0, 0, 0, 17 ]
[ 0, -1, -3, 1, 2, 10, 0, 0, 17 ]
[ 0, -1, -3, 2, 3, 0, 1, 2, 10 ]
[ 1, 2, 10, 0, 1, 3, 0, 0, 17 ]
[ 2, 3, 0, 1, 2, 10, 0, 0, 17 ]
[ 2, 3, 0, 0, 1, 3, 1, 2, 10 ]
[ 1, -1, 0, 0, 17, 0, 0, -4, 1 ]
[ 17, 0, 0, -1, 1, 0, -4, 0, 1 ]
[ 1, -1, 0, 0, 1, 4, 0, 0, 17 ]
[ -1, 1, 0, 0, -4, 1, 0, 1, 4 ]
[ 1, 0, 4, -1, 1, 0, 0, 0, 17 ]
[ 4, 0, -1, -1, 1, 0, 1, 0, 4 ]
[ 17, 0, 0, 3, 1, 0, -4, 0, 1 ]
[ 1, 6, 0, 0, 17, 0, 0, 7, 1 ]
[ 3, 1, 0, 1, 6, 0, -1, 1, 1 ]
[ 1, 0, 4, 3, 1, 0, 0, 0, 17 ]
[ 4, 0, -1, 3, 1, 0, 1, 0, 4 ]
[ 1, 6, 0, 0, 7, 1, 0, -3, 2 ]
[ 1, -1, -1, 1, 6, 0, 0, -3, 2 ]
[ 1, 0, 4, -1, 1, 1, 0, 0, 17 ]
[ -3, -1, 0, 1, 0, 4, 0, 0, 17 ]
[ 3, 1, 0, -1, 1, 1, 1, 0, 4 ]
[ 1, 6, 0, 0, 1, 5, 0, 0, 17 ]
[ -1, -6, 0, 0, -3, 2, 0, 1, 5 ]
[ 0, -1, -5, 1, 6, 0, 0, 0, 17 ]
[ 0, -3, 2, 1, 6, 0, 0, 1, 5 ]
[ 1, -1, -1, 0, 1, 5, 0, 0, 17 ]
[ -1, 1, 1, 0, -3, 2, 0, 1, 5 ]
[ 17, 0, 0, 7, 1, 0, -4, 0, 1 ]
[ 7, 1, 0, -3, 2, 0, -4, 0, 1 ]
[ 1, 0, 4, 7, 1, 0, 0, 0, 17 ]
[ 4, 0, -1, 7, 1, 0, 1, 0, 4 ]
[ 1, 5, 0, 0, 17, 0, 0, 3, 1 ]
[ 3, -2, 0, 1, 5, 0, -1, -2, 1 ]
[ -1, 1, 2, -3, 2, 0, 0, 0, 17 ]
[ 4, 0, -1, -3, 2, 0, -1, 1, 2 ]
[ -7, -1, 0, 1, 0, 4, 0, 0, 17 ]
[ 7, 1, 0, -4, 0, 1, 1, 0, 4 ]
[ 1, 5, 0, 0, 1, 6, 0, 0, 17 ]
[ 1, 5, 0, 0, 3, 1, 0, 1, 6 ]
[ 0, -1, -6, 1, 5, 0, 0, 0, 17 ]
[ 1, 2, -1, 0, 1, 6, 0, 0, 17 ]
[ 1, 2, -1, 1, 5, 0, 0, 1, 6 ]
[ 3, -2, 0, -1, 1, 2, 0, 0, 17 ]
[ -3, 2, 0, -1, -2, 1, -1, 1, 2 ]
[ 1, 0, 4, -1, 1, 2, 0, 0, 17 ]
[ 4, 0, -1, -1, 1, 2, 1, 0, 4 ]
[ 0, 1, 6, -1, -2, 1, 0, 0, 17 ]
[ 1, -1, -2, 0, 1, 6, 0, 0, 17 ]
[ -1, 1, 2, -1, -2, 1, 0, 1, 6 ]
[ 17, 0, 0, -6, 1, 0, -4, 0, 1 ]
[ 1, -3, 0, 0, 17, 0, 0, 5, 1 ]
[ 6, -1, 0, -1, 3, 0, 2, -1, 1 ]
[ 1, 0, 4, -6, 1, 0, 0, 0, 17 ]
[ 4, 0, -1, -6, 1, 0, 1, 0, 4 ]
[ 1, -3, 0, 0, 5, 1, 0, -2, 3 ]
[ 2, -1, 1, -1, 1, 3, 0, 0, 17 ]
[ 2, -1, 1, -1, 3, 0, -1, 1, 3 ]
[ -1, 0, -4, 2, -1, 1, 0, 0, 17 ]
[ 6, -1, 0, 1, 0, 4, 0, 0, 17 ]
[ -6, 1, 0, 2, -1, 1, 1, 0, 4 ]
[ -1, 3, 0, 0, -1, 10, 0, 0, 17 ]
[ -1, 3, 0, 0, -2, 3, 0, -1, 10 ]
[ 1, -2, -10, -1, 3, 0, 0, 0, 17 ]
[ 1, -1, -3, -1, 2, 10, 0, 0, 17 ]
[ 1, -1, -3, -1, 3, 0, -1, 2, 10 ]
[ 17, 0, 0, -2, 1, 0, -4, 0, 1 ]
[ 1, -9, 0, 0, 17, 0, 0, -2, 1 ]
[ 2, -1, 0, -1, 9, 0, 0, -2, 1 ]
[ 1, 0, 4, -2, 1, 0, 0, 0, 17 ]
[ 4, 0, -1, -2, 1, 0, 1, 0, 4 ]
[ -1, 9, 0, 0, -1, 9, 0, 0, 17 ]
[ -1, 9, 0, 0, -2, 1, 0, -1, 9 ]
[ 0, 1, -9, -1, 9, 0, 0, 0, 17 ]
[ 0, 2, -1, -1, 9, 0, 0, -1, 9 ]
[ 2, -1, 0, -1, 1, 4, 0, 0, 17 ]
[ -2, 1, 0, 0, -2, 1, -1, 1, 4 ]
[ -1, 1, 4, 0, -1, 9, 0, 0, 17 ]
[ -1, 1, 4, 0, -2, 1, 0, -1, 9 ]
[ 17, 0, 0, 2, 1, 0, -4, 0, 1 ]
[ 1, 9, 0, 0, 17, 0, 0, 2, 1 ]
[ 2, 1, 0, 1, 9, 0, 0, 2, 1 ]
[ 1, 0, 4, 2, 1, 0, 0, 0, 17 ]
[ 4, 0, -1, 2, 1, 0, 1, 0, 4 ]
[ 1, 9, 0, 0, 1, 9, 0, 0, 17 ]
[ 1, 9, 0, 0, 2, 1, 0, 1, 9 ]
[ 0, -1, -9, 1, 9, 0, 0, 0, 17 ]
[ 0, -2, -1, 1, 9, 0, 0, 1, 9 ]
[ -2, -1, 0, 1, 0, 4, 0, 0, 17 ]
[ 2, 1, 0, 0, 2, 1, 1, 0, 4 ]
[ 1, 0, 4, 0, 1, 9, 0, 0, 17 ]
[ 1, 0, 4, 0, 2, 1, 0, 1, 9 ]
[ 17, 0, 0, 6, 1, 0, -4, 0, 1 ]
[ 1, 3, 0, 0, 17, 0, 0, -5, 1 ]
[ 6, 1, 0, 1, 3, 0, 2, 1, 1 ]
[ 1, 0, 4, 6, 1, 0, 0, 0, 17 ]
[ 4, 0, -1, 6, 1, 0, 1, 0, 4 ]
[ -1, -3, 0, 0, -5, 1, 0, 2, 3 ]
[ -2, -1, -1, -1, -1, 3, 0, 0, 17 ]
[ 2, 1, 1, 1, 3, 0, -1, -1, 3 ]
[ 1, 0, 4, 2, 1, 1, 0, 0, 17 ]
[ -6, -1, 0, 1, 0, 4, 0, 0, 17 ]
[ 6, 1, 0, 2, 1, 1, 1, 0, 4 ]
[ 1, 3, 0, 0, 1, 10, 0, 0, 17 ]
[ 1, 3, 0, 0, 2, 3, 0, 1, 10 ]
[ 0, -1, -10, 1, 3, 0, 0, 0, 17 ]
[ 1, 1, -3, 0, 1, 10, 0, 0, 17 ]
[ 1, 1, -3, 1, 3, 0, 0, 1, 10 ]
[ 17, 0, 0, -7, 1, 0, -4, 0, 1 ]
[ 7, -1, 0, 3, 2, 0, -4, 0, 1 ]
[ 1, 0, 4, -7, 1, 0, 0, 0, 17 ]
[ 4, 0, -1, -7, 1, 0, 1, 0, 4 ]
[ 1, -5, 0, 0, 17, 0, 0, -3, 1 ]
[ 3, 2, 0, -1, 5, 0, -1, 2, 1 ]
[ 2, 1, 2, 3, 2, 0, 0, 0, 17 ]
[ 4, 0, -1, 3, 2, 0, 2, 1, 2 ]
[ 7, -1, 0, 1, 0, 4, 0, 0, 17 ]
[ -7, 1, 0, -4, 0, 1, 1, 0, 4 ]
[ -1, 5, 0, 0, -1, 6, 0, 0, 17 ]
[ -1, 5, 0, 0, -3, 1, 0, -1, 6 ]
[ 0, 1, -6, -1, 5, 0, 0, 0, 17 ]
[ -1, 2, 1, 0, -1, 6, 0, 0, 17 ]
[ 1, -2, -1, -1, 5, 0, 0, -1, 6 ]
[ -3, -2, 0, -1, -1, 2, 0, 0, 17 ]
[ 3, 2, 0, -1, 2, 1, -1, -1, 2 ]
[ 1, 0, 4, 2, 1, 2, 0, 0, 17 ]
[ 4, 0, -1, 2, 1, 2, 1, 0, 4 ]
[ 0, 1, -6, -1, 2, 1, 0, 0, 17 ]
[ -1, -1, 2, 0, -1, 6, 0, 0, 17 ]
[ 1, 1, -2, -1, 2, 1, 0, -1, 6 ]
[ 17, 0, 0, -3, 1, 0, -4, 0, 1 ]
[ 1, -6, 0, 0, 17, 0, 0, -7, 1 ]
[ 3, -1, 0, -1, 6, 0, -1, -1, 1 ]
[ 1, 0, 4, -3, 1, 0, 0, 0, 17 ]
[ 4, 0, -1, -3, 1, 0, 1, 0, 4 ]
[ -1, 6, 0, 0, -7, 1, 0, 3, 2 ]
[ 1, 1, -1, -1, 6, 0, 0, 3, 2 ]
[ -1, 0, -4, -1, -1, 1, 0, 0, 17 ]
[ 3, -1, 0, 1, 0, 4, 0, 0, 17 ]
[ -3, 1, 0, -1, -1, 1, 1, 0, 4 ]
[ -1, 6, 0, 0, -1, 5, 0, 0, 17 ]
[ 1, -6, 0, 0, 3, 2, 0, -1, 5 ]
[ 0, 1, -5, -1, 6, 0, 0, 0, 17 ]
[ 0, 3, 2, -1, 6, 0, 0, -1, 5 ]
[ -1, -1, 1, 0, -1, 5, 0, 0, 17 ]
[ 1, 1, -1, 0, 3, 2, 0, -1, 5 ]
[ 1, 1, 0, 0, 17, 0, 0, 4, 1 ]
[ 17, 0, 0, 1, 1, 0, -4, 0, 1 ]
[ -1, -1, 0, 0, -1, 4, 0, 0, 17 ]
[ 1, 1, 0, 0, 4, 1, 0, -1, 4 ]
[ 1, 0, 4, 1, 1, 0, 0, 0, 17 ]
[ 4, 0, -1, 1, 1, 0, 1, 0, 4 ]
[ 17, 0, 0, 5, 1, 0, -4, 0, 1 ]
[ 5, 1, 0, -2, 3, 0, 1, 1, 1 ]
[ 1, 0, 4, 5, 1, 0, 0, 0, 17 ]
[ 4, 0, -1, 5, 1, 0, 1, 0, 4 ]
[ 1, -10, 0, 0, 17, 0, 0, -6, 1 ]
[ 2, -3, 0, -1, 10, 0, -1, 4, 1 ]
[ -1, -1, -1, 0, -1, 3, 0, 0, 17 ]
[ 1, 1, 1, -2, 3, 0, 0, -1, 3 ]
[ 1, 0, 4, 1, 1, 1, 0, 0, 17 ]
[ -5, -1, 0, 1, 0, 4, 0, 0, 17 ]
[ 5, 1, 0, 1, 1, 1, 1, 0, 4 ]
[ -1, 10, 0, 0, -1, 3, 0, 0, 17 ]
[ -1, 10, 0, 0, -6, 1, 0, -1, 3 ]
[ 0, 1, -3, -1, 10, 0, 0, 0, 17 ]
[ -1, 4, 1, 0, -1, 3, 0, 0, 17 ]
[ 1, -4, -1, -1, 10, 0, 0, -1, 3 ]
[ 0, 1, -3, -1, 4, 1, 0, 0, 17 ]
[ 2, -3, 0, -1, 4, 1, 0, -1, 3 ]
[ 1, -1, -10, -2, 3, 0, 0, 0, 17 ]
[ 0, 1, -3, -1, 1, 10, 0, 0, 17 ]
[ 0, 1, -3, -2, 3, 0, -1, 1, 10 ]
[ -1, 1, 10, 0, -1, 3, 0, 0, 17 ]
[ -2, 3, 0, -1, 1, 10, 0, 0, 17 ]
[ -2, 3, 0, 0, -1, 3, -1, 1, 10 ]
[ 17, 0, 0, -8, 1, 0, -4, 0, 1 ]
[ 1, 2, 0, 0, 17, 0, 0, 8, 1 ]
[ 8, -1, 0, 1, 2, 0, -4, 0, 1 ]
[ 1, 0, 4, -8, 1, 0, 0, 0, 17 ]
[ 4, 0, -1, -8, 1, 0, 1, 0, 4 ]
[ -1, -2, 0, 0, -1, 2, 0, 0, 17 ]
[ 1, 2, 0, 0, 8, 1, 0, -1, 2 ]
[ 1, 1, 2, 1, 2, 0, 0, 0, 17 ]
[ 4, 0, -1, 1, 2, 0, 1, 1, 2 ]
[ 8, -1, 0, 1, 0, 4, 0, 0, 17 ]
[ -8, 1, 0, -4, 0, 1, 1, 0, 4 ]
[ 1, 0, 4, 1, 1, 2, 0, 0, 17 ]
[ 4, 0, -1, 1, 1, 2, 1, 0, 4 ]
[ 17, 0, 0, -4, 1, 0, -4, 0, 1 ]
[ -1, -4, 0, 0, -1, 1, 0, 0, 17 ]
[ 1, 4, 0, 0, 17, 0, 0, -1, 1 ]
[ 0, -1, 1, 1, 4, 0, 0, 0, 17 ]
[ 4, -1, 0, 1, 4, 0, 0, -1, 1 ]
[ 1, 0, 4, -4, 1, 0, 0, 0, 17 ]
[ 4, 0, -1, -4, 1, 0, 1, 0, 4 ]
[ -1, 0, -4, 0, -1, 1, 0, 0, 17 ]
[ 4, -1, 0, 1, 0, 4, 0, 0, 17 ]
[ -4, 1, 0, 0, -1, 1, 1, 0, 4 ]
[ 17, 0, 0, 0, 1, 0, 7, 0, 1 ]
[ 7, 0, 1, 0, 1, 0, -3, 0, 2 ]
[ 1, 0, 5, 0, 1, 0, 0, 0, 17 ]
[ 3, 0, -2, 0, 1, 0, 1, 0, 5 ]
[ 17, 0, 0, -7, 1, 0, 7, 0, 1 ]
[ 7, -1, 0, 3, 2, 0, 0, 1, 1 ]
[ 7, 0, 1, -7, 1, 0, -3, 0, 2 ]
[ 1, -5, 0, 0, 1, 1, 0, 0, 17 ]
[ 1, -5, 0, 0, 17, 0, 0, 1, 1 ]
[ 0, 1, 1, -1, 5, 0, 0, 0, 17 ]
[ 3, 2, 0, -1, 5, 0, 0, 1, 1 ]
[ -1, -1, -6, 3, 2, 0, 0, 0, 17 ]
[ 0, -1, -1, 1, 1, 6, 0, 0, 17 ]
[ 0, -1, -1, 3, 2, 0, 1, 1, 6 ]
[ 7, -1, 0, 0, 1, 1, -3, 0, 2 ]
[ 1, 0, 5, -7, 1, 0, 0, 0, 17 ]
[ 3, 0, -2, -7, 1, 0, 1, 0, 5 ]
[ 1, 1, 6, 0, 1, 1, 0, 0, 17 ]
[ 3, 2, 0, 1, 1, 6, 0, 0, 17 ]
[ 3, 2, 0, 0, 1, 1, 1, 1, 6 ]
[ 1, 0, 5, 0, 1, 1, 0, 0, 17 ]
[ 3, 0, -2, 0, 1, 1, 1, 0, 5 ]
[ 7, -1, 0, 1, 0, 5, 0, 0, 17 ]
[ -7, 1, 0, -3, 0, 2, 1, 0, 5 ]
[ 17, 0, 0, 3, 1, 0, 7, 0, 1 ]
[ 1, 6, 0, 0, 17, 0, 0, -8, 1 ]
[ 3, 1, 0, 1, 6, 0, 1, -2, 1 ]
[ 7, 0, 1, 3, 1, 0, -3, 0, 2 ]
[ 1, 6, 0, 0, 1, 2, 0, 0, 17 ]
[ -1, -6, 0, 0, -8, 1, 0, 1, 2 ]
[ 0, -1, -2, 1, 6, 0, 0, 0, 17 ]
[ 1, -2, 1, 0, 1, 2, 0, 0, 17 ]
[ 1, -2, 1, 1, 6, 0, 0, 1, 2 ]
[ 0, -1, -2, 1, -2, 1, 0, 0, 17 ]
[ -3, -1, 0, 1, -2, 1, 0, 1, 2 ]
[ 1, 0, 5, 3, 1, 0, 0, 0, 17 ]
[ 3, 0, -2, 3, 1, 0, 1, 0, 5 ]
[ 1, 0, 5, 0, 1, 2, 0, 0, 17 ]
[ -3, -1, 0, 1, 0, 5, 0, 0, 17 ]
[ 3, 1, 0, 0, 1, 2, 1, 0, 5 ]
[ 17, 0, 0, -4, 1, 0, 7, 0, 1 ]
[ 1, 4, 0, 0, 17, 0, 0, 6, 1 ]
[ 4, -1, 0, 1, 4, 0, -1, 2, 1 ]
[ 7, 0, 1, -4, 1, 0, -3, 0, 2 ]
[ 1, 4, 0, 0, 1, 3, 0, 0, 17 ]
[ 1, 4, 0, 0, 6, 1, 0, 1, 3 ]
[ 0, -1, -3, 1, 4, 0, 0, 0, 17 ]
[ 1, -2, -1, 0, 1, 3, 0, 0, 17 ]
[ 1, -2, -1, 1, 4, 0, 0, 1, 3 ]
[ 1, -1, 2, -1, 2, 1, 0, 0, 17 ]
[ 4, -1, 0, -1, 2, 1, 1, -1, 2 ]
[ 1, 0, 5, -4, 1, 0, 0, 0, 17 ]
[ 3, 0, -2, -4, 1, 0, 1, 0, 5 ]
[ -1, 0, -5, 1, -1, 2, 0, 0, 17 ]
[ 4, -1, 0, 1, 0, 5, 0, 0, 17 ]
[ -4, 1, 0, 1, -1, 2, 1, 0, 5 ]
[ 17, 0, 0, 6, 1, 0, 7, 0, 1 ]
[ 1, 3, 0, 0, 17, 0, 0, -4, 1 ]
[ 6, 1, 0, 1, 3, 0, 1, -1, 1 ]
[ 7, 0, 1, 6, 1, 0, -3, 0, 2 ]
[ 1, 3, 0, 0, 1, 4, 0, 0, 17 ]
[ -1, -3, 0, 0, -4, 1, 0, 1, 4 ]
[ 0, -1, -4, 1, 3, 0, 0, 0, 17 ]
[ 1, -1, 1, 0, 1, 4, 0, 0, 17 ]
[ 1, -1, 1, 1, 3, 0, 0, 1, 4 ]
[ -6, -1, 0, 1, -1, 1, -3, 0, 2 ]
[ 1, 0, 5, 6, 1, 0, 0, 0, 17 ]
[ 3, 0, -2, 6, 1, 0, 1, 0, 5 ]
[ -1, 0, -5, 1, -1, 1, 0, 0, 17 ]
[ -3, 0, 2, 1, -1, 1, 1, 0, 5 ]
[ -6, -1, 0, 1, 0, 5, 0, 0, 17 ]
[ 6, 1, 0, -3, 0, 2, 1, 0, 5 ]
[ 1, -1, 0, 0, 17, 0, 0, 7, 1 ]
[ 17, 0, 0, -1, 1, 0, 7, 0, 1 ]
[ 1, -1, 0, 0, 7, 1, 0, -3, 2 ]
[ 7, 0, 1, -1, 1, 0, -3, 0, 2 ]
[ 1, -1, 0, 0, 1, 5, 0, 0, 17 ]
[ -1, 1, 0, 0, -3, 2, 0, 1, 5 ]
[ 1, 0, 5, -1, 1, 0, 0, 0, 17 ]
[ 3, 0, -2, -1, 1, 0, 1, 0, 5 ]
[ 17, 0, 0, -8, 1, 0, 7, 0, 1 ]
[ 1, 2, 0, 0, 17, 0, 0, 3, 1 ]
[ 8, -1, 0, 1, 2, 0, -1, 1, 1 ]
[ 7, 0, 1, -8, 1, 0, -3, 0, 2 ]
[ 1, 2, 0, 0, 1, 6, 0, 0, 17 ]
[ 1, 2, 0, 0, 3, 1, 0, 1, 6 ]
[ 0, -1, -6, 1, 2, 0, 0, 0, 17 ]
[ 1, -1, -1, 0, 1, 6, 0, 0, 17 ]
[ 1, -1, -1, 1, 2, 0, 0, 1, 6 ]
[ 8, -1, 0, -1, 1, 1, -3, 0, 2 ]
[ 1, 0, 5, -8, 1, 0, 0, 0, 17 ]
[ 3, 0, -2, -8, 1, 0, 1, 0, 5 ]
[ 1, 0, 5, -1, 1, 1, 0, 0, 17 ]
[ 3, 0, -2, -1, 1, 1, 1, 0, 5 ]
[ 8, -1, 0, 1, 0, 5, 0, 0, 17 ]
[ -8, 1, 0, -3, 0, 2, 1, 0, 5 ]
[ 17, 0, 0, 2, 1, 0, 7, 0, 1 ]
[ 1, 9, 0, 0, 17, 0, 0, 5, 1 ]
[ 2, 1, 0, 1, 9, 0, -1, -4, 1 ]
[ 7, 0, 1, 2, 1, 0, -3, 0, 2 ]
[ 1, 9, 0, 0, 5, 1, 0, -2, 3 ]
[ 1, 4, -1, 1, 9, 0, 0, -2, 3 ]
[ -2, -1, 0, -1, -4, 1, 1, 2, 2 ]
[ 1, 0, 5, 2, 1, 0, 0, 0, 17 ]
[ 3, 0, -2, 2, 1, 0, 1, 0, 5 ]
[ -1, -9, 0, 0, -1, 10, 0, 0, 17 ]
[ -1, -9, 0, 0, -2, 3, 0, -1, 10 ]
[ 0, -1, 10, 1, 9, 0, 0, 0, 17 ]
[ 0, -2, 3, 1, 9, 0, 0, -1, 10 ]
[ -1, -4, 1, 0, -1, 10, 0, 0, 17 ]
[ -1, -4, 1, 0, -2, 3, 0, -1, 10 ]
[ 0, 1, -10, -1, -4, 1, 0, 0, 17 ]
[ -1, -2, -2, 0, -1, 10, 0, 0, 17 ]
[ -1, -2, -2, -1, -4, 1, 0, -1, 10 ]
[ 1, 1, -5, 1, 2, 2, 0, 0, 17 ]
[ -2, -1, 0, -1, -1, 5, 0, 0, 17 ]
[ 2, 1, 0, 1, 2, 2, -1, -1, 5 ]
[ 17, 0, 0, -5, 1, 0, 7, 0, 1 ]
[ 5, -1, 0, 2, 3, 0, 2, 1, 1 ]
[ 7, 0, 1, -5, 1, 0, -3, 0, 2 ]
[ 1, 10, 0, 0, 17, 0, 0, -2, 1 ]
[ 2, 3, 0, 1, 10, 0, 0, -2, 1 ]
[ 1, 1, -4, 2, 3, 0, 0, 0, 17 ]
[ -2, -1, -1, -1, -1, 4, 0, 0, 17 ]
[ 2, 1, 1, 2, 3, 0, -1, -1, 4 ]
[ 5, -1, 0, 2, 1, 1, -3, 0, 2 ]
[ 1, 0, 5, -5, 1, 0, 0, 0, 17 ]
[ 3, 0, -2, -5, 1, 0, 1, 0, 5 ]
[ -1, -10, 0, 0, -1, 9, 0, 0, 17 ]
[ -1, -10, 0, 0, -2, 1, 0, -1, 9 ]
[ 0, -1, 9, 1, 10, 0, 0, 0, 17 ]
[ 0, -2, 1, 1, 10, 0, 0, -1, 9 ]
[ 2, 3, 0, 1, 2, 4, 0, 0, 17 ]
[ -2, -3, 0, 0, -2, 1, 1, 2, 4 ]
[ 1, 0, 5, 2, 1, 1, 0, 0, 17 ]
[ 3, 0, -2, 2, 1, 1, 1, 0, 5 ]
[ 5, -1, 0, 1, 0, 5, 0, 0, 17 ]
[ -5, 1, 0, -3, 0, 2, 1, 0, 5 ]
[ -1, -2, -4, 0, -1, 9, 0, 0, 17 ]
[ -1, -2, -4, 0, -2, 1, 0, -1, 9 ]
[ 17, 0, 0, 5, 1, 0, 7, 0, 1 ]
[ 5, 1, 0, -2, 3, 0, 2, -1, 1 ]
[ 7, 0, 1, 5, 1, 0, -3, 0, 2 ]
[ 1, -10, 0, 0, 17, 0, 0, 2, 1 ]
[ 2, -3, 0, -1, 10, 0, 0, 2, 1 ]
[ 1, -1, -4, -2, 3, 0, 0, 0, 17 ]
[ 2, -1, 1, -1, 1, 4, 0, 0, 17 ]
[ 2, -1, 1, -2, 3, 0, -1, 1, 4 ]
[ -5, -1, 0, 2, -1, 1, -3, 0, 2 ]
[ 1, 0, 5, 5, 1, 0, 0, 0, 17 ]
[ 3, 0, -2, 5, 1, 0, 1, 0, 5 ]
[ 1, -10, 0, 0, 1, 9, 0, 0, 17 ]
[ 1, -10, 0, 0, 2, 1, 0, 1, 9 ]
[ 0, 1, 9, -1, 10, 0, 0, 0, 17 ]
[ 0, 2, 1, -1, 10, 0, 0, 1, 9 ]
[ -2, 3, 0, -1, 1, 4, 0, 0, 17 ]
[ 2, -3, 0, 0, 2, 1, -1, 1, 4 ]
[ -1, 0, -5, 2, -1, 1, 0, 0, 17 ]
[ -3, 0, 2, 2, -1, 1, 1, 0, 5 ]
[ -5, -1, 0, 1, 0, 5, 0, 0, 17 ]
[ 5, 1, 0, -3, 0, 2, 1, 0, 5 ]
[ 1, -1, -4, 0, 1, 9, 0, 0, 17 ]
[ 1, -1, -4, 0, 2, 1, 0, 1, 9 ]
[ 17, 0, 0, -2, 1, 0, 7, 0, 1 ]
[ 1, -9, 0, 0, 17, 0, 0, -5, 1 ]
[ 2, -1, 0, -1, 9, 0, -1, 4, 1 ]
[ 7, 0, 1, -2, 1, 0, -3, 0, 2 ]
[ -1, 9, 0, 0, -5, 1, 0, 2, 3 ]
[ 1, -4, -1, -1, 9, 0, 0, 2, 3 ]
[ 2, -1, 0, -1, 4, 1, 1, -2, 2 ]
[ 1, 0, 5, -2, 1, 0, 0, 0, 17 ]
[ 3, 0, -2, -2, 1, 0, 1, 0, 5 ]
[ 1, -9, 0, 0, 1, 10, 0, 0, 17 ]
[ 1, -9, 0, 0, 2, 3, 0, 1, 10 ]
[ 0, 1, 10, -1, 9, 0, 0, 0, 17 ]
[ 0, 2, 3, -1, 9, 0, 0, 1, 10 ]
[ 1, -4, -1, 0, 1, 10, 0, 0, 17 ]
[ 1, -4, -1, 0, 2, 3, 0, 1, 10 ]
[ 0, 1, 10, -1, 4, 1, 0, 0, 17 ]
[ 1, -2, 2, 0, 1, 10, 0, 0, 17 ]
[ 1, -2, 2, -1, 4, 1, 0, 1, 10 ]
[ -1, 1, 5, 1, -2, 2, 0, 0, 17 ]
[ 2, -1, 0, -1, 1, 5, 0, 0, 17 ]
[ -2, 1, 0, 1, -2, 2, -1, 1, 5 ]
[ 17, 0, 0, 8, 1, 0, 7, 0, 1 ]
[ 1, -2, 0, 0, 17, 0, 0, -3, 1 ]
[ 8, 1, 0, -1, 2, 0, -1, -1, 1 ]
[ 7, 0, 1, 8, 1, 0, -3, 0, 2 ]
[ -1, 2, 0, 0, -1, 6, 0, 0, 17 ]
[ -1, 2, 0, 0, -3, 1, 0, -1, 6 ]
[ 0, 1, -6, -1, 2, 0, 0, 0, 17 ]
[ -1, -1, 1, 0, -1, 6, 0, 0, 17 ]
[ 1, 1, -1, -1, 2, 0, 0, -1, 6 ]
[ -8, -1, 0, -1, -1, 1, -3, 0, 2 ]
[ 1, 0, 5, 8, 1, 0, 0, 0, 17 ]
[ 3, 0, -2, 8, 1, 0, 1, 0, 5 ]
[ -1, 0, -5, -1, -1, 1, 0, 0, 17 ]
[ -3, 0, 2, -1, -1, 1, 1, 0, 5 ]
[ -8, -1, 0, 1, 0, 5, 0, 0, 17 ]
[ 8, 1, 0, -3, 0, 2, 1, 0, 5 ]
[ 1, 1, 0, 0, 17, 0, 0, -7, 1 ]
[ 17, 0, 0, 1, 1, 0, 7, 0, 1 ]
[ -1, -1, 0, 0, -7, 1, 0, 3, 2 ]
[ 7, 0, 1, 1, 1, 0, -3, 0, 2 ]
[ -1, -1, 0, 0, -1, 5, 0, 0, 17 ]
[ 1, 1, 0, 0, 3, 2, 0, -1, 5 ]
[ 1, 0, 5, 1, 1, 0, 0, 0, 17 ]
[ 3, 0, -2, 1, 1, 0, 1, 0, 5 ]
[ 17, 0, 0, -6, 1, 0, 7, 0, 1 ]
[ 1, -3, 0, 0, 17, 0, 0, 4, 1 ]
[ 6, -1, 0, -1, 3, 0, 1, 1, 1 ]
[ 7, 0, 1, -6, 1, 0, -3, 0, 2 ]
[ -1, 3, 0, 0, -1, 4, 0, 0, 17 ]
[ 1, -3, 0, 0, 4, 1, 0, -1, 4 ]
[ 0, 1, -4, -1, 3, 0, 0, 0, 17 ]
[ -1, -1, -1, 0, -1, 4, 0, 0, 17 ]
[ 1, 1, 1, -1, 3, 0, 0, -1, 4 ]
[ 6, -1, 0, 1, 1, 1, -3, 0, 2 ]
[ 1, 0, 5, -6, 1, 0, 0, 0, 17 ]
[ 3, 0, -2, -6, 1, 0, 1, 0, 5 ]
[ 1, 0, 5, 1, 1, 1, 0, 0, 17 ]
[ 3, 0, -2, 1, 1, 1, 1, 0, 5 ]
[ 6, -1, 0, 1, 0, 5, 0, 0, 17 ]
[ -6, 1, 0, -3, 0, 2, 1, 0, 5 ]
[ 17, 0, 0, 4, 1, 0, 7, 0, 1 ]
[ 1, -4, 0, 0, 17, 0, 0, -6, 1 ]
[ 4, 1, 0, -1, 4, 0, -1, -2, 1 ]
[ 7, 0, 1, 4, 1, 0, -3, 0, 2 ]
[ -1, 4, 0, 0, -1, 3, 0, 0, 17 ]
[ -1, 4, 0, 0, -6, 1, 0, -1, 3 ]
[ 0, 1, -3, -1, 4, 0, 0, 0, 17 ]
[ -1, -2, 1, 0, -1, 3, 0, 0, 17 ]
[ 1, 2, -1, -1, 4, 0, 0, -1, 3 ]
[ -1, -1, -2, -1, -2, 1, 0, 0, 17 ]
[ -4, -1, 0, -1, -2, 1, 1, 1, 2 ]
[ 1, 0, 5, 4, 1, 0, 0, 0, 17 ]
[ 3, 0, -2, 4, 1, 0, 1, 0, 5 ]
[ 1, 0, 5, 1, 1, 2, 0, 0, 17 ]
[ -4, -1, 0, 1, 0, 5, 0, 0, 17 ]
[ 4, 1, 0, 1, 1, 2, 1, 0, 5 ]
[ 17, 0, 0, -3, 1, 0, 7, 0, 1 ]
[ 1, -6, 0, 0, 17, 0, 0, 8, 1 ]
[ 3, -1, 0, -1, 6, 0, 1, 2, 1 ]
[ 7, 0, 1, -3, 1, 0, -3, 0, 2 ]
[ -1, 6, 0, 0, -1, 2, 0, 0, 17 ]
[ 1, -6, 0, 0, 8, 1, 0, -1, 2 ]
[ 0, 1, -2, -1, 6, 0, 0, 0, 17 ]
[ -1, -2, -1, 0, -1, 2, 0, 0, 17 ]
[ 1, 2, 1, -1, 6, 0, 0, -1, 2 ]
[ 0, -1, 2, 1, 2, 1, 0, 0, 17 ]
[ 3, -1, 0, 1, 2, 1, 0, -1, 2 ]
[ 1, 0, 5, -3, 1, 0, 0, 0, 17 ]
[ 3, 0, -2, -3, 1, 0, 1, 0, 5 ]
[ -1, 0, -5, 0, -1, 2, 0, 0, 17 ]
[ 3, -1, 0, 1, 0, 5, 0, 0, 17 ]
[ -3, 1, 0, 0, -1, 2, 1, 0, 5 ]
[ 17, 0, 0, 7, 1, 0, 7, 0, 1 ]
[ 7, 1, 0, -3, 2, 0, 0, -1, 1 ]
[ 7, 0, 1, 7, 1, 0, -3, 0, 2 ]
[ -1, -5, 0, 0, -1, 1, 0, 0, 17 ]
[ 1, 5, 0, 0, 17, 0, 0, -1, 1 ]
[ 0, -1, 1, 1, 5, 0, 0, 0, 17 ]
[ 3, -2, 0, 1, 5, 0, 0, -1, 1 ]
[ -1, 1, -6, -3, 2, 0, 0, 0, 17 ]
[ 0, -1, 1, 1, -1, 6, 0, 0, 17 ]
[ 0, 1, -1, -3, 2, 0, 1, -1, 6 ]
[ -7, -1, 0, 0, -1, 1, -3, 0, 2 ]
[ 1, 0, 5, 7, 1, 0, 0, 0, 17 ]
[ 3, 0, -2, 7, 1, 0, 1, 0, 5 ]
[ -1, 1, -6, 0, -1, 1, 0, 0, 17 ]
[ -3, 2, 0, 1, -1, 6, 0, 0, 17 ]
[ -3, 2, 0, 0, -1, 1, 1, -1, 6 ]
[ -1, 0, -5, 0, -1, 1, 0, 0, 17 ]
[ -3, 0, 2, 0, -1, 1, 1, 0, 5 ]
[ -7, -1, 0, 1, 0, 5, 0, 0, 17 ]
[ 7, 1, 0, -3, 0, 2, 1, 0, 5 ]
[ 17, 0, 0, 0, 1, 0, 3, 0, 1 ]
[ 1, 0, 6, 0, 1, 0, 0, 0, 17 ]
[ 3, 0, 1, 0, 1, 0, 1, 0, 6 ]
[ 17, 0, 0, -3, 1, 0, 3, 0, 1 ]
[ 1, -6, 0, 0, 1, 1, 0, 0, 17 ]
[ 1, -6, 0, 0, 17, 0, 0, 1, 1 ]
[ 0, 1, 1, -1, 6, 0, 0, 0, 17 ]
[ 3, -1, 0, -1, 6, 0, 0, 1, 1 ]
[ 1, 0, 6, -3, 1, 0, 0, 0, 17 ]
[ 3, 0, 1, -3, 1, 0, 1, 0, 6 ]
[ 1, 0, 6, 0, 1, 1, 0, 0, 17 ]
[ 3, -1, 0, 1, 0, 6, 0, 0, 17 ]
[ 3, -1, 0, 0, 1, 1, 1, 0, 6 ]
[ 17, 0, 0, -6, 1, 0, 3, 0, 1 ]
[ 1, -3, 0, 0, 17, 0, 0, -8, 1 ]
[ 6, -1, 0, -1, 3, 0, -3, 1, 1 ]
[ 1, 0, 6, -6, 1, 0, 0, 0, 17 ]
[ 3, 0, 1, -6, 1, 0, 1, 0, 6 ]
[ 1, -3, 0, 0, 1, 2, 0, 0, 17 ]
[ -1, 3, 0, 0, -8, 1, 0, 1, 2 ]
[ 0, 1, 2, -1, 3, 0, 0, 0, 17 ]
[ 3, -1, -1, -1, 3, 0, 0, 1, 2 ]
[ 1, 0, 6, -3, 1, 1, 0, 0, 17 ]
[ 6, -1, 0, 1, 0, 6, 0, 0, 17 ]
[ 6, -1, 0, -3, 1, 1, 1, 0, 6 ]
[ 1, 0, 6, 0, 1, 2, 0, 0, 17 ]
[ 3, -1, -1, 1, 0, 6, 0, 0, 17 ]
[ 3, -1, -1, 0, 1, 2, 1, 0, 6 ]
[ 17, 0, 0, 8, 1, 0, 3, 0, 1 ]
[ 1, -2, 0, 0, 17, 0, 0, 6, 1 ]
[ 8, 1, 0, -1, 2, 0, 3, 0, 1 ]
[ 1, 0, 6, 8, 1, 0, 0, 0, 17 ]
[ 3, 0, 1, 8, 1, 0, 1, 0, 6 ]
[ 1, -2, 0, 0, 1, 3, 0, 0, 17 ]
[ 1, -2, 0, 0, 6, 1, 0, 1, 3 ]
[ 0, 1, 3, -1, 2, 0, 0, 0, 17 ]
[ 3, 0, 1, -1, 2, 0, 0, 1, 3 ]
[ -8, -1, 0, 1, 0, 6, 0, 0, 17 ]
[ -8, -1, 0, 3, 0, 1, 1, 0, 6 ]
[ 1, 0, 6, 0, 1, 3, 0, 0, 17 ]
[ 3, 0, 1, 0, 1, 3, 1, 0, 6 ]
[ 17, 0, 0, 5, 1, 0, 3, 0, 1 ]
[ 5, 1, 0, -2, 3, 0, -2, -1, 1 ]
[ 1, 0, 6, 5, 1, 0, 0, 0, 17 ]
[ 3, 0, 1, 5, 1, 0, 1, 0, 6 ]
[ 1, -10, 0, 0, 17, 0, 0, -4, 1 ]
[ 2, -3, 0, -1, 10, 0, 0, -4, 1 ]
[ 1, -1, 2, -2, 3, 0, 0, 0, 17 ]
[ 2, 1, -1, -2, 3, 0, 1, -1, 2 ]
[ -1, 0, -6, -2, -1, 1, 0, 0, 17 ]
[ -5, -1, 0, 1, 0, 6, 0, 0, 17 ]
[ -5, -1, 0, -2, -1, 1, 1, 0, 6 ]
[ 1, -10, 0, 0, 1, 4, 0, 0, 17 ]
[ -1, 10, 0, 0, -4, 1, 0, 1, 4 ]
[ 0, 1, 4, -1, 10, 0, 0, 0, 17 ]
[ 0, 4, -1, -1, 10, 0, 0, 1, 4 ]
[ 2, -3, 0, -1, 2, 2, 0, 0, 17 ]
[ -2, 3, 0, 0, -4, 1, -1, 2, 2 ]
[ -1, 0, -6, 1, -1, 2, 0, 0, 17 ]
[ -2, -1, 1, 1, 0, 6, 0, 0, 17 ]
[ -2, -1, 1, 1, -1, 2, 1, 0, 6 ]
[ 1, -2, -2, 0, 1, 4, 0, 0, 17 ]
[ -1, 2, 2, 0, -4, 1, 0, 1, 4 ]
[ 17, 0, 0, 2, 1, 0, 3, 0, 1 ]
[ 1, 9, 0, 0, 17, 0, 0, 7, 1 ]
[ 2, 1, 0, 1, 9, 0, -1, -2, 1 ]
[ 1, 0, 6, 2, 1, 0, 0, 0, 17 ]
[ 3, 0, 1, 2, 1, 0, 1, 0, 6 ]
[ 1, 9, 0, 0, 7, 1, 0, -3, 2 ]
[ 1, 2, -1, 1, 9, 0, 0, -3, 2 ]
[ -1, -1, 6, -1, -2, 1, 0, 0, 17 ]
[ -2, -1, 0, -1, -1, 6, 0, 0, 17 ]
[ -2, -1, 0, -1, -2, 1, -1, -1, 6 ]
[ 1, 9, 0, 0, 1, 5, 0, 0, 17 ]
[ -1, -9, 0, 0, -3, 2, 0, 1, 5 ]
[ 0, -1, -5, 1, 9, 0, 0, 0, 17 ]
[ 0, -3, 2, 1, 9, 0, 0, 1, 5 ]
[ 1, 2, -1, 0, 1, 5, 0, 0, 17 ]
[ -1, -2, 1, 0, -3, 2, 0, 1, 5 ]
[ 1, -1, 0, 0, 17, 0, 0, 3, 1 ]
[ 17, 0, 0, -1, 1, 0, 3, 0, 1 ]
[ 1, -1, 0, 0, 1, 6, 0, 0, 17 ]
[ 1, -1, 0, 0, 3, 1, 0, 1, 6 ]
[ 1, 0, 6, -1, 1, 0, 0, 0, 17 ]
[ 3, 0, 1, -1, 1, 0, 1, 0, 6 ]
[ 17, 0, 0, -4, 1, 0, 3, 0, 1 ]
[ 1, 4, 0, 0, 17, 0, 0, 5, 1 ]
[ 4, -1, 0, 1, 4, 0, -1, 1, 1 ]
[ 1, 0, 6, -4, 1, 0, 0, 0, 17 ]
[ 3, 0, 1, -4, 1, 0, 1, 0, 6 ]
[ 1, 4, 0, 0, 5, 1, 0, -2, 3 ]
[ 1, -1, -1, 1, 4, 0, 0, -2, 3 ]
[ 1, 0, 6, -1, 1, 1, 0, 0, 17 ]
[ 4, -1, 0, 1, 0, 6, 0, 0, 17 ]
[ 4, -1, 0, -1, 1, 1, 1, 0, 6 ]
[ -1, -4, 0, 0, -1, 10, 0, 0, 17 ]
[ -1, -4, 0, 0, -2, 3, 0, -1, 10 ]
[ 0, -1, 10, 1, 4, 0, 0, 0, 17 ]
[ 0, -2, 3, 1, 4, 0, 0, -1, 10 ]
[ -1, 1, 1, 0, -1, 10, 0, 0, 17 ]
[ -1, 1, 1, 0, -2, 3, 0, -1, 10 ]
[ 17, 0, 0, -7, 1, 0, 3, 0, 1 ]
[ 7, -1, 0, 3, 2, 0, 3, 0, 1 ]
[ 1, 0, 6, -7, 1, 0, 0, 0, 17 ]
[ 3, 0, 1, -7, 1, 0, 1, 0, 6 ]
[ 1, -5, 0, 0, 17, 0, 0, -2, 1 ]
[ 3, 2, 0, -1, 5, 0, 0, -2, 1 ]
[ 2, 1, 3, 3, 2, 0, 0, 0, 17 ]
[ 3, 0, 1, 3, 2, 0, 2, 1, 3 ]
[ 7, -1, 0, 1, 0, 6, 0, 0, 17 ]
[ 7, -1, 0, 3, 0, 1, 1, 0, 6 ]
[ -1, 5, 0, 0, -1, 9, 0, 0, 17 ]
[ -1, 5, 0, 0, -2, 1, 0, -1, 9 ]
[ 0, 1, -9, -1, 5, 0, 0, 0, 17 ]
[ 0, 2, -1, -1, 5, 0, 0, -1, 9 ]
[ -3, -2, 0, -1, -1, 3, 0, 0, 17 ]
[ -3, -2, 0, 0, -2, 1, -1, -1, 3 ]
[ 1, 0, 6, 2, 1, 3, 0, 0, 17 ]
[ 3, 0, 1, 2, 1, 3, 1, 0, 6 ]
[ -1, -1, 3, 0, -1, 9, 0, 0, 17 ]
[ -1, -1, 3, 0, -2, 1, 0, -1, 9 ]
[ 17, 0, 0, 7, 1, 0, 3, 0, 1 ]
[ 7, 1, 0, -3, 2, 0, 3, 0, 1 ]
[ 1, 0, 6, 7, 1, 0, 0, 0, 17 ]
[ 3, 0, 1, 7, 1, 0, 1, 0, 6 ]
[ 1, 5, 0, 0, 17, 0, 0, 2, 1 ]
[ 3, -2, 0, 1, 5, 0, 0, 2, 1 ]
[ -1, 1, 3, -3, 2, 0, 0, 0, 17 ]
[ 3, 0, 1, -3, 2, 0, -1, 1, 3 ]
[ -7, -1, 0, 1, 0, 6, 0, 0, 17 ]
[ -7, -1, 0, 3, 0, 1, 1, 0, 6 ]
[ 1, 5, 0, 0, 1, 9, 0, 0, 17 ]
[ 1, 5, 0, 0, 2, 1, 0, 1, 9 ]
[ 0, -1, -9, 1, 5, 0, 0, 0, 17 ]
[ 0, -2, -1, 1, 5, 0, 0, 1, 9 ]
[ 3, -2, 0, -1, 1, 3, 0, 0, 17 ]
[ 3, -2, 0, 0, 2, 1, -1, 1, 3 ]
[ 1, 0, 6, -1, 1, 3, 0, 0, 17 ]
[ 3, 0, 1, -1, 1, 3, 1, 0, 6 ]
[ 1, -1, -3, 0, 1, 9, 0, 0, 17 ]
[ 1, -1, -3, 0, 2, 1, 0, 1, 9 ]
[ 17, 0, 0, 4, 1, 0, 3, 0, 1 ]
[ 1, -4, 0, 0, 17, 0, 0, -5, 1 ]
[ 4, 1, 0, -1, 4, 0, -1, -1, 1 ]
[ 1, 0, 6, 4, 1, 0, 0, 0, 17 ]
[ 3, 0, 1, 4, 1, 0, 1, 0, 6 ]
[ -1, 4, 0, 0, -5, 1, 0, 2, 3 ]
[ 1, 1, -1, -1, 4, 0, 0, 2, 3 ]
[ -1, 0, -6, -1, -1, 1, 0, 0, 17 ]
[ -4, -1, 0, 1, 0, 6, 0, 0, 17 ]
[ -4, -1, 0, -1, -1, 1, 1, 0, 6 ]
[ 1, -4, 0, 0, 1, 10, 0, 0, 17 ]
[ 1, -4, 0, 0, 2, 3, 0, 1, 10 ]
[ 0, 1, 10, -1, 4, 0, 0, 0, 17 ]
[ 0, 2, 3, -1, 4, 0, 0, 1, 10 ]
[ 1, 1, -1, 0, 1, 10, 0, 0, 17 ]
[ 1, 1, -1, 0, 2, 3, 0, 1, 10 ]
[ 1, 1, 0, 0, 17, 0, 0, -3, 1 ]
[ 17, 0, 0, 1, 1, 0, 3, 0, 1 ]
[ -1, -1, 0, 0, -1, 6, 0, 0, 17 ]
[ -1, -1, 0, 0, -3, 1, 0, -1, 6 ]
[ 1, 0, 6, 1, 1, 0, 0, 0, 17 ]
[ 3, 0, 1, 1, 1, 0, 1, 0, 6 ]
[ 17, 0, 0, -2, 1, 0, 3, 0, 1 ]
[ 1, -9, 0, 0, 17, 0, 0, -7, 1 ]
[ 2, -1, 0, -1, 9, 0, -1, 2, 1 ]
[ 1, 0, 6, -2, 1, 0, 0, 0, 17 ]
[ 3, 0, 1, -2, 1, 0, 1, 0, 6 ]
[ -1, 9, 0, 0, -7, 1, 0, 3, 2 ]
[ 1, -2, -1, -1, 9, 0, 0, 3, 2 ]
[ 1, -1, -6, -1, 2, 1, 0, 0, 17 ]
[ 2, -1, 0, -1, 1, 6, 0, 0, 17 ]
[ 2, -1, 0, -1, 2, 1, -1, 1, 6 ]
[ -1, 9, 0, 0, -1, 5, 0, 0, 17 ]
[ 1, -9, 0, 0, 3, 2, 0, -1, 5 ]
[ 0, 1, -5, -1, 9, 0, 0, 0, 17 ]
[ 0, 3, 2, -1, 9, 0, 0, -1, 5 ]
[ -1, 2, 1, 0, -1, 5, 0, 0, 17 ]
[ 1, -2, -1, 0, 3, 2, 0, -1, 5 ]
[ 17, 0, 0, -5, 1, 0, 3, 0, 1 ]
[ 5, -1, 0, 2, 3, 0, -2, 1, 1 ]
[ 1, 0, 6, -5, 1, 0, 0, 0, 17 ]
[ 3, 0, 1, -5, 1, 0, 1, 0, 6 ]
[ 1, 10, 0, 0, 17, 0, 0, 4, 1 ]
[ 2, 3, 0, 1, 10, 0, 0, 4, 1 ]
[ 1, 1, 2, 2, 3, 0, 0, 0, 17 ]
[ 2, -1, -1, 2, 3, 0, 1, 1, 2 ]
[ 1, 0, 6, -2, 1, 1, 0, 0, 17 ]
[ 5, -1, 0, 1, 0, 6, 0, 0, 17 ]
[ 5, -1, 0, -2, 1, 1, 1, 0, 6 ]
[ -1, -10, 0, 0, -1, 4, 0, 0, 17 ]
[ 1, 10, 0, 0, 4, 1, 0, -1, 4 ]
[ 0, -1, 4, 1, 10, 0, 0, 0, 17 ]
[ 0, -4, -1, 1, 10, 0, 0, -1, 4 ]
[ -2, -3, 0, 1, 1, 2, 0, 0, 17 ]
[ 2, 3, 0, 0, 4, 1, 1, 1, 2 ]
[ 1, 0, 6, 1, 1, 2, 0, 0, 17 ]
[ 2, -1, -1, 1, 0, 6, 0, 0, 17 ]
[ 2, -1, -1, 1, 1, 2, 1, 0, 6 ]
[ -1, -1, -2, 0, -1, 4, 0, 0, 17 ]
[ 1, 1, 2, 0, 4, 1, 0, -1, 4 ]
[ 17, 0, 0, -8, 1, 0, 3, 0, 1 ]
[ 1, 2, 0, 0, 17, 0, 0, -6, 1 ]
[ 8, -1, 0, 1, 2, 0, 3, 0, 1 ]
[ 1, 0, 6, -8, 1, 0, 0, 0, 17 ]
[ 3, 0, 1, -8, 1, 0, 1, 0, 6 ]
[ -1, -2, 0, 0, -1, 3, 0, 0, 17 ]
[ -1, -2, 0, 0, -6, 1, 0, -1, 3 ]
[ 1, 1, 3, 1, 2, 0, 0, 0, 17 ]
[ 3, 0, 1, 1, 2, 0, 1, 1, 3 ]
[ 8, -1, 0, 1, 0, 6, 0, 0, 17 ]
[ 8, -1, 0, 3, 0, 1, 1, 0, 6 ]
[ 1, 0, 6, 1, 1, 3, 0, 0, 17 ]
[ 3, 0, 1, 1, 1, 3, 1, 0, 6 ]
[ 17, 0, 0, 6, 1, 0, 3, 0, 1 ]
[ 1, 3, 0, 0, 17, 0, 0, 8, 1 ]
[ 6, 1, 0, 1, 3, 0, -3, -1, 1 ]
[ 1, 0, 6, 6, 1, 0, 0, 0, 17 ]
[ 3, 0, 1, 6, 1, 0, 1, 0, 6 ]
[ -1, -3, 0, 0, -1, 2, 0, 0, 17 ]
[ 1, 3, 0, 0, 8, 1, 0, -1, 2 ]
[ 0, -1, 2, 1, 3, 0, 0, 0, 17 ]
[ 3, 1, -1, 1, 3, 0, 0, -1, 2 ]
[ -1, 0, -6, -3, -1, 1, 0, 0, 17 ]
[ -6, -1, 0, 1, 0, 6, 0, 0, 17 ]
[ -6, -1, 0, -3, -1, 1, 1, 0, 6 ]
[ -1, 0, -6, 0, -1, 2, 0, 0, 17 ]
[ -3, -1, 1, 1, 0, 6, 0, 0, 17 ]
[ -3, -1, 1, 0, -1, 2, 1, 0, 6 ]
[ 17, 0, 0, 3, 1, 0, 3, 0, 1 ]
[ -1, -6, 0, 0, -1, 1, 0, 0, 17 ]
[ 1, 6, 0, 0, 17, 0, 0, -1, 1 ]
[ 0, -1, 1, 1, 6, 0, 0, 0, 17 ]
[ 3, 1, 0, 1, 6, 0, 0, -1, 1 ]
[ 1, 0, 6, 3, 1, 0, 0, 0, 17 ]
[ 3, 0, 1, 3, 1, 0, 1, 0, 6 ]
[ -1, 0, -6, 0, -1, 1, 0, 0, 17 ]
[ -3, -1, 0, 1, 0, 6, 0, 0, 17 ]
[ -3, -1, 0, 0, -1, 1, 1, 0, 6 ]
[ 17, 0, 0, 0, 1, 0, 5, 0, 1 ]
[ 5, 0, 1, 0, 1, 0, -2, 0, 3 ]
[ 1, 0, -10, 0, 1, 0, 0, 0, 17 ]
[ 2, 0, -3, 0, 1, 0, -1, 0, 10 ]
[ 17, 0, 0, -5, 1, 0, 5, 0, 1 ]
[ 5, -1, 0, 2, 3, 0, 0, 1, 1 ]
[ 5, 0, 1, -5, 1, 0, -2, 0, 3 ]
[ 1, 10, 0, 0, 1, 1, 0, 0, 17 ]
[ 1, 10, 0, 0, 17, 0, 0, 1, 1 ]
[ 0, -1, -1, 1, 10, 0, 0, 0, 17 ]
[ 2, 3, 0, 1, 10, 0, 0, 1, 1 ]
[ -1, -2, -9, 2, 3, 0, 0, 0, 17 ]
[ 0, -1, -1, 1, 2, 9, 0, 0, 17 ]
[ 0, -1, -1, 2, 3, 0, 1, 2, 9 ]
[ 5, -1, 0, 0, 1, 1, -2, 0, 3 ]
[ 1, 0, -10, -5, 1, 0, 0, 0, 17 ]
[ 2, 0, -3, -5, 1, 0, -1, 0, 10 ]
[ 1, 2, 9, 0, 1, 1, 0, 0, 17 ]
[ 2, 3, 0, 1, 2, 9, 0, 0, 17 ]
[ 2, 3, 0, 0, 1, 1, 1, 2, 9 ]
[ 1, 0, -10, 0, 1, 1, 0, 0, 17 ]
[ 2, 0, -3, 0, 1, 1, -1, 0, 10 ]
[ -5, 1, 0, -1, 0, 10, 0, 0, 17 ]
[ -5, 1, 0, -2, 0, 3, -1, 0, 10 ]
[ 17, 0, 0, 7, 1, 0, 5, 0, 1 ]
[ 7, 1, 0, -3, 2, 0, -2, -1, 1 ]
[ 5, 0, 1, 7, 1, 0, -2, 0, 3 ]
[ 1, 5, 0, 0, 17, 0, 0, -8, 1 ]
[ 3, -2, 0, 1, 5, 0, 1, -3, 1 ]
[ 2, 1, -1, -3, 2, 0, 0, 1, 2 ]
[ -7, -1, 0, -2, -1, 1, -2, 0, 3 ]
[ 1, 0, -10, 7, 1, 0, 0, 0, 17 ]
[ 2, 0, -3, 7, 1, 0, -1, 0, 10 ]
[ 1, 5, 0, 0, 1, 2, 0, 0, 17 ]
[ -1, -5, 0, 0, -8, 1, 0, 1, 2 ]
[ 0, -1, -2, 1, 5, 0, 0, 0, 17 ]
[ 1, -3, 1, 0, 1, 2, 0, 0, 17 ]
[ 1, -3, 1, 1, 5, 0, 0, 1, 2 ]
[ 0, -1, -2, 1, -3, 1, 0, 0, 17 ]
[ -3, 2, 0, 1, -3, 1, 0, 1, 2 ]
[ -1, 1, -5, -3, 2, 0, 0, 0, 17 ]
[ 0, -1, -2, 1, -1, 5, 0, 0, 17 ]
[ 0, 1, 2, -3, 2, 0, 1, -1, 5 ]
[ 1, 0, -10, 0, 1, 2, 0, 0, 17 ]
[ 2, 1, -1, -1, 0, 10, 0, 0, 17 ]
[ 2, 1, -1, 0, 1, 2, -1, 0, 10 ]
[ -1, 0, 10, -2, -1, 1, 0, 0, 17 ]
[ -2, 0, 3, -2, -1, 1, -1, 0, 10 ]
[ 7, 1, 0, -1, 0, 10, 0, 0, 17 ]
[ 7, 1, 0, -2, 0, 3, -1, 0, 10 ]
[ 1, -1, 5, 0, 1, 2, 0, 0, 17 ]
[ -3, 2, 0, 1, -1, 5, 0, 0, 17 ]
[ 3, -2, 0, 0, 1, 2, 1, -1, 5 ]
[ 17, 0, 0, 2, 1, 0, 5, 0, 1 ]
[ 1, 9, 0, 0, 17, 0, 0, 6, 1 ]
[ 2, 1, 0, 1, 9, 0, -1, -3, 1 ]
[ 5, 0, 1, 2, 1, 0, -2, 0, 3 ]
[ 1, 9, 0, 0, 1, 3, 0, 0, 17 ]
[ 1, 9, 0, 0, 6, 1, 0, 1, 3 ]
[ 0, -1, -3, 1, 9, 0, 0, 0, 17 ]
[ 1, 3, -1, 0, 1, 3, 0, 0, 17 ]
[ 1, 3, -1, 1, 9, 0, 0, 1, 3 ]
[ 0, 1, 3, -1, -3, 1, 0, 0, 17 ]
[ -2, -1, 0, -1, -3, 1, 0, 1, 3 ]
[ 1, 0, -10, 2, 1, 0, 0, 0, 17 ]
[ 2, 0, -3, 2, 1, 0, -1, 0, 10 ]
[ 1, 1, 10, 0, 1, 3, 0, 0, 17 ]
[ 2, 1, 0, 1, 1, 10, 0, 0, 17 ]
[ 2, 1, 0, 0, 1, 3, 1, 1, 10 ]
[ 17, 0, 0, -3, 1, 0, 5, 0, 1 ]
[ 1, -6, 0, 0, 17, 0, 0, -4, 1 ]
[ 3, -1, 0, -1, 6, 0, -1, 2, 1 ]
[ 5, 0, 1, -3, 1, 0, -2, 0, 3 ]
[ 1, -6, 0, 0, 1, 4, 0, 0, 17 ]
[ -1, 6, 0, 0, -4, 1, 0, 1, 4 ]
[ 0, 1, 4, -1, 6, 0, 0, 0, 17 ]
[ 1, -2, -1, 0, 1, 4, 0, 0, 17 ]
[ 1, -2, -1, -1, 6, 0, 0, 1, 4 ]
[ 1, -1, 3, -1, 2, 1, 0, 0, 17 ]
[ 3, -1, 0, -1, 2, 1, 1, -1, 3 ]
[ 1, 0, -10, -3, 1, 0, 0, 0, 17 ]
[ 2, 0, -3, -3, 1, 0, -1, 0, 10 ]
[ -1, 0, 10, 1, -1, 3, 0, 0, 17 ]
[ -3, 1, 0, -1, 0, 10, 0, 0, 17 ]
[ -3, 1, 0, 1, -1, 3, -1, 0, 10 ]
[ 17, 0, 0, -8, 1, 0, 5, 0, 1 ]
[ 1, 2, 0, 0, 17, 0, 0, 7, 1 ]
[ 8, -1, 0, 1, 2, 0, -3, 1, 1 ]
[ 5, 0, 1, -8, 1, 0, -2, 0, 3 ]
[ 1, 2, 0, 0, 7, 1, 0, -3, 2 ]
[ 3, -1, -1, 1, 2, 0, 1, -1, 2 ]
[ 8, -1, 0, -3, 1, 1, -2, 0, 3 ]
[ 1, 0, -10, -8, 1, 0, 0, 0, 17 ]
[ 2, 0, -3, -8, 1, 0, -1, 0, 10 ]
[ 1, 2, 0, 0, 1, 5, 0, 0, 17 ]
[ -1, -2, 0, 0, -3, 2, 0, 1, 5 ]
[ 0, -1, -5, 1, 2, 0, 0, 0, 17 ]
[ 1, -1, 2, 0, 1, 5, 0, 0, 17 ]
[ 1, -1, 2, 1, 2, 0, 0, 1, 5 ]
[ -1, 0, 10, 1, -1, 2, 0, 0, 17 ]
[ -3, 1, 1, -1, 0, 10, 0, 0, 17 ]
[ -3, 1, 1, 1, -1, 2, -1, 0, 10 ]
[ 1, 0, -10, -3, 1, 1, 0, 0, 17 ]
[ 2, 0, -3, -3, 1, 1, -1, 0, 10 ]
[ -8, 1, 0, -1, 0, 10, 0, 0, 17 ]
[ -8, 1, 0, -2, 0, 3, -1, 0, 10 ]
[ 17, 0, 0, 4, 1, 0, 5, 0, 1 ]
[ 1, -4, 0, 0, 17, 0, 0, 3, 1 ]
[ 4, 1, 0, -1, 4, 0, 1, -1, 1 ]
[ 5, 0, 1, 4, 1, 0, -2, 0, 3 ]
[ 1, -4, 0, 0, 1, 6, 0, 0, 17 ]
[ 1, -4, 0, 0, 3, 1, 0, 1, 6 ]
[ 0, 1, 6, -1, 4, 0, 0, 0, 17 ]
[ 1, -1, 1, 0, 1, 6, 0, 0, 17 ]
[ 1, -1, 1, -1, 4, 0, 0, 1, 6 ]
[ -4, -1, 0, 1, -1, 1, -2, 0, 3 ]
[ 1, 0, -10, 4, 1, 0, 0, 0, 17 ]
[ 2, 0, -3, 4, 1, 0, -1, 0, 10 ]
[ -1, 0, 10, 1, -1, 1, 0, 0, 17 ]
[ -2, 0, 3, 1, -1, 1, -1, 0, 10 ]
[ 4, 1, 0, -1, 0, 10, 0, 0, 17 ]
[ 4, 1, 0, -2, 0, 3, -1, 0, 10 ]
[ 1, -1, 0, 0, 17, 0, 0, 5, 1 ]
[ 17, 0, 0, -1, 1, 0, 5, 0, 1 ]
[ 1, -1, 0, 0, 5, 1, 0, -2, 3 ]
[ 5, 0, 1, -1, 1, 0, -2, 0, 3 ]
[ -1, 1, 0, 0, -1, 10, 0, 0, 17 ]
[ -1, 1, 0, 0, -2, 3, 0, -1, 10 ]
[ 1, 0, -10, -1, 1, 0, 0, 0, 17 ]
[ 2, 0, -3, -1, 1, 0, -1, 0, 10 ]
[ 17, 0, 0, -6, 1, 0, 5, 0, 1 ]
[ 1, -3, 0, 0, 17, 0, 0, -2, 1 ]
[ 6, -1, 0, -1, 3, 0, -1, 1, 1 ]
[ 5, 0, 1, -6, 1, 0, -2, 0, 3 ]
[ -1, 3, 0, 0, -1, 9, 0, 0, 17 ]
[ -1, 3, 0, 0, -2, 1, 0, -1, 9 ]
[ 1, -2, -9, -1, 3, 0, 0, 0, 17 ]
[ 1, -1, -1, -1, 2, 9, 0, 0, 17 ]
[ 1, -1, -1, -1, 3, 0, -1, 2, 9 ]
[ 6, -1, 0, -1, 1, 1, -2, 0, 3 ]
[ 1, 0, -10, -6, 1, 0, 0, 0, 17 ]
[ 2, 0, -3, -6, 1, 0, -1, 0, 10 ]
[ 1, 0, -10, -1, 1, 1, 0, 0, 17 ]
[ 2, 0, -3, -1, 1, 1, -1, 0, 10 ]
[ -6, 1, 0, -1, 0, 10, 0, 0, 17 ]
[ -6, 1, 0, -2, 0, 3, -1, 0, 10 ]
[ 17, 0, 0, 6, 1, 0, 5, 0, 1 ]
[ 1, 3, 0, 0, 17, 0, 0, 2, 1 ]
[ 6, 1, 0, 1, 3, 0, -1, -1, 1 ]
[ 5, 0, 1, 6, 1, 0, -2, 0, 3 ]
[ 1, 3, 0, 0, 1, 9, 0, 0, 17 ]
[ 1, 3, 0, 0, 2, 1, 0, 1, 9 ]
[ 0, -1, -9, 1, 3, 0, 0, 0, 17 ]
[ 1, 1, -1, 0, 1, 9, 0, 0, 17 ]
[ 1, 1, -1, 1, 3, 0, 0, 1, 9 ]
[ -6, -1, 0, -1, -1, 1, -2, 0, 3 ]
[ 1, 0, -10, 6, 1, 0, 0, 0, 17 ]
[ 2, 0, -3, 6, 1, 0, -1, 0, 10 ]
[ -1, 0, 10, -1, -1, 1, 0, 0, 17 ]
[ -2, 0, 3, -1, -1, 1, -1, 0, 10 ]
[ 6, 1, 0, -1, 0, 10, 0, 0, 17 ]
[ 6, 1, 0, -2, 0, 3, -1, 0, 10 ]
[ 1, 1, 0, 0, 17, 0, 0, -5, 1 ]
[ 17, 0, 0, 1, 1, 0, 5, 0, 1 ]
[ -1, -1, 0, 0, -5, 1, 0, 2, 3 ]
[ 5, 0, 1, 1, 1, 0, -2, 0, 3 ]
[ 1, 1, 0, 0, 1, 10, 0, 0, 17 ]
[ 1, 1, 0, 0, 2, 3, 0, 1, 10 ]
[ 1, 0, -10, 1, 1, 0, 0, 0, 17 ]
[ 2, 0, -3, 1, 1, 0, -1, 0, 10 ]
[ 17, 0, 0, -4, 1, 0, 5, 0, 1 ]
[ 1, 4, 0, 0, 17, 0, 0, -3, 1 ]
[ 4, -1, 0, 1, 4, 0, 1, 1, 1 ]
[ 5, 0, 1, -4, 1, 0, -2, 0, 3 ]
[ -1, -4, 0, 0, -1, 6, 0, 0, 17 ]
[ -1, -4, 0, 0, -3, 1, 0, -1, 6 ]
[ 0, -1, 6, 1, 4, 0, 0, 0, 17 ]
[ -1, -1, -1, 0, -1, 6, 0, 0, 17 ]
[ 1, 1, 1, 1, 4, 0, 0, -1, 6 ]
[ 4, -1, 0, 1, 1, 1, -2, 0, 3 ]
[ 1, 0, -10, -4, 1, 0, 0, 0, 17 ]
[ 2, 0, -3, -4, 1, 0, -1, 0, 10 ]
[ 1, 0, -10, 1, 1, 1, 0, 0, 17 ]
[ 2, 0, -3, 1, 1, 1, -1, 0, 10 ]
[ -4, 1, 0, -1, 0, 10, 0, 0, 17 ]
[ -4, 1, 0, -2, 0, 3, -1, 0, 10 ]
[ 17, 0, 0, 8, 1, 0, 5, 0, 1 ]
[ 1, -2, 0, 0, 17, 0, 0, -7, 1 ]
[ 8, 1, 0, -1, 2, 0, -3, -1, 1 ]
[ 5, 0, 1, 8, 1, 0, -2, 0, 3 ]
[ -1, 2, 0, 0, -7, 1, 0, 3, 2 ]
[ 3, 1, -1, -1, 2, 0, 1, 1, 2 ]
[ -8, -1, 0, -3, -1, 1, -2, 0, 3 ]
[ 1, 0, -10, 8, 1, 0, 0, 0, 17 ]
[ 2, 0, -3, 8, 1, 0, -1, 0, 10 ]
[ -1, 2, 0, 0, -1, 5, 0, 0, 17 ]
[ 1, -2, 0, 0, 3, 2, 0, -1, 5 ]
[ 0, 1, -5, -1, 2, 0, 0, 0, 17 ]
[ -1, -1, -2, 0, -1, 5, 0, 0, 17 ]
[ 1, 1, 2, -1, 2, 0, 0, -1, 5 ]
[ 1, 0, -10, 1, 1, 2, 0, 0, 17 ]
[ 3, 1, -1, -1, 0, 10, 0, 0, 17 ]
[ 3, 1, -1, 1, 1, 2, -1, 0, 10 ]
[ -1, 0, 10, -3, -1, 1, 0, 0, 17 ]
[ -2, 0, 3, -3, -1, 1, -1, 0, 10 ]
[ 8, 1, 0, -1, 0, 10, 0, 0, 17 ]
[ 8, 1, 0, -2, 0, 3, -1, 0, 10 ]
[ 17, 0, 0, 3, 1, 0, 5, 0, 1 ]
[ 1, 6, 0, 0, 17, 0, 0, 4, 1 ]
[ 3, 1, 0, 1, 6, 0, -1, -2, 1 ]
[ 5, 0, 1, 3, 1, 0, -2, 0, 3 ]
[ -1, -6, 0, 0, -1, 4, 0, 0, 17 ]
[ 1, 6, 0, 0, 4, 1, 0, -1, 4 ]
[ 0, -1, 4, 1, 6, 0, 0, 0, 17 ]
[ -1, -2, 1, 0, -1, 4, 0, 0, 17 ]
[ 1, 2, -1, 1, 6, 0, 0, -1, 4 ]
[ -1, -1, -3, -1, -2, 1, 0, 0, 17 ]
[ -3, -1, 0, -1, -2, 1, 1, 1, 3 ]
[ 1, 0, -10, 3, 1, 0, 0, 0, 17 ]
[ 2, 0, -3, 3, 1, 0, -1, 0, 10 ]
[ 2, 1, 10, 1, 1, 3, 0, 0, 17 ]
[ 3, 1, 0, 2, 1, 10, 0, 0, 17 ]
[ 3, 1, 0, 1, 1, 3, 2, 1, 10 ]
[ 17, 0, 0, -2, 1, 0, 5, 0, 1 ]
[ 1, -9, 0, 0, 17, 0, 0, -6, 1 ]
[ 2, -1, 0, -1, 9, 0, -1, 3, 1 ]
[ 5, 0, 1, -2, 1, 0, -2, 0, 3 ]
[ -1, 9, 0, 0, -1, 3, 0, 0, 17 ]
[ -1, 9, 0, 0, -6, 1, 0, -1, 3 ]
[ 0, 1, -3, -1, 9, 0, 0, 0, 17 ]
[ -1, 3, 1, 0, -1, 3, 0, 0, 17 ]
[ 1, -3, -1, -1, 9, 0, 0, -1, 3 ]
[ 0, 1, -3, -1, 3, 1, 0, 0, 17 ]
[ 2, -1, 0, -1, 3, 1, 0, -1, 3 ]
[ 1, 0, -10, -2, 1, 0, 0, 0, 17 ]
[ 2, 0, -3, -2, 1, 0, -1, 0, 10 ]
[ -1, 0, 10, 0, -1, 3, 0, 0, 17 ]
[ -2, 1, 0, -1, 0, 10, 0, 0, 17 ]
[ -2, 1, 0, 0, -1, 3, -1, 0, 10 ]
[ 17, 0, 0, -7, 1, 0, 5, 0, 1 ]
[ 7, -1, 0, 3, 2, 0, -2, 1, 1 ]
[ 5, 0, 1, -7, 1, 0, -2, 0, 3 ]
[ 1, -5, 0, 0, 17, 0, 0, 8, 1 ]
[ 3, 2, 0, -1, 5, 0, 1, 3, 1 ]
[ 2, -1, -1, 3, 2, 0, 0, -1, 2 ]
[ 7, -1, 0, -2, 1, 1, -2, 0, 3 ]
[ 1, 0, -10, -7, 1, 0, 0, 0, 17 ]
[ 2, 0, -3, -7, 1, 0, -1, 0, 10 ]
[ -1, 5, 0, 0, -1, 2, 0, 0, 17 ]
[ 1, -5, 0, 0, 8, 1, 0, -1, 2 ]
[ 0, 1, -2, -1, 5, 0, 0, 0, 17 ]
[ -1, -3, -1, 0, -1, 2, 0, 0, 17 ]
[ 1, 3, 1, -1, 5, 0, 0, -1, 2 ]
[ 0, -1, 2, 1, 3, 1, 0, 0, 17 ]
[ 3, 2, 0, 1, 3, 1, 0, -1, 2 ]
[ -1, -1, -5, 3, 2, 0, 0, 0, 17 ]
[ 0, -1, 2, 1, 1, 5, 0, 0, 17 ]
[ 0, -1, 2, 3, 2, 0, 1, 1, 5 ]
[ -1, 0, 10, 0, -1, 2, 0, 0, 17 ]
[ -2, 1, 1, -1, 0, 10, 0, 0, 17 ]
[ -2, 1, 1, 0, -1, 2, -1, 0, 10 ]
[ 1, 0, -10, -2, 1, 1, 0, 0, 17 ]
[ 2, 0, -3, -2, 1, 1, -1, 0, 10 ]
[ -7, 1, 0, -1, 0, 10, 0, 0, 17 ]
[ -7, 1, 0, -2, 0, 3, -1, 0, 10 ]
[ -1, -1, -5, 0, -1, 2, 0, 0, 17 ]
[ 3, 2, 0, 1, 1, 5, 0, 0, 17 ]
[ -3, -2, 0, 0, -1, 2, 1, 1, 5 ]
[ 17, 0, 0, 5, 1, 0, 5, 0, 1 ]
[ 5, 1, 0, -2, 3, 0, 0, -1, 1 ]
[ 5, 0, 1, 5, 1, 0, -2, 0, 3 ]
[ -1, 10, 0, 0, -1, 1, 0, 0, 17 ]
[ 1, -10, 0, 0, 17, 0, 0, -1, 1 ]
[ 0, 1, -1, -1, 10, 0, 0, 0, 17 ]
[ 2, -3, 0, -1, 10, 0, 0, -1, 1 ]
[ 1, -1, -9, -2, 3, 0, 0, 0, 17 ]
[ 0, 1, -1, -1, 1, 9, 0, 0, 17 ]
[ 0, 1, -1, -2, 3, 0, -1, 1, 9 ]
[ -5, -1, 0, 0, -1, 1, -2, 0, 3 ]
[ 1, 0, -10, 5, 1, 0, 0, 0, 17 ]
[ 2, 0, -3, 5, 1, 0, -1, 0, 10 ]
[ -1, 1, 9, 0, -1, 1, 0, 0, 17 ]
[ -2, 3, 0, -1, 1, 9, 0, 0, 17 ]
[ -2, 3, 0, 0, -1, 1, -1, 1, 9 ]
[ -1, 0, 10, 0, -1, 1, 0, 0, 17 ]
[ -2, 0, 3, 0, -1, 1, -1, 0, 10 ]
[ 5, 1, 0, -1, 0, 10, 0, 0, 17 ]
[ 5, 1, 0, -2, 0, 3, -1, 0, 10 ]
[ 17, 0, 0, 0, 1, 0, -2, 0, 1 ]
[ 1, 0, -9, 0, 1, 0, 0, 0, 17 ]
[ 2, 0, -1, 0, 1, 0, -1, 0, 9 ]
[ 17, 0, 0, 2, 1, 0, -2, 0, 1 ]
[ 1, 9, 0, 0, 1, 1, 0, 0, 17 ]
[ 1, 9, 0, 0, 17, 0, 0, 1, 1 ]
[ 0, -1, -1, 1, 9, 0, 0, 0, 17 ]
[ 2, 1, 0, 1, 9, 0, 0, 1, 1 ]
[ 1, 0, -9, 2, 1, 0, 0, 0, 17 ]
[ 2, 0, -1, 2, 1, 0, -1, 0, 9 ]
[ 1, 1, 9, 0, 1, 1, 0, 0, 17 ]
[ 2, 1, 0, 1, 1, 9, 0, 0, 17 ]
[ 2, 1, 0, 0, 1, 1, 1, 1, 9 ]
[ 17, 0, 0, 4, 1, 0, -2, 0, 1 ]
[ 1, -4, 0, 0, 17, 0, 0, -8, 1 ]
[ 4, 1, 0, -1, 4, 0, -2, 0, 1 ]
[ 1, 0, -9, 4, 1, 0, 0, 0, 17 ]
[ 2, 0, -1, 4, 1, 0, -1, 0, 9 ]
[ 1, -4, 0, 0, 1, 2, 0, 0, 17 ]
[ -1, 4, 0, 0, -8, 1, 0, 1, 2 ]
[ 0, 1, 2, -1, 4, 0, 0, 0, 17 ]
[ 2, 0, -1, -1, 4, 0, 0, 1, 2 ]
[ 4, 1, 0, -1, 0, 9, 0, 0, 17 ]
[ 4, 1, 0, -2, 0, 1, -1, 0, 9 ]
[ 1, 0, -9, 0, 1, 2, 0, 0, 17 ]
[ 2, 0, -1, 0, 1, 2, -1, 0, 9 ]
[ 17, 0, 0, 6, 1, 0, -2, 0, 1 ]
[ 1, 3, 0, 0, 17, 0, 0, 6, 1 ]
[ 6, 1, 0, 1, 3, 0, -2, 0, 1 ]
[ 1, 0, -9, 6, 1, 0, 0, 0, 17 ]
[ 2, 0, -1, 6, 1, 0, -1, 0, 9 ]
[ 1, 3, 0, 0, 1, 3, 0, 0, 17 ]
[ 1, 3, 0, 0, 6, 1, 0, 1, 3 ]
[ 0, -1, -3, 1, 3, 0, 0, 0, 17 ]
[ 2, 0, -1, 1, 3, 0, 0, 1, 3 ]
[ 6, 1, 0, -1, 0, 9, 0, 0, 17 ]
[ 6, 1, 0, -2, 0, 1, -1, 0, 9 ]
[ 1, 0, -9, 0, 1, 3, 0, 0, 17 ]
[ 2, 0, -1, 0, 1, 3, -1, 0, 9 ]
[ 17, 0, 0, 8, 1, 0, -2, 0, 1 ]
[ 1, -2, 0, 0, 17, 0, 0, -4, 1 ]
[ 8, 1, 0, -1, 2, 0, -2, 0, 1 ]
[ 1, 0, -9, 8, 1, 0, 0, 0, 17 ]
[ 2, 0, -1, 8, 1, 0, -1, 0, 9 ]
[ 1, -2, 0, 0, 1, 4, 0, 0, 17 ]
[ -1, 2, 0, 0, -4, 1, 0, 1, 4 ]
[ 0, 1, 4, -1, 2, 0, 0, 0, 17 ]
[ 2, 0, -1, -1, 2, 0, 0, 1, 4 ]
[ 8, 1, 0, -1, 0, 9, 0, 0, 17 ]
[ 8, 1, 0, -2, 0, 1, -1, 0, 9 ]
[ 1, 0, -9, 0, 1, 4, 0, 0, 17 ]
[ 2, 0, -1, 0, 1, 4, -1, 0, 9 ]
[ 17, 0, 0, -7, 1, 0, -2, 0, 1 ]
[ 7, -1, 0, 3, 2, 0, -2, 0, 1 ]
[ 1, 0, -9, -7, 1, 0, 0, 0, 17 ]
[ 2, 0, -1, -7, 1, 0, -1, 0, 9 ]
[ 1, -5, 0, 0, 17, 0, 0, 7, 1 ]
[ 3, 2, 0, -1, 5, 0, 1, 2, 1 ]
[ 2, 1, 4, 3, 2, 0, 0, 0, 17 ]
[ 2, 0, -1, 3, 2, 0, 2, 1, 4 ]
[ -7, 1, 0, -1, 0, 9, 0, 0, 17 ]
[ -7, 1, 0, -2, 0, 1, -1, 0, 9 ]
[ 1, -5, 0, 0, 7, 1, 0, -3, 2 ]
[ 1, 2, 1, -1, 5, 0, 0, -3, 2 ]
[ 1, 1, -4, 1, 2, 1, 0, 0, 17 ]
[ -3, -2, 0, -1, -1, 4, 0, 0, 17 ]
[ 3, 2, 0, 1, 2, 1, -1, -1, 4 ]
[ 1, 0, -9, 2, 1, 4, 0, 0, 17 ]
[ 2, 0, -1, 2, 1, 4, -1, 0, 9 ]
[ 1, -5, 0, 0, 1, 5, 0, 0, 17 ]
[ -1, 5, 0, 0, -3, 2, 0, 1, 5 ]
[ 0, 1, 5, -1, 5, 0, 0, 0, 17 ]
[ 0, 3, -2, -1, 5, 0, 0, 1, 5 ]
[ 1, 2, 1, 0, 1, 5, 0, 0, 17 ]
[ -1, -2, -1, 0, -3, 2, 0, 1, 5 ]
[ 17, 0, 0, -5, 1, 0, -2, 0, 1 ]
[ 5, -1, 0, 2, 3, 0, -2, 0, 1 ]
[ 1, 0, -9, -5, 1, 0, 0, 0, 17 ]
[ 2, 0, -1, -5, 1, 0, -1, 0, 9 ]
[ 1, 10, 0, 0, 17, 0, 0, 3, 1 ]
[ 2, 3, 0, 1, 10, 0, 0, 3, 1 ]
[ 1, 1, -3, 2, 3, 0, 0, 0, 17 ]
[ 2, 0, -1, 2, 3, 0, -1, -1, 3 ]
[ -5, 1, 0, -1, 0, 9, 0, 0, 17 ]
[ -5, 1, 0, -2, 0, 1, -1, 0, 9 ]
[ 1, 10, 0, 0, 1, 6, 0, 0, 17 ]
[ 1, 10, 0, 0, 3, 1, 0, 1, 6 ]
[ 0, -1, -6, 1, 10, 0, 0, 0, 17 ]
[ 0, -3, -1, 1, 10, 0, 0, 1, 6 ]
[ 2, 3, 0, 1, 2, 3, 0, 0, 17 ]
[ 2, 3, 0, 0, 3, 1, 1, 2, 3 ]
[ -1, 0, 9, -1, -1, 3, 0, 0, 17 ]
[ -2, 0, 1, -1, -1, 3, -1, 0, 9 ]
[ 1, 2, 3, 0, 1, 6, 0, 0, 17 ]
[ 1, 2, 3, 0, 3, 1, 0, 1, 6 ]
[ 17, 0, 0, -3, 1, 0, -2, 0, 1 ]
[ 1, -6, 0, 0, 17, 0, 0, 5, 1 ]
[ 3, -1, 0, -1, 6, 0, 1, -1, 1 ]
[ 1, 0, -9, -3, 1, 0, 0, 0, 17 ]
[ 2, 0, -1, -3, 1, 0, -1, 0, 9 ]
[ 1, -6, 0, 0, 5, 1, 0, -2, 3 ]
[ 1, -1, 1, -1, 6, 0, 0, -2, 3 ]
[ -1, 0, 9, 1, -1, 1, 0, 0, 17 ]
[ -3, 1, 0, -1, 0, 9, 0, 0, 17 ]
[ -3, 1, 0, 1, -1, 1, -1, 0, 9 ]
[ -1, 6, 0, 0, -1, 10, 0, 0, 17 ]
[ -1, 6, 0, 0, -2, 3, 0, -1, 10 ]
[ 0, 1, -10, -1, 6, 0, 0, 0, 17 ]
[ 0, 2, -3, -1, 6, 0, 0, -1, 10 ]
[ -1, 1, -1, 0, -1, 10, 0, 0, 17 ]
[ -1, 1, -1, 0, -2, 3, 0, -1, 10 ]
[ 1, -1, 0, 0, 17, 0, 0, -2, 1 ]
[ 17, 0, 0, -1, 1, 0, -2, 0, 1 ]
[ -1, 1, 0, 0, -1, 9, 0, 0, 17 ]
[ -1, 1, 0, 0, -2, 1, 0, -1, 9 ]
[ 1, 0, -9, -1, 1, 0, 0, 0, 17 ]
[ 2, 0, -1, -1, 1, 0, -1, 0, 9 ]
[ 1, 1, 0, 0, 17, 0, 0, 2, 1 ]
[ 17, 0, 0, 1, 1, 0, -2, 0, 1 ]
[ 1, 1, 0, 0, 1, 9, 0, 0, 17 ]
[ 1, 1, 0, 0, 2, 1, 0, 1, 9 ]
[ 1, 0, -9, 1, 1, 0, 0, 0, 17 ]
[ 2, 0, -1, 1, 1, 0, -1, 0, 9 ]
[ 17, 0, 0, 3, 1, 0, -2, 0, 1 ]
[ 1, 6, 0, 0, 17, 0, 0, -5, 1 ]
[ 3, 1, 0, 1, 6, 0, 1, 1, 1 ]
[ 1, 0, -9, 3, 1, 0, 0, 0, 17 ]
[ 2, 0, -1, 3, 1, 0, -1, 0, 9 ]
[ -1, -6, 0, 0, -5, 1, 0, 2, 3 ]
[ 1, 1, 1, 1, 6, 0, 0, 2, 3 ]
[ 2, 1, 9, 1, 1, 1, 0, 0, 17 ]
[ 3, 1, 0, 2, 1, 9, 0, 0, 17 ]
[ 3, 1, 0, 1, 1, 1, 2, 1, 9 ]
[ 1, 6, 0, 0, 1, 10, 0, 0, 17 ]
[ 1, 6, 0, 0, 2, 3, 0, 1, 10 ]
[ 0, -1, -10, 1, 6, 0, 0, 0, 17 ]
[ 0, -2, -3, 1, 6, 0, 0, 1, 10 ]
[ 1, 1, 1, 0, 1, 10, 0, 0, 17 ]
[ 1, 1, 1, 0, 2, 3, 0, 1, 10 ]
[ 17, 0, 0, 5, 1, 0, -2, 0, 1 ]
[ 5, 1, 0, -2, 3, 0, -2, 0, 1 ]
[ 1, 0, -9, 5, 1, 0, 0, 0, 17 ]
[ 2, 0, -1, 5, 1, 0, -1, 0, 9 ]
[ 1, -10, 0, 0, 17, 0, 0, -3, 1 ]
[ 2, -3, 0, -1, 10, 0, 0, -3, 1 ]
[ 1, -1, -3, -2, 3, 0, 0, 0, 17 ]
[ 2, 0, -1, -2, 3, 0, -1, 1, 3 ]
[ 5, 1, 0, -1, 0, 9, 0, 0, 17 ]
[ 5, 1, 0, -2, 0, 1, -1, 0, 9 ]
[ -1, 10, 0, 0, -1, 6, 0, 0, 17 ]
[ -1, 10, 0, 0, -3, 1, 0, -1, 6 ]
[ 0, 1, -6, -1, 10, 0, 0, 0, 17 ]
[ 0, 3, -1, -1, 10, 0, 0, -1, 6 ]
[ -2, 3, 0, -1, 1, 3, 0, 0, 17 ]
[ -2, 3, 0, 0, -3, 1, -1, 1, 3 ]
[ 1, 0, -9, -1, 1, 3, 0, 0, 17 ]
[ 2, 0, -1, -1, 1, 3, -1, 0, 9 ]
[ -1, 1, 3, 0, -1, 6, 0, 0, 17 ]
[ -1, 1, 3, 0, -3, 1, 0, -1, 6 ]
[ 17, 0, 0, 7, 1, 0, -2, 0, 1 ]
[ 7, 1, 0, -3, 2, 0, -2, 0, 1 ]
[ 1, 0, -9, 7, 1, 0, 0, 0, 17 ]
[ 2, 0, -1, 7, 1, 0, -1, 0, 9 ]
[ 1, 5, 0, 0, 17, 0, 0, -7, 1 ]
[ 3, -2, 0, 1, 5, 0, 1, -2, 1 ]
[ -1, 1, 4, -3, 2, 0, 0, 0, 17 ]
[ 2, 0, -1, -3, 2, 0, -1, 1, 4 ]
[ 7, 1, 0, -1, 0, 9, 0, 0, 17 ]
[ 7, 1, 0, -2, 0, 1, -1, 0, 9 ]
[ -1, -5, 0, 0, -7, 1, 0, 3, 2 ]
[ 1, -2, 1, 1, 5, 0, 0, 3, 2 ]
[ -1, 1, 4, 1, -2, 1, 0, 0, 17 ]
[ 3, -2, 0, -1, 1, 4, 0, 0, 17 ]
[ -3, 2, 0, 1, -2, 1, -1, 1, 4 ]
[ 1, 0, -9, -1, 1, 4, 0, 0, 17 ]
[ 2, 0, -1, -1, 1, 4, -1, 0, 9 ]
[ -1, -5, 0, 0, -1, 5, 0, 0, 17 ]
[ 1, 5, 0, 0, 3, 2, 0, -1, 5 ]
[ 0, -1, 5, 1, 5, 0, 0, 0, 17 ]
[ 0, -3, -2, 1, 5, 0, 0, -1, 5 ]
[ -1, 2, -1, 0, -1, 5, 0, 0, 17 ]
[ 1, -2, 1, 0, 3, 2, 0, -1, 5 ]
[ 17, 0, 0, -8, 1, 0, -2, 0, 1 ]
[ 1, 2, 0, 0, 17, 0, 0, 4, 1 ]
[ 8, -1, 0, 1, 2, 0, -2, 0, 1 ]
[ 1, 0, -9, -8, 1, 0, 0, 0, 17 ]
[ 2, 0, -1, -8, 1, 0, -1, 0, 9 ]
[ -1, -2, 0, 0, -1, 4, 0, 0, 17 ]
[ 1, 2, 0, 0, 4, 1, 0, -1, 4 ]
[ 1, 1, 4, 1, 2, 0, 0, 0, 17 ]
[ 2, 0, -1, 1, 2, 0, 1, 1, 4 ]
[ -8, 1, 0, -1, 0, 9, 0, 0, 17 ]
[ -8, 1, 0, -2, 0, 1, -1, 0, 9 ]
[ 1, 0, -9, 1, 1, 4, 0, 0, 17 ]
[ 2, 0, -1, 1, 1, 4, -1, 0, 9 ]
[ 17, 0, 0, -6, 1, 0, -2, 0, 1 ]
[ 1, -3, 0, 0, 17, 0, 0, -6, 1 ]
[ 6, -1, 0, -1, 3, 0, -2, 0, 1 ]
[ 1, 0, -9, -6, 1, 0, 0, 0, 17 ]
[ 2, 0, -1, -6, 1, 0, -1, 0, 9 ]
[ -1, 3, 0, 0, -1, 3, 0, 0, 17 ]
[ -1, 3, 0, 0, -6, 1, 0, -1, 3 ]
[ 0, 1, -3, -1, 3, 0, 0, 0, 17 ]
[ 2, 0, -1, -1, 3, 0, 0, -1, 3 ]
[ -6, 1, 0, -1, 0, 9, 0, 0, 17 ]
[ -6, 1, 0, -2, 0, 1, -1, 0, 9 ]
[ -1, 0, 9, 0, -1, 3, 0, 0, 17 ]
[ -2, 0, 1, 0, -1, 3, -1, 0, 9 ]
[ 17, 0, 0, -4, 1, 0, -2, 0, 1 ]
[ 1, 4, 0, 0, 17, 0, 0, 8, 1 ]
[ 4, -1, 0, 1, 4, 0, -2, 0, 1 ]
[ 1, 0, -9, -4, 1, 0, 0, 0, 17 ]
[ 2, 0, -1, -4, 1, 0, -1, 0, 9 ]
[ -1, -4, 0, 0, -1, 2, 0, 0, 17 ]
[ 1, 4, 0, 0, 8, 1, 0, -1, 2 ]
[ 0, -1, 2, 1, 4, 0, 0, 0, 17 ]
[ 2, 0, -1, 1, 4, 0, 0, -1, 2 ]
[ -4, 1, 0, -1, 0, 9, 0, 0, 17 ]
[ -4, 1, 0, -2, 0, 1, -1, 0, 9 ]
[ -1, 0, 9, 0, -1, 2, 0, 0, 17 ]
[ -2, 0, 1, 0, -1, 2, -1, 0, 9 ]
[ 17, 0, 0, -2, 1, 0, -2, 0, 1 ]
[ -1, 9, 0, 0, -1, 1, 0, 0, 17 ]
[ 1, -9, 0, 0, 17, 0, 0, -1, 1 ]
[ 0, 1, -1, -1, 9, 0, 0, 0, 17 ]
[ 2, -1, 0, -1, 9, 0, 0, -1, 1 ]
[ 1, 0, -9, -2, 1, 0, 0, 0, 17 ]
[ 2, 0, -1, -2, 1, 0, -1, 0, 9 ]
[ -1, 0, 9, 0, -1, 1, 0, 0, 17 ]
[ -2, 1, 0, -1, 0, 9, 0, 0, 17 ]
[ -2, 1, 0, 0, -1, 1, -1, 0, 9 ]
[ 17, 0, 0, 0, 1, 0, 2, 0, 1 ]
[ 1, 0, 9, 0, 1, 0, 0, 0, 17 ]
[ 2, 0, 1, 0, 1, 0, 1, 0, 9 ]
[ 17, 0, 0, -2, 1, 0, 2, 0, 1 ]
[ 1, -9, 0, 0, 1, 1, 0, 0, 17 ]
[ 1, -9, 0, 0, 17, 0, 0, 1, 1 ]
[ 0, 1, 1, -1, 9, 0, 0, 0, 17 ]
[ 2, -1, 0, -1, 9, 0, 0, 1, 1 ]
[ 1, 0, 9, -2, 1, 0, 0, 0, 17 ]
[ 2, 0, 1, -2, 1, 0, 1, 0, 9 ]
[ 1, -1, -9, 0, 1, 1, 0, 0, 17 ]
[ 2, -1, 0, -1, 1, 9, 0, 0, 17 ]
[ 2, -1, 0, 0, 1, 1, -1, 1, 9 ]
[ 17, 0, 0, -4, 1, 0, 2, 0, 1 ]
[ 1, 4, 0, 0, 17, 0, 0, -8, 1 ]
[ 4, -1, 0, 1, 4, 0, 2, 0, 1 ]
[ 1, 0, 9, -4, 1, 0, 0, 0, 17 ]
[ 2, 0, 1, -4, 1, 0, 1, 0, 9 ]
[ 1, 4, 0, 0, 1, 2, 0, 0, 17 ]
[ -1, -4, 0, 0, -8, 1, 0, 1, 2 ]
[ 0, -1, -2, 1, 4, 0, 0, 0, 17 ]
[ 2, 0, 1, 1, 4, 0, 0, 1, 2 ]
[ 4, -1, 0, 1, 0, 9, 0, 0, 17 ]
[ 4, -1, 0, 2, 0, 1, 1, 0, 9 ]
[ 1, 0, 9, 0, 1, 2, 0, 0, 17 ]
[ 2, 0, 1, 0, 1, 2, 1, 0, 9 ]
[ 17, 0, 0, -6, 1, 0, 2, 0, 1 ]
[ 1, -3, 0, 0, 17, 0, 0, 6, 1 ]
[ 6, -1, 0, -1, 3, 0, 2, 0, 1 ]
[ 1, 0, 9, -6, 1, 0, 0, 0, 17 ]
[ 2, 0, 1, -6, 1, 0, 1, 0, 9 ]
[ 1, -3, 0, 0, 1, 3, 0, 0, 17 ]
[ 1, -3, 0, 0, 6, 1, 0, 1, 3 ]
[ 0, 1, 3, -1, 3, 0, 0, 0, 17 ]
[ 2, 0, 1, -1, 3, 0, 0, 1, 3 ]
[ 6, -1, 0, 1, 0, 9, 0, 0, 17 ]
[ 6, -1, 0, 2, 0, 1, 1, 0, 9 ]
[ 1, 0, 9, 0, 1, 3, 0, 0, 17 ]
[ 2, 0, 1, 0, 1, 3, 1, 0, 9 ]
[ 17, 0, 0, -8, 1, 0, 2, 0, 1 ]
[ 1, 2, 0, 0, 17, 0, 0, -4, 1 ]
[ 8, -1, 0, 1, 2, 0, 2, 0, 1 ]
[ 1, 0, 9, -8, 1, 0, 0, 0, 17 ]
[ 2, 0, 1, -8, 1, 0, 1, 0, 9 ]
[ 1, 2, 0, 0, 1, 4, 0, 0, 17 ]
[ -1, -2, 0, 0, -4, 1, 0, 1, 4 ]
[ 0, -1, -4, 1, 2, 0, 0, 0, 17 ]
[ 2, 0, 1, 1, 2, 0, 0, 1, 4 ]
[ 8, -1, 0, 1, 0, 9, 0, 0, 17 ]
[ 8, -1, 0, 2, 0, 1, 1, 0, 9 ]
[ 1, 0, 9, 0, 1, 4, 0, 0, 17 ]
[ 2, 0, 1, 0, 1, 4, 1, 0, 9 ]
[ 17, 0, 0, 7, 1, 0, 2, 0, 1 ]
[ 7, 1, 0, -3, 2, 0, 2, 0, 1 ]
[ 1, 0, 9, 7, 1, 0, 0, 0, 17 ]
[ 2, 0, 1, 7, 1, 0, 1, 0, 9 ]
[ 1, 5, 0, 0, 17, 0, 0, 7, 1 ]
[ 3, -2, 0, 1, 5, 0, -1, 2, 1 ]
[ 2, -1, -4, -3, 2, 0, 0, 0, 17 ]
[ 2, 0, 1, -3, 2, 0, -2, 1, 4 ]
[ -7, -1, 0, 1, 0, 9, 0, 0, 17 ]
[ -7, -1, 0, 2, 0, 1, 1, 0, 9 ]
[ 1, 5, 0, 0, 7, 1, 0, -3, 2 ]
[ 1, -2, -1, 1, 5, 0, 0, -3, 2 ]
[ 1, -1, 4, -1, 2, 1, 0, 0, 17 ]
[ -3, 2, 0, 1, -1, 4, 0, 0, 17 ]
[ 3, -2, 0, -1, 2, 1, 1, -1, 4 ]
[ 1, 0, 9, -2, 1, 4, 0, 0, 17 ]
[ 2, 0, 1, -2, 1, 4, 1, 0, 9 ]
[ 1, 5, 0, 0, 1, 5, 0, 0, 17 ]
[ -1, -5, 0, 0, -3, 2, 0, 1, 5 ]
[ 0, -1, -5, 1, 5, 0, 0, 0, 17 ]
[ 0, -3, 2, 1, 5, 0, 0, 1, 5 ]
[ 1, -2, -1, 0, 1, 5, 0, 0, 17 ]
[ -1, 2, 1, 0, -3, 2, 0, 1, 5 ]
[ 17, 0, 0, 5, 1, 0, 2, 0, 1 ]
[ 5, 1, 0, -2, 3, 0, 2, 0, 1 ]
[ 1, 0, 9, 5, 1, 0, 0, 0, 17 ]
[ 2, 0, 1, 5, 1, 0, 1, 0, 9 ]
[ 1, -10, 0, 0, 17, 0, 0, 3, 1 ]
[ 2, -3, 0, -1, 10, 0, 0, 3, 1 ]
[ 1, -1, 3, -2, 3, 0, 0, 0, 17 ]
[ 2, 0, 1, -2, 3, 0, 1, -1, 3 ]
[ -5, -1, 0, 1, 0, 9, 0, 0, 17 ]
[ -5, -1, 0, 2, 0, 1, 1, 0, 9 ]
[ 1, -10, 0, 0, 1, 6, 0, 0, 17 ]
[ 1, -10, 0, 0, 3, 1, 0, 1, 6 ]
[ 0, 1, 6, -1, 10, 0, 0, 0, 17 ]
[ 0, 3, 1, -1, 10, 0, 0, 1, 6 ]
[ 2, -3, 0, -1, 2, 3, 0, 0, 17 ]
[ 2, -3, 0, 0, 3, 1, -1, 2, 3 ]
[ -1, 0, -9, 1, -1, 3, 0, 0, 17 ]
[ -2, 0, -1, 1, -1, 3, 1, 0, 9 ]
[ 1, -2, -3, 0, 1, 6, 0, 0, 17 ]
[ 1, -2, -3, 0, 3, 1, 0, 1, 6 ]
[ 17, 0, 0, 3, 1, 0, 2, 0, 1 ]
[ 1, 6, 0, 0, 17, 0, 0, 5, 1 ]
[ 3, 1, 0, 1, 6, 0, -1, -1, 1 ]
[ 1, 0, 9, 3, 1, 0, 0, 0, 17 ]
[ 2, 0, 1, 3, 1, 0, 1, 0, 9 ]
[ 1, 6, 0, 0, 5, 1, 0, -2, 3 ]
[ 1, 1, -1, 1, 6, 0, 0, -2, 3 ]
[ -1, 0, -9, -1, -1, 1, 0, 0, 17 ]
[ -3, -1, 0, 1, 0, 9, 0, 0, 17 ]
[ -3, -1, 0, -1, -1, 1, 1, 0, 9 ]
[ -1, -6, 0, 0, -1, 10, 0, 0, 17 ]
[ -1, -6, 0, 0, -2, 3, 0, -1, 10 ]
[ 0, -1, 10, 1, 6, 0, 0, 0, 17 ]
[ 0, -2, 3, 1, 6, 0, 0, -1, 10 ]
[ -1, -1, 1, 0, -1, 10, 0, 0, 17 ]
[ -1, -1, 1, 0, -2, 3, 0, -1, 10 ]
[ 1, 1, 0, 0, 17, 0, 0, -2, 1 ]
[ 17, 0, 0, 1, 1, 0, 2, 0, 1 ]
[ -1, -1, 0, 0, -1, 9, 0, 0, 17 ]
[ -1, -1, 0, 0, -2, 1, 0, -1, 9 ]
[ 1, 0, 9, 1, 1, 0, 0, 0, 17 ]
[ 2, 0, 1, 1, 1, 0, 1, 0, 9 ]
[ 1, -1, 0, 0, 17, 0, 0, 2, 1 ]
[ 17, 0, 0, -1, 1, 0, 2, 0, 1 ]
[ 1, -1, 0, 0, 1, 9, 0, 0, 17 ]
[ 1, -1, 0, 0, 2, 1, 0, 1, 9 ]
[ 1, 0, 9, -1, 1, 0, 0, 0, 17 ]
[ 2, 0, 1, -1, 1, 0, 1, 0, 9 ]
[ 17, 0, 0, -3, 1, 0, 2, 0, 1 ]
[ 1, -6, 0, 0, 17, 0, 0, -5, 1 ]
[ 3, -1, 0, -1, 6, 0, -1, 1, 1 ]
[ 1, 0, 9, -3, 1, 0, 0, 0, 17 ]
[ 2, 0, 1, -3, 1, 0, 1, 0, 9 ]
[ -1, 6, 0, 0, -5, 1, 0, 2, 3 ]
[ 1, -1, -1, -1, 6, 0, 0, 2, 3 ]
[ 2, -1, -9, -1, 1, 1, 0, 0, 17 ]
[ 3, -1, 0, -2, 1, 9, 0, 0, 17 ]
[ 3, -1, 0, -1, 1, 1, -2, 1, 9 ]
[ 1, -6, 0, 0, 1, 10, 0, 0, 17 ]
[ 1, -6, 0, 0, 2, 3, 0, 1, 10 ]
[ 0, 1, 10, -1, 6, 0, 0, 0, 17 ]
[ 0, 2, 3, -1, 6, 0, 0, 1, 10 ]
[ 1, -1, -1, 0, 1, 10, 0, 0, 17 ]
[ 1, -1, -1, 0, 2, 3, 0, 1, 10 ]
[ 17, 0, 0, -5, 1, 0, 2, 0, 1 ]
[ 5, -1, 0, 2, 3, 0, 2, 0, 1 ]
[ 1, 0, 9, -5, 1, 0, 0, 0, 17 ]
[ 2, 0, 1, -5, 1, 0, 1, 0, 9 ]
[ 1, 10, 0, 0, 17, 0, 0, -3, 1 ]
[ 2, 3, 0, 1, 10, 0, 0, -3, 1 ]
[ 1, 1, 3, 2, 3, 0, 0, 0, 17 ]
[ 2, 0, 1, 2, 3, 0, 1, 1, 3 ]
[ 5, -1, 0, 1, 0, 9, 0, 0, 17 ]
[ 5, -1, 0, 2, 0, 1, 1, 0, 9 ]
[ -1, -10, 0, 0, -1, 6, 0, 0, 17 ]
[ -1, -10, 0, 0, -3, 1, 0, -1, 6 ]
[ 0, -1, 6, 1, 10, 0, 0, 0, 17 ]
[ 0, -3, 1, 1, 10, 0, 0, -1, 6 ]
[ -2, -3, 0, 1, 1, 3, 0, 0, 17 ]
[ -2, -3, 0, 0, -3, 1, 1, 1, 3 ]
[ 1, 0, 9, 1, 1, 3, 0, 0, 17 ]
[ 2, 0, 1, 1, 1, 3, 1, 0, 9 ]
[ -1, -1, -3, 0, -1, 6, 0, 0, 17 ]
[ -1, -1, -3, 0, -3, 1, 0, -1, 6 ]
[ 17, 0, 0, -7, 1, 0, 2, 0, 1 ]
[ 7, -1, 0, 3, 2, 0, 2, 0, 1 ]
[ 1, 0, 9, -7, 1, 0, 0, 0, 17 ]
[ 2, 0, 1, -7, 1, 0, 1, 0, 9 ]
[ 1, -5, 0, 0, 17, 0, 0, -7, 1 ]
[ 3, 2, 0, -1, 5, 0, -1, -2, 1 ]
[ -1, -1, -4, 3, 2, 0, 0, 0, 17 ]
[ 2, 0, 1, 3, 2, 0, 1, 1, 4 ]
[ 7, -1, 0, 1, 0, 9, 0, 0, 17 ]
[ 7, -1, 0, 2, 0, 1, 1, 0, 9 ]
[ -1, 5, 0, 0, -7, 1, 0, 3, 2 ]
[ 1, 2, -1, -1, 5, 0, 0, 3, 2 ]
[ -1, -1, -4, -1, -2, 1, 0, 0, 17 ]
[ 3, 2, 0, 1, 1, 4, 0, 0, 17 ]
[ -3, -2, 0, -1, -2, 1, 1, 1, 4 ]
[ 1, 0, 9, 1, 1, 4, 0, 0, 17 ]
[ 2, 0, 1, 1, 1, 4, 1, 0, 9 ]
[ -1, 5, 0, 0, -1, 5, 0, 0, 17 ]
[ 1, -5, 0, 0, 3, 2, 0, -1, 5 ]
[ 0, 1, -5, -1, 5, 0, 0, 0, 17 ]
[ 0, 3, 2, -1, 5, 0, 0, -1, 5 ]
[ -1, -2, 1, 0, -1, 5, 0, 0, 17 ]
[ 1, 2, -1, 0, 3, 2, 0, -1, 5 ]
[ 17, 0, 0, 8, 1, 0, 2, 0, 1 ]
[ 1, -2, 0, 0, 17, 0, 0, 4, 1 ]
[ 8, 1, 0, -1, 2, 0, 2, 0, 1 ]
[ 1, 0, 9, 8, 1, 0, 0, 0, 17 ]
[ 2, 0, 1, 8, 1, 0, 1, 0, 9 ]
[ -1, 2, 0, 0, -1, 4, 0, 0, 17 ]
[ 1, -2, 0, 0, 4, 1, 0, -1, 4 ]
[ 1, -1, -4, -1, 2, 0, 0, 0, 17 ]
[ 2, 0, 1, -1, 2, 0, -1, 1, 4 ]
[ -8, -1, 0, 1, 0, 9, 0, 0, 17 ]
[ -8, -1, 0, 2, 0, 1, 1, 0, 9 ]
[ 1, 0, 9, -1, 1, 4, 0, 0, 17 ]
[ 2, 0, 1, -1, 1, 4, 1, 0, 9 ]
[ 17, 0, 0, 6, 1, 0, 2, 0, 1 ]
[ 1, 3, 0, 0, 17, 0, 0, -6, 1 ]
[ 6, 1, 0, 1, 3, 0, 2, 0, 1 ]
[ 1, 0, 9, 6, 1, 0, 0, 0, 17 ]
[ 2, 0, 1, 6, 1, 0, 1, 0, 9 ]
[ -1, -3, 0, 0, -1, 3, 0, 0, 17 ]
[ -1, -3, 0, 0, -6, 1, 0, -1, 3 ]
[ 0, -1, 3, 1, 3, 0, 0, 0, 17 ]
[ 2, 0, 1, 1, 3, 0, 0, -1, 3 ]
[ -6, -1, 0, 1, 0, 9, 0, 0, 17 ]
[ -6, -1, 0, 2, 0, 1, 1, 0, 9 ]
[ -1, 0, -9, 0, -1, 3, 0, 0, 17 ]
[ -2, 0, -1, 0, -1, 3, 1, 0, 9 ]
[ 17, 0, 0, 4, 1, 0, 2, 0, 1 ]
[ 1, -4, 0, 0, 17, 0, 0, 8, 1 ]
[ 4, 1, 0, -1, 4, 0, 2, 0, 1 ]
[ 1, 0, 9, 4, 1, 0, 0, 0, 17 ]
[ 2, 0, 1, 4, 1, 0, 1, 0, 9 ]
[ -1, 4, 0, 0, -1, 2, 0, 0, 17 ]
[ 1, -4, 0, 0, 8, 1, 0, -1, 2 ]
[ 0, 1, -2, -1, 4, 0, 0, 0, 17 ]
[ 2, 0, 1, -1, 4, 0, 0, -1, 2 ]
[ -4, -1, 0, 1, 0, 9, 0, 0, 17 ]
[ -4, -1, 0, 2, 0, 1, 1, 0, 9 ]
[ -1, 0, -9, 0, -1, 2, 0, 0, 17 ]
[ -2, 0, -1, 0, -1, 2, 1, 0, 9 ]
[ 17, 0, 0, 2, 1, 0, 2, 0, 1 ]
[ -1, -9, 0, 0, -1, 1, 0, 0, 17 ]
[ 1, 9, 0, 0, 17, 0, 0, -1, 1 ]
[ 0, -1, 1, 1, 9, 0, 0, 0, 17 ]
[ 2, 1, 0, 1, 9, 0, 0, -1, 1 ]
[ 1, 0, 9, 2, 1, 0, 0, 0, 17 ]
[ 2, 0, 1, 2, 1, 0, 1, 0, 9 ]
[ -1, 0, -9, 0, -1, 1, 0, 0, 17 ]
[ -2, -1, 0, 1, 0, 9, 0, 0, 17 ]
[ -2, -1, 0, 0, -1, 1, 1, 0, 9 ]
[ 17, 0, 0, 0, 1, 0, -5, 0, 1 ]
[ 5, 0, -1, 0, 1, 0, 2, 0, 3 ]
[ 1, 0, 10, 0, 1, 0, 0, 0, 17 ]
[ 2, 0, 3, 0, 1, 0, 1, 0, 10 ]
[ 17, 0, 0, 5, 1, 0, -5, 0, 1 ]
[ 5, 1, 0, -2, 3, 0, 0, 1, 1 ]
[ 5, 0, -1, 5, 1, 0, 2, 0, 3 ]
[ 1, -10, 0, 0, 1, 1, 0, 0, 17 ]
[ 1, -10, 0, 0, 17, 0, 0, 1, 1 ]
[ 0, 1, 1, -1, 10, 0, 0, 0, 17 ]
[ 2, -3, 0, -1, 10, 0, 0, 1, 1 ]
[ -1, 2, 9, -2, 3, 0, 0, 0, 17 ]
[ 0, 1, 1, -1, 2, 9, 0, 0, 17 ]
[ 0, 1, 1, -2, 3, 0, -1, 2, 9 ]
[ 5, 1, 0, 0, 1, 1, 2, 0, 3 ]
[ 1, 0, 10, 5, 1, 0, 0, 0, 17 ]
[ 2, 0, 3, 5, 1, 0, 1, 0, 10 ]
[ 1, -2, -9, 0, 1, 1, 0, 0, 17 ]
[ 2, -3, 0, -1, 2, 9, 0, 0, 17 ]
[ 2, -3, 0, 0, 1, 1, -1, 2, 9 ]
[ 1, 0, 10, 0, 1, 1, 0, 0, 17 ]
[ 2, 0, 3, 0, 1, 1, 1, 0, 10 ]
[ -5, -1, 0, 1, 0, 10, 0, 0, 17 ]
[ -5, -1, 0, 2, 0, 3, 1, 0, 10 ]
[ 17, 0, 0, -7, 1, 0, -5, 0, 1 ]
[ 7, -1, 0, 3, 2, 0, 2, -1, 1 ]
[ 5, 0, -1, -7, 1, 0, 2, 0, 3 ]
[ 1, -5, 0, 0, 17, 0, 0, -8, 1 ]
[ 3, 2, 0, -1, 5, 0, -1, -3, 1 ]
[ 2, -1, 1, 3, 2, 0, 0, 1, 2 ]
[ -7, 1, 0, 2, -1, 1, 2, 0, 3 ]
[ 1, 0, 10, -7, 1, 0, 0, 0, 17 ]
[ 2, 0, 3, -7, 1, 0, 1, 0, 10 ]
[ 1, -5, 0, 0, 1, 2, 0, 0, 17 ]
[ -1, 5, 0, 0, -8, 1, 0, 1, 2 ]
[ 0, 1, 2, -1, 5, 0, 0, 0, 17 ]
[ 1, 3, -1, 0, 1, 2, 0, 0, 17 ]
[ 1, 3, -1, -1, 5, 0, 0, 1, 2 ]
[ 0, 1, 2, -1, -3, 1, 0, 0, 17 ]
[ -3, -2, 0, -1, -3, 1, 0, 1, 2 ]
[ -1, -1, 5, 3, 2, 0, 0, 0, 17 ]
[ 0, 1, 2, -1, -1, 5, 0, 0, 17 ]
[ 0, -1, -2, 3, 2, 0, -1, -1, 5 ]
[ 1, 0, 10, 0, 1, 2, 0, 0, 17 ]
[ 2, -1, 1, 1, 0, 10, 0, 0, 17 ]
[ 2, -1, 1, 0, 1, 2, 1, 0, 10 ]
[ -1, 0, -10, 2, -1, 1, 0, 0, 17 ]
[ -2, 0, -3, 2, -1, 1, 1, 0, 10 ]
[ 7, -1, 0, 1, 0, 10, 0, 0, 17 ]
[ 7, -1, 0, 2, 0, 3, 1, 0, 10 ]
[ 1, 1, -5, 0, 1, 2, 0, 0, 17 ]
[ -3, -2, 0, -1, -1, 5, 0, 0, 17 ]
[ 3, 2, 0, 0, 1, 2, -1, -1, 5 ]
[ 17, 0, 0, -2, 1, 0, -5, 0, 1 ]
[ 1, -9, 0, 0, 17, 0, 0, 6, 1 ]
[ 2, -1, 0, -1, 9, 0, 1, -3, 1 ]
[ 5, 0, -1, -2, 1, 0, 2, 0, 3 ]
[ 1, -9, 0, 0, 1, 3, 0, 0, 17 ]
[ 1, -9, 0, 0, 6, 1, 0, 1, 3 ]
[ 0, 1, 3, -1, 9, 0, 0, 0, 17 ]
[ 1, -3, 1, 0, 1, 3, 0, 0, 17 ]
[ 1, -3, 1, -1, 9, 0, 0, 1, 3 ]
[ 0, -1, -3, 1, -3, 1, 0, 0, 17 ]
[ -2, 1, 0, 1, -3, 1, 0, 1, 3 ]
[ 1, 0, 10, -2, 1, 0, 0, 0, 17 ]
[ 2, 0, 3, -2, 1, 0, 1, 0, 10 ]
[ 1, -1, -10, 0, 1, 3, 0, 0, 17 ]
[ 2, -1, 0, -1, 1, 10, 0, 0, 17 ]
[ 2, -1, 0, 0, 1, 3, -1, 1, 10 ]
[ 17, 0, 0, 3, 1, 0, -5, 0, 1 ]
[ 1, 6, 0, 0, 17, 0, 0, -4, 1 ]
[ 3, 1, 0, 1, 6, 0, 1, 2, 1 ]
[ 5, 0, -1, 3, 1, 0, 2, 0, 3 ]
[ 1, 6, 0, 0, 1, 4, 0, 0, 17 ]
[ -1, -6, 0, 0, -4, 1, 0, 1, 4 ]
[ 0, -1, -4, 1, 6, 0, 0, 0, 17 ]
[ 1, 2, 1, 0, 1, 4, 0, 0, 17 ]
[ 1, 2, 1, 1, 6, 0, 0, 1, 4 ]
[ 1, 1, -3, 1, 2, 1, 0, 0, 17 ]
[ 3, 1, 0, 1, 2, 1, -1, -1, 3 ]
[ 1, 0, 10, 3, 1, 0, 0, 0, 17 ]
[ 2, 0, 3, 3, 1, 0, 1, 0, 10 ]
[ -1, 0, -10, -1, -1, 3, 0, 0, 17 ]
[ -3, -1, 0, 1, 0, 10, 0, 0, 17 ]
[ -3, -1, 0, -1, -1, 3, 1, 0, 10 ]
[ 17, 0, 0, 8, 1, 0, -5, 0, 1 ]
[ 1, -2, 0, 0, 17, 0, 0, 7, 1 ]
[ 8, 1, 0, -1, 2, 0, 3, 1, 1 ]
[ 5, 0, -1, 8, 1, 0, 2, 0, 3 ]
[ 1, -2, 0, 0, 7, 1, 0, -3, 2 ]
[ 3, 1, 1, -1, 2, 0, -1, -1, 2 ]
[ 8, 1, 0, 3, 1, 1, 2, 0, 3 ]
[ 1, 0, 10, 8, 1, 0, 0, 0, 17 ]
[ 2, 0, 3, 8, 1, 0, 1, 0, 10 ]
[ 1, -2, 0, 0, 1, 5, 0, 0, 17 ]
[ -1, 2, 0, 0, -3, 2, 0, 1, 5 ]
[ 0, 1, 5, -1, 2, 0, 0, 0, 17 ]
[ 1, 1, -2, 0, 1, 5, 0, 0, 17 ]
[ 1, 1, -2, -1, 2, 0, 0, 1, 5 ]
[ -1, 0, -10, -1, -1, 2, 0, 0, 17 ]
[ -3, -1, -1, 1, 0, 10, 0, 0, 17 ]
[ -3, -1, -1, -1, -1, 2, 1, 0, 10 ]
[ 1, 0, 10, 3, 1, 1, 0, 0, 17 ]
[ 2, 0, 3, 3, 1, 1, 1, 0, 10 ]
[ -8, -1, 0, 1, 0, 10, 0, 0, 17 ]
[ -8, -1, 0, 2, 0, 3, 1, 0, 10 ]
[ 17, 0, 0, -4, 1, 0, -5, 0, 1 ]
[ 1, 4, 0, 0, 17, 0, 0, 3, 1 ]
[ 4, -1, 0, 1, 4, 0, -1, -1, 1 ]
[ 5, 0, -1, -4, 1, 0, 2, 0, 3 ]
[ 1, 4, 0, 0, 1, 6, 0, 0, 17 ]
[ 1, 4, 0, 0, 3, 1, 0, 1, 6 ]
[ 0, -1, -6, 1, 4, 0, 0, 0, 17 ]
[ 1, 1, -1, 0, 1, 6, 0, 0, 17 ]
[ 1, 1, -1, 1, 4, 0, 0, 1, 6 ]
[ -4, 1, 0, -1, -1, 1, 2, 0, 3 ]
[ 1, 0, 10, -4, 1, 0, 0, 0, 17 ]
[ 2, 0, 3, -4, 1, 0, 1, 0, 10 ]
[ -1, 0, -10, -1, -1, 1, 0, 0, 17 ]
[ -2, 0, -3, -1, -1, 1, 1, 0, 10 ]
[ 4, -1, 0, 1, 0, 10, 0, 0, 17 ]
[ 4, -1, 0, 2, 0, 3, 1, 0, 10 ]
[ 1, 1, 0, 0, 17, 0, 0, 5, 1 ]
[ 17, 0, 0, 1, 1, 0, -5, 0, 1 ]
[ 1, 1, 0, 0, 5, 1, 0, -2, 3 ]
[ 5, 0, -1, 1, 1, 0, 2, 0, 3 ]
[ -1, -1, 0, 0, -1, 10, 0, 0, 17 ]
[ -1, -1, 0, 0, -2, 3, 0, -1, 10 ]
[ 1, 0, 10, 1, 1, 0, 0, 0, 17 ]
[ 2, 0, 3, 1, 1, 0, 1, 0, 10 ]
[ 17, 0, 0, 6, 1, 0, -5, 0, 1 ]
[ 1, 3, 0, 0, 17, 0, 0, -2, 1 ]
[ 6, 1, 0, 1, 3, 0, 1, 1, 1 ]
[ 5, 0, -1, 6, 1, 0, 2, 0, 3 ]
[ -1, -3, 0, 0, -1, 9, 0, 0, 17 ]
[ -1, -3, 0, 0, -2, 1, 0, -1, 9 ]
[ 1, 2, 9, 1, 3, 0, 0, 0, 17 ]
[ 1, 1, 1, 1, 2, 9, 0, 0, 17 ]
[ 1, 1, 1, 1, 3, 0, 1, 2, 9 ]
[ 6, 1, 0, 1, 1, 1, 2, 0, 3 ]
[ 1, 0, 10, 6, 1, 0, 0, 0, 17 ]
[ 2, 0, 3, 6, 1, 0, 1, 0, 10 ]
[ 1, 0, 10, 1, 1, 1, 0, 0, 17 ]
[ 2, 0, 3, 1, 1, 1, 1, 0, 10 ]
[ -6, -1, 0, 1, 0, 10, 0, 0, 17 ]
[ -6, -1, 0, 2, 0, 3, 1, 0, 10 ]
[ 17, 0, 0, -6, 1, 0, -5, 0, 1 ]
[ 1, -3, 0, 0, 17, 0, 0, 2, 1 ]
[ 6, -1, 0, -1, 3, 0, 1, -1, 1 ]
[ 5, 0, -1, -6, 1, 0, 2, 0, 3 ]
[ 1, -3, 0, 0, 1, 9, 0, 0, 17 ]
[ 1, -3, 0, 0, 2, 1, 0, 1, 9 ]
[ 0, 1, 9, -1, 3, 0, 0, 0, 17 ]
[ 1, -1, 1, 0, 1, 9, 0, 0, 17 ]
[ 1, -1, 1, -1, 3, 0, 0, 1, 9 ]
[ -6, 1, 0, 1, -1, 1, 2, 0, 3 ]
[ 1, 0, 10, -6, 1, 0, 0, 0, 17 ]
[ 2, 0, 3, -6, 1, 0, 1, 0, 10 ]
[ -1, 0, -10, 1, -1, 1, 0, 0, 17 ]
[ -2, 0, -3, 1, -1, 1, 1, 0, 10 ]
[ 6, -1, 0, 1, 0, 10, 0, 0, 17 ]
[ 6, -1, 0, 2, 0, 3, 1, 0, 10 ]
[ 1, -1, 0, 0, 17, 0, 0, -5, 1 ]
[ 17, 0, 0, -1, 1, 0, -5, 0, 1 ]
[ -1, 1, 0, 0, -5, 1, 0, 2, 3 ]
[ 5, 0, -1, -1, 1, 0, 2, 0, 3 ]
[ 1, -1, 0, 0, 1, 10, 0, 0, 17 ]
[ 1, -1, 0, 0, 2, 3, 0, 1, 10 ]
[ 1, 0, 10, -1, 1, 0, 0, 0, 17 ]
[ 2, 0, 3, -1, 1, 0, 1, 0, 10 ]
[ 17, 0, 0, 4, 1, 0, -5, 0, 1 ]
[ 1, -4, 0, 0, 17, 0, 0, -3, 1 ]
[ 4, 1, 0, -1, 4, 0, -1, 1, 1 ]
[ 5, 0, -1, 4, 1, 0, 2, 0, 3 ]
[ -1, 4, 0, 0, -1, 6, 0, 0, 17 ]
[ -1, 4, 0, 0, -3, 1, 0, -1, 6 ]
[ 0, 1, -6, -1, 4, 0, 0, 0, 17 ]
[ -1, 1, 1, 0, -1, 6, 0, 0, 17 ]
[ 1, -1, -1, -1, 4, 0, 0, -1, 6 ]
[ 4, 1, 0, -1, 1, 1, 2, 0, 3 ]
[ 1, 0, 10, 4, 1, 0, 0, 0, 17 ]
[ 2, 0, 3, 4, 1, 0, 1, 0, 10 ]
[ 1, 0, 10, -1, 1, 1, 0, 0, 17 ]
[ 2, 0, 3, -1, 1, 1, 1, 0, 10 ]
[ -4, -1, 0, 1, 0, 10, 0, 0, 17 ]
[ -4, -1, 0, 2, 0, 3, 1, 0, 10 ]
[ 17, 0, 0, -8, 1, 0, -5, 0, 1 ]
[ 1, 2, 0, 0, 17, 0, 0, -7, 1 ]
[ 8, -1, 0, 1, 2, 0, 3, -1, 1 ]
[ 5, 0, -1, -8, 1, 0, 2, 0, 3 ]
[ -1, -2, 0, 0, -7, 1, 0, 3, 2 ]
[ 3, -1, 1, 1, 2, 0, -1, 1, 2 ]
[ -8, 1, 0, 3, -1, 1, 2, 0, 3 ]
[ 1, 0, 10, -8, 1, 0, 0, 0, 17 ]
[ 2, 0, 3, -8, 1, 0, 1, 0, 10 ]
[ -1, -2, 0, 0, -1, 5, 0, 0, 17 ]
[ 1, 2, 0, 0, 3, 2, 0, -1, 5 ]
[ 0, -1, 5, 1, 2, 0, 0, 0, 17 ]
[ -1, 1, 2, 0, -1, 5, 0, 0, 17 ]
[ 1, -1, -2, 1, 2, 0, 0, -1, 5 ]
[ 1, 0, 10, -1, 1, 2, 0, 0, 17 ]
[ 3, -1, 1, 1, 0, 10, 0, 0, 17 ]
[ 3, -1, 1, -1, 1, 2, 1, 0, 10 ]
[ -1, 0, -10, 3, -1, 1, 0, 0, 17 ]
[ -2, 0, -3, 3, -1, 1, 1, 0, 10 ]
[ 8, -1, 0, 1, 0, 10, 0, 0, 17 ]
[ 8, -1, 0, 2, 0, 3, 1, 0, 10 ]
[ 17, 0, 0, -3, 1, 0, -5, 0, 1 ]
[ 1, -6, 0, 0, 17, 0, 0, 4, 1 ]
[ 3, -1, 0, -1, 6, 0, 1, -2, 1 ]
[ 5, 0, -1, -3, 1, 0, 2, 0, 3 ]
[ -1, 6, 0, 0, -1, 4, 0, 0, 17 ]
[ 1, -6, 0, 0, 4, 1, 0, -1, 4 ]
[ 0, 1, -4, -1, 6, 0, 0, 0, 17 ]
[ -1, 2, -1, 0, -1, 4, 0, 0, 17 ]
[ 1, -2, 1, -1, 6, 0, 0, -1, 4 ]
[ -1, 1, 3, 1, -2, 1, 0, 0, 17 ]
[ -3, 1, 0, 1, -2, 1, -1, 1, 3 ]
[ 1, 0, 10, -3, 1, 0, 0, 0, 17 ]
[ 2, 0, 3, -3, 1, 0, 1, 0, 10 ]
[ 2, -1, -10, -1, 1, 3, 0, 0, 17 ]
[ 3, -1, 0, -2, 1, 10, 0, 0, 17 ]
[ 3, -1, 0, -1, 1, 3, -2, 1, 10 ]
[ 17, 0, 0, 2, 1, 0, -5, 0, 1 ]
[ 1, 9, 0, 0, 17, 0, 0, -6, 1 ]
[ 2, 1, 0, 1, 9, 0, 1, 3, 1 ]
[ 5, 0, -1, 2, 1, 0, 2, 0, 3 ]
[ -1, -9, 0, 0, -1, 3, 0, 0, 17 ]
[ -1, -9, 0, 0, -6, 1, 0, -1, 3 ]
[ 0, -1, 3, 1, 9, 0, 0, 0, 17 ]
[ -1, -3, -1, 0, -1, 3, 0, 0, 17 ]
[ 1, 3, 1, 1, 9, 0, 0, -1, 3 ]
[ 0, -1, 3, 1, 3, 1, 0, 0, 17 ]
[ 2, 1, 0, 1, 3, 1, 0, -1, 3 ]
[ 1, 0, 10, 2, 1, 0, 0, 0, 17 ]
[ 2, 0, 3, 2, 1, 0, 1, 0, 10 ]
[ -1, 0, -10, 0, -1, 3, 0, 0, 17 ]
[ -2, -1, 0, 1, 0, 10, 0, 0, 17 ]
[ -2, -1, 0, 0, -1, 3, 1, 0, 10 ]
[ 17, 0, 0, 7, 1, 0, -5, 0, 1 ]
[ 7, 1, 0, -3, 2, 0, 2, 1, 1 ]
[ 5, 0, -1, 7, 1, 0, 2, 0, 3 ]
[ 1, 5, 0, 0, 17, 0, 0, 8, 1 ]
[ 3, -2, 0, 1, 5, 0, -1, 3, 1 ]
[ 2, 1, 1, -3, 2, 0, 0, -1, 2 ]
[ 7, 1, 0, 2, 1, 1, 2, 0, 3 ]
[ 1, 0, 10, 7, 1, 0, 0, 0, 17 ]
[ 2, 0, 3, 7, 1, 0, 1, 0, 10 ]
[ -1, -5, 0, 0, -1, 2, 0, 0, 17 ]
[ 1, 5, 0, 0, 8, 1, 0, -1, 2 ]
[ 0, -1, 2, 1, 5, 0, 0, 0, 17 ]
[ -1, 3, 1, 0, -1, 2, 0, 0, 17 ]
[ 1, -3, -1, 1, 5, 0, 0, -1, 2 ]
[ 0, 1, -2, -1, 3, 1, 0, 0, 17 ]
[ 3, -2, 0, -1, 3, 1, 0, -1, 2 ]
[ -1, 1, 5, -3, 2, 0, 0, 0, 17 ]
[ 0, 1, -2, -1, 1, 5, 0, 0, 17 ]
[ 0, 1, -2, -3, 2, 0, -1, 1, 5 ]
[ -1, 0, -10, 0, -1, 2, 0, 0, 17 ]
[ -2, -1, -1, 1, 0, 10, 0, 0, 17 ]
[ -2, -1, -1, 0, -1, 2, 1, 0, 10 ]
[ 1, 0, 10, 2, 1, 1, 0, 0, 17 ]
[ 2, 0, 3, 2, 1, 1, 1, 0, 10 ]
[ -7, -1, 0, 1, 0, 10, 0, 0, 17 ]
[ -7, -1, 0, 2, 0, 3, 1, 0, 10 ]
[ -1, 1, 5, 0, -1, 2, 0, 0, 17 ]
[ 3, -2, 0, -1, 1, 5, 0, 0, 17 ]
[ -3, 2, 0, 0, -1, 2, -1, 1, 5 ]
[ 17, 0, 0, -5, 1, 0, -5, 0, 1 ]
[ 5, -1, 0, 2, 3, 0, 0, -1, 1 ]
[ 5, 0, -1, -5, 1, 0, 2, 0, 3 ]
[ -1, -10, 0, 0, -1, 1, 0, 0, 17 ]
[ 1, 10, 0, 0, 17, 0, 0, -1, 1 ]
[ 0, -1, 1, 1, 10, 0, 0, 0, 17 ]
[ 2, 3, 0, 1, 10, 0, 0, -1, 1 ]
[ 1, 1, 9, 2, 3, 0, 0, 0, 17 ]
[ 0, -1, 1, 1, 1, 9, 0, 0, 17 ]
[ 0, -1, 1, 2, 3, 0, 1, 1, 9 ]
[ -5, 1, 0, 0, -1, 1, 2, 0, 3 ]
[ 1, 0, 10, -5, 1, 0, 0, 0, 17 ]
[ 2, 0, 3, -5, 1, 0, 1, 0, 10 ]
[ -1, -1, -9, 0, -1, 1, 0, 0, 17 ]
[ -2, -3, 0, 1, 1, 9, 0, 0, 17 ]
[ -2, -3, 0, 0, -1, 1, 1, 1, 9 ]
[ -1, 0, -10, 0, -1, 1, 0, 0, 17 ]
[ -2, 0, -3, 0, -1, 1, 1, 0, 10 ]
[ 5, -1, 0, 1, 0, 10, 0, 0, 17 ]
[ 5, -1, 0, 2, 0, 3, 1, 0, 10 ]
[ 17, 0, 0, 0, 1, 0, -3, 0, 1 ]
[ 1, 0, -6, 0, 1, 0, 0, 0, 17 ]
[ 3, 0, -1, 0, 1, 0, -1, 0, 6 ]
[ 17, 0, 0, 3, 1, 0, -3, 0, 1 ]
[ 1, 6, 0, 0, 1, 1, 0, 0, 17 ]
[ 1, 6, 0, 0, 17, 0, 0, 1, 1 ]
[ 0, -1, -1, 1, 6, 0, 0, 0, 17 ]
[ 3, 1, 0, 1, 6, 0, 0, 1, 1 ]
[ 1, 0, -6, 3, 1, 0, 0, 0, 17 ]
[ 3, 0, -1, 3, 1, 0, -1, 0, 6 ]
[ 1, 0, -6, 0, 1, 1, 0, 0, 17 ]
[ 3, 1, 0, -1, 0, 6, 0, 0, 17 ]
[ 3, 1, 0, 0, 1, 1, -1, 0, 6 ]
[ 17, 0, 0, 6, 1, 0, -3, 0, 1 ]
[ 1, 3, 0, 0, 17, 0, 0, -8, 1 ]
[ 6, 1, 0, 1, 3, 0, 3, 1, 1 ]
[ 1, 0, -6, 6, 1, 0, 0, 0, 17 ]
[ 3, 0, -1, 6, 1, 0, -1, 0, 6 ]
[ 1, 3, 0, 0, 1, 2, 0, 0, 17 ]
[ -1, -3, 0, 0, -8, 1, 0, 1, 2 ]
[ 0, -1, -2, 1, 3, 0, 0, 0, 17 ]
[ 3, 1, 1, 1, 3, 0, 0, 1, 2 ]
[ 1, 0, -6, 3, 1, 1, 0, 0, 17 ]
[ 6, 1, 0, -1, 0, 6, 0, 0, 17 ]
[ 6, 1, 0, 3, 1, 1, -1, 0, 6 ]
[ 1, 0, -6, 0, 1, 2, 0, 0, 17 ]
[ 3, 1, 1, -1, 0, 6, 0, 0, 17 ]
[ 3, 1, 1, 0, 1, 2, -1, 0, 6 ]
[ 17, 0, 0, -8, 1, 0, -3, 0, 1 ]
[ 1, 2, 0, 0, 17, 0, 0, 6, 1 ]
[ 8, -1, 0, 1, 2, 0, -3, 0, 1 ]
[ 1, 0, -6, -8, 1, 0, 0, 0, 17 ]
[ 3, 0, -1, -8, 1, 0, -1, 0, 6 ]
[ 1, 2, 0, 0, 1, 3, 0, 0, 17 ]
[ 1, 2, 0, 0, 6, 1, 0, 1, 3 ]
[ 0, -1, -3, 1, 2, 0, 0, 0, 17 ]
[ 3, 0, -1, 1, 2, 0, 0, 1, 3 ]
[ -8, 1, 0, -1, 0, 6, 0, 0, 17 ]
[ -8, 1, 0, -3, 0, 1, -1, 0, 6 ]
[ 1, 0, -6, 0, 1, 3, 0, 0, 17 ]
[ 3, 0, -1, 0, 1, 3, -1, 0, 6 ]
[ 17, 0, 0, -5, 1, 0, -3, 0, 1 ]
[ 5, -1, 0, 2, 3, 0, 2, -1, 1 ]
[ 1, 0, -6, -5, 1, 0, 0, 0, 17 ]
[ 3, 0, -1, -5, 1, 0, -1, 0, 6 ]
[ 1, 10, 0, 0, 17, 0, 0, -4, 1 ]
[ 2, 3, 0, 1, 10, 0, 0, -4, 1 ]
[ 1, 1, -2, 2, 3, 0, 0, 0, 17 ]
[ 2, -1, 1, 2, 3, 0, -1, -1, 2 ]
[ -1, 0, 6, 2, -1, 1, 0, 0, 17 ]
[ -5, 1, 0, -1, 0, 6, 0, 0, 17 ]
[ -5, 1, 0, 2, -1, 1, -1, 0, 6 ]
[ 1, 10, 0, 0, 1, 4, 0, 0, 17 ]
[ -1, -10, 0, 0, -4, 1, 0, 1, 4 ]
[ 0, -1, -4, 1, 10, 0, 0, 0, 17 ]
[ 0, -4, 1, 1, 10, 0, 0, 1, 4 ]
[ 2, 3, 0, 1, 2, 2, 0, 0, 17 ]
[ -2, -3, 0, 0, -4, 1, 1, 2, 2 ]
[ -1, 0, 6, -1, -1, 2, 0, 0, 17 ]
[ -2, 1, -1, -1, 0, 6, 0, 0, 17 ]
[ -2, 1, -1, -1, -1, 2, -1, 0, 6 ]
[ 1, 2, 2, 0, 1, 4, 0, 0, 17 ]
[ -1, -2, -2, 0, -4, 1, 0, 1, 4 ]
[ 17, 0, 0, -2, 1, 0, -3, 0, 1 ]
[ 1, -9, 0, 0, 17, 0, 0, 7, 1 ]
[ 2, -1, 0, -1, 9, 0, 1, -2, 1 ]
[ 1, 0, -6, -2, 1, 0, 0, 0, 17 ]
[ 3, 0, -1, -2, 1, 0, -1, 0, 6 ]
[ 1, -9, 0, 0, 7, 1, 0, -3, 2 ]
[ 1, -2, 1, -1, 9, 0, 0, -3, 2 ]
[ -1, 1, -6, 1, -2, 1, 0, 0, 17 ]
[ -2, 1, 0, 1, -1, 6, 0, 0, 17 ]
[ -2, 1, 0, 1, -2, 1, 1, -1, 6 ]
[ 1, -9, 0, 0, 1, 5, 0, 0, 17 ]
[ -1, 9, 0, 0, -3, 2, 0, 1, 5 ]
[ 0, 1, 5, -1, 9, 0, 0, 0, 17 ]
[ 0, 3, -2, -1, 9, 0, 0, 1, 5 ]
[ 1, -2, 1, 0, 1, 5, 0, 0, 17 ]
[ -1, 2, -1, 0, -3, 2, 0, 1, 5 ]
[ 1, 1, 0, 0, 17, 0, 0, 3, 1 ]
[ 17, 0, 0, 1, 1, 0, -3, 0, 1 ]
[ 1, 1, 0, 0, 1, 6, 0, 0, 17 ]
[ 1, 1, 0, 0, 3, 1, 0, 1, 6 ]
[ 1, 0, -6, 1, 1, 0, 0, 0, 17 ]
[ 3, 0, -1, 1, 1, 0, -1, 0, 6 ]
[ 17, 0, 0, 4, 1, 0, -3, 0, 1 ]
[ 1, -4, 0, 0, 17, 0, 0, 5, 1 ]
[ 4, 1, 0, -1, 4, 0, 1, 1, 1 ]
[ 1, 0, -6, 4, 1, 0, 0, 0, 17 ]
[ 3, 0, -1, 4, 1, 0, -1, 0, 6 ]
[ 1, -4, 0, 0, 5, 1, 0, -2, 3 ]
[ 1, 1, 1, -1, 4, 0, 0, -2, 3 ]
[ 1, 0, -6, 1, 1, 1, 0, 0, 17 ]
[ 4, 1, 0, -1, 0, 6, 0, 0, 17 ]
[ 4, 1, 0, 1, 1, 1, -1, 0, 6 ]
[ -1, 4, 0, 0, -1, 10, 0, 0, 17 ]
[ -1, 4, 0, 0, -2, 3, 0, -1, 10 ]
[ 0, 1, -10, -1, 4, 0, 0, 0, 17 ]
[ 0, 2, -3, -1, 4, 0, 0, -1, 10 ]
[ -1, -1, -1, 0, -1, 10, 0, 0, 17 ]
[ -1, -1, -1, 0, -2, 3, 0, -1, 10 ]
[ 17, 0, 0, 7, 1, 0, -3, 0, 1 ]
[ 7, 1, 0, -3, 2, 0, -3, 0, 1 ]
[ 1, 0, -6, 7, 1, 0, 0, 0, 17 ]
[ 3, 0, -1, 7, 1, 0, -1, 0, 6 ]
[ 1, 5, 0, 0, 17, 0, 0, -2, 1 ]
[ 3, -2, 0, 1, 5, 0, 0, -2, 1 ]
[ 2, -1, -3, -3, 2, 0, 0, 0, 17 ]
[ 3, 0, -1, -3, 2, 0, -2, 1, 3 ]
[ 7, 1, 0, -1, 0, 6, 0, 0, 17 ]
[ 7, 1, 0, -3, 0, 1, -1, 0, 6 ]
[ -1, -5, 0, 0, -1, 9, 0, 0, 17 ]
[ -1, -5, 0, 0, -2, 1, 0, -1, 9 ]
[ 0, -1, 9, 1, 5, 0, 0, 0, 17 ]
[ 0, -2, 1, 1, 5, 0, 0, -1, 9 ]
[ -3, 2, 0, 1, -1, 3, 0, 0, 17 ]
[ -3, 2, 0, 0, -2, 1, 1, -1, 3 ]
[ 1, 0, -6, -2, 1, 3, 0, 0, 17 ]
[ 3, 0, -1, -2, 1, 3, -1, 0, 6 ]
[ -1, 1, -3, 0, -1, 9, 0, 0, 17 ]
[ -1, 1, -3, 0, -2, 1, 0, -1, 9 ]
[ 17, 0, 0, -7, 1, 0, -3, 0, 1 ]
[ 7, -1, 0, 3, 2, 0, -3, 0, 1 ]
[ 1, 0, -6, -7, 1, 0, 0, 0, 17 ]
[ 3, 0, -1, -7, 1, 0, -1, 0, 6 ]
[ 1, -5, 0, 0, 17, 0, 0, 2, 1 ]
[ 3, 2, 0, -1, 5, 0, 0, 2, 1 ]
[ -1, -1, -3, 3, 2, 0, 0, 0, 17 ]
[ 3, 0, -1, 3, 2, 0, 1, 1, 3 ]
[ -7, 1, 0, -1, 0, 6, 0, 0, 17 ]
[ -7, 1, 0, -3, 0, 1, -1, 0, 6 ]
[ 1, -5, 0, 0, 1, 9, 0, 0, 17 ]
[ 1, -5, 0, 0, 2, 1, 0, 1, 9 ]
[ 0, 1, 9, -1, 5, 0, 0, 0, 17 ]
[ 0, 2, 1, -1, 5, 0, 0, 1, 9 ]
[ 3, 2, 0, 1, 1, 3, 0, 0, 17 ]
[ 3, 2, 0, 0, 2, 1, 1, 1, 3 ]
[ 1, 0, -6, 1, 1, 3, 0, 0, 17 ]
[ 3, 0, -1, 1, 1, 3, -1, 0, 6 ]
[ 1, 1, 3, 0, 1, 9, 0, 0, 17 ]
[ 1, 1, 3, 0, 2, 1, 0, 1, 9 ]
[ 17, 0, 0, -4, 1, 0, -3, 0, 1 ]
[ 1, 4, 0, 0, 17, 0, 0, -5, 1 ]
[ 4, -1, 0, 1, 4, 0, 1, -1, 1 ]
[ 1, 0, -6, -4, 1, 0, 0, 0, 17 ]
[ 3, 0, -1, -4, 1, 0, -1, 0, 6 ]
[ -1, -4, 0, 0, -5, 1, 0, 2, 3 ]
[ 1, -1, 1, 1, 4, 0, 0, 2, 3 ]
[ -1, 0, 6, 1, -1, 1, 0, 0, 17 ]
[ -4, 1, 0, -1, 0, 6, 0, 0, 17 ]
[ -4, 1, 0, 1, -1, 1, -1, 0, 6 ]
[ 1, 4, 0, 0, 1, 10, 0, 0, 17 ]
[ 1, 4, 0, 0, 2, 3, 0, 1, 10 ]
[ 0, -1, -10, 1, 4, 0, 0, 0, 17 ]
[ 0, -2, -3, 1, 4, 0, 0, 1, 10 ]
[ 1, -1, 1, 0, 1, 10, 0, 0, 17 ]
[ 1, -1, 1, 0, 2, 3, 0, 1, 10 ]
[ 1, -1, 0, 0, 17, 0, 0, -3, 1 ]
[ 17, 0, 0, -1, 1, 0, -3, 0, 1 ]
[ -1, 1, 0, 0, -1, 6, 0, 0, 17 ]
[ -1, 1, 0, 0, -3, 1, 0, -1, 6 ]
[ 1, 0, -6, -1, 1, 0, 0, 0, 17 ]
[ 3, 0, -1, -1, 1, 0, -1, 0, 6 ]
[ 17, 0, 0, 2, 1, 0, -3, 0, 1 ]
[ 1, 9, 0, 0, 17, 0, 0, -7, 1 ]
[ 2, 1, 0, 1, 9, 0, 1, 2, 1 ]
[ 1, 0, -6, 2, 1, 0, 0, 0, 17 ]
[ 3, 0, -1, 2, 1, 0, -1, 0, 6 ]
[ -1, -9, 0, 0, -7, 1, 0, 3, 2 ]
[ 1, 2, 1, 1, 9, 0, 0, 3, 2 ]
[ 1, 1, 6, 1, 2, 1, 0, 0, 17 ]
[ 2, 1, 0, 1, 1, 6, 0, 0, 17 ]
[ 2, 1, 0, 1, 2, 1, 1, 1, 6 ]
[ -1, -9, 0, 0, -1, 5, 0, 0, 17 ]
[ 1, 9, 0, 0, 3, 2, 0, -1, 5 ]
[ 0, -1, 5, 1, 9, 0, 0, 0, 17 ]
[ 0, -3, -2, 1, 9, 0, 0, -1, 5 ]
[ -1, -2, -1, 0, -1, 5, 0, 0, 17 ]
[ 1, 2, 1, 0, 3, 2, 0, -1, 5 ]
[ 17, 0, 0, 5, 1, 0, -3, 0, 1 ]
[ 5, 1, 0, -2, 3, 0, 2, 1, 1 ]
[ 1, 0, -6, 5, 1, 0, 0, 0, 17 ]
[ 3, 0, -1, 5, 1, 0, -1, 0, 6 ]
[ 1, -10, 0, 0, 17, 0, 0, 4, 1 ]
[ 2, -3, 0, -1, 10, 0, 0, 4, 1 ]
[ 1, -1, -2, -2, 3, 0, 0, 0, 17 ]
[ 2, 1, 1, -2, 3, 0, -1, 1, 2 ]
[ 1, 0, -6, 2, 1, 1, 0, 0, 17 ]
[ 5, 1, 0, -1, 0, 6, 0, 0, 17 ]
[ 5, 1, 0, 2, 1, 1, -1, 0, 6 ]
[ -1, 10, 0, 0, -1, 4, 0, 0, 17 ]
[ 1, -10, 0, 0, 4, 1, 0, -1, 4 ]
[ 0, 1, -4, -1, 10, 0, 0, 0, 17 ]
[ 0, 4, 1, -1, 10, 0, 0, -1, 4 ]
[ -2, 3, 0, -1, 1, 2, 0, 0, 17 ]
[ 2, -3, 0, 0, 4, 1, -1, 1, 2 ]
[ 1, 0, -6, -1, 1, 2, 0, 0, 17 ]
[ 2, 1, 1, -1, 0, 6, 0, 0, 17 ]
[ 2, 1, 1, -1, 1, 2, -1, 0, 6 ]
[ -1, 1, 2, 0, -1, 4, 0, 0, 17 ]
[ 1, -1, -2, 0, 4, 1, 0, -1, 4 ]
[ 17, 0, 0, 8, 1, 0, -3, 0, 1 ]
[ 1, -2, 0, 0, 17, 0, 0, -6, 1 ]
[ 8, 1, 0, -1, 2, 0, -3, 0, 1 ]
[ 1, 0, -6, 8, 1, 0, 0, 0, 17 ]
[ 3, 0, -1, 8, 1, 0, -1, 0, 6 ]
[ -1, 2, 0, 0, -1, 3, 0, 0, 17 ]
[ -1, 2, 0, 0, -6, 1, 0, -1, 3 ]
[ 1, -1, -3, -1, 2, 0, 0, 0, 17 ]
[ 3, 0, -1, -1, 2, 0, -1, 1, 3 ]
[ 8, 1, 0, -1, 0, 6, 0, 0, 17 ]
[ 8, 1, 0, -3, 0, 1, -1, 0, 6 ]
[ 1, 0, -6, -1, 1, 3, 0, 0, 17 ]
[ 3, 0, -1, -1, 1, 3, -1, 0, 6 ]
[ 17, 0, 0, -6, 1, 0, -3, 0, 1 ]
[ 1, -3, 0, 0, 17, 0, 0, 8, 1 ]
[ 6, -1, 0, -1, 3, 0, 3, -1, 1 ]
[ 1, 0, -6, -6, 1, 0, 0, 0, 17 ]
[ 3, 0, -1, -6, 1, 0, -1, 0, 6 ]
[ -1, 3, 0, 0, -1, 2, 0, 0, 17 ]
[ 1, -3, 0, 0, 8, 1, 0, -1, 2 ]
[ 0, 1, -2, -1, 3, 0, 0, 0, 17 ]
[ 3, -1, 1, -1, 3, 0, 0, -1, 2 ]
[ -1, 0, 6, 3, -1, 1, 0, 0, 17 ]
[ -6, 1, 0, -1, 0, 6, 0, 0, 17 ]
[ -6, 1, 0, 3, -1, 1, -1, 0, 6 ]
[ -1, 0, 6, 0, -1, 2, 0, 0, 17 ]
[ -3, 1, -1, -1, 0, 6, 0, 0, 17 ]
[ -3, 1, -1, 0, -1, 2, -1, 0, 6 ]
[ 17, 0, 0, -3, 1, 0, -3, 0, 1 ]
[ -1, 6, 0, 0, -1, 1, 0, 0, 17 ]
[ 1, -6, 0, 0, 17, 0, 0, -1, 1 ]
[ 0, 1, -1, -1, 6, 0, 0, 0, 17 ]
[ 3, -1, 0, -1, 6, 0, 0, -1, 1 ]
[ 1, 0, -6, -3, 1, 0, 0, 0, 17 ]
[ 3, 0, -1, -3, 1, 0, -1, 0, 6 ]
[ -1, 0, 6, 0, -1, 1, 0, 0, 17 ]
[ -3, 1, 0, -1, 0, 6, 0, 0, 17 ]
[ -3, 1, 0, 0, -1, 1, -1, 0, 6 ]
[ 17, 0, 0, 0, 1, 0, -7, 0, 1 ]
[ 7, 0, -1, 0, 1, 0, 3, 0, 2 ]
[ 1, 0, -5, 0, 1, 0, 0, 0, 17 ]
[ 3, 0, 2, 0, 1, 0, -1, 0, 5 ]
[ 17, 0, 0, 7, 1, 0, -7, 0, 1 ]
[ 7, 1, 0, -3, 2, 0, 0, 1, 1 ]
[ 7, 0, -1, 7, 1, 0, 3, 0, 2 ]
[ 1, 5, 0, 0, 1, 1, 0, 0, 17 ]
[ 1, 5, 0, 0, 17, 0, 0, 1, 1 ]
[ 0, -1, -1, 1, 5, 0, 0, 0, 17 ]
[ 3, -2, 0, 1, 5, 0, 0, 1, 1 ]
[ -1, 1, 6, -3, 2, 0, 0, 0, 17 ]
[ 0, 1, 1, -1, 1, 6, 0, 0, 17 ]
[ 0, 1, 1, -3, 2, 0, -1, 1, 6 ]
[ 7, 1, 0, 0, 1, 1, 3, 0, 2 ]
[ 1, 0, -5, 7, 1, 0, 0, 0, 17 ]
[ 3, 0, 2, 7, 1, 0, -1, 0, 5 ]
[ 1, -1, -6, 0, 1, 1, 0, 0, 17 ]
[ 3, -2, 0, -1, 1, 6, 0, 0, 17 ]
[ 3, -2, 0, 0, 1, 1, -1, 1, 6 ]
[ 1, 0, -5, 0, 1, 1, 0, 0, 17 ]
[ 3, 0, 2, 0, 1, 1, -1, 0, 5 ]
[ 7, 1, 0, -1, 0, 5, 0, 0, 17 ]
[ -7, -1, 0, 3, 0, 2, -1, 0, 5 ]
[ 17, 0, 0, -3, 1, 0, -7, 0, 1 ]
[ 1, -6, 0, 0, 17, 0, 0, -8, 1 ]
[ 3, -1, 0, -1, 6, 0, -1, -2, 1 ]
[ 7, 0, -1, -3, 1, 0, 3, 0, 2 ]
[ 1, -6, 0, 0, 1, 2, 0, 0, 17 ]
[ -1, 6, 0, 0, -8, 1, 0, 1, 2 ]
[ 0, 1, 2, -1, 6, 0, 0, 0, 17 ]
[ 1, 2, -1, 0, 1, 2, 0, 0, 17 ]
[ 1, 2, -1, -1, 6, 0, 0, 1, 2 ]
[ 0, 1, 2, -1, -2, 1, 0, 0, 17 ]
[ -3, 1, 0, -1, -2, 1, 0, 1, 2 ]
[ 1, 0, -5, -3, 1, 0, 0, 0, 17 ]
[ 3, 0, 2, -3, 1, 0, -1, 0, 5 ]
[ 1, 0, -5, 0, 1, 2, 0, 0, 17 ]
[ -3, 1, 0, -1, 0, 5, 0, 0, 17 ]
[ 3, -1, 0, 0, 1, 2, -1, 0, 5 ]
[ 17, 0, 0, 4, 1, 0, -7, 0, 1 ]
[ 1, -4, 0, 0, 17, 0, 0, 6, 1 ]
[ 4, 1, 0, -1, 4, 0, 1, 2, 1 ]
[ 7, 0, -1, 4, 1, 0, 3, 0, 2 ]
[ 1, -4, 0, 0, 1, 3, 0, 0, 17 ]
[ 1, -4, 0, 0, 6, 1, 0, 1, 3 ]
[ 0, 1, 3, -1, 4, 0, 0, 0, 17 ]
[ 1, 2, 1, 0, 1, 3, 0, 0, 17 ]
[ 1, 2, 1, -1, 4, 0, 0, 1, 3 ]
[ 1, 1, -2, 1, 2, 1, 0, 0, 17 ]
[ 4, 1, 0, 1, 2, 1, -1, -1, 2 ]
[ 1, 0, -5, 4, 1, 0, 0, 0, 17 ]
[ 3, 0, 2, 4, 1, 0, -1, 0, 5 ]
[ -1, 0, 5, -1, -1, 2, 0, 0, 17 ]
[ 4, 1, 0, -1, 0, 5, 0, 0, 17 ]
[ -4, -1, 0, -1, -1, 2, -1, 0, 5 ]
[ 17, 0, 0, -6, 1, 0, -7, 0, 1 ]
[ 1, -3, 0, 0, 17, 0, 0, -4, 1 ]
[ 6, -1, 0, -1, 3, 0, -1, -1, 1 ]
[ 7, 0, -1, -6, 1, 0, 3, 0, 2 ]
[ 1, -3, 0, 0, 1, 4, 0, 0, 17 ]
[ -1, 3, 0, 0, -4, 1, 0, 1, 4 ]
[ 0, 1, 4, -1, 3, 0, 0, 0, 17 ]
[ 1, 1, -1, 0, 1, 4, 0, 0, 17 ]
[ 1, 1, -1, -1, 3, 0, 0, 1, 4 ]
[ -6, 1, 0, -1, -1, 1, 3, 0, 2 ]
[ 1, 0, -5, -6, 1, 0, 0, 0, 17 ]
[ 3, 0, 2, -6, 1, 0, -1, 0, 5 ]
[ -1, 0, 5, -1, -1, 1, 0, 0, 17 ]
[ -3, 0, -2, -1, -1, 1, -1, 0, 5 ]
[ -6, 1, 0, -1, 0, 5, 0, 0, 17 ]
[ 6, -1, 0, 3, 0, 2, -1, 0, 5 ]
[ 1, 1, 0, 0, 17, 0, 0, 7, 1 ]
[ 17, 0, 0, 1, 1, 0, -7, 0, 1 ]
[ 1, 1, 0, 0, 7, 1, 0, -3, 2 ]
[ 7, 0, -1, 1, 1, 0, 3, 0, 2 ]
[ 1, 1, 0, 0, 1, 5, 0, 0, 17 ]
[ -1, -1, 0, 0, -3, 2, 0, 1, 5 ]
[ 1, 0, -5, 1, 1, 0, 0, 0, 17 ]
[ 3, 0, 2, 1, 1, 0, -1, 0, 5 ]
[ 17, 0, 0, 8, 1, 0, -7, 0, 1 ]
[ 1, -2, 0, 0, 17, 0, 0, 3, 1 ]
[ 8, 1, 0, -1, 2, 0, 1, 1, 1 ]
[ 7, 0, -1, 8, 1, 0, 3, 0, 2 ]
[ 1, -2, 0, 0, 1, 6, 0, 0, 17 ]
[ 1, -2, 0, 0, 3, 1, 0, 1, 6 ]
[ 0, 1, 6, -1, 2, 0, 0, 0, 17 ]
[ 1, 1, 1, 0, 1, 6, 0, 0, 17 ]
[ 1, 1, 1, -1, 2, 0, 0, 1, 6 ]
[ 8, 1, 0, 1, 1, 1, 3, 0, 2 ]
[ 1, 0, -5, 8, 1, 0, 0, 0, 17 ]
[ 3, 0, 2, 8, 1, 0, -1, 0, 5 ]
[ 1, 0, -5, 1, 1, 1, 0, 0, 17 ]
[ 3, 0, 2, 1, 1, 1, -1, 0, 5 ]
[ 8, 1, 0, -1, 0, 5, 0, 0, 17 ]
[ -8, -1, 0, 3, 0, 2, -1, 0, 5 ]
[ 17, 0, 0, -2, 1, 0, -7, 0, 1 ]
[ 1, -9, 0, 0, 17, 0, 0, 5, 1 ]
[ 2, -1, 0, -1, 9, 0, 1, -4, 1 ]
[ 7, 0, -1, -2, 1, 0, 3, 0, 2 ]
[ 1, -9, 0, 0, 5, 1, 0, -2, 3 ]
[ 1, -4, 1, -1, 9, 0, 0, -2, 3 ]
[ -2, 1, 0, 1, -4, 1, -1, 2, 2 ]
[ 1, 0, -5, -2, 1, 0, 0, 0, 17 ]
[ 3, 0, 2, -2, 1, 0, -1, 0, 5 ]
[ -1, 9, 0, 0, -1, 10, 0, 0, 17 ]
[ -1, 9, 0, 0, -2, 3, 0, -1, 10 ]
[ 0, 1, -10, -1, 9, 0, 0, 0, 17 ]
[ 0, 2, -3, -1, 9, 0, 0, -1, 10 ]
[ -1, 4, -1, 0, -1, 10, 0, 0, 17 ]
[ -1, 4, -1, 0, -2, 3, 0, -1, 10 ]
[ 0, -1, 10, 1, -4, 1, 0, 0, 17 ]
[ -1, 2, 2, 0, -1, 10, 0, 0, 17 ]
[ -1, 2, 2, 1, -4, 1, 0, -1, 10 ]
[ 1, -1, 5, -1, 2, 2, 0, 0, 17 ]
[ -2, 1, 0, 1, -1, 5, 0, 0, 17 ]
[ 2, -1, 0, -1, 2, 2, 1, -1, 5 ]
[ 17, 0, 0, 5, 1, 0, -7, 0, 1 ]
[ 5, 1, 0, -2, 3, 0, -2, 1, 1 ]
[ 7, 0, -1, 5, 1, 0, 3, 0, 2 ]
[ 1, -10, 0, 0, 17, 0, 0, -2, 1 ]
[ 2, -3, 0, -1, 10, 0, 0, -2, 1 ]
[ 1, -1, 4, -2, 3, 0, 0, 0, 17 ]
[ -2, 1, 1, 1, -1, 4, 0, 0, 17 ]
[ 2, -1, -1, -2, 3, 0, 1, -1, 4 ]
[ 5, 1, 0, -2, 1, 1, 3, 0, 2 ]
[ 1, 0, -5, 5, 1, 0, 0, 0, 17 ]
[ 3, 0, 2, 5, 1, 0, -1, 0, 5 ]
[ -1, 10, 0, 0, -1, 9, 0, 0, 17 ]
[ -1, 10, 0, 0, -2, 1, 0, -1, 9 ]
[ 0, 1, -9, -1, 10, 0, 0, 0, 17 ]
[ 0, 2, -1, -1, 10, 0, 0, -1, 9 ]
[ 2, -3, 0, -1, 2, 4, 0, 0, 17 ]
[ -2, 3, 0, 0, -2, 1, -1, 2, 4 ]
[ 1, 0, -5, -2, 1, 1, 0, 0, 17 ]
[ 3, 0, 2, -2, 1, 1, -1, 0, 5 ]
[ 5, 1, 0, -1, 0, 5, 0, 0, 17 ]
[ -5, -1, 0, 3, 0, 2, -1, 0, 5 ]
[ -1, 2, 4, 0, -1, 9, 0, 0, 17 ]
[ -1, 2, 4, 0, -2, 1, 0, -1, 9 ]
[ 17, 0, 0, -5, 1, 0, -7, 0, 1 ]
[ 5, -1, 0, 2, 3, 0, -2, -1, 1 ]
[ 7, 0, -1, -5, 1, 0, 3, 0, 2 ]
[ 1, 10, 0, 0, 17, 0, 0, 2, 1 ]
[ 2, 3, 0, 1, 10, 0, 0, 2, 1 ]
[ 1, 1, 4, 2, 3, 0, 0, 0, 17 ]
[ 2, 1, -1, 1, 1, 4, 0, 0, 17 ]
[ 2, 1, -1, 2, 3, 0, 1, 1, 4 ]
[ -5, 1, 0, -2, -1, 1, 3, 0, 2 ]
[ 1, 0, -5, -5, 1, 0, 0, 0, 17 ]
[ 3, 0, 2, -5, 1, 0, -1, 0, 5 ]
[ 1, 10, 0, 0, 1, 9, 0, 0, 17 ]
[ 1, 10, 0, 0, 2, 1, 0, 1, 9 ]
[ 0, -1, -9, 1, 10, 0, 0, 0, 17 ]
[ 0, -2, -1, 1, 10, 0, 0, 1, 9 ]
[ -2, -3, 0, 1, 1, 4, 0, 0, 17 ]
[ 2, 3, 0, 0, 2, 1, 1, 1, 4 ]
[ -1, 0, 5, -2, -1, 1, 0, 0, 17 ]
[ -3, 0, -2, -2, -1, 1, -1, 0, 5 ]
[ -5, 1, 0, -1, 0, 5, 0, 0, 17 ]
[ 5, -1, 0, 3, 0, 2, -1, 0, 5 ]
[ 1, 1, 4, 0, 1, 9, 0, 0, 17 ]
[ 1, 1, 4, 0, 2, 1, 0, 1, 9 ]
[ 17, 0, 0, 2, 1, 0, -7, 0, 1 ]
[ 1, 9, 0, 0, 17, 0, 0, -5, 1 ]
[ 2, 1, 0, 1, 9, 0, 1, 4, 1 ]
[ 7, 0, -1, 2, 1, 0, 3, 0, 2 ]
[ -1, -9, 0, 0, -5, 1, 0, 2, 3 ]
[ 1, 4, 1, 1, 9, 0, 0, 2, 3 ]
[ 2, 1, 0, 1, 4, 1, -1, -2, 2 ]
[ 1, 0, -5, 2, 1, 0, 0, 0, 17 ]
[ 3, 0, 2, 2, 1, 0, -1, 0, 5 ]
[ 1, 9, 0, 0, 1, 10, 0, 0, 17 ]
[ 1, 9, 0, 0, 2, 3, 0, 1, 10 ]
[ 0, -1, -10, 1, 9, 0, 0, 0, 17 ]
[ 0, -2, -3, 1, 9, 0, 0, 1, 10 ]
[ 1, 4, 1, 0, 1, 10, 0, 0, 17 ]
[ 1, 4, 1, 0, 2, 3, 0, 1, 10 ]
[ 0, -1, -10, 1, 4, 1, 0, 0, 17 ]
[ 1, 2, -2, 0, 1, 10, 0, 0, 17 ]
[ 1, 2, -2, 1, 4, 1, 0, 1, 10 ]
[ -1, -1, -5, -1, -2, 2, 0, 0, 17 ]
[ 2, 1, 0, 1, 1, 5, 0, 0, 17 ]
[ -2, -1, 0, -1, -2, 2, 1, 1, 5 ]
[ 17, 0, 0, -8, 1, 0, -7, 0, 1 ]
[ 1, 2, 0, 0, 17, 0, 0, -3, 1 ]
[ 8, -1, 0, 1, 2, 0, 1, -1, 1 ]
[ 7, 0, -1, -8, 1, 0, 3, 0, 2 ]
[ -1, -2, 0, 0, -1, 6, 0, 0, 17 ]
[ -1, -2, 0, 0, -3, 1, 0, -1, 6 ]
[ 0, -1, 6, 1, 2, 0, 0, 0, 17 ]
[ -1, 1, -1, 0, -1, 6, 0, 0, 17 ]
[ 1, -1, 1, 1, 2, 0, 0, -1, 6 ]
[ -8, 1, 0, 1, -1, 1, 3, 0, 2 ]
[ 1, 0, -5, -8, 1, 0, 0, 0, 17 ]
[ 3, 0, 2, -8, 1, 0, -1, 0, 5 ]
[ -1, 0, 5, 1, -1, 1, 0, 0, 17 ]
[ -3, 0, -2, 1, -1, 1, -1, 0, 5 ]
[ -8, 1, 0, -1, 0, 5, 0, 0, 17 ]
[ 8, -1, 0, 3, 0, 2, -1, 0, 5 ]
[ 1, -1, 0, 0, 17, 0, 0, -7, 1 ]
[ 17, 0, 0, -1, 1, 0, -7, 0, 1 ]
[ -1, 1, 0, 0, -7, 1, 0, 3, 2 ]
[ 7, 0, -1, -1, 1, 0, 3, 0, 2 ]
[ -1, 1, 0, 0, -1, 5, 0, 0, 17 ]
[ 1, -1, 0, 0, 3, 2, 0, -1, 5 ]
[ 1, 0, -5, -1, 1, 0, 0, 0, 17 ]
[ 3, 0, 2, -1, 1, 0, -1, 0, 5 ]
[ 17, 0, 0, 6, 1, 0, -7, 0, 1 ]
[ 1, 3, 0, 0, 17, 0, 0, 4, 1 ]
[ 6, 1, 0, 1, 3, 0, -1, 1, 1 ]
[ 7, 0, -1, 6, 1, 0, 3, 0, 2 ]
[ -1, -3, 0, 0, -1, 4, 0, 0, 17 ]
[ 1, 3, 0, 0, 4, 1, 0, -1, 4 ]
[ 0, -1, 4, 1, 3, 0, 0, 0, 17 ]
[ -1, 1, 1, 0, -1, 4, 0, 0, 17 ]
[ 1, -1, -1, 1, 3, 0, 0, -1, 4 ]
[ 6, 1, 0, -1, 1, 1, 3, 0, 2 ]
[ 1, 0, -5, 6, 1, 0, 0, 0, 17 ]
[ 3, 0, 2, 6, 1, 0, -1, 0, 5 ]
[ 1, 0, -5, -1, 1, 1, 0, 0, 17 ]
[ 3, 0, 2, -1, 1, 1, -1, 0, 5 ]
[ 6, 1, 0, -1, 0, 5, 0, 0, 17 ]
[ -6, -1, 0, 3, 0, 2, -1, 0, 5 ]
[ 17, 0, 0, -4, 1, 0, -7, 0, 1 ]
[ 1, 4, 0, 0, 17, 0, 0, -6, 1 ]
[ 4, -1, 0, 1, 4, 0, 1, -2, 1 ]
[ 7, 0, -1, -4, 1, 0, 3, 0, 2 ]
[ -1, -4, 0, 0, -1, 3, 0, 0, 17 ]
[ -1, -4, 0, 0, -6, 1, 0, -1, 3 ]
[ 0, -1, 3, 1, 4, 0, 0, 0, 17 ]
[ -1, 2, -1, 0, -1, 3, 0, 0, 17 ]
[ 1, -2, 1, 1, 4, 0, 0, -1, 3 ]
[ -1, 1, 2, 1, -2, 1, 0, 0, 17 ]
[ -4, 1, 0, 1, -2, 1, -1, 1, 2 ]
[ 1, 0, -5, -4, 1, 0, 0, 0, 17 ]
[ 3, 0, 2, -4, 1, 0, -1, 0, 5 ]
[ 1, 0, -5, -1, 1, 2, 0, 0, 17 ]
[ -4, 1, 0, -1, 0, 5, 0, 0, 17 ]
[ 4, -1, 0, -1, 1, 2, -1, 0, 5 ]
[ 17, 0, 0, 3, 1, 0, -7, 0, 1 ]
[ 1, 6, 0, 0, 17, 0, 0, 8, 1 ]
[ 3, 1, 0, 1, 6, 0, -1, 2, 1 ]
[ 7, 0, -1, 3, 1, 0, 3, 0, 2 ]
[ -1, -6, 0, 0, -1, 2, 0, 0, 17 ]
[ 1, 6, 0, 0, 8, 1, 0, -1, 2 ]
[ 0, -1, 2, 1, 6, 0, 0, 0, 17 ]
[ -1, 2, 1, 0, -1, 2, 0, 0, 17 ]
[ 1, -2, -1, 1, 6, 0, 0, -1, 2 ]
[ 0, 1, -2, -1, 2, 1, 0, 0, 17 ]
[ 3, 1, 0, -1, 2, 1, 0, -1, 2 ]
[ 1, 0, -5, 3, 1, 0, 0, 0, 17 ]
[ 3, 0, 2, 3, 1, 0, -1, 0, 5 ]
[ -1, 0, 5, 0, -1, 2, 0, 0, 17 ]
[ 3, 1, 0, -1, 0, 5, 0, 0, 17 ]
[ -3, -1, 0, 0, -1, 2, -1, 0, 5 ]
[ 17, 0, 0, -7, 1, 0, -7, 0, 1 ]
[ 7, -1, 0, 3, 2, 0, 0, -1, 1 ]
[ 7, 0, -1, -7, 1, 0, 3, 0, 2 ]
[ -1, 5, 0, 0, -1, 1, 0, 0, 17 ]
[ 1, -5, 0, 0, 17, 0, 0, -1, 1 ]
[ 0, 1, -1, -1, 5, 0, 0, 0, 17 ]
[ 3, 2, 0, -1, 5, 0, 0, -1, 1 ]
[ -1, -1, 6, 3, 2, 0, 0, 0, 17 ]
[ 0, 1, -1, -1, -1, 6, 0, 0, 17 ]
[ 0, -1, 1, 3, 2, 0, -1, -1, 6 ]
[ -7, 1, 0, 0, -1, 1, 3, 0, 2 ]
[ 1, 0, -5, -7, 1, 0, 0, 0, 17 ]
[ 3, 0, 2, -7, 1, 0, -1, 0, 5 ]
[ -1, -1, 6, 0, -1, 1, 0, 0, 17 ]
[ -3, -2, 0, -1, -1, 6, 0, 0, 17 ]
[ -3, -2, 0, 0, -1, 1, -1, -1, 6 ]
[ -1, 0, 5, 0, -1, 1, 0, 0, 17 ]
[ -3, 0, -2, 0, -1, 1, -1, 0, 5 ]
[ -7, 1, 0, -1, 0, 5, 0, 0, 17 ]
[ 7, -1, 0, 3, 0, 2, -1, 0, 5 ]
[ 17, 0, 0, 0, 1, 0, 4, 0, 1 ]
[ 1, 0, -4, 0, 1, 0, 0, 0, 17 ]
[ 4, 0, 1, 0, 1, 0, -1, 0, 4 ]
[ 17, 0, 0, -4, 1, 0, 4, 0, 1 ]
[ 1, 4, 0, 0, 1, 1, 0, 0, 17 ]
[ 1, 4, 0, 0, 17, 0, 0, 1, 1 ]
[ 0, -1, -1, 1, 4, 0, 0, 0, 17 ]
[ 4, -1, 0, 1, 4, 0, 0, 1, 1 ]
[ 1, 0, -4, -4, 1, 0, 0, 0, 17 ]
[ 4, 0, 1, -4, 1, 0, -1, 0, 4 ]
[ 1, 0, -4, 0, 1, 1, 0, 0, 17 ]
[ -4, 1, 0, -1, 0, 4, 0, 0, 17 ]
[ 4, -1, 0, 0, 1, 1, -1, 0, 4 ]
[ 17, 0, 0, -8, 1, 0, 4, 0, 1 ]
[ 1, 2, 0, 0, 17, 0, 0, -8, 1 ]
[ 8, -1, 0, 1, 2, 0, 4, 0, 1 ]
[ 1, 0, -4, -8, 1, 0, 0, 0, 17 ]
[ 4, 0, 1, -8, 1, 0, -1, 0, 4 ]
[ 1, 2, 0, 0, 1, 2, 0, 0, 17 ]
[ -1, -2, 0, 0, -8, 1, 0, 1, 2 ]
[ 0, -1, -2, 1, 2, 0, 0, 0, 17 ]
[ 4, 0, 1, 1, 2, 0, 0, 1, 2 ]
[ -8, 1, 0, -1, 0, 4, 0, 0, 17 ]
[ 8, -1, 0, 4, 0, 1, -1, 0, 4 ]
[ 1, 0, -4, 0, 1, 2, 0, 0, 17 ]
[ 4, 0, 1, 0, 1, 2, -1, 0, 4 ]
[ 17, 0, 0, 5, 1, 0, 4, 0, 1 ]
[ 5, 1, 0, -2, 3, 0, -1, -1, 1 ]
[ 1, 0, -4, 5, 1, 0, 0, 0, 17 ]
[ 4, 0, 1, 5, 1, 0, -1, 0, 4 ]
[ 1, -10, 0, 0, 17, 0, 0, 6, 1 ]
[ 2, -3, 0, -1, 10, 0, 1, -4, 1 ]
[ 1, 1, -1, 0, 1, 3, 0, 0, 17 ]
[ 1, 1, -1, -2, 3, 0, 0, 1, 3 ]
[ -1, 0, 4, -1, -1, 1, 0, 0, 17 ]
[ 5, 1, 0, -1, 0, 4, 0, 0, 17 ]
[ -5, -1, 0, -1, -1, 1, -1, 0, 4 ]
[ 1, -10, 0, 0, 1, 3, 0, 0, 17 ]
[ 1, -10, 0, 0, 6, 1, 0, 1, 3 ]
[ 0, 1, 3, -1, 10, 0, 0, 0, 17 ]
[ 1, -4, 1, 0, 1, 3, 0, 0, 17 ]
[ 1, -4, 1, -1, 10, 0, 0, 1, 3 ]
[ 0, -1, -3, 1, -4, 1, 0, 0, 17 ]
[ -2, 3, 0, 1, -4, 1, 0, 1, 3 ]
[ -1, 2, 10, -2, 3, 0, 0, 0, 17 ]
[ 0, 1, 3, -1, 2, 10, 0, 0, 17 ]
[ 0, 1, 3, -2, 3, 0, -1, 2, 10 ]
[ 1, -2, -10, 0, 1, 3, 0, 0, 17 ]
[ 2, -3, 0, -1, 2, 10, 0, 0, 17 ]
[ 2, -3, 0, 0, 1, 3, -1, 2, 10 ]
[ 1, 1, 0, 0, 17, 0, 0, -4, 1 ]
[ 17, 0, 0, 1, 1, 0, 4, 0, 1 ]
[ 1, 1, 0, 0, 1, 4, 0, 0, 17 ]
[ -1, -1, 0, 0, -4, 1, 0, 1, 4 ]
[ 1, 0, -4, 1, 1, 0, 0, 0, 17 ]
[ 4, 0, 1, 1, 1, 0, -1, 0, 4 ]
[ 17, 0, 0, -3, 1, 0, 4, 0, 1 ]
[ 1, -6, 0, 0, 17, 0, 0, 7, 1 ]
[ 3, -1, 0, -1, 6, 0, 1, 1, 1 ]
[ 1, 0, -4, -3, 1, 0, 0, 0, 17 ]
[ 4, 0, 1, -3, 1, 0, -1, 0, 4 ]
[ 1, -6, 0, 0, 7, 1, 0, -3, 2 ]
[ 1, 1, 1, -1, 6, 0, 0, -3, 2 ]
[ 1, 0, -4, 1, 1, 1, 0, 0, 17 ]
[ -3, 1, 0, -1, 0, 4, 0, 0, 17 ]
[ 3, -1, 0, 1, 1, 1, -1, 0, 4 ]
[ 1, -6, 0, 0, 1, 5, 0, 0, 17 ]
[ -1, 6, 0, 0, -3, 2, 0, 1, 5 ]
[ 0, 1, 5, -1, 6, 0, 0, 0, 17 ]
[ 0, 3, -2, -1, 6, 0, 0, 1, 5 ]
[ 1, 1, 1, 0, 1, 5, 0, 0, 17 ]
[ -1, -1, -1, 0, -3, 2, 0, 1, 5 ]
[ 17, 0, 0, -7, 1, 0, 4, 0, 1 ]
[ 7, -1, 0, 3, 2, 0, 4, 0, 1 ]
[ 1, 0, -4, -7, 1, 0, 0, 0, 17 ]
[ 4, 0, 1, -7, 1, 0, -1, 0, 4 ]
[ 1, -5, 0, 0, 17, 0, 0, 3, 1 ]
[ 3, 2, 0, -1, 5, 0, 1, -2, 1 ]
[ -1, -1, -2, 3, 2, 0, 0, 0, 17 ]
[ 4, 0, 1, 3, 2, 0, 1, 1, 2 ]
[ -7, 1, 0, -1, 0, 4, 0, 0, 17 ]
[ 7, -1, 0, 4, 0, 1, -1, 0, 4 ]
[ 1, -5, 0, 0, 1, 6, 0, 0, 17 ]
[ 1, -5, 0, 0, 3, 1, 0, 1, 6 ]
[ 0, 1, 6, -1, 5, 0, 0, 0, 17 ]
[ 1, -2, 1, 0, 1, 6, 0, 0, 17 ]
[ 1, -2, 1, -1, 5, 0, 0, 1, 6 ]
[ 3, 2, 0, 1, 1, 2, 0, 0, 17 ]
[ -3, -2, 0, 1, -2, 1, 1, 1, 2 ]
[ 1, 0, -4, 1, 1, 2, 0, 0, 17 ]
[ 4, 0, 1, 1, 1, 2, -1, 0, 4 ]
[ 0, -1, -6, 1, -2, 1, 0, 0, 17 ]
[ 1, 1, 2, 0, 1, 6, 0, 0, 17 ]
[ -1, -1, -2, 1, -2, 1, 0, 1, 6 ]
[ 17, 0, 0, 6, 1, 0, 4, 0, 1 ]
[ 1, 3, 0, 0, 17, 0, 0, 5, 1 ]
[ 6, 1, 0, 1, 3, 0, -2, -1, 1 ]
[ 1, 0, -4, 6, 1, 0, 0, 0, 17 ]
[ 4, 0, 1, 6, 1, 0, -1, 0, 4 ]
[ 1, 3, 0, 0, 5, 1, 0, -2, 3 ]
[ 2, 1, -1, 1, 1, 3, 0, 0, 17 ]
[ 2, 1, -1, 1, 3, 0, 1, 1, 3 ]
[ -1, 0, 4, -2, -1, 1, 0, 0, 17 ]
[ 6, 1, 0, -1, 0, 4, 0, 0, 17 ]
[ -6, -1, 0, -2, -1, 1, -1, 0, 4 ]
[ -1, -3, 0, 0, -1, 10, 0, 0, 17 ]
[ -1, -3, 0, 0, -2, 3, 0, -1, 10 ]
[ 1, 2, 10, 1, 3, 0, 0, 0, 17 ]
[ 1, 1, 3, 1, 2, 10, 0, 0, 17 ]
[ 1, 1, 3, 1, 3, 0, 1, 2, 10 ]
[ 17, 0, 0, 2, 1, 0, 4, 0, 1 ]
[ 1, 9, 0, 0, 17, 0, 0, -2, 1 ]
[ 2, 1, 0, 1, 9, 0, 0, -2, 1 ]
[ 1, 0, -4, 2, 1, 0, 0, 0, 17 ]
[ 4, 0, 1, 2, 1, 0, -1, 0, 4 ]
[ -1, -9, 0, 0, -1, 9, 0, 0, 17 ]
[ -1, -9, 0, 0, -2, 1, 0, -1, 9 ]
[ 0, -1, 9, 1, 9, 0, 0, 0, 17 ]
[ 0, -2, 1, 1, 9, 0, 0, -1, 9 ]
[ 2, 1, 0, 1, 1, 4, 0, 0, 17 ]
[ -2, -1, 0, 0, -2, 1, 1, 1, 4 ]
[ -1, -1, -4, 0, -1, 9, 0, 0, 17 ]
[ -1, -1, -4, 0, -2, 1, 0, -1, 9 ]
[ 17, 0, 0, -2, 1, 0, 4, 0, 1 ]
[ 1, -9, 0, 0, 17, 0, 0, 2, 1 ]
[ 2, -1, 0, -1, 9, 0, 0, 2, 1 ]
[ 1, 0, -4, -2, 1, 0, 0, 0, 17 ]
[ 4, 0, 1, -2, 1, 0, -1, 0, 4 ]
[ 1, -9, 0, 0, 1, 9, 0, 0, 17 ]
[ 1, -9, 0, 0, 2, 1, 0, 1, 9 ]
[ 0, 1, 9, -1, 9, 0, 0, 0, 17 ]
[ 0, 2, 1, -1, 9, 0, 0, 1, 9 ]
[ -2, 1, 0, -1, 0, 4, 0, 0, 17 ]
[ 2, -1, 0, 0, 2, 1, -1, 0, 4 ]
[ 1, 0, -4, 0, 1, 9, 0, 0, 17 ]
[ 1, 0, -4, 0, 2, 1, 0, 1, 9 ]
[ 17, 0, 0, -6, 1, 0, 4, 0, 1 ]
[ 1, -3, 0, 0, 17, 0, 0, -5, 1 ]
[ 6, -1, 0, -1, 3, 0, -2, 1, 1 ]
[ 1, 0, -4, -6, 1, 0, 0, 0, 17 ]
[ 4, 0, 1, -6, 1, 0, -1, 0, 4 ]
[ -1, 3, 0, 0, -5, 1, 0, 2, 3 ]
[ -2, 1, 1, 1, -1, 3, 0, 0, 17 ]
[ 2, -1, -1, -1, 3, 0, 1, -1, 3 ]
[ 1, 0, -4, -2, 1, 1, 0, 0, 17 ]
[ -6, 1, 0, -1, 0, 4, 0, 0, 17 ]
[ 6, -1, 0, -2, 1, 1, -1, 0, 4 ]
[ 1, -3, 0, 0, 1, 10, 0, 0, 17 ]
[ 1, -3, 0, 0, 2, 3, 0, 1, 10 ]
[ 0, 1, 10, -1, 3, 0, 0, 0, 17 ]
[ 1, -1, 3, 0, 1, 10, 0, 0, 17 ]
[ 1, -1, 3, -1, 3, 0, 0, 1, 10 ]
[ 17, 0, 0, 7, 1, 0, 4, 0, 1 ]
[ 7, 1, 0, -3, 2, 0, 4, 0, 1 ]
[ 1, 0, -4, 7, 1, 0, 0, 0, 17 ]
[ 4, 0, 1, 7, 1, 0, -1, 0, 4 ]
[ 1, 5, 0, 0, 17, 0, 0, -3, 1 ]
[ 3, -2, 0, 1, 5, 0, 1, 2, 1 ]
[ 2, -1, -2, -3, 2, 0, 0, 0, 17 ]
[ 4, 0, 1, -3, 2, 0, -2, 1, 2 ]
[ 7, 1, 0, -1, 0, 4, 0, 0, 17 ]
[ -7, -1, 0, 4, 0, 1, -1, 0, 4 ]
[ -1, -5, 0, 0, -1, 6, 0, 0, 17 ]
[ -1, -5, 0, 0, -3, 1, 0, -1, 6 ]
[ 0, -1, 6, 1, 5, 0, 0, 0, 17 ]
[ -1, -2, -1, 0, -1, 6, 0, 0, 17 ]
[ 1, 2, 1, 1, 5, 0, 0, -1, 6 ]
[ -3, 2, 0, 1, -1, 2, 0, 0, 17 ]
[ 3, -2, 0, 1, 2, 1, 1, -1, 2 ]
[ 1, 0, -4, -2, 1, 2, 0, 0, 17 ]
[ 4, 0, 1, -2, 1, 2, -1, 0, 4 ]
[ 0, -1, 6, 1, 2, 1, 0, 0, 17 ]
[ -1, 1, -2, 0, -1, 6, 0, 0, 17 ]
[ 1, -1, 2, 1, 2, 1, 0, -1, 6 ]
[ 17, 0, 0, 3, 1, 0, 4, 0, 1 ]
[ 1, 6, 0, 0, 17, 0, 0, -7, 1 ]
[ 3, 1, 0, 1, 6, 0, 1, -1, 1 ]
[ 1, 0, -4, 3, 1, 0, 0, 0, 17 ]
[ 4, 0, 1, 3, 1, 0, -1, 0, 4 ]
[ -1, -6, 0, 0, -7, 1, 0, 3, 2 ]
[ 1, -1, 1, 1, 6, 0, 0, 3, 2 ]
[ -1, 0, 4, 1, -1, 1, 0, 0, 17 ]
[ 3, 1, 0, -1, 0, 4, 0, 0, 17 ]
[ -3, -1, 0, 1, -1, 1, -1, 0, 4 ]
[ -1, -6, 0, 0, -1, 5, 0, 0, 17 ]
[ 1, 6, 0, 0, 3, 2, 0, -1, 5 ]
[ 0, -1, 5, 1, 6, 0, 0, 0, 17 ]
[ 0, -3, -2, 1, 6, 0, 0, -1, 5 ]
[ -1, 1, -1, 0, -1, 5, 0, 0, 17 ]
[ 1, -1, 1, 0, 3, 2, 0, -1, 5 ]
[ 1, -1, 0, 0, 17, 0, 0, 4, 1 ]
[ 17, 0, 0, -1, 1, 0, 4, 0, 1 ]
[ -1, 1, 0, 0, -1, 4, 0, 0, 17 ]
[ 1, -1, 0, 0, 4, 1, 0, -1, 4 ]
[ 1, 0, -4, -1, 1, 0, 0, 0, 17 ]
[ 4, 0, 1, -1, 1, 0, -1, 0, 4 ]
[ 17, 0, 0, -5, 1, 0, 4, 0, 1 ]
[ 5, -1, 0, 2, 3, 0, -1, 1, 1 ]
[ 1, 0, -4, -5, 1, 0, 0, 0, 17 ]
[ 4, 0, 1, -5, 1, 0, -1, 0, 4 ]
[ 1, 10, 0, 0, 17, 0, 0, -6, 1 ]
[ 2, 3, 0, 1, 10, 0, 1, 4, 1 ]
[ -1, 1, 1, 0, -1, 3, 0, 0, 17 ]
[ 1, -1, -1, 2, 3, 0, 0, -1, 3 ]
[ 1, 0, -4, -1, 1, 1, 0, 0, 17 ]
[ -5, 1, 0, -1, 0, 4, 0, 0, 17 ]
[ 5, -1, 0, -1, 1, 1, -1, 0, 4 ]
[ -1, -10, 0, 0, -1, 3, 0, 0, 17 ]
[ -1, -10, 0, 0, -6, 1, 0, -1, 3 ]
[ 0, -1, 3, 1, 10, 0, 0, 0, 17 ]
[ -1, -4, -1, 0, -1, 3, 0, 0, 17 ]
[ 1, 4, 1, 1, 10, 0, 0, -1, 3 ]
[ 0, -1, 3, 1, 4, 1, 0, 0, 17 ]
[ 2, 3, 0, 1, 4, 1, 0, -1, 3 ]
[ 1, 1, 10, 2, 3, 0, 0, 0, 17 ]
[ 0, -1, 3, 1, 1, 10, 0, 0, 17 ]
[ 0, -1, 3, 2, 3, 0, 1, 1, 10 ]
[ -1, -1, -10, 0, -1, 3, 0, 0, 17 ]
[ -2, -3, 0, 1, 1, 10, 0, 0, 17 ]
[ -2, -3, 0, 0, -1, 3, 1, 1, 10 ]
[ 17, 0, 0, 8, 1, 0, 4, 0, 1 ]
[ 1, -2, 0, 0, 17, 0, 0, 8, 1 ]
[ 8, 1, 0, -1, 2, 0, 4, 0, 1 ]
[ 1, 0, -4, 8, 1, 0, 0, 0, 17 ]
[ 4, 0, 1, 8, 1, 0, -1, 0, 4 ]
[ -1, 2, 0, 0, -1, 2, 0, 0, 17 ]
[ 1, -2, 0, 0, 8, 1, 0, -1, 2 ]
[ 1, -1, -2, -1, 2, 0, 0, 0, 17 ]
[ 4, 0, 1, -1, 2, 0, -1, 1, 2 ]
[ 8, 1, 0, -1, 0, 4, 0, 0, 17 ]
[ -8, -1, 0, 4, 0, 1, -1, 0, 4 ]
[ 1, 0, -4, -1, 1, 2, 0, 0, 17 ]
[ 4, 0, 1, -1, 1, 2, -1, 0, 4 ]
[ 17, 0, 0, 4, 1, 0, 4, 0, 1 ]
[ -1, 4, 0, 0, -1, 1, 0, 0, 17 ]
[ 1, -4, 0, 0, 17, 0, 0, -1, 1 ]
[ 0, 1, -1, -1, 4, 0, 0, 0, 17 ]
[ 4, 1, 0, -1, 4, 0, 0, -1, 1 ]
[ 1, 0, -4, 4, 1, 0, 0, 0, 17 ]
[ 4, 0, 1, 4, 1, 0, -1, 0, 4 ]
[ -1, 0, 4, 0, -1, 1, 0, 0, 17 ]
[ 4, 1, 0, -1, 0, 4, 0, 0, 17 ]
[ -4, -1, 0, 0, -1, 1, -1, 0, 4 ]
[ 17, 0, 0, 0, 1, 0, -6, 0, 1 ]
[ 1, 0, -3, 0, 1, 0, 0, 0, 17 ]
[ 6, 0, -1, 0, 1, 0, -1, 0, 3 ]
[ 17, 0, 0, 6, 1, 0, -6, 0, 1 ]
[ 1, 3, 0, 0, 1, 1, 0, 0, 17 ]
[ 1, 3, 0, 0, 17, 0, 0, 1, 1 ]
[ 0, -1, -1, 1, 3, 0, 0, 0, 17 ]
[ 6, 1, 0, 1, 3, 0, 0, 1, 1 ]
[ 1, 0, -3, 6, 1, 0, 0, 0, 17 ]
[ 6, 0, -1, 6, 1, 0, -1, 0, 3 ]
[ 1, 0, -3, 0, 1, 1, 0, 0, 17 ]
[ 6, 1, 0, -1, 0, 3, 0, 0, 17 ]
[ 6, 1, 0, 0, 1, 1, -1, 0, 3 ]
[ 17, 0, 0, -5, 1, 0, -6, 0, 1 ]
[ 1, 1, -1, 2, 3, 0, 0, 0, 17 ]
[ 5, -1, 0, 2, 3, 0, -1, -1, 1 ]
[ 1, 0, -3, -5, 1, 0, 0, 0, 17 ]
[ 6, 0, -1, -5, 1, 0, -1, 0, 3 ]
[ 1, 10, 0, 0, 17, 0, 0, -8, 1 ]
[ 2, 3, 0, 1, 2, 1, 0, 0, 17 ]
[ 2, 3, 0, 1, 10, 0, 1, 2, 1 ]
[ -1, 0, 3, -1, -1, 1, 0, 0, 17 ]
[ -5, 1, 0, -1, 0, 3, 0, 0, 17 ]
[ -5, 1, 0, -1, -1, 1, -1, 0, 3 ]
[ 1, 10, 0, 0, 1, 2, 0, 0, 17 ]
[ -1, -10, 0, 0, -8, 1, 0, 1, 2 ]
[ 0, -1, -2, 1, 10, 0, 0, 0, 17 ]
[ 1, 2, 1, 0, 1, 2, 0, 0, 17 ]
[ 1, 2, 1, 1, 10, 0, 0, 1, 2 ]
[ 1, 1, 0, 0, 17, 0, 0, 6, 1 ]
[ 17, 0, 0, 1, 1, 0, -6, 0, 1 ]
[ 1, 1, 0, 0, 1, 3, 0, 0, 17 ]
[ 1, 1, 0, 0, 6, 1, 0, 1, 3 ]
[ 1, 0, -3, 1, 1, 0, 0, 0, 17 ]
[ 6, 0, -1, 1, 1, 0, -1, 0, 3 ]
[ 17, 0, 0, 7, 1, 0, -6, 0, 1 ]
[ 7, 1, 0, -3, 2, 0, 1, 1, 1 ]
[ 1, 0, -3, 7, 1, 0, 0, 0, 17 ]
[ 6, 0, -1, 7, 1, 0, -1, 0, 3 ]
[ 1, 5, 0, 0, 17, 0, 0, -4, 1 ]
[ 3, -2, 0, 1, 5, 0, 1, 1, 1 ]
[ 1, 1, 1, -1, 0, 3, 0, 0, 17 ]
[ 1, 1, 1, -3, 2, 0, -1, 0, 3 ]
[ 1, 0, -3, 1, 1, 1, 0, 0, 17 ]
[ 7, 1, 0, -1, 0, 3, 0, 0, 17 ]
[ 7, 1, 0, 1, 1, 1, -1, 0, 3 ]
[ 1, 5, 0, 0, 1, 4, 0, 0, 17 ]
[ -1, -5, 0, 0, -4, 1, 0, 1, 4 ]
[ 0, -1, -4, 1, 5, 0, 0, 0, 17 ]
[ 1, 1, 1, 0, 1, 4, 0, 0, 17 ]
[ 1, 1, 1, 1, 5, 0, 0, 1, 4 ]
[ 3, -2, 0, 1, 1, 1, -1, 0, 3 ]
[ 2, -1, -10, -3, 2, 0, 0, 0, 17 ]
[ 1, 0, -3, -2, 1, 10, 0, 0, 17 ]
[ 1, 0, -3, -3, 2, 0, -2, 1, 10 ]
[ 1, 0, -3, 1, 1, 1, 0, 0, 17 ]
[ -2, 1, 10, -1, 0, 3, 0, 0, 17 ]
[ -3, 2, 0, -2, 1, 10, 0, 0, 17 ]
[ -3, 2, 0, -1, 0, 3, -2, 1, 10 ]
[ 17, 0, 0, -4, 1, 0, -6, 0, 1 ]
[ 1, 4, 0, 0, 17, 0, 0, 7, 1 ]
[ 4, -1, 0, 1, 4, 0, -2, -1, 1 ]
[ 1, 0, -3, -4, 1, 0, 0, 0, 17 ]
[ 6, 0, -1, -4, 1, 0, -1, 0, 3 ]
[ 1, 4, 0, 0, 7, 1, 0, -3, 2 ]
[ 2, 1, -1, 1, 1, 2, 0, 0, 17 ]
[ 2, 1, -1, 1, 4, 0, 1, 1, 2 ]
[ -1, 0, 3, -2, -1, 1, 0, 0, 17 ]
[ -4, 1, 0, -1, 0, 3, 0, 0, 17 ]
[ -4, 1, 0, -2, -1, 1, -1, 0, 3 ]
[ 1, 4, 0, 0, 1, 5, 0, 0, 17 ]
[ -1, -4, 0, 0, -3, 2, 0, 1, 5 ]
[ 0, -1, -5, 1, 4, 0, 0, 0, 17 ]
[ 1, 1, 2, 0, 1, 5, 0, 0, 17 ]
[ 1, 1, 2, 1, 4, 0, 0, 1, 5 ]
[ 17, 0, 0, 2, 1, 0, -6, 0, 1 ]
[ 1, 9, 0, 0, 17, 0, 0, 3, 1 ]
[ 2, 1, 0, 1, 9, 0, 0, 3, 1 ]
[ 1, 0, -3, 2, 1, 0, 0, 0, 17 ]
[ 6, 0, -1, 2, 1, 0, -1, 0, 3 ]
[ 1, 9, 0, 0, 1, 6, 0, 0, 17 ]
[ 1, 9, 0, 0, 3, 1, 0, 1, 6 ]
[ 0, -1, -6, 1, 9, 0, 0, 0, 17 ]
[ 0, -3, -1, 1, 9, 0, 0, 1, 6 ]
[ 2, 1, 0, 1, 1, 3, 0, 0, 17 ]
[ 2, 1, 0, 0, 3, 1, 1, 1, 3 ]
[ 1, 1, 3, 0, 1, 6, 0, 0, 17 ]
[ 1, 1, 3, 0, 3, 1, 0, 1, 6 ]
[ 17, 0, 0, 8, 1, 0, -6, 0, 1 ]
[ 1, -2, 0, 0, 17, 0, 0, 5, 1 ]
[ 8, 1, 0, -1, 2, 0, 2, 1, 1 ]
[ 1, 0, -3, 8, 1, 0, 0, 0, 17 ]
[ 6, 0, -1, 8, 1, 0, -1, 0, 3 ]
[ 1, -2, 0, 0, 5, 1, 0, -2, 3 ]
[ 2, 1, 1, -1, 0, 3, 0, 0, 17 ]
[ 2, 1, 1, -1, 2, 0, -1, 0, 3 ]
[ 1, 0, -3, 2, 1, 1, 0, 0, 17 ]
[ 8, 1, 0, -1, 0, 3, 0, 0, 17 ]
[ 8, 1, 0, 2, 1, 1, -1, 0, 3 ]
[ -1, 2, 0, 0, -1, 10, 0, 0, 17 ]
[ -1, 2, 0, 0, -2, 3, 0, -1, 10 ]
[ 1, -1, -10, -1, 2, 0, 0, 0, 17 ]
[ 1, 0, -3, -1, 1, 10, 0, 0, 17 ]
[ 1, 0, -3, -1, 2, 0, -1, 1, 10 ]
[ 17, 0, 0, -3, 1, 0, -6, 0, 1 ]
[ 1, -6, 0, 0, 17, 0, 0, -2, 1 ]
[ 3, -1, 0, -1, 6, 0, 0, -2, 1 ]
[ 1, 0, -3, -3, 1, 0, 0, 0, 17 ]
[ 6, 0, -1, -3, 1, 0, -1, 0, 3 ]
[ -1, 6, 0, 0, -1, 9, 0, 0, 17 ]
[ -1, 6, 0, 0, -2, 1, 0, -1, 9 ]
[ 0, 1, -9, -1, 6, 0, 0, 0, 17 ]
[ 0, 2, -1, -1, 6, 0, 0, -1, 9 ]
[ -3, 1, 0, -1, 0, 3, 0, 0, 17 ]
[ -3, 1, 0, 0, -2, 1, -1, 0, 3 ]
[ -1, 0, 3, 0, -1, 9, 0, 0, 17 ]
[ -1, 0, 3, 0, -2, 1, 0, -1, 9 ]
[ 17, 0, 0, 3, 1, 0, -6, 0, 1 ]
[ 1, 6, 0, 0, 17, 0, 0, 2, 1 ]
[ 3, 1, 0, 1, 6, 0, 0, 2, 1 ]
[ 1, 0, -3, 3, 1, 0, 0, 0, 17 ]
[ 6, 0, -1, 3, 1, 0, -1, 0, 3 ]
[ 1, 6, 0, 0, 1, 9, 0, 0, 17 ]
[ 1, 6, 0, 0, 2, 1, 0, 1, 9 ]
[ 0, -1, -9, 1, 6, 0, 0, 0, 17 ]
[ 0, -2, -1, 1, 6, 0, 0, 1, 9 ]
[ 3, 1, 0, -1, 0, 3, 0, 0, 17 ]
[ 3, 1, 0, 0, 2, 1, -1, 0, 3 ]
[ 1, 0, -3, 0, 1, 9, 0, 0, 17 ]
[ 1, 0, -3, 0, 2, 1, 0, 1, 9 ]
[ 17, 0, 0, -8, 1, 0, -6, 0, 1 ]
[ 1, 2, 0, 0, 17, 0, 0, -5, 1 ]
[ 8, -1, 0, 1, 2, 0, 2, -1, 1 ]
[ 1, 0, -3, -8, 1, 0, 0, 0, 17 ]
[ 6, 0, -1, -8, 1, 0, -1, 0, 3 ]
[ -1, -2, 0, 0, -5, 1, 0, 2, 3 ]
[ -2, 1, -1, -1, 0, 3, 0, 0, 17 ]
[ 2, -1, 1, 1, 2, 0, -1, 0, 3 ]
[ -1, 0, 3, 2, -1, 1, 0, 0, 17 ]
[ -8, 1, 0, -1, 0, 3, 0, 0, 17 ]
[ -8, 1, 0, 2, -1, 1, -1, 0, 3 ]
[ 1, 2, 0, 0, 1, 10, 0, 0, 17 ]
[ 1, 2, 0, 0, 2, 3, 0, 1, 10 ]
[ 0, -1, -10, 1, 2, 0, 0, 0, 17 ]
[ 1, 0, -3, 0, 1, 10, 0, 0, 17 ]
[ 1, 0, -3, 1, 2, 0, 0, 1, 10 ]
[ 17, 0, 0, -2, 1, 0, -6, 0, 1 ]
[ 1, -9, 0, 0, 17, 0, 0, -3, 1 ]
[ 2, -1, 0, -1, 9, 0, 0, -3, 1 ]
[ 1, 0, -3, -2, 1, 0, 0, 0, 17 ]
[ 6, 0, -1, -2, 1, 0, -1, 0, 3 ]
[ -1, 9, 0, 0, -1, 6, 0, 0, 17 ]
[ -1, 9, 0, 0, -3, 1, 0, -1, 6 ]
[ 0, 1, -6, -1, 9, 0, 0, 0, 17 ]
[ 0, 3, -1, -1, 9, 0, 0, -1, 6 ]
[ -2, 1, 0, -1, 0, 3, 0, 0, 17 ]
[ -2, 1, 0, 0, -3, 1, -1, 0, 3 ]
[ -1, 0, 3, 0, -1, 6, 0, 0, 17 ]
[ -1, 0, 3, 0, -3, 1, 0, -1, 6 ]
[ 17, 0, 0, 4, 1, 0, -6, 0, 1 ]
[ 1, -4, 0, 0, 17, 0, 0, -7, 1 ]
[ 4, 1, 0, -1, 4, 0, -2, 1, 1 ]
[ 1, 0, -3, 4, 1, 0, 0, 0, 17 ]
[ 6, 0, -1, 4, 1, 0, -1, 0, 3 ]
[ -1, 4, 0, 0, -7, 1, 0, 3, 2 ]
[ -2, 1, 1, 1, -1, 2, 0, 0, 17 ]
[ 2, -1, -1, -1, 4, 0, 1, -1, 2 ]
[ 1, 0, -3, -2, 1, 1, 0, 0, 17 ]
[ 4, 1, 0, -1, 0, 3, 0, 0, 17 ]
[ 4, 1, 0, -2, 1, 1, -1, 0, 3 ]
[ -1, 4, 0, 0, -1, 5, 0, 0, 17 ]
[ 1, -4, 0, 0, 3, 2, 0, -1, 5 ]
[ 0, 1, -5, -1, 4, 0, 0, 0, 17 ]
[ -1, 1, -2, 0, -1, 5, 0, 0, 17 ]
[ 1, -1, 2, -1, 4, 0, 0, -1, 5 ]
[ 17, 0, 0, -7, 1, 0, -6, 0, 1 ]
[ 7, -1, 0, 3, 2, 0, 1, -1, 1 ]
[ 1, 0, -3, -7, 1, 0, 0, 0, 17 ]
[ 6, 0, -1, -7, 1, 0, -1, 0, 3 ]
[ 1, -5, 0, 0, 17, 0, 0, 4, 1 ]
[ 3, 2, 0, -1, 5, 0, 1, -1, 1 ]
[ -1, 1, -1, -1, 0, 3, 0, 0, 17 ]
[ 1, -1, 1, 3, 2, 0, -1, 0, 3 ]
[ -1, 0, 3, 1, -1, 1, 0, 0, 17 ]
[ -7, 1, 0, -1, 0, 3, 0, 0, 17 ]
[ -7, 1, 0, 1, -1, 1, -1, 0, 3 ]
[ -1, 5, 0, 0, -1, 4, 0, 0, 17 ]
[ 1, -5, 0, 0, 4, 1, 0, -1, 4 ]
[ 0, 1, -4, -1, 5, 0, 0, 0, 17 ]
[ -1, 1, -1, 0, -1, 4, 0, 0, 17 ]
[ 1, -1, 1, -1, 5, 0, 0, -1, 4 ]
[ -3, -2, 0, 1, -1, 1, -1, 0, 3 ]
[ -1, -1, -10, 3, 2, 0, 0, 0, 17 ]
[ 1, 0, -3, 1, 1, 10, 0, 0, 17 ]
[ 1, 0, -3, 3, 2, 0, 1, 1, 10 ]
[ -1, 0, 3, 1, -1, 1, 0, 0, 17 ]
[ 1, 1, 10, -1, 0, 3, 0, 0, 17 ]
[ 3, 2, 0, 1, 1, 10, 0, 0, 17 ]
[ 3, 2, 0, -1, 0, 3, 1, 1, 10 ]
[ 1, -1, 0, 0, 17, 0, 0, -6, 1 ]
[ 17, 0, 0, -1, 1, 0, -6, 0, 1 ]
[ -1, 1, 0, 0, -1, 3, 0, 0, 17 ]
[ -1, 1, 0, 0, -6, 1, 0, -1, 3 ]
[ 1, 0, -3, -1, 1, 0, 0, 0, 17 ]
[ 6, 0, -1, -1, 1, 0, -1, 0, 3 ]
[ 17, 0, 0, 5, 1, 0, -6, 0, 1 ]
[ 1, -1, -1, -2, 3, 0, 0, 0, 17 ]
[ 5, 1, 0, -2, 3, 0, -1, 1, 1 ]
[ 1, 0, -3, 5, 1, 0, 0, 0, 17 ]
[ 6, 0, -1, 5, 1, 0, -1, 0, 3 ]
[ 1, -10, 0, 0, 17, 0, 0, 8, 1 ]
[ -2, 3, 0, 1, -2, 1, 0, 0, 17 ]
[ 2, -3, 0, -1, 10, 0, 1, -2, 1 ]
[ 1, 0, -3, -1, 1, 1, 0, 0, 17 ]
[ 5, 1, 0, -1, 0, 3, 0, 0, 17 ]
[ 5, 1, 0, -1, 1, 1, -1, 0, 3 ]
[ -1, 10, 0, 0, -1, 2, 0, 0, 17 ]
[ 1, -10, 0, 0, 8, 1, 0, -1, 2 ]
[ 0, 1, -2, -1, 10, 0, 0, 0, 17 ]
[ -1, 2, -1, 0, -1, 2, 0, 0, 17 ]
[ 1, -2, 1, -1, 10, 0, 0, -1, 2 ]
[ 17, 0, 0, -6, 1, 0, -6, 0, 1 ]
[ -1, 3, 0, 0, -1, 1, 0, 0, 17 ]
[ 1, -3, 0, 0, 17, 0, 0, -1, 1 ]
[ 0, 1, -1, -1, 3, 0, 0, 0, 17 ]
[ 6, -1, 0, -1, 3, 0, 0, -1, 1 ]
[ 1, 0, -3, -6, 1, 0, 0, 0, 17 ]
[ 6, 0, -1, -6, 1, 0, -1, 0, 3 ]
[ -1, 0, 3, 0, -1, 1, 0, 0, 17 ]
[ -6, 1, 0, -1, 0, 3, 0, 0, 17 ]
[ -6, 1, 0, 0, -1, 1, -1, 0, 3 ]
[ 17, 0, 0, 0, 1, 0, 8, 0, 1 ]
[ 1, 0, -2, 0, 1, 0, 0, 0, 17 ]
[ 8, 0, 1, 0, 1, 0, -1, 0, 2 ]
[ 17, 0, 0, -8, 1, 0, 8, 0, 1 ]
[ 1, 2, 0, 0, 1, 1, 0, 0, 17 ]
[ 1, 2, 0, 0, 17, 0, 0, 1, 1 ]
[ 0, -1, -1, 1, 2, 0, 0, 0, 17 ]
[ 8, -1, 0, 1, 2, 0, 0, 1, 1 ]
[ 1, 0, -2, -8, 1, 0, 0, 0, 17 ]
[ 8, 0, 1, -8, 1, 0, -1, 0, 2 ]
[ 1, 0, -2, 0, 1, 1, 0, 0, 17 ]
[ -8, 1, 0, -1, 0, 2, 0, 0, 17 ]
[ 8, -1, 0, 0, 1, 1, -1, 0, 2 ]
[ 1, 1, 0, 0, 17, 0, 0, -8, 1 ]
[ 17, 0, 0, 1, 1, 0, 8, 0, 1 ]
[ 1, 1, 0, 0, 1, 2, 0, 0, 17 ]
[ -1, -1, 0, 0, -8, 1, 0, 1, 2 ]
[ 1, 0, -2, 1, 1, 0, 0, 0, 17 ]
[ 8, 0, 1, 1, 1, 0, -1, 0, 2 ]
[ 17, 0, 0, -7, 1, 0, 8, 0, 1 ]
[ -1, -1, -1, 3, 2, 0, 0, 0, 17 ]
[ 7, -1, 0, 3, 2, 0, 1, 1, 1 ]
[ 1, 0, -2, -7, 1, 0, 0, 0, 17 ]
[ 8, 0, 1, -7, 1, 0, -1, 0, 2 ]
[ 1, -5, 0, 0, 17, 0, 0, 6, 1 ]
[ 3, 2, 0, 1, 1, 1, 0, 0, 17 ]
[ 3, 2, 0, -1, 5, 0, 1, 1, 1 ]
[ 1, 0, -2, 1, 1, 1, 0, 0, 17 ]
[ -7, 1, 0, -1, 0, 2, 0, 0, 17 ]
[ 7, -1, 0, 1, 1, 1, -1, 0, 2 ]
[ 1, -5, 0, 0, 1, 3, 0, 0, 17 ]
[ 1, -5, 0, 0, 6, 1, 0, 1, 3 ]
[ 0, 1, 3, -1, 5, 0, 0, 0, 17 ]
[ 1, 1, 1, 0, 1, 3, 0, 0, 17 ]
[ 1, 1, 1, -1, 5, 0, 0, 1, 3 ]
[ 17, 0, 0, 2, 1, 0, 8, 0, 1 ]
[ 1, 9, 0, 0, 17, 0, 0, -4, 1 ]
[ 2, 1, 0, 1, 9, 0, 0, -4, 1 ]
[ 1, 0, -2, 2, 1, 0, 0, 0, 17 ]
[ 8, 0, 1, 2, 1, 0, -1, 0, 2 ]
[ 1, 9, 0, 0, 1, 4, 0, 0, 17 ]
[ -1, -9, 0, 0, -4, 1, 0, 1, 4 ]
[ 0, -1, -4, 1, 9, 0, 0, 0, 17 ]
[ 0, -4, 1, 1, 9, 0, 0, 1, 4 ]
[ 2, 1, 0, 1, 1, 2, 0, 0, 17 ]
[ -2, -1, 0, 0, -4, 1, 1, 1, 2 ]
[ 1, 1, 2, 0, 1, 4, 0, 0, 17 ]
[ -1, -1, -2, 0, -4, 1, 0, 1, 4 ]
[ 17, 0, 0, -6, 1, 0, 8, 0, 1 ]
[ 1, -3, 0, 0, 17, 0, 0, 7, 1 ]
[ 6, -1, 0, -1, 3, 0, 2, 1, 1 ]
[ 1, 0, -2, -6, 1, 0, 0, 0, 17 ]
[ 8, 0, 1, -6, 1, 0, -1, 0, 2 ]
[ 1, -3, 0, 0, 7, 1, 0, -3, 2 ]
[ 2, 1, 1, -1, 0, 2, 0, 0, 17 ]
[ 2, 1, 1, -1, 3, 0, -1, 0, 2 ]
[ 1, 0, -2, 2, 1, 1, 0, 0, 17 ]
[ -6, 1, 0, -1, 0, 2, 0, 0, 17 ]
[ 6, -1, 0, 2, 1, 1, -1, 0, 2 ]
[ 1, -3, 0, 0, 1, 5, 0, 0, 17 ]
[ -1, 3, 0, 0, -3, 2, 0, 1, 5 ]
[ 0, 1, 5, -1, 3, 0, 0, 0, 17 ]
[ 1, 0, -2, 0, 1, 5, 0, 0, 17 ]
[ 1, 0, -2, -1, 3, 0, 0, 1, 5 ]
[ 17, 0, 0, 3, 1, 0, 8, 0, 1 ]
[ 1, 6, 0, 0, 17, 0, 0, 3, 1 ]
[ 3, 1, 0, 1, 6, 0, -1, -3, 1 ]
[ 1, 0, -2, 3, 1, 0, 0, 0, 17 ]
[ 8, 0, 1, 3, 1, 0, -1, 0, 2 ]
[ 1, 6, 0, 0, 1, 6, 0, 0, 17 ]
[ 1, 6, 0, 0, 3, 1, 0, 1, 6 ]
[ 0, -1, -6, 1, 6, 0, 0, 0, 17 ]
[ 1, 3, -1, 0, 1, 6, 0, 0, 17 ]
[ 1, 3, -1, 1, 6, 0, 0, 1, 6 ]
[ 3, 1, 0, -1, 0, 2, 0, 0, 17 ]
[ -3, -1, 0, -1, -3, 1, -1, 0, 2 ]
[ 0, 1, 6, -1, -3, 1, 0, 0, 17 ]
[ 1, 0, -2, 0, 1, 6, 0, 0, 17 ]
[ -1, 0, 2, -1, -3, 1, 0, 1, 6 ]
[ 17, 0, 0, -5, 1, 0, 8, 0, 1 ]
[ 5, -1, 0, 2, 3, 0, 3, 1, 1 ]
[ 1, 0, -2, -5, 1, 0, 0, 0, 17 ]
[ 8, 0, 1, -5, 1, 0, -1, 0, 2 ]
[ 1, 10, 0, 0, 17, 0, 0, 5, 1 ]
[ 2, 3, 0, 1, 10, 0, -1, -5, 1 ]
[ 3, 1, 1, -1, 0, 2, 0, 0, 17 ]
[ 3, 1, 1, 2, 3, 0, -1, 0, 2 ]
[ 1, 0, -2, 3, 1, 1, 0, 0, 17 ]
[ -5, 1, 0, -1, 0, 2, 0, 0, 17 ]
[ 5, -1, 0, 3, 1, 1, -1, 0, 2 ]
[ 1, 10, 0, 0, 5, 1, 0, -2, 3 ]
[ 1, 5, -1, 1, 10, 0, 0, -2, 3 ]
[ -2, -3, 0, -1, -5, 1, 1, 3, 2 ]
[ 1, 1, 5, 2, 3, 0, 0, 0, 17 ]
[ 1, 0, -2, 1, 1, 5, 0, 0, 17 ]
[ 1, 0, -2, 2, 3, 0, 1, 1, 5 ]
[ -1, -10, 0, 0, -1, 10, 0, 0, 17 ]
[ -1, -10, 0, 0, -2, 3, 0, -1, 10 ]
[ 0, -1, 10, 1, 10, 0, 0, 0, 17 ]
[ 0, -2, 3, 1, 10, 0, 0, -1, 10 ]
[ -1, -5, 1, 0, -1, 10, 0, 0, 17 ]
[ -1, -5, 1, 0, -2, 3, 0, -1, 10 ]
[ 0, 1, -10, -1, -5, 1, 0, 0, 17 ]
[ -1, -3, -2, 0, -1, 10, 0, 0, 17 ]
[ -1, -3, -2, -1, -5, 1, 0, -1, 10 ]
[ 1, 2, -5, 1, 3, 2, 0, 0, 17 ]
[ -2, -3, 0, -1, -2, 5, 0, 0, 17 ]
[ 2, 3, 0, 1, 3, 2, -1, -2, 5 ]
[ 17, 0, 0, 4, 1, 0, 8, 0, 1 ]
[ 1, -4, 0, 0, 17, 0, 0, -2, 1 ]
[ 4, 1, 0, -1, 4, 0, 0, -2, 1 ]
[ 1, 0, -2, 4, 1, 0, 0, 0, 17 ]
[ 8, 0, 1, 4, 1, 0, -1, 0, 2 ]
[ -1, 4, 0, 0, -1, 9, 0, 0, 17 ]
[ -1, 4, 0, 0, -2, 1, 0, -1, 9 ]
[ 0, 1, -9, -1, 4, 0, 0, 0, 17 ]
[ 0, 2, -1, -1, 4, 0, 0, -1, 9 ]
[ 4, 1, 0, -1, 0, 2, 0, 0, 17 ]
[ -4, -1, 0, 0, -2, 1, -1, 0, 2 ]
[ -1, 0, 2, 0, -1, 9, 0, 0, 17 ]
[ -1, 0, 2, 0, -2, 1, 0, -1, 9 ]
[ 17, 0, 0, -4, 1, 0, 8, 0, 1 ]
[ 1, 4, 0, 0, 17, 0, 0, 2, 1 ]
[ 4, -1, 0, 1, 4, 0, 0, 2, 1 ]
[ 1, 0, -2, -4, 1, 0, 0, 0, 17 ]
[ 8, 0, 1, -4, 1, 0, -1, 0, 2 ]
[ 1, 4, 0, 0, 1, 9, 0, 0, 17 ]
[ 1, 4, 0, 0, 2, 1, 0, 1, 9 ]
[ 0, -1, -9, 1, 4, 0, 0, 0, 17 ]
[ 0, -2, -1, 1, 4, 0, 0, 1, 9 ]
[ -4, 1, 0, -1, 0, 2, 0, 0, 17 ]
[ 4, -1, 0, 0, 2, 1, -1, 0, 2 ]
[ 1, 0, -2, 0, 1, 9, 0, 0, 17 ]
[ 1, 0, -2, 0, 2, 1, 0, 1, 9 ]
[ 17, 0, 0, 5, 1, 0, 8, 0, 1 ]
[ 5, 1, 0, -2, 3, 0, 3, -1, 1 ]
[ 1, 0, -2, 5, 1, 0, 0, 0, 17 ]
[ 8, 0, 1, 5, 1, 0, -1, 0, 2 ]
[ 1, -10, 0, 0, 17, 0, 0, -5, 1 ]
[ 2, -3, 0, -1, 10, 0, -1, 5, 1 ]
[ -3, 1, -1, -1, 0, 2, 0, 0, 17 ]
[ 3, -1, 1, -2, 3, 0, -1, 0, 2 ]
[ -1, 0, 2, 3, -1, 1, 0, 0, 17 ]
[ 5, 1, 0, -1, 0, 2, 0, 0, 17 ]
[ -5, -1, 0, 3, -1, 1, -1, 0, 2 ]
[ -1, 10, 0, 0, -5, 1, 0, 2, 3 ]
[ 1, -5, -1, -1, 10, 0, 0, 2, 3 ]
[ 2, -3, 0, -1, 5, 1, 1, -3, 2 ]
[ 1, -1, 5, -2, 3, 0, 0, 0, 17 ]
[ -1, 0, 2, 1, -1, 5, 0, 0, 17 ]
[ 1, 0, -2, -2, 3, 0, 1, -1, 5 ]
[ 1, -10, 0, 0, 1, 10, 0, 0, 17 ]
[ 1, -10, 0, 0, 2, 3, 0, 1, 10 ]
[ 0, 1, 10, -1, 10, 0, 0, 0, 17 ]
[ 0, 2, 3, -1, 10, 0, 0, 1, 10 ]
[ 1, -5, -1, 0, 1, 10, 0, 0, 17 ]
[ 1, -5, -1, 0, 2, 3, 0, 1, 10 ]
[ 0, 1, 10, -1, 5, 1, 0, 0, 17 ]
[ 1, -3, 2, 0, 1, 10, 0, 0, 17 ]
[ 1, -3, 2, -1, 5, 1, 0, 1, 10 ]
[ -1, 2, 5, 1, -3, 2, 0, 0, 17 ]
[ 2, -3, 0, -1, 2, 5, 0, 0, 17 ]
[ -2, 3, 0, 1, -3, 2, -1, 2, 5 ]
[ 17, 0, 0, -3, 1, 0, 8, 0, 1 ]
[ 1, -6, 0, 0, 17, 0, 0, -3, 1 ]
[ 3, -1, 0, -1, 6, 0, -1, 3, 1 ]
[ 1, 0, -2, -3, 1, 0, 0, 0, 17 ]
[ 8, 0, 1, -3, 1, 0, -1, 0, 2 ]
[ -1, 6, 0, 0, -1, 6, 0, 0, 17 ]
[ -1, 6, 0, 0, -3, 1, 0, -1, 6 ]
[ 0, 1, -6, -1, 6, 0, 0, 0, 17 ]
[ -1, 3, 1, 0, -1, 6, 0, 0, 17 ]
[ 1, -3, -1, -1, 6, 0, 0, -1, 6 ]
[ -3, 1, 0, -1, 0, 2, 0, 0, 17 ]
[ 3, -1, 0, -1, 3, 1, -1, 0, 2 ]
[ 0, 1, -6, -1, 3, 1, 0, 0, 17 ]
[ -1, 0, 2, 0, -1, 6, 0, 0, 17 ]
[ 1, 0, -2, -1, 3, 1, 0, -1, 6 ]
[ 17, 0, 0, 6, 1, 0, 8, 0, 1 ]
[ 1, 3, 0, 0, 17, 0, 0, -7, 1 ]
[ 6, 1, 0, 1, 3, 0, 2, -1, 1 ]
[ 1, 0, -2, 6, 1, 0, 0, 0, 17 ]
[ 8, 0, 1, 6, 1, 0, -1, 0, 2 ]
[ -1, -3, 0, 0, -7, 1, 0, 3, 2 ]
[ -2, 1, -1, -1, 0, 2, 0, 0, 17 ]
[ 2, -1, 1, 1, 3, 0, -1, 0, 2 ]
[ -1, 0, 2, 2, -1, 1, 0, 0, 17 ]
[ 6, 1, 0, -1, 0, 2, 0, 0, 17 ]
[ -6, -1, 0, 2, -1, 1, -1, 0, 2 ]
[ -1, -3, 0, 0, -1, 5, 0, 0, 17 ]
[ 1, 3, 0, 0, 3, 2, 0, -1, 5 ]
[ 0, -1, 5, 1, 3, 0, 0, 0, 17 ]
[ -1, 0, 2, 0, -1, 5, 0, 0, 17 ]
[ 1, 0, -2, 1, 3, 0, 0, -1, 5 ]
[ 17, 0, 0, -2, 1, 0, 8, 0, 1 ]
[ 1, -9, 0, 0, 17, 0, 0, 4, 1 ]
[ 2, -1, 0, -1, 9, 0, 0, 4, 1 ]
[ 1, 0, -2, -2, 1, 0, 0, 0, 17 ]
[ 8, 0, 1, -2, 1, 0, -1, 0, 2 ]
[ -1, 9, 0, 0, -1, 4, 0, 0, 17 ]
[ 1, -9, 0, 0, 4, 1, 0, -1, 4 ]
[ 0, 1, -4, -1, 9, 0, 0, 0, 17 ]
[ 0, 4, 1, -1, 9, 0, 0, -1, 4 ]
[ -2, 1, 0, -1, 0, 2, 0, 0, 17 ]
[ 2, -1, 0, 0, 4, 1, -1, 0, 2 ]
[ -1, 0, 2, 0, -1, 4, 0, 0, 17 ]
[ 1, 0, -2, 0, 4, 1, 0, -1, 4 ]
[ 17, 0, 0, 7, 1, 0, 8, 0, 1 ]
[ -1, 1, -1, -3, 2, 0, 0, 0, 17 ]
[ 7, 1, 0, -3, 2, 0, 1, -1, 1 ]
[ 1, 0, -2, 7, 1, 0, 0, 0, 17 ]
[ 8, 0, 1, 7, 1, 0, -1, 0, 2 ]
[ 1, 5, 0, 0, 17, 0, 0, -6, 1 ]
[ -3, 2, 0, 1, -1, 1, 0, 0, 17 ]
[ 3, -2, 0, 1, 5, 0, 1, -1, 1 ]
[ -1, 0, 2, 1, -1, 1, 0, 0, 17 ]
[ 7, 1, 0, -1, 0, 2, 0, 0, 17 ]
[ -7, -1, 0, 1, -1, 1, -1, 0, 2 ]
[ -1, -5, 0, 0, -1, 3, 0, 0, 17 ]
[ -1, -5, 0, 0, -6, 1, 0, -1, 3 ]
[ 0, -1, 3, 1, 5, 0, 0, 0, 17 ]
[ -1, 1, -1, 0, -1, 3, 0, 0, 17 ]
[ 1, -1, 1, 1, 5, 0, 0, -1, 3 ]
[ 1, -1, 0, 0, 17, 0, 0, 8, 1 ]
[ 17, 0, 0, -1, 1, 0, 8, 0, 1 ]
[ -1, 1, 0, 0, -1, 2, 0, 0, 17 ]
[ 1, -1, 0, 0, 8, 1, 0, -1, 2 ]
[ 1, 0, -2, -1, 1, 0, 0, 0, 17 ]
[ 8, 0, 1, -1, 1, 0, -1, 0, 2 ]
[ 17, 0, 0, 8, 1, 0, 8, 0, 1 ]
[ -1, 2, 0, 0, -1, 1, 0, 0, 17 ]
[ 1, -2, 0, 0, 17, 0, 0, -1, 1 ]
[ 0, 1, -1, -1, 2, 0, 0, 0, 17 ]
[ 8, 1, 0, -1, 2, 0, 0, -1, 1 ]
[ 1, 0, -2, 8, 1, 0, 0, 0, 17 ]
[ 8, 0, 1, 8, 1, 0, -1, 0, 2 ]
[ -1, 0, 2, 0, -1, 1, 0, 0, 17 ]
[ 8, 1, 0, -1, 0, 2, 0, 0, 17 ]
[ -8, -1, 0, 0, -1, 1, -1, 0, 2 ]
[ 1, 0, -1, 0, 1, 0, 0, 0, 17 ]
[ 17, 0, 0, 0, 1, 0, -1, 0, 1 ]
[ 1, 1, 0, 0, 1, 1, 0, 0, 17 ]
[ 1, 1, 0, 0, 17, 0, 0, 1, 1 ]
[ 1, 0, -1, 1, 1, 0, 0, 0, 17 ]
[ 17, 0, 0, 1, 1, 0, -1, 0, 1 ]
[ 1, 0, -1, 2, 1, 0, 0, 0, 17 ]
[ 17, 0, 0, 2, 1, 0, -1, 0, 1 ]
[ 1, 9, 0, 0, 17, 0, 0, -8, 1 ]
[ 2, 1, 0, 1, 1, 1, 0, 0, 17 ]
[ 2, 1, 0, 1, 9, 0, 1, 1, 1 ]
[ 1, 9, 0, 0, 1, 2, 0, 0, 17 ]
[ -1, -9, 0, 0, -8, 1, 0, 1, 2 ]
[ 0, -1, -2, 1, 9, 0, 0, 0, 17 ]
[ 1, 1, 1, 0, 1, 2, 0, 0, 17 ]
[ 1, 1, 1, 1, 9, 0, 0, 1, 2 ]
[ 1, 0, -1, 3, 1, 0, 0, 0, 17 ]
[ 17, 0, 0, 3, 1, 0, -1, 0, 1 ]
[ 1, 6, 0, 0, 17, 0, 0, 6, 1 ]
[ 3, 1, 0, -1, 0, 1, 0, 0, 17 ]
[ 3, 1, 0, 1, 6, 0, -1, 0, 1 ]
[ 1, 6, 0, 0, 1, 3, 0, 0, 17 ]
[ 1, 6, 0, 0, 6, 1, 0, 1, 3 ]
[ 0, -1, -3, 1, 6, 0, 0, 0, 17 ]
[ 1, 0, -1, 0, 1, 3, 0, 0, 17 ]
[ 1, 0, -1, 1, 6, 0, 0, 1, 3 ]
[ 1, 0, -1, 4, 1, 0, 0, 0, 17 ]
[ 17, 0, 0, 4, 1, 0, -1, 0, 1 ]
[ 1, -4, 0, 0, 17, 0, 0, -4, 1 ]
[ 4, 1, 0, -1, 0, 1, 0, 0, 17 ]
[ 4, 1, 0, -1, 4, 0, -1, 0, 1 ]
[ 1, -4, 0, 0, 1, 4, 0, 0, 17 ]
[ -1, 4, 0, 0, -4, 1, 0, 1, 4 ]
[ 0, 1, 4, -1, 4, 0, 0, 0, 17 ]
[ 1, 0, -1, 0, 1, 4, 0, 0, 17 ]
[ 1, 0, -1, -1, 4, 0, 0, 1, 4 ]
[ 1, 0, -1, 5, 1, 0, 0, 0, 17 ]
[ 17, 0, 0, 5, 1, 0, -1, 0, 1 ]
[ 5, 1, 0, -1, 0, 1, 0, 0, 17 ]
[ 5, 1, 0, -2, 3, 0, -1, 0, 1 ]
[ 1, -10, 0, 0, 17, 0, 0, 7, 1 ]
[ 2, -3, 0, -1, 10, 0, 1, -3, 1 ]
[ 1, -1, -6, -2, 3, 0, 0, 0, 17 ]
[ 1, 0, -1, -1, 1, 6, 0, 0, 17 ]
[ 1, 0, -1, -2, 3, 0, -1, 1, 6 ]
[ 1, -10, 0, 0, 7, 1, 0, -3, 2 ]
[ 1, -3, 1, -1, 10, 0, 0, -3, 2 ]
[ -1, 2, -6, 1, -3, 1, 0, 0, 17 ]
[ -2, 3, 0, 1, -2, 6, 0, 0, 17 ]
[ -2, 3, 0, 1, -3, 1, 1, -2, 6 ]
[ 1, -10, 0, 0, 1, 5, 0, 0, 17 ]
[ -1, 10, 0, 0, -3, 2, 0, 1, 5 ]
[ 0, 1, 5, -1, 10, 0, 0, 0, 17 ]
[ 0, 3, -2, -1, 10, 0, 0, 1, 5 ]
[ 1, -3, 1, 0, 1, 5, 0, 0, 17 ]
[ -1, 3, -1, 0, -3, 2, 0, 1, 5 ]
[ 1, 0, -1, 6, 1, 0, 0, 0, 17 ]
[ 17, 0, 0, 6, 1, 0, -1, 0, 1 ]
[ 1, 3, 0, 0, 17, 0, 0, 3, 1 ]
[ 6, 1, 0, -1, 0, 1, 0, 0, 17 ]
[ 6, 1, 0, 1, 3, 0, -1, 0, 1 ]
[ 1, 3, 0, 0, 1, 6, 0, 0, 17 ]
[ 1, 3, 0, 0, 3, 1, 0, 1, 6 ]
[ 0, -1, -6, 1, 3, 0, 0, 0, 17 ]
[ 1, 0, -1, 0, 1, 6, 0, 0, 17 ]
[ 1, 0, -1, 1, 3, 0, 0, 1, 6 ]
[ 1, 0, -1, 7, 1, 0, 0, 0, 17 ]
[ 17, 0, 0, 7, 1, 0, -1, 0, 1 ]
[ 7, 1, 0, -1, 0, 1, 0, 0, 17 ]
[ 7, 1, 0, -3, 2, 0, -1, 0, 1 ]
[ 1, 5, 0, 0, 17, 0, 0, 5, 1 ]
[ 3, -2, 0, 1, 5, 0, -1, 0, 1 ]
[ 2, -1, -9, -3, 2, 0, 0, 0, 17 ]
[ 1, 0, -1, -2, 1, 9, 0, 0, 17 ]
[ 1, 0, -1, -3, 2, 0, -2, 1, 9 ]
[ 1, 5, 0, 0, 5, 1, 0, -2, 3 ]
[ 1, 0, -1, 1, 5, 0, 0, -2, 3 ]
[ -2, 1, 9, -1, 0, 1, 0, 0, 17 ]
[ -3, 2, 0, -2, 1, 9, 0, 0, 17 ]
[ -3, 2, 0, -1, 0, 1, -2, 1, 9 ]
[ -1, -5, 0, 0, -1, 10, 0, 0, 17 ]
[ -1, -5, 0, 0, -2, 3, 0, -1, 10 ]
[ 0, -1, 10, 1, 5, 0, 0, 0, 17 ]
[ 0, -2, 3, 1, 5, 0, 0, -1, 10 ]
[ -1, 0, 1, 0, -1, 10, 0, 0, 17 ]
[ -1, 0, 1, 0, -2, 3, 0, -1, 10 ]
[ 1, 0, -1, 8, 1, 0, 0, 0, 17 ]
[ 17, 0, 0, 8, 1, 0, -1, 0, 1 ]
[ 1, -2, 0, 0, 17, 0, 0, -2, 1 ]
[ 8, 1, 0, -1, 0, 1, 0, 0, 17 ]
[ 8, 1, 0, -1, 2, 0, -1, 0, 1 ]
[ -1, 2, 0, 0, -1, 9, 0, 0, 17 ]
[ -1, 2, 0, 0, -2, 1, 0, -1, 9 ]
[ 1, -1, -9, -1, 2, 0, 0, 0, 17 ]
[ 1, 0, -1, -1, 1, 9, 0, 0, 17 ]
[ 1, 0, -1, -1, 2, 0, -1, 1, 9 ]
[ 1, 0, -1, -8, 1, 0, 0, 0, 17 ]
[ 17, 0, 0, -8, 1, 0, -1, 0, 1 ]
[ 1, 2, 0, 0, 17, 0, 0, 2, 1 ]
[ -8, 1, 0, -1, 0, 1, 0, 0, 17 ]
[ 8, -1, 0, 1, 2, 0, -1, 0, 1 ]
[ 1, 2, 0, 0, 1, 9, 0, 0, 17 ]
[ 1, 2, 0, 0, 2, 1, 0, 1, 9 ]
[ 0, -1, -9, 1, 2, 0, 0, 0, 17 ]
[ 1, 0, -1, 0, 1, 9, 0, 0, 17 ]
[ 1, 0, -1, 1, 2, 0, 0, 1, 9 ]
[ 1, 0, -1, -7, 1, 0, 0, 0, 17 ]
[ 17, 0, 0, -7, 1, 0, -1, 0, 1 ]
[ -7, 1, 0, -1, 0, 1, 0, 0, 17 ]
[ 7, -1, 0, 3, 2, 0, -1, 0, 1 ]
[ 1, -5, 0, 0, 17, 0, 0, -5, 1 ]
[ 3, 2, 0, -1, 5, 0, -1, 0, 1 ]
[ -1, -1, -9, 3, 2, 0, 0, 0, 17 ]
[ 1, 0, -1, 1, 1, 9, 0, 0, 17 ]
[ 1, 0, -1, 3, 2, 0, 1, 1, 9 ]
[ -1, 5, 0, 0, -5, 1, 0, 2, 3 ]
[ 1, 0, -1, -1, 5, 0, 0, 2, 3 ]
[ 1, 1, 9, -1, 0, 1, 0, 0, 17 ]
[ 3, 2, 0, 1, 1, 9, 0, 0, 17 ]
[ 3, 2, 0, -1, 0, 1, 1, 1, 9 ]
[ 1, -5, 0, 0, 1, 10, 0, 0, 17 ]
[ 1, -5, 0, 0, 2, 3, 0, 1, 10 ]
[ 0, 1, 10, -1, 5, 0, 0, 0, 17 ]
[ 0, 2, 3, -1, 5, 0, 0, 1, 10 ]
[ 1, 0, -1, 0, 1, 10, 0, 0, 17 ]
[ 1, 0, -1, 0, 2, 3, 0, 1, 10 ]
[ 1, 0, -1, -6, 1, 0, 0, 0, 17 ]
[ 17, 0, 0, -6, 1, 0, -1, 0, 1 ]
[ 1, -3, 0, 0, 17, 0, 0, -3, 1 ]
[ -6, 1, 0, -1, 0, 1, 0, 0, 17 ]
[ 6, -1, 0, -1, 3, 0, -1, 0, 1 ]
[ -1, 3, 0, 0, -1, 6, 0, 0, 17 ]
[ -1, 3, 0, 0, -3, 1, 0, -1, 6 ]
[ 0, 1, -6, -1, 3, 0, 0, 0, 17 ]
[ -1, 0, 1, 0, -1, 6, 0, 0, 17 ]
[ 1, 0, -1, -1, 3, 0, 0, -1, 6 ]
[ 1, 0, -1, -5, 1, 0, 0, 0, 17 ]
[ 17, 0, 0, -5, 1, 0, -1, 0, 1 ]
[ -5, 1, 0, -1, 0, 1, 0, 0, 17 ]
[ 5, -1, 0, 2, 3, 0, -1, 0, 1 ]
[ 1, 10, 0, 0, 17, 0, 0, -7, 1 ]
[ 2, 3, 0, 1, 10, 0, 1, 3, 1 ]
[ 1, 1, -6, 2, 3, 0, 0, 0, 17 ]
[ -1, 0, 1, -1, -1, 6, 0, 0, 17 ]
[ 1, 0, -1, 2, 3, 0, -1, -1, 6 ]
[ -1, -10, 0, 0, -7, 1, 0, 3, 2 ]
[ 1, 3, 1, 1, 10, 0, 0, 3, 2 ]
[ 1, 2, 6, 1, 3, 1, 0, 0, 17 ]
[ 2, 3, 0, 1, 2, 6, 0, 0, 17 ]
[ 2, 3, 0, 1, 3, 1, 1, 2, 6 ]
[ -1, -10, 0, 0, -1, 5, 0, 0, 17 ]
[ 1, 10, 0, 0, 3, 2, 0, -1, 5 ]
[ 0, -1, 5, 1, 10, 0, 0, 0, 17 ]
[ 0, -3, -2, 1, 10, 0, 0, -1, 5 ]
[ -1, -3, -1, 0, -1, 5, 0, 0, 17 ]
[ 1, 3, 1, 0, 3, 2, 0, -1, 5 ]
[ 1, 0, -1, -4, 1, 0, 0, 0, 17 ]
[ 17, 0, 0, -4, 1, 0, -1, 0, 1 ]
[ 1, 4, 0, 0, 17, 0, 0, 4, 1 ]
[ -4, 1, 0, -1, 0, 1, 0, 0, 17 ]
[ 4, -1, 0, 1, 4, 0, -1, 0, 1 ]
[ -1, -4, 0, 0, -1, 4, 0, 0, 17 ]
[ 1, 4, 0, 0, 4, 1, 0, -1, 4 ]
[ 0, -1, 4, 1, 4, 0, 0, 0, 17 ]
[ -1, 0, 1, 0, -1, 4, 0, 0, 17 ]
[ 1, 0, -1, 1, 4, 0, 0, -1, 4 ]
[ 1, 0, -1, -3, 1, 0, 0, 0, 17 ]
[ 17, 0, 0, -3, 1, 0, -1, 0, 1 ]
[ 1, -6, 0, 0, 17, 0, 0, -6, 1 ]
[ -3, 1, 0, -1, 0, 1, 0, 0, 17 ]
[ 3, -1, 0, -1, 6, 0, -1, 0, 1 ]
[ -1, 6, 0, 0, -1, 3, 0, 0, 17 ]
[ -1, 6, 0, 0, -6, 1, 0, -1, 3 ]
[ 0, 1, -3, -1, 6, 0, 0, 0, 17 ]
[ -1, 0, 1, 0, -1, 3, 0, 0, 17 ]
[ 1, 0, -1, -1, 6, 0, 0, -1, 3 ]
[ 1, 0, -1, -2, 1, 0, 0, 0, 17 ]
[ 17, 0, 0, -2, 1, 0, -1, 0, 1 ]
[ 1, -9, 0, 0, 17, 0, 0, 8, 1 ]
[ -2, 1, 0, 1, -1, 1, 0, 0, 17 ]
[ 2, -1, 0, -1, 9, 0, 1, -1, 1 ]
[ -1, 9, 0, 0, -1, 2, 0, 0, 17 ]
[ 1, -9, 0, 0, 8, 1, 0, -1, 2 ]
[ 0, 1, -2, -1, 9, 0, 0, 0, 17 ]
[ -1, 1, -1, 0, -1, 2, 0, 0, 17 ]
[ 1, -1, 1, -1, 9, 0, 0, -1, 2 ]
[ -1, 1, 0, 0, -1, 1, 0, 0, 17 ]
[ 1, -1, 0, 0, 17, 0, 0, -1, 1 ]
[ 1, 0, -1, -1, 1, 0, 0, 0, 17 ]
[ 17, 0, 0, -1, 1, 0, -1, 0, 1 ]
[ 1, 0, 0, 0, 17, 0, 0, 0, 1 ]
[ 1, 1, 0, 0, 17, 0, 0, 0, 1 ]
[ 17, 0, 0, 1, 1, 0, 0, 0, 1 ]
[ 17, 0, 0, -8, 1, 0, 0, 0, 1 ]
[ 1, 2, 0, 0, 17, 0, 0, 0, 1 ]
[ 8, -1, 0, 1, 2, 0, 0, 0, 1 ]
[ 17, 0, 0, 6, 1, 0, 0, 0, 1 ]
[ 1, 3, 0, 0, 17, 0, 0, 0, 1 ]
[ 6, 1, 0, 1, 3, 0, 0, 0, 1 ]
[ 17, 0, 0, -4, 1, 0, 0, 0, 1 ]
[ 1, 4, 0, 0, 17, 0, 0, 0, 1 ]
[ 4, -1, 0, 1, 4, 0, 0, 0, 1 ]
[ 17, 0, 0, 7, 1, 0, 0, 0, 1 ]
[ 7, 1, 0, -3, 2, 0, 0, 0, 1 ]
[ 1, 5, 0, 0, 17, 0, 0, 0, 1 ]
[ 3, -2, 0, 1, 5, 0, 0, 0, 1 ]
[ 17, 0, 0, 3, 1, 0, 0, 0, 1 ]
[ 1, 6, 0, 0, 17, 0, 0, 0, 1 ]
[ 3, 1, 0, 1, 6, 0, 0, 0, 1 ]
[ 17, 0, 0, 5, 1, 0, 0, 0, 1 ]
[ 5, 1, 0, -2, 3, 0, 0, 0, 1 ]
[ 1, -10, 0, 0, 17, 0, 0, 0, 1 ]
[ 2, -3, 0, -1, 10, 0, 0, 0, 1 ]
[ 17, 0, 0, -2, 1, 0, 0, 0, 1 ]
[ 1, -9, 0, 0, 17, 0, 0, 0, 1 ]
[ 2, -1, 0, -1, 9, 0, 0, 0, 1 ]
[ 17, 0, 0, 2, 1, 0, 0, 0, 1 ]
[ 1, 9, 0, 0, 17, 0, 0, 0, 1 ]
[ 2, 1, 0, 1, 9, 0, 0, 0, 1 ]
[ 17, 0, 0, -5, 1, 0, 0, 0, 1 ]
[ 5, -1, 0, 2, 3, 0, 0, 0, 1 ]
[ 1, 10, 0, 0, 17, 0, 0, 0, 1 ]
[ 2, 3, 0, 1, 10, 0, 0, 0, 1 ]
[ 17, 0, 0, -3, 1, 0, 0, 0, 1 ]
[ 1, -6, 0, 0, 17, 0, 0, 0, 1 ]
[ 3, -1, 0, -1, 6, 0, 0, 0, 1 ]
[ 17, 0, 0, -7, 1, 0, 0, 0, 1 ]
[ 7, -1, 0, 3, 2, 0, 0, 0, 1 ]
[ 1, -5, 0, 0, 17, 0, 0, 0, 1 ]
[ 3, 2, 0, -1, 5, 0, 0, 0, 1 ]
[ 17, 0, 0, 4, 1, 0, 0, 0, 1 ]
[ 1, -4, 0, 0, 17, 0, 0, 0, 1 ]
[ 4, 1, 0, -1, 4, 0, 0, 0, 1 ]
[ 17, 0, 0, -6, 1, 0, 0, 0, 1 ]
[ 1, -3, 0, 0, 17, 0, 0, 0, 1 ]
[ 6, -1, 0, -1, 3, 0, 0, 0, 1 ]
[ 17, 0, 0, 8, 1, 0, 0, 0, 1 ]
[ 1, -2, 0, 0, 17, 0, 0, 0, 1 ]
[ 8, 1, 0, -1, 2, 0, 0, 0, 1 ]
[ 1, -1, 0, 0, 17, 0, 0, 0, 1 ]
[ 17, 0, 0, -1, 1, 0, 0, 0, 1 ]
[ 17, 0, 0, 0, 1, 0, 0, 0, 1 ]
